dataset,obj_id,lat,lon
NYC,4216956,40.722927116129036,-73.9882908701613
NYC,4216956,40.72367101492538,-73.99086557611939
NYC,4216956,40.72302225409357,-73.99483143888888
NYC,4216956,40.726800884883716,-74.00293625581394
NYC,4216956,40.72735314545456,-74.00330656363634
NYC,4272243,40.761526413043484,-73.96673423804349
NYC,4344977,40.75822516732677,-73.9920770490099
NYC,4344977,40.75831589305555,-73.99246640833333
NYC,4344977,40.75821669392857,-73.99300761821443
NYC,4344977,40.750969721875,-73.99806274270834
NYC,4344977,40.74758825293255,-74.00048405410558
NYC,4350946,40.762506998214285,-73.97820065357142
NYC,4350946,40.76291418727271,-73.9745247818182
NYC,4350946,40.76232872711864,-73.97314252033897
NYC,4350946,40.75946415076922,-73.96547371538463
NYC,4350946,40.7591675737705,-73.96479210491802
NYC,4351935,40.71779380273971,-73.99283187534246
NYC,4351935,40.717550378260874,-73.99205076304348
NYC,4351935,40.714783823780486,-73.99153871707317
NYC,4351935,40.71409428173076,-73.99728151153845
NYC,4351935,40.715141279166666,-74.00170769374999
NYC,4352377,40.71873180588235,-73.98864833823531
NYC,4352377,40.719943173333334,-73.99246548222222
NYC,4352377,40.72006098139536,-74.00142547441858
NYC,4352377,40.72020895301204,-74.00225986746992
NYC,4358853,40.75533509256198,-73.97100919752069
NYC,4358853,40.75530286767676,-73.97123636144781
NYC,4358853,40.7562008775862,-73.97049982155173
NYC,4359232,40.72192769487179,-73.98512821538463
NYC,4359232,40.72672717884616,-73.98327926923075
NYC,4370045,40.74575253333334,-74.00566396923077
NYC,4370045,40.746772239240514,-74.00765406297467
NYC,4370045,40.74537849464286,-73.99873096607143
NYC,4389353,40.72034884468085,-73.99384031276595
NYC,4389353,40.71862796285714,-73.99482403428573
NYC,4389353,40.71631339705883,-74.00253650588232
NYC,4389353,40.700092927777774,-73.98635042916666
NYC,4389414,40.72495800882353,-73.99541305588234
NYC,4389414,40.72501731489362,-73.99506666595744
NYC,4389414,40.72415467358491,-73.99287938113208
NYC,4389414,40.722536424999994,-73.99323161818178
NYC,4389414,40.7179533711111,-73.98676463777775
NYC,4392729,40.763722932203386,-73.97170791694914
NYC,4392729,40.77337055000002,-73.95526647962961
NYC,4392729,40.77144368196722,-73.95064855081965
NYC,4393045,40.72106635192309,-74.00397786201923
NYC,4393045,40.721532950741846,-74.00447228961423
NYC,4393045,40.71638721754386,-73.99653560877191
NYC,4440451,40.71948625740739,-74.00205609259258
NYC,4440451,40.71683964298245,-73.99783941491228
NYC,4443744,40.782537795762714,-73.9438163677966
NYC,4443744,40.78413062941176,-73.94677471176472
NYC,4443744,40.78510216041666,-73.94908867291666
NYC,4443744,40.78787445833334,-73.95375733541663
NYC,4443744,40.788513368085106,-73.95509747021278
NYC,4443744,40.79468728275862,-73.96966547413795
NYC,4448887,40.73111291025641,-73.99000799743591
NYC,4448887,40.7308380625,-73.98933018203125
NYC,4448887,40.729942542647045,-73.9871512485294
NYC,4448887,40.728042811475405,-73.98266076967212
NYC,4448887,40.72694322083334,-73.98002126250003
NYC,4448887,40.724937709433966,-73.97537889433961
NYC,4469551,40.75045039375,-73.99844831249999
NYC,4469551,40.741719061538475,-74.00469843076925
NYC,4469551,40.73416819594595,-74.00368927432433
NYC,4472905,40.71797007027027,-73.9934767412162
NYC,4472905,40.718632908074525,-73.99188997018635
NYC,4472905,40.723625580681826,-73.9927768375
NYC,4473229,40.70772546981132,-73.96114159622641
NYC,4473229,40.70715424833334,-73.96126258333332
NYC,4473229,40.70056129299999,-73.954142458
NYC,4473229,40.68944679921875,-73.94238816874999
NYC,4481970,40.725750354210525,-73.99200700526316
NYC,4481970,40.726871915094335,-73.99157707924529
NYC,4487550,40.735313312,-73.99200837199996
NYC,4487550,40.73026364615386,-73.98943747435898
NYC,4487550,40.724031963095236,-73.98815710833333
NYC,4487946,40.727176292132484,-73.99272837722563
NYC,4504164,40.717937611764704,-73.98554525490194
NYC,4504164,40.719531645454545,-73.98646462545454
NYC,4504164,40.719781095774664,-73.98723797887324
NYC,4504164,40.71937094999999,-73.98780371052631
NYC,4504164,40.71874898428572,-73.98810999857142
NYC,4527487,40.73603273375001,-74.00949362124997
NYC,4527487,40.73622430274725,-74.0091260324176
NYC,4527487,40.73621222326389,-74.00852358715277
NYC,4527487,40.73635598421053,-74.00750225000002
NYC,4527487,40.73637311,-74.00706829999999
NYC,4544584,40.73242264117647,-73.97435100882353
NYC,4544584,40.73487065999999,-73.97959257666666
NYC,4544584,40.73867762631579,-73.98706575000003
NYC,4547202,40.771541037037046,-73.98104891481482
NYC,4547202,40.7717380485294,-73.98074383137255
NYC,4547202,40.769101096296296,-73.98228012037038
NYC,4547202,40.768713183,-73.98766560399997
NYC,4559519,40.77766419779411,-73.98141328823533
NYC,4559519,40.77775747333333,-73.98183318444445
NYC,4559519,40.77858865444962,-73.98346086077285
NYC,4559519,40.7781327288889,-73.98213787111108
NYC,4559519,40.776492515625,-73.98221591041668
NYC,4575701,40.77155845581396,-73.95068454069768
NYC,4579744,40.71514316153846,-73.99278644692308
NYC,4579744,40.716131197468364,-73.98941802911392
NYC,4579744,40.71832032786885,-73.98827355409836
NYC,4579744,40.72090054871794,-73.98696846923077
NYC,4579744,40.72269332280701,-73.98597273333336
NYC,4605892,40.76259447149121,-73.99687707499997
NYC,4605892,40.762000457640724,-73.99729263471848
NYC,4605892,40.761592183333335,-73.9977283861111
NYC,4668185,40.72769114390243,-74.0033597609756
NYC,4668185,40.72729044183674,-74.00081717142858
NYC,4668185,40.72416386145833,-73.99285081354166
NYC,4668185,40.722912959999995,-73.98899002500002
NYC,4668185,40.72058637714285,-73.98982542857141
NYC,4668185,40.717533408333324,-73.99138363888888
NYC,4705097,40.749970667272706,-73.98814371272726
NYC,4705097,40.74957712439024,-73.98752937560975
NYC,4705097,40.754927854411754,-73.98819264558817
NYC,4705097,40.754317324999995,-73.99280962727273
NYC,4724133,40.71385200454545,-73.99322823863635
NYC,4724133,40.71431351666667,-73.99016197291667
NYC,4724133,40.71544688787879,-73.98978004848483
NYC,4724133,40.71835671549295,-73.9882636056338
NYC,4749525,40.725353427972024,-73.98401660244754
NYC,4749525,40.726855501102946,-73.98367509375001
NYC,4754626,40.752715370270266,-73.99660507297297
NYC,4754626,40.75239885348838,-73.99706221860467
NYC,4754626,40.742389512442415,-74.00060913041473
NYC,4754626,40.74322184710146,-74.00002829299517
NYC,4754956,40.722568227717396,-73.98895733152173
NYC,4754956,40.71849156395349,-73.99085231744188
NYC,4754956,40.7144945375,-73.99283827946428
NYC,4754956,40.7075805837838,-74.00395723783784
NYC,4775763,40.77267436505375,-73.99233995602151
NYC,4775763,40.76838073928572,-73.99240891517856
NYC,4775763,40.767308057142856,-73.99030106857143
NYC,4775763,40.76610063035714,-73.98734996071427
NYC,4775763,40.76439899142857,-73.98334012571428
NYC,4785421,40.726572483870974,-73.9832120064516
NYC,4785421,40.72438200447761,-73.98297522462686
NYC,4785421,40.72817350289018,-73.984798816763
NYC,4785421,40.728738259523816,-73.98786671071427
NYC,4789937,40.75329345454545,-73.97996096969696
NYC,4789937,40.75013668113207,-73.97294435094341
NYC,4789937,40.745516099999996,-73.97072100000001
NYC,4789937,40.74518678125,-73.97462100937499
NYC,4792515,40.7578943122449,-73.9893263142857
NYC,4792515,40.75850091858975,-73.99012013333332
NYC,4792515,40.75887909191919,-73.99158579191918
NYC,4792515,40.75906077898551,-73.99209264347832
NYC,4792515,40.75853397642856,-73.99249881071431
NYC,4792515,40.758060348571426,-73.99284140571429
NYC,4811115,40.71691519416666,-73.998140735
NYC,4811115,40.6964418323077,-73.98481341230769
NYC,4811115,40.694351511428565,-73.98371979714285
NYC,4824328,40.76260672634729,-73.9834015287425
NYC,4824328,40.76094947428571,-73.98430553809523
NYC,4824328,40.76115839016392,-73.98526675245901
NYC,4861227,40.72245421578948,-73.98731825263158
NYC,4861227,40.72225791410257,-73.98676922916668
NYC,4861227,40.71905574339622,-73.98798444339621
NYC,4861227,40.71948160520833,-73.99103714479166
NYC,4861227,40.719916882812484,-73.99247159531252
NYC,4861227,40.72028592592593,-73.99368956666666
NYC,4861687,40.722210116923065,-73.98613578384614
NYC,4861687,40.72286470362318,-73.98824043913046
NYC,4861687,40.724083042187516,-73.99238793124998
NYC,4861687,40.720529233,-73.99377795599999
NYC,4861687,40.720755849999996,-73.99753105909092
NYC,4861687,40.72126202941176,-73.99871880882353
NYC,4861687,40.721595300000004,-73.99934207399997
NYC,4862222,40.69642414726027,-73.98877873972604
NYC,4862222,40.69609142592593,-73.98731586481482
NYC,4862222,40.69599932456141,-73.98486862368422
NYC,4862380,40.72762660104165,-73.99403495937499
NYC,4862380,40.72462775,-73.99847023809524
NYC,4865550,40.75841406938776,-73.99661601836732
NYC,4865550,40.758451580952375,-73.99283696904763
NYC,4865550,40.75603651320756,-73.98714205094339
NYC,4865550,40.75488734772727,-73.98431921590908
NYC,4865550,40.74502714027776,-73.97164514166666
NYC,4865558,40.760237184375,-73.96172220937498
NYC,4865558,40.75069452058824,-73.97444582058826
NYC,4865558,40.75302998048782,-73.97887989512195
NYC,4865558,40.754772071794875,-73.98398168717947
NYC,4912927,40.78002017777778,-73.94712504722223
NYC,4915833,40.741796646590906,-73.98900611022728
NYC,4915833,40.73800831014493,-73.98123334057969
NYC,4915833,40.732975394871794,-73.97452997435896
NYC,4940890,40.741983295833336,-73.99647009687503
NYC,4940890,40.74126746666666,-73.99440487894738
NYC,5244934,40.76238344878048,-73.99803805365852
NYC,5244934,40.76025444500001,-73.99292378
NYC,5244934,40.75995417266665,-73.99234880333331
NYC,5244934,40.75980287159092,-73.99203780681817
NYC,5244934,40.759681163636365,-73.99157893896101
NYC,5244934,40.75949482195122,-73.9913427902439
NYC,5351422,40.73243963484848,-74.00348060909093
NYC,5351422,40.730880286363636,-74.0043024981818
NYC,5351422,40.72931665652174,-74.00518907608694
NYC,5477477,40.70993899767442,-73.99145585930233
NYC,5477477,40.712974512244905,-73.992375222449
NYC,5499001,40.75173754999999,-73.96757835263158
NYC,5503058,40.742652844067806,-73.97849926271188
NYC,5503058,40.74751396774194,-73.97097766451613
NYC,5503058,40.74832390909092,-73.97453081515155
NYC,5503058,40.74847714761904,-73.97494521190474
NYC,5503058,40.74887172249999,-73.9747486175
NYC,5503168,40.7569627,-73.97429337
NYC,5503168,40.75328582350949,-73.97760095501356
NYC,5503168,40.75297929407407,-73.9774664785185
NYC,5503168,40.75304294259258,-73.97815150462961
NYC,5503168,40.75359000379746,-73.97955138607595
NYC,5503359,40.75968625131577,-73.98264658421049
NYC,5503359,40.76006600875,-73.98344939625
NYC,5503359,40.76090195588233,-73.98498334852941
NYC,5503359,40.76107049333332,-73.98542527333332
NYC,5503359,40.76140702542372,-73.9860435898305
NYC,5503359,40.76148476972791,-73.99050772585034
NYC,5540718,40.73898167105264,-74.00319384210529
NYC,5540718,40.73963552321429,-74.00251156964286
NYC,5540718,40.735180462264154,-74.00191914528301
NYC,5540718,40.73444867428572,-74.00234626142856
NYC,5540718,40.73338734693878,-74.00291951020408
NYC,5540718,40.728828117968746,-74.00516662968752
NYC,5540722,40.707983974358974,-73.99117136923077
NYC,5540722,40.69682571568627,-73.98501716470588
NYC,5540722,40.694961727659575,-73.98410727021275
NYC,5540722,40.69217927424349,-73.98264529957777
NYC,5540722,40.69151561518987,-73.98227098734175
NYC,5540733,40.7502804902439,-73.9887819390244
NYC,5540733,40.744990751351345,-73.97616466216215
NYC,5540733,40.74198620479453,-73.97884835821915
NYC,5540847,40.72375824999999,-74.00358265714287
NYC,5540847,40.723905844295295,-74.00389815033559
NYC,5540847,40.72560976012659,-74.00394068417722
NYC,5540847,40.73467892499999,-73.99874214807691
NYC,5540847,40.73197423541668,-73.991712728125
NYC,5540847,40.73143039903846,-73.99070997692307
NYC,5547018,40.739607620909084,-74.00988472909091
NYC,5547018,40.729315676000006,-74.01077375700001
NYC,5547018,40.72249701875,-74.01181013541667
NYC,5547018,40.7161981216981,-74.0131770981132
NYC,5547018,40.71044570181819,-74.01494774545455
NYC,5565253,40.74506923877551,-73.99572610408164
NYC,5565253,40.74005299375001,-73.99546515312498
NYC,5565253,40.7386831131579,-73.9923482006579
NYC,5565253,40.73856812875,-73.99204363125
NYC,5565253,40.73900166041666,-73.99457964583333
NYC,5615881,40.71491368018867,-73.98710398584906
NYC,5615881,40.715728535384606,-73.98683129692311
NYC,5615881,40.70967018181818,-73.9614694818182
NYC,5615881,40.71034748437499,-73.96371101874996
NYC,5615881,40.71203781519608,-73.96281539558824
NYC,5615881,40.71236877454545,-73.96209573272726
NYC,5615968,40.76324496363635,-73.99963799772729
NYC,5615968,40.759368327777764,-74.00333936666667
NYC,5615968,40.750764044,-74.00841099800003
NYC,5615968,40.747499237735845,-74.00798616226416
NYC,5615968,40.74482378095237,-74.00843177619046
NYC,5615986,40.75678788469387,-73.99732140714286
NYC,5615986,40.75785356538462,-73.99512687461541
NYC,5615986,40.75715003437503,-73.99364459895834
NYC,5615986,40.75606028333332,-73.99093290000002
NYC,5615988,40.73957120333333,-73.98704776666665
NYC,5615988,40.739757401724134,-73.98559921206893
NYC,5615988,40.73846382545453,-73.9823552981818
NYC,5615988,40.738106978571444,-73.98174736714286
NYC,5615988,40.73557436666667,-73.9755583375
NYC,5616015,40.7191691969697,-73.97609953939393
NYC,5633515,40.755707887804874,-73.97513845609755
NYC,5633515,40.75633410869565,-73.97451146086956
NYC,5633515,40.75950293500001,-73.97203674699999
NYC,5633515,40.76548896285715,-73.9680829657143
NYC,5633515,40.76512925749999,-73.96842689500002
NYC,5692189,40.803936294964025,-73.9659705820144
NYC,5692189,40.8092519923913,-73.95890891693371
NYC,5692189,40.80871748333335,-73.95772906944441
NYC,5692189,40.81117194878049,-73.95785068780488
NYC,5692189,40.82386166944445,-73.94855770555553
NYC,5705278,40.78815798857143,-73.9543325542857
NYC,5705278,40.792189178125,-73.96392207604167
NYC,5705278,40.789401125,-73.9664815475
NYC,5705278,40.78740708478261,-73.96788836521736
NYC,5705278,40.78553776699999,-73.96927316799997
NYC,5705278,40.78368387560975,-73.97065286585365
NYC,5705278,40.78248028833333,-73.97157762083334
NYC,5705752,40.720515540625,-74.006892521875
NYC,5705752,40.715666572500005,-74.00177355499999
NYC,5705752,40.71799773320612,-74.00319325458013
NYC,5705752,40.718761724444434,-74.00474836222224
NYC,5706077,40.7138362245614,-74.0055107701754
NYC,5706077,40.71466361929825,-74.00727411578947
NYC,5706077,40.71619300188679,-74.01081301509431
NYC,5706077,40.72498266811594,-74.01108797101446
NYC,5706077,40.737020834210526,-74.00983071842106
NYC,5706137,40.76497118070174,-73.98871372894737
NYC,5706137,40.76380072749999,-73.98580299999999
NYC,5706137,40.76347708131869,-73.98514571758243
NYC,5706137,40.76325316097561,-73.98460296341464
NYC,5706137,40.76315161602565,-73.98435079615386
NYC,5706137,40.76297566792453,-73.98381313207547
NYC,5706137,40.762990123312896,-73.98331106932514
NYC,5715345,40.80920456487604,-73.95892882231405
NYC,5715345,40.811697651428574,-73.95749216000002
NYC,5715345,40.823254717647075,-73.94900373529411
NYC,5771585,40.769695941549244,-73.96050103802817
NYC,5771585,40.77122575785714,-73.96379407285713
NYC,5771585,40.77677316951219,-73.96163458780488
NYC,5771585,40.77799318647059,-73.96170810882352
NYC,5771585,40.775209921052635,-73.96503723245614
NYC,5771621,40.75981192033897,-73.97648508474578
NYC,5771621,40.759244441666674,-73.97614166944446
NYC,5771621,40.75851075735293,-73.97401444338234
NYC,5771621,40.75569133827162,-73.97547290246912
NYC,5771621,40.7548129423077,-73.97764637211539
NYC,5772092,40.73728922777778,-73.98158854374998
NYC,5772092,40.73636145526316,-73.97938521842104
NYC,5772092,40.736515803030294,-73.97881884242425
NYC,5772092,40.73641254719102,-73.97762104662921
NYC,5772092,40.73636243812616,-73.97773445185527
NYC,5772092,40.73678427413794,-73.97829235344828
NYC,5772092,40.73928023272728,-73.97675959454547
NYC,5772102,40.76806923404255,-73.95865417765955
NYC,5772102,40.76484697666665,-73.961282288
NYC,5772102,40.76417624821429,-73.96182965357146
NYC,5772102,40.76326739393939,-73.96244650454544
NYC,5772192,40.74749244871794,-73.97622995384617
NYC,5772192,40.75042677615386,-73.97448080076926
NYC,5772192,40.75118282083333,-73.97476970277778
NYC,5772192,40.751490162195125,-73.97513230121952
NYC,5772192,40.75166701488216,-73.97552991804714
NYC,5772192,40.75281339433963,-73.97826432830189
NYC,5874746,40.736170777333335,-74.00817892200001
NYC,5874746,40.73642361983471,-74.00687455247933
NYC,5874746,40.737064686111104,-74.00221523333332
NYC,5874746,40.7358836642857,-74.00184494523808
NYC,5874746,40.73518928936169,-74.00193033404256
NYC,5874746,40.726532886363636,-74.00563132727272
NYC,5874767,40.75354605517242,-73.9855932362069
NYC,5874767,40.75365910444444,-73.98505168
NYC,5874767,40.753933455999984,-73.98490984133335
NYC,5874767,40.75565354166666,-73.98835305925925
NYC,5874767,40.7561854233431,-73.99043305270912
NYC,5874767,40.756123389720415,-73.99045426164678
NYC,5874767,40.756345141772194,-73.9907602227848
NYC,5874769,40.75647627763889,-73.99071560444445
NYC,5874769,40.75760213866666,-73.992298532
NYC,5874769,40.75539103829787,-73.99479774893616
NYC,5874769,40.75387668965518,-73.99379364655172
NYC,5874769,40.753349190909084,-73.99267058636364
NYC,5874769,40.753207850793636,-73.99201052698412
NYC,5874787,40.76117995185185,-73.98290862037034
NYC,5874787,40.7603358460145,-73.98302170471008
NYC,5874787,40.76012666496813,-73.98469038067944
NYC,5874787,40.75998915263156,-73.98506749649124
NYC,5874787,40.759887458461534,-73.98536891153847
NYC,5875173,40.75711778571431,-73.99339616857144
NYC,5875173,40.75669867862798,-73.9929788708443
NYC,5875173,40.756430262962965,-73.9922722611111
NYC,5875173,40.75619603354431,-73.99168986772152
NYC,5882173,40.7281651,-73.99921508227848
NYC,5882173,40.72665575333333,-73.99615164166666
NYC,5882173,40.725298236842114,-73.99252120526313
NYC,5882173,40.72507202499999,-73.99233673999997
NYC,5882173,40.720865301999986,-73.993698724
NYC,5882173,40.72047581066667,-73.993976648
NYC,5882173,40.71877968999999,-73.98917908599998
NYC,5969330,40.74542814436619,-73.97166764507044
NYC,5969330,40.747154286,-73.97572215
NYC,5969330,40.747455128070186,-73.97626748508772
NYC,5969330,40.748241609302326,-73.97799056046512
NYC,5969330,40.74885722682927,-73.97950742682926
NYC,5969331,40.74990726029415,-73.98976846911762
NYC,5969331,40.75005570652173,-73.99020452173913
NYC,5969331,40.750290523529415,-73.99044750117648
NYC,5969331,40.750465909090906,-73.99081128961039
NYC,5969331,40.74916253749999,-73.99154527291667
NYC,5969362,40.76804543658537,-73.98608196097558
NYC,5969362,40.76629944477612,-73.98217901343283
NYC,5969362,40.76584193953488,-73.9811688488372
NYC,5969362,40.76261197,-73.9732787825
NYC,5969362,40.76253786249999,-73.96938518124999
NYC,6058407,40.7318125764045,-73.99360955955052
NYC,6058407,40.73221636976744,-73.99441739534882
NYC,6058407,40.73420661354165,-73.99901106666667
NYC,6058407,40.73476279411765,-73.99878365294116
NYC,6058407,40.73923909090908,-73.99903823181818
NYC,6058407,40.745320441176474,-74.0081939764706
NYC,6058407,40.746736428125004,-74.007905103125
NYC,6062407,40.72314194204546,-73.98236694318179
NYC,6062407,40.726339495454546,-73.97712945681819
NYC,6062407,40.728255596874995,-73.9757926
NYC,6062407,40.72938739285713,-73.97779260476189
NYC,6062407,40.731274574193556,-73.98235538225806
NYC,6062407,40.73230016153846,-73.98473504615382
NYC,6109129,40.79617304195804,-73.96516461748251
NYC,6109129,40.78801074821429,-73.95604933035715
NYC,6109129,40.787376980000005,-73.95617617500002
NYC,6148097,40.75755159307229,-73.99837279638554
NYC,6148097,40.75560744193548,-73.99473859677418
NYC,6148097,40.75517946923076,-74.00010875384616
NYC,6148097,40.755442529032265,-74.00095142903227
NYC,6148143,40.753775418032795,-73.97235306229506
NYC,6148143,40.758073544262295,-73.96910643114754
NYC,6148143,40.759657632558145,-73.96599791627904
NYC,6148143,40.75939984600001,-73.96553997600002
NYC,6148208,40.76574483902439,-73.95511729463414
NYC,6148208,40.763762711764706,-73.95594687058825
NYC,6148208,40.7616199,-73.95754236408447
NYC,6190357,40.73005173579547,-73.9857389602273
NYC,6190357,40.73032786749999,-73.98627196999999
NYC,6193396,40.74765502536231,-73.99382157173915
NYC,6193396,40.74751630987655,-73.99346541728396
NYC,6193396,40.74715924,-73.99289894285714
NYC,6193396,40.74669155384615,-73.99269436153844
NYC,6193396,40.7464321390625,-73.992142834375
NYC,6193436,40.73019512751679,-73.99964234228187
NYC,6193436,40.730512234158404,-74.00015557277229
NYC,6193436,40.73081199137932,-74.00070768275862
NYC,6193436,40.73095888028171,-74.00111848028166
NYC,6193436,40.73120032894737,-74.00134897105262
NYC,6193436,40.73596079629629,-73.99790333703704
NYC,4209291,40.756009115217395,-73.98424666739132
NYC,4209291,40.75613531960785,-73.98467203137255
NYC,4209291,40.756280721253795,-73.98574241544341
NYC,4211305,40.74967647428572,-73.99608729714285
NYC,4211305,40.749503464102574,-73.99526837692306
NYC,4211305,40.749551777419356,-73.99488589139783
NYC,4211305,40.74922600625,-73.99479829999999
NYC,4211305,40.74912238043478,-73.99438402826085
NYC,4211305,40.74880362580646,-73.99238266906157
NYC,4211307,40.736101914705884,-74.00140457156863
NYC,4211307,40.729605018823534,-74.00514437588231
NYC,4211307,40.72899665472974,-74.00503121554053
NYC,4216938,40.72005585609755,-73.97496333658536
NYC,4216938,40.719912279999996,-73.97847452363635
NYC,4243685,40.76282404600001,-73.959852526
NYC,4243685,40.760750456578954,-73.95824337828947
NYC,4263246,40.74354945135135,-74.00347994594594
NYC,4263246,40.7446985442857,-74.00809305
NYC,4263246,40.726160894565226,-74.01110970652175
NYC,4286152,40.72811654864866,-74.00296646756757
NYC,4286152,40.72416238163265,-73.99287595510204
NYC,4286152,40.72878709542483,-73.97857215359475
NYC,4286152,40.729695085,-73.98069318499999
NYC,4304279,40.792081469230766,-73.96790488461541
NYC,4304279,40.79454833611111,-73.97150668611113
NYC,4304279,40.7951985172131,-73.97306322131149
NYC,4304279,40.835210221621615,-73.94390216486487
NYC,4304279,40.84011099722221,-73.94297287222223
NYC,4335161,40.72630383255814,-73.99165280930234
NYC,4335161,40.72826312268907,-73.99739227563025
NYC,4335315,40.728074787096766,-73.99685442688174
NYC,4335315,40.72622938787879,-73.99864913030304
NYC,4335315,40.72567216176471,-73.99695776176472
NYC,4335315,40.717658239583336,-73.98602631145835
NYC,4335315,40.70953744921875,-73.96079914531246
NYC,4341081,40.75693588939394,-73.99296468333334
NYC,4341081,40.76095083203884,-73.98663658349514
NYC,4341081,40.76085899756099,-73.9862457
NYC,4341081,40.76050975090909,-73.98555888363634
NYC,4341209,40.72873246153846,-74.00648254230768
NYC,4341209,40.730982430000005,-74.0047485075
NYC,4341209,40.73051719351852,-74.00254543472225
NYC,4341220,40.75093735192308,-73.98718624423077
NYC,4341220,40.75650981333333,-73.98273795166668
NYC,4341220,40.76150197741934,-73.97955332580645
NYC,4341220,40.76424619508195,-73.98074449672133
NYC,4341220,40.76199384857144,-73.98019654809525
NYC,4341351,40.740987592187516,-74.0050692296875
NYC,4341351,40.740431296739125,-74.00617216847823
NYC,4341351,40.74145800227273,-74.00709585
NYC,4341351,40.742044695454545,-74.00796814772725
NYC,4341351,40.74560411754387,-73.99915786228067
NYC,4341375,40.74313262641509,-73.99338835094339
NYC,4341375,40.74158950106383,-73.98996975531915
NYC,4341375,40.74216463055555,-73.98717838611111
NYC,4341375,40.75517985454546,-73.97373552727274
NYC,4341375,40.755191477142866,-73.97335429428568
NYC,4341375,40.75527822121213,-73.97498084242424
NYC,4341406,40.73595594249999,-74.001441945
NYC,4341406,40.73360760666667,-74.00236178133332
NYC,4341406,40.7342897508772,-74.00263452543861
NYC,4341406,40.733924675757564,-74.00267906363635
NYC,4341425,40.71852187083334,-74.00069348124997
NYC,4341425,40.71635927053571,-73.99641418660714
NYC,4344793,40.71917627,-73.9908173892857
NYC,4344793,40.71792813111111,-73.98681800666668
NYC,4344893,40.696425468,-73.98883143666666
NYC,4344893,40.69610066964286,-73.98737045535714
NYC,4344893,40.69600052692307,-73.98491585576924
NYC,4344893,40.69347103611111,-73.97801646944441
NYC,4344935,40.71971869333334,-73.99305979666666
NYC,4344935,40.72338477580645,-73.99117410967742
NYC,4344935,40.72871625193799,-73.98799898062015
NYC,4344955,40.73263387034482,-73.98566865793101
NYC,4344955,40.73244414576271,-73.98518543220341
NYC,4344955,40.75066712348484,-73.97424999015152
NYC,4344955,40.75129891639344,-73.97595296229507
NYC,4345013,40.720208664999994,-73.99280939249999
NYC,4345013,40.71774141875001,-73.98607167291667
NYC,4345013,40.708480290000004,-73.95830194
NYC,4345080,40.78419230000002,-73.94685058437499
NYC,4345080,40.78514423984375,-73.94909232968749
NYC,4345080,40.795113654761906,-73.97095217222224
NYC,4345080,40.7915533975,-73.9743617975
NYC,4345140,40.70062491388888,-73.99084853888888
NYC,4351955,40.7142791775,-74.00576532499997
NYC,4351955,40.713656135142855,-74.00637164914285
NYC,4351955,40.699813229090914,-73.99055450181818
NYC,4352180,40.76734671343284,-73.9864176761194
NYC,4352180,40.766229782499984,-73.98368434666665
NYC,4352180,40.762491784426224,-73.98257019877049
NYC,4352180,40.761973091666654,-73.98339928888888
NYC,4352347,40.71990688148148,-73.97852308148147
NYC,4352347,40.722135519999995,-73.985935716
NYC,4352347,40.72130727837839,-73.98684797297295
NYC,4352347,40.7187553175,-73.988197734375
NYC,4352426,40.76062351875001,-73.98988996250002
NYC,4352426,40.75989486122451,-73.98818899183671
NYC,4352426,40.7581042023077,-73.98539760307689
NYC,4352426,40.75958445144694,-73.98937210225083
NYC,4352426,40.760138043750004,-73.99070076704544
NYC,4355889,40.760181096428575,-73.99508291309526
NYC,4355889,40.77462738265306,-73.9846592377551
NYC,4355889,40.77533141296296,-73.98450242839507
NYC,4355926,40.76420641360295,-73.98677114926471
NYC,4355926,40.76360234324326,-73.98540486756757
NYC,4355926,40.76275071428572,-73.98333668285714
NYC,4355926,40.758513000000015,-73.97325597387386
NYC,4355926,40.75560621666666,-73.96802036666666
NYC,4358795,40.74903344999999,-73.99540057971016
NYC,4358795,40.751470417763166,-73.99404239144737
NYC,4358795,40.75216206666666,-73.9956786321549
NYC,4358795,40.752495543,-73.996500158
NYC,4358795,40.75189032564102,-73.99726815897435
NYC,4358825,40.7499033164634,-73.99521882987804
NYC,4358825,40.75074533333333,-73.99454517037037
NYC,4358825,40.752081346031744,-73.99348384126979
NYC,4358825,40.752014281696425,-73.99316665044644
NYC,4358825,40.7478303975,-73.98329209374997
NYC,4359288,40.75161186486486,-73.98795852162162
NYC,4359288,40.750803565853644,-73.98785558048782
NYC,4359288,40.73416687462687,-73.99969124626865
NYC,4359288,40.731193542253514,-73.99942046478873
NYC,4359354,40.754127885106385,-73.98708895106382
NYC,4359354,40.75911168043477,-73.98426775072461
NYC,4359354,40.76047667752525,-73.98951644267676
NYC,4362029,40.72543150294118,-73.99207677058824
NYC,4362029,40.74877665777776,-73.98801910518517
NYC,4362094,40.76149881860466,-73.95738751627906
NYC,4362107,40.71938699166667,-73.9770281202381
NYC,4362107,40.71510696875001,-73.983780740625
NYC,4362107,40.71644251111111,-73.98606279333332
NYC,4362107,40.72096075932203,-73.98113427627119
NYC,4362139,40.73605598666667,-73.98723572761902
NYC,4362139,40.74507755128205,-74.00547585641024
NYC,4362139,40.74572432121213,-74.00562923939393
NYC,4362202,40.78814394491525,-73.95559956059323
NYC,4362202,40.78049995849056,-73.96116805566037
NYC,4362216,40.76562362037038,-73.97195940925926
NYC,4362216,40.752932342708334,-73.98128822395834
NYC,4362216,40.74793273244671,-73.98542290824466
NYC,4362386,40.719348504255315,-73.97705837659574
NYC,4362386,40.72115959751554,-73.9814887819876
NYC,4362386,40.72169150606061,-73.98373044848483
NYC,4362386,40.72125724411765,-73.98314712941178
NYC,4362400,40.7487041326087,-73.96950641304345
NYC,4362400,40.75124196982758,-73.97560263706895
NYC,4362400,40.75197748269231,-73.97731301730768
NYC,4362400,40.75461389796748,-73.98368785813007
NYC,4362444,40.763139485185185,-73.98431102839506
NYC,4362444,40.7586097196532,-73.98695338959537
NYC,4362444,40.7597465978261,-73.98605777648221
NYC,4362461,40.741679046226416,-73.9897711254717
NYC,4362461,40.73799995538461,-73.98117782538465
NYC,4362461,40.7355045914634,-73.9752962512195
NYC,4362700,40.760823575,-73.96422518
NYC,4362700,40.74182623047946,-73.97663169520548
NYC,4362700,40.74140816465516,-73.97554042586208
NYC,4366443,40.75005532261904,-74.00249788095238
NYC,4366489,40.76063396363636,-73.95842501363637
NYC,4366489,40.80706791538462,-73.92427931794872
NYC,4366521,40.719342155,-73.97702780249998
NYC,4366521,40.721993290697675,-73.98525064651163
NYC,4366521,40.722907469444436,-73.98580899444444
NYC,4366564,40.723644543,-73.990840821
NYC,4366564,40.72172808181817,-73.99536271590911
NYC,4366564,40.7214273960396,-73.99552468910892
NYC,4366564,40.72127489051731,-73.99474993189655
NYC,4366564,40.72103576904762,-73.99396922619046
NYC,4369900,40.72823397692308,-74.0029624923077
NYC,4369900,40.72897539761906,-74.00343950952382
NYC,4369900,40.728782146153854,-74.005184
NYC,4369900,40.7199838707317,-74.00275979268292
NYC,4369900,40.71851548148148,-74.00071491018518
NYC,4369900,40.71640265999999,-73.99672781199999
NYC,4369923,40.69652555,-73.98479245564516
NYC,4369923,40.6902385509091,-73.9817271
NYC,4369923,40.687616576271196,-73.98011701525425
NYC,4369923,40.68500695833334,-73.97820025000003
NYC,4369923,40.683495186428566,-73.97709309428572
NYC,4370083,40.74295827499999,-73.99303884107142
NYC,4370083,40.741644007142845,-73.98977616964287
NYC,4370083,40.73795713555556,-73.9811397
NYC,4370083,40.724140163636356,-73.99092647878788
NYC,4370083,40.723462367567585,-73.99064831351352
NYC,4370323,40.719603869387754,-74.00227587959186
NYC,4370323,40.71695807946429,-73.99810513482143
NYC,4370323,40.6977066745614,-73.98542213859649
NYC,4370323,40.69388033055556,-73.98348648888889
NYC,4370323,40.684360309482756,-73.97772670948274
NYC,4370362,40.71857515588234,-73.9879533745098
NYC,4370362,40.71983216734694,-73.99195646734694
NYC,4370362,40.72124037173913,-73.99473971956519
NYC,4370362,40.721075323076924,-73.99401365128203
NYC,4370362,40.71798278947368,-73.98678109736841
NYC,4370432,40.728319312573106,-73.9995442371345
NYC,4370432,40.726601922727255,-73.99596763636362
NYC,4370432,40.7199301952381,-74.00034018333335
NYC,4370432,40.72034188020834,-73.99998173541667
NYC,4370432,40.71747646413043,-73.99159148478259
NYC,4370432,40.718150502777775,-73.99074743055556
NYC,4370523,40.72539955635739,-73.97811580378009
NYC,4370523,40.72621352,-73.98012194285714
NYC,4370523,40.7216213,-73.98371468039217
NYC,4373823,40.717899418604645,-73.99393967674418
NYC,4373823,40.71888556216216,-73.99345345135137
NYC,4373823,40.720739693655574,-73.99524595604225
NYC,4373823,40.72190921730768,-73.99637315192307
NYC,4373823,40.72515583461538,-73.99505082692306
NYC,4374063,40.71946062000001,-73.99038406199999
NYC,4374063,40.718498622,-73.99088761400004
NYC,4374063,40.71756437803029,-73.99127665833335
NYC,4374063,40.714650342553185,-73.98465808723404
NYC,4374063,40.712400148,-73.985010045
NYC,4374080,40.748698815217395,-73.96952150869565
NYC,4374080,40.7513421614035,-73.97570962631578
NYC,4374080,40.75472352307693,-73.98385747692306
NYC,4374095,40.75641349782608,-73.99758103586956
NYC,4374095,40.752734382857135,-74.0009875942857
NYC,4374095,40.738051754545445,-74.00012148181821
NYC,4374107,40.73959548333334,-74.00258173055553
NYC,4374107,40.74199938813954,-73.99653318372091
NYC,4374107,40.742726775925924,-73.99642391296295
NYC,4374107,40.742324765625,-73.99696849062501
NYC,4374107,40.73591345222222,-74.00158377333332
NYC,4374107,40.735177797826076,-74.00196395
NYC,4382817,40.721887662499995,-73.993454175
NYC,4382817,40.71923626101695,-73.99067145677968
NYC,4382817,40.71799663979592,-73.98674268061224
NYC,4382817,40.71505413238095,-73.97721137714286
NYC,4382817,40.709546907317076,-73.96076611463413
NYC,4382922,40.709849427083334,-74.00123366874998
NYC,4382922,40.71244237352942,-73.99273542941175
NYC,4382922,40.713923741176465,-73.99021013529412
NYC,4382922,40.71539516969698,-73.98981418181819
NYC,4382922,40.71833420403223,-73.98825550241934
NYC,4382922,40.71840496666667,-73.98785476111112
NYC,4382937,40.70761066987179,-73.92379417756408
NYC,4382937,40.70826552166667,-73.9239290911111
NYC,4383124,40.79563130263158,-73.97623138157896
NYC,4383124,40.79469575675675,-73.97400911351352
NYC,4383124,40.7928201225,-73.9750848
NYC,4383124,40.79095605434783,-73.9765049652174
NYC,4383124,40.79105644936708,-73.97699356455695
NYC,4383124,40.79030857777778,-73.97336779444444
NYC,4383124,40.7907799125,-73.97275794062497
NYC,4383158,40.74526001219512,-73.97088626829269
NYC,4383158,40.74442726744187,-73.97490444767442
NYC,4383158,40.74208927647057,-73.98932555294118
NYC,4383329,40.715822982857134,-73.98680208285715
NYC,4383329,40.71669521896552,-73.98897862931042
NYC,4383329,40.7173462862745,-73.9911099627451
NYC,4383329,40.71818077631579,-73.99083256842106
NYC,4383329,40.72273204871795,-73.98869664871795
NYC,4383329,40.727207148484844,-73.99176060909092
NYC,4383342,40.72748429850748,-73.9923430402985
NYC,4383342,40.720503628301884,-73.99395892735848
NYC,4383342,40.71997618181819,-73.9930906030303
NYC,4383342,40.717691243877546,-73.98599147959183
NYC,4385658,40.722074134278316,-74.00825268131436
NYC,4385986,40.70043210322579,-73.99010361129032
NYC,4385986,40.700316391428565,-73.98658952571428
NYC,4386058,40.72377529749999,-73.97983974749998
NYC,4386058,40.7211422109756,-73.9810711597561
NYC,4386058,40.72201926162791,-73.98529722906979
NYC,4386058,40.72113414186047,-73.98691187093023
NYC,4386058,40.719079587068975,-73.98502980603445
NYC,4386240,40.72788540921053,-73.9879508355263
NYC,4386240,40.72575414672131,-73.98468590983605
NYC,4386240,40.72550725425531,-73.98410274893618
NYC,4386240,40.722511225,-73.9861428931818
NYC,4386413,40.71771794166666,-73.99964461354166
NYC,4386413,40.718718825388606,-74.0043761124353
NYC,4386413,40.71946914857142,-74.00452515428572
NYC,4386413,40.71654010000001,-73.99717113076926
NYC,4388991,40.75527338536584,-73.99089462195121
NYC,4388991,40.75668966553398,-73.98900787184465
NYC,4388991,40.75628340714287,-73.98790051428571
NYC,4388991,40.75391464750001,-73.98161182749999
NYC,4389009,40.75316788518518,-73.97969712407406
NYC,4389009,40.7528043625,-73.97844636484375
NYC,4389009,40.751723049999995,-73.97654820535716
NYC,4389009,40.749938598,-73.97269928999998
NYC,4389108,40.72071727499999,-73.98890917890623
NYC,4389108,40.72284745757576,-73.9883238939394
NYC,4389108,40.724917104000006,-73.99478151399997
NYC,4389108,40.723187517499994,-74.00628065999999
NYC,4389108,40.72576613300782,-74.00859305957026
NYC,4389118,40.72554718421053,-74.00454775526316
NYC,4389118,40.72461117500001,-74.00217467708333
NYC,4389118,40.72566456,-74.00095145499999
NYC,4389118,40.726185025,-73.99855263699999
NYC,4389118,40.72545581153847,-73.99698020384616
NYC,4389118,40.72365548113206,-73.99128654150942
NYC,4389118,40.72221370555555,-73.98652679333333
NYC,4389123,40.722024233333336,-73.98639516833333
NYC,4389123,40.72240918292683,-73.98697356097563
NYC,4389123,40.7193965451613,-73.9890981032258
NYC,4389123,40.71011086129033,-73.96893449999997
NYC,4389216,40.72642109090909,-73.98320728787878
NYC,4389216,40.727372981012635,-73.98287882531645
NYC,4389216,40.71800206382979,-73.98673648085105
NYC,4392681,40.718874552777784,-74.0124702388889
NYC,4392681,40.728919037500006,-74.01064846
NYC,4392681,40.741116854999994,-74.00774043277778
NYC,4392681,40.73981126086957,-74.0080000130435
NYC,4392712,40.755701556666665,-73.99375808833334
NYC,4392712,40.755977810810805,-73.9943541243243
NYC,4392712,40.767772036111104,-73.98151284166667
NYC,4392757,40.775137215,-73.94744365749997
NYC,4392757,40.77118682702702,-73.94784964324323
NYC,4392777,40.72075818495935,-73.98052846300813
NYC,4392777,40.720977537500005,-73.98098096875
NYC,4392777,40.72338627978722,-73.97937628297873
NYC,4392777,40.724141124999996,-73.97875351377552
NYC,4392777,40.74454036960784,-73.9750431745098
NYC,4392824,40.727722848571425,-73.98551115142857
NYC,4392824,40.72813138816963,-73.98497913638391
NYC,4392824,40.729120447368416,-73.98699364210528
NYC,4392824,40.729877716666664,-73.98860226944446
NYC,4392824,40.73043133600001,-73.99022700999998
NYC,4393320,40.71905448431373,-73.98969515686274
NYC,4393320,40.71755766637931,-73.99141099827587
NYC,4393320,40.71787922203391,-73.99289971694917
NYC,4393320,40.717676333098595,-73.9923670338028
NYC,4393320,40.70957331704546,-73.9608302034091
NYC,4396675,40.720006193181824,-73.97910781818182
NYC,4396675,40.76077732678572,-73.96089743571429
NYC,4396675,40.7613778818182,-73.96069117575757
NYC,4396675,40.7650446244898,-73.9573407530612
NYC,4396939,40.71801798474574,-73.99394933898306
NYC,4396939,40.71900860595238,-73.99344949166665
NYC,4396939,40.72016352517483,-73.99921798776221
NYC,4397109,40.740345843103434,-74.00186884310345
NYC,4397109,40.74841811842106,-73.98886039999998
NYC,4397109,40.74820604139784,-73.9875261564516
NYC,4397180,40.723371540816316,-73.98834590102038
NYC,4397180,40.72385409772727,-73.98801900681818
NYC,4397180,40.72244139242424,-73.98625956363638
NYC,4397180,40.72317138,-73.98822821272726
NYC,4397180,40.723849570270275,-73.98801887297296
NYC,4397180,40.72458164607843,-73.98176024705882
NYC,4397180,40.722580028888906,-73.97703007111112
NYC,4418733,40.745756440960456,-74.00592898361583
NYC,4418733,40.746516080392155,-74.00149494509803
NYC,4418733,40.74154210612245,-73.98981113469388
NYC,4418733,40.739420361764694,-73.98268337058823
NYC,4419954,40.734881106818186,-73.99054473863636
NYC,4419954,40.717635154166665,-73.98599397916666
NYC,4419954,40.7195650076923,-73.9441988907692
NYC,4420056,40.759837712962955,-73.96423646666668
NYC,4420172,40.760770896428575,-73.95848185714283
NYC,4423483,40.71516729848485,-73.99277205757575
NYC,4423483,40.71831433799999,-73.98827932900002
NYC,4423483,40.723091797142864,-73.98800182428569
NYC,4423483,40.723385054782604,-73.98830302086954
NYC,4423505,40.73490718983051,-73.98001793389828
NYC,4423505,40.7462148923913,-73.97333978695652
NYC,4423505,40.74775673235294,-73.9754936882353
NYC,4423505,40.74805372352942,-73.9734934735294
NYC,4423505,40.74896313990385,-73.97669337259617
NYC,4423540,40.74556466779663,-73.97533797627119
NYC,4423540,40.74008494128441,-73.97939821743118
NYC,4423597,40.73150056363638,-73.98519821212119
NYC,4423597,40.73245513358779,-73.98730386412211
NYC,4423597,40.7350813738806,-73.99405139850747
NYC,4423597,40.726094855555544,-73.9947580111111
NYC,4423641,40.7233584868421,-73.99492879473682
NYC,4423641,40.720413811764715,-73.99659897941176
NYC,4423641,40.720354649350625,-73.99941776558441
NYC,4423641,40.71855286578946,-74.00038861184213
NYC,4423641,40.7191979490196,-74.00212307058821
NYC,4423695,40.729549806529214,-73.988110152921
NYC,4423695,40.729825060638305,-73.9887761223404
NYC,4423745,40.73601036285714,-73.97647117428572
NYC,4423745,40.73547763766234,-73.97527598311687
NYC,4423786,40.735604712931035,-73.9750946396552
NYC,4423786,40.72481610930234,-73.97831005116278
NYC,4423786,40.723004278260866,-73.9796743152174
NYC,4423786,40.72108675121951,-73.98102356097563
NYC,4423821,40.748965674285714,-73.97799725428573
NYC,4423821,40.741692942592586,-73.98946984814815
NYC,4431743,40.718685174342106,-73.97478163421053
NYC,4431743,40.72218387211539,-73.98595256057692
NYC,4431743,40.72319927589286,-73.988246125
NYC,4431743,40.726076987234045,-73.9918515148936
NYC,4438795,40.74643551666666,-73.9718129952381
NYC,4438795,40.74431652534247,-73.9715494767123
NYC,4439992,40.719358833962275,-73.99319351226416
NYC,4439992,40.71766754375,-73.9912648484375
NYC,4439992,40.71768515333333,-73.9888921433333
NYC,4439992,40.71681842903226,-73.98910352580646
NYC,4439992,40.71649741875001,-73.98862500937501
NYC,4439992,40.71256066666666,-73.98502685128204
NYC,4440173,40.74665527058823,-73.99189139215684
NYC,4440173,40.746457514516116,-73.99197002903227
NYC,4440173,40.746128670769224,-73.99069781538462
NYC,4440173,40.74587995454546,-73.99015970909092
NYC,4440173,40.74564757435897,-73.98915950000001
NYC,4440173,40.743392895588215,-73.98932747107843
NYC,4440290,40.72569078809525,-73.97764437619045
NYC,4440290,40.72444790925925,-73.97861823222223
NYC,4440290,40.72416460956178,-73.97882830278881
NYC,4440290,40.7225578409836,-73.97705494016397
NYC,4440290,40.719188781372566,-73.9750242147059
NYC,4440327,40.72194553513513,-73.98515685135135
NYC,4440327,40.72223692621952,-73.98587409512193
NYC,4440327,40.72363154166668,-73.99073257666666
NYC,4440327,40.72508349250001,-73.99521555416669
NYC,4440327,40.726888838888875,-73.99965151666665
NYC,4440353,40.75473676981132,-73.98431480943395
NYC,4440353,40.75649340444444,-73.98592396444444
NYC,4440353,40.75691875000001,-73.98698869411764
NYC,4440353,40.75855802708334,-73.99102306458333
NYC,4440353,40.758950715,-73.99181291916663
NYC,4443592,40.71722999977479,-73.99541146621621
NYC,4443592,40.71415182272728,-73.99754219204543
NYC,4443592,40.70761447321427,-74.00401125357142
NYC,4443592,40.708772674285704,-74.00509493428571
NYC,4443592,40.709381650000005,-74.00611641666666
NYC,4443595,40.73578402352942,-73.97599121764704
NYC,4443595,40.73549036111109,-73.97530004444441
NYC,4443595,40.734931095,-73.97962668999999
NYC,4443770,40.795860546610164,-73.97251650593219
NYC,4443770,40.79789083387097,-73.97120232419354
NYC,4443770,40.795497927710834,-73.97363876385543
NYC,4443813,40.74170439347826,-74.00718867173916
NYC,4443813,40.74103663750001,-74.00562376250001
NYC,4443813,40.7401026064784,-74.00524923787376
NYC,4443886,40.72596108999999,-74.008603206
NYC,4443886,40.72571017980769,-74.00603916826924
NYC,4443886,40.72274651209677,-74.00624380887099
NYC,4443886,40.72201519534884,-74.00558525348839
NYC,4443886,40.71948474777778,-74.00207156555555
NYC,4443886,40.71656466860464,-73.99708521627906
NYC,4444391,40.73198303526785,-73.98608929374998
NYC,4444391,40.73245254795079,-73.98534945040984
NYC,4444391,40.72021753725491,-73.99291981568629
NYC,4444391,40.71674654117647,-73.9958372617647
NYC,4446839,40.71629076976743,-73.98063765116281
NYC,4446839,40.716573135135135,-73.9815758864865
NYC,4446839,40.716957523529416,-73.98286192941178
NYC,4446839,40.7172043283019,-73.9836623037736
NYC,4446839,40.71751158139534,-73.98466785348838
NYC,4446839,40.71794107857143,-73.98604068392861
NYC,4446839,40.71956666730769,-73.98690153076922
NYC,4446839,40.719810952150524,-73.98706134139793
NYC,4446891,40.71917921290323,-73.97613919032258
NYC,4446891,40.72193668490566,-73.98520188113208
NYC,4446891,40.722181695238106,-73.9861349222222
NYC,4446891,40.721118757575766,-73.98701430454543
NYC,4446891,40.72055432790697,-73.98435197674421
NYC,4446891,40.72111929696971,-73.98413055984848
NYC,4446891,40.720045448571426,-73.9793304342857
NYC,4447018,40.72620043030303,-73.98338885151516
NYC,4447018,40.72315468088065,-73.98572029061415
NYC,4447018,40.72286470632912,-73.98808700379745
NYC,4447018,40.72367336969696,-73.9908228636364
NYC,4447018,40.72543995641028,-73.99668719551283
NYC,4447212,40.72533836111111,-73.99251658055556
NYC,4447212,40.72502712285713,-73.99235174857144
NYC,4447212,40.7204881117647,-73.99395077843137
NYC,4447212,40.7200156081081,-73.9931937864865
NYC,4447212,40.71803347045455,-73.98684886136364
NYC,4447212,40.71957913561643,-73.94409207945208
NYC,4447314,40.726643269354845,-73.99607744838713
NYC,4447314,40.72716399017856,-73.99171782053574
NYC,4447314,40.72613062916666,-73.99121678749991
NYC,4447314,40.72629125833335,-73.9915400638889
NYC,4447314,40.725889497435894,-74.00078211538464
NYC,4447314,40.72343022857143,-74.00288423142858
NYC,4447417,40.72051182285714,-74.00689319142857
NYC,4447417,40.716905768,-73.99804738600001
NYC,4454498,40.73029521272728,-73.98620158727272
NYC,4454498,40.73083041779661,-73.98747142372883
NYC,4454498,40.731238620000006,-73.98845986500001
NYC,4454498,40.73248024528303,-73.98528789245285
NYC,4454498,40.731428785483885,-73.98288031290323
NYC,4454498,40.73551538904108,-73.97530425342465
NYC,4454546,40.72202642972973,-73.98641323513515
NYC,4454546,40.72244025434783,-73.9869862673913
NYC,4454546,40.72055808029198,-73.98821582883212
NYC,4454546,40.7190636388889,-73.98964144166668
NYC,4454546,40.71996503541668,-73.99268709583335
NYC,4455742,40.76430837674419,-73.97679982558141
NYC,4455742,40.76556779428571,-73.98015245714285
NYC,4455742,40.7665771617647,-73.98312198235293
NYC,4455742,40.76892776071428,-73.98809912857142
NYC,4455775,40.76275199830509,-74.00036830338982
NYC,4455775,40.75949129795918,-74.00327109999999
NYC,4455775,40.75067904313724,-74.00848937156863
NYC,4455775,40.74591824545455,-74.00823451636363
NYC,4455775,40.7355942511628,-74.01012242558139
NYC,4455800,40.72960379655174,-74.01070147413792
NYC,4455800,40.723187727,-74.01162443199998
NYC,4455800,40.71723659761905,-74.01310243333334
NYC,4455800,40.7151372652174,-74.00846131304345
NYC,4455800,40.71437173000001,-74.00682581400001
NYC,4455800,40.71345076666667,-74.0048524111111
NYC,4455833,40.70182413214285,-73.99210994107145
NYC,4469068,40.718934227142846,-73.99341651428574
NYC,4469068,40.719503484931494,-73.9930965027397
NYC,4469068,40.719751863571425,-73.99296512714285
NYC,4469068,40.721239697499996,-73.99226298749998
NYC,4469068,40.72159672647059,-73.99325803725489
NYC,4469068,40.72217722236841,-73.99330731184209
NYC,4469068,40.72259424651163,-73.99382621162789
NYC,4469101,40.7218876825,-73.99616999000001
NYC,4469101,40.71957003975904,-73.99173091325302
NYC,4469101,40.719319372727256,-73.99095246742424
NYC,4469101,40.71879212500001,-73.98929542115386
NYC,4469101,40.71768820714286,-73.98597923469389
NYC,4469199,40.72256264534885,-73.98863324534881
NYC,4469199,40.722307094,-73.98666401999999
NYC,4469199,40.719531587719295,-73.99113104385964
NYC,4469461,40.747819611764704,-73.99461709852937
NYC,4469461,40.747401809615376,-73.99362737115383
NYC,4469461,40.742566824226834,-73.99947737989685
NYC,4469461,40.74571102499999,-74.00555216388888
NYC,4469571,40.733517339473686,-74.00266578157894
NYC,4469571,40.736116839999994,-73.99380984
NYC,4469571,40.734880166981135,-73.99093932830189
NYC,4469571,40.72829703838026,-73.98786618239434
NYC,4469571,40.723911062499994,-73.99113701484373
NYC,4469605,40.72214501750001,-73.98607997000002
NYC,4469605,40.7212191611111,-73.98684665833333
NYC,4469605,40.72141355436893,-73.98855706116503
NYC,4469605,40.72251911538461,-73.98798114615384
NYC,4469756,40.71900364147727,-73.9963612119318
NYC,4469756,40.718808152941186,-73.9957486254902
NYC,4471069,40.75002391216217,-74.00240700675677
NYC,4471069,40.75376564180329,-73.9975721762295
NYC,4471069,40.753832637837846,-73.99649371081078
NYC,4473098,40.73154727596154,-73.99699576442309
NYC,4473098,40.73069265,-73.999944722093
NYC,4473098,40.73072414404762,-74.00063989345239
NYC,4473098,40.73003280000001,-73.99752856600001
NYC,4473117,40.72850452424241,-73.99438841212122
NYC,4473117,40.727396761805544,-73.99213988958334
NYC,4473117,40.72155312459017,-73.99360440983607
NYC,4473117,40.720808742241395,-73.99390124568964
NYC,4473117,40.71960182983871,-73.99173481935482
NYC,4473117,40.71940084729729,-73.99108759594593
NYC,4473148,40.71855683229166,-73.98838626770834
NYC,4473148,40.710927806521724,-73.95143971739131
NYC,4473148,40.71117467456139,-73.94853182456141
NYC,4473148,40.71408389729729,-73.94902289459459
NYC,4473192,40.74759991875,-73.97656114624998
NYC,4473192,40.75625490769231,-73.96777494807692
NYC,4473192,40.75532499069768,-73.96534914883719
NYC,4473192,40.759377605660376,-73.9594099528302
NYC,4473210,40.719921176923066,-73.97855210961539
NYC,4473210,40.719655124528316,-73.9865871433962
NYC,4473303,40.723655146774206,-73.99076060806452
NYC,4473303,40.72064552972973,-73.99389134324323
NYC,4473303,40.6976495627451,-73.98540919607842
NYC,4473303,40.69419122432433,-73.98367833513514
NYC,4473303,40.68925252115385,-73.98131965000002
NYC,4473341,40.71802636909089,-73.99385528181818
NYC,4473341,40.71794362051282,-73.99324174615383
NYC,4473341,40.719037134228195,-73.98928548456374
NYC,4473341,40.722544966666675,-73.9886182674603
NYC,4477123,40.73821367727273,-73.9841897931818
NYC,4477123,40.73731402745098,-73.98173614607842
NYC,4477123,40.73472610267857,-73.97582325580358
NYC,4477180,40.696601771428554,-73.98492492857142
NYC,4477180,40.693940866666665,-73.98359750784316
NYC,4477180,40.689950520454545,-73.98181132272725
NYC,4477180,40.68891524954955,-73.98114192732733
NYC,4477180,40.68879660530303,-73.98132514772729
NYC,4477180,40.68789576315789,-73.97855092368418
NYC,4477453,40.72361507948718,-73.99082407692308
NYC,4477453,40.71958535227273,-73.99434630454545
NYC,4477453,40.694882041818175,-73.9840268763636
NYC,4477453,40.689100460759484,-73.98108724556964
NYC,4477453,40.68797930326087,-73.97858081739129
NYC,4477658,40.74282972142857,-74.00380258392859
NYC,4477658,40.74242640763889,-74.00430521041665
NYC,4477658,40.74176589166667,-74.00487774722225
NYC,4477658,40.74275601054545,-74.00758219156364
NYC,4477658,40.74202646206897,-74.00396443448278
NYC,4477742,40.729884255263165,-73.98082279999998
NYC,4477742,40.72829122682927,-73.98201144634147
NYC,4477742,40.73001899506174,-73.98140234814817
NYC,4477806,40.724862835474006,-73.98074895749235
NYC,4477806,40.72603357948718,-73.98336737435898
NYC,4477992,40.7396690479885,-74.00229080574712
NYC,4477992,40.7404168742857,-74.00210802
NYC,4477992,40.744261401851844,-73.99591195555554
NYC,4477992,40.742329292682925,-73.9916174195122
NYC,4478132,40.719332334883724,-73.97705823604652
NYC,4478132,40.72198831428571,-73.98534889523809
NYC,4478132,40.722250982258075,-73.98654449677417
NYC,4478132,40.720760553191504,-73.98150934361703
NYC,4479572,40.74116422432432,-74.00901805675676
NYC,4479572,40.76403020727273,-73.99874224727272
NYC,4481927,40.721507278301885,-73.98364292169813
NYC,4481927,40.72321562553192,-73.98825151702128
NYC,4481927,40.72756585056818,-73.99079080738639
NYC,4482015,40.73832512836736,-73.98111697265304
NYC,4482015,40.73556402173913,-73.97540054057968
NYC,4482144,40.78873308299999,-73.940645508
NYC,4482144,40.79067970000001,-73.94461333281248
NYC,4482144,40.79216794090908,-73.94812380681819
NYC,4482144,40.788302248484854,-73.95460283636363
NYC,4482144,40.792225440740744,-73.96390379074073
NYC,4482186,40.7952,-73.97099549152539
NYC,4482186,40.79711049818183,-73.96983340454545
NYC,4482186,40.79673890096155,-73.96869872980768
NYC,4482255,40.771805096078424,-73.98279247647058
NYC,4482255,40.77009843255814,-73.9842986744186
NYC,4482255,40.771635294126284,-73.98836974118942
NYC,4482329,40.762382225,-73.98973012045455
NYC,4482329,40.75830594791667,-73.99412652187497
NYC,4482329,40.75892656875,-73.99567184375
NYC,4482329,40.759173627088956,-73.99630147196764
NYC,4482329,40.75940682235294,-73.9968975676471
NYC,4482358,40.75959931067072,-73.99735479420734
NYC,4482358,40.75993473579546,-73.99826018977275
NYC,4482358,40.75976789791667,-73.99916707291665
NYC,4482639,40.75749161171662,-73.99411375286104
NYC,4482639,40.75238350000001,-73.98983112258064
NYC,4482639,40.7508185992,-73.99077021560001
NYC,4482668,40.7480489531915,-73.98762798723406
NYC,4482668,40.748157190939615,-73.98716811442947
NYC,4482668,40.747985329629635,-73.98681625925929
NYC,4482668,40.74722652464789,-73.9856839809859
NYC,4482668,40.74699447272728,-73.9834697
NYC,4482668,40.746174604081624,-73.97517602244898
NYC,4482957,40.72816614242426,-73.98126632727272
NYC,4482957,40.72373488269231,-73.98524241346155
NYC,4482985,40.722417117999996,-73.98622021999998
NYC,4482985,40.72266925277777,-73.98773153888887
NYC,4482985,40.72182320810809,-73.98927123783783
NYC,4482985,40.72288042090909,-73.98896780363634
NYC,4482985,40.72218252982456,-73.98653208421052
NYC,4482985,40.72478064999999,-73.98424523958333
NYC,4482985,40.72242061416667,-73.98625629333334
NYC,4483073,40.754955701219515,-73.98881749390246
NYC,4483073,40.75193098695652,-73.98888154347826
NYC,4483073,40.751572258474575,-73.98801471949152
NYC,4483073,40.74614166666668,-73.97518605185185
NYC,4483104,40.74339457719298,-73.97239794473683
NYC,4483184,40.75680057142856,-73.96688074682542
NYC,4483184,40.75870693576924,-73.97537056923076
NYC,4483746,40.75898455555556,-73.99598890555555
NYC,4483746,40.7645570180851,-73.99186328191492
NYC,4483746,40.76770403088042,-73.98731927966489
NYC,4483746,40.767368863888876,-73.98643487500001
NYC,4485431,40.76149600064103,-73.97079184230769
NYC,4485431,40.761750273846154,-73.97176699846152
NYC,4485431,40.762428741666675,-73.97324442291668
NYC,4485431,40.7636880057143,-73.97541983999999
NYC,4485431,40.766079190476205,-73.98266599523808
NYC,4485513,40.76229646090227,-73.99699688984965
NYC,4485513,40.76163000126581,-73.99752938607594
NYC,4485513,40.76138582861445,-73.9978693843373
NYC,4485513,40.76102592806122,-73.99804207959183
NYC,4485513,40.76047740666667,-73.99910106666667
NYC,4487578,40.725204250000004,-73.8970502
NYC,4487741,40.811984818749984,-73.935872409375
NYC,4487741,40.81414664,-73.9446879657143
NYC,4487797,40.71930563333335,-73.97694614777778
NYC,4487797,40.72206456888888,-73.98534215555553
NYC,4487797,40.72082499902914,-73.98797760485436
NYC,4487797,40.722488,-73.98726315277777
NYC,4487891,40.75744961803278,-73.99015540327872
NYC,4487891,40.75769095425532,-73.99016903510639
NYC,4487977,40.74906215263157,-73.97977909210526
NYC,4487977,40.753195209999994,-73.96664414749999
NYC,4487977,40.76072865648148,-73.95846987499998
NYC,4488028,40.788091484615386,-73.95607601282052
NYC,4488028,40.78663919803921,-73.9525545284314
NYC,4488028,40.78528144491526,-73.94958050169492
NYC,4488238,40.74795851627907,-73.98313893604652
NYC,4488267,40.74144095664558,-73.97572884810124
NYC,4488267,40.70182219249998,-73.99214367333335
NYC,4491503,40.75951145285714,-74.00327741571428
NYC,4491503,40.75472755217391,-74.0067773054348
NYC,4491503,40.74894885078125,-74.00806201406252
NYC,4491503,40.74492948870967,-74.00842745483868
NYC,4491503,40.73407937395833,-74.01039455625
NYC,4491977,40.72690461346153,-73.9889618778846
NYC,4491977,40.724338707692304,-73.99073536538461
NYC,4491977,40.72404864042554,-73.99232197872341
NYC,4491977,40.720437228571434,-73.99393837380951
NYC,4492163,40.72837644788732,-74.00263400140844
NYC,4492163,40.74415110816326,-73.99198450612246
NYC,4492163,40.75165408454546,-73.98646924545453
NYC,4492196,40.755765775000015,-73.98623104423076
NYC,4492196,40.75608086687501,-73.98673962999999
NYC,4492196,40.75631178281252,-73.98696687343751
NYC,4492196,40.756976378260866,-73.98935484492753
NYC,4492196,40.75825594147287,-73.99179838682171
NYC,4492196,40.758496070588244,-73.99248522941174
NYC,4492298,40.72407664042553,-73.99102467659576
NYC,4492298,40.71955980999999,-73.994284415
NYC,4492298,40.720173205,-73.99407460214285
NYC,4492298,40.7234280952381,-73.99275259761902
NYC,4492298,40.72623355263159,-73.99179028947367
NYC,4492368,40.75949968787879,-73.97278546363637
NYC,4492368,40.759428044444455,-73.97314516428571
NYC,4492368,40.759657989361706,-73.97389538191487
NYC,4492368,40.75774404444444,-73.96355921333334
NYC,4492400,40.76666839795919,-73.97106782142858
NYC,4492400,40.76401474322917,-73.97313477135418
NYC,4492602,40.7701378,-73.99470535135134
NYC,4492602,40.76399125145632,-73.99787780728154
NYC,4492602,40.76351342592593,-73.99672643888887
NYC,4492602,40.75116293999999,-73.98705343600001
NYC,4492875,40.72130684179107,-73.98785259104478
NYC,4492875,40.72057363551724,-73.98807914758619
NYC,4492875,40.721293863888896,-73.98802242499998
NYC,4492875,40.72117651982758,-73.98747968793104
NYC,4492913,40.76083271704547,-73.96091957386363
NYC,4492913,40.762560377486196,-73.95897933784529
NYC,4492913,40.76186573333334,-73.95766798181819
NYC,4493072,40.718843954166665,-73.98888861666664
NYC,4493072,40.719969248936174,-73.99250092659572
NYC,4493072,40.71931734130435,-73.99975289347827
NYC,4493072,40.71252263499999,-74.00478773249998
NYC,4493072,40.711560896116495,-74.00791866650488
NYC,4493072,40.711745459375,-74.00723087499999
NYC,4499674,40.766103214545446,-73.98354035818183
NYC,4499674,40.76487039705885,-73.9805157056985
NYC,4499674,40.764587365625005,-73.98008531041667
NYC,4499674,40.764312434482775,-73.97934628620686
NYC,4499674,40.76391236250001,-73.97840964375
NYC,4499674,40.76246395581395,-73.97487249767443
NYC,4500911,40.72014441794872,-74.01221970769231
NYC,4500911,40.733252990217395,-74.01023251956522
NYC,4500911,40.73846919152544,-74.00997251186439
NYC,4500911,40.7442788265306,-74.00843513367346
NYC,4504063,40.72527310105633,-73.99550219084507
NYC,4504063,40.735207097499995,-73.9899288375
NYC,4504063,40.739450471276605,-73.98693928191487
NYC,4504063,40.742698387804886,-73.98669271219512
NYC,4504536,40.72369435970148,-73.99084057313434
NYC,4504536,40.72547173207546,-73.99658297358489
NYC,4504536,40.72693978809523,-73.99975692619049
NYC,4504536,40.72857191707317,-74.00514095609758
NYC,4527488,40.73635407647058,-74.0069768529412
NYC,4527488,40.73656614418603,-74.00616945852713
NYC,4527488,40.73676968541667,-74.00570208124999
NYC,4527488,40.740921473170744,-74.00166908048779
NYC,4527488,40.74327566312501,-73.99995774375003
NYC,4527488,40.7432218245614,-73.99944832105264
NYC,4527488,40.74246580857144,-73.99800302428572
NYC,4527490,40.744732004545455,-74.00824424696967
NYC,4527490,40.73418901981134,-74.01027485
NYC,4527490,40.72570349285714,-74.01111524642859
NYC,4527491,40.72514084166666,-74.01053044761905
NYC,4527491,40.72002131555554,-74.00278675999999
NYC,4527491,40.719578369230774,-74.00230202769232
NYC,4527491,40.71877959574468,-74.00115272978724
NYC,4527491,40.71758394062501,-73.99948056979167
NYC,4527491,40.71635022941176,-73.99667374509806
NYC,4527492,40.70014833750001,-73.98681415000001
NYC,4527492,40.69762543958333,-73.98542133541666
NYC,4527492,40.69041263170731,-73.98160984959348
NYC,4527492,40.68956837272727,-73.9811676233766
NYC,4527492,40.689149558018876,-73.98105924245284
NYC,4532700,40.69333009528301,-73.98908013867924
NYC,4532700,40.69001153373494,-73.99010898554218
NYC,4532700,40.6895406205357,-73.9903928767857
NYC,4534255,40.71742073260869,-73.98434400543475
NYC,4534255,40.718033984375005,-73.98626567708332
NYC,4534255,40.718578043103456,-73.98804613620688
NYC,4534255,40.71924357971014,-73.99009607246377
NYC,4534255,40.72271087323945,-73.98858946197183
NYC,4534255,40.72075919607842,-73.98160798921568
NYC,4534255,40.719989767346945,-73.97908686428572
NYC,4534292,40.78261721555556,-73.94384034000004
NYC,4534292,40.78403504358974,-73.94643422307693
NYC,4534292,40.78500342894736,-73.94859748947368
NYC,4534292,40.78771812407407,-73.9536746111111
NYC,4534367,40.77517088730159,-73.95915116349208
NYC,4534367,40.77179185813953,-73.9510172488372
NYC,4534397,40.71379459148936,-73.97926271914892
NYC,4534397,40.71577458260869,-73.98599048043475
NYC,4534397,40.71705395000001,-73.9861376404762
NYC,4534397,40.70978926170213,-73.96184559574468
NYC,4534397,40.710485350847456,-73.96533525762713
NYC,4539189,40.71096752105263,-74.00226000614039
NYC,4539189,40.71055013289474,-74.00189087499996
NYC,4539189,40.70991565483869,-74.00133928387096
NYC,4539249,40.7084169819519,-74.0048584235294
NYC,4539249,40.70860152051282,-74.00429954615386
NYC,4539249,40.70794479411766,-74.00430950661763
NYC,4539249,40.70914800444444,-74.00209342888888
NYC,4539249,40.71209765535714,-73.99941526249998
NYC,4539249,40.71252880172413,-73.99899505344825
NYC,4543949,40.71762920212767,-73.98502862765957
NYC,4543949,40.718090981818186,-73.98645630181821
NYC,4543949,40.718860277551016,-73.98888456530612
NYC,4543949,40.71992088207547,-73.99113171320755
NYC,4543949,40.720684194117645,-73.98981279411767
NYC,4543949,40.71846738452379,-73.99091934047618
NYC,4543949,40.71761569050636,-73.99132626329116
NYC,4543998,40.71676439545454,-73.98930135606061
NYC,4543998,40.709532122,-73.96079741399997
NYC,4544276,40.75498393777779,-73.97962240722224
NYC,4544276,40.75696256760561,-73.98286219154926
NYC,4544349,40.75692226124996,-73.98308229464284
NYC,4544349,40.75704621428572,-73.98422270000002
NYC,4544349,40.75677419062501,-73.9854131765625
NYC,4544349,40.75718510468228,-73.98600706663879
NYC,4544402,40.759111584642866,-73.98619823642858
NYC,4544402,40.75913439506174,-73.98519199012345
NYC,4544402,40.75902375633805,-73.98487488591549
NYC,4544402,40.75763198857145,-73.98256533428571
NYC,4544451,40.709888619607845,-73.9621593617647
NYC,4544451,40.71264667642856,-73.96504399999996
NYC,4544451,40.711868928020586,-73.9655266401028
NYC,4544569,40.71802919142856,-73.99393261142858
NYC,4544569,40.71887898621703,-73.98964354252199
NYC,4544569,40.717630596000014,-73.98601007799998
NYC,4544569,40.717019888888885,-73.98438876666668
NYC,4544569,40.718215308108114,-73.98252417567566
NYC,4544569,40.7193431090909,-73.97741696060605
NYC,4544712,40.719489070769235,-73.98767942461538
NYC,4544712,40.72100153494899,-73.98694872831636
NYC,4544712,40.72020685428572,-73.97970265999999
NYC,4544712,40.71917133513514,-73.97657470270272
NYC,4544980,40.748497282500004,-73.99267040499998
NYC,4544980,40.74810280312501,-73.99131972187497
NYC,4544980,40.749787152083336,-73.98376385416667
NYC,4544980,40.7491032852459,-73.9821732
NYC,4547198,40.70997080227274,-73.99155325833334
NYC,4547198,40.712290632608706,-73.9922343695652
NYC,4547199,40.72079407999999,-73.98949938250003
NYC,4547199,40.72236468679246,-73.98872068773584
NYC,4547199,40.73051130416666,-73.98317803020832
NYC,4547199,40.734781812068974,-73.98005816206896
NYC,4547199,40.73806413645833,-73.97770111354167
NYC,4547199,40.74354167999999,-73.97368877545455
NYC,4547200,40.752929384905656,-73.96688270943396
NYC,4547200,40.76259024599999,-73.95991090599999
NYC,4547200,40.76491144693878,-73.96098929591838
NYC,4547200,40.766452989583335,-73.96470768541666
NYC,4547218,40.76182902571429,-73.96704338285713
NYC,4547218,40.76080722121212,-73.95866105151514
NYC,4550031,40.760683763414626,-73.96087419512195
NYC,4550031,40.773380601315786,-73.95499463815791
NYC,4550031,40.77493744,-73.95872782888887
NYC,4550630,40.74873734696968,-73.98687595075755
NYC,4552104,40.743804575510204,-74.00832832040817
NYC,4552104,40.753614382051296,-74.00708699743589
NYC,4552104,40.76125449295774,-74.00171142535214
NYC,4552104,40.76984048586956,-73.99461546086954
NYC,4554344,40.765467012446344,-73.9973293021459
NYC,4554344,40.75822570296168,-73.99215515226479
NYC,4554587,40.725470727586206,-73.99709432068964
NYC,4554587,40.724224977966095,-73.99288068813559
NYC,4554587,40.722998369999985,-73.988953245
NYC,4554587,40.72229006951219,-73.986491747561
NYC,4554587,40.72262473,-73.98598803499999
NYC,4554844,40.746781788000014,-73.99236250799991
NYC,4554844,40.750378067924515,-73.9874656726415
NYC,4559381,40.71361107261147,-73.98045566305731
NYC,4559381,40.713918414285715,-73.97970230714284
NYC,4559381,40.72582419000001,-73.97729673500001
NYC,4559381,40.726391784210534,-73.97716504210527
NYC,4559381,40.727487547368426,-73.97631008684213
NYC,4559450,40.748704238709685,-73.96947509677419
NYC,4559450,40.75709446454545,-73.9717872172727
NYC,4559450,40.75907637500001,-73.97647869772726
NYC,4559450,40.76202553035714,-73.983314375
NYC,4559450,40.76282981709401,-73.98547142706552
NYC,4559539,40.76912352173913,-73.98213378586956
NYC,4559539,40.76423950683229,-73.98451038012422
NYC,4559539,40.76446170086957,-73.98535664608694
NYC,4559637,40.71606288969072,-73.99131802371133
NYC,4559637,40.72152015897435,-73.98909404871797
NYC,4559669,40.73784151309524,-73.9808730261905
NYC,4559669,40.73878556938776,-73.98302818265306
NYC,4559669,40.735918008571424,-73.98529363142856
NYC,4559669,40.73343651707317,-73.9870876902439
NYC,4559669,40.73354074479167,-73.98772753958333
NYC,4561110,40.746954370718825,-73.9751531895349
NYC,4561110,40.74709289838711,-73.97588986612901
NYC,4561110,40.747635534482754,-73.97484906551722
NYC,4561110,40.747418399999994,-73.97457357878787
NYC,4561110,40.7450183915493,-73.97565004084505
NYC,4561110,40.74383945925927,-73.9738167962963
NYC,4564328,40.72606709468086,-73.99808036063831
NYC,4564328,40.72832324117648,-74.00264412352942
NYC,4564328,40.72862533,-74.00511427666667
NYC,4564328,40.729093044915246,-74.00994648559322
NYC,4564328,40.73848999905662,-74.00997116603773
NYC,4564328,40.74525961517857,-74.00820944017859
NYC,4564347,40.75382060555555,-74.00330795555556
NYC,4564347,40.75337387105263,-74.00373275438596
NYC,4564347,40.75294417647059,-74.00059099019607
NYC,4564347,40.767736276666675,-73.98960577222223
NYC,4564465,40.75276735663841,-73.96564165790961
NYC,4564465,40.75318065957447,-73.9664018574468
NYC,4564522,40.760215285714295,-73.97527701881535
NYC,4564522,40.76021642648084,-73.98396730731706
NYC,4564522,40.757045161290314,-73.98625944516132
NYC,4564613,40.75474697807017,-73.9838001894737
NYC,4564613,40.75540878809524,-73.98370025476191
NYC,4564613,40.75842260294117,-73.9906453264706
NYC,4564613,40.762600356451614,-73.99355275403225
NYC,4564757,40.71991870857143,-73.9785309885714
NYC,4564757,40.722051581578945,-73.98535281842105
NYC,4564757,40.722883041935475,-73.98589367177419
NYC,4565183,40.718574368627436,-73.98795553921569
NYC,4565183,40.71901843043479,-73.98891978369565
NYC,4565236,40.725366247872344,-73.9840162537234
NYC,4565236,40.726569341860476,-73.98316378604653
NYC,4565236,40.723947296666665,-73.99100308916663
NYC,4565236,40.717992751041656,-73.98675609583334
NYC,4565262,40.71746059142858,-73.98593021714284
NYC,4565262,40.70850294750001,-73.95818750499998
NYC,4565262,40.70088070285712,-73.94228423
NYC,4565262,40.70051632647059,-73.94435352058827
NYC,4565353,40.72381814444444,-73.99262574907407
NYC,4565353,40.72697334736843,-73.99154605000001
NYC,4565353,40.728607659180334,-73.98963353016391
NYC,4565353,40.72896919754099,-73.99034505655739
NYC,4567952,40.746935409230765,-73.98571730769231
NYC,4567952,40.74666617464789,-73.98580827183098
NYC,4567952,40.7465934867647,-73.99353677867647
NYC,4567953,40.7449045787234,-73.9974170893617
NYC,4567953,40.74512127303369,-73.9978485174157
NYC,4567953,40.74530194285713,-73.99822597470238
NYC,4567953,40.750034410144934,-73.99505668115943
NYC,4567953,40.75052815882353,-73.99468873039216
NYC,4568209,40.753476519148926,-73.99552962340425
NYC,4568209,40.75342669215686,-73.9960639127451
NYC,4568209,40.754969158,-74.000366766
NYC,4568209,40.755643709090904,-74.00171185454543
NYC,4568645,40.72190416824325,-74.008209522973
NYC,4568645,40.7223359113924,-74.00816604050631
NYC,4568645,40.72264171379312,-74.00811729712643
NYC,4568645,40.72297278333334,-74.0080379179487
NYC,4568645,40.72326750126581,-74.0080606341772
NYC,4568645,40.72350243388886,-74.00794582111111
NYC,4568645,40.723841350847465,-74.00774926440677
NYC,4573332,40.76835188048781,-73.99588447560974
NYC,4573332,40.762801579999994,-74.00042288461539
NYC,4573332,40.75742127297297,-74.00483302162162
NYC,4573332,40.75048617333334,-74.00844730833333
NYC,4575040,40.72168269482758,-73.99555630287357
NYC,4575040,40.72137473137254,-73.99477232647055
NYC,4575040,40.72290754761904,-73.99451451190477
NYC,4575040,40.72187911063831,-73.99753285886527
NYC,4575040,40.72172625238096,-73.9998911
NYC,4575161,40.78177614499999,-73.97189087299998
NYC,4575161,40.788268334375,-73.97460126249999
NYC,4575161,40.789368351117325,-73.973625650838
NYC,4575161,40.78804678085106,-73.95601191914895
NYC,4575235,40.69252749285713,-73.98908044047619
NYC,4575445,40.72053009426229,-73.9815192737705
NYC,4575445,40.723976575757575,-73.97894820606064
NYC,4575445,40.72600483365385,-73.98340561923077
NYC,4575445,40.723207254,-73.98560754999998
NYC,4575445,40.71869618490565,-73.98803661509433
NYC,4575445,40.71820316500001,-73.98752790500001
NYC,4575471,40.71937809024391,-73.94159797317073
NYC,4575471,40.72578588181818,-73.9435587974026
NYC,4575619,40.77030173888889,-73.99474200555555
NYC,4575619,40.764864053333326,-73.99620709285712
NYC,4575619,40.76505518132353,-73.99449569808823
NYC,4575649,40.76520523043478,-73.99479644847821
NYC,4575649,40.762440764102564,-73.99032242564103
NYC,4575649,40.761176023809526,-73.98732298571429
NYC,4575649,40.76290983431374,-73.9853052372549
NYC,4575677,40.76494236279069,-73.96881373604651
NYC,4575677,40.76226025731707,-73.96229495609752
NYC,4575677,40.76162760583331,-73.96080271166666
NYC,4579962,40.78270671578948,-73.94379745350876
NYC,4580003,40.728681824999995,-73.9755783
NYC,4580003,40.724218691891885,-73.97878798378377
NYC,4580003,40.72181237837838,-73.98055712702703
NYC,4580003,40.72287838297873,-73.9855776148936
NYC,4580323,40.755434098936156,-73.99656782234044
NYC,4580323,40.75853184952843,-73.99632808773585
NYC,4580323,40.75893819830508,-73.99621952881357
NYC,4580346,40.725993717213115,-74.01105158360653
NYC,4580346,40.72540772333332,-74.01115589222219
NYC,4580346,40.72197831583334,-74.00553040833333
NYC,4580346,40.71854736808509,-74.00067758404255
NYC,4580346,40.71630597727273,-73.99630621818183
NYC,4580346,40.69403245833334,-73.98355945
NYC,4582901,40.75199309155844,-73.99001532727273
NYC,4582901,40.74509051153845,-73.98825738076921
NYC,4582901,40.74301485909092,-73.98311139545454
NYC,4582901,40.74214650546875,-73.98111211718751
NYC,4597470,40.732284899999996,-74.01032102765957
NYC,4597470,40.74911040727273,-74.00789936727273
NYC,4599221,40.76575700104167,-73.99093306562501
NYC,4599221,40.76776366545454,-73.98732969614325
NYC,4599221,40.7673410047619,-73.98636220952385
NYC,4599221,40.76622477890625,-73.98360450156248
NYC,4603971,40.76809026229519,-73.9844954218579
NYC,4603971,40.76783859714286,-73.96843321142856
NYC,4603971,40.77579241547619,-73.96077321309527
NYC,4604044,40.78727391075697,-73.95102813625498
NYC,4604044,40.79862190731707,-73.94149123414634
NYC,4604044,40.7992715270115,-73.9430148637931
NYC,4604501,40.758935576712325,-73.99589965205475
NYC,4604501,40.76711035000002,-73.9899592
NYC,4604501,40.7678033324468,-73.98743475531916
NYC,4604501,40.767321641666676,-73.98635956874998
NYC,4604501,40.766705880645155,-73.98656867096773
NYC,4604609,40.76657825405405,-73.99029176216216
NYC,4604609,40.76692320370369,-73.99006137407407
NYC,4604609,40.767620475,-73.98963126022727
NYC,4604609,40.768417930000005,-73.98880361636361
NYC,4604609,40.767709078125,-73.98725290931604
NYC,4604609,40.76737501904762,-73.98636545714285
NYC,4604609,40.76615198615383,-73.98357186461536
NYC,4605831,40.768981073684216,-73.98812585964913
NYC,4605831,40.76360219726028,-73.99613409315069
NYC,4605831,40.76314165206186,-73.99641117010309
NYC,4605831,40.76278724011628,-73.99678962412793
NYC,4605910,40.76142751567166,-73.99783988656716
NYC,4605910,40.76078672592593,-73.99802232510291
NYC,4605910,40.76025011197182,-73.99876404788732
NYC,4605910,40.759181374193545,-73.99834844193548
NYC,4605910,40.75896963076923,-73.99787860961538
NYC,4608656,40.747101037142855,-73.97579298857143
NYC,4608656,40.75565539166668,-73.97119220833333
NYC,4608656,40.761838616000006,-73.972394428
NYC,4627101,40.75881991578948,-73.99557266381578
NYC,4627101,40.76759755333333,-73.98964571777779
NYC,4627101,40.76783164203163,-73.98767986733574
NYC,4627101,40.76619283515624,-73.98356347578124
NYC,4628716,40.759049095058145,-73.98503432500002
NYC,4628716,40.75906088947367,-73.98783152631582
NYC,4628716,40.76020422142857,-73.9906709190476
NYC,4628716,40.758147796103884,-73.99371940129869
NYC,4628716,40.758252300769215,-73.99433311692306
NYC,4628716,40.75853094000001,-73.99479722181817
NYC,4628716,40.758835142857144,-73.99498906857143
NYC,4630881,40.71759105462962,-73.9886811388889
NYC,4630881,40.71945037954545,-73.98772700227272
NYC,4630881,40.72202848947368,-73.98640501052634
NYC,4630881,40.72499181666665,-73.99477496979166
NYC,4630881,40.72855671071428,-74.0049483392857
NYC,4630881,40.728761286666675,-74.006948555
NYC,4630959,40.722125999999996,-74.0058243397727
NYC,4630959,40.719525257142855,-74.00206035510202
NYC,4630959,40.71663178461539,-73.99711616666669
NYC,4630959,40.69629582,-73.9846933411765
NYC,4631194,40.702997594117655,-74.01165885882352
NYC,4631194,40.706132478030305,-74.00905882348486
NYC,4631302,40.709662435483864,-74.0148692096774
NYC,4631302,40.70830530058139,-74.01386995755811
NYC,4631302,40.7080124957143,-74.01368690285716
NYC,4631302,40.708753452500005,-74.0126293625
NYC,4631360,40.75412866150442,-73.96676656415929
NYC,4631360,40.75395913597561,-73.96639314573174
NYC,4631360,40.7569909487395,-73.96751768487395
NYC,4631382,40.744986434090904,-73.9334953431818
NYC,4631382,40.741176943137255,-73.93434269411765
NYC,4633897,40.77079627249999,-73.99465014750004
NYC,4633897,40.76564973454544,-73.99769270545453
NYC,4633897,40.76237109912281,-74.00091287456141
NYC,4633897,40.75721146428572,-74.00491918809523
NYC,4633897,40.749487728571424,-74.00825832321428
NYC,4633925,40.74374346956522,-74.00859080434782
NYC,4633925,40.731484674390245,-74.01053885365853
NYC,4633925,40.72319846779661,-74.01166561355932
NYC,4633925,40.7157701056338,-74.01327211126761
NYC,4635588,40.74839736195652,-73.96855006847825
NYC,4635588,40.74858575,-73.9689305527027
NYC,4635588,40.74876771923078,-73.96935740705128
NYC,4635588,40.74942682209302,-73.96940551395348
NYC,4635588,40.75170698367346,-73.9704813612245
NYC,4635588,40.752770155813955,-73.97258080232557
NYC,4635588,40.753036629704795,-73.97187647712181
NYC,4636059,40.71989492777777,-73.97846626666666
NYC,4636059,40.72198940232558,-73.98513783255812
NYC,4636059,40.722266018965506,-73.98607087672411
NYC,4636059,40.72363399393939,-73.99075513636366
NYC,4636339,40.69237216097559,-73.98915076097559
NYC,4636339,40.69295814888889,-73.99071607333335
NYC,4636339,40.696176844,-73.98910973333336
NYC,4636405,40.72462120288461,-73.98011167211538
NYC,4636405,40.71911674074075,-73.97506313518518
NYC,4636405,40.76086862982455,-73.96098299385966
NYC,4636439,40.78598932836879,-73.97992814078015
NYC,4636505,40.74500471771299,-73.98720642735425
NYC,4636505,40.74448457560975,-73.98885810975608
NYC,4636689,40.74596726761364,-73.99560463977274
NYC,4636689,40.74410937149122,-73.99468527368418
NYC,4636689,40.74230877389557,-73.99601637831326
NYC,4641660,40.722220346666674,-73.99182842458332
NYC,4641660,40.720195881249985,-73.99285162708333
NYC,4641660,40.721124594117654,-73.9980946411765
NYC,4641660,40.721264826923075,-74.00511387948715
NYC,4655019,40.76574542244897,-73.98010634489795
NYC,4655019,40.7604077513889,-73.96772060833335
NYC,4655019,40.7594435796875,-73.96552135156247
NYC,4655019,40.758871473170736,-73.96568591219513
NYC,4664144,40.74679607536233,-73.97289534347826
NYC,4664144,40.7462347897196,-73.97258334859812
NYC,4664144,40.74639249074074,-73.9718585390947
NYC,4665062,40.7503955779661,-74.00221594915256
NYC,4665062,40.749832033962264,-73.99952718490566
NYC,4665062,40.75130958103447,-73.99416841637931
NYC,4665062,40.75515551132076,-73.99155548113208
NYC,4665062,40.756311947109815,-73.9906686112717
NYC,4665086,40.75698720674158,-73.99010543707865
NYC,4665086,40.755153904,-73.984459694
NYC,4665086,40.75365300109649,-73.98134051546053
NYC,4672349,40.767700539047624,-73.9867893052381
NYC,4672349,40.76897122258066,-73.99219927096773
NYC,4674598,40.75445767,-74.00110173
NYC,4674598,40.75468035333334,-74.00170284222224
NYC,4674598,40.74961530303031,-74.00651202575759
NYC,4674598,40.747977787096765,-74.0078050096774
NYC,4674598,40.74478000483872,-74.00849378387096
NYC,4681489,40.729900388999994,-74.01059204500001
NYC,4681489,40.728679188235276,-74.00524243529412
NYC,4681489,40.7256920037825,-74.00662076312055
NYC,4685794,40.74919214084506,-74.00791858309857
NYC,4685794,40.759222247887315,-74.00314192957747
NYC,4685794,40.76659735373135,-73.99679257611939
NYC,4704667,40.71989708526316,-73.98777478842105
NYC,4704667,40.719449525,-73.98869545000001
NYC,4704667,40.709650569387755,-73.95917456530613
NYC,4704864,40.72302341521739,-73.93929903260867
NYC,4704864,40.723351566666665,-73.9393687625
NYC,4704864,40.722492969230764,-73.94088579230767
NYC,4705079,40.75632759848486,-73.991500875
NYC,4705079,40.7615026857143,-73.99013914
NYC,4705079,40.761056577142845,-73.99065877999998
NYC,4705079,40.76000161785714,-73.98799283095238
NYC,4705079,40.75880109189188,-73.98556834594594
NYC,4705137,40.77767980377358,-73.94516319622642
NYC,4705137,40.77774466557971,-73.94569938079708
NYC,4705163,40.72203633142856,-73.98534541142855
NYC,4705163,40.72285879729729,-73.98580563783784
NYC,4705163,40.723185575,-73.98555236219508
NYC,4705163,40.72618141766466,-73.98340379970057
NYC,4705163,40.72913984375,-73.987066228125
NYC,4709092,40.71969844634146,-73.99803782682928
NYC,4709092,40.718366033333325,-73.99884250555559
NYC,4709092,40.71628176842103,-73.99632896578946
NYC,4709092,40.69634365284091,-73.98476609602272
NYC,4709369,40.7239955,-73.98225630285717
NYC,4709369,40.72243363230769,-73.9862406153846
NYC,4709369,40.72056860240965,-73.98715772409639
NYC,4709401,40.75004125263158,-73.97828497631578
NYC,4709401,40.75154703556701,-73.97963604123711
NYC,4709444,40.76042940000001,-73.96758851749999
NYC,4709444,40.759487621428576,-73.96537400714286
NYC,4709444,40.759559582222224,-73.96813068444445
NYC,4709473,40.76427811521739,-73.97672491086955
NYC,4709473,40.77032544090909,-73.99147000227272
NYC,4709814,40.749949271875,-73.988188103125
NYC,4709814,40.74855398974359,-73.98494053846154
NYC,4709814,40.74666891904762,-73.98052463809522
NYC,4709814,40.74536260000002,-73.97706051254417
NYC,4709814,40.74488681276597,-73.97616429574465
NYC,4709835,40.744968151470594,-73.97595909705882
NYC,4709835,40.74461594736846,-73.97545444473685
NYC,4709835,40.74548905111111,-73.97527140888889
NYC,4709835,40.745041492,-73.97582653799998
NYC,4709835,40.72391404912281,-73.99100534561403
NYC,4716077,40.75821568730159,-73.99442123650793
NYC,4716077,40.75880734905661,-73.9959666
NYC,4716077,40.76755011702127,-73.98955449361699
NYC,4716077,40.76765938531309,-73.98710119383058
NYC,4716077,40.76746066545454,-73.98675828363636
NYC,4716077,40.7663165382353,-73.98406244999998
NYC,4718303,40.76143951666666,-73.98371864722223
NYC,4718303,40.7605401688889,-73.98438753999999
NYC,4718303,40.758756436585365,-73.98502449024389
NYC,4718338,40.75864367894738,-73.99479872894736
NYC,4718338,40.75872360555556,-73.99508773055554
NYC,4718338,40.758861833132535,-73.99553085662649
NYC,4718338,40.75897370786517,-73.9957532247191
NYC,4718338,40.75901583164558,-73.99625228227848
NYC,4718338,40.75929665106383,-73.99715138085104
NYC,4718338,40.75905235925925,-73.99739500617282
NYC,4720724,40.76574617762237,-73.95700132937067
NYC,4720724,40.76561182941176,-73.95489027647059
NYC,4720845,40.76603932941177,-73.95427463921567
NYC,4720845,40.7660006131579,-73.95440609736842
NYC,4720845,40.76873641276595,-73.95247117446807
NYC,4720845,40.773921002380945,-73.94872486190475
NYC,4720845,40.779643574657534,-73.94445731095891
NYC,4720845,40.78245829242424,-73.94435230151515
NYC,4723620,40.71754906329991,-73.99405964749059
NYC,4723620,40.71798398900001,-73.993865339
NYC,4723620,40.71965469687499,-73.99298120703122
NYC,4723620,40.723351031428585,-73.9910977242857
NYC,4723620,40.72296077722222,-73.98921590777778
NYC,4723620,40.7225969969231,-73.98810534769234
NYC,4723620,40.72179231224491,-73.9851378265306
NYC,4723733,40.7201615007479,-73.98257874019394
NYC,4723733,40.719764592452826,-73.98282318301884
NYC,4723733,40.71787314210525,-73.98555070789473
NYC,4723733,40.718108059183656,-73.98562634897958
NYC,4723733,40.72096985999999,-73.98415028999999
NYC,4723733,40.71995278888889,-73.97911248333335
NYC,4724246,40.71772727446808,-73.9853156042553
NYC,4724246,40.71823730508476,-73.98686904237287
NYC,4724246,40.7185795609091,-73.98802004181816
NYC,4724246,40.71918870243902,-73.99000723414635
NYC,4724246,40.719967181818184,-73.99258424363637
NYC,4724246,40.721252125,-73.99465807045455
NYC,4724246,40.72102496339284,-73.99396962857142
NYC,4724315,40.72562620317461,-73.97769209682538
NYC,4724315,40.726836410000004,-73.97977550333334
NYC,4724315,40.727800917692306,-73.98206203076923
NYC,4724315,40.72698596085526,-73.99167180559216
NYC,4724350,40.76415120000001,-73.95917696923078
NYC,4724350,40.764905143478266,-73.9610113097826
NYC,4724350,40.76448645,-73.96150386764705
NYC,4724350,40.76417854711865,-73.96136573661018
NYC,4724414,40.76252994166666,-73.95716032083334
NYC,4724414,40.71983008103448,-73.97833411724137
NYC,4724414,40.72176889807692,-73.98446689807692
NYC,4724414,40.72221474761905,-73.98594521428568
NYC,4724493,40.722240991666666,-73.98660141944444
NYC,4724493,40.72071846944445,-73.98160374444443
NYC,4724493,40.71996034444443,-73.97906833555555
NYC,4724493,40.782629654999994,-73.94382072900002
NYC,4724533,40.78378142916667,-73.94442411354166
NYC,4724533,40.788442397435894,-73.9550084384615
NYC,4724533,40.79532368454546,-73.97115819636365
NYC,4724533,40.79673030487805,-73.96866670121949
NYC,4724633,40.71989533297873,-73.97852512340425
NYC,4724633,40.721543977419344,-73.98062990322579
NYC,4724633,40.7239700400901,-73.97889344369368
NYC,4724633,40.73034956666665,-73.98020393333331
NYC,4725039,40.757272590163936,-73.99384423442618
NYC,4725039,40.74756839819277,-73.98519894036146
NYC,4725039,40.74681422464788,-73.98400263802816
NYC,4725039,40.747151438235285,-73.98350295882355
NYC,4725039,40.75254827837838,-73.97862914054053
NYC,4729389,40.71831252340425,-73.98706784893616
NYC,4729389,40.71861941221375,-73.98790569408395
NYC,4729389,40.71877670588234,-73.98868805882351
NYC,4729389,40.719477316666676,-73.99101430208334
NYC,4729389,40.72026129583333,-73.99369667916667
NYC,4729389,40.71964380285715,-73.9943828342857
NYC,4729737,40.73530412745097,-73.9918372117647
NYC,4729737,40.731485645454555,-73.98279924545453
NYC,4729737,40.73193169090909,-73.98209461515151
NYC,4729737,40.73561684999998,-73.97547248513513
NYC,4729820,40.721773354716994,-73.98447575660377
NYC,4729820,40.7221640369863,-73.98584328424661
NYC,4729820,40.721393257446806,-73.98682302127656
NYC,4729820,40.718839605357154,-73.98810811964286
NYC,4729844,40.719152037842456,-73.98956007654108
NYC,4729844,40.71927631333334,-73.99001114888887
NYC,4729844,40.72153913448275,-73.98907496275864
NYC,4729844,40.731557984848486,-73.98523696666666
NYC,4729949,40.7390861744186,-74.00262159767443
NYC,4729949,40.74608650588227,-73.99276617117646
NYC,4729949,40.7465404,-73.99387655370371
NYC,4729997,40.746202902777775,-73.99095863240741
NYC,4729997,40.75484886530613,-73.98765888163268
NYC,4730149,40.71889731382978,-73.98888365851063
NYC,4730149,40.720011097674416,-73.99252340930234
NYC,4730149,40.71976038437501,-73.99435925312497
NYC,4730149,40.721234007142854,-73.99468552142855
NYC,4730149,40.72102772765958,-73.99398544680851
NYC,4730149,40.72391751293101,-73.99264224310342
NYC,4730149,40.72695445499999,-73.991587145
NYC,4730174,40.72584803620689,-73.98971931853447
NYC,4730174,40.72515408545455,-73.99026796000001
NYC,4730174,40.720229545999985,-73.99287335
NYC,4733444,40.72539538095237,-73.98410821111109
NYC,4733444,40.7224343890411,-73.98621454109592
NYC,4733444,40.72366741093751,-73.99084621796874
NYC,4733444,40.725466959615375,-73.99657401923076
NYC,4734077,40.719378049999996,-73.97707010581395
NYC,4734077,40.722013833333335,-73.98526859374998
NYC,4734077,40.72274731714287,-73.98594427714285
NYC,4734077,40.72597079250001,-73.98358506500001
NYC,4734102,40.73036644999999,-73.98615707571427
NYC,4734102,40.72848987894736,-73.99074494210525
NYC,4734102,40.727230546808514,-73.99154528936168
NYC,4734102,40.726497886956516,-73.9901029557971
NYC,4734102,40.72637372317073,-73.98964827439023
NYC,4734102,40.71805396363636,-73.98686444659087
NYC,4734213,40.72204225746755,-73.98813612402601
NYC,4734213,40.731631671052625,-73.98528287631576
NYC,4734213,40.730908194444446,-73.98599498888886
NYC,4734283,40.760849964361704,-73.99029138138299
NYC,4734283,40.7588705969697,-73.9856800969697
NYC,4734283,40.7584913210396,-73.98476261658415
NYC,4734306,40.78382950625001,-73.94434285833334
NYC,4734306,40.78737157941177,-73.94458182941177
NYC,4734345,40.72205496875,-73.985276746875
NYC,4734345,40.721113746153854,-73.9869185692308
NYC,4734345,40.718826947383725,-73.98842966279076
NYC,4734345,40.718926728571425,-73.98888215142857
NYC,4734374,40.72269232413793,-73.98856495689654
NYC,4743773,40.71975533939393,-73.99296048257578
NYC,4743773,40.71973369285716,-73.99234966938775
NYC,4743773,40.7187769948,-73.99263347813333
NYC,4743773,40.721540912500004,-73.98900520416665
NYC,4743773,40.7212035569343,-73.98763862189783
NYC,4743902,40.72203399318182,-73.98531735454544
NYC,4743902,40.721487251351334,-73.98763451621623
NYC,4743902,40.72107480666666,-73.98712732444446
NYC,4743944,40.82838660196078,-73.9351803745098
NYC,4743944,40.82520539333335,-73.93673664666669
NYC,4743944,40.8265601,-73.93537657959185
NYC,4743989,40.71992147179487,-73.9785924179487
NYC,4743989,40.72196624594595,-73.98515529189189
NYC,4743989,40.72290340909091,-73.98581615454543
NYC,4743989,40.7271622775,-73.982727395
NYC,4743989,40.73026890625,-73.98045552031247
NYC,4744025,40.735164648837205,-73.97530524418606
NYC,4744128,40.72205694651161,-73.98532448953486
NYC,4744128,40.72257307317072,-73.97705116585365
NYC,4744128,40.72401158959999,-73.97577943839997
NYC,4744128,40.7191334688889,-73.9750663488889
NYC,4744153,40.7437679114754,-73.97333268770493
NYC,4744153,40.74449880526316,-73.9750315368421
NYC,4744153,40.74550235806452,-73.97725221612906
NYC,4744153,40.75342607966102,-73.99649710847461
NYC,4744199,40.72880041111111,-74.00692187037033
NYC,4744199,40.72936537058823,-74.00699655294113
NYC,4744199,40.73408106778655,-74.00439475019765
NYC,4744199,40.733807115573754,-74.00263948196722
NYC,4744199,40.73110585641026,-73.99973285641022
NYC,4744199,40.720461037209304,-73.99399025813955
NYC,4744273,40.73149525152673,-73.98925245992366
NYC,4744273,40.732638886111104,-73.99000568611112
NYC,4744273,40.72901312647058,-73.99032265882352
NYC,4744273,40.72718155789473,-73.99151612105264
NYC,4744273,40.72054696630436,-73.99394614456523
NYC,4744273,40.71797959130435,-73.9868002445652
NYC,4748091,40.73008843749999,-73.98958287499997
NYC,4748091,40.73257735199999,-73.99526970599999
NYC,4748091,40.73362562698413,-73.99788331904763
NYC,4748091,40.73395688275862,-73.99868468965516
NYC,4748091,40.729643522,-74.005223334
NYC,4748142,40.72515932399999,-74.00586197200002
NYC,4748142,40.7232513754386,-74.00619986491226
NYC,4748142,40.72580594545455,-74.00754606181818
NYC,4748142,40.7232302510204,-74.00618178367347
NYC,4748931,40.752983839583344,-73.96693492708333
NYC,4748931,40.76107549859156,-73.9690732633803
NYC,4748931,40.758514439705884,-73.97301504117645
NYC,4748931,40.758761318487416,-73.9728687210084
NYC,4749083,40.76343262957746,-73.99658182957747
NYC,4749083,40.76228024545454,-73.99388245151513
NYC,4749083,40.76274533947368,-73.99325614210525
NYC,4749083,40.765296536904756,-73.99785394761908
NYC,4749462,40.764140148484856,-73.97408143939394
NYC,4749462,40.76393912424242,-73.97358237878791
NYC,4749462,40.75957258454545,-73.98044776727271
NYC,4749462,40.76106661553256,-73.98549607218936
NYC,4749462,40.761585835000005,-73.98636440999998
NYC,4749548,40.750563610526314,-73.99484093421053
NYC,4749548,40.75086155605536,-73.99597508771625
NYC,4749548,40.741021094166655,-74.00510176750001
NYC,4749569,40.73873294819816,-74.00515844324336
NYC,4749569,40.73530906415093,-73.99200603207548
NYC,4749569,40.72027232058824,-73.99283927058823
NYC,4749590,40.72022586521739,-73.9928268847826
NYC,4749590,40.7177116392157,-73.98598830196077
NYC,4749729,40.743261678125,-73.97233467656251
NYC,4750121,40.75870272571431,-73.99513838142859
NYC,4750121,40.75887458783784,-73.99584815878376
NYC,4750121,40.76462830625001,-73.99195660624999
NYC,4750121,40.767805250199984,-73.98756493049999
NYC,4750121,40.76746654193548,-73.98674212580646
NYC,4752287,40.760224265957454,-73.98402617234042
NYC,4752287,40.76396466756757,-73.9919408054054
NYC,4752287,40.76520421249998,-73.9948406921875
NYC,4752326,40.765080293000004,-73.99529480325005
NYC,4752326,40.76405333433733,-73.99594180903611
NYC,4752326,40.763641897087396,-73.99631251747573
NYC,4752443,40.76241556198346,-73.99694159214877
NYC,4752443,40.7622337866426,-73.99741678339353
NYC,4752443,40.76152975731707,-73.9978746378049
NYC,4752485,40.761580923148145,-73.99802934074076
NYC,4752485,40.76139733705883,-73.99805479470582
NYC,4752485,40.76098420823294,-73.99810274277107
NYC,4752485,40.76066127924529,-73.99839892830188
NYC,4752485,40.75997523703703,-73.99894296296299
NYC,4753606,40.71939172389707,-73.99420349718137
NYC,4753606,40.71971817647059,-73.99425784313725
NYC,4753606,40.721432087500006,-73.99348761363636
NYC,4753606,40.72335923333333,-73.99277341944442
NYC,4753606,40.723687666071434,-73.99269020892852
NYC,4753606,40.72615464255319,-73.9981014
NYC,4753606,40.72795031886793,-74.00171578301888
NYC,4753653,40.74256142222219,-73.99308488240742
NYC,4753653,40.74631548750001,-74.00084213333335
NYC,4753754,40.76011262720586,-73.9913735823529
NYC,4753754,40.75854951530613,-73.99262429693877
NYC,4753816,40.74329736400001,-73.99783382239998
NYC,4753816,40.74387141311474,-73.9993315590164
NYC,4753816,40.751043969736855,-74.00415899999999
NYC,4753816,40.7416100090909,-74.009110875
NYC,4753864,40.732121334374995,-73.988170971875
NYC,4753864,40.74310762272729,-73.98006442954544
NYC,4753864,40.746917397058816,-73.97730607058826
NYC,4753924,40.753167482051275,-73.96618797179487
NYC,4753924,40.75255585102041,-73.98230368163266
NYC,4753951,40.74754368076923,-73.98815608000001
NYC,4753951,40.74835034594593,-73.98877283513515
NYC,4753951,40.747687452173906,-73.98617416086957
NYC,4755009,40.70348000943396,-74.01113968301887
NYC,4755009,40.70628426858974,-74.00901730288462
NYC,4755119,40.72266026060604,-73.9886171719697
NYC,4755119,40.72605517058824,-73.97806796029413
NYC,4755119,40.725918388095224,-73.97768529523809
NYC,4755119,40.72361235365854,-73.97923565609756
NYC,4755119,40.721143957500004,-73.98106740749999
NYC,4755119,40.722024389,-73.985358693
NYC,4757782,40.76665965487804,-73.98313307439022
NYC,4757782,40.769529075,-73.989821728125
NYC,4757782,40.76405442142859,-73.9959570085714
NYC,4757782,40.76351138559323,-73.99626776271185
NYC,4757835,40.76200574700858,-73.99738864529917
NYC,4757835,40.761723779365084,-73.9975944174603
NYC,4757835,40.761409338738744,-73.99794770900903
NYC,4757835,40.76114768181819,-73.99815786666666
NYC,4757835,40.761158456741555,-73.99810703988764
NYC,4757835,40.76067242923076,-73.99874103230772
NYC,4757835,40.759941635185186,-73.99889194074073
NYC,4764490,40.718032742201046,-73.9936305282496
NYC,4764490,40.71763145833334,-73.99203726666667
NYC,4764490,40.718135962637355,-73.99371692527474
NYC,4764490,40.71861418444445,-73.99357187555557
NYC,4764490,40.71923540228758,-73.99323675686271
NYC,4764532,40.71961089058824,-73.99192504411764
NYC,4764532,40.71948020153846,-73.99140461999998
NYC,4764532,40.71901413275864,-73.9899632758621
NYC,4764532,40.71833958431371,-73.98777829215686
NYC,4764893,40.717419326470605,-73.98600422647058
NYC,4764893,40.69982994779411,-73.95363211691178
NYC,4764893,40.6953720890909,-73.9526064109091
NYC,4765493,40.70404130038464,-74.0096224092308
NYC,4765493,40.703576536585366,-74.00963109268294
NYC,4765493,40.70430117605635,-74.00638352112678
NYC,4765493,40.7062639837647,-74.00322457505884
NYC,4765493,40.70884476764706,-74.00232321470588
NYC,4765549,40.75966686181819,-73.9587528909091
NYC,4765549,40.76081177545454,-73.96094636272726
NYC,4765698,40.72460689337749,-73.9801722
NYC,4765698,40.7249695409836,-73.98098831147541
NYC,4765698,40.721639453999984,-73.98370260400002
NYC,4765817,40.719215240476196,-73.99340990714285
NYC,4765817,40.71932907142857,-73.99423044523807
NYC,4765817,40.7203407152866,-73.99594944904455
NYC,4765817,40.72046515,-73.99667101666667
NYC,4769904,40.72226025409838,-73.98649508770492
NYC,4769904,40.72414523333333,-73.98080981777777
NYC,4769904,40.72572560677966,-73.98275471694923
NYC,4769904,40.722516533064514,-73.98613998145161
NYC,4769904,40.71914130232559,-73.98889822325582
NYC,4769922,40.722261010000004,-73.94975392500001
NYC,4769922,40.72390842692305,-73.9504720456044
NYC,4769922,40.72406369749999,-73.9500315475
NYC,4769922,40.724550396825414,-73.94846752460315
NYC,4770523,40.71970246666667,-73.98760143333334
NYC,4770523,40.72529166555556,-73.98404627148146
NYC,4770523,40.72696540168066,-73.98560153949578
NYC,4770523,40.73556164428573,-73.97532951428569
NYC,4770569,40.783873851282046,-73.94436265384616
NYC,4770594,40.80287250555557,-73.96534385000001
NYC,4770594,40.79924144571429,-73.97044108714286
NYC,4770660,40.71991831666668,-73.97851462222222
NYC,4770660,40.72206661951221,-73.98527940731707
NYC,4770660,40.72695882142858,-73.98559654821428
NYC,4770660,40.72732866235957,-73.98545568483148
NYC,4770683,40.726743638596496,-73.9832849254386
NYC,4770683,40.7231518885965,-73.98568398070175
NYC,4770683,40.719069225714286,-73.98901755857139
NYC,4770775,40.722441090697664,-73.98700421860462
NYC,4770775,40.721264308823535,-73.98774461029413
NYC,4770775,40.72252060571427,-73.98693852857141
NYC,4770775,40.72323696796406,-73.98834607305389
NYC,4770775,40.7303285097561,-73.98625951951222
NYC,4770775,40.731570053846156,-73.989291325641
NYC,4770775,40.73191101509434,-73.99006461509433
NYC,4770859,40.73195019473684,-73.99012699999999
NYC,4770859,40.732715531249994,-73.99003528749999
NYC,4770859,40.727011270370376,-73.983932845679
NYC,4770859,40.72241556785715,-73.98626495119049
NYC,4771501,40.70054129696969,-73.99080817272726
NYC,4771501,40.70179211415095,-73.99218380471699
NYC,4775412,40.74450917500001,-73.98509980588231
NYC,4775650,40.743186787499994,-73.99128096499999
NYC,4775650,40.74196853235293,-73.98927531176469
NYC,4775650,40.73846300161291,-73.98808931612902
NYC,4775732,40.79391198626608,-73.9705404527897
NYC,4775732,40.795217690000015,-73.97301560399997
NYC,4775732,40.771033052083325,-73.99450705833331
NYC,4775732,40.770401368749994,-73.99155649999999
NYC,4775960,40.71171261860465,-73.99974874883723
NYC,4775960,40.71292085428572,-73.99446924857146
NYC,4775960,40.71416419361701,-73.99401019361703
NYC,4775960,40.71488080921053,-73.99373157171053
NYC,4775960,40.7156026,-73.99411761612902
NYC,4776009,40.70417345306121,-73.9866612755102
NYC,4776009,40.700031099444445,-73.98288920861113
NYC,4776122,40.74471519859154,-73.98720660140843
NYC,4776139,40.79418303684211,-73.97062732982457
NYC,4776139,40.801955326086954,-73.96138038260868
NYC,4776139,40.802827535384615,-73.96346928307692
NYC,4776379,40.72454060757895,-73.97855249726314
NYC,4776379,40.72361986860465,-73.97921655116279
NYC,4776379,40.72115356829268,-73.9810375097561
NYC,4776379,40.72203395106383,-73.98536388297875
NYC,4777039,40.767955708348246,-73.98747713703042
NYC,4777039,40.76574105294117,-73.98291299803924
NYC,4777039,40.76416309285713,-73.97868308095238
NYC,4778770,40.767371102631586,-73.98443770263157
NYC,4778770,40.762654837704915,-73.9968748508197
NYC,4778770,40.76219342897196,-73.99729439813083
NYC,4780340,40.731216936851524,-73.9737247148479
NYC,4780340,40.732574937234034,-73.9744216457447
NYC,4780340,40.73586351944444,-73.97620274444445
NYC,4780340,40.736833376153854,-73.97830953384616
NYC,4780340,40.73871137021277,-73.9828205638298
NYC,4780340,40.73942834300001,-73.9844443
NYC,4780687,40.75760930277779,-73.98452919444442
NYC,4780687,40.75763171176471,-73.98514161176469
NYC,4780687,40.75924039523809,-73.98827002698413
NYC,4780687,40.75975396323531,-73.9881982132353
NYC,4780961,40.7195736081081,-73.99106745675677
NYC,4780961,40.72092570674603,-73.992566465873
NYC,4780961,40.72057656140351,-73.99264156491228
NYC,4780961,40.72027476190476,-73.99276903809522
NYC,4781004,40.722249736170205,-73.98649807446807
NYC,4781004,40.724989036842096,-73.98126519736844
NYC,4781004,40.725351636054405,-73.98690507346936
NYC,4781004,40.72570732162161,-73.98669001891895
NYC,4781106,40.762012619791676,-73.98698043854166
NYC,4781302,40.71930644722222,-73.99974331805555
NYC,4781302,40.71946723142857,-74.00613332857144
NYC,4781302,40.71837912113402,-74.00656339329896
NYC,4781302,40.71775708124999,-74.00041111249999
NYC,4781534,40.72645255603448,-73.98318814525864
NYC,4781534,40.72773023368422,-73.98364018947369
NYC,4781534,40.72825126634614,-73.98475657307694
NYC,4781534,40.73458558046359,-73.97568154271522
NYC,4781716,40.75727303606558,-73.9939082032787
NYC,4781716,40.75834848295455,-73.99428062727272
NYC,4781716,40.75894148809524,-73.9957239928571
NYC,4781716,40.76061004390243,-73.99849194634146
NYC,4781716,40.75851180294118,-74.00404818529412
NYC,4784904,40.74241459111111,-73.99365597111107
NYC,4784904,40.753499604081625,-73.98507127244898
NYC,4784904,40.75038655428572,-73.99126001428573
NYC,4784932,40.716239716949154,-73.99633220169493
NYC,4784932,40.71756531146246,-73.98865948043476
NYC,4784932,40.72104628235294,-73.98694570882355
NYC,4784961,40.749363794736844,-73.96942237631579
NYC,4784961,40.755662500000014,-73.97496289687501
NYC,4784961,40.75663023124999,-73.97448833749999
NYC,4784961,40.75625847867646,-73.97450229558821
NYC,4785132,40.71225898888888,-73.99229393333333
NYC,4785132,40.71472516626506,-73.99129891084338
NYC,4785132,40.71446825909092,-73.99042216818178
NYC,4785132,40.7182954267857,-73.98830236160715
NYC,4785183,40.725654266463415,-73.94473812560976
NYC,4785205,40.72259426388888,-73.98694983472221
NYC,4785205,40.722837511490695,-73.98735417608691
NYC,4785205,40.723256265740744,-73.98829098333334
NYC,4785205,40.71774596176471,-73.98599785490197
NYC,4785443,40.72770993472221,-73.98552431666666
NYC,4785443,40.72753808000001,-73.98510004285714
NYC,4785443,40.726722239999994,-73.98334532399998
NYC,4785443,40.725582876041656,-73.98392516979165
NYC,4785443,40.72377885326086,-73.98522240217392
NYC,4785443,40.72458969787235,-73.98184801276597
NYC,4785583,40.72224340431033,-73.98648698534483
NYC,4785638,40.71941330846154,-73.99031887384616
NYC,4785638,40.71897640813955,-73.98993937093024
NYC,4787948,40.76419119545455,-73.98784283333335
NYC,4787948,40.76525304999999,-73.9910434083333
NYC,4787948,40.76645067238807,-73.99407511119404
NYC,4787948,40.76153766727272,-73.997830575
NYC,4787948,40.760652800236954,-73.99854760687208
NYC,4789497,40.71702401666668,-73.99131487179488
NYC,4789497,40.718990338,-73.993420571
NYC,4789497,40.72720349583333,-74.00184974166666
NYC,4789497,40.72695286470587,-74.00016667941175
NYC,4789529,40.725437524603166,-73.99701684523811
NYC,4789529,40.72877029599999,-73.99035225299998
NYC,4789529,40.72867810078126,-73.98787320781258
NYC,4789529,40.72846104772726,-73.98924784318181
NYC,4789529,40.72926735111111,-73.99009751333337
NYC,4789545,40.741325993269236,-73.98149703461537
NYC,4789545,40.741931389795916,-73.98271447551022
NYC,4789545,40.74263866838231,-73.98441095441174
NYC,4789545,40.7453716638889,-73.99072385648145
NYC,4789598,40.73925028043479,-73.98979718695651
NYC,4789598,40.738465347500004,-73.98786539499997
NYC,4789598,40.741946247499996,-73.98496342500002
NYC,4789598,40.74509078947367,-73.98279343157894
NYC,4789598,40.74819120208335,-73.98037644166665
NYC,4789598,40.747735548387105,-73.97888815645163
NYC,4789756,40.748376884693876,-73.97819541836732
NYC,4789756,40.749634034210516,-73.98162280789472
NYC,4789756,40.754794884782605,-73.98538105434784
NYC,4789756,40.75788898208958,-73.99303809402986
NYC,4789851,40.755915129411754,-73.99117547941175
NYC,4789851,40.75635951111111,-73.9908316622222
NYC,4789851,40.75652991636363,-73.99054070000001
NYC,4789851,40.75649792941178,-73.98792940147061
NYC,4789851,40.75630096857143,-73.98722461428574
NYC,4789851,40.7564752875,-73.98717011874999
NYC,4789955,40.742204830303024,-73.97794006060607
NYC,4789955,40.74127759098361,-73.9811909409836
NYC,4789955,40.74342828918919,-73.98615681621618
NYC,4789955,40.743607191428566,-73.98821484857142
NYC,4789991,40.74450133868922,-73.99513687378438
NYC,4789991,40.74423162549021,-73.99556702156863
NYC,4789991,40.74642551875001,-74.00113152083331
NYC,4789991,40.76453274,-73.99188249333332
NYC,4789991,40.76837437019231,-73.9891155096154
NYC,4790292,40.71991811176469,-73.97849896176467
NYC,4790292,40.72166308749999,-73.98395453124999
NYC,4790292,40.722239459322026,-73.98598771610172
NYC,4790292,40.723626717894724,-73.98931242210524
NYC,4790324,40.75350350000001,-73.99249164444444
NYC,4790399,40.75491394000001,-73.99523813333334
NYC,4790399,40.75271677424242,-73.99731547626261
NYC,4790471,40.7653429180435,-73.98943991717385
NYC,4790471,40.75618616621622,-73.98714495
NYC,4790471,40.751492571428564,-73.97617020408163
NYC,4791181,40.75891799,-73.99583626333333
NYC,4791181,40.76153222202425,-73.99213205980043
NYC,4791181,40.76105232068966,-73.99097527413792
NYC,4791181,40.76065341714286,-73.99110163142856
NYC,4791181,40.76649645925926,-73.99049465
NYC,4791252,40.76795021669794,-73.98758936857412
NYC,4791252,40.766535936,-73.98479921399999
NYC,4791252,40.7655684811111,-73.98265002555556
NYC,4792428,40.75750255166667,-73.98024766166668
NYC,4792428,40.75784651190476,-73.98108058333335
NYC,4792428,40.75794094705882,-73.98144040117649
NYC,4792428,40.757965200000015,-73.98198360675676
NYC,4792428,40.75840124563106,-73.98303630097088
NYC,4792428,40.75869708876403,-73.98387298202248
NYC,4804155,40.77796685628739,-73.98830604161677
NYC,4804359,40.77421783478262,-73.95718902391305
NYC,4804359,40.77124089411766,-73.97968199117646
NYC,4804359,40.77063198891753,-73.98267612731958
NYC,4804363,40.72013629218749,-73.9940794796875
NYC,4804363,40.7238401787234,-73.99269535957445
NYC,4804363,40.72435631276596,-73.99095307446805
NYC,4804363,40.72440393728646,-73.99134444130652
NYC,4804364,40.75532535810811,-73.99868192162162
NYC,4804424,40.79294902410714,-73.96772533035711
NYC,4804424,40.79224850789473,-73.96421772368423
NYC,4804424,40.80183111549295,-73.94943483521125
NYC,4804424,40.80179720550849,-73.94787061016946
NYC,4804424,40.80159988787878,-73.94795327727275
NYC,4805850,40.751768229268286,-73.99762521463416
NYC,4805850,40.75165631052632,-73.99952390526316
NYC,4805850,40.75173220920811,-73.99969985616941
NYC,4805851,40.74901931090909,-73.99957521545456
NYC,4805851,40.74888810263158,-74.00293460789473
NYC,4805851,40.75125490740739,-74.00174207407407
NYC,4805851,40.7519147112216,-74.00127849446024
NYC,4805851,40.75545620303031,-73.99686443636365
NYC,4810259,40.76772171068335,-73.98734768070257
NYC,4810259,40.76753498108108,-73.98688028108107
NYC,4811082,40.72113954285716,-74.0048582964286
NYC,4811082,40.72223400473685,-74.0039165505263
NYC,4811082,40.72202603809524,-74.00327680000002
NYC,4811082,40.72105271951221,-74.00378760731708
NYC,4811082,40.72002038723405,-74.00280258723403
NYC,4811082,40.719438791935474,-74.00203688709676
NYC,4811082,40.71864091416665,-74.00084775333335
NYC,4811082,40.717737289285715,-73.99965693303571
NYC,4815481,40.799348404716994,-73.96732961698109
NYC,4815481,40.796980553658535,-73.97026797317072
NYC,4815481,40.795103074576275,-73.97167936271187
NYC,4815481,40.794796032,-73.97194518199998
NYC,4815481,40.79521586666667,-73.97287985000001
NYC,4818341,40.75922735094185,-73.9957501931204
NYC,4818341,40.76521364878048,-73.99139905853662
NYC,4818341,40.767489168613146,-73.9864855635036
NYC,4818526,40.76802595783131,-73.98780786014827
NYC,4818526,40.76522874406779,-73.98240315762712
NYC,4818526,40.763096207758636,-73.97742156379309
NYC,4818526,40.7619425701923,-73.97478168557693
NYC,4831328,40.73745550645161,-73.98119913548386
NYC,4831328,40.733185247916666,-73.98435700000002
NYC,4831328,40.73259222368421,-73.98751353421054
NYC,4831328,40.73507154743589,-73.99398959358975
NYC,4831328,40.73632002631579,-73.99608168947368
NYC,4831331,40.73592407555555,-74.00490060444443
NYC,4831331,40.72907383068182,-74.01013846647723
NYC,4831331,40.71652900294117,-74.0134227352941
NYC,4837269,40.75558507777778,-73.97208628222221
NYC,4837269,40.75627910833332,-73.9740357138889
NYC,4837269,40.75751566885813,-73.97696183166089
NYC,4837269,40.75779906779661,-73.97734620508474
NYC,4837269,40.7498433296875,-73.98359848125001
NYC,4837443,40.723881069841276,-73.99101489682538
NYC,4837443,40.71834128857142,-73.99376388
NYC,4837443,40.718730871212124,-73.9957459636364
NYC,4837443,40.720136685294136,-73.99588131764703
NYC,4837481,40.74140944523809,-74.00896973809525
NYC,4837481,40.74925709262293,-74.00797069590165
NYC,4837481,40.75681745384615,-74.0049939346154
NYC,4837526,40.764008234210536,-73.99877198157895
NYC,4837526,40.76985117818182,-73.99457996545453
NYC,4837526,40.795417614705876,-73.97354940352942
NYC,4837526,40.8011097952381,-73.96783863809529
NYC,4837526,40.804329428333325,-73.96643067000005
NYC,4837614,40.76565178124999,-73.99765674107142
NYC,4837614,40.764743399999986,-73.99849624375001
NYC,4837614,40.762729078169,-74.00110833169015
NYC,4837614,40.76163431999999,-74.00200253272726
NYC,4837614,40.7616549764706,-74.00137051764708
NYC,4838082,40.75870279954128,-73.99301129541284
NYC,4838111,40.73866764693878,-73.99994537551021
NYC,4838111,40.73758063333332,-73.99738119393938
NYC,4838111,40.735400773684205,-73.99217138815786
NYC,4838111,40.73430552031248,-73.98915688437499
NYC,4838111,40.73747554946809,-73.99111281489357
NYC,4838111,40.738023507142856,-73.99212152857142
NYC,4847663,40.72086533186813,-74.00518528131869
NYC,4847663,40.72869035714286,-74.00664002571428
NYC,4847663,40.729064666153825,-74.00995922923077
NYC,4847663,40.73809410096153,-74.00993029038462
NYC,4847663,40.743840502,-74.00848577599999
NYC,4847695,40.75364582840908,-74.00711198863637
NYC,4847695,40.75678748606557,-74.00503681311473
NYC,4847695,40.763866745614024,-73.99886741228069
NYC,4847695,40.76985177818182,-73.99463477272722
NYC,4847862,40.719564366129035,-74.00185594032259
NYC,4847862,40.7198874969697,-74.00245875151515
NYC,4847862,40.72201331002784,-74.00424024860723
NYC,4847862,40.72222550975609,-74.00399537317074
NYC,4847862,40.72443266326532,-74.00202703877551
NYC,4847862,40.726070181333334,-74.00164860933332
NYC,4847862,40.72466391904762,-74.00287195238094
NYC,4847908,40.724762219047626,-74.00281641904765
NYC,4847908,40.724605683035726,-74.00206164107146
NYC,4847908,40.72402395945945,-74.0042613054054
NYC,4847908,40.724825712195134,-74.0043620219512
NYC,4847908,40.73707609590164,-73.99705927459017
NYC,4847931,40.74769833142857,-73.99208739714283
NYC,4847931,40.74801540322581,-73.99286336774195
NYC,4847931,40.743727886842095,-73.9930773736842
NYC,4847931,40.743807366,-73.99292333199998
NYC,4854953,40.754444164,-73.983895774
NYC,4854953,40.75490458955224,-73.98416634776122
NYC,4854953,40.75523027321429,-73.98482575357141
NYC,4854953,40.75592012195121,-73.98539012682927
NYC,4854953,40.75587803750001,-73.98642114875
NYC,4854953,40.75683487301587,-73.98735502857143
NYC,4854953,40.756952770833344,-73.98941462291667
NYC,4855039,40.75701856857477,-73.99354090105146
NYC,4855039,40.75648673300971,-73.99380474247573
NYC,4857028,40.75829870967742,-73.97304973225808
NYC,4857028,40.75899837454546,-73.97251180545452
NYC,4857028,40.7601547283582,-73.97404048059703
NYC,4857028,40.75964644875,-73.97426363249998
NYC,4857061,40.76325408867925,-73.98136266226415
NYC,4857061,40.76431174130434,-73.9843867826087
NYC,4857061,40.759067282857146,-73.99725912571428
NYC,4857162,40.74732503285713,-73.98559131999998
NYC,4857162,40.74716702571429,-73.9838238342857
NYC,4857162,40.76110489999999,-73.96742445581394
NYC,4857208,40.723652296428575,-73.98319925238093
NYC,4857208,40.722233180645134,-73.98611174677418
NYC,4857208,40.72248177297297,-73.98714816486489
NYC,4861247,40.72137702254903,-73.99718663725488
NYC,4861247,40.72118634838711,-73.99814160000001
NYC,4861247,40.719297769642864,-73.99985392142855
NYC,4861247,40.71811803536585,-74.000108547561
NYC,4861247,40.718594135810804,-73.99955471824323
NYC,4861247,40.72139232380952,-73.9975361190476
NYC,4861296,40.724826745283025,-73.9955003754717
NYC,4861296,40.72423473797469,-73.99293781455695
NYC,4861296,40.72850903214284,-73.99068800089286
NYC,4861296,40.732845403061226,-73.98769207959184
NYC,4861441,40.73874357250001,-73.9833707575
NYC,4861441,40.743131899999995,-73.98004029230768
NYC,4861441,40.746317018518525,-73.97774036296295
NYC,4861441,40.752516017647054,-73.97331951960786
NYC,4861441,40.7561838484375,-73.97047597031249
NYC,4861603,40.75934407833335,-73.981268255
NYC,4861603,40.75882542812501,-73.97904989062499
NYC,4861603,40.75790711190475,-73.9756593904762
NYC,4861624,40.745571617924526,-73.97524097547166
NYC,4861811,40.72028437499999,-73.99928265555555
NYC,4861811,40.71859658026316,-73.9987310986842
NYC,4861811,40.720405168292686,-73.9998369512195
NYC,4861811,40.72173933936172,-73.99972851063832
NYC,4861811,40.723794335,-74.00382141
NYC,4861850,40.74506483934425,-73.98085361311473
NYC,4861850,40.743287451666674,-73.98022378333334
NYC,4861850,40.742495498913044,-73.97817223586956
NYC,4861888,40.717198647863256,-73.99079837692307
NYC,4861888,40.72106861914894,-73.98930622127658
NYC,4861888,40.7225333031746,-73.98865388253967
NYC,4861888,40.72765120444444,-73.98516702444446
NYC,4862071,40.719694995918374,-73.99303080918367
NYC,4862071,40.71985614313726,-73.99271336470588
NYC,4862071,40.71975900416666,-73.9923483541667
NYC,4862071,40.71941012307691,-73.99125437846153
NYC,4862071,40.719226110563376,-73.99067830985918
NYC,4862071,40.71874229390244,-73.98920238414634
NYC,4862071,40.71435698863636,-73.98122291704546
NYC,4862071,40.7133979483871,-73.97825204516127
NYC,4862136,40.735932925,-73.97619709444443
NYC,4862136,40.73893170307692,-73.98299145076922
NYC,4862136,40.739448636111106,-73.98268324722221
NYC,4862136,40.74248166666666,-73.98052981538463
NYC,4862159,40.73523312111112,-73.99828055944445
NYC,4862363,40.72441893333333,-73.98345199565219
NYC,4862363,40.72680483692307,-73.98550096000001
NYC,4862363,40.72787953727271,-73.98800029636362
NYC,4862363,40.72525255303031,-73.98725148030303
NYC,4862363,40.72374840294118,-73.98526853235295
NYC,4862363,40.7241900022508,-73.9863370363344
NYC,4865559,40.75935170289855,-73.9967286637681
NYC,4865559,40.76013576470589,-73.99865745098039
NYC,4865559,40.76176932156863,-74.00126207647057
NYC,4865559,40.764107107,-73.998610201
NYC,4866502,40.717622075757575,-73.99210379393939
NYC,4866502,40.718962405128195,-73.99037580641026
NYC,4866502,40.720034323,-73.98980131100001
NYC,4866502,40.72078038039216,-73.98945577058826
NYC,4866502,40.721222810294115,-73.98923202205883
NYC,4866656,40.75643926956521,-73.96454110108694
NYC,4866656,40.75544838301886,-73.96239004905661
NYC,4866656,40.76056602500001,-73.95818932738095
NYC,4866685,40.71994424363636,-73.97852367
NYC,4866685,40.722209075806454,-73.98586525080644
NYC,4866685,40.72325689722223,-73.98822926944443
NYC,4866685,40.722658030555536,-73.9860521
NYC,4866685,40.72020928285714,-73.98734175142857
NYC,4866819,40.72188983777779,-73.9856343
NYC,4866819,40.721785113888906,-73.98490070833331
NYC,4866908,40.763441968571435,-73.99659203571426
NYC,4866908,40.75218462536765,-74.00461739191176
NYC,4866908,40.75100124347827,-74.00216223695652
NYC,4872314,40.7197647508772,-73.99298625789474
NYC,4872314,40.71977071250001,-73.99237588
NYC,4872314,40.71925550652174,-73.99067838405796
NYC,4872314,40.718803213725494,-73.98918775686273
NYC,4872314,40.717647087755104,-73.98605017142856
NYC,4872314,40.71702631470589,-73.98438193529412
NYC,4872314,40.71609683452381,-73.98280022976189
NYC,4872314,40.71508151666666,-73.98327696428575
NYC,4872353,40.71709509285715,-73.98618292857142
NYC,4872353,40.7097364457143,-73.95920598571428
NYC,4872353,40.71003392894737,-73.95854558421051
NYC,4872353,40.71343934333333,-73.95333807249999
NYC,4872353,40.71489012272727,-73.95193013939391
NYC,4872567,40.71838549183674,-73.98729488163266
NYC,4872567,40.71975559702971,-73.98753494851486
NYC,4872567,40.719819621875004,-73.94428060416665
NYC,4872681,40.75376414583333,-74.00686464999998
NYC,4872681,40.76249484090909,-74.00045209090909
NYC,4872681,40.7850020220339,-73.98313642881357
NYC,4872681,40.78440109555556,-73.98136308222223
NYC,4872702,40.77732030833334,-73.98215916562496
NYC,4872702,40.77109262419354,-73.9869785064516
NYC,4872702,40.77207879473684,-73.98986558157893
NYC,4872843,40.75404630967743,-73.97579750645161
NYC,4872843,40.75196858933334,-73.98604766844441
NYC,4872843,40.75235806,-73.987090252
NYC,4872843,40.751598515116285,-73.98764761627908
NYC,4872843,40.75112529166666,-73.98724618611111
NYC,4872858,40.749139751886794,-73.98238123301887
NYC,4872858,40.74853072674417,-73.98060592790698
NYC,4872858,40.74616459423078,-73.97531651538462
NYC,4872858,40.74453823684211,-73.97212101842105
NYC,4872858,40.744435433333344,-73.97282434736843
NYC,4872858,40.74503868727273,-73.9745036781818
NYC,4872858,40.745343465625,-73.97513247500002
NYC,4872886,40.74307006044777,-73.97390717686568
NYC,4872886,40.74320703777778,-73.97244034888888
NYC,4877725,40.7233649919355,-73.98261461935486
NYC,4877725,40.72364133648649,-73.98231350270271
NYC,4877725,40.723732652475256,-73.98223651386142
NYC,4877725,40.72339456305418,-73.98249233300493
NYC,4877725,40.723594341304334,-73.98228513695653
NYC,4877765,40.71933951666668,-73.97707262499999
NYC,4877765,40.72203462857143,-73.98534669047616
NYC,4877765,40.722918,-73.98585013333336
NYC,4877821,40.722420613846154,-73.9862189323077
NYC,4877821,40.722006905882346,-73.9856927352941
NYC,4877845,40.720509907432444,-73.98018621486487
NYC,4877845,40.720975541176465,-73.98117850588233
NYC,4877845,40.724972969811326,-73.97539050188678
NYC,4877852,40.72200305227272,-73.97472527386365
NYC,4877852,40.71883384411764,-73.97492922941174
NYC,4877852,40.7487436147541,-73.96956028196722
NYC,4877852,40.75149967327586,-73.97591503448275
NYC,4877852,40.753470965,-73.98070931499998
NYC,4877881,40.75779021285714,-73.98927717857143
NYC,4877881,40.76520114295776,-73.99493588098592
NYC,4877881,40.7623461051282,-73.99008971282048
NYC,4877881,40.76116668043478,-73.98715244565219
NYC,4881349,40.689265753378365,-73.99050057635134
NYC,4888109,40.72671558045976,-73.99561192528733
NYC,4888109,40.72608414181818,-73.9948780190909
NYC,4888109,40.73370889406251,-73.98966172749998
NYC,4888109,40.73381547222223,-73.98918594722223
NYC,4888109,40.733232846875,-73.98737537500001
NYC,4888109,40.730285086842095,-73.98941479736841
NYC,4888133,40.72785714054054,-73.99119649459459
NYC,4888133,40.724376739285724,-73.99251086964286
NYC,4888133,40.723048019999986,-73.98918018333332
NYC,4888133,40.722054426530626,-73.98716212040817
NYC,4888133,40.717201985294125,-73.98968607058822
NYC,4888146,40.71788966956522,-73.99297002391303
NYC,4888146,40.71709953921568,-73.9950341352941
NYC,4888146,40.69626605340909,-73.9847404931818
NYC,4888146,40.690199623404254,-73.98175344468083
NYC,4888364,40.72819498131314,-73.98801661414139
NYC,4888364,40.72750959791667,-73.98847994166668
NYC,4888364,40.72029117142858,-73.99281855584414
NYC,4888364,40.718575566666686,-73.9884510583333
NYC,4888493,40.72049058070176,-73.9967836552631
NYC,4888493,40.721010803999995,-73.99809568999999
NYC,4888493,40.71859723272727,-74.00045650727272
NYC,4888493,40.71385805191488,-73.9944772274468
NYC,4888626,40.72195703663366,-73.9919605019802
NYC,4888626,40.720845390697676,-73.99374788488372
NYC,4888626,40.72151180254238,-73.99218878474572
NYC,4888626,40.720201289102576,-73.99278383012822
NYC,4888626,40.71764592187501,-73.98601570833334
NYC,4888626,40.71703328333334,-73.98439355833332
NYC,4888626,40.71818105263157,-73.98254551315789
NYC,4888691,40.81193458958333,-73.9356764583333
NYC,4888691,40.81678779615384,-73.94250957211537
NYC,4888691,40.81933575921052,-73.93933684342092
NYC,4888755,40.71991275128205,-73.97854678717948
NYC,4888755,40.72202995238096,-73.9853106261905
NYC,4888755,40.72291827058823,-73.98581484705882
NYC,4888755,40.72312715280613,-73.98566868137755
NYC,4893340,40.71577553695653,-73.99491392826087
NYC,4893340,40.71918904861111,-73.99323462222225
NYC,4893340,40.71973186000001,-73.9929406423077
NYC,4893340,40.72286803055555,-73.99139392222222
NYC,4893340,40.7234460647436,-73.99110645064103
NYC,4893340,40.725427268367355,-73.9964643357143
NYC,4893340,40.72802357999999,-74.00199852600002
NYC,4893359,40.72851764186046,-74.00493018139535
NYC,4893359,40.72032671040892,-74.0109332672862
NYC,4893359,40.7203026909091,-74.01174334015151
NYC,4893359,40.725069685135146,-74.01114005675676
NYC,4893359,40.72894285727272,-74.01054772272727
NYC,4893380,40.7490855909091,-74.00787512363637
NYC,4893380,40.761569792857145,-74.00138826964287
NYC,4893380,40.76278597499999,-73.99993458482143
NYC,4893380,40.76410315079365,-73.99854944603176
NYC,4893442,40.76243380857143,-73.98639864571427
NYC,4893442,40.76074171904762,-73.98437144047618
NYC,4893547,40.757387068571425,-73.97813378285713
NYC,4893547,40.75230025365854,-73.98166972439026
NYC,4893547,40.74664080888888,-73.98539812666667
NYC,4893580,40.74862515159089,-73.98810310272725
NYC,4893580,40.75550021539131,-73.99450162391305
NYC,4893580,40.75529444736843,-73.9945764
NYC,4893580,40.75530786386555,-73.99493714957984
NYC,4893905,40.75758128888888,-73.9948415972222
NYC,4893905,40.748866837988835,-73.99202422849166
NYC,4893905,40.73479725086207,-74.00007207672415
NYC,4893952,40.72725581351352,-73.99144366486489
NYC,4893952,40.72006128857142,-73.99324619999999
NYC,4893952,40.718315475,-73.987537595
NYC,4893993,40.72245636599999,-73.98691903400001
NYC,4893993,40.72085997727273,-73.98795688295453
NYC,4893993,40.72059844181819,-73.98796989727272
NYC,4893993,40.719141056756754,-73.9888203810811
NYC,4894075,40.71874665,-73.99465328478263
NYC,4894075,40.6963380825,-73.984669260625
NYC,4894075,40.69387624736842,-73.9834450526316
NYC,4894075,40.690059769090915,-73.98159094545454
NYC,4894075,40.68324149444446,-73.9769218351852
NYC,4894172,40.719018590322584,-73.9933963967742
NYC,4894172,40.72179864864865,-74.00511487297295
NYC,4894172,40.71885321666668,-73.99575784761903
NYC,4894172,40.720389969230766,-73.99510863846155
NYC,4896420,40.71755831672433,-73.99539026805076
NYC,4896420,40.71932092023809,-74.00174295476192
NYC,4898867,40.71755015106383,-73.98487015531916
NYC,4898867,40.71789755357141,-73.98596630535714
NYC,4898867,40.71832209454545,-73.98714958363637
NYC,4898867,40.71899609571429,-73.98909830214288
NYC,4898867,40.71954510348837,-73.99109901395347
NYC,4898867,40.71995258857143,-73.99267721285715
NYC,4899801,40.71489046607144,-73.9758476357143
NYC,4899801,40.72060046562501,-73.98623285625
NYC,4899801,40.72084340071423,-73.98511405071427
NYC,4899801,40.72056642545454,-73.98529661090907
NYC,4899801,40.72034427121212,-73.9847428393939
NYC,4899801,40.72041698799999,-73.984440204
NYC,4899801,40.72101388548386,-73.98412894677418
NYC,4899831,40.741994289361706,-73.98279869361701
NYC,4899831,40.74015509512195,-73.98438345609756
NYC,4899831,40.73959614242424,-73.98475028030303
NYC,4899831,40.73868610728348,-73.98467153011812
NYC,4899831,40.738289385507244,-73.98394912463766
NYC,4899831,40.73732586639345,-73.9817161565574
NYC,4899863,40.732337219418966,-73.98086043562695
NYC,4899863,40.73255785348838,-73.98137130232557
NYC,4899863,40.7325595657143,-73.98485691142858
NYC,4899863,40.73240654107143,-73.98673986249999
NYC,4899863,40.73376778163264,-73.99047026122449
NYC,4900086,40.72602194294478,-73.99193657208589
NYC,4900086,40.724330771428576,-73.9925480442857
NYC,4900086,40.73637721944445,-73.98911699444443
NYC,4900176,40.76255002156863,-73.96125924901958
NYC,4900176,40.76067633333333,-73.95853085833332
NYC,4900221,40.726957451515155,-73.98013666060604
NYC,4900221,40.72590316216216,-73.97772978378381
NYC,4900221,40.719684276923076,-73.97496469230768
NYC,4900221,40.71929770263158,-73.97502632631581
NYC,4900221,40.71337752222222,-73.97742567037038
NYC,4900221,40.7151109,-73.98377534347824
NYC,4900221,40.71698878571427,-73.9862420857143
NYC,4900535,40.718581127857156,-73.99087264249991
NYC,4900535,40.71755044126985,-73.99134112698415
NYC,4900535,40.72144879148935,-73.98904102127659
NYC,4900535,40.72125823275862,-73.98779408448276
NYC,4900535,40.71991382483221,-73.98837508791947
NYC,4900557,40.71974921011904,-73.98998085357141
NYC,4900557,40.71946619803921,-73.99033313137255
NYC,4900557,40.71757106451613,-73.99138243548387
NYC,4900557,40.714034409259256,-73.99276567870368
NYC,4900557,40.714923893877554,-73.99676246530612
NYC,4907447,40.7548055909091,-74.00675065454544
NYC,4907447,40.745863201136366,-74.00818945795457
NYC,4907447,40.739744793333344,-74.00987693583333
NYC,4907447,40.73014204047619,-74.01069565238095
NYC,4907447,40.719322764772734,-74.01252775454545
NYC,4909376,40.71624823584906,-74.01313359056604
NYC,4909376,40.7249051,-74.01114232777776
NYC,4909376,40.728953995000005,-74.01061184916666
NYC,4909376,40.73839893113205,-74.00996099339622
NYC,4909376,40.74362218333334,-74.00853284047619
NYC,4909485,40.867485365770165,-73.9537805628362
NYC,4915615,40.71821674558824,-74.00539193823529
NYC,4915615,40.72194553055556,-74.00641176574074
NYC,4915615,40.72070111071429,-74.00657759761903
NYC,4915615,40.721241104444445,-74.00478496444445
NYC,4915615,40.71806762352941,-74.00014133823528
NYC,4915693,40.719581362857156,-73.99110797714286
NYC,4915693,40.7215149670886,-73.99503590632912
NYC,4915693,40.721308581481495,-73.99461449135802
NYC,4915693,40.720785361016965,-73.99756237372883
NYC,4915693,40.7237172819149,-74.00590355106382
NYC,4915693,40.72325218888889,-74.00624188055556
NYC,4915711,40.72729904296296,-74.00176897629629
NYC,4915711,40.728423309756096,-74.00261968048781
NYC,4915711,40.74111055555556,-73.99026986944443
NYC,4915752,40.74029885581395,-73.98441229534886
NYC,4915752,40.739859481841414,-73.98455873682865
NYC,4915752,40.73849565047169,-73.9860005797169
NYC,4915752,40.73978121428571,-73.9845951553571
NYC,4915752,40.73945726285715,-73.98469885428572
NYC,4915772,40.738945016363644,-73.98338371272727
NYC,4915772,40.737977110144925,-73.98110567391308
NYC,4915772,40.719181226530615,-73.99336102040814
NYC,4915772,40.71778623611111,-73.99220315555553
NYC,4915801,40.76205724888889,-73.98539780000002
NYC,4915801,40.761123484375,-73.98345580624999
NYC,4915801,40.75851408684211,-73.97746817456142
NYC,4915801,40.75829534242423,-73.98168656969696
NYC,4915872,40.719276031914895,-73.98578013829788
NYC,4915872,40.721903586363645,-73.98643826090908
NYC,4915872,40.726260178651664,-73.98333271872661
NYC,4915872,40.725662185000004,-73.98386690750002
NYC,4915872,40.72376374148938,-73.98524166914893
NYC,4915872,40.72242845588235,-73.9862095985294
NYC,4922044,40.723669853846154,-74.0015426953846
NYC,4922044,40.72446437027027,-74.00203454864865
NYC,4922044,40.72617804400001,-73.99855087
NYC,4922044,40.72546760303031,-73.99695195
NYC,4922044,40.7236700346154,-73.99144726442306
NYC,4922044,40.723895803125,-73.992626396875
NYC,4922064,40.72866676836735,-73.9878867510204
NYC,4922064,40.72660166010639,-73.98594201808511
NYC,4922064,40.72671373207548,-73.98333781886792
NYC,4922064,40.72242296428571,-73.9862231452381
NYC,4932446,40.72178918529412,-74.00660387450979
NYC,4932446,40.721111915625,-74.004306853125
NYC,4932446,40.72027068939393,-74.0030871939394
NYC,4932446,40.719918224,-74.00258752399999
NYC,4932446,40.71968736750001,-74.00231047249999
NYC,4932446,40.71900596363633,-74.00134115454544
NYC,4932446,40.71857567500001,-74.00078873790322
NYC,4932446,40.71826389836066,-74.00035290983607
NYC,4934047,40.7225348,-74.00148133650795
NYC,4934047,40.72301346849315,-74.00239690273972
NYC,4934047,40.723414484989874,-74.00357413995943
NYC,4939978,40.71989838666668,-73.99519848166668
NYC,4939978,40.72046500322581,-73.99645937419355
NYC,4939978,40.7210294627451,-73.99790155294119
NYC,4939978,40.721436937209305,-73.9988066127907
NYC,4939978,40.71743709315067,-74.00492224897259
NYC,4939998,40.71829800204082,-74.0066806489796
NYC,4939998,40.71912774571429,-74.00854845142857
NYC,4939998,40.720080164583344,-74.0085872229167
NYC,4939998,40.72054396470588,-74.00848860000002
NYC,4940083,40.74696663333334,-73.99057700650407
NYC,4940083,40.747862956097556,-73.9928914902439
NYC,4940121,40.7387854075,-73.99633992375001
NYC,4940121,40.74339517926829,-73.99257486463418
NYC,4940121,40.74545514666668,-73.99454505777778
NYC,4940121,40.74395890714285,-73.99900945000002
NYC,4940137,40.738112571527786,-74.00645967013888
NYC,4940137,40.73911606666666,-74.00973346666666
NYC,4940191,40.771543692857136,-73.99404856020408
NYC,4940191,40.79301785740741,-73.9677635925926
NYC,4940191,40.788002044230765,-73.95594283461539
NYC,4940373,40.721485195,-73.98906029166666
NYC,4940373,40.72174262831857,-73.9889628676991
NYC,4940373,40.722547194285724,-73.98875192857142
NYC,4940373,40.72543581041668,-73.99641156458334
NYC,4940373,40.72689346530612,-73.99967681224489
NYC,4940485,40.74429778499999,-73.99621571750001
NYC,4940485,40.743869226785705,-73.99463532380953
NYC,4940485,40.74317437142857,-73.9933069342857
NYC,4940485,40.74164671632652,-73.99011264285714
NYC,4940485,40.73810726734695,-73.98150378571428
NYC,4940773,40.759581851724136,-73.98812387586209
NYC,4940773,40.76149086785714,-73.99015564285715
NYC,4940773,40.75814529510869,-73.98833468586956
NYC,4941076,40.75113042711864,-73.97288885084744
NYC,4941200,40.74522304045453,-73.97427882045453
NYC,4941200,40.745272681372555,-73.97467308137256
NYC,4941200,40.74492128139534,-73.97581743488372
NYC,4945693,40.731305532258055,-73.98871747741937
NYC,4945693,40.73733594897959,-73.9842772387755
NYC,4945693,40.7386765852459,-73.9833421704918
NYC,4945693,40.74446095,-73.98095988055556
NYC,4945756,40.7822738291045,-73.97613276865671
NYC,4945756,40.78145779000001,-73.97599636999999
NYC,4945756,40.77840965434781,-73.97707964782612
NYC,4945756,40.777656635897436,-73.97522645897435
NYC,4945756,40.772594957446806,-73.97875279148937
NYC,4945756,40.768116178125005,-73.97048153229167
NYC,4945874,40.72968561210938,-73.98088514296876
NYC,4945874,40.730020254629615,-73.98060638055556
NYC,4945874,40.72896446666666,-73.97529563333333
NYC,4945874,40.73058458591548,-73.97411691338026
NYC,4946551,40.72059869107143,-73.98624875803571
NYC,4946551,40.72212021888889,-73.98548832111112
NYC,4946551,40.721398162790706,-73.98675331860464
NYC,4946551,40.718753666666665,-73.98809591499999
NYC,4946551,40.718105842063494,-73.9875417968254
NYC,4946767,40.72154698396228,-73.98571017169807
NYC,4946767,40.72175217368421,-73.9849565868421
NYC,4946767,40.718796594736844,-73.9752674245614
NYC,4948826,40.75750767301588,-73.99501112063494
NYC,4948826,40.757923118181814,-73.99466011515152
NYC,4948826,40.760201820535706,-73.99502710446428
NYC,4948826,40.76320191799999,-73.99290086199998
NYC,4948826,40.76705888235292,-73.99001628921569
NYC,4949038,40.7546175393617,-73.98426528723401
NYC,4949038,40.756097557500006,-73.98684508999997
NYC,4949038,40.75732083423421,-73.98980601959457
NYC,4949038,40.76007304313726,-73.98762426470589
NYC,4949040,40.8037250280303,-73.95599396287881
NYC,4949040,40.807338867021286,-73.95322073829787
NYC,4949040,40.80999049322033,-73.95130578644068
NYC,4949040,40.8134715548077,-73.94536994038461
NYC,4949040,40.808575871291865,-73.945082230622
NYC,4949044,40.74432502666666,-73.97487966833336
NYC,4949044,40.69656372666665,-73.98877106666666
NYC,4949044,40.696021366666656,-73.98742288235293
NYC,4977064,40.75596318495575,-73.98264257396757
NYC,4977066,40.71948177444446,-74.00174879555553
NYC,4977066,40.69388971794872,-73.98366148461538
NYC,4977066,40.69006384642858,-73.98171795714286
NYC,4977066,40.68904428988764,-73.98115398089887
NYC,4977477,40.77019274607842,-73.994844222549
NYC,4977477,40.76233340476192,-74.00105497936505
NYC,4977477,40.75956455090909,-74.00326437363638
NYC,4977477,40.75074423260869,-74.00845910434778
NYC,4977477,40.745810089215695,-74.00827493137254
NYC,4977502,40.735600687755095,-74.01022693877556
NYC,4977502,40.72947739799999,-74.01078894199998
NYC,4977502,40.72254660697675,-74.01187433255815
NYC,4977502,40.71659671492538,-74.01320508358206
NYC,4977502,40.71143428492063,-74.0145786698413
NYC,4983689,40.75725631716418,-73.99380614104477
NYC,4983689,40.75672985405406,-73.99394029999999
NYC,4983689,40.75217648906249,-73.99737514296876
NYC,4983689,40.75128281960784,-73.99797799607843
NYC,4983689,40.74663426216217,-74.00141576216215
NYC,4983689,40.746783137162154,-74.0019058966216
NYC,4983689,40.747056136538454,-74.00250058076924
NYC,4983733,40.74745578043477,-74.00334584202896
NYC,4983733,40.74762712529412,-74.0038435717647
NYC,4983733,40.74120988679247,-74.00195168301887
NYC,4985026,40.73689488999999,-73.98977137249999
NYC,4985026,40.733016125,-73.99583978365385
NYC,4985026,40.73628636625,-74.00091142749999
NYC,4992061,40.71878588627451,-74.00111903725492
NYC,4992061,40.718538244354825,-74.000887275
NYC,4992061,40.718086082758624,-74.00024460517241
NYC,4992061,40.717880399999984,-73.99995416590909
NYC,4992061,40.71774058301885,-73.99970637924527
NYC,4992061,40.71731051728395,-73.99901685555554
NYC,4992061,40.716963316666664,-73.99821777037036
NYC,4992120,40.71952658851747,-73.99431832194766
NYC,4992120,40.72064605471698,-73.99377203396226
NYC,4992120,40.72356955806452,-73.9926936016129
NYC,4992120,40.728765671590914,-73.9903846943182
NYC,5015746,40.747890396875,-73.994408521875
NYC,5015746,40.749671790769256,-73.99890619076925
NYC,5036786,40.75757815277779,-73.99494321944445
NYC,5036786,40.75874523684212,-73.99342436491229
NYC,5036786,40.75875402036435,-73.99288683240079
NYC,5036786,40.75566967894738,-73.99470747543859
NYC,5036786,40.75273920238095,-73.9907635642857
NYC,5036856,40.75248688484851,-73.99011143863636
NYC,5036856,40.74872033196201,-73.9886054886076
NYC,5036856,40.74674273606558,-73.98793787868853
NYC,5036856,40.746176872916664,-73.98774587499997
NYC,5041994,40.766021882352945,-73.99773658235304
NYC,5041994,40.766011229545455,-73.99719252954544
NYC,5046222,40.75029916219513,-73.99864661829267
NYC,5046222,40.74537511891892,-73.99884125945945
NYC,5046222,40.73606600535715,-73.99796137857142
NYC,5046222,40.733958521428555,-73.9930284452381
NYC,5046222,40.7313889179803,-73.9923640416256
NYC,5051552,40.728545768,-74.00515836599999
NYC,5051552,40.72794571764706,-74.00540500588238
NYC,5051552,40.72453363383234,-74.00578206497008
NYC,5051552,40.724320602999995,-74.00626104499996
NYC,5054554,40.7469220367347,-74.00801842857143
NYC,5054554,40.73959887368422,-74.00984399122808
NYC,5054554,40.72966789636364,-74.01067692545456
NYC,5054554,40.72317704761905,-74.01158388571429
NYC,5054554,40.71588638333333,-74.01334477166665
NYC,5119587,40.79271223863636,-73.96535552727273
NYC,5119587,40.79346067100002,-73.967010171
NYC,5119587,40.793024643181816,-73.96743529772726
NYC,5119587,40.76462834,-73.988226358
NYC,5119587,40.76433858658537,-73.98846734512195
NYC,5120819,40.79272757662337,-73.96542589090906
NYC,5120819,40.79341626250001,-73.96691132916668
NYC,5120819,40.77015467017542,-73.99470231842106
NYC,5176399,40.75111796969697,-73.97443640303028
NYC,5176399,40.74995635222406,-73.97708658080725
NYC,5176399,40.74950316923078,-73.97736127948717
NYC,5176399,40.755166378048784,-74.00233290243901
NYC,5176399,40.752937359966914,-74.00314598693137
NYC,5194725,40.7468934897436,-73.97336294871792
NYC,5201423,40.748673275,-73.97344819
NYC,5208751,40.73173472608696,-73.9948431021739
NYC,5208751,40.730628606249994,-73.99252906874999
NYC,5208751,40.716306485,-73.99598033249998
NYC,5208751,40.69636237948718,-73.9846965051282
NYC,5223581,40.79274623470589,-73.9652687447059
NYC,5223581,40.79350248857142,-73.96694502285713
NYC,5223581,40.79228750624999,-73.96799040874997
NYC,5223581,40.77473496428571,-73.98425375476188
NYC,5223581,40.77793901983913,-73.98832110321716
NYC,5259507,40.756911684782615,-74.00462717826085
NYC,5259507,40.72594644920635,-74.0111575
NYC,5259507,40.71500067046633,-74.01263366891192
NYC,5272650,40.75685535588235,-73.96709181470587
NYC,5272650,40.75759300232559,-73.98566864418603
NYC,5302945,40.75547171190477,-73.97219465476189
NYC,5302945,40.7578197,-73.97762501621622
NYC,5302945,40.75923606734693,-73.98082664897957
NYC,5302945,40.76164385882354,-73.98645980882351
NYC,5302945,40.75901676787331,-73.98917018461536
NYC,5311012,40.787780326153836,-73.95065498153849
NYC,5311012,40.77200920180997,-73.97985977413272
NYC,5332297,40.748644137499994,-73.97878468750001
NYC,5332297,40.7554999483871,-73.9834947064516
NYC,5332297,40.7568659123077,-73.9855647523077
NYC,5332297,40.75655974897958,-73.98627290714286
NYC,5332298,40.75801627122301,-73.9891591323741
NYC,5332298,40.75842923615384,-73.98919090538458
NYC,5332298,40.76089886355932,-73.98705096101696
NYC,5332298,40.75952146708861,-73.98422684556962
NYC,5332299,40.75643320250002,-73.98563238749999
NYC,5332299,40.75555738557692,-73.98695352211539
NYC,5332299,40.753115155882355,-73.9876505
NYC,5332299,40.750649437096776,-73.98189797580645
NYC,5332299,40.74994701489363,-73.98043389255318
NYC,5349591,40.72563728600001,-74.003842543
NYC,5349591,40.71781859063491,-73.99521732777778
NYC,5349591,40.71737933571427,-73.99544902142858
NYC,5351420,40.71987774444446,-73.99426318194442
NYC,5351420,40.721468741666676,-73.99359795000001
NYC,5351420,40.72396468135592,-73.99270301864405
NYC,5351420,40.7280336847826,-74.00200686195653
NYC,5351420,40.736976896875014,-73.99700440312498
NYC,5351423,40.719443463333334,-74.00198853333335
NYC,5351423,40.71655673658537,-73.99718202926827
NYC,5351423,40.69626688058824,-73.98491976588237
NYC,5351423,40.69417364705881,-73.98364141176471
NYC,5365327,40.71785412553191,-73.9952095
NYC,5365327,40.72349141666666,-73.9927107547619
NYC,5365327,40.73907877809279,-73.98154566391754
NYC,5372745,40.79861155114155,-73.93370900616436
NYC,5383661,40.73264881923077,-73.99833221373625
NYC,5383661,40.73235227982456,-73.99856913070174
NYC,5383661,40.72327671052633,-73.99861514473685
NYC,5383661,40.72008082888888,-74.0013414688889
NYC,5383662,40.700435160465126,-73.99079957441859
NYC,5383662,40.70146700266667,-73.99177921133332
NYC,5407207,40.768456937686544,-73.94397191156716
NYC,5407207,40.75693132499999,-73.94687001250001
NYC,5407207,40.75417406666667,-73.94263453750001
NYC,5444516,40.766924611363635,-73.99680790000001
NYC,5444516,40.76238389230769,-74.00093724903844
NYC,5444516,40.75721642476634,-74.00481926028037
NYC,5444516,40.75585845,-74.00236249374997
NYC,5444517,40.753705379069764,-74.00291482848833
NYC,5444517,40.75459815802469,-74.00158405185186
NYC,5444517,40.757909265625,-73.99675943906249
NYC,5444517,40.75871404923077,-73.99610538153847
NYC,5444517,40.759469646296296,-73.99560031111112
NYC,5444518,40.76512373749996,-73.99141586057691
NYC,5444518,40.764864654545455,-73.9883456840909
NYC,5444518,40.76453497539062,-73.98828909492188
NYC,5444518,40.76055968431372,-73.98973983137257
NYC,5444518,40.760122539473684,-73.98828525263157
NYC,5444521,40.765311617500004,-73.97686560999999
NYC,5444521,40.760867520481916,-73.96474803493976
NYC,5444522,40.76101463333334,-73.95787448888889
NYC,5444522,40.73559634855076,-73.97511659710145
NYC,5444522,40.728746574590154,-73.97551519590164
NYC,5463621,40.726744554285716,-74.00110409142859
NYC,5463621,40.72641947272729,-74.00140351212121
NYC,5463621,40.7248125046823,-74.0021901471572
NYC,5463621,40.72546274897959,-74.00112407346937
NYC,5463621,40.72663152686567,-74.00019121492537
NYC,5463621,40.72471415000001,-73.99439232826084
NYC,5463623,40.72383163703706,-73.99181866481482
NYC,5463623,40.72306715076924,-73.98937235538465
NYC,5463623,40.72269621394558,-73.98809103265309
NYC,5463623,40.72252484361702,-73.98732072340428
NYC,5463623,40.71795081369862,-73.98846954246574
NYC,5463628,40.7217543025,-73.9865818925
NYC,5463628,40.722797799122816,-73.98592339736842
NYC,5463628,40.72443211463415,-73.9871338390244
NYC,5463628,40.72634275,-73.99159153947369
NYC,5463628,40.73839872999999,-73.98347462272726
NYC,5463629,40.742384883673466,-73.98439956122449
NYC,5463629,40.743190026923074,-73.98587002307693
NYC,5463629,40.74344291862069,-73.98466618275864
NYC,5463629,40.74041133880597,-73.98670954104475
NYC,5463629,40.741514417142874,-73.98766874000003
NYC,5463667,40.74830787647059,-73.99625001372549
NYC,5463667,40.75138378448275,-73.9940218275862
NYC,5463667,40.75469008870968,-73.99148607419347
NYC,5463667,40.75557398082192,-73.99104954794518
NYC,5463667,40.75584581162791,-73.99116193255811
NYC,5463667,40.75595226015625,-73.99091028828121
NYC,5463667,40.756125219512185,-73.9904584707317
NYC,5463668,40.75674158444444,-73.99015446222226
NYC,5463668,40.75684270409836,-73.98884963606557
NYC,5463668,40.75684062678571,-73.9881759875
NYC,5463668,40.756593353278696,-73.98744597622952
NYC,5463668,40.75598144776118,-73.98707204029853
NYC,5463668,40.75517974487179,-73.98658608269231
NYC,5463668,40.75418672402829,-73.98690802261487
NYC,5463670,40.76372323333334,-73.98423174444446
NYC,5463670,40.764082337121216,-73.98466183484851
NYC,5463670,40.76632367264151,-73.98987816037736
NYC,5463672,40.75977514923077,-73.96642623846152
NYC,5463672,40.75960411232879,-73.9656445479452
NYC,5463672,40.74606387735847,-73.94011696320756
NYC,5463672,40.74422139864864,-73.92910352162164
NYC,5477475,40.77818207916667,-73.94557322499999
NYC,5477475,40.774885361111124,-73.94796668
NYC,5477475,40.774555793032796,-73.94976216229506
NYC,5477475,40.77482739069767,-73.95051966511629
NYC,5477475,40.77783791868687,-73.94775024444442
NYC,5477475,40.777331313888894,-73.94642628888889
NYC,5477478,40.715831073809525,-73.99197901666665
NYC,5477478,40.716716668032774,-73.99149022377051
NYC,5477478,40.718094273076936,-73.99071013269229
NYC,5477478,40.72133067619047,-73.98914970000001
NYC,5477478,40.72219900306123,-73.98874540816325
NYC,5477478,40.72267922307692,-73.98863274615384
NYC,5477478,40.720584173000006,-73.99395151999998
NYC,5477485,40.75387417307694,-73.97720519230771
NYC,5477485,40.753921189189185,-73.97829836486486
NYC,5477485,40.75570924556962,-73.97671701898733
NYC,5477485,40.752360344262286,-73.98173261639344
NYC,5477485,40.75096246566415,-73.9794294206767
NYC,5477485,40.749532528571436,-73.97970500714285
NYC,5477486,40.74534876923079,-73.98262611025639
NYC,5477486,40.743835718060204,-73.98124813444818
NYC,5477486,40.74337624,-73.98028129799998
NYC,5477486,40.744172924047184,-73.98036255181484
NYC,5477486,40.74577799999999,-73.98386272063492
NYC,5477488,40.750623359615396,-73.98084537884617
NYC,5477488,40.75112164310345,-73.98094984326019
NYC,5477488,40.751311433160616,-73.98129811088084
NYC,5477488,40.75150389444445,-73.98209659444443
NYC,5477488,40.750357666666666,-73.98126213333332
NYC,5477488,40.750065197560986,-73.98040895609758
NYC,5489993,40.8092152708163,-73.95902873714287
NYC,5489993,40.8109577125,-73.96299049749999
NYC,5489996,40.770127057994934,-73.99425072195432
NYC,5489996,40.76089711836734,-73.99799125714284
NYC,5489997,40.73696359375,-74.006454590625
NYC,5489997,40.734231194318184,-74.00830747926136
NYC,5489997,40.71790695294985,-74.00778261563423
NYC,5498996,40.7116908375,-73.9926785875
NYC,5498996,40.71221386666666,-73.99439320462963
NYC,5498996,40.71594709000001,-73.99618236799998
NYC,5498996,40.72011440196079,-73.99409452647058
NYC,5498996,40.72384435227272,-73.99263575568182
NYC,5498996,40.726977413953485,-73.99155666046511
NYC,5498996,40.73338694893615,-73.98988293191489
NYC,5498999,40.758883138157906,-73.98967198070173
NYC,5498999,40.758593774528315,-73.98903751981132
NYC,5498999,40.759017393939395,-73.98841476969697
NYC,5498999,40.76114543589744,-73.97990828205127
NYC,5498999,40.75851193720929,-73.97332544186048
NYC,5498999,40.757786947435896,-73.97161326538462
NYC,5498999,40.75724489130435,-73.97189532391303
NYC,5498999,40.75665361470587,-73.97033244705881
NYC,5503056,40.73227521417223,-73.99019145781774
NYC,5503056,40.73380237190083,-73.99076954752066
NYC,5503064,40.71911682213115,-73.98953471557375
NYC,5503064,40.71992131627908,-73.99251791976744
NYC,5503064,40.72181663181818,-73.9997579522727
NYC,5503064,40.726075485,-74.0013779525
NYC,5503064,40.7264910715909,-74.00231781874999
NYC,5503068,40.72548311929824,-73.99714371403506
NYC,5503068,40.72419519262294,-73.99305741967214
NYC,5503068,40.72103858692308,-73.99383566692306
NYC,5503068,40.7192745712121,-73.99077762121212
NYC,5503068,40.7179789673913,-73.98680834565218
NYC,5503119,40.76201418194444,-73.96559314027778
NYC,5503119,40.7665588,-73.96475710102038
NYC,5503119,40.7671711773585,-73.96616798962262
NYC,5503119,40.76833931935483,-73.96899807741936
NYC,5503119,40.77109527741935,-73.97659439999998
NYC,5503119,40.771755611224485,-73.97774901122449
NYC,5503164,40.779022428333334,-73.95807228666666
NYC,5503164,40.77387968163265,-73.96190837755101
NYC,5503164,40.77133978103448,-73.96372190344827
NYC,5503164,40.76744470983606,-73.96657052459018
NYC,5503164,40.76325969916664,-73.96981421166666
NYC,5503164,40.75968173928572,-73.97276323839286
NYC,5503179,40.742152535256395,-73.99891638547008
NYC,5503179,40.746427214492755,-74.00110036956522
NYC,5503180,40.74771747906976,-74.0037115767442
NYC,5503180,40.74941159999999,-74.00654261111112
NYC,5503180,40.7568168975,-74.00487512500001
NYC,5503180,40.76115495925926,-74.0016909419753
NYC,5503180,40.76357479785713,-73.99894118785711
NYC,5503180,40.76504672388057,-73.99783710597015
NYC,5503184,40.76483193032787,-73.9959382
NYC,5503184,40.762406905,-73.99022237
NYC,5503184,40.761700565625006,-73.98840581406249
NYC,5503184,40.761399197794105,-73.98789726102939
NYC,5503184,40.7612573957143,-73.9874249257143
NYC,5503184,40.76061585641026,-73.98605484102562
NYC,5503184,40.760497349999994,-73.9854962173077
NYC,5503190,40.75921404193546,-73.98232578870966
NYC,5503190,40.758835067741956,-73.98174933548387
NYC,5503190,40.75740404727272,-73.97837561272725
NYC,5503190,40.756001145192315,-73.97536050673077
NYC,5503190,40.755385694879486,-73.97398909036141
NYC,5503190,40.75494452301981,-73.97358286658415
NYC,5503198,40.74145550535716,-73.99320970714287
NYC,5503198,40.74272471884058,-73.99617656739129
NYC,5503198,40.74516062647058,-74.0020766110294
NYC,5503198,40.74286572413793,-74.00398815603452
NYC,5503198,40.742460428846165,-74.00430713461537
NYC,5503198,40.74118677613637,-74.00504693181819
NYC,5503198,40.740397986046496,-74.00524270813952
NYC,5503347,40.76023647152778,-73.97126821666667
NYC,5503347,40.7603359989011,-73.97167747857142
NYC,5503347,40.76123448355262,-73.97283071973683
NYC,5503347,40.76118502777777,-73.97342046527778
NYC,5503347,40.76150539298244,-73.97395321315787
NYC,5503347,40.76165015681819,-73.97444500075756
NYC,5503347,40.76214719761905,-73.97599913333332
NYC,5503350,40.762446434722214,-73.97675143611109
NYC,5503350,40.76274839406779,-73.9775291618644
NYC,5503350,40.7630423233871,-73.97807928387095
NYC,5503350,40.763677108163265,-73.97946579591836
NYC,5503350,40.76402936689656,-73.9805965237931
NYC,5503350,40.764317766666686,-73.9810101611111
NYC,5503352,40.76399265583335,-73.98096240916668
NYC,5503352,40.76055022674418,-73.9833529
NYC,5503352,40.75929759,-73.9839679525
NYC,5503352,40.75719758289474,-73.98593705921051
NYC,5503352,40.75648828888889,-73.98559701666667
NYC,5503353,40.751587735714295,-73.98998132142856
NYC,5503353,40.74115611363636,-73.9905898990909
NYC,5503354,40.73933813947369,-73.99028443421052
NYC,5503354,40.736987350595236,-73.98835694642857
NYC,5503354,40.7367723425,-73.98718783499999
NYC,5503354,40.73923772027026,-73.98680960135135
NYC,5503357,40.75541899210526,-73.97738527105264
NYC,5503357,40.75707713557693,-73.97603006987178
NYC,5503357,40.757457210769225,-73.97623663538464
NYC,5503357,40.75804091086957,-73.9775148021739
NYC,5503357,40.758883531481494,-73.97864118888889
NYC,5503357,40.75959774999999,-73.98104160555552
NYC,5503364,40.78458623088235,-73.98172918088235
NYC,5503364,40.78446624777778,-73.98136194555556
NYC,5503364,40.788729827777765,-73.97791926666666
NYC,5503364,40.790516357941655,-73.97671272487844
NYC,5503364,40.79260061249998,-73.9751257390625
NYC,5503364,40.794441937500004,-73.97369234374997
NYC,5503370,40.76129423373494,-73.95747460843374
NYC,5503370,40.762714118604656,-73.95767573953492
NYC,5503370,40.76250740755814,-73.95717580581395
NYC,5503370,40.764789039344265,-73.95595371967214
NYC,5503370,40.767550094202896,-73.95339503913043
NYC,5503372,40.75713228958333,-73.97207200416666
NYC,5503372,40.75339703466665,-73.97465740733331
NYC,5503372,40.74214826538461,-73.9828578173077
NYC,5503375,40.73915692100001,-73.99683828100002
NYC,5503375,40.73887032608696,-73.9961154478261
NYC,5503375,40.73948437957589,-73.99415829151785
NYC,5503375,40.73801854871795,-73.99038908333333
NYC,5503375,40.73988692173915,-73.98631256304347
NYC,5503375,40.742510790243905,-73.98461630000003
NYC,5503429,40.77841077175575,-73.95271217175572
NYC,5503429,40.77874373660715,-73.95373799464285
NYC,5503429,40.779181107317065,-73.95358504146343
NYC,5503429,40.782353041269836,-73.95059605873018
NYC,5503429,40.78175015692308,-73.94937186307692
NYC,5503430,40.79243712972973,-73.94076735405406
NYC,5503430,40.794085972500014,-73.94461537500001
NYC,5503430,40.79474745,-73.9460785190476
NYC,5503430,40.79604246451612,-73.94770179354839
NYC,5503430,40.79095866666667,-73.95115880289856
NYC,5511038,40.776463193371214,-73.98696603731065
NYC,5511038,40.77604035306123,-73.98735839183675
NYC,5511038,40.77285926413043,-73.9823148402174
NYC,5511038,40.7710425951965,-73.98284928427944
NYC,5540705,40.746251101818174,-73.97678467454544
NYC,5540705,40.74636417380952,-73.97744592619048
NYC,5540705,40.747503885365845,-73.98021756341464
NYC,5540705,40.74683867021278,-73.98224982978725
NYC,5540705,40.74684306805664,-73.98287605656964
NYC,5540705,40.74708083098592,-73.98358606549294
NYC,5540705,40.747332075555555,-73.98341054666665
NYC,5540706,40.74542093611111,-73.97673033888888
NYC,5540706,40.74454366451613,-73.97533913548386
NYC,5540706,40.743495459615396,-73.97275514679485
NYC,5540706,40.74318251694916,-73.97235143389831
NYC,5540714,40.75621890652174,-73.96442737608695
NYC,5540714,40.75685505151515,-73.96163263939394
NYC,5540714,40.75684205675677,-73.96300136567578
NYC,5540715,40.74681419032258,-73.97440260645163
NYC,5540715,40.737345898837205,-73.98128585930233
NYC,5540715,40.73303354705881,-73.98659445294116
NYC,5540715,40.73470628709676,-73.9905031
NYC,5540715,40.735965568115944,-73.99354042898548
NYC,5540716,40.73969947399999,-74.00230583599999
NYC,5540716,40.74082168260869,-74.00485031304348
NYC,5540716,40.74159972045454,-74.00675340681819
NYC,5540716,40.73983317068965,-74.00804743448276
NYC,5540730,40.74440716621622,-73.97493447972971
NYC,5540730,40.74830315405406,-73.98267398108106
NYC,5540730,40.751375742857135,-73.97846224285718
NYC,5540730,40.75171487333334,-73.981965455
NYC,5540786,40.74751642857142,-74.00432484081632
NYC,5540786,40.75574316777777,-73.99832937111111
NYC,5540786,40.75763319215687,-73.99695894313727
NYC,5540786,40.758679194318184,-73.99646854772726
NYC,5540786,40.759439490000005,-73.99567579727271
NYC,5540790,40.76326559795918,-73.98030130816328
NYC,5540790,40.76290044107144,-73.97964575669644
NYC,5540790,40.7640211754902,-73.97385019509804
NYC,5540790,40.76366991166669,-73.97336428333331
NYC,5540790,40.763458652272725,-73.97312606818178
NYC,5540791,40.763284645370376,-73.9722173712963
NYC,5540791,40.762670343749996,-73.9706955421875
NYC,5540791,40.760863502499994,-73.96781161833336
NYC,5540791,40.76009117272727,-73.9656561159091
NYC,5540812,40.7211739111111,-73.97784744444442
NYC,5540812,40.725254164473675,-73.97783999868422
NYC,5540812,40.724977162698416,-73.975346615873
NYC,5540825,40.76076295245903,-73.96336524754098
NYC,5540825,40.76100665945944,-73.96400417027024
NYC,5540825,40.75645546981132,-73.9674911698113
NYC,5540825,40.75932975625001,-73.96823331718751
NYC,5540826,40.75969208333332,-73.96801871111111
NYC,5540826,40.76002243432836,-73.96779800746269
NYC,5540826,40.76086722866667,-73.96743891266665
NYC,5540826,40.76062150250001,-73.9664396375
NYC,5540826,40.76032701065575,-73.96549588032786
NYC,5540826,40.75697242535211,-73.96701422676058
NYC,5540826,40.75632853950617,-73.96747658641976
NYC,5540828,40.75556716052632,-73.96766135657896
NYC,5540828,40.75443787800001,-73.96871750999999
NYC,5540828,40.753786909803914,-73.96925120196074
NYC,5540828,40.750493879591836,-73.97145521428571
NYC,5540829,40.74986451052631,-73.97836749473684
NYC,5540829,40.75007413356165,-73.97891567808217
NYC,5540829,40.75051966451613,-73.97943323548387
NYC,5540829,40.750853697916675,-73.98034367291667
NYC,5540829,40.75164522096774,-73.98218326451614
NYC,5540829,40.75199785858586,-73.98272255555555
NYC,5540829,40.75216694705883,-73.98312961764705
NYC,5540829,40.75256984761904,-73.98416287857142
NYC,5540830,40.75289991634615,-73.98527154807692
NYC,5540830,40.753135082142855,-73.98516809047621
NYC,5540830,40.752720100000005,-73.98255689591838
NYC,5540830,40.75192194528302,-73.98090490754716
NYC,5540830,40.755810975471704,-73.97634287735849
NYC,5540832,40.7578991877551,-73.97506518775509
NYC,5540832,40.759524060526324,-73.9744142473684
NYC,5540832,40.764819663265314,-73.97413126122446
NYC,5540832,40.765084743749995,-73.9747649640625
NYC,5540833,40.76526072538462,-73.97531601769232
NYC,5540833,40.76558783732394,-73.97607566478874
NYC,5540833,40.76641503833332,-73.97814248
NYC,5540833,40.76677851041667,-73.97890002708333
NYC,5540833,40.76451199508196,-73.98040048688523
NYC,5540833,40.76408776304348,-73.98047460217394
NYC,5540833,40.763857554054056,-73.98208728108106
NYC,5540834,40.76300357828947,-73.98290609802629
NYC,5540834,40.76264625555555,-73.98288962777777
NYC,5540834,40.76239186344087,-73.98300871397846
NYC,5540834,40.762262314615406,-73.98262112076921
NYC,5540834,40.76187466857142,-73.98200744571427
NYC,5540834,40.76261270833334,-73.98488179083331
NYC,5540834,40.762747286567176,-73.98554334626867
NYC,5540835,40.76344338749999,-73.9869892625
NYC,5540835,40.7637458208955,-73.98771143731345
NYC,5540835,40.76498444237288,-73.99047327966102
NYC,5540835,40.766155352727274,-73.99312173454545
NYC,5540835,40.76648819701492,-73.99394879999996
NYC,5540835,40.767336875000005,-73.99600818223685
NYC,5540835,40.76783313636365,-73.99581939999999
NYC,5540844,40.79398808809523,-73.97598797619045
NYC,5540844,40.79424910500002,-73.97627356500001
NYC,5540844,40.794423995870744,-73.97521529694794
NYC,5540844,40.79404224705881,-73.97436082426469
NYC,5540844,40.795739491999996,-73.97287776399999
NYC,5540844,40.798345880909096,-73.97261791181815
NYC,5540844,40.79789685757575,-73.97154739090907
NYC,5540845,40.77013937428571,-73.99473674999999
NYC,5540845,40.76326350365854,-73.99962080975611
NYC,5540845,40.75849224,-74.00395163555555
NYC,5540845,40.75046070573771,-74.00843753770489
NYC,5540846,40.74345678653846,-74.00862114615383
NYC,5540846,40.73552779019608,-74.01013453529413
NYC,5540846,40.729536589999995,-74.00733425499998
NYC,5540846,40.7255447773585,-74.0042904264151
NYC,5540850,40.75624350999998,-73.96440137
NYC,5540850,40.76759872099999,-73.95613340799997
NYC,5540850,40.77523678831169,-73.95117115584415
NYC,5540850,40.77581012051282,-73.95276122717948
NYC,5545570,40.77671834844222,-73.98679193979893
NYC,5545570,40.7928832512195,-73.96768837317073
NYC,5545571,40.787539415384614,-73.95054220153845
NYC,5545571,40.80234737429578,-73.93861165985918
NYC,5547012,40.75636034615384,-73.99777081730768
NYC,5547012,40.75667112631579,-73.99753544999999
NYC,5547012,40.757402872222215,-73.99713550833334
NYC,5547012,40.75757274675325,-73.99695100519484
NYC,5547012,40.75867473039216,-73.99633470833332
NYC,5547012,40.75973836176472,-73.99535034117649
NYC,5547012,40.7602368440678,-73.99522991694913
NYC,5547012,40.760890010169476,-73.994577429661
NYC,5547013,40.765550766216215,-73.98998380675675
NYC,5547013,40.765394506250004,-73.98975535937502
NYC,5547013,40.7650383762712,-73.98895421186442
NYC,5547013,40.76478034797299,-73.98825090608108
NYC,5547013,40.76463413243244,-73.98771694926285
NYC,5547017,40.764521080193894,-73.98488193781164
NYC,5547017,40.76754006046511,-73.99265102790697
NYC,5547017,40.74840528399999,-74.007328468
NYC,5547021,40.696511250624994,-73.98883682062498
NYC,5547021,40.696041828571424,-73.98739827959183
NYC,5547021,40.69608625454544,-73.98577553376624
NYC,5554166,40.76057544433962,-73.95848810094337
NYC,5554166,40.846482424999984,-73.93191800799998
NYC,5554170,40.765762240625016,-73.97955458437498
NYC,5554170,40.76621977656249,-73.98162775937502
NYC,5554170,40.76977145588234,-73.99185570588236
NYC,5554170,40.75312308473055,-74.0028044457085
NYC,5554170,40.75236060232558,-74.00137622232558
NYC,5565246,40.785154002727275,-73.96900584454545
NYC,5565246,40.78500612972974,-73.96964557027026
NYC,5565246,40.78303511413043,-73.97117341413043
NYC,5565246,40.77974660263157,-73.97350462368422
NYC,5565246,40.77667308981483,-73.97570297592593
NYC,5565246,40.77379860638298,-73.97772896170211
NYC,5565246,40.77319713650793,-73.98061669761906
NYC,5565249,40.77317440599999,-73.98151693999998
NYC,5565249,40.773713850781256,-73.98193586484375
NYC,5565249,40.773987607352936,-73.98257280588234
NYC,5565249,40.774333436994226,-73.9832256130058
NYC,5565249,40.77455167962963,-73.98414739259258
NYC,5565249,40.78087058955223,-73.98098026119403
NYC,5565250,40.781584214062505,-73.98274389843749
NYC,5565250,40.78089368833334,-73.98355974833335
NYC,5565250,40.7800357625,-73.9843313455882
NYC,5565250,40.77789815499999,-73.9858866125
NYC,5565250,40.776270256,-73.98722271399998
NYC,5565250,40.77454015909091,-73.98839277272727
NYC,5565250,40.77302884886363,-73.9895100840909
NYC,5565250,40.77056698157895,-73.99129454122809
NYC,5565254,40.74346435094339,-73.99240877547169
NYC,5565254,40.745873129032255,-73.99055488306452
NYC,5565254,40.746193113414634,-73.98868377804882
NYC,5565254,40.74650294444445,-73.98963702222221
NYC,5565254,40.7484492063492,-73.98918387301588
NYC,5565254,40.74774410294118,-73.98703394411766
NYC,5571540,40.75908898289473,-73.98828199342108
NYC,5571540,40.75974639787235,-73.99160057021278
NYC,5571540,40.75889134078319,-73.98909489761218
NYC,5571540,40.76808171875002,-73.97040777678572
NYC,5602333,40.78720488484848,-73.95176797575759
NYC,5602333,40.787526974818086,-73.9505583419091
NYC,5602333,40.78668426249999,-73.95043493
NYC,5602358,40.78720488484848,-73.95176797575759
NYC,5602358,40.787526974818086,-73.9505583419091
NYC,5602358,40.78668426249999,-73.95043493
NYC,5602366,40.717121303191476,-73.99494156595743
NYC,5602366,40.717952245454576,-73.99524940612245
NYC,5602366,40.721022058974356,-73.99816757692307
NYC,5602366,40.721410816666655,-73.99898950416667
NYC,5602366,40.7238165,-74.00601968717947
NYC,5608564,40.70690549333333,-74.0147115111111
NYC,5608564,40.72490403773584,-74.01110505660375
NYC,5608564,40.73813545490196,-74.00981920196078
NYC,5608570,40.74849282532469,-74.00730421168831
NYC,5608570,40.7416229574468,-74.00902504680852
NYC,5608570,40.730132831578956,-74.01067419210526
NYC,5615840,40.756763892727264,-73.96686820363637
NYC,5615840,40.75613892702702,-73.9700950918919
NYC,5615840,40.7569552276316,-73.9693809167763
NYC,5615842,40.75095409827586,-73.94498880689657
NYC,5615842,40.745549786792445,-73.94823058679242
NYC,5615871,40.75759675714287,-73.97226934126984
NYC,5615871,40.75582297372882,-73.97345916440678
NYC,5615871,40.75329398108107,-73.97759616756755
NYC,5615871,40.75336147096773,-73.9779318548387
NYC,5615871,40.748291495000004,-73.98009052399999
NYC,5615874,40.74512995937501,-73.98222195625
NYC,5615874,40.74445402285714,-73.9826816171429
NYC,5615874,40.74411366144579,-73.98298828915661
NYC,5615874,40.74329604130435,-73.98345335
NYC,5615874,40.743141709090914,-73.9838262090909
NYC,5615874,40.74267119016394,-73.98273203442622
NYC,5615874,40.7423513051282,-73.98126483333331
NYC,5615893,40.74852642919708,-73.9782292766424
NYC,5615893,40.751132475949376,-73.97537237088608
NYC,5615893,40.751288329032256,-73.97587553870967
NYC,5615893,40.75195848421053,-73.97734162631578
NYC,5615898,40.75574438780489,-73.98605593170728
NYC,5615898,40.755950913513516,-73.98647744324323
NYC,5615898,40.755872355555546,-73.98657586888889
NYC,5615898,40.75478490858492,-73.98831428229559
NYC,5615898,40.75217040547944,-73.98992514246574
NYC,5615898,40.75194577499999,-73.99001988333335
NYC,5615901,40.75157142903226,-73.99066748548385
NYC,5615901,40.75108907195123,-73.99055385609758
NYC,5615901,40.750775497560994,-73.99086603902444
NYC,5615901,40.75036282692307,-73.99127053653845
NYC,5615901,40.74984726000001,-73.99181386181819
NYC,5615901,40.73999406132075,-73.99865558962264
NYC,5615903,40.73418893809522,-73.9996848357143
NYC,5615903,40.73299891724138,-73.9982336781609
NYC,5615903,40.732823272881355,-73.99787206271188
NYC,5615903,40.730540305,-73.99256585583332
NYC,5615903,40.72856895655738,-73.98786679098362
NYC,5615904,40.7253693487805,-73.99013568048781
NYC,5615904,40.725033978125,-73.99022874687499
NYC,5615904,40.724342173076934,-73.98904659102564
NYC,5615904,40.72455719032258,-73.98765230967742
NYC,5615904,40.72477298805969,-73.98809050000001
NYC,5615904,40.72541528478261,-73.98952545652172
NYC,5615904,40.72400499384616,-73.9881650153846
NYC,5615905,40.728613697590355,-73.9844822746988
NYC,5615905,40.73295884910714,-73.9842162455357
NYC,5615905,40.7335095952381,-73.98565081473214
NYC,5615913,40.753467246153846,-74.00418013589741
NYC,5615913,40.75139974871795,-74.00253704957265
NYC,5615913,40.75628167804877,-73.99798996829267
NYC,5615913,40.75696742909091,-73.99742923999999
NYC,5615913,40.757448834337346,-73.99712455602415
NYC,5615914,40.75759920722222,-73.99700431194447
NYC,5615914,40.758017409659075,-73.9967011639204
NYC,5615914,40.75868762222223,-73.99626108730158
NYC,5615914,40.76461458636363,-73.99186652727273
NYC,5615915,40.776472471929814,-73.98315274210523
NYC,5615915,40.776904477777784,-73.97930877499999
NYC,5615915,40.778863881290306,-73.98424211225807
NYC,5615915,40.77616938205128,-73.98710877435896
NYC,5615915,40.77236906724138,-73.99003164655174
NYC,5615934,40.720509125490196,-73.99657440294118
NYC,5615934,40.719724874418596,-73.9979341348837
NYC,5615934,40.719488068899516,-73.99759993492822
NYC,5615934,40.71890224179105,-73.99597973432836
NYC,5615934,40.71971304634146,-73.99533018048783
NYC,5615934,40.72001536888889,-73.99552834222223
NYC,5615935,40.72047304051725,-73.99659641206895
NYC,5615935,40.720421066037744,-73.99430939433962
NYC,5615935,40.720143459210526,-73.9933372986842
NYC,5615935,40.719910315277794,-73.99274697638887
NYC,5615935,40.71977057903227,-73.9922267229839
NYC,5615950,40.71497352769231,-74.01324426923075
NYC,5615950,40.72150058281251,-74.01005604999999
NYC,5615950,40.72135447272728,-74.00856828409091
NYC,5615950,40.72176522162162,-74.00822127297299
NYC,5615950,40.723033630136975,-74.00801863287671
NYC,5615950,40.723411883999994,-74.00792901866664
NYC,5615957,40.73069519538461,-73.99983061230765
NYC,5615957,40.729961151304366,-74.00049081913046
NYC,5615957,40.7293863107143,-74.000939225
NYC,5615957,40.729014305813955,-74.0012831244186
NYC,5615957,40.72838583650795,-74.00196257539682
NYC,5615957,40.72859276315789,-74.00379777894734
NYC,5615957,40.728629433673476,-74.00509488469386
NYC,5615958,40.728854096,-74.00858050599997
NYC,5615958,40.72905560833333,-74.00969908333335
NYC,5615958,40.73814615392158,-74.0098335852941
NYC,5615958,40.74340203870968,-74.00846123870969
NYC,5615958,40.749130938333344,-74.00785220166664
NYC,5615958,40.75291698950617,-74.0073579487654
NYC,5615959,40.753648059999996,-74.00710409294115
NYC,5615959,40.75438762608695,-74.00669265434783
NYC,5615959,40.75489329841271,-74.00635312857143
NYC,5615959,40.75559262786885,-74.00585152459016
NYC,5615959,40.75626835161291,-74.00534146612907
NYC,5615959,40.75771048275861,-74.00428675862071
NYC,5615960,40.75891750232558,-74.00343607674418
NYC,5615960,40.760442999305546,-74.00228912986113
NYC,5615960,40.76287032340427,-73.99990422553192
NYC,5615960,40.76514804568966,-73.99784036206896
NYC,5615960,40.771370548936154,-73.99413797234043
NYC,5615960,40.76981912352941,-73.98848021470587
NYC,5615962,40.76624683947368,-73.97993108421053
NYC,5615962,40.7656253388158,-73.9801689236842
NYC,5615962,40.764666013636365,-73.98040057045455
NYC,5615962,40.764187202127665,-73.98108711382982
NYC,5615962,40.76382380909092,-73.98159105909089
NYC,5615963,40.76342156480002,-73.98113194480001
NYC,5615963,40.76276089563274,-73.9809903092804
NYC,5615963,40.76305288548388,-73.98054887580648
NYC,5615963,40.762982782666676,-73.98010605866669
NYC,5615963,40.76267212386363,-73.9797952659091
NYC,5615963,40.762667923437505,-73.97897658125
NYC,5615963,40.764022556756764,-73.9774765108108
NYC,5615964,40.763126328985514,-73.97467271449274
NYC,5615964,40.76237600000002,-73.9743768862745
NYC,5615964,40.762930396009374,-73.97406786150235
NYC,5615964,40.76232189747475,-73.97454827777779
NYC,5615967,40.764015834615385,-73.98108218461537
NYC,5615967,40.765222870168074,-73.98192623991598
NYC,5615967,40.76653874857143,-73.98596514
NYC,5615967,40.76779380615385,-73.98922080153848
NYC,5615967,40.769767906666665,-73.99403294333332
NYC,5615976,40.72121685312499,-73.9835842546875
NYC,5615976,40.72117316499998,-73.98319568
NYC,5615976,40.71939691052633,-73.98607976710527
NYC,5615976,40.71954877031249,-73.98666685390624
NYC,5615976,40.71979589154932,-73.98731102676055
NYC,5615977,40.71940564788733,-73.99013050281687
NYC,5615977,40.72033716627907,-73.98971792209304
NYC,5615977,40.72053778319672,-73.98965420553279
NYC,5615977,40.72103685454545,-73.98933392272727
NYC,5615977,40.72130078837208,-73.98919768953489
NYC,5615977,40.72260668636365,-73.98867582272727
NYC,5615978,40.730904556249996,-73.98752378794642
NYC,5615978,40.7312384625,-73.98828110833334
NYC,5615978,40.73580543246752,-73.9761537090909
NYC,5615978,40.735616693333334,-73.97559930799997
NYC,5615985,40.761656995833334,-74.00168181875
NYC,5615985,40.759606731914886,-74.00318138936169
NYC,5615985,40.757459957831315,-74.00465747590358
NYC,5615985,40.75720733058823,-74.00484416470587
NYC,5615987,40.74357930208334,-73.99603305208333
NYC,5615987,40.74092110285715,-73.99030613071429
NYC,5615987,40.740539021428575,-73.9903514079365
NYC,5615987,40.73987987941176,-73.99090324607843
NYC,5615987,40.74039876634617,-73.99438103942308
NYC,5615987,40.740660222222225,-73.99436348222223
NYC,5615987,40.74140286606059,-73.993790330606
NYC,5616008,40.7845295372093,-73.94694365581394
NYC,5616008,40.78104665102042,-73.96083122653062
NYC,5616008,40.786371608333326,-73.97169943749998
NYC,5616010,40.78466767500002,-73.97354091517857
NYC,5616010,40.77821597788463,-73.97824704134617
NYC,5616010,40.77551628865547,-73.98359314243696
NYC,5616010,40.7758919131579,-73.98334014473687
NYC,5616010,40.77579198484848,-73.98311767575757
NYC,5616010,40.77564021333332,-73.98273874
NYC,5616018,40.728950826388896,-73.98503417638887
NYC,5616018,40.734704819047614,-73.98011003968253
NYC,5616018,40.737315286111105,-73.98363113888891
NYC,5616018,40.73849481249999,-73.98616612916668
NYC,5616018,40.73875616018517,-73.98709218703704
NYC,5616031,40.77760205080644,-73.95526829677418
NYC,5616031,40.78477167727272,-73.9483214
NYC,5616031,40.784365365000006,-73.94759009714285
NYC,5616031,40.783372754666665,-73.94514174466663
NYC,5616031,40.783014029577465,-73.94425329084505
NYC,5623152,40.7317383372549,-73.98836798039217
NYC,5623152,40.744813404999995,-73.97875717666668
NYC,5623152,40.7468595743421,-73.97733119144735
NYC,5623152,40.747329128915666,-73.97709862048193
NYC,5623348,40.76709991538462,-73.95631761282053
NYC,5623348,40.7681118744186,-73.95873198023254
NYC,5623348,40.76762457380952,-73.95928529047619
NYC,5623348,40.76573582639792,-73.96107184167754
NYC,5623348,40.76571247428573,-73.96061986571428
NYC,5623348,40.75965540943396,-73.96218114339624
NYC,5623353,40.717935307168034,-73.99517292173911
NYC,5623353,40.721744670270276,-74.00513169189189
NYC,5633512,40.7317383372549,-73.98836798039217
NYC,5633512,40.744813404999995,-73.97875717666668
NYC,5633512,40.7468595743421,-73.97733119144735
NYC,5633512,40.747329128915666,-73.97709862048193
NYC,5633519,40.76449699600939,-73.9686362978873
NYC,5633519,40.76297348707388,-73.96955470880681
NYC,5633519,40.762734599619044,-73.96972339123809
NYC,5633519,40.758783775793646,-73.95975468412696
NYC,5633519,40.7587059915493,-73.95936502394365
NYC,5633521,40.75947650581853,-73.95926332751479
NYC,5633523,40.69639258791207,-73.98879426813188
NYC,5633523,40.69604398773585,-73.98733961037738
NYC,5633523,40.696022505223894,-73.98579928507463
NYC,5633523,40.69598069649124,-73.97476470701754
NYC,5633523,40.695723394736845,-73.96801123947368
NYC,5633789,40.76115030153846,-74.00165483846152
NYC,5633789,40.76734294,-73.99404490888888
NYC,5633789,40.76616912037037,-73.9911590037037
NYC,5633789,40.76498412166665,-73.98851044333331
NYC,5633790,40.76438491308928,-73.98731005765005
NYC,5633790,40.763508429411765,-73.9855131234029
NYC,5633790,40.76309797454546,-73.98396377636364
NYC,5633790,40.76269171838236,-73.98315019852942
NYC,5633790,40.762717966949154,-73.98264937203389
NYC,5633790,40.762435162711874,-73.98245711016949
NYC,5633792,40.76096087831325,-73.97844255421687
NYC,5633792,40.76080728124998,-73.9780946375
NYC,5633792,40.76096045645161,-73.97726150645161
NYC,5633792,40.7606074618729,-73.97646987341138
NYC,5633792,40.75970700000001,-73.97482714363635
NYC,5633794,40.76204803235294,-73.97022448529412
NYC,5633794,40.76518038189656,-73.96811479655172
NYC,5633794,40.76538601666665,-73.96790716499999
NYC,5633794,40.76504777659576,-73.96812668723405
NYC,5633794,40.76450694402531,-73.9686098539097
NYC,5640699,40.72627051538462,-73.99146100961539
NYC,5640699,40.727169629900324,-73.99288035980065
NYC,5642995,40.76287000847191,-73.95983508944902
NYC,5642995,40.762243631428575,-73.95851467857145
NYC,5642995,40.76177227435897,-73.95756271025638
NYC,5682830,40.81278783166666,-73.95704769583334
NYC,5682830,40.81553753793103,-73.95807422068964
NYC,5692185,40.75016629032259,-73.9984263516129
NYC,5692185,40.75277484536784,-74.00325507479566
NYC,5692187,40.776822071111106,-73.94915212888888
NYC,5692187,40.79456404496403,-73.93604115017986
NYC,5692188,40.79533500799998,-73.96654410872726
NYC,5692188,40.795512323958334,-73.96574239479166
NYC,5692188,40.79924317317072,-73.96098769268292
NYC,5705282,40.77785428125001,-73.97487969375001
NYC,5705282,40.77577888055557,-73.97641483888889
NYC,5705282,40.773811797560974,-73.97781791707315
NYC,5705282,40.77380669824561,-73.98180264736841
NYC,5705282,40.77393670588235,-73.98218524117645
NYC,5705282,40.773514856476666,-73.982373146114
NYC,5705282,40.77293942203388,-73.98233972711864
NYC,5705284,40.77153309387755,-73.98310241224492
NYC,5705284,40.770588356363646,-73.98369122181818
NYC,5705284,40.770160557894734,-73.98290308947367
NYC,5705284,40.767714487755114,-73.98157379591838
NYC,5705284,40.76762377872339,-73.98089102553193
NYC,5705284,40.76734189516129,-73.98021907258065
NYC,5705284,40.76703516830987,-73.97951851126764
NYC,5705284,40.766753815,-73.97887942333331
NYC,5705285,40.765794973972596,-73.97649393835617
NYC,5705285,40.76443945277779,-73.97345054583333
NYC,5705285,40.764070037704926,-73.97653248360653
NYC,5705285,40.764927614130436,-73.97880632282609
NYC,5705285,40.76542820423729,-73.97994115762715
NYC,5705285,40.76612917448979,-73.98177291122448
NYC,5705331,40.740451304255316,-73.9759993914894
NYC,5705331,40.74082533141362,-73.97639545811518
NYC,5705331,40.741524465333335,-73.97798081200001
NYC,5705331,40.74066563839777,-73.97893163977895
NYC,5705331,40.73375592444444,-73.98393943555554
NYC,5705336,40.72982915555554,-73.98876085833331
NYC,5705336,40.73050192187501,-73.99035666041665
NYC,5705336,40.7307276326087,-73.99090306956522
NYC,5705336,40.73105621754386,-73.99173092719296
NYC,5705336,40.73263749387755,-73.99562894489797
NYC,5705336,40.73387480749999,-73.99835683750001
NYC,5705336,40.734127092028984,-73.99907316884057
NYC,5705336,40.73460482619047,-73.99824761190477
NYC,5705341,40.733490407120144,-73.9958281275317
NYC,5705341,40.73303144047619,-73.99476198095238
NYC,5705341,40.73354402115383,-73.99205433076922
NYC,5705341,40.73255897272726,-73.99123269536875
NYC,5705341,40.731772063043486,-73.99148689565217
NYC,5705348,40.73118600243903,-73.99006956097561
NYC,5705348,40.73089545000003,-73.98951200285711
NYC,5705348,40.73111232424241,-73.98615512500001
NYC,5705348,40.730294937500005,-73.983347735
NYC,5705348,40.731128828124994,-73.98272272031251
NYC,5705348,40.7360571111111,-73.97910489259259
NYC,5705378,40.7627111054054,-73.96180538918918
NYC,5705378,40.76594790746268,-73.9693794641791
NYC,5705378,40.766601699999995,-73.97080678717947
NYC,5705378,40.763787038636366,-73.97323457727272
NYC,5705378,40.76030366175214,-73.97559173824787
NYC,5705383,40.760661055263164,-73.97620891842107
NYC,5705383,40.76113094821428,-73.97739059642856
NYC,5705383,40.76148565744681,-73.97860823829787
NYC,5705383,40.75743113583334,-73.98579351333332
NYC,5705542,40.7166113,-73.98186836956522
NYC,5705542,40.716980054545445,-73.98302155757574
NYC,5705542,40.71726016442306,-73.98388996923077
NYC,5705542,40.71748072410713,-73.98467283125001
NYC,5705542,40.717985162499986,-73.98628167019231
NYC,5705542,40.71845841666668,-73.98792491666666
NYC,5705542,40.71877137878788,-73.98877685000001
NYC,5705542,40.71907615000001,-73.98950369838708
NYC,5705544,40.70599140363636,-74.00522437454546
NYC,5705544,40.70551738734177,-74.00521353037975
NYC,5705554,40.75556271521739,-73.96484626956523
NYC,5705554,40.759480844565225,-73.96524715869565
NYC,5705554,40.760281483823526,-73.967434575
NYC,5705554,40.760489208730164,-73.96836238650792
NYC,5705554,40.76061074342105,-73.96880668355269
NYC,5705554,40.761322110204084,-73.9702648510204
NYC,5705555,40.761738744186054,-73.97169012209302
NYC,5705555,40.76193417419354,-73.97241853225809
NYC,5705555,40.76239676388889,-73.97129940555556
NYC,5705555,40.764709704838715,-73.96851906935484
NYC,5705555,40.76419290512821,-73.9670397102564
NYC,5705565,40.781396728571416,-73.97135676571429
NYC,5705565,40.78196317500001,-73.97151679071426
NYC,5705565,40.783067959090914,-73.97403267272728
NYC,5705565,40.78425680571428,-73.98098123571428
NYC,5705697,40.75102312307694,-73.97417874384614
NYC,5705697,40.751501317567566,-73.97581665405404
NYC,5705697,40.75229695714286,-73.97717071428569
NYC,5705697,40.75348946470587,-73.9784411470588
NYC,5705697,40.753734958888884,-73.97827286888892
NYC,5705699,40.754552765624986,-73.97641049999999
NYC,5705699,40.754178798245626,-73.97678003859649
NYC,5705699,40.754492368292695,-73.9768018902439
NYC,5705699,40.75408097567567,-73.97703123243242
NYC,5705699,40.761990894827576,-73.97042541206896
NYC,5705699,40.762078487234035,-73.96821970212766
NYC,5705726,40.77933269347826,-73.94475022826087
NYC,5705726,40.780033489999994,-73.946822036
NYC,5705726,40.780705656060604,-73.9483376560606
NYC,5705726,40.78107558837209,-73.9492301604651
NYC,5705726,40.78011231794872,-73.95009233141026
NYC,5705726,40.780722921093755,-73.95236432265624
NYC,5705728,40.77721308363634,-73.9520517036364
NYC,5705728,40.77153251666667,-73.95081044583333
NYC,5705733,40.710130812318845,-74.00092341811595
NYC,5705733,40.71166090227272,-73.99980663068183
NYC,5705733,40.71765887596154,-74.00751290000002
NYC,5705756,40.75970461749999,-73.9804833375
NYC,5705756,40.761599540540544,-73.98270662702704
NYC,5705756,40.75183176375839,-73.98067231879193
NYC,5705890,40.75564013731342,-73.9961778880597
NYC,5705890,40.75537741791044,-73.99639614626867
NYC,5705890,40.754511647222216,-73.99497310833334
NYC,5705890,40.75418254130436,-73.99421073152175
NYC,5705890,40.75384108333333,-73.99371653518516
NYC,5705890,40.75363373793102,-73.99290263448276
NYC,5705890,40.75337806976744,-73.99212333023256
NYC,5705890,40.75292181956522,-73.99115295434781
NYC,5705890,40.75278746190476,-73.99061884523807
NYC,5705893,40.752372959999974,-73.98985179076922
NYC,5705893,40.751687468421046,-73.98803622105264
NYC,5705893,40.75115200454546,-73.98704890909092
NYC,5705893,40.750022787903234,-73.98437020887097
NYC,5705893,40.749312474999996,-73.9828197375
NYC,5705893,40.75188933571427,-73.97986410476189
NYC,5705900,40.744194815624994,-73.971481371875
NYC,5705900,40.74632605576923,-73.97744526538459
NYC,5705900,40.747052410204084,-73.97907848163265
NYC,5705900,40.747408353773594,-73.97999729150942
NYC,5705900,40.74906619305553,-73.98386245555554
NYC,5705900,40.74544406595746,-73.9855583
NYC,5705908,40.7481669990566,-73.97472509528299
NYC,5705908,40.75147528240741,-73.98206687314813
NYC,5705908,40.75195173030302,-73.98630296363638
NYC,5705911,40.75179086101695,-73.98560706101695
NYC,5705911,40.75161984072165,-73.98524219742268
NYC,5705911,40.75100078,-73.9838485542857
NYC,5705911,40.750520868085104,-73.98209816808512
NYC,5705911,40.74939022372881,-73.97321657457626
NYC,5705914,40.74584900648148,-73.98008781296298
NYC,5705914,40.73677694090909,-73.98889017045455
NYC,5705914,40.739085557575756,-73.99476362727275
NYC,5705914,40.740311251111116,-73.99784633333336
NYC,5705916,40.739822753926695,-73.99873919947645
NYC,5705916,40.73889256484018,-73.99946800547947
NYC,5705916,40.73612080277779,-73.99819348333334
NYC,5705916,40.73411211212121,-73.99339319393941
NYC,5705918,40.74367277551021,-73.97962010204083
NYC,5705918,40.75000393703703,-73.97515785925924
NYC,5705918,40.751350180434784,-73.9725529717391
NYC,5706144,40.76267144925373,-73.98279236044779
NYC,5706144,40.761573386538466,-73.98298715192306
NYC,5706144,40.76071382941177,-73.98314686764705
NYC,5706144,40.76046959459461,-73.98373124729731
NYC,5706144,40.75989421428572,-73.9843678838095
NYC,5706144,40.75884361935484,-73.98508145806451
NYC,5706152,40.756937331578946,-73.98586610789475
NYC,5706152,40.746215884,-73.99084548199998
NYC,5706159,40.74636748285713,-73.99029098857143
NYC,5706159,40.746673225842706,-73.98999951910109
NYC,5706159,40.74690582386364,-73.98979373522724
NYC,5706159,40.747781692307676,-73.98918194461537
NYC,5706159,40.74809007555556,-73.98948084666667
NYC,5706159,40.748551697297316,-73.99004013783784
NYC,5706159,40.74870099811321,-73.99092471320755
NYC,5706159,40.74888450624999,-73.99173798541669
NYC,5706159,40.749208599999996,-73.9925309
NYC,5706181,40.749390643661975,-73.99279212394367
NYC,5706181,40.74951459433499,-73.9937466945813
NYC,5706181,40.7501340846154,-73.99445466153844
NYC,5706181,40.75139720937499,-73.99759444531249
NYC,5706230,40.774163064864865,-73.96309433783782
NYC,5706230,40.77377262211221,-73.96229176732673
NYC,5706230,40.77430286825396,-73.96144512063495
NYC,5706230,40.77542971081081,-73.96264862162158
NYC,5706230,40.77543063941176,-73.96222421941177
NYC,5706230,40.775029761764706,-73.96131615294115
NYC,5706230,40.778674210526304,-73.95813383684212
NYC,5706288,40.76761752400001,-73.95925376600002
NYC,5706288,40.765130692452836,-73.96115970000001
NYC,5706288,40.761348420370375,-73.9637814351852
NYC,5706370,40.753202151282046,-73.98885898589742
NYC,5706370,40.75262999491524,-73.98929982033897
NYC,5706370,40.75211466666666,-73.98961547254896
NYC,5706370,40.75168566229509,-73.99008641967214
NYC,5706370,40.75121874269666,-73.99035676741575
NYC,5706374,40.75256050041667,-73.99336096458332
NYC,5706374,40.75281671707317,-73.99045990731706
NYC,5706374,40.752586537500015,-73.99001499624998
NYC,5706374,40.75203146504295,-73.98991611217768
NYC,5706381,40.75154894473681,-73.99025509878548
NYC,5706381,40.75108073916666,-73.99037973666664
NYC,5706381,40.749866585714294,-73.98840660612242
NYC,5706381,40.74802429417721,-73.98513880050632
NYC,5706381,40.745887658064504,-73.98266892258064
NYC,5706498,40.765844852941186,-73.99764018627452
NYC,5706498,40.76085848454544,-74.00230764272725
NYC,5706498,40.754771828260864,-74.00673908369565
NYC,5706498,40.75279503958332,-74.00768262812498
NYC,5706498,40.75093582456141,-74.00835474736843
NYC,5706498,40.74877634915254,-74.00791466949153
NYC,5706500,40.74567861818181,-74.00834406636363
NYC,5706500,40.73991308703704,-74.00978782592594
NYC,5706500,40.734222868421064,-74.01033356666666
NYC,5706500,40.72934185859376,-74.01081224765619
NYC,5706500,40.72544565740741,-74.01118015277777
NYC,5706500,40.725091080645164,-74.01026573548387
NYC,5706504,40.72148455789475,-74.002508
NYC,5706504,40.723718262745095,-74.00019760980392
NYC,5706504,40.723213340277766,-73.99914307083333
NYC,5706504,40.72410461423075,-73.99750926846153
NYC,5706511,40.723572398837206,-73.99957944418603
NYC,5706511,40.72149945648148,-74.00099248425924
NYC,5706511,40.72126957435898,-74.00127790769228
NYC,5706511,40.721169831746046,-74.00117156666666
NYC,5706511,40.720518933333324,-73.99469205555555
NYC,5706511,40.72000987416667,-73.99313038333334
NYC,5706511,40.719663249999996,-73.99196098
NYC,5706581,40.74081759347826,-74.00902898913044
NYC,5706581,40.742743604444435,-74.00783663999998
NYC,5706581,40.75011914200001,-74.0024086
NYC,5706581,40.75144271891893,-74.00190916621621
NYC,5706581,40.75171795405406,-74.00030382972973
NYC,5715344,40.767789221875,-73.9867458265625
NYC,5715344,40.77767291267606,-73.98230285915493
NYC,5715344,40.78578148212559,-73.97630936360707
NYC,5746160,40.760005708571434,-73.98069261000003
NYC,5746160,40.761222101960776,-73.9798776372549
NYC,5746160,40.765568635185176,-73.97601667777778
NYC,5746160,40.76256870566037,-73.96839414905659
NYC,5746160,40.760883614843756,-73.96457892031249
NYC,5750273,40.81646726000001,-73.92817062888888
NYC,5758749,40.798372281793114,-73.93698068379311
NYC,5758749,40.797383822,-73.93461660999996
NYC,5758749,40.797846094285724,-73.93407584285714
NYC,5758749,40.810949385,-73.92146907499999
NYC,5758749,40.81216023529412,-73.92056402352942
NYC,5771584,40.760874967647055,-73.96484774999998
NYC,5771584,40.75977905873015,-73.96221941904763
NYC,5771584,40.75944021142857,-73.96151534857144
NYC,5771584,40.75889050307693,-73.96007550461536
NYC,5771584,40.76047278461538,-73.95845079230767
NYC,5771584,40.763533550000005,-73.95612663076923
NYC,5771584,40.76603074661017,-73.95434306864406
NYC,5771606,40.7612379859375,-73.962439753125
NYC,5771606,40.76179897540983,-73.96318876721311
NYC,5771606,40.76961005333333,-73.96071706833332
NYC,5771606,40.77858005877194,-73.95403699999999
NYC,5771608,40.78764888521126,-73.95298740915494
NYC,5771608,40.79224363461538,-73.96398557500002
NYC,5771608,40.79392356015625,-73.96996010937501
NYC,5771608,40.79427542247191,-73.97079228539324
NYC,5771608,40.794613391304345,-73.97152626376811
NYC,5771608,40.79517468181818,-73.9728397090909
NYC,5771617,40.77079133163266,-73.99465160918366
NYC,5771617,40.76550920709505,-73.99716225435073
NYC,5771617,40.76520019740259,-73.9963188883117
NYC,5771617,40.76518048775511,-73.99774735918368
NYC,5771618,40.785008191666655,-73.98308982196968
NYC,5771618,40.7844241936508,-73.9814495190476
NYC,5771618,40.783380928205126,-73.97813552820514
NYC,5771618,40.78343503515149,-73.97683898060606
NYC,5771618,40.78272175535715,-73.9753019125
NYC,5771619,40.78920505328284,-73.97051265517676
NYC,5771619,40.788645375757575,-73.97071001212122
NYC,5771619,40.77768271470589,-73.97865702941176
NYC,5771620,40.77312736621623,-73.98184646756756
NYC,5771620,40.765016451666646,-73.97241919999995
NYC,5771623,40.751696136666666,-73.98227459333333
NYC,5771623,40.75234524054054,-73.98415118918919
NYC,5771623,40.754360022500016,-73.98818538833333
NYC,5771623,40.75541381551725,-73.99083927413793
NYC,5771627,40.74867120465115,-73.99597757674415
NYC,5771627,40.74907238769229,-73.99574346057689
NYC,5771627,40.749491501944426,-73.99548540500001
NYC,5771627,40.749994626630425,-73.9950791934783
NYC,5771627,40.750875367105266,-73.99632486842106
NYC,5772012,40.75724219166666,-73.9939219111111
NYC,5772012,40.75667507272727,-73.993902330303
NYC,5772012,40.75353668703704,-73.99274251944445
NYC,5772012,40.75388344807691,-73.99199610961537
NYC,5772012,40.75440711525424,-73.99306552033897
NYC,5772012,40.75494779555556,-73.9944981888889
NYC,5772012,40.751814363461534,-73.99764864999999
NYC,5772014,40.73022396351352,-74.01068348648649
NYC,5772014,40.72541303999999,-74.0112600125
NYC,5772014,40.71734363571429,-74.01285693392856
NYC,5772014,40.71640572325582,-74.01126379069768
NYC,5772014,40.71562616666667,-74.00950649999999
NYC,5772014,40.71493453174604,-74.00816364126986
NYC,5772014,40.71324407674418,-74.00453980465115
NYC,5772015,40.69129128604652,-73.99788734883721
NYC,5772017,40.75020698392857,-73.99033278571427
NYC,5772018,40.74985870294117,-73.9907057147059
NYC,5772018,40.73830230795456,-73.99984335340909
NYC,5772018,40.731121388235294,-73.99990009117649
NYC,5772020,40.72845438857143,-73.99967080142855
NYC,5772020,40.727887937619045,-74.00009315428571
NYC,5772020,40.727561089215676,-74.00255312254902
NYC,5772020,40.72692723823529,-74.00313331176469
NYC,5772020,40.72067579878049,-74.00366415365856
NYC,5772020,40.718593626,-74.000681584
NYC,5772047,40.74556514444444,-73.97731914646464
NYC,5772047,40.746002302325586,-73.97856064418603
NYC,5772047,40.74637576836735,-73.97958316836734
NYC,5772047,40.74685546718749,-73.98052563437498
NYC,5772047,40.74712075084746,-73.98123344237287
NYC,5772047,40.74770379769231,-73.98287831153847
NYC,5772047,40.74798746890756,-73.9836152394958
NYC,5772047,40.748464784,-73.98460765
NYC,5772051,40.74924529344262,-73.98647434918036
NYC,5772051,40.74949377741935,-73.9871894467742
NYC,5772051,40.75071790204081,-73.99016765306122
NYC,5772051,40.75252049021739,-73.99431080869564
NYC,5772051,40.75360137619048,-73.99715166666667
NYC,5772051,40.75389653207547,-73.99749446792451
NYC,5772090,40.746429305769226,-73.97637601730769
NYC,5772090,40.74702494473683,-73.97891494078947
NYC,5772090,40.74512489433961,-73.98043545754723
NYC,5772090,40.73967993478262,-73.9845254253623
NYC,5772090,40.738724466190476,-73.98486127523807
NYC,5772116,40.731176099066666,-74.00472327893333
NYC,5772116,40.733186280555564,-74.00631895694445
NYC,5772116,40.733450596969696,-74.00629310909089
NYC,5772116,40.733817523636354,-74.0026527
NYC,5772116,40.730065925961554,-73.99766194134615
NYC,5772118,40.727844286999996,-73.99342420600001
NYC,5772118,40.721403035360304,-73.9922993626126
NYC,5772118,40.720643607913665,-73.99267296870502
NYC,5772118,40.720323115,-73.9935491325
NYC,5772118,40.723755909649114,-73.99268643859648
NYC,5772118,40.72674806666666,-73.99157009444446
NYC,5772119,40.73729777796609,-73.98410954067796
NYC,5772119,40.74247631063829,-73.98049369361705
NYC,5772119,40.74444958000001,-73.98097697384617
NYC,5772119,40.744522508450714,-73.98355092816904
NYC,5772120,40.74412886823529,-73.98399620117647
NYC,5772120,40.74458995606062,-73.98374848333333
NYC,5772120,40.74456634508196,-73.98348031229509
NYC,5772120,40.739635753333324,-73.98673194333333
NYC,5772120,40.73663036981131,-73.9888371698113
NYC,5772121,40.724519128169014,-73.99250690070423
NYC,5772121,40.72176068085107,-73.99355277234044
NYC,5772121,40.71739932619048,-73.99538061428572
NYC,5772121,40.696392828125006,-73.98462459843748
NYC,5819800,40.82107447077922,-73.92570035974025
NYC,5844399,40.76287864210526,-73.961778177193
NYC,5844399,40.763040124218755,-73.962208071875
NYC,5844399,40.76338198301888,-73.96297308867925
NYC,5844399,40.7636270617647,-73.96360993529413
NYC,5844399,40.7639053765625,-73.96405348125
NYC,5844399,40.76461826346154,-73.96594282884615
NYC,5844399,40.76662166923077,-73.96926423333333
NYC,5849020,40.74729161994544,-73.9970105538251
NYC,5849020,40.746126953125,-73.99443839375
NYC,5849020,40.7438287703125,-73.98931981562501
NYC,5849020,40.74156802941176,-73.98544224705883
NYC,5874745,40.73442407560976,-73.99199749512194
NYC,5874745,40.736587879166656,-73.9970085775
NYC,5874745,40.73750486060606,-74.00048376666668
NYC,5874745,40.735856190625,-74.00612840312499
NYC,5874745,40.7353517275641,-74.00973550192307
NYC,5874747,40.725927411009174,-74.00577588532106
NYC,5874747,40.725638003614456,-74.00574372891565
NYC,5874747,40.72521344394902,-74.00553448439493
NYC,5874747,40.72492107794118,-74.00577631764702
NYC,5874747,40.72442484166667,-74.00605021666667
NYC,5874766,40.75560979302327,-73.99027814651161
NYC,5874766,40.75531128536587,-73.98945872195122
NYC,5874766,40.75478686249999,-73.98841156136365
NYC,5874766,40.75462165068492,-73.98798613150682
NYC,5874766,40.75406062439025,-73.98676070975608
NYC,5874766,40.75415288947369,-73.98640606052632
NYC,5874766,40.754035763181825,-73.98614792878787
NYC,5874770,40.7528674888889,-73.99115548611113
NYC,5874770,40.75277302941176,-73.99071922058825
NYC,5874770,40.75267095681818,-73.99028259242424
NYC,5874770,40.74943314148937,-73.98252299255317
NYC,5874770,40.74863922727272,-73.98102625909094
NYC,5874770,40.747070563043486,-73.97756545000001
NYC,5874782,40.71912296000001,-73.97660939250001
NYC,5874782,40.70223704367815,-74.01186163563219
NYC,5874782,40.70459957309028,-74.0118740911458
NYC,5874785,40.76128748181818,-73.96072623333332
NYC,5874785,40.76488333113208,-73.96092993018868
NYC,5874785,40.765155943596056,-73.96147416305412
NYC,5874785,40.76453090857142,-73.96157585428571
NYC,5874785,40.761678132222215,-73.9648790022222
NYC,5874785,40.762729938524586,-73.9676294409836
NYC,5874786,40.76386369302326,-73.97021800232557
NYC,5874786,40.76679935,-73.97883436551724
NYC,5874786,40.762733120652186,-73.98242228586956
NYC,5874786,40.76187917741935,-73.98260825806452
NYC,5874786,40.76193523939394,-73.98291918484847
NYC,5874786,40.76166047727273,-73.98294860454547
NYC,5874786,40.761361483812955,-73.98282515323741
NYC,5874788,40.7604263775,-73.98583613375
NYC,5874788,40.76012181557377,-73.9842808032787
NYC,5874788,40.75896593125002,-73.98237614749999
NYC,5874788,40.75882565714286,-73.98201373571426
NYC,5874788,40.7586752,-73.98157674473686
NYC,5874789,40.75750510869565,-73.9791337847826
NYC,5874789,40.75428633404256,-73.98025674255318
NYC,5874789,40.74993428723403,-73.9836852787234
NYC,5874789,40.74420728695653,-73.9875930521739
NYC,5874789,40.73660215581395,-73.9969368895349
NYC,5874843,40.750461754054044,-73.9893489918919
NYC,5874843,40.74960192405062,-73.9874130620253
NYC,5874843,40.74820339246577,-73.98473599178081
NYC,5874843,40.74733788611112,-73.98548955277778
NYC,5874844,40.74527133000001,-73.99250829249999
NYC,5874844,40.74776107560975,-73.98690144085363
NYC,5874844,40.746737356249994,-73.9857515
NYC,5874852,40.742812611764705,-73.9868267735294
NYC,5874852,40.74216131764706,-73.98523677843137
NYC,5874852,40.73887283559323,-73.97740380677966
NYC,5874852,40.76106984878049,-73.95783143658535
NYC,5874870,40.734557181415944,-73.98052914955765
NYC,5874870,40.7362883225,-73.98452531999999
NYC,5874870,40.738269876,-73.98916066400001
NYC,5874870,40.739050536734695,-73.99095600204082
NYC,5874870,40.734148188,-73.99495447699998
NYC,5874871,40.734023078691024,-74.00051539269403
NYC,5874871,40.73281090207255,-74.00334063212435
NYC,5874871,40.723085264444435,-74.00619823777778
NYC,5874871,40.718964025641036,-74.00672805897433
NYC,5875150,40.719404231111106,-73.99066169111111
NYC,5875150,40.71999834385966,-73.99263366315789
NYC,5875150,40.72101093421053,-73.99574325263156
NYC,5875150,40.72177353174603,-73.99955326666664
NYC,5875150,40.72320401142857,-74.00223222714287
NYC,5875151,40.721763842,-74.00239771600002
NYC,5875151,40.72010225714286,-74.00138015164836
NYC,5875151,40.7133873390909,-74.00464738454545
NYC,5875171,40.756758463888886,-73.99548146388888
NYC,5875171,40.75712862033898,-73.99480473220339
NYC,5875171,40.757524243055556,-73.99500102361111
NYC,5875171,40.75772942633137,-73.99462481272194
NYC,5875171,40.75807959715762,-73.99447547958657
NYC,5875171,40.7583182684821,-73.99442084923446
NYC,5875172,40.758780821821304,-73.99386281597951
NYC,5875172,40.75857977044025,-73.9929884918239
NYC,5875174,40.75596983585525,-73.99167879868425
NYC,5875174,40.755900893684206,-73.99128674842105
NYC,5875174,40.75643981558442,-73.99023492207792
NYC,5875174,40.756757477920566,-73.99048933060747
NYC,5875174,40.75766116037737,-73.99314601886792
NYC,5875174,40.75878002619048,-73.9954849547619
NYC,5875174,40.75874473291139,-73.99606860379748
NYC,5875175,40.75945334710145,-73.99567101304348
NYC,5875175,40.76086437553191,-73.9945451829787
NYC,5875175,40.76461025625001,-73.99190560000001
NYC,5875175,40.7744688432836,-73.98224231119403
NYC,5875175,40.77419808588234,-73.98203840117641
NYC,5875177,40.76156239999999,-73.98787573809525
NYC,5875177,40.761296041228064,-73.98751080087716
NYC,5875177,40.761459205945926,-73.98740319621619
NYC,5875177,40.76166790937501,-73.98664075
NYC,5875177,40.76287816182336,-73.98925862706554
NYC,5875177,40.76404608125,-73.99195320781251
NYC,5875177,40.764682935555555,-73.99743518888889
NYC,5880546,40.72374007169812,-73.99158911132075
NYC,5880546,40.72300485156251,-73.98918590624999
NYC,5880546,40.720087345238085,-73.98741648333333
NYC,5880546,40.712651292857146,-73.9850200642857
NYC,5880546,40.71225919999999,-73.98487725405406
NYC,5880560,40.73956359894738,-74.00641320421055
NYC,5880560,40.7407386574468,-74.00556799148937
NYC,5880560,40.741263132407404,-74.00872297407406
NYC,5880560,40.738933853061226,-74.0097310122449
NYC,5880560,40.729477042857155,-74.01073905306122
NYC,5880562,40.725103177966105,-74.01057783389828
NYC,5880562,40.72260823709676,-74.00649342741936
NYC,5880562,40.722192707246386,-74.00589877101451
NYC,5880562,40.72062682051283,-74.00372829743588
NYC,5880565,40.69254243115939,-73.98906539420292
NYC,5880565,40.693525849999986,-73.99048506923076
NYC,5880565,40.689809792063485,-73.99223560952379
NYC,5880576,40.746954971929824,-74.0080680052632
NYC,5880576,40.73950999722222,-74.0099828925926
NYC,5880576,40.73008616707316,-74.0106395597561
NYC,5880576,40.72554401477272,-74.0111695909091
NYC,5880576,40.72509646475409,-74.01034769590163
NYC,5880621,40.76067046666667,-73.96097059649122
NYC,5880621,40.761328139473676,-73.96073001052629
NYC,5880621,40.761885105769245,-73.9578236384615
NYC,5880621,40.76323787238467,-73.9567520512021
NYC,5880621,40.76394539361703,-73.95853677446809
NYC,5880623,40.73564767246376,-73.9751268811594
NYC,5880623,40.73680254531251,-73.97823787187501
NYC,5880623,40.737904349333334,-73.98087338533334
NYC,5880626,40.72930558064516,-74.00111766774192
NYC,5880626,40.72905514712042,-74.00105696256546
NYC,5880626,40.72750576052632,-74.00051395263158
NYC,5880626,40.727871175781246,-74.00140068593747
NYC,5880626,40.728035932352945,-74.0020200852941
NYC,5880626,40.72705545089285,-74.00032364553572
NYC,5880626,40.72560473103449,-73.99739333448278
NYC,5880626,40.72448266101695,-73.99386297966099
NYC,5880627,40.72420715135136,-73.99315233243244
NYC,5880627,40.72287190638296,-73.99308702340426
NYC,5880627,40.7263312627907,-73.99137515000001
NYC,5880627,40.72444700972222,-73.99254609166664
NYC,5880627,40.72072136632653,-73.9938270153061
NYC,5880628,40.719332542063476,-73.99088936825397
NYC,5880628,40.71833518510638,-73.9876843638298
NYC,5880628,40.70969279736843,-73.95923656842108
NYC,5880628,40.71000654519231,-73.95853516346152
NYC,5880628,40.711301825806444,-73.94739858387098
NYC,5880646,40.70932799743589,-74.01489240769232
NYC,5880646,40.715147014423074,-74.01330614759615
NYC,5880646,40.71439368857868,-74.01502457106601
NYC,5880646,40.715210339285704,-74.01598044642856
NYC,5880646,40.7153010695122,-74.01396956890244
NYC,5880650,40.76348128193548,-73.97546614838711
NYC,5880650,40.76405788621215,-73.97662952606075
NYC,5880650,40.765283605555545,-73.9796006611111
NYC,5880663,40.725522368085116,-73.99732832553191
NYC,5880663,40.72415878490566,-73.99304694150945
NYC,5880663,40.720484589655186,-73.99396928275863
NYC,5880663,40.71999041842106,-73.99316492368419
NYC,5880663,40.7186335826923,-73.98860237692308
NYC,5882074,40.71747356046512,-73.98476881627907
NYC,5882074,40.71823790465116,-73.98683816744182
NYC,5882074,40.718488794827586,-73.9880475612069
NYC,5882074,40.71878192777777,-73.98889212685184
NYC,5882074,40.719820663636376,-73.99186396363636
NYC,5882074,40.72139037586206,-73.99712399482758
NYC,5882075,40.72454213865549,-73.99829217142857
NYC,5882075,40.724667826956505,-73.9987075452174
NYC,5882075,40.7185594673913,-74.00040174057968
NYC,5882149,40.76840851666666,-73.96342738833332
NYC,5882149,40.768703998514844,-73.96385362821782
NYC,5882149,40.76909023506494,-73.96499623896102
NYC,5882149,40.7696364138889,-73.96479734444445
NYC,5882149,40.769508697586204,-73.96387719206899
NYC,5882149,40.76932055128206,-73.96358320769232
NYC,5882149,40.7691002942029,-73.96301846521742
NYC,5882149,40.768589152830195,-73.96179098207547
NYC,5882149,40.76894578918918,-73.96134122432436
NYC,5882149,40.76966042982455,-73.96256975087718
NYC,5882150,40.767485639130435,-73.96437430217391
NYC,5882150,40.763545697,-73.967256591
NYC,5882150,40.75141970975611,-73.97555391585362
NYC,5882150,40.752387946478876,-73.97781325492956
NYC,5882155,40.73508877258064,-73.99141090967744
NYC,5882155,40.72876165306121,-73.98760872142856
NYC,5882155,40.72578885689656,-73.98975628275863
NYC,5882155,40.72423798983051,-73.99090742457628
NYC,5882171,40.754476278787884,-73.99301760303031
NYC,5882171,40.75453512305699,-73.9935718976684
NYC,5882171,40.754991904411774,-73.9944366102941
NYC,5882171,40.75519627631579,-73.99468204736843
NYC,5882171,40.75012531666665,-74.00242785166667
NYC,5882171,40.74847616486486,-74.0038851837838
NYC,5882183,40.78397297719299,-73.95052895789473
NYC,5882183,40.785116589830515,-73.94926713220336
NYC,5882183,40.784985449,-73.94889116799999
NYC,5882183,40.7849467862069,-73.94850210172413
NYC,5882183,40.784454005,-73.94765004
NYC,5882183,40.776090425000014,-73.94700814833331
NYC,5882185,40.771553881967215,-73.95023367049178
NYC,5882185,40.76979953235295,-73.95081441470586
NYC,5882185,40.77050460701755,-73.95046586140349
NYC,5882185,40.776515791666675,-73.94670741388889
NYC,5882185,40.77955946585366,-73.94455864634148
NYC,5882185,40.782575010256416,-73.94426897948716
NYC,5882196,40.73779778809524,-73.97431597142858
NYC,5882196,40.73741822631579,-73.9757434868421
NYC,5882196,40.737734504,-73.97662462400001
NYC,5882196,40.73855857735849,-73.97838981886795
NYC,5882196,40.73890702678572,-73.97934788214285
NYC,5882198,40.72445215384616,-73.99379687692306
NYC,5882198,40.723878917647056,-73.99215294235293
NYC,5882198,40.72384087536231,-73.99180144710144
NYC,5882198,40.723317774025986,-73.99011102467533
NYC,5882198,40.72316632622951,-73.9896483786885
NYC,5882198,40.72296756764705,-73.98893048823527
NYC,5882199,40.72295302285715,-73.98889394571427
NYC,5882199,40.7222899876923,-73.98670650923077
NYC,5882199,40.72149032,-73.984100876
NYC,5882199,40.72073393402063,-73.98147477525774
NYC,5882199,40.722586124137926,-73.98608191465516
NYC,5882199,40.721399015094335,-73.98685981320756
NYC,5882205,40.719398403125005,-73.99064815
NYC,5882205,40.71998202499999,-73.99242771153844
NYC,5882205,40.723435457894745,-73.99119721973685
NYC,5882205,40.72497996086957,-73.99466864021737
NYC,5882205,40.726668700000005,-73.99919639428569
NYC,5882206,40.729481958950636,-74.00177947993824
NYC,5882206,40.72908018846153,-74.00120505141702
NYC,5882206,40.728507894915246,-73.99976044237287
NYC,5882206,40.72665526862745,-73.99625430784315
NYC,5882206,40.72527853863637,-73.99269039545453
NYC,5882206,40.72510740851063,-73.99232945319147
NYC,5882206,40.72440920757576,-73.99258269696969
NYC,5882207,40.722153240384614,-73.99331296634617
NYC,5882207,40.72142607575758,-73.99354080151512
NYC,5882207,40.720639874468084,-73.99373248936169
NYC,5882207,40.720058672972975,-73.99354114864863
NYC,5882207,40.719483026984115,-73.99148553492064
NYC,5882207,40.7188167018868,-73.98918176037735
NYC,5882207,40.717793153846145,-73.98626772499998
NYC,5882208,40.719617830769224,-73.9444981076923
NYC,5882208,40.726225466666655,-73.949031335
NYC,5882208,40.731607351923074,-73.95177592307691
NYC,5882249,40.73441118000001,-73.983514733
NYC,5882249,40.732490386428566,-73.98734901785716
NYC,5882249,40.73491353382353,-73.99311067647061
NYC,5882249,40.73526033166664,-73.99385369166663
NYC,5882249,40.73409390735293,-73.99950285588234
NYC,5882251,40.73344153888889,-74.00239969027778
NYC,5882251,40.732671881333324,-74.00122188888886
NYC,5882251,40.73247122054794,-74.00084214623284
NYC,5882251,40.73725609814815,-73.9968948972222
NYC,5882251,40.73861573333333,-73.99204048666665
NYC,5882252,40.73788951346156,-73.99028165384614
NYC,5882252,40.734735841411045,-73.98296702576687
NYC,5882252,40.733905697916676,-73.98099838125
NYC,5882252,40.735441231656814,-73.97933271627217
NYC,5882252,40.73683886269842,-73.9782811825397
NYC,5882276,40.72355876720429,-73.99634608709677
NYC,5882276,40.72456266578947,-73.99575170263154
NYC,5882276,40.73092068392856,-73.99172855357142
NYC,5882276,40.73278499111111,-73.99570814444444
NYC,5882276,40.734104997560976,-73.9988050707317
NYC,5882276,40.73385948719212,-74.00142682463056
NYC,5882278,40.733540243589744,-74.0020790897436
NYC,5882278,40.733015387313436,-74.00186000298505
NYC,5882278,40.73239987959183,-74.00073031632651
NYC,5882278,40.731223875925934,-73.99948569074073
NYC,5882278,40.72601550980391,-73.9948554705882
NYC,5882278,40.72294499811219,-73.9949106544229
NYC,5882282,40.75453765813953,-73.9990047744186
NYC,5882282,40.7502871125438,-74.00422399929923
NYC,5882282,40.746266690243914,-73.99482848536584
NYC,5882283,40.74446734042554,-73.98332188723403
NYC,5882283,40.74615500263158,-73.98178977894736
NYC,5882283,40.74942811499999,-73.97947001499998
NYC,5882283,40.75629119528302,-73.97039685283018
NYC,5882285,40.7600980078125,-73.96752813515623
NYC,5882285,40.74588837699999,-73.93996096299999
NYC,5882285,40.74003851707318,-73.93452017560975
NYC,5912518,40.71835166363636,-73.9949708151515
NYC,5912518,40.71835657709332,-73.9646623109721
NYC,5938784,40.747330762711876,-73.97589241355931
NYC,5938784,40.74752976219513,-73.97634024512195
NYC,5938784,40.75497923740944,-73.97178240235509
NYC,5938784,40.757422393640695,-73.96939211701113
NYC,5954693,40.725599526541565,-74.00671835871314
NYC,5954693,40.719971148913054,-74.00989426086957
NYC,5969191,40.76184072250001,-73.97974241
NYC,5969191,40.76198705588235,-73.98080980294117
NYC,5969191,40.762573787804875,-73.98175551463414
NYC,5969191,40.763133581249996,-73.98276051093748
NYC,5969191,40.763522761538454,-73.98372928846153
NYC,5969191,40.763758696070234,-73.98429840894649
NYC,5969191,40.765245744999994,-73.987328788
NYC,5969191,40.765204325714286,-73.98776942285713
NYC,5969211,40.74495842954545,-73.97606900151519
NYC,5969211,40.74396265434782,-73.97414841956521
NYC,5969213,40.74434179910001,-73.9727661903
NYC,5969213,40.74707777874394,-73.9711490147343
NYC,5969213,40.74863690272728,-73.97000069272728
NYC,5969214,40.760784202816886,-73.99836814366196
NYC,5969214,40.76110913634258,-73.99903695648146
NYC,5969215,40.76172890971563,-74.00050819099523
NYC,5969215,40.765385241891885,-73.99710643648649
NYC,5969215,40.76469858257575,-73.99577643939394
NYC,5969215,40.76161870857143,-73.99824309999998
NYC,5969215,40.75947874400001,-74.00333211899999
NYC,5969219,40.728059083000005,-73.99342576
NYC,5969219,40.726658877777794,-73.99216531925926
NYC,5969219,40.727433132352935,-73.99516540294117
NYC,5969219,40.72376552051282,-74.00145098974359
NYC,5969261,40.774852277419356,-73.95689619677418
NYC,5969261,40.77701883412698,-73.95594255158727
NYC,5969261,40.77881270526316,-73.96003735526315
NYC,5969261,40.7793097,-73.96201923636363
NYC,5969261,40.7819411925,-73.971530245
NYC,5969261,40.776546781081095,-73.9757937027027
NYC,5969263,40.76798850390568,-73.98995497704496
NYC,5969273,40.78653994537038,-73.9522527175926
NYC,5969273,40.787933624,-73.955564318
NYC,5969273,40.785829702142856,-73.95735508714282
NYC,5969273,40.78522612285713,-73.95571254857144
NYC,5969273,40.78805609202899,-73.9521158282609
NYC,5969273,40.78737546140351,-73.95213578947369
NYC,5969273,40.78652893793104,-73.95258066034481
NYC,5969276,40.71382033461539,-73.97724058269229
NYC,5969276,40.714274248863624,-73.98072811590909
NYC,5969278,40.71551442000001,-73.98500828777779
NYC,5969278,40.716484267391316,-73.98817292500001
NYC,5969278,40.71713773444445,-73.99033257777776
NYC,5969278,40.71878892885906,-73.98935041023486
NYC,5969278,40.71769961481482,-73.98604527499998
NYC,5969297,40.73861837719298,-73.98316730701754
NYC,5969297,40.74224797289156,-73.98053140903615
NYC,5969297,40.742475472500004,-73.98044533999999
NYC,5969297,40.74333307380953,-73.98592465476192
NYC,5969297,40.745032196363624,-73.98969125636363
NYC,5969332,40.7448462826087,-73.99490590434783
NYC,5969332,40.74392654255319,-73.99572241063827
NYC,5969332,40.74352292105263,-73.99598031578948
NYC,5969332,40.73736448793103,-74.0005865862069
NYC,5969332,40.72897199838709,-74.00527139677419
NYC,5969333,40.7287010098039,-74.00485368823531
NYC,5969333,40.72405192978723,-74.00589275106381
NYC,5969333,40.72091794347825,-74.00406629347826
NYC,5969333,40.71997881923076,-74.0027358953846
NYC,5969333,40.71955915507247,-74.00206235797103
NYC,5969334,40.71826404225351,-74.00033860985916
NYC,5969334,40.71909682653061,-73.99910754897957
NYC,5969334,40.720979716981134,-73.99765025471697
NYC,5969334,40.72053163023256,-73.99457284186046
NYC,5969334,40.719807654629626,-73.99241472314813
NYC,5969334,40.719418563709674,-73.99109265241937
NYC,5969334,40.71871973518518,-73.98882493333329
NYC,5969340,40.71795187719299,-73.98586627543861
NYC,5969340,40.71858824807693,-73.98786675384613
NYC,5969340,40.71937186956522,-73.99050009782607
NYC,5969340,40.72000579351851,-73.99261834999997
NYC,5969340,40.72313756862744,-73.99293418431373
NYC,5969340,40.723904705882354,-73.99266042573528
NYC,5969340,40.72638987938144,-73.99181908144325
NYC,5969342,40.733039602,-73.987324214
NYC,5969342,40.736784019696984,-73.98457228257578
NYC,5969342,40.741046299999994,-73.9815031716981
NYC,5969342,40.74309131833332,-73.98003973249999
NYC,5969343,40.75105145526319,-73.97471138486839
NYC,5969343,40.75166738378379,-73.9765129081081
NYC,5969343,40.75182667424242,-73.97708027651514
NYC,5969343,40.752858303957524,-73.97899586544402
NYC,5969343,40.75258168771929,-73.97880129649123
NYC,5969357,40.770590581250005,-73.99467577890624
NYC,5969357,40.7656752754386,-73.99773457894739
NYC,5969357,40.76035913583334,-74.00259138000001
NYC,5969357,40.754777067999996,-74.00666642600001
NYC,5969357,40.75196980175439,-74.00786582982458
NYC,5969357,40.7486716736842,-74.00052895526315
NYC,5969358,40.74605493083334,-73.99467732416669
NYC,5969358,40.74567062368421,-73.99445248421053
NYC,5969358,40.74400339016394,-73.99304526311475
NYC,5969358,40.74825685862068,-73.98899977758619
NYC,5969358,40.749658634920614,-73.98789716666667
NYC,5969359,40.75158131,-73.98649805363637
NYC,5969359,40.75117595333333,-73.98304081333336
NYC,5969359,40.751562634210536,-73.98599721169585
NYC,5969359,40.7534944392157,-73.98515163921567
NYC,5969359,40.755325912903224,-73.9836557419355
NYC,5969360,40.75680021129031,-73.98246123387099
NYC,5969360,40.75748968082193,-73.98194269999996
NYC,5969360,40.75879187880435,-73.98129423043477
NYC,5969360,40.759607572784816,-73.98238091265821
NYC,5969360,40.75977986714286,-73.98267611999998
NYC,5969361,40.7607417276423,-73.98482610975611
NYC,5969361,40.7613544,-73.98602603392858
NYC,5969361,40.7632173173145,-73.99007586766787
NYC,5969361,40.764023811428565,-73.99192126000001
NYC,5969379,40.72202860666667,-73.98639194499998
NYC,5969379,40.72313168000001,-73.98796209
NYC,5969379,40.723653519298246,-73.98811857368422
NYC,5969379,40.730563287755096,-73.98308782857143
NYC,5969379,40.74156387777778,-73.9779287861111
NYC,5969380,40.741701545153056,-73.98184093061225
NYC,5969380,40.74208668695652,-73.9827843978261
NYC,5969380,40.7444586292683,-73.98871645853656
NYC,5969380,40.749013047058824,-73.99154322745098
NYC,5969386,40.72191987288136,-74.00806514406779
NYC,5969386,40.72274637222223,-74.01155688055556
NYC,5969386,40.72600643333334,-74.0094000972222
NYC,5969386,40.72592093380282,-74.00873648732394
NYC,5969386,40.72592037185876,-74.00698860539983
NYC,5969386,40.72307542340427,-74.00539995106381
NYC,5969404,40.74751596612903,-73.97629087258065
NYC,5969404,40.75133949827587,-73.97398178965517
NYC,5969404,40.752819711111115,-73.97349767407408
NYC,5969404,40.753125080645155,-73.9743551
NYC,5969404,40.755136578750005,-73.97895654875
NYC,5969405,40.75697952272726,-73.98366333636363
NYC,5969405,40.75710763061223,-73.98391728775512
NYC,5969405,40.75723723018867,-73.98438453773586
NYC,5969405,40.757767374496645,-73.9851294704698
NYC,5969405,40.7581101,-73.98586522682926
NYC,5969405,40.758237286363624,-73.98617606969697
NYC,5969405,40.758421454913304,-73.98667247225433
NYC,5969405,40.75888023728814,-73.98780805932203
NYC,5969406,40.761339820399996,-73.99758862799997
NYC,5969406,40.76222954782609,-73.99986061521739
NYC,5969406,40.766527751612905,-73.99676470161289
NYC,5969408,40.75964281515152,-73.98447674545453
NYC,5969408,40.756177985810815,-73.98653288378378
NYC,5969408,40.753640258,-73.98860466299999
NYC,5969408,40.75002811770832,-73.99145866250001
NYC,5969409,40.7407183359649,-73.99812454561402
NYC,5969409,40.73894688039215,-73.99944168235294
NYC,5969409,40.73737155999999,-74.00059417363636
NYC,5969409,40.72873019375002,-74.00533635312502
NYC,5969409,40.723096251428565,-74.00547366
NYC,5969413,40.744605107638904,-73.99152485208333
NYC,5969413,40.744155632407406,-73.98989628240741
NYC,5969413,40.743511043396225,-73.98838695283017
NYC,5969413,40.74304152567568,-73.9873663445946
NYC,5969413,40.748050320000004,-73.98542889636364
NYC,5969433,40.775284412236275,-73.95662564894515
NYC,5969433,40.77534363392858,-73.95386021875001
NYC,5969434,40.721517489285716,-73.98365096607142
NYC,5969434,40.72268457380953,-73.98756356190476
NYC,5969434,40.7235617637255,-73.99037154215686
NYC,5969435,40.72413973380282,-73.99220632394365
NYC,5969435,40.72429676868132,-73.99436163681318
NYC,5969435,40.72310649166666,-73.99493809583333
NYC,5969435,40.69700956874999,-73.98510791562498
NYC,6001709,40.745820328285056,-74.00627648106902
NYC,6001709,40.746316076190475,-74.00519739523806
NYC,6039794,40.72791002189781,-73.99912040218977
NYC,6039794,40.72726449374999,-74.000496878125
NYC,6039794,40.728871134883725,-74.0069840767442
NYC,6039794,40.71679871147541,-74.01307625901639
NYC,6058408,40.75336255533334,-74.00310966933334
NYC,6058408,40.746115202702704,-73.98670392972974
NYC,6058408,40.74235280399999,-73.97791664399999
NYC,6058408,40.741395530555565,-73.97551404444442
NYC,6058408,40.74198754838709,-73.97468192903224
NYC,6058408,40.74504046666667,-73.97136020952381
NYC,6058411,40.79562322058824,-73.96622735882353
NYC,6058411,40.795582856,-73.965761772
NYC,6058411,40.794894784375,-73.96439279375
NYC,6058411,40.79479620491805,-73.96239434098361
NYC,6058411,40.79834038604652,-73.95261166627907
NYC,6058411,40.80197147173912,-73.9496884271739
NYC,6058411,40.80769054390245,-73.94550860975612
NYC,6058411,40.81477817631579,-73.94029133157895
NYC,6062340,40.705602747222215,-74.00986585277775
NYC,6062340,40.70578310229885,-74.0096513816092
NYC,6062340,40.70548239444443,-74.00775111851851
NYC,6062340,40.70983507555557,-74.00132913555552
NYC,6062341,40.71490935952382,-73.99244955952382
NYC,6062341,40.718153560526325,-73.99076120263157
NYC,6062341,40.71904306122449,-73.99013672040817
NYC,6062341,40.71852392592594,-73.98837411203704
NYC,6062341,40.71767847627119,-73.98597153135593
NYC,6062390,40.74624723137256,-73.97725994509803
NYC,6062390,40.74605842894737,-73.97759662631582
NYC,6062390,40.746659418750006,-73.97840934166668
NYC,6062390,40.746994530188694,-73.9791734490566
NYC,6062390,40.747590893333346,-73.98068196666667
NYC,6062390,40.747402202083336,-73.98550730416669
NYC,6062390,40.74649126065574,-73.98622018852461
NYC,6062391,40.74525363275863,-73.98567039568965
NYC,6062391,40.74988151607142,-73.9814804642857
NYC,6062391,40.75138451212121,-73.98213619242425
NYC,6062391,40.756440549206346,-73.9937986190476
NYC,6062395,40.7736761638889,-73.98382696944446
NYC,6062395,40.77328985957447,-73.9829223255319
NYC,6062395,40.77193002181819,-73.97951625272728
NYC,6062395,40.770947378571435,-73.98001889642859
NYC,6062395,40.77032470285715,-73.98049305714285
NYC,6062395,40.769106481034484,-73.98219168965518
NYC,6062398,40.73962496987952,-73.98704371807229
NYC,6062398,40.73787436421371,-73.98824207943551
NYC,6062398,40.73808760305678,-73.9889314930131
NYC,6062398,40.738357374999985,-73.98946884687498
NYC,6062398,40.73723252941177,-73.98895107843136
NYC,6062398,40.73972680677966,-73.98676812542375
NYC,6062409,40.73740097000001,-73.9842284681818
NYC,6062409,40.73998234741378,-73.98228769655171
NYC,6062409,40.74115477735849,-73.9813076528302
NYC,6062409,40.74097278166665,-73.982310785
NYC,6062412,40.714883599999986,-73.99242059508197
NYC,6062412,40.71508875633803,-73.99179018450705
NYC,6062412,40.71559093387095,-73.99149700564516
NYC,6062413,40.71430322934783,-73.99381506304347
NYC,6062413,40.714040477631585,-73.9972579
NYC,6062413,40.7083031681818,-74.00321544772727
NYC,6062413,40.70563038220338,-74.00875766440677
NYC,6062413,40.70535237446808,-74.0078367031915
NYC,6062418,40.719531912096784,-73.99426272338711
NYC,6062418,40.7199294057471,-73.9941103597701
NYC,6062418,40.720757173913064,-73.99380732391303
NYC,6062418,40.72363426640624,-73.9926719453125
NYC,6062418,40.725390457692306,-73.99201936346152
NYC,6062418,40.72686775957449,-73.99153966702127
NYC,6062418,40.72993785909091,-73.98953107000001
NYC,6062418,40.73099123414633,-73.98871119756095
NYC,6062419,40.731465117123285,-73.98705838082186
NYC,6062419,40.731127864615395,-73.98615822076923
NYC,6062419,40.73084933478261,-73.98606846086955
NYC,6062419,40.730035938181814,-73.98662247272728
NYC,6062419,40.72930513265308,-73.98714620306123
NYC,6062419,40.724366953174616,-73.99068433492064
NYC,6070058,40.73832207217743,-73.98411495806451
NYC,6070058,40.73591456578947,-73.98522463421052
NYC,6070062,40.74241518723404,-73.99371126914893
NYC,6070062,40.73829460178572,-73.98407392232143
NYC,6070062,40.737299221710515,-73.98415823026315
NYC,6070062,40.73530462261905,-73.98569042023809
NYC,6070062,40.73350167450981,-73.98700431372546
NYC,6070063,40.72984385588236,-73.98975260784314
NYC,6070063,40.72714232945203,-73.99159794657534
NYC,6070063,40.72627780735296,-73.98962814411757
NYC,6070063,40.7258596953125,-73.98873194375
NYC,6070063,40.725573191525456,-73.98797612542373
NYC,6070063,40.72408903846153,-73.98500312820511
NYC,6070065,40.72272234632354,-73.98597092720591
NYC,6070065,40.72113803260869,-73.98691242173912
NYC,6070065,40.71863786451612,-73.98799133548388
NYC,6070065,40.718714917021266,-73.98848883404254
NYC,6070065,40.719108011320756,-73.98949167169813
NYC,6070065,40.71962863030304,-73.98997031212123
NYC,6070065,40.72143904883721,-73.98908794186045
NYC,6070065,40.724139218461545,-73.99228409384615
NYC,6109121,40.717918771794864,-73.98546581923077
NYC,6109121,40.71982079779998,-73.9833675138
NYC,6109121,40.729365838636355,-73.97772393863636
NYC,6109122,40.731319118032786,-73.98228859262295
NYC,6109122,40.731975268750006,-73.982169515625
NYC,6109122,40.73257196470589,-73.98487554411764
NYC,6109122,40.73198440099503,-73.9861633880597
NYC,6109122,40.732709944375,-73.98760405874997
NYC,6109122,40.732975952040825,-73.98741404591836
NYC,6109122,40.73249645725806,-73.98527800725806
NYC,6109122,40.73150797941176,-73.98296020098039
NYC,6109123,40.72556146666665,-73.97785906666665
NYC,6109123,40.72434858913043,-73.97877242282605
NYC,6109123,40.723942260526314,-73.97904542105266
NYC,6109123,40.72367348163265,-73.97918129081631
NYC,6109123,40.72193394839654,-73.97900521448007
NYC,6109123,40.721121254615376,-73.97800099769232
NYC,6109127,40.75308300188678,-73.96669449056603
NYC,6109127,40.761416598936165,-73.96069456808507
NYC,6109127,40.77225886375,-73.95289126499999
NYC,6109138,40.710926897101444,-73.99140636956517
NYC,6109138,40.71404625294119,-73.990504972549
NYC,6122945,40.72505632951722,-74.01076335134994
NYC,6148084,40.71510986465518,-74.0133836698276
NYC,6148084,40.7152073725,-74.01580225
NYC,6148084,40.71501768205129,-74.01605713333333
NYC,6148084,40.71386806410255,-74.01418097564103
NYC,6148084,40.71334021351351,-74.01401362972972
NYC,6148084,40.70778103461539,-74.01561936730768
NYC,6148089,40.76157841020407,-73.98181879795919
NYC,6148089,40.76149253823528,-73.98238397647057
NYC,6148089,40.762500832499995,-73.98466564249999
NYC,6148089,40.76328129498209,-73.98113097284943
NYC,6148091,40.76105373787878,-73.99822678181818
NYC,6148091,40.752751141666664,-74.00430593
NYC,6148091,40.75002395685815,-74.00001365052753
NYC,6148098,40.75546722692308,-74.00095892564107
NYC,6148098,40.75568992647059,-74.00172217058825
NYC,6148098,40.75533602439023,-74.00226205365854
NYC,6148098,40.74240988727273,-74.00419305454545
NYC,6148098,40.74119885833334,-74.00518322537877
NYC,6148100,40.7049837375,-74.01661368750001
NYC,6148100,40.708141004651175,-74.01356825174416
NYC,6148100,40.713527813207534,-74.01390232641509
NYC,6148102,40.74257034523809,-73.99404413095237
NYC,6148102,40.74120646637931,-73.99076823362068
NYC,6148102,40.7408583782258,-73.98971286451611
NYC,6148102,40.74558094923075,-73.97816713923075
NYC,6148103,40.74484235887097,-73.97611681612902
NYC,6148103,40.7443277,-73.97630388249999
NYC,6148103,40.746121796666664,-73.97772136466669
NYC,6148103,40.746983154285715,-73.97908703142859
NYC,6148103,40.743871392682934,-73.98335555609755
NYC,6148103,40.744421513000006,-73.98749732600002
NYC,6148104,40.7443001948718,-73.9874168076923
NYC,6148104,40.7381523673077,-73.98146526346153
NYC,6148104,40.736059003030306,-73.97664807272726
NYC,6148104,40.735637063513515,-73.97567598310809
NYC,6148104,40.73295457377048,-73.97455199180324
NYC,6148139,40.760719691666665,-73.96417190277778
NYC,6148139,40.75725114954956,-73.96306654684686
NYC,6148139,40.75830976249999,-73.96271606416664
NYC,6148139,40.76449057285715,-73.95844544000002
NYC,6148140,40.76400855511811,-73.9627762913386
NYC,6148140,40.76310245925926,-73.96064563009261
NYC,6148140,40.762828658163265,-73.95981363163261
NYC,6148140,40.76501267714286,-73.95927003714286
NYC,6148141,40.7594679264151,-73.96525187169811
NYC,6148141,40.740661150170304,-73.97965120108994
NYC,6148146,40.77397128609866,-73.96283363928245
NYC,6148146,40.76020659056604,-73.9652693009434
NYC,6148156,40.71993574561404,-73.9924391614035
NYC,6148156,40.717423925,-73.99547773636363
NYC,6148156,40.717702487200036,-73.9966961876
NYC,6148156,40.71790235229886,-73.99710260344828
NYC,6148156,40.71752375494188,-73.99728179709301
NYC,6148159,40.71389250447762,-73.99317072089553
NYC,6148159,40.71801211190475,-73.99088603809523
NYC,6148159,40.718285926923095,-73.9875893875
NYC,6148206,40.77150702786886,-73.95032183770495
NYC,6148206,40.77293506000001,-73.9580307523077
NYC,6148206,40.773238293181805,-73.95876256704544
NYC,6148206,40.77367394493671,-73.95971124303797
NYC,6148206,40.77244444390243,-73.95922936097561
NYC,6148206,40.77140892653061,-73.95684548367345
NYC,6148229,40.72383246923077,-74.01131302403847
NYC,6148229,40.724673908108095,-74.01113812702702
NYC,6148229,40.72887298888889,-74.01055695092593
NYC,6148229,40.74135214222221,-74.00886159333334
NYC,6148250,40.70423858679244,-74.01245427924528
NYC,6148250,40.7050346825,-74.00761423000002
NYC,6148250,40.707826952941176,-74.00821972513369
NYC,6148250,40.70767421250001,-74.00769266458333
NYC,6148253,40.7096504425532,-73.95912316702129
NYC,6148253,40.70999483947367,-73.95851181315791
NYC,6148253,40.7106837,-73.95391379999998
NYC,6148253,40.71334829999999,-73.95152481
NYC,6148253,40.71486889130435,-73.95172861521738
NYC,6148253,40.719598688235294,-73.9448251970588
NYC,6190355,40.72172209083335,-74.005492675
NYC,6190355,40.726174762499994,-73.99846903977273
NYC,6190355,40.72514850487806,-73.99548514390241
NYC,6190355,40.72711159237917,-73.99280351078065
NYC,6190355,40.725725687804875,-73.99209071951219
NYC,6193321,40.74812694680852,-73.97796290851062
NYC,6193321,40.7488001775,-73.97948960749997
NYC,6193321,40.75522454204546,-73.97569886704547
NYC,6193321,40.75871280172412,-73.97289752586207
NYC,6193321,40.76080321964286,-73.97150224285714
NYC,6193321,40.76149923505746,-73.97092886609197
NYC,6193322,40.761656758730176,-73.97075416190478
NYC,6193322,40.76289034285714,-73.9735976095238
NYC,6193322,40.763874040625005,-73.97584951875001
NYC,6193322,40.76499910609757,-73.97664071829269
NYC,6193322,40.764322842222214,-73.97520803777778
NYC,6193322,40.759912447619044,-73.97609360714284
NYC,6193322,40.75735786632652,-73.97790662244896
NYC,6193324,40.753722492857136,-73.98074122619049
NYC,6193324,40.75170934999999,-73.98219343545455
NYC,6193324,40.74863312857142,-73.98422071964286
NYC,6193324,40.744213229787235,-73.98741809361701
NYC,6193324,40.742940909126965,-73.98896720674604
NYC,6193327,40.73753526916666,-74.00721617666665
NYC,6193327,40.736179111111106,-74.0013711972222
NYC,6193327,40.730486684210526,-74.00461752105262
NYC,6193327,40.72968789215687,-74.00500969215688
NYC,6193328,40.724031664102576,-74.00594273589743
NYC,6193328,40.71971166599998,-74.002468532
NYC,6193328,40.71947127039474,-74.00207445263158
NYC,6193328,40.718095696428584,-74.00015564761904
NYC,6193328,40.717062980952385,-73.99855988730161
NYC,6193328,40.716834627586195,-73.99791541206896
NYC,6193347,40.731241918716584,-73.97467884973263
NYC,6193347,40.73105817631579,-73.97422390000001
NYC,6193348,40.73064627575758,-73.98287365454546
NYC,6193348,40.73086676956522,-73.98289170217393
NYC,6193348,40.729511405769244,-73.97826089807694
NYC,6193348,40.72522523255813,-73.98109921976743
NYC,6193348,40.721831082142856,-73.98357591785715
NYC,6193348,40.7203240264151,-73.98468655943394
NYC,6193348,40.71992468157894,-73.9833105868421
NYC,6193349,40.7186039397436,-73.9835281458333
NYC,6193349,40.719012381102374,-73.98473427401572
NYC,6193349,40.71916083285714,-73.98511397857139
NYC,6193349,40.72091050227272,-73.98112232348484
NYC,6193350,40.73139402405063,-73.97477534367091
NYC,6193350,40.731084882352945,-73.97418195882354
NYC,6193350,40.73129008,-73.9753887875
NYC,6193350,40.73112287948718,-73.97433504358975
NYC,6193373,40.753183463716816,-73.9840380159292
NYC,6193373,40.751720491176485,-73.98034663235293
NYC,6193373,40.749603374074056,-73.97583433518517
NYC,6193373,40.74991838529413,-73.97502855294117
NYC,6193373,40.760775539215686,-73.96706784313729
NYC,6193392,40.75950834210524,-73.98085112061403
NYC,6193392,40.75949901363636,-73.98129112727273
NYC,6193392,40.75997735254238,-73.98261196949151
NYC,6193392,40.76263216764707,-73.9888398147059
NYC,6193393,40.760469383928566,-73.98954303035714
NYC,6193393,40.76019022096775,-73.9888651564516
NYC,6193393,40.75993244567904,-73.98843622592594
NYC,6193393,40.7627203532258,-73.99296258870969
NYC,6193393,40.76378105500002,-73.99569519
NYC,6193395,40.76235105111112,-73.9971381377778
NYC,6193395,40.7611798560345,-73.99806153362067
NYC,6193395,40.75351311891892,-74.00360027567565
NYC,6193395,40.751935446835446,-74.00398122721519
NYC,6193395,40.751673804575155,-74.00325743529395
NYC,6193397,40.7453062707317,-73.98921313170733
NYC,6193397,40.74472149117648,-73.98783974117646
NYC,6193397,40.74401155454546,-73.98628867454546
NYC,6193397,40.74343700344828,-73.98430939655171
NYC,6193397,40.744455358653845,-73.9833212432692
NYC,6193397,40.74617021304347,-73.98188674999999
NYC,6193397,40.748016731914895,-73.9804897893617
NYC,6193433,40.71996473214283,-73.97849173392858
NYC,6193433,40.721550583333325,-73.98360459824563
NYC,6193433,40.721996810344834,-73.98512756293103
NYC,6193434,40.722259571186456,-73.98602430423729
NYC,6193434,40.72290440153848,-73.98833635999999
NYC,6193434,40.72067820625,-73.98978565416667
NYC,6193434,40.718922721830936,-73.99048181250004
NYC,6193434,40.718477370303,-73.99072130030302
NYC,6193434,40.71767445306123,-73.99138321020408
NYC,6193435,40.723545846153854,-73.9904187025641
NYC,6193435,40.7246529212766,-73.9937894680851
NYC,6193435,40.725474921296296,-73.99649998518521
NYC,6193435,40.72682446395349,-73.99943540348839
NYC,6193435,40.72791172187499,-73.99918779687498
NYC,6193435,40.729532360606065,-73.99824487272726
NYC,6193435,40.7300825263158,-73.99931777218043
NYC,6193441,40.776374076470596,-73.95032144411763
NYC,6193441,40.776796351156584,-73.95115416245554
NYC,6193441,40.77710967313433,-73.95179679104479
NYC,6193441,40.76893500833332,-73.95822977708336
NYC,6193441,40.764509594318184,-73.96145165568181
NYC,6193474,40.7272124159091,-73.97684621363636
NYC,6193474,40.728275382222236,-73.97578352666665
NYC,6193474,40.729427269696956,-73.9776033757576
NYC,6193474,40.72942140411765,-73.97796672117647
NYC,6193474,40.729520361764706,-73.9783102264706
NYC,6193474,40.72888775277778,-73.9753525138889
NYC,6193474,40.730675551898734,-73.97403816202538
NYC,6193479,40.759718252,-73.95865233133333
NYC,6193479,40.76701144705881,-73.95402398039214
NYC,6193479,40.76639815555556,-73.95163742592591
NYC,6193479,40.76675611351351,-73.95355871351349
NYC,6193479,40.7674236893617,-73.95521383404254
NYC,6193485,40.7388616967742,-73.97920202419355
NYC,6193485,40.741907827999995,-73.98088486
NYC,6193488,40.743244036111115,-73.9818983611111
NYC,6193488,40.74415018999999,-73.98399011104168
NYC,6193488,40.74493657910449,-73.9845051477612
NYC,6193488,40.74483872638889,-73.98393643472224
NYC,6193488,40.744009598214284,-73.98221751964287
NYC,6193488,40.74396725,-73.98359564634146
NYC,6193491,40.74621648809524,-73.98199861904762
NYC,6193491,40.74692301470587,-73.98149875294118
NYC,6193491,40.746736265957445,-73.98062646702125
NYC,6193491,40.74589859272728,-73.9785806509091
NYC,6193491,40.744946604255325,-73.97640156808512
NYC,6193491,40.74385555,-73.97385956666666
NYC,6193491,40.74333618571429,-73.97271165238095
NYC,6193504,40.728724898913036,-73.97557081847826
NYC,6193504,40.726838852032515,-73.97694408821137
NYC,6193504,40.72596286458334,-73.97747726458333
NYC,6193504,40.72496630535714,-73.97541516785714
NYC,6193506,40.721495305905485,-73.98016227362206
NYC,6193506,40.7226310953125,-73.9828349453125
NYC,6193506,40.72359246756757,-73.98506238108106
NYC,6193506,40.72711852,-73.98276401636363
NYC,6193506,40.72896834875731,-73.98306361480262
NYC,6193506,40.72929626851851,-73.98369531666668
NYC,6193508,40.749239226190475,-73.99195017619047
NYC,6193508,40.74887787234044,-73.99201495851062
NYC,6193508,40.746058938095246,-73.99092866428573
NYC,6193508,40.74481537796609,-73.98772620677967
NYC,6193508,40.74416201615383,-73.98602685307694
NYC,6193509,40.74275057592591,-73.9827357111111
NYC,6193509,40.746193836708876,-73.97777975063292
NYC,6193509,40.7477506475891,-73.97655228432912
NYC,6193509,40.75566178461539,-73.97093358653845
NYC,6193510,40.75092385294118,-73.94485660588234
NYC,6193510,40.750854836968095,-73.94561099999996
NYC,6193513,40.76260430833333,-73.98001563804345
NYC,6193513,40.76309695,-73.98167532894736
NYC,6193513,40.76108473875,-73.96930401124999
NYC,6280315,40.74651059245687,-74.00568641551723
NYC,6280315,40.74538461333334,-73.99868649499999
NYC,6280315,40.74161517727271,-73.98980005227274
NYC,6280315,40.73742771860465,-73.97809739302326
NYC,6344802,40.765818526415096,-73.96419620188679
NYC,6344802,40.76633592999999,-73.96484855636363
NYC,6344802,40.765970889634154,-73.9690727949695
NYC,6344802,40.76556591086956,-73.96642905652173
NYC,6344803,40.76438806461538,-73.95963304153847
NYC,6344803,40.766010317977525,-73.96936651573033
NYC,6344803,40.76646605238094,-73.96930999761905
NYC,6344803,40.76779802,-73.96836490999999
NYC,6344804,40.768382079491516,-73.96797347254241
NYC,6344804,40.76602824432988,-73.96937037422678
NYC,6344804,40.76141368571428,-73.96366658035713
NYC,6497819,40.7273325154945,-73.9995613221426
NYC,6497819,40.72696236923076,-73.9968058871795
NYC,6633536,40.77875643238702,-73.98853959099775
NYC,6662742,40.73168735583373,-73.99375813585833
NYC,6662742,40.73280915598246,-73.99574140813861
NYC,6682333,40.721777211688305,-74.00634098311686
NYC,6682333,40.721740349333324,-74.00572551599998
NYC,6682333,40.720756357894736,-74.00379699473683
NYC,6682333,40.71829768985508,-74.00045735072463
NYC,6682333,40.71776945822223,-73.99958743955555
NYC,6682333,40.71663647674419,-73.99726780930233
NYC,6682342,40.71902301,-73.98936152000002
NYC,6682342,40.71988166634617,-73.99217640769231
NYC,6682342,40.71961273387097,-73.99452285967743
NYC,6682342,40.719810249137915,-73.9950063353448
NYC,6682342,40.72079433229167,-73.99742975
NYC,6682342,40.72123358974359,-73.99851494615383
NYC,6682342,40.72167337692308,-73.99965114615382
NYC,6835664,40.76843647869053,-73.98739518933576
NYC,6835664,40.76712282452029,-73.98255865789721
NYC,6835669,40.76447080392646,-73.96208894589331
NYC,7612533,40.73440896875,-73.99894355208332
NYC,7612533,40.73713094833334,-73.99689353833337
NYC,7612533,40.753156809778616,-73.98562765821033
NYC,7612537,40.728192180555546,-74.00289925555553
NYC,7612537,40.724631265217404,-73.99361773913043
NYC,7612537,40.72430843098592,-73.99310383873237
NYC,7612537,40.72059780943396,-73.99393032075471
NYC,7612537,40.716730060714276,-73.9958611142857
NYC,7838616,40.70730476625664,-74.01528177518182
NYC,7875332,40.74590276847825,-74.0082136869565
NYC,7875332,40.73421661222223,-74.01024882666667
NYC,7875332,40.72057628125,-74.01223249791666
NYC,7875332,40.7117946893333,-74.01451223266668
SF_Centre,10752853,37.80088057550291,-122.42620324563059
SF_Centre,10752864,37.7852495932752,-122.41947953095753
SF_Centre,10892045,37.77234042600827,-122.45418748002382
SF_Centre,10935136,37.80199588767825,-122.42025252096829
SF_Centre,10935148,37.8006505807779,-122.44134432519107
SF_Centre,10935148,37.80034678620972,-122.44126462569623
SF_Centre,10935148,37.799984085612266,-122.44116988631349
SF_Centre,10935358,37.79272177644877,-122.40555224100635
SF_Centre,10935358,37.79069903890661,-122.41214179336768
SF_Centre,10935358,37.79388439643073,-122.4015615258474
SF_Centre,11071635,37.80667089335761,-122.42042088155948
SF_Centre,11071677,37.772255732296436,-122.42260331260192
SF_Centre,11071965,37.79589436540018,-122.4219056343312
SF_Centre,11071965,37.79816971470779,-122.40431523369436
SF_Centre,11092058,37.77471645193784,-122.46168038119829
SF_Centre,4300268,37.77732115514513,-122.4347458455145
SF_Centre,4300268,37.776890375757574,-122.43780562424243
SF_Centre,4300268,37.782935697014935,-122.43946595074628
SF_Centre,4300268,37.788007025490195,-122.44138861764706
SF_Centre,4303167,37.77747555121952,-122.44678286097563
SF_Centre,4303167,37.78105205686275,-122.4588630254902
SF_Centre,4326816,37.771740067647045,-122.42324890294121
SF_Centre,4326816,37.775365273913046,-122.42738295869567
SF_Centre,4326816,37.77687725444444,-122.42961245
SF_Centre,4326816,37.78060922285714,-122.43038109428572
SF_Centre,4453473,37.77312008299999,-122.43764213800002
SF_Centre,4453473,37.77211657291667,-122.42359501666671
SF_Centre,4636267,37.770156716071426,-122.42241928035715
SF_Centre,4636267,37.76332220980391,-122.4213891705882
SF_Centre,4636267,37.76180991976744,-122.41976375348834
SF_Centre,4652239,37.76907491785713,-122.41564726785714
SF_Centre,4652239,37.76599374871795,-122.41064018205131
SF_Centre,4652239,37.761923894285715,-122.41018688285712
SF_Centre,4652239,37.748558576923074,-122.40878620512824
SF_Centre,4660369,37.78287718928571,-122.41574449642857
SF_Centre,4660369,37.77805551557376,-122.41382559836069
SF_Centre,4748312,37.786447747500006,-122.44014796750002
SF_Centre,4748312,37.78784789019609,-122.42665296274511
SF_Centre,4748312,37.7879854769231,-122.42548818923078
SF_Centre,4748312,37.78357761515152,-122.42430459696972
SF_Centre,4748313,37.77347431956521,-122.42221916811594
SF_Centre,4748313,37.76949086800849,-122.39888756038131
SF_Centre,4779685,37.778546443749995,-122.41800416160716
SF_Centre,4779685,37.77831757291668,-122.4196708229167
SF_Centre,4779685,37.7778167659091,-122.42307000113641
SF_Centre,4779685,37.77584127083335,-122.42409051527774
SF_Centre,4792372,37.7877027547619,-122.44046324523809
SF_Centre,4792372,37.77335053709676,-122.43750779354838
SF_Centre,4792372,37.774502328,-122.426563018
SF_Centre,4793806,37.80655654264707,-122.40541921470589
SF_Centre,4793806,37.805911331132094,-122.41157838301886
SF_Centre,4793806,37.80529811382978,-122.42200378510637
SF_Centre,4798549,37.805992835135136,-122.42648779391891
SF_Centre,4798549,37.80152483161765,-122.42470312941177
SF_Centre,4798549,37.797825065,-122.42390651750001
SF_Centre,4798549,37.79511602187501,-122.423363403125
SF_Centre,4944723,37.78787601509435,-122.40875337075474
SF_Centre,4944723,37.78841504285716,-122.40721048125002
SF_Centre,4944723,37.78897243030303,-122.4040515272727
SF_Centre,4944723,37.79409188292683,-122.40469028536586
SF_Centre,4944723,37.79523497727275,-122.4050025053031
SF_Centre,5133027,37.77068869848484,-122.43685195303033
SF_Centre,5133027,37.77082706233765,-122.42510735454543
SF_Centre,5133027,37.77282091395349,-122.42210312558139
SF_Centre,5133027,37.773464285106385,-122.41915930638298
SF_Centre,5395622,37.74573382204294,-122.45141196652526
SF_Centre,5670672,37.78754167209301,-122.40512676279069
SF_Centre,5670672,37.78765433552631,-122.40573584605262
SF_Centre,5763820,37.77431612307691,-122.44625396410258
SF_Centre,5763820,37.772209777142855,-122.45227056571429
SF_Centre,5763820,37.76599093023256,-122.46625379534885
SF_Centre,5763820,37.761997505555556,-122.46731198055556
SF_Centre,5763820,37.760265398081536,-122.46689904988007
SF_Centre,6051512,37.74025473534075,-122.42419169561306
SF_Centre,6357847,37.808261974000004,-122.41056727200001
SF_Centre,6357847,37.80795833229167,-122.40877255208335
SF_Centre,6357847,37.80761646363636,-122.40793286363642
SF_Centre,6357847,37.80535312459017,-122.40386716065582
SF_Centre,6357847,37.80099786521739,-122.39938260434782
SF_Centre,6357847,37.79266393095238,-122.39146907619049
SF_Centre,6547817,37.77407302718416,-122.42961336718007
SF_Centre,6547822,37.774313137260634,-122.42773934964197
SF_Centre,6547822,37.77446781339695,-122.42638363810713
SF_Centre,6547822,37.774691746908935,-122.42476863819712
SF_Centre,6756778,37.79829503239814,-122.44253076382626
SF_Centre,6896919,37.7747828567995,-122.42452966213334
SF_Centre,6922501,37.77359107978238,-122.44095287051601
SF_Centre,6941418,37.787964981408784,-122.42580238400974
SF_Centre,6984632,37.78560025935343,-122.41637150130511
SF_Centre,7564587,37.79868581940352,-122.3969653545952
SF_Centre,7583768,37.77451445724107,-122.42759137455073
SF_Centre,7583768,37.76571946344062,-122.42505791549081
SF_Centre,7613518,37.79285884661855,-122.42275040669863
SF_Centre,7613518,37.80211507610669,-122.42582685346554
SF_Centre,7613731,37.80085274508426,-122.42621249667022
SF_Centre,7691124,37.76485618392947,-122.4196216137026
SF_Centre,7691124,37.76511878459538,-122.41888925269642
SF_Centre,7691163,37.79256814021281,-122.39992890904978
SF_Centre,7691423,37.803773653532204,-122.41527973438423
SF_Centre,7691520,37.79273928959737,-122.4413864510576
SF_Centre,7691542,37.80640629280329,-122.41416451381583
SF_Centre,7691885,37.76234168822136,-122.41733849286975
SF_Centre,7691909,37.79186551247649,-122.39487265836232
SF_Centre,7795968,37.77452986749571,-122.42084141384272
SF_Centre,7799180,37.77103370796775,-122.42855582642416
SF_Centre,7799180,37.7765496973538,-122.42565777082885
SF_Centre,7799180,37.77584180125213,-122.43101940790118
SF_Centre,7799211,37.766268723070006,-122.43562868226243
SF_Centre,7799211,37.76203720496145,-122.43519821491061
SF_Centre,7799420,37.77634190544695,-122.42030655810271
SF_Centre,7799507,37.79844930217,-122.40550654346256
SF_Centre,7799507,37.79864538647581,-122.40560648291847
SF_Centre,7852277,37.790188914120854,-122.40562147026851
SF_Centre,7852411,37.76448252738817,-122.46099541933502
SF_Centre,7852411,37.763076205847604,-122.45929808304763
SF_Centre,7852420,37.76994396251188,-122.40274754038029
SF_Centre,7852451,37.79822906238041,-122.42625110146956
SF_Centre,10726184,37.76478476384719,-122.46564839566993
SF_Centre,10752822,37.782022123168915,-122.40568308406796
SF_Centre,10752822,37.778112214187715,-122.40076108206934
SF_Centre,10752822,37.77655550394795,-122.39437377625534
SF_Centre,10752829,37.76495334274105,-122.42422043287684
SF_Centre,10752829,37.765077451125464,-122.42000127049062
SF_Centre,10752831,37.764103374351535,-122.39271172076295
SF_Centre,10752831,37.76202277912113,-122.38777357915612
SF_Centre,10752851,37.77501742352275,-122.42281412941477
SF_Centre,10752863,37.78979736355702,-122.42052333747088
SF_Centre,10752918,37.806536597232935,-122.43565233977651
SF_Centre,10752928,37.79200161991738,-122.41710709756654
SF_Centre,10752934,37.762115391497225,-122.42850432430474
SF_Centre,10752943,37.80375675145171,-122.40151721771325
SF_Centre,10752944,37.806233849379666,-122.4167567153278
SF_Centre,10752945,37.802633249773784,-122.41637032880193
SF_Centre,10752945,37.80223927995327,-122.41779857793686
SF_Centre,10752945,37.79201762701808,-122.41428855779516
SF_Centre,10753033,37.78440529236465,-122.4085272235978
SF_Centre,10753033,37.7816850636725,-122.40518213692914
SF_Centre,10753038,37.80300013842596,-122.4140982008908
SF_Centre,10753040,37.80584034758841,-122.4045396270654
SF_Centre,10753040,37.804309475822556,-122.40248195720145
SF_Centre,10753076,37.75389323060827,-122.42766945695284
SF_Centre,10753107,37.74818355958981,-122.41997264479035
SF_Centre,10753107,37.749452494655216,-122.43616161624237
SF_Centre,10753151,37.73137194132226,-122.40494189519471
SF_Centre,10800340,37.79304581788051,-122.39366395259498
SF_Centre,10800340,37.793263320931494,-122.39344281732724
SF_Centre,10800340,37.79239459653798,-122.39201315519325
SF_Centre,10800340,37.79216109884966,-122.39182786728192
SF_Centre,10800340,37.79284730979354,-122.39130545745343
SF_Centre,10801782,37.79956736074929,-122.438728844347
SF_Centre,10801782,37.79880698669079,-122.44608419788689
SF_Centre,10810627,37.79867949343411,-122.44628026695993
SF_Centre,10813341,37.79756956114592,-122.43395163138871
SF_Centre,10838606,37.785581522780845,-122.44740904870864
SF_Centre,10838606,37.78439319164261,-122.44749074801612
SF_Centre,10838613,37.777233958527326,-122.45840569680304
SF_Centre,10845248,37.77752961654788,-122.41864514843581
SF_Centre,10890267,37.77869626760489,-122.44662137698337
SF_Centre,10892058,37.74976380364632,-122.39931521132375
SF_Centre,10895131,37.794327625620284,-122.44207568546847
SF_Centre,10934837,37.7981752225741,-122.43478557306638
SF_Centre,10934837,37.79817324244873,-122.43453897000681
SF_Centre,10934837,37.79552625382992,-122.4252816335357
SF_Centre,10934872,37.79104041210644,-122.41723666355257
SF_Centre,10934935,37.805719165640106,-122.43798128143396
SF_Centre,10934935,37.80374068465135,-122.44707390051138
SF_Centre,10934973,37.79013402695389,-122.40403289131832
SF_Centre,10934975,37.79792064524111,-122.40098845858881
SF_Centre,10934975,37.79722516772461,-122.40514721194141
SF_Centre,10935000,37.79251510799816,-122.40256407507248
SF_Centre,10935001,37.79024484589103,-122.40224261078772
SF_Centre,10935001,37.787561424704485,-122.4003668691874
SF_Centre,10935052,37.79555307714555,-122.39641674528887
SF_Centre,10935052,37.79874980159532,-122.39971236947127
SF_Centre,10935056,37.80272665582571,-122.4285906309431
SF_Centre,10935068,37.78944546136731,-122.40514817433582
SF_Centre,10935068,37.78778747666312,-122.4082827924481
SF_Centre,10935078,37.80635932123521,-122.41501591879447
SF_Centre,10935084,37.80636352434831,-122.40731547357689
SF_Centre,10935089,37.80484998267365,-122.43306133292428
SF_Centre,10935089,37.80086025680375,-122.44272247824476
SF_Centre,10935089,37.801164634384584,-122.44080666044083
SF_Centre,10935096,37.7919134035686,-122.43898409777027
SF_Centre,10935110,37.799796136879465,-122.43434123971348
SF_Centre,10935124,37.79454139538573,-122.4266220040737
SF_Centre,10935137,37.79880564638413,-122.44446832827873
SF_Centre,10935156,37.794229182269476,-122.440070724549
SF_Centre,10935158,37.800005513708804,-122.44116479796713
SF_Centre,10935158,37.8053021755928,-122.44677589855237
SF_Centre,10935166,37.79764917098787,-122.43394910472392
SF_Centre,10935167,37.79708843912225,-122.43381058800665
SF_Centre,10935167,37.79335273628385,-122.42631943882486
SF_Centre,10935300,37.79128636876865,-122.39568121745116
SF_Centre,10935300,37.792608248191456,-122.39866739464063
SF_Centre,10935306,37.80146452773062,-122.41110357468322
SF_Centre,10935324,37.75655741846479,-122.4210793628821
SF_Centre,10935326,37.75867271457342,-122.41882839257627
SF_Centre,10935348,37.803088097755484,-122.42328926645844
SF_Centre,10935350,37.79901876835289,-122.42247279496395
SF_Centre,10935373,37.80538195030907,-122.42029401804534
SF_Centre,10935380,37.793819002057326,-122.40983373599254
SF_Centre,10935380,37.79126286768898,-122.40912929321155
SF_Centre,10935420,37.78409468390636,-122.41265414051556
SF_Centre,10935420,37.78282404434995,-122.41236302846227
SF_Centre,10935439,37.78097758593994,-122.40864453714671
SF_Centre,10935439,37.78010089841781,-122.4076491515623
SF_Centre,10935615,37.798481348296114,-122.42428602202855
SF_Centre,10935631,37.795593026976874,-122.42477591174831
SF_Centre,10935639,37.787588905823775,-122.43023254480788
SF_Centre,10969040,37.785232854932254,-122.42117865480347
SF_Centre,10983346,37.781456005925605,-122.44256778400604
SF_Centre,10997014,37.79415066176452,-122.44352039938146
SF_Centre,10997036,37.77998154954709,-122.44740338726079
SF_Centre,10997036,37.77908772850624,-122.44721713535166
SF_Centre,10997104,37.799180832692926,-122.44614313986241
SF_Centre,11008410,37.78201446203234,-122.4045366981188
SF_Centre,11053174,37.78962298990426,-122.40523020860746
SF_Centre,11053174,37.795233592752346,-122.40503746924155
SF_Centre,11053174,37.794448718228054,-122.4057558703144
SF_Centre,11053174,37.79442883890571,-122.40508515879245
SF_Centre,11067376,37.7995380612112,-122.3989247338616
SF_Centre,11067379,37.794727156224994,-122.40025994824634
SF_Centre,11067404,37.78437071311041,-122.4089115932146
SF_Centre,11067404,37.78164427265274,-122.40794361503725
SF_Centre,11071557,37.766339550967686,-122.40182122683731
SF_Centre,11071557,37.76603482209243,-122.40169009314769
SF_Centre,11071582,37.79640609871368,-122.43373671522127
SF_Centre,11071582,37.79628428872162,-122.43363436130319
SF_Centre,11071582,37.79628149196788,-122.43440424494193
SF_Centre,11071621,37.788906732689775,-122.42382016432913
SF_Centre,11071623,37.80307932424977,-122.43166045656434
SF_Centre,11071626,37.80675662563843,-122.43452353841427
SF_Centre,11071631,37.80704157626781,-122.40955811684407
SF_Centre,11071643,37.80846406599515,-122.41224518007174
SF_Centre,11071649,37.79168002767555,-122.40734051380772
SF_Centre,11071649,37.792522840605486,-122.40511666157948
SF_Centre,11071652,37.79606132846551,-122.3969315520585
SF_Centre,11071652,37.797180567187986,-122.39782765057097
SF_Centre,11071659,37.792774838955886,-122.40419925818831
SF_Centre,11071659,37.79159767042985,-122.40552066110091
SF_Centre,11071678,37.797974412879775,-122.42718465670877
SF_Centre,11071690,37.80672915675949,-122.41385342190581
SF_Centre,11071690,37.80064007187983,-122.40927930657192
SF_Centre,11071690,37.799031228481034,-122.41055553706437
SF_Centre,11071696,37.80533001975855,-122.4165022615898
SF_Centre,11071697,37.80412107561998,-122.42683933607078
SF_Centre,11071697,37.80480642203031,-122.42039073302564
SF_Centre,11071739,37.799503892641745,-122.4457444548915
SF_Centre,11071785,37.806073627098016,-122.40706889791625
SF_Centre,11071788,37.80603500806784,-122.43168893498878
SF_Centre,11071788,37.80635566938822,-122.4318715987854
SF_Centre,11071812,37.79857689564867,-122.40763043360946
SF_Centre,11071834,37.80287820811719,-122.40200277123255
SF_Centre,11071834,37.796675514662546,-122.40052514749404
SF_Centre,11071839,37.79400708399367,-122.40230522340848
SF_Centre,11071854,37.791627779829874,-122.41295169801076
SF_Centre,11071854,37.79650534261411,-122.41026963960378
SF_Centre,11071854,37.79726693200807,-122.41020515681205
SF_Centre,11071876,37.79790756054971,-122.41040513427293
SF_Centre,11071876,37.790625386765825,-122.40885184622041
SF_Centre,11071879,37.784375318145294,-122.40928667212992
SF_Centre,11071882,37.79408981728412,-122.42479145364764
SF_Centre,11071895,37.79057640538235,-122.42028930379983
SF_Centre,11071945,37.78686009604632,-122.41140423004181
SF_Centre,11071961,37.8036505783937,-122.42836940695422
SF_Centre,11071961,37.804454493744394,-122.43358113085668
SF_Centre,11071969,37.80079125355972,-122.43095783484551
SF_Centre,11071971,37.80409881704897,-122.42540739421365
SF_Centre,11071971,37.806126285822174,-122.4103772386717
SF_Centre,11071972,37.79611365677485,-122.39516467634033
SF_Centre,11071972,37.79534519788797,-122.39464047150439
SF_Centre,11072025,37.765900768685306,-122.40489379828338
SF_Centre,11092063,37.78365046349313,-122.4474034111285
SF_Centre,11119265,37.798551706348064,-122.44650897672442
SF_Centre,4187808,37.757151204008444,-122.42120040253165
SF_Centre,4187808,37.763496214705874,-122.41788327058826
SF_Centre,4187808,37.76395982058824,-122.41330484411762
SF_Centre,4290410,37.78575335081967,-122.39690784098359
SF_Centre,4299979,37.7623422770492,-122.43584881311473
SF_Centre,4299979,37.76384766746988,-122.43361037891563
SF_Centre,4299979,37.765861379069754,-122.43113061395347
SF_Centre,4300317,37.78763428108109,-122.4386610945946
SF_Centre,4300317,37.78402910666668,-122.43795549111111
SF_Centre,4300317,37.77911844444444,-122.43546309444446
SF_Centre,4300317,37.77966404222223,-122.4269638577778
SF_Centre,4300317,37.77845069895833,-122.42670512395836
SF_Centre,4300340,37.77777276764706,-122.42654695588234
SF_Centre,4300340,37.77672842048194,-122.42634729277107
SF_Centre,4300340,37.77629405892857,-122.42624247678565
SF_Centre,4300340,37.775874742105266,-122.42614839736842
SF_Centre,4300340,37.77472047264707,-122.4259169617647
SF_Centre,4303765,37.77425701627907,-122.42837541162788
SF_Centre,4303765,37.77443669818182,-122.42698593636364
SF_Centre,4303765,37.77455525729167,-122.42604113333334
SF_Centre,4303765,37.77468643255815,-122.4250361767442
SF_Centre,4303777,37.772319884615385,-122.42366635897437
SF_Centre,4310411,37.77102770408163,-122.42271749795917
SF_Centre,4310411,37.773582213888886,-122.42388059166666
SF_Centre,4310411,37.7755689425926,-122.42585509074073
SF_Centre,4310411,37.77421307608696,-122.45456298478261
SF_Centre,4326839,37.77726045234374,-122.45817009062499
SF_Centre,4326839,37.77451253207548,-122.4584642018868
SF_Centre,4326839,37.77414719423078,-122.45836516153848
SF_Centre,4327101,37.772848614285714,-122.4244695595238
SF_Centre,4341077,37.787606190697666,-122.39611260465118
SF_Centre,4341077,37.783490958490574,-122.39607905283022
SF_Centre,4346545,37.792055675510206,-122.40426272857141
SF_Centre,4346545,37.79646427666666,-122.40527654666668
SF_Centre,4346546,37.807306931875,-122.406956516875
SF_Centre,4346546,37.80780370294118,-122.41200052058824
SF_Centre,4346547,37.80823093796296,-122.40998904537035
SF_Centre,4346547,37.8068597255814,-122.40639500000002
SF_Centre,4346547,37.805389801851845,-122.4039079425926
SF_Centre,4346547,37.80448868266667,-122.40265516
SF_Centre,4346547,37.801040630985916,-122.39943381690142
SF_Centre,4346547,37.79253140632912,-122.39134435696187
SF_Centre,4414520,37.799099615094335,-122.40482983207549
SF_Centre,4414520,37.798797315972216,-122.40754047777776
SF_Centre,4414520,37.79862534680852,-122.40869315957448
SF_Centre,4414521,37.79582400476192,-122.42316189761907
SF_Centre,4414521,37.79559392750001,-122.4249021725
SF_Centre,4414521,37.78281601714286,-122.44724010571429
SF_Centre,4414522,37.773437421212115,-122.4475847181818
SF_Centre,4414522,37.77311649574468,-122.43761806595741
SF_Centre,4414548,37.78890816530613,-122.42378165918369
SF_Centre,4414548,37.80089222045456,-122.42618907954547
SF_Centre,4414548,37.800394009523814,-122.43204677142863
SF_Centre,4414548,37.79974237666666,-122.43713763555557
SF_Centre,4414550,37.79950777368422,-122.43897337894735
SF_Centre,4414550,37.79936546666666,-122.44563182444446
SF_Centre,4414568,37.7761119076923,-122.42283377179487
SF_Centre,4414568,37.773065738271605,-122.42300852469135
SF_Centre,4414569,37.77299566319019,-122.42339620000003
SF_Centre,4416761,37.77225758918919,-122.45214558648648
SF_Centre,4416761,37.7740201448276,-122.45446432068965
SF_Centre,4416761,37.773732978048784,-122.46357414634144
SF_Centre,4416765,37.76923409047618,-122.45338023571432
SF_Centre,4438881,37.77379041022728,-122.44097554659089
SF_Centre,4438881,37.772885766666676,-122.4392727974359
SF_Centre,4438881,37.774728999999994,-122.42454088461538
SF_Centre,4438881,37.77403270857143,-122.42406461428571
SF_Centre,4439609,37.783362515909076,-122.4392828909091
SF_Centre,4439609,37.782414521590916,-122.44711464545452
SF_Centre,4439623,37.774971015094344,-122.4230625339623
SF_Centre,4439623,37.77606627027026,-122.42110694324325
SF_Centre,4439623,37.77629941935484,-122.4200481935484
SF_Centre,4439623,37.7754255701923,-122.41624492788456
SF_Centre,4439623,37.7733966025,-122.41217656750003
SF_Centre,4439623,37.774780624324336,-122.41045871081083
SF_Centre,4449724,37.77312008299999,-122.43764213800002
SF_Centre,4449724,37.77211657291667,-122.42359501666671
SF_Centre,4449898,37.77218184615386,-122.452169625641
SF_Centre,4449898,37.7672777382353,-122.45854086764703
SF_Centre,4461475,37.76240050104166,-122.43578030937498
SF_Centre,4461475,37.76699239999999,-122.42960464000001
SF_Centre,4461475,37.770400124999995,-122.42529742499997
SF_Centre,4461475,37.77160835384616,-122.42378704692305
SF_Centre,4461475,37.7726922675,-122.42245604500003
SF_Centre,4513694,37.77837491603375,-122.41880234345982
SF_Centre,4513694,37.77836558823529,-122.41964722058823
SF_Centre,4513699,37.77601797258065,-122.42255443225801
SF_Centre,4513699,37.77365810416666,-122.44069595625
SF_Centre,4513699,37.77220297674418,-122.45207129767441
SF_Centre,4540238,37.774215885454545,-122.42237838545458
SF_Centre,4540238,37.77336393085107,-122.42224321489357
SF_Centre,4540238,37.770324086956535,-122.4202061913044
SF_Centre,4540238,37.765193581395344,-122.41969437441857
SF_Centre,4540240,37.798145487234045,-122.42569238723404
SF_Centre,4540240,37.79818776666666,-122.42718038461541
SF_Centre,4540240,37.79550559545456,-122.42679921477274
SF_Centre,4540240,37.790180250000006,-122.42567015384617
SF_Centre,4540240,37.777157652272734,-122.42302805681821
SF_Centre,4544293,37.77560249729729,-122.42584400000003
SF_Centre,4544293,37.77244595833334,-122.45062808888886
SF_Centre,4544293,37.773778205714294,-122.45446601714286
SF_Centre,4544295,37.78282226666667,-122.44297641777773
SF_Centre,4544295,37.78405860108696,-122.43473407282609
SF_Centre,4544295,37.78528883658536,-122.4252830414634
SF_Centre,4544295,37.784672815,-122.42337976500002
SF_Centre,4544295,37.785038217647056,-122.42292497352943
SF_Centre,4544297,37.78773685151516,-122.41165850303031
SF_Centre,4544298,37.8063570018018,-122.40744089009014
SF_Centre,4544298,37.806560542028976,-122.40607871739131
SF_Centre,4544298,37.80561468163266,-122.40423024081633
SF_Centre,4544298,37.79780180476191,-122.40104963333332
SF_Centre,4544300,37.79022084999999,-122.39813788157899
SF_Centre,4544300,37.78244642295082,-122.4016859409836
SF_Centre,4544300,37.78008402137405,-122.40070172709929
SF_Centre,4544300,37.77582469705882,-122.40607298529414
SF_Centre,4544302,37.78179796216216,-122.42403942432429
SF_Centre,4544302,37.77618207222223,-122.4229025222222
SF_Centre,4544302,37.77580225886076,-122.42396310506328
SF_Centre,4544302,37.77329163333333,-122.42391712051278
SF_Centre,4569820,37.793978324,-122.40791435999999
SF_Centre,4569820,37.79328347021276,-122.40779248723405
SF_Centre,4569820,37.786657379787236,-122.40644213829783
SF_Centre,4569820,37.78601520153846,-122.4022978953846
SF_Centre,4569820,37.78524280000001,-122.40031987241379
SF_Centre,4569820,37.783434736585356,-122.40259185365852
SF_Centre,4570372,37.78735298709678,-122.40351584193549
SF_Centre,4570372,37.79151400000001,-122.40568879999998
SF_Centre,4570399,37.80026116250001,-122.44688791818182
SF_Centre,4578242,37.800562658695654,-122.42446703043474
SF_Centre,4578242,37.795953370000014,-122.42348344142863
SF_Centre,4578280,37.797613942307684,-122.40883910192309
SF_Centre,4578280,37.780145450724625,-122.38935203478262
SF_Centre,4579167,37.76080050930232,-122.42836615116276
SF_Centre,4583661,37.77379264354838,-122.45447893629034
SF_Centre,4583661,37.77438676083333,-122.45459952666666
SF_Centre,4602265,37.78661804400001,-122.44017886800002
SF_Centre,4602302,37.76767224673914,-122.43000677608698
SF_Centre,4602302,37.7677141792079,-122.42917939801978
SF_Centre,4602302,37.76782418,-122.42702596571422
SF_Centre,4602328,37.761778,-122.42389410645161
SF_Centre,4602328,37.759087077272724,-122.42534605909091
SF_Centre,4602699,37.760366685416656,-122.41732007708335
SF_Centre,4602699,37.76185676216216,-122.41713766216213
SF_Centre,4602699,37.776243629999996,-122.41939806
SF_Centre,4602699,37.781787,-122.42054266097563
SF_Centre,4602783,37.78546666829269,-122.42133823902438
SF_Centre,4602783,37.793777453333334,-122.42297978888885
SF_Centre,4602783,37.7947260609756,-122.42313286585367
SF_Centre,4602783,37.799951185365856,-122.43590320731707
SF_Centre,4609446,37.775999307936495,-122.42253871587299
SF_Centre,4609446,37.77157158085106,-122.45372838829789
SF_Centre,4612368,37.77387836444444,-122.41183289555556
SF_Centre,4612368,37.77438029307693,-122.41245265769224
SF_Centre,4612368,37.77490517424242,-122.41313138484846
SF_Centre,4612368,37.77730867954546,-122.4160577727273
SF_Centre,4612368,37.78033723272728,-122.41692116999995
SF_Centre,4612368,37.78194860714287,-122.41738342380953
SF_Centre,4612368,37.78204722647057,-122.42019381764706
SF_Centre,4612370,37.78182591764706,-122.42195803823527
SF_Centre,4612370,37.7822526631579,-122.42236320526315
SF_Centre,4612370,37.78424419897959,-122.4227889193877
SF_Centre,4612370,37.78874251489364,-122.42370170000001
SF_Centre,4612370,37.79995097619047,-122.42600280119044
SF_Centre,4612371,37.800308176923096,-122.43253425897434
SF_Centre,4612371,37.79931479047619,-122.44041334285714
SF_Centre,4612371,37.799228327906974,-122.44107334186045
SF_Centre,4612371,37.79910296136364,-122.44207965909094
SF_Centre,4612371,37.79929926363638,-122.44552882045456
SF_Centre,4612371,37.80074518108109,-122.44764764864865
SF_Centre,4624382,37.779022687096784,-122.43775587419354
SF_Centre,4624382,37.77437145724638,-122.43769578478266
SF_Centre,4624382,37.7746990225,-122.42527162750002
SF_Centre,4624382,37.77474412121212,-122.42444927424242
SF_Centre,4636254,37.78348842972973,-122.43278147297295
SF_Centre,4636254,37.78163439189189,-122.43233794054053
SF_Centre,4636254,37.77976983421052,-122.43202182894737
SF_Centre,4636263,37.775241579761925,-122.42110525357144
SF_Centre,4636263,37.78065242717391,-122.4221087945652
SF_Centre,4636263,37.79564013157895,-122.42374365789475
SF_Centre,4636270,37.773381969999996,-122.42224011333336
SF_Centre,4653679,37.748328077358494,-122.40889299999999
SF_Centre,4653679,37.766004580952384,-122.39780758333336
SF_Centre,4653845,37.748728484210524,-122.44512022105265
SF_Centre,4653845,37.760633747829715,-122.43893470083472
SF_Centre,4653845,37.76168266052632,-122.43730214210528
SF_Centre,4653845,37.76231544687501,-122.43583121562502
SF_Centre,4653846,37.7678294,-122.42697404528303
SF_Centre,4653846,37.76830724888888,-122.42014141111116
SF_Centre,4653867,37.762404061538454,-122.4357333980769
SF_Centre,4653867,37.767194688,-122.42931007999996
SF_Centre,4653867,37.77144686491229,-122.42393300526317
SF_Centre,4653867,37.772471919999994,-122.42263242222226
SF_Centre,4653868,37.7770996804878,-122.4252742219512
SF_Centre,4653868,37.77477509479167,-122.42595239791666
SF_Centre,4653868,37.75831443333334,-122.4441942939394
SF_Centre,4653869,37.74711421500002,-122.44466025750003
SF_Centre,4653869,37.74873119570066,-122.44515979681532
SF_Centre,4653869,37.747153019565225,-122.44495417173913
SF_Centre,4653872,37.78865778899999,-122.42370710599998
SF_Centre,4653872,37.79952565263158,-122.43877909210526
SF_Centre,4658533,37.7949654595238,-122.40143397857139
SF_Centre,4658842,37.78883186024096,-122.41046399638556
SF_Centre,4658842,37.78830333725491,-122.41023338431373
SF_Centre,4658842,37.788502693333335,-122.40705217166668
SF_Centre,4658842,37.788880634375,-122.40384247812501
SF_Centre,4658842,37.7910397109756,-122.39627131341466
SF_Centre,4659622,37.79679508499999,-122.40806814500004
SF_Centre,4659622,37.799276004347824,-122.40894609420292
SF_Centre,4659622,37.803374998837214,-122.41462839069767
SF_Centre,4659622,37.80424917894737,-122.41587277105263
SF_Centre,4659622,37.80582625170071,-122.42206810068025
SF_Centre,4659669,37.8041682642405,-122.42182323227853
SF_Centre,4659669,37.80475724324324,-122.42032613783782
SF_Centre,4660330,37.79027566578947,-122.41723731140351
SF_Centre,4660330,37.78669821929824,-122.41652082105263
SF_Centre,4664734,37.77948381428572,-122.42346750952382
SF_Centre,4676351,37.79980067297298,-122.4364111351351
SF_Centre,4676351,37.80024748414633,-122.43293123658539
SF_Centre,4676351,37.80104816923078,-122.42667771826925
SF_Centre,4676351,37.80299973636364,-122.4248145909091
SF_Centre,4676351,37.805632875555546,-122.42118152222223
SF_Centre,4676352,37.806999908333324,-122.40959325833335
SF_Centre,4676352,37.806078525,-122.41206480909091
SF_Centre,4676352,37.793489344117646,-122.40015466470587
SF_Centre,4676354,37.789966111428576,-122.39772662142855
SF_Centre,4691532,37.75295014358975,-122.40660015641025
SF_Centre,4691533,37.747212578205136,-122.42138764743585
SF_Centre,4691533,37.750533052380966,-122.39546250952382
SF_Centre,4691538,37.783494618918915,-122.40230162972976
SF_Centre,4691538,37.782508725423725,-122.40182916525424
SF_Centre,4691542,37.76883313403614,-122.41480040933732
SF_Centre,4691546,37.75243429300763,-122.44755792097727
SF_Centre,4691546,37.744878388571436,-122.45296962285717
SF_Centre,4691546,37.743323048484854,-122.45141587575758
SF_Centre,4723951,37.77225138421053,-122.42365035526315
SF_Centre,4723951,37.77069973623189,-122.4246460347826
SF_Centre,4723951,37.76806976382979,-122.42440976808513
SF_Centre,4723951,37.76800233611112,-122.42241513333335
SF_Centre,4723951,37.766215251219506,-122.4198315804878
SF_Centre,4723951,37.76582742187231,-122.41977242955133
SF_Centre,4723951,37.765414296799996,-122.41952914080002
SF_Centre,4723952,37.76512238648649,-122.41963227837837
SF_Centre,4723952,37.764769651136355,-122.41963080795453
SF_Centre,4727990,37.80621776571429,-122.40714743619048
SF_Centre,4727990,37.806860360317465,-122.41047678253966
SF_Centre,4727993,37.80764838333332,-122.41256277416669
SF_Centre,4727993,37.80812731481482,-122.40952652314814
SF_Centre,4727993,37.80435682702702,-122.40255019459461
SF_Centre,4727993,37.79827836666668,-122.397069
SF_Centre,4727993,37.7977955615942,-122.39662325652176
SF_Centre,4727993,37.797482075824185,-122.39627854175828
SF_Centre,4727994,37.79579454878048,-122.39488695121956
SF_Centre,4727994,37.79478268194444,-122.39414040555559
SF_Centre,4727994,37.793791364285724,-122.39281338095238
SF_Centre,4727994,37.793272612790695,-122.39223770581398
SF_Centre,4727994,37.79272155291004,-122.39157427777776
SF_Centre,4727994,37.791031853571425,-122.39062446741072
SF_Centre,4727994,37.79031948275862,-122.38972640000004
SF_Centre,4728036,37.772119485365856,-122.41911632804879
SF_Centre,4728036,37.774436692500004,-122.41902125999998
SF_Centre,4728036,37.77608093333333,-122.41941228958332
SF_Centre,4728036,37.778708416279095,-122.41991017674415
SF_Centre,4728036,37.77979337959184,-122.42010318775513
SF_Centre,4728036,37.78235110434781,-122.42064381739132
SF_Centre,4728037,37.78548241,-122.42125974999998
SF_Centre,4728037,37.793436498,-122.42290974000001
SF_Centre,4728037,37.79451502702704,-122.42311231351354
SF_Centre,4728037,37.79997414444444,-122.43564047222222
SF_Centre,4728038,37.79952016511628,-122.43911168837207
SF_Centre,4728038,37.79903132,-122.44299527428568
SF_Centre,4728038,37.79889376326532,-122.44420539795915
SF_Centre,4748673,37.75053017758619,-122.39546573275862
SF_Centre,4753939,37.774045105000006,-122.45453746500002
SF_Centre,4753939,37.77343624102565,-122.46572162307693
SF_Centre,4763055,37.783544397058826,-122.40297264852943
SF_Centre,4778243,37.78322396363637,-122.43969047636361
SF_Centre,4778243,37.78056825238095,-122.42409955238102
SF_Centre,4778243,37.77337791612904,-122.42226230322584
SF_Centre,4778293,37.765361620731696,-122.41614956585367
SF_Centre,4778293,37.77960200731707,-122.42004927804875
SF_Centre,4778293,37.78863152222223,-122.4205752511111
SF_Centre,4778319,37.79001045945946,-122.40997702972975
SF_Centre,4778319,37.79054414347826,-122.40595697826083
SF_Centre,4778319,37.79231819473685,-122.40592625526317
SF_Centre,4778319,37.79334597741936,-122.4060626419355
SF_Centre,4778319,37.79478342650602,-122.40649799879522
SF_Centre,4778319,37.79507509285714,-122.40725410476188
SF_Centre,4778591,37.79424875888889,-122.40756506111111
SF_Centre,4778638,37.78220383387096,-122.40136034516132
SF_Centre,4780187,37.77730288026314,-122.42750188026318
SF_Centre,4780187,37.77458035135135,-122.42605268918919
SF_Centre,4780187,37.77481138545454,-122.42441451454539
SF_Centre,4780187,37.77400346969697,-122.42403739393939
SF_Centre,4780232,37.77666207755101,-122.40385741020405
SF_Centre,4780715,37.77120614590165,-122.42692686885246
SF_Centre,4780715,37.77290508103448,-122.4240085431035
SF_Centre,4780834,37.77812173939394,-122.45141551818183
SF_Centre,4792704,37.79750044714286,-122.41008798642854
SF_Centre,4792739,37.79589030819671,-122.42286096065574
SF_Centre,4792739,37.80021056944445,-122.42424045555555
SF_Centre,4792739,37.80114307000001,-122.42447158500002
SF_Centre,4792739,37.8009822609756,-122.4275233414634
SF_Centre,4792739,37.79964588611111,-122.43824686388888
SF_Centre,4792739,37.79949553076923,-122.44575243461539
SF_Centre,4793104,37.79907290294119,-122.42422664117646
SF_Centre,4793104,37.797758832222215,-122.42393703777778
SF_Centre,4793104,37.79818889512194,-122.40422427804874
SF_Centre,4793104,37.798673132558136,-122.40007181627905
SF_Centre,4793104,37.79734145844155,-122.39614680000001
SF_Centre,4793104,37.795000579104475,-122.39437179850745
SF_Centre,4793706,37.79541468541667,-122.39465739999999
SF_Centre,4793706,37.79213798538462,-122.39469170769226
SF_Centre,4793706,37.79284463939392,-122.39628140000003
SF_Centre,4793706,37.79905132608695,-122.39740437500001
SF_Centre,4793827,37.80031956078431,-122.44695213921568
SF_Centre,4794401,37.756509836363634,-122.42327056363635
SF_Centre,4794402,37.774787326724145,-122.42527517586205
SF_Centre,4794402,37.77505487129629,-122.42319180185187
SF_Centre,4794402,37.776811796969696,-122.4213574181818
SF_Centre,4794402,37.788079892222214,-122.42371400444439
SF_Centre,4794402,37.78997277400001,-122.42398509799999
SF_Centre,4794403,37.80201661025641,-122.42636490000004
SF_Centre,4794403,37.80389567894737,-122.42673473333335
SF_Centre,4794403,37.805431273684206,-122.42205491315791
SF_Centre,4794404,37.80446472040815,-122.42349640510207
SF_Centre,4794404,37.804679119999996,-122.42080811333335
SF_Centre,4794404,37.79213856973683,-122.41765834736844
SF_Centre,4794405,37.78181288090909,-122.41551696090909
SF_Centre,4794405,37.77637331428572,-122.41189150238093
SF_Centre,4794405,37.774098575,-122.41425154772728
SF_Centre,4796849,37.77633541086958,-122.42374711956519
SF_Centre,4796849,37.776130005084745,-122.4213801847458
SF_Centre,4796849,37.77638072540984,-122.41975388196721
SF_Centre,4796849,37.78398311515151,-122.41926313333332
SF_Centre,4796849,37.78442108571429,-122.41624727428571
SF_Centre,4796849,37.783651655813955,-122.41598316046509
SF_Centre,4796850,37.783373411111114,-122.41677148703702
SF_Centre,4796850,37.78279153125,-122.41567568125001
SF_Centre,4796850,37.77801441428572,-122.41352356071431
SF_Centre,4797193,37.78438982205882,-122.43202803529411
SF_Centre,4797193,37.78468647368421,-122.42347644210524
SF_Centre,4797193,37.78471678378377,-122.42192667567566
SF_Centre,4797193,37.778103354347834,-122.4181406739131
SF_Centre,4797233,37.77554986153845,-122.4160697205128
SF_Centre,4798547,37.77247009459463,-122.41892405810809
SF_Centre,4798547,37.778120448809524,-122.4198228404762
SF_Centre,4798547,37.78447841636363,-122.42105277545457
SF_Centre,4798547,37.78537792093023,-122.42122189534885
SF_Centre,4798548,37.79202502619047,-122.42256845476193
SF_Centre,4798548,37.79377892155173,-122.42293924655175
SF_Centre,4798548,37.794654799999996,-122.42306525789476
SF_Centre,4798548,37.798886631707326,-122.42391172926831
SF_Centre,4798548,37.805832380769225,-122.42639952500001
SF_Centre,4798550,37.7905622127907,-122.42244447209305
SF_Centre,4798550,37.78336341111111,-122.42100825555556
SF_Centre,4798550,37.78212429374999,-122.42072966458333
SF_Centre,4798550,37.776834082857135,-122.41968643142856
SF_Centre,4821362,37.790631649999995,-122.40404673863637
SF_Centre,4821362,37.796629590769214,-122.40518635999996
SF_Centre,4821362,37.79857436341464,-122.40770378292683
SF_Centre,4821374,37.80133084722222,-122.41007937499997
SF_Centre,4821382,37.797699621428585,-122.40844841666666
SF_Centre,4821382,37.797154650724636,-122.40578090579713
SF_Centre,4821382,37.79489231860465,-122.3979602465116
SF_Centre,4821398,37.78763551509434,-122.39497430377361
SF_Centre,4821398,37.786295156410254,-122.3934529384616
SF_Centre,4903540,37.7967246475,-122.39602320500003
SF_Centre,4903540,37.79230666470589,-122.39468406139707
SF_Centre,4903540,37.79068417209302,-122.39039883023256
SF_Centre,4903540,37.790114905555555,-122.38946211111109
SF_Centre,4904106,37.78405863673469,-122.42275694489794
SF_Centre,4904106,37.78540337,-122.42452896
SF_Centre,4904106,37.78341632926829,-122.43908711707316
SF_Centre,4904106,37.782197291666655,-122.44981074444445
SF_Centre,4904106,37.78193015,-122.4518623375
SF_Centre,4904106,37.781469346511635,-122.45604716279068
SF_Centre,4904108,37.761957032704395,-122.44684349496853
SF_Centre,4904108,37.76195290588235,-122.43839454705885
SF_Centre,4904108,37.76242863387098,-122.4356165483871
SF_Centre,4904108,37.76355612222223,-122.43379428055557
SF_Centre,4904108,37.763923057894736,-122.43329955526315
SF_Centre,4904109,37.76090810291915,-122.43286653113773
SF_Centre,4904109,37.76386870384614,-122.43342948307695
SF_Centre,4904109,37.765555816949146,-122.43127352372882
SF_Centre,4904109,37.769831353125,-122.42309564062496
SF_Centre,4904110,37.76998626499999,-122.4206603625
SF_Centre,4904110,37.74839778571428,-122.40823617142856
SF_Centre,4940317,37.781615624380194,-122.4018364129266
SF_Centre,4944725,37.79929564778761,-122.40949369026542
SF_Centre,4944725,37.79902346416186,-122.40940129306358
SF_Centre,4944725,37.79768123508772,-122.4103442140351
SF_Centre,4944726,37.80484522857143,-122.41857415142859
SF_Centre,4944726,37.805374161904766,-122.42202088809526
SF_Centre,4944726,37.80640035277778,-122.42255578611109
SF_Centre,4944727,37.80668029818181,-122.42079814545451
SF_Centre,4944727,37.80763565000001,-122.41908131190478
SF_Centre,4944727,37.807944944444436,-122.41763875
SF_Centre,4944727,37.80837695531914,-122.41453520425529
SF_Centre,4944727,37.80855584014598,-122.4130499375912
SF_Centre,4944728,37.807535527777794,-122.40775541111107
SF_Centre,4944728,37.80685069327485,-122.40639894210524
SF_Centre,4944728,37.806446622222225,-122.40560002500004
SF_Centre,4944728,37.80584321267606,-122.40452275211264
SF_Centre,4944728,37.80529963417722,-122.40378386455698
SF_Centre,4944728,37.80432998647058,-122.40243162411755
SF_Centre,4944728,37.79887164268293,-122.3975148579269
SF_Centre,4944729,37.79794321328125,-122.39667270859374
SF_Centre,4944729,37.79710642705882,-122.39594928117646
SF_Centre,4944729,37.7940178283019,-122.39298640566037
SF_Centre,4944729,37.792918496078435,-122.3917452980392
SF_Centre,4944729,37.79110474426229,-122.39065116229509
SF_Centre,4944729,37.786224198,-122.39270155400006
SF_Centre,5036696,37.75462329447237,-122.44636334472364
SF_Centre,5133019,37.769693454098366,-122.42577710655736
SF_Centre,5133019,37.770877386149564,-122.43262921385036
SF_Centre,5133019,37.77316743421053,-122.43573543421053
SF_Centre,5133019,37.77415798604651,-122.43697336046509
SF_Centre,5133020,37.771623303260874,-122.45373311630438
SF_Centre,5133020,37.76606274750001,-122.46420141500002
SF_Centre,5133020,37.761876284259266,-122.46727502685182
SF_Centre,5133023,37.784473519999985,-122.43186751999998
SF_Centre,5133023,37.784842796363634,-122.42878555636366
SF_Centre,5133023,37.78397842,-122.427624455
SF_Centre,5133023,37.78449384814815,-122.42791473703701
SF_Centre,5133023,37.7854274826087,-122.43081299130431
SF_Centre,5133024,37.785209920833324,-122.4281180035714
SF_Centre,5133024,37.78485911836735,-122.42956881836734
SF_Centre,5133024,37.78343990243903,-122.43920762439025
SF_Centre,5133024,37.781753794444434,-122.45354170833338
SF_Centre,5133024,37.78140317222223,-122.45719842222223
SF_Centre,5133029,37.76969759761905,-122.42588161666667
SF_Centre,5133029,37.77416894479167,-122.427480678125
SF_Centre,5148162,37.78053700169492,-122.42447780508475
SF_Centre,5148162,37.779865487681164,-122.42216471304346
SF_Centre,5148162,37.77999100882353,-122.42116225588234
SF_Centre,5148162,37.77761373728816,-122.41328417966102
SF_Centre,5148205,37.800934684615385,-122.42621947307687
SF_Centre,5161901,37.775044596756125,-122.42183135413552
SF_Centre,5236478,37.748324658536575,-122.41467999024391
SF_Centre,5236478,37.748268902702705,-122.41731982702704
SF_Centre,5236478,37.75082410422535,-122.4319068169014
SF_Centre,5236480,37.760946478947375,-122.4345724868421
SF_Centre,5236480,37.760912175000016,-122.43569143141893
SF_Centre,5236480,37.76243326326531,-122.43568894897962
SF_Centre,5236480,37.76396612926829,-122.43343635365851
SF_Centre,5307768,37.78736324728588,-122.43805090639374
SF_Centre,5308270,37.78454356250199,-122.42369594180232
SF_Centre,5333236,37.77317293784863,-122.42235458207165
SF_Centre,5333236,37.77295529260354,-122.42288484792901
SF_Centre,5333236,37.772972093750006,-122.42341714000004
SF_Centre,5361792,37.7646091773261,-122.42404705616713
SF_Centre,5482202,37.78952041111111,-122.42231568055556
SF_Centre,5482202,37.789013009615374,-122.42519793653847
SF_Centre,5482202,37.78584577500001,-122.42800701111112
SF_Centre,5482202,37.78548203934426,-122.43120302868851
SF_Centre,5482203,37.78231718670885,-122.44797599936706
SF_Centre,5482203,37.786124796,-122.44030638
SF_Centre,5482203,37.78698366190476,-122.43366245000004
SF_Centre,5482203,37.7883212942623,-122.4240318245902
SF_Centre,5482204,37.77560421621622,-122.41080463783787
SF_Centre,5482204,37.77401219024391,-122.40893647317075
SF_Centre,5505070,37.77148618326583,-122.4489330702623
SF_Centre,5505076,37.748234492764865,-122.42259166349815
SF_Centre,5521840,37.77411220353831,-122.43088117248084
SF_Centre,5526061,37.768286397826074,-122.42027834999998
SF_Centre,5526061,37.771098809558836,-122.40887368823523
SF_Centre,5532181,37.776917027027025,-122.4378782891892
SF_Centre,5532181,37.775113658139546,-122.45225189534887
SF_Centre,5532181,37.77483641538461,-122.45451688153848
SF_Centre,5532184,37.77714456319186,-122.42177063274906
SF_Centre,5532184,37.77700631666667,-122.42234168749997
SF_Centre,5532185,37.776407418181826,-122.41984282937064
SF_Centre,5532185,37.77559749444444,-122.41626169444443
SF_Centre,5532185,37.771030771568626,-122.40905962941177
SF_Centre,5552217,37.78357351738676,-122.3992075003456
SF_Centre,5564675,37.78159991283917,-122.4236814348773
SF_Centre,5618577,37.782008516020134,-122.4622936053888
SF_Centre,5626759,37.79187185333333,-122.41064265333337
SF_Centre,5626759,37.791642387500005,-122.41234011499996
SF_Centre,5626759,37.789233369491505,-122.4234369254237
SF_Centre,5626760,37.78549451162791,-122.46025706279069
SF_Centre,5626760,37.785948514814805,-122.45712126666666
SF_Centre,5626760,37.78725186229507,-122.44697130983606
SF_Centre,5626761,37.78991503846154,-122.42577740256408
SF_Centre,5626761,37.79568350952382,-122.42370754603174
SF_Centre,5626762,37.793377928571424,-122.39985204761905
SF_Centre,5626762,37.79277214061096,-122.40011894887687
SF_Centre,5626763,37.792436558064516,-122.39980115806449
SF_Centre,5626763,37.792149758823534,-122.3998166882353
SF_Centre,5626763,37.79199601917808,-122.39927374931504
SF_Centre,5626763,37.79003815696201,-122.39796863291136
SF_Centre,5626763,37.787747713793095,-122.39496045689657
SF_Centre,5628725,37.77527117753763,-122.42753863738199
SF_Centre,5628732,37.77234632447414,-122.42373521930823
SF_Centre,5637507,37.789452167187505,-122.40188106093748
SF_Centre,5637507,37.785204074000006,-122.39862839399996
SF_Centre,5637507,37.78496094901961,-122.39823767843139
SF_Centre,5648331,37.774346842655305,-122.42858609740242
SF_Centre,5650481,37.77993752533691,-122.40697429252597
SF_Centre,5661178,37.77497803402981,-122.42298285502484
SF_Centre,5687615,37.78719179324323,-122.4035537527027
SF_Centre,5687615,37.79037399326923,-122.4044676076923
SF_Centre,5687625,37.785224115384615,-122.39729108205124
SF_Centre,5708650,37.783791804995666,-122.43137911283442
SF_Centre,5708650,37.782684509960355,-122.43089913839616
SF_Centre,5727162,37.78310204545454,-122.46186980606059
SF_Centre,5727162,37.781490234375006,-122.45895393437497
SF_Centre,5727163,37.772132302272716,-122.42358180227274
SF_Centre,5752151,37.777600972674655,-122.41740680050101
SF_Centre,5752151,37.77735463151887,-122.41922801469082
SF_Centre,5755642,37.803331572999994,-122.43146343500003
SF_Centre,5755642,37.80320972135921,-122.43243871567272
SF_Centre,5755643,37.80313748852459,-122.4325350459016
SF_Centre,5755643,37.803338302499995,-122.43147543000002
SF_Centre,5755643,37.80328827158729,-122.43232013634915
SF_Centre,5755643,37.80220883235293,-122.42646395588235
SF_Centre,5755645,37.78945391086956,-122.4255456173913
SF_Centre,5763817,37.78943076527778,-122.42154485138889
SF_Centre,5763817,37.78806962258065,-122.4332609032258
SF_Centre,5763817,37.78855179999999,-122.43371995588238
SF_Centre,5763819,37.78919347413793,-122.43476747413793
SF_Centre,5763819,37.78792681415094,-122.43538562641507
SF_Centre,5763819,37.78475587317073,-122.44754902195122
SF_Centre,5763819,37.78326146842105,-122.44727311403507
SF_Centre,5763823,37.771888315625,-122.43382120000001
SF_Centre,5763823,37.771070397560976,-122.42521460975613
SF_Centre,5763823,37.76999047021276,-122.42065812340427
SF_Centre,5763823,37.77271126031744,-122.41303367142858
SF_Centre,5763824,37.77464287105263,-122.41059012368423
SF_Centre,5763824,37.77627577,-122.408511244
SF_Centre,5763824,37.78019264499999,-122.40353386000001
SF_Centre,5763824,37.78369970135134,-122.39911092297297
SF_Centre,5763824,37.78434522352942,-122.39833258823528
SF_Centre,5763824,37.78484451846155,-122.3975481923077
SF_Centre,5763824,37.78527303098592,-122.39695532535214
SF_Centre,5766232,37.78729325968048,-122.41192956763533
SF_Centre,5766232,37.803097727285184,-122.41479286262212
SF_Centre,5766234,37.80433420235047,-122.42518669591915
SF_Centre,5812416,37.793504787112184,-122.42619716768772
SF_Centre,5812416,37.793210928427555,-122.42858202668603
SF_Centre,5812420,37.778057851558216,-122.41394526018236
SF_Centre,5823100,37.79430646699896,-122.40681750982881
SF_Centre,5823100,37.79441072128846,-122.4052584161211
SF_Centre,5823100,37.79479149519164,-122.40505685906585
SF_Centre,5824835,37.78595892182986,-122.4163199597046
SF_Centre,5824835,37.78553764110494,-122.41622504971222
SF_Centre,5824835,37.77808101343204,-122.41378377559555
SF_Centre,5824920,37.774185118841494,-122.40492486390562
SF_Centre,5917922,37.78726727428571,-122.40353613714288
SF_Centre,5935430,37.77617398674154,-122.42286211680451
SF_Centre,5935430,37.77588746802435,-122.42389095283137
SF_Centre,5936740,37.788106084323864,-122.42355695020287
SF_Centre,5958729,37.78784143749999,-122.40016522250001
SF_Centre,5958729,37.78660791272726,-122.40172195272727
SF_Centre,5958729,37.78742563939394,-122.40319581212124
SF_Centre,5958729,37.78527534117646,-122.4050926852941
SF_Centre,5958730,37.784669538888885,-122.40434407777778
SF_Centre,5958730,37.7822860590164,-122.4014497852459
SF_Centre,5958730,37.77979184583333,-122.39844483194442
SF_Centre,5958730,37.778430045569664,-122.39673875063288
SF_Centre,5958730,37.77322466314102,-122.39178278141019
SF_Centre,5961516,37.807303012709774,-122.41595378106534
SF_Centre,5961517,37.80807126964556,-122.40935290416432
SF_Centre,5961517,37.80533593991349,-122.40385515287687
SF_Centre,5992844,37.77245073903813,-122.41902717948994
SF_Centre,5992865,37.79309132005639,-122.39273527987132
SF_Centre,5992865,37.7890001303786,-122.39566019725667
SF_Centre,5992875,37.78744582467178,-122.39478028172383
SF_Centre,5993956,37.79759694792305,-122.40897008542439
SF_Centre,6003567,37.7917810923154,-122.42098328876943
SF_Centre,6010681,37.774566296325766,-122.43606635524223
SF_Centre,6022396,37.768951984745755,-122.42676129491527
SF_Centre,6022396,37.76968959298245,-122.425073677193
SF_Centre,6022396,37.77130258170733,-122.40605783536581
SF_Centre,6051511,37.76613907357623,-122.43038717183222
SF_Centre,6120044,37.78857563566833,-122.42369750347454
SF_Centre,6129297,37.79531691599772,-122.39696134062372
SF_Centre,6129297,37.796471621190435,-122.39617995467124
SF_Centre,6172614,37.75630044218675,-122.43219505308868
SF_Centre,6217069,37.77851075056366,-122.41429542624522
SF_Centre,6250378,37.793287520048736,-122.40505136463689
SF_Centre,6262591,37.80582772568278,-122.41326469616664
SF_Centre,6312271,37.805316876114155,-122.41355082824984
SF_Centre,6357844,37.8041865,-122.42453556792454
SF_Centre,6357844,37.80449777222222,-122.42201694722225
SF_Centre,6357844,37.80535427272727,-122.41544833636364
SF_Centre,6358498,37.79328849763845,-122.40017722666379
SF_Centre,6358498,37.792546521488404,-122.39990710783293
SF_Centre,6382336,37.807232973349834,-122.41675868015044
SF_Centre,6422291,37.79761210637419,-122.40882927134598
SF_Centre,6422291,37.79597845600875,-122.40832200040515
SF_Centre,6422291,37.795422812121146,-122.40823863077723
SF_Centre,6422331,37.77208646379777,-122.42311216863824
SF_Centre,6422342,37.766037383029435,-122.4647725599564
SF_Centre,6496787,37.7970782367647,-122.39589644411762
SF_Centre,6496787,37.79491941349207,-122.39414233888881
SF_Centre,6496787,37.79381478095239,-122.39267400238097
SF_Centre,6496787,37.79247820462964,-122.3912609685185
SF_Centre,6496787,37.784956595555556,-122.38820313555559
SF_Centre,6496787,37.782035780487796,-122.38845294146346
SF_Centre,6537589,37.77697752628289,-122.41182634348115
SF_Centre,6537589,37.78038350273454,-122.40799695640378
SF_Centre,6537603,37.788300222835964,-122.40786372813781
SF_Centre,6537604,37.78759867062208,-122.40161861949949
SF_Centre,6550029,37.77472645364575,-122.42490792107128
SF_Centre,6561789,37.78238844181818,-122.40158911454546
SF_Centre,6561789,37.77464381224488,-122.4240358285714
SF_Centre,6561789,37.774994202380945,-122.43076769761906
SF_Centre,6561791,37.77425331764706,-122.42836532156863
SF_Centre,6561791,37.77452297073171,-122.42633242682926
SF_Centre,6561791,37.77471085000001,-122.42496046153846
SF_Centre,6561792,37.772202952499995,-122.42356633249999
SF_Centre,6561792,37.779511773529414,-122.3984643147059
SF_Centre,6561792,37.7811629974359,-122.39608860256412
SF_Centre,6561795,37.784590740350865,-122.40450359473684
SF_Centre,6624068,37.77308680081315,-122.42332072825363
SF_Centre,6689678,37.78636145066117,-122.44012588234976
SF_Centre,6689678,37.77909126797417,-122.42347929772198
SF_Centre,6698589,37.80116706577006,-122.4409979354638
SF_Centre,6711433,37.764344537501955,-122.43246763267821
SF_Centre,6713937,37.770312993717745,-122.43720616151361
SF_Centre,6715150,37.76645479448683,-122.42391651672342
SF_Centre,6733954,37.786318276104936,-122.44012248496077
SF_Centre,6756773,37.78040692008026,-122.4184007658661
SF_Centre,6756773,37.78015468366186,-122.41998416584816
SF_Centre,6756777,37.78344460135475,-122.43937260939452
SF_Centre,6756777,37.784139185835855,-122.43967107772448
SF_Centre,6789478,37.76077695396584,-122.44981908588707
SF_Centre,6792673,37.772812835840654,-122.42231011560047
SF_Centre,6798148,37.76296400370514,-122.4285462289618
SF_Centre,6798148,37.76463239636094,-122.42656452384007
SF_Centre,6801296,37.80360457895874,-122.43701126815546
SF_Centre,6801298,37.800945447878945,-122.4363901450855
SF_Centre,6883914,37.74684248025841,-122.4285344723458
SF_Centre,6883917,37.750486657064684,-122.4160666567865
SF_Centre,6922959,37.80509670074572,-122.41779460703764
SF_Centre,6923104,37.79549440274506,-122.3947503943249
SF_Centre,6948842,37.789028810107474,-122.42379271758001
SF_Centre,6961052,37.7421773423746,-122.41537193908606
SF_Centre,6962160,37.759034898116624,-122.41333764221207
SF_Centre,6962201,37.765565824007155,-122.4107489374214
SF_Centre,6967197,37.7858309266538,-122.43515309975896
SF_Centre,6979609,37.7395637866864,-122.41843868395027
SF_Centre,7519440,37.78487448701277,-122.4045892331822
SF_Centre,7519440,37.786156776723324,-122.39583090095155
SF_Centre,7543395,37.76223551486386,-122.40395085655283
SF_Centre,7547803,37.765205753765535,-122.48321863014546
SF_Centre,7552266,37.77284872567094,-122.4222066789127
SF_Centre,7552266,37.77918067949024,-122.42342093452727
SF_Centre,7552426,37.80685195963663,-122.44018851337695
SF_Centre,7560672,37.788161604342335,-122.41665852160588
SF_Centre,7560842,37.807044896925376,-122.43917842442072
SF_Centre,7563484,37.77128123797914,-122.43686167600325
SF_Centre,7574268,37.761191395444236,-122.43285496694965
SF_Centre,7574881,37.77756631933427,-122.44026097549276
SF_Centre,7574881,37.777782025449454,-122.4386337059204
SF_Centre,7575792,37.783293197269664,-122.41024336985244
SF_Centre,7576063,37.77699031572034,-122.42146489974269
SF_Centre,7576431,37.79815185486908,-122.43538151844568
SF_Centre,7576431,37.79748168703714,-122.43394433961241
SF_Centre,7580043,37.80294009743577,-122.43667026327185
SF_Centre,7580242,37.80267138948434,-122.41353546331118
SF_Centre,7580365,37.79885154886953,-122.4079404357695
SF_Centre,7580703,37.79204776660029,-122.41427116322608
SF_Centre,7581369,37.79908205560161,-122.43518880047141
SF_Centre,7581369,37.78930016003175,-122.43222222739583
SF_Centre,7584044,37.772992656927826,-122.42339841405486
SF_Centre,7584044,37.771306695297625,-122.43679710695795
SF_Centre,7584270,37.78160993519384,-122.42217203491275
SF_Centre,7586776,37.80604349145833,-122.41054875137439
SF_Centre,7591598,37.80262533130042,-122.40488851688733
SF_Centre,7591825,37.78692251113542,-122.41331731283731
SF_Centre,7591825,37.7866571375015,-122.41469972412116
SF_Centre,7591969,37.78502705026931,-122.39422919348635
SF_Centre,7597348,37.748198923003635,-122.41800441293329
SF_Centre,7597348,37.752757407158015,-122.4196151174001
SF_Centre,7597613,37.760172058904494,-122.4169575720773
SF_Centre,7597613,37.76948553031415,-122.41777778414824
SF_Centre,7612491,37.788113510859986,-122.4235546692782
SF_Centre,7612494,37.78849145843243,-122.39012684504411
SF_Centre,7613499,37.786540455707055,-122.41320499983401
SF_Centre,7613499,37.786104736444344,-122.4131346060968
SF_Centre,7613509,37.76478410793051,-122.4326217730421
SF_Centre,7613525,37.78446654530533,-122.4086815314957
SF_Centre,7613527,37.78550990254284,-122.4305293785425
SF_Centre,7613538,37.799126057673305,-122.3973983181953
SF_Centre,7613539,37.80474882061495,-122.40582179766996
SF_Centre,7613551,37.784929159473364,-122.40039003988011
SF_Centre,7613555,37.80123448528982,-122.41166360443795
SF_Centre,7613555,37.799657679135386,-122.40935906822583
SF_Centre,7613556,37.800602426767306,-122.40456628608703
SF_Centre,7613566,37.79797399225944,-122.40628087818128
SF_Centre,7613580,37.73437273107656,-122.39647731776753
SF_Centre,7613643,37.774201881878874,-122.43660703302673
SF_Centre,7613643,37.7639059467563,-122.43352443316343
SF_Centre,7613707,37.78603254313052,-122.39933694829513
SF_Centre,7613737,37.80346710092818,-122.43177697379643
SF_Centre,7613737,37.80207565200963,-122.4266032479743
SF_Centre,7613743,37.802507052309714,-122.41973046883938
SF_Centre,7613743,37.80210706594273,-122.41959995688093
SF_Centre,7613743,37.802257873041626,-122.41844046635725
SF_Centre,7613745,37.78659357248942,-122.41152912537216
SF_Centre,7613782,37.78773207868615,-122.4048473652521
SF_Centre,7613782,37.78750745140304,-122.40640308127557
SF_Centre,7613783,37.73230140995602,-122.40554468606453
SF_Centre,7613788,37.77609795947415,-122.42283376744103
SF_Centre,7613790,37.793925413006356,-122.40828708725938
SF_Centre,7684733,37.80111933763087,-122.41502436137684
SF_Centre,7691023,37.772876499537624,-122.42369152305835
SF_Centre,7691029,37.79976025825092,-122.40946804453583
SF_Centre,7691034,37.79805346771648,-122.42723254570599
SF_Centre,7691086,37.754262102764386,-122.42098901193165
SF_Centre,7691107,37.78737113344344,-122.41156549408471
SF_Centre,7691278,37.78791944483871,-122.41039417490235
SF_Centre,7691278,37.78526558541905,-122.41938414483808
SF_Centre,7691300,37.80058786536235,-122.42977803107449
SF_Centre,7691320,37.78783265545587,-122.41984502983087
SF_Centre,7691327,37.80340263560374,-122.42997429364
SF_Centre,7691354,37.78689271800871,-122.43339735146843
SF_Centre,7691355,37.79095832280786,-122.42417674073201
SF_Centre,7691399,37.791681776575814,-122.4105602315133
SF_Centre,7691399,37.792566521050695,-122.4048228997363
SF_Centre,7691419,37.77738966862721,-122.42288944242412
SF_Centre,7691419,37.77703525675293,-122.42297224980086
SF_Centre,7691419,37.77705799999784,-122.42155018941189
SF_Centre,7691431,37.80475591192686,-122.43223343247365
SF_Centre,7691445,37.79213963657871,-122.44379654062497
SF_Centre,7691472,37.78302317380071,-122.42768391340162
SF_Centre,7691479,37.779206080854976,-122.40212070323143
SF_Centre,7691574,37.797274228054754,-122.4321920854631
SF_Centre,7691574,37.80000406281863,-122.43276576895944
SF_Centre,7691574,37.80016649965495,-122.43423633539257
SF_Centre,7691905,37.77900934533508,-122.41128816133659
SF_Centre,7691905,37.782278119136315,-122.40717679429379
SF_Centre,7691916,37.801317146457265,-122.4102396207214
SF_Centre,7691916,37.8006147805889,-122.40934342082376
SF_Centre,7691928,37.800784775887216,-122.42608955911932
SF_Centre,7701732,37.80635793111489,-122.41571263257066
SF_Centre,7701736,37.808489479254426,-122.41549633790369
SF_Centre,7701736,37.80877979056203,-122.41390128929223
SF_Centre,7701737,37.80881378472022,-122.41397517617177
SF_Centre,7701737,37.808682421849156,-122.41551567862464
SF_Centre,7701737,37.80857848067293,-122.41581269149553
SF_Centre,7701737,37.807721134704195,-122.41575009407929
SF_Centre,7701737,37.80536260740439,-122.42344330987508
SF_Centre,7713857,37.80052491678056,-122.43015265425653
SF_Centre,7713858,37.80489515130581,-122.4184818001672
SF_Centre,7713860,37.80540580303247,-122.40392760711485
SF_Centre,7732103,37.77251600798905,-122.41889938090397
SF_Centre,7732103,37.77483185718797,-122.4191317071031
SF_Centre,7732105,37.7754909020632,-122.41620061263002
SF_Centre,7781143,37.788145143544796,-122.42353884018026
SF_Centre,7781453,37.79914189393609,-122.40570701721022
SF_Centre,7782133,37.803909368766426,-122.42884478175978
SF_Centre,7782588,37.80120225472357,-122.4410613183921
SF_Centre,7792005,37.77771031653769,-122.41309145162991
SF_Centre,7792005,37.77269569998985,-122.40994858923253
SF_Centre,7792005,37.771113579962936,-122.41062700773813
SF_Centre,7792005,37.77063926386254,-122.41002576900148
SF_Centre,7793516,37.799389128907,-122.4376731038467
SF_Centre,7795881,37.76946559022491,-122.45322322360673
SF_Centre,7795885,37.76954561899591,-122.45320863017801
SF_Centre,7795901,37.77473652719458,-122.42526481316693
SF_Centre,7799009,37.789500005837574,-122.41407263452969
SF_Centre,7799036,37.80406803969086,-122.4254474778762
SF_Centre,7799053,37.80716109412527,-122.4156205827706
SF_Centre,7799060,37.79647615287821,-122.39666452613314
SF_Centre,7799075,37.792495795514135,-122.40484113245326
SF_Centre,7799107,37.795474730474815,-122.4234866171603
SF_Centre,7799122,37.77786159834396,-122.43162357113427
SF_Centre,7799130,37.75529350949172,-122.42058292660217
SF_Centre,7799130,37.755359368916565,-122.42029867713599
SF_Centre,7799130,37.75058758939121,-122.41894509688602
SF_Centre,7799141,37.77450388625782,-122.41904309754793
SF_Centre,7799165,37.76045554303366,-122.41377405433313
SF_Centre,7799171,37.75964994941265,-122.41169809817674
SF_Centre,7799177,37.78611530886069,-122.42560790682899
SF_Centre,7799193,37.7935819962005,-122.40002666041653
SF_Centre,7799193,37.7926927514271,-122.39974752088867
SF_Centre,7799207,37.788810398128625,-122.43479938661949
SF_Centre,7799207,37.7888505997892,-122.43398449134217
SF_Centre,7799212,37.7491098247375,-122.44260048654908
SF_Centre,7799215,37.75805939774792,-122.46246733446219
SF_Centre,7799215,37.765060092225006,-122.46639846978351
SF_Centre,7799230,37.78468282332611,-122.4528349580788
SF_Centre,7799239,37.76349863213259,-122.41758998958669
SF_Centre,7799246,37.75255589968196,-122.44058218860104
SF_Centre,7799262,37.785407916653746,-122.40019833839109
SF_Centre,7799269,37.77453487986853,-122.42016659717015
SF_Centre,7799294,37.79284643297218,-122.38346984322516
SF_Centre,7799341,37.79726144131352,-122.41057312459645
SF_Centre,7799346,37.80197629042184,-122.41460345144382
SF_Centre,7799346,37.80559182617128,-122.41380820943957
SF_Centre,7799356,37.80405030889412,-122.43718182899856
SF_Centre,7799359,37.80557682945136,-122.41378388959765
SF_Centre,7799359,37.806673256340964,-122.41238134539155
SF_Centre,7799366,37.786486480070366,-122.40867656931195
SF_Centre,7799368,37.78742869659633,-122.40776398627692
SF_Centre,7799389,37.806967938081215,-122.41851365163231
SF_Centre,7799404,37.78618046167031,-122.44182475609651
SF_Centre,7799415,37.79684031184157,-122.42195169707387
SF_Centre,7799417,37.786309449469854,-122.43336319706513
SF_Centre,7799427,37.78688194087618,-122.41328875969636
SF_Centre,7799432,37.77253566959526,-122.42263972900358
SF_Centre,7799455,37.79178091041116,-122.41748803306498
SF_Centre,7799463,37.79188448028245,-122.41059523826122
SF_Centre,7799463,37.79104755435635,-122.41064175426806
SF_Centre,7799463,37.787400490693784,-122.40995848358708
SF_Centre,7799481,37.785922433363744,-122.4129192113116
SF_Centre,7799481,37.78585695425902,-122.41154322472356
SF_Centre,7799481,37.787253119274986,-122.41157135218398
SF_Centre,7799486,37.80375814739373,-122.41518258217695
SF_Centre,7799493,37.79768061559803,-122.40832089897854
SF_Centre,7799520,37.83887499969584,-122.48502209210878
SF_Centre,7799569,37.772778818386065,-122.41841047148823
SF_Centre,7799569,37.77784057496952,-122.4199214489311
SF_Centre,7799569,37.778393416911804,-122.41859686359787
SF_Centre,7799569,37.779525980072194,-122.41851949250257
SF_Centre,7799570,37.78261661133267,-122.41895270151778
SF_Centre,7799570,37.78735164716071,-122.42010923363421
SF_Centre,7799578,37.80335803887558,-122.43115704035043
SF_Centre,7799583,37.80531773344585,-122.42348415470302
SF_Centre,7799585,37.806651993809155,-122.43464267578858
SF_Centre,7799603,37.801528550149634,-122.41596110880383
SF_Centre,7799628,37.752489604743204,-122.41740549068905
SF_Centre,7799632,37.785560265258454,-122.42120994923262
SF_Centre,7799632,37.802193818130796,-122.4247091924523
SF_Centre,7799657,37.80083075882063,-122.42613566972284
SF_Centre,7799674,37.790882761104385,-122.39041920293526
SF_Centre,7852225,37.78826170779817,-122.39950818451776
SF_Centre,7852225,37.78832422600339,-122.40132924084062
SF_Centre,7852231,37.78881691984836,-122.43528154218508
SF_Centre,7852243,37.80135084846464,-122.41107335988363
SF_Centre,7852255,37.78622993480776,-122.4210588574535
SF_Centre,7852255,37.78366529169094,-122.4193181702871
SF_Centre,7852257,37.77951866157967,-122.41851605608485
SF_Centre,7852257,37.78860922845936,-122.4206593025543
SF_Centre,7852258,37.79075140964649,-122.41404033418871
SF_Centre,7852270,37.7583622712296,-122.42332568979492
SF_Centre,7852278,37.78950095964947,-122.40676582327423
SF_Centre,7852278,37.788223850941094,-122.41809722783209
SF_Centre,7852278,37.78897052358581,-122.41829336695007
SF_Centre,7852294,37.80328625562325,-122.4147602682577
SF_Centre,7852314,37.7740081580384,-122.42055534045659
SF_Centre,7852319,37.776202012603086,-122.42929168059527
SF_Centre,7852324,37.791185421719035,-122.41600409215535
SF_Centre,7852324,37.79127315763644,-122.41372068304707
SF_Centre,7852327,37.79566112394882,-122.40367043297107
SF_Centre,7852346,37.79300688857401,-122.40776899455821
SF_Centre,7852388,37.80730024120077,-122.40800826138366
SF_Centre,7852388,37.806670804401136,-122.41320539645409
SF_Centre,7852408,37.80339051933062,-122.42506835632645
SF_Centre,7852415,37.76200720102333,-122.44692372177352
SF_Centre,7852419,37.76533065014494,-122.41644245271962
SF_Centre,7852434,37.797934750179316,-122.43063730427305
SF_Centre,7852441,37.79307970036856,-122.42127108990313
SF_Centre,7852444,37.80218119071323,-122.41973285472999
SF_Centre,7852450,37.800301350868374,-122.43257150987914
SF_Centre,7852454,37.80587578706327,-122.42212563127309
SF_Centre,7852454,37.80560017048453,-122.42212389279706
SF_Centre,7852460,37.80585479879191,-122.41773793578596
SF_Centre,7852477,37.777337844208944,-122.41319920021556
SF_Centre,7863134,37.786474557314286,-122.40183244153313
SF_Centre,7863137,37.77733554709968,-122.41610885028045
SF_Centre,7863137,37.781763723401674,-122.42207604138135
SF_Centre,7863164,37.78902088971009,-122.39238014789352
SF_Centre,7863167,37.773900717840256,-122.43892556592053
SF_Centre,7863167,37.77589550990331,-122.4462303367403
SF_Centre,7863186,37.784696919993024,-122.42339599258389
SF_Centre,7863186,37.7884099494007,-122.42244581502032
SF_Centre,7863194,37.79271153716181,-122.40131152449474
SF_Centre,8433748,37.75560890974045,-122.4927464913379
