trajectory,dp_epsilon_m,n_points,n_moves,n_stops,n_move_points,n_move_keypoints,move_cr,move_mean_sed_m,move_max_sed_m,move_latency_us_per_point,move_latency_p25_us_per_point,move_latency_p75_us_per_point
4216956,1.0,910,6,5,545,82,6.646341463414634,2.798008062289508,26.707358804118282,7.828990825688074,6.4568807339449545,7.892660550458715
4272243,1.0,646,3,2,564,160,3.525,1.3865823624455287,14.790000104634732,11.022163120567376,10.921099290780141,11.120567375886525
4344977,1.0,1187,6,5,508,74,6.864864864864865,1.8900045677814772,18.24269052564961,7.928937007874016,7.161811023622047,7.956692913385827
4350946,1.0,690,5,5,432,98,4.408163265306122,1.2775078375759392,13.481048922108858,5.750462962962962,5.059259259259259,6.411342592592592
4351935,1.0,775,2,1,719,99,7.262626262626263,1.8506515155689836,40.386059931174685,11.513073713490959,11.068011126564672,11.554659248956883
4352377,1.0,716,4,3,586,87,6.735632183908046,1.7475279734162947,24.257096441471607,8.990955631399316,8.902389078498294,9.566211604095564
4358853,1.0,666,2,1,614,116,5.293103448275862,0.9982625748742752,7.106699759069656,11.139739413680783,10.893811074918567,12.315309446254073
4359232,1.0,681,4,3,575,111,5.18018018018018,3.2922720533896057,30.0154432774607,5.905739130434783,5.66991304347826,9.358260869565218
4370045,1.0,720,3,2,620,102,6.078431372549019,2.3018910660961396,23.06309846242773,4.900483870967742,4.80516129032258,4.983064516129033
4389353,1.0,650,5,4,492,88,5.590909090909091,3.973949598805358,36.575899217639844,4.332520325203252,4.289430894308944,6.563821138211383
4389414,1.0,645,3,4,469,57,8.228070175438596,4.756664267420695,24.718504211416523,8.59317697228145,8.57356076759062,8.642857142857142
4392729,1.0,652,3,2,586,67,8.746268656716419,5.219297595114688,88.368067070753,9.589419795221842,9.568430034129694,9.620989761092149
4393045,1.0,936,6,5,503,76,6.618421052631579,3.111793439204647,23.915208410507095,7.259045725646124,7.240556660039761,7.26779324055666
4440451,1.0,657,1,0,657,131,5.015267175572519,3.5498844428708285,32.4623088675561,12.18234398782344,12.169710806697108,12.312633181126332
4443744,1.0,710,2,1,659,101,6.524752475247524,4.50206033380437,53.01891045305618,10.250834597875569,9.861305007587253,11.44142640364188
4448887,1.0,666,5,5,427,50,8.54,5.232145201569385,28.584756972875084,6.14496487119438,5.515222482435597,6.400234192037471
4469551,1.0,670,5,4,530,102,5.196078431372549,3.1963012248892575,40.010185783387215,9.9588679245283,8.906037735849056,10.042264150943396
4472905,1.0,816,5,4,460,70,6.571428571428571,4.344730031067418,41.73039338193006,7.116304347826087,7.085869565217391,7.276739130434783
4473229,1.0,673,3,3,499,68,7.338235294117647,4.315032745585515,31.202797190863784,8.380160320641282,8.362324649298598,8.392384769539078
4481970,1.0,642,3,2,569,83,6.855421686746988,3.301382330394752,38.16515490606879,8.829701230228471,8.50298769771529,9.009666080843585
4482888,1.0,647,1,1,615,196,3.1377551020408165,0.9131319436573692,16.59596267477911,11.382276422764228,11.275447154471545,13.150731707317073
4487550,1.0,653,4,3,471,62,7.596774193548387,4.985315296131579,31.18807009332474,7.502335456475584,7.021231422505308,7.515923566878981
4487946,1.0,710,2,1,280,72,3.888888888888889,2.665883556270062,25.38901739170629,8.605714285714285,7.417142857142858,8.8725
4504164,1.0,649,3,2,577,69,8.36231884057971,4.4839762854897725,50.890528930793714,9.211265164644713,8.107972270363952,9.275216637781629
4527487,1.0,671,4,3,553,55,10.054545454545455,0.724303622663556,6.255258178912017,7.784086799276674,7.481555153707053,7.846473779385173
4544584,1.0,672,4,3,530,119,4.453781512605042,1.451608304608904,14.470114852441816,9.91377358490566,9.55377358490566,10.066037735849056
4547202,1.0,696,7,7,322,57,5.649122807017544,1.947252523549188,13.462070083037103,6.414906832298136,6.317391304347826,6.517080745341615
4559519,1.0,991,4,3,563,72,7.819444444444445,2.886504625832537,34.037319161861404,9.122024866785079,9.116163410301953,9.198934280639431
4575701,1.0,700,3,2,625,147,4.2517006802721085,2.272910947604232,34.01535314310988,9.437439999999999,5.84368,10.175839999999999
4579744,1.0,678,5,4,521,49,10.63265306122449,13.593614742945483,93.25807944715704,3.831669865642994,3.680806142034549,3.9836852207293667
4605892,1.0,678,6,6,459,46,9.978260869565217,0.681689820942248,5.434904624931806,3.130936819172113,2.954248366013072,3.429193899782135
4668185,1.0,641,6,6,398,73,5.4520547945205475,4.624341305159633,42.28670852244389,3.942211055276382,3.787185929648241,3.9693467336683415
4705097,1.0,659,4,4,439,111,3.954954954954955,1.8755740956165294,26.479700495402472,10.658086560364463,10.21867881548975,11.040546697038724
4724133,1.0,650,4,3,530,95,5.578947368421052,2.297786698984067,15.58663301971458,10.181509433962264,9.371698113207547,10.203018867924529
4749525,1.0,805,4,3,483,106,4.556603773584905,1.9336319462775515,13.882043133731353,9.775155279503105,9.041407867494824,10.082608695652173
4754626,1.0,1144,5,4,496,90,5.511111111111111,1.9742987978472941,27.411436575450214,7.879233870967742,7.477822580645161,8.328225806451613
4754956,1.0,647,5,5,464,94,4.9361702127659575,1.7452665894177921,17.780352937123656,6.89375,6.38448275862069,7.106896551724137
4775763,1.0,718,9,8,353,98,3.6020408163265305,1.7985772793551933,23.742726470652972,5.846175637393767,5.524362606232295,5.861756373937676
4785421,1.0,773,4,5,438,77,5.688311688311688,1.6020690782447438,11.776984519921172,8.163470319634703,7.994748858447488,8.17146118721461
4789937,1.0,678,5,6,455,89,5.112359550561798,1.6690934041121581,14.75869871094314,7.010769230769231,6.632527472527473,7.5503296703296705
4792515,1.0,705,6,7,406,52,7.8076923076923075,1.120131455480811,7.761259636705122,4.98448275862069,4.928325123152709,5.605911330049261
4811115,1.0,643,5,4,440,31,14.193548387096774,50.61906931894159,185.7688224397479,3.810909090909091,3.7718181818181815,3.8643181818181818
4824328,1.0,688,3,2,512,89,5.752808988764045,2.1389596604796712,33.96137710837829,8.3111328125,7.904296875,8.6236328125
4861227,1.0,710,9,8,291,37,7.864864864864865,1.4569373750429073,10.24405437946212,3.9714776632302407,3.9560137457044675,4.0010309278350515
4861687,1.0,746,6,6,520,57,9.12280701754386,6.524288510275066,69.60087331588825,3.132884615384615,3.079615384615385,4.851538461538462
4862222,1.0,670,4,3,506,127,3.984251968503937,2.826951106734412,46.864483753444965,5.057114624505929,5.0007905138339925,5.18300395256917
4862380,1.0,660,3,2,585,104,5.625,3.641755676155677,47.20793738857252,8.731794871794872,8.485128205128206,9.837264957264958
4865550,1.0,642,4,3,521,100,5.21,4.576610997376319,51.37805376447443,9.371209213051822,8.484836852207295,9.464107485604607
4865558,1.0,649,5,4,494,138,3.579710144927536,2.3358202396039633,30.78423167887682,9.762348178137653,9.42672064777328,9.77348178137652
4912927,1.0,674,2,1,637,156,4.083333333333333,1.4585940977209961,15.035685922274615,10.228728414442699,10.06232339089482,11.043014128728414
4915833,1.0,675,4,3,527,94,5.6063829787234045,3.894973836765034,42.547336735578924,9.093168880455408,7.12258064516129,9.288045540796965
4940890,1.0,683,3,2,589,140,4.207142857142857,1.1234109213271466,11.139082353600175,6.948217317487266,5.539049235993208,7.91018675721562
5244934,1.0,656,6,6,405,52,7.788461538461538,2.9137003617490365,19.09679461947557,2.872592592592593,2.8575308641975306,2.896543209876543
5351422,1.0,654,4,4,502,80,6.275,4.594910998752399,41.21586545665131,7.191035856573706,7.0800796812749,7.515737051792829
5477477,1.0,678,2,1,645,107,6.02803738317757,2.8174519344162743,25.9811416700368,10.605116279069767,10.448372093023256,10.648527131782947
5499001,1.0,670,4,3,557,158,3.5253164556962027,1.4549948259663439,14.983593558438749,10.606283662477558,9.788689407540396,10.800179533213644
5503058,1.0,916,5,5,724,85,8.51764705882353,0.7610745428395619,15.843893379831947,9.259806629834255,8.601243093922653,9.338397790055248
5503168,1.0,695,6,5,467,88,5.306818181818182,0.6787846160206619,4.220289474948493,7.57644539614561,7.320128479657388,7.606209850107066
5503359,1.0,716,4,5,520,74,7.027027027027027,1.2772048479781901,10.382048665543385,5.5909615384615385,4.908076923076923,6.0125
5540718,1.0,663,5,6,354,34,10.411764705882353,11.882384796618128,74.53631466457486,3.139830508474576,3.1271186440677967,3.1655367231638416
5540722,1.0,691,5,4,502,45,11.155555555555555,6.05458419376214,35.61922461600982,3.3191235059760955,3.306175298804781,3.470517928286853
5540733,1.0,641,8,7,363,79,4.594936708860759,1.7253819699507518,14.872456957448172,3.634159779614325,3.50633608815427,3.7110192837465563
5540847,1.0,869,6,6,593,72,8.23611111111111,1.5948025217123625,36.55168169685484,3.9586846543001686,3.526475548060708,6.490725126475548
5547018,1.0,649,4,3,478,58,8.241379310344827,12.932498939463244,137.4758843961234,7.24979079497908,6.643305439330544,7.3395397489539755
5565253,1.0,670,4,4,485,63,7.698412698412699,2.1858538937867222,18.449891949927675,8.297319587628866,7.224742268041237,8.343505154639175
5615881,1.0,1051,5,4,637,75,8.493333333333334,1.3658877498809892,16.75027986047174,8.603453689167974,8.56043956043956,8.627315541601256
5615968,1.0,642,4,3,481,49,9.816326530612244,6.311994941881332,82.8449702823548,7.566943866943866,7.541164241164242,7.567359667359668
5615986,1.0,685,6,5,485,96,5.052083333333333,1.2105641540736667,9.020396636312247,8.808865979381444,8.770721649484537,8.945360824742268
5615988,1.0,671,5,4,505,65,7.769230769230769,4.599257139205304,49.21506378762081,7.90970297029703,7.636633663366337,7.960198019801981
5616015,1.0,657,2,1,621,77,8.064935064935066,13.517848461137072,164.7084787312849,5.611755233494364,4.658454106280193,5.66328502415459
5633515,1.0,663,6,7,370,67,5.522388059701493,1.171952440408929,9.94478557268259,5.525945945945946,3.6432432432432433,6.369189189189189
5692189,1.0,1527,6,5,533,56,9.517857142857142,17.72983495078556,189.657818875798,6.459849906191369,6.041838649155722,6.767166979362101
5705278,1.0,643,8,7,347,46,7.543478260869565,3.7037431734706923,22.02160135319873,4.920172910662824,4.904899135446686,4.954178674351585
5705752,1.0,682,7,6,438,111,3.945945945945946,1.8239155126841595,36.82760864602572,7.7490867579908675,7.188584474885845,8.155707762557077
5706077,1.0,656,4,4,477,46,10.369565217391305,3.6387299347292412,27.262081313950485,5.292872117400419,5.013207547169812,5.354926624737946
5706137,1.0,737,9,9,337,40,8.425,2.151709335498407,28.36487330610195,4.619584569732938,4.585756676557864,4.6507418397626115
5715345,1.0,923,5,4,487,66,7.378787878787879,5.664132450622233,37.73654126521811,3.7061601642710476,3.327104722792608,5.470841889117043
5771585,1.0,720,6,5,505,68,7.426470588235294,1.8398998056955784,12.11865401470165,4.1873267326732675,3.518811881188119,4.87049504950495
5771621,1.0,675,6,5,471,94,5.01063829787234,0.897044587398958,7.3675515936844835,9.09108280254777,8.240552016985138,9.157537154989384
5772092,1.0,729,8,7,376,62,6.064516129032258,0.8505938395170352,7.085970246955635,5.601595744680851,3.6449468085106385,6.356648936170212
5772102,1.0,725,4,4,557,78,7.141025641025641,1.438613822184147,12.022368511112191,8.49443447037702,8.417594254937164,8.495511669658887
5772192,1.0,706,5,5,492,84,5.857142857142857,1.7141957882269379,22.849039999725495,8.147560975609755,7.16869918699187,8.207113821138211
5874746,1.0,729,5,4,509,38,13.394736842105264,4.31941000407484,28.175907719982504,5.76483300589391,5.588998035363458,5.76935166994106
5874767,1.0,1278,8,7,490,73,6.712328767123288,1.1441788546042797,11.828549555119531,6.7693877551020405,6.584081632653061,6.803673469387755
5874769,1.0,649,6,7,306,43,7.116279069767442,1.6308204773543078,7.3640631026251375,3.2718954248366017,3.2519607843137255,3.4366013071895423
5874787,1.0,1064,7,7,382,60,6.366666666666666,0.9677306288798994,9.780782948133831,3.7028795811518322,3.4162303664921465,3.9068062827225134
5875173,1.0,712,5,5,459,39,11.76923076923077,1.5613024712677552,27.343787125849335,3.176252723311547,3.1145969498910673,3.3013071895424835
5882173,1.0,665,7,7,347,39,8.897435897435898,3.6905089691082074,28.359594133308757,2.370893371757925,2.370893371757925,2.378962536023055
5969330,1.0,721,6,6,465,83,5.602409638554217,3.447399560637669,21.962014675771933,3.938279569892473,3.821505376344086,4.953763440860215
5969331,1.0,706,7,6,437,79,5.531645569620253,1.2425428808809342,8.749997647355542,7.841189931350114,6.752173913043478,7.878718535469107
5969362,1.0,672,4,4,474,85,5.576470588235294,1.7592352747768873,18.320257252636228,9.743881856540085,9.708438818565401,9.829957805907172
6058407,1.0,696,6,5,490,78,6.282051282051282,2.457075900032312,24.094478095156067,8.312244897959184,8.284285714285714,8.357755102040816
6062407,1.0,666,6,5,431,47,9.170212765957446,2.7172467483001785,18.974517744695767,6.3190255220417635,6.306728538283062,6.361020881670534
6109129,1.0,721,4,3,585,98,5.969387755102041,1.4937921800067542,11.792358114706841,9.910427350427351,9.505641025641026,10.083931623931624
6148097,1.0,725,7,8,335,71,4.71830985915493,1.5739941671605755,11.035188673445182,6.161492537313433,6.099701492537314,6.897611940298507
6148143,1.0,677,2,1,645,130,4.961538461538462,1.0308525668082278,16.501625362202233,6.434883720930233,6.0124031007751935,6.548062015503876
6148208,1.0,646,6,5,437,57,7.666666666666667,3.910576256679865,50.88540586988174,6.516933638443936,5.474370709382152,6.542562929061785
6190357,1.0,710,5,5,444,77,5.766233766233766,4.29563203968344,83.60482573197524,7.77027027027027,7.456981981981982,9.417792792792794
6193396,1.0,658,5,5,408,66,6.181818181818182,0.950508192011363,6.6167595717137315,3.6723039215686275,3.608578431372549,4.170833333333333
6193436,1.0,666,5,5,462,34,13.588235294117647,1.6706887869293674,28.299786205247567,6.3967532467532475,6.276839826839827,6.467748917748917
4216956,2.5,910,6,5,545,49,11.122448979591837,4.65627728731085,31.911673587167826,3.826422018348624,3.7963302752293577,3.890458715596331
4272243,2.5,646,3,2,564,90,6.266666666666667,6.35614557793233,68.96028603376243,4.643439716312057,4.6209219858156025,4.719858156028369
4344977,2.5,1187,6,5,508,44,11.545454545454545,6.06596436720384,51.896541737832486,3.2816929133858266,3.1811023622047245,3.612992125984252
4350946,2.5,690,5,5,432,53,8.150943396226415,2.3331182825635546,17.79987579013981,3.6689814814814814,3.6439814814814815,3.815740740740741
4351935,2.5,775,2,1,719,49,14.673469387755102,4.324852317980677,40.386059931174685,4.968150208623087,4.847009735744089,5.061613351877608
4352377,2.5,716,4,3,586,50,11.72,4.590772049204757,36.256847497985795,4.321672354948806,4.152047781569966,4.694368600682594
4358853,2.5,666,2,1,614,56,10.964285714285714,3.4414085654294313,23.040962312641607,5.799837133550488,5.707817589576547,6.574755700325733
4359232,2.5,681,4,3,575,62,9.274193548387096,6.293951776542602,36.34629879620176,3.7213913043478266,3.645739130434783,3.786086956521739
4370045,2.5,720,3,2,620,57,10.87719298245614,5.71316298848919,43.70203535783791,8.889193548387096,8.29209677419355,9.106774193548388
4389353,2.5,650,5,4,492,52,9.461538461538462,15.648929233778846,107.20087446175435,3.7040650406504065,3.636788617886179,4.037195121951219
4389414,2.5,645,3,4,469,31,15.129032258064516,12.03455509485314,48.3965374204532,4.607675906183369,3.675266524520256,5.160554371002132
4392729,2.5,652,3,2,586,37,15.837837837837839,11.935986436680789,88.368067070753,3.4795221843003414,3.4124573378839593,3.7100682593856655
4393045,2.5,936,6,5,503,46,10.934782608695652,7.515483225098871,40.400837211275714,2.861431411530815,2.83479125248509,2.931212723658052
4440451,2.5,657,1,0,657,72,9.125,8.086020269203084,65.12768763385003,6.473515981735161,5.612328767123288,6.5849315068493155
4443744,2.5,710,2,1,659,50,13.18,13.123132628477704,72.28287742285706,9.474355083459788,8.920485584218513,9.624279210925645
4448887,2.5,666,5,5,427,24,17.791666666666668,27.367783209145824,185.3895392247151,4.0564402810304445,4.01288056206089,4.0936768149882905
4469551,2.5,670,5,4,530,53,10.0,14.476636960289547,129.38984990851068,7.4652830188679244,7.461698113207547,7.564905660377359
4472905,2.5,816,5,4,460,40,11.5,10.225024588798238,61.03493291447035,5.693695652173913,5.635434782608696,5.728478260869565
4473229,2.5,673,3,3,499,29,17.20689655172414,10.410954488460376,60.92068323057374,6.018436873747494,5.9967935871743485,6.053507014028056
4481970,2.5,642,3,2,569,48,11.854166666666666,5.981661858462386,38.90478796190625,6.60140597539543,5.772407732864675,6.863093145869947
4482888,2.5,647,1,1,615,110,5.590909090909091,2.044471728604949,20.777123037464573,5.551056910569105,5.547967479674797,5.5686178861788616
4487550,2.5,653,4,3,471,33,14.272727272727273,11.18714469142006,90.75959473360109,3.343524416135881,2.842887473460722,3.375796178343949
4487946,2.5,710,2,1,280,39,7.17948717948718,6.002990667974487,45.65933703738371,4.006428571428572,3.9614285714285717,4.124642857142858
4504164,2.5,649,3,2,577,37,15.594594594594595,7.990915682453553,50.890528930793714,3.850086655112652,3.84315424610052,3.9691507798960135
4527487,2.5,671,4,3,553,19,29.105263157894736,6.174836802705621,26.555008414260133,3.9083182640144667,3.8804701627486438,3.9598553345388794
4544584,2.5,672,4,3,530,63,8.412698412698413,7.256558700398281,60.56792889214756,8.428679245283018,8.39622641509434,8.475094339622641
4547202,2.5,696,7,7,322,32,10.0625,4.966727990969737,34.58446713078993,4.8083850931677015,4.714906832298137,4.842546583850932
4559519,2.5,991,4,3,563,37,15.216216216216216,18.81482740612973,123.5251502156105,6.521314387211367,6.500177619893428,6.856483126110124
4575701,2.5,700,3,2,625,84,7.440476190476191,5.551970267232032,64.22831690911,8.8256,8.29008,9.05728
4579744,2.5,678,5,4,521,26,20.03846153846154,28.852876153209923,131.545172383626,4.085412667946257,3.7923224568138196,4.507485604606526
4605892,2.5,678,6,6,459,28,16.392857142857142,2.4610035403752395,10.681016729546544,2.6413943355119827,2.5309368191721133,3.3028322440087146
4668185,2.5,641,6,6,398,40,9.95,14.082725404625196,140.17351864157575,4.875376884422111,4.837437185929648,5.731155778894473
4705097,2.5,659,4,4,439,53,8.283018867924529,6.6104560121844465,40.83461666627507,8.617084282460137,7.828473804100227,8.711161731207289
4724133,2.5,650,4,3,530,54,9.814814814814815,8.929486140132754,67.27071980500087,8.065283018867925,7.136792452830188,8.434150943396228
4749525,2.5,805,4,3,483,57,8.473684210526315,5.171533003243758,35.23637143266605,8.44927536231884,8.416149068322982,8.58136645962733
4754626,2.5,1144,5,4,496,50,9.92,5.609612428369021,35.910688322291634,7.022177419354839,6.963104838709677,7.140524193548386
4754956,2.5,647,5,5,464,44,10.545454545454545,7.895903547975899,79.84102306012257,5.943318965517241,5.894612068965517,6.004741379310344
4775763,2.5,718,9,8,353,54,6.537037037037037,3.0715522105848296,21.283824529502333,4.095184135977337,3.970538243626062,4.608781869688386
4785421,2.5,773,4,5,438,42,10.428571428571429,6.174908454052492,65.43550013037633,6.2027397260273975,5.4527397260273975,6.496118721461188
4789937,2.5,678,5,6,455,52,8.75,3.1341208347885967,15.692985276653742,4.952967032967033,4.663516483516483,5.305494505494505
4792515,2.5,705,6,7,406,32,12.6875,3.1981174925249203,14.61718396489627,2.3364532019704436,2.330295566502463,2.363793103448276
4811115,2.5,643,5,4,440,19,23.157894736842106,77.87596049133349,310.0386724424174,3.1411363636363636,2.9086363636363637,3.2370454545454543
4824328,2.5,688,3,2,512,46,11.130434782608695,4.4553942905472494,52.678349017101134,7.637109375,6.826171875,8.0712890625
4861227,2.5,710,9,8,291,26,11.192307692307692,3.0543696466206214,14.498143853989719,3.5900343642611685,3.529896907216495,3.614089347079038
4861687,2.5,746,6,6,520,34,15.294117647058824,29.797571672627225,215.85554735884617,4.355384615384616,4.337692307692308,4.384423076923077
4862222,2.5,670,4,3,506,74,6.837837837837838,4.678355865124784,46.864483753444965,7.000592885375495,7.000197628458498,7.763438735177866
4862380,2.5,660,3,2,585,55,10.636363636363637,9.921433945348065,77.05171849457584,6.364102564102564,5.857435897435897,6.4280341880341885
4865550,2.5,642,4,3,521,51,10.215686274509803,14.284219776533455,141.17163337249428,6.755662188099808,5.790595009596929,6.79404990403071
4865558,2.5,649,5,4,494,71,6.957746478873239,6.089107365567899,71.99626746999496,7.719838056680162,7.338663967611336,7.96336032388664
4912927,2.5,674,2,1,637,100,6.37,7.678051412342424,119.3391286800846,5.279277864992151,4.76248037676609,6.419152276295134
4915833,2.5,675,4,3,527,57,9.24561403508772,13.106113750818988,126.49310260169077,7.326185958254269,7.144212523719165,7.892409867172676
4940890,2.5,683,3,2,589,67,8.791044776119403,4.826933083028504,35.35897783479972,8.81578947368421,8.787266553480475,9.431239388794568
5244934,2.5,656,6,6,405,26,15.576923076923077,5.491141047105629,39.49536132749356,4.22320987654321,4.2118518518518515,4.327160493827161
5351422,2.5,654,4,4,502,44,11.409090909090908,7.115608142768451,46.05179196825799,6.563745019920319,6.524302788844621,6.693227091633466
5477477,2.5,678,2,1,645,62,10.403225806451612,11.953354458882758,138.15029502222987,8.953333333333333,7.4945736434108525,9.03922480620155
5499001,2.5,670,4,3,557,93,5.989247311827957,2.724362536356215,14.983593558438749,9.466606822262118,8.871992818671455,9.642190305206462
5503058,2.5,916,5,5,724,54,13.407407407407407,2.41588412506201,31.614019844626775,6.628314917127072,4.153453038674033,6.660773480662983
5503168,2.5,695,6,5,467,47,9.936170212765957,1.6718733547906823,10.76488805029365,4.701070663811564,3.653961456102784,5.160813704496788
5503359,2.5,716,4,5,520,36,14.444444444444445,2.9775149516794532,17.634669701076543,7.161923076923077,7.149230769230769,7.227115384615384
5540718,2.5,663,5,6,354,18,19.666666666666668,23.41414965287493,96.73043212848741,4.6892655367231635,4.593220338983051,4.715819209039548
5540722,2.5,691,5,4,502,29,17.310344827586206,31.52820580173994,135.54584511403382,5.434262948207171,5.2312749003984065,5.467131474103586
5540733,2.5,641,8,7,363,43,8.44186046511628,7.2757578565868375,62.0970300611909,5.0606060606060606,5.009366391184574,5.071625344352617
5540847,2.5,869,6,6,593,41,14.463414634146341,2.637891189610939,36.55168169685484,5.352613827993254,4.903709949409781,5.642495784148398
5547018,2.5,649,4,3,478,29,16.482758620689655,20.152052990800343,137.4758843961234,5.6060669456066945,5.596234309623431,5.662343096234309
5565253,2.5,670,4,4,485,34,14.264705882352942,9.486670496618437,48.20894704255659,6.184948453608247,5.234639175257732,6.2917525773195875
5615881,2.5,1051,5,4,637,39,16.333333333333332,7.027404876278768,39.3366098780074,7.042386185243328,6.983516483516484,7.087598116169545
5615968,2.5,642,4,3,481,29,16.586206896551722,22.503914941471898,169.10611907745945,6.112474012474013,5.997505197505198,6.132848232848233
5615986,2.5,685,6,5,485,48,10.104166666666666,3.115633473493205,13.581270434673417,6.858762886597938,4.58659793814433,7.153814432989691
5615988,2.5,671,5,4,505,36,14.027777777777779,7.489035556656913,49.21506378762081,3.3794059405940593,3.3685148514851484,3.56059405940594
5616015,2.5,657,2,1,621,47,13.212765957446809,21.692848877634543,164.7084787312849,8.149919484702094,7.506763285024154,8.392753623188405
5633515,2.5,663,6,7,370,38,9.736842105263158,3.3950876087776174,13.142613867522616,5.3062162162162165,5.302432432432433,5.325135135135135
5692189,2.5,1527,6,5,533,35,15.228571428571428,19.15395930489358,175.892239655065,4.659474671669794,4.508067542213884,5.36923076923077
5705278,2.5,643,8,7,347,29,11.96551724137931,7.2639608430043126,32.274748337144956,3.4616714697406343,3.4587896253602306,3.494812680115274
5705752,2.5,682,7,6,438,59,7.423728813559322,3.8479425236805667,36.82760864602572,6.645433789954337,6.6374429223744285,6.681278538812785
5706077,2.5,656,4,4,477,25,19.08,35.47174666015828,223.57240681500932,4.420335429769392,4.3786163522012576,4.430398322851153
5706137,2.5,737,9,9,337,29,11.620689655172415,5.026024526039909,50.46937060874386,3.8032640949554897,3.656379821958457,3.877744807121662
5715345,2.5,923,5,4,487,33,14.757575757575758,22.882504744755455,119.59506752200276,4.286447638603696,4.22217659137577,4.293634496919918
5771585,2.5,720,6,5,505,39,12.948717948717949,4.923672237558874,23.13012201535393,5.167128712871287,4.610891089108911,5.532079207920792
5771621,2.5,675,6,5,471,54,8.722222222222221,1.7769555806106034,14.1461695990173,3.2295116772823778,3.224203821656051,3.7012738853503184
5772092,2.5,729,8,7,376,36,10.444444444444445,2.8194911550083424,16.933845348448745,2.352925531914894,2.346276595744681,2.353723404255319
5772102,2.5,725,4,4,557,43,12.953488372093023,4.666962043605641,69.54138496016861,6.003231597845602,5.346499102333932,6.801436265709157
5772192,2.5,706,5,5,492,46,10.695652173913043,3.590097909179227,44.630198518034604,6.7733739837398375,6.734756097560975,6.779065040650407
5874746,2.5,729,5,4,509,23,22.130434782608695,7.572124174237185,42.65718618192675,4.19056974459725,3.4846758349705307,4.341060903732809
5874767,2.5,1278,8,7,490,40,12.25,2.5250968023851854,17.556782534127738,2.723265306122449,2.709591836734694,2.7242857142857146
5874769,2.5,649,6,7,306,24,12.75,3.8231301959600548,24.733206249240123,2.888235294117647,2.4052287581699345,2.9872549019607844
5874787,2.5,1064,7,7,382,35,10.914285714285715,2.7600599732248927,12.802240618237976,5.500523560209424,5.476701570680628,5.516753926701571
5875173,2.5,712,5,5,459,30,15.3,1.8992800480633556,27.343787125849335,4.283442265795207,2.972113289760349,4.487581699346405
5882173,2.5,665,7,7,347,19,18.263157894736842,26.64997151287552,145.4228513306255,1.172334293948127,0.999135446685879,1.6795389048991354
5969330,2.5,721,6,6,465,45,10.333333333333334,5.662647738829168,35.860939604911756,5.224731182795699,5.22236559139785,5.271612903225807
5969331,2.5,706,7,6,437,45,9.71111111111111,2.6801080605143457,19.589854736631985,2.877574370709382,2.8242562929061785,2.994050343249428
5969362,2.5,672,4,4,474,45,10.533333333333333,3.5601366789328774,21.848493700097357,6.328481012658227,5.525738396624472,8.14409282700422
6058407,2.5,696,6,5,490,49,10.0,6.2641114861173195,58.76374618485539,7.3067346938775515,7.23530612244898,7.357755102040817
6062407,2.5,666,6,5,431,31,13.903225806451612,4.466172152745712,26.26600611923948,5.3150812064965205,5.306032482598608,5.4361948955916475
6109129,2.5,721,4,3,585,47,12.446808510638299,8.313913293373897,70.11514565635134,4.082393162393162,4.012991452991453,4.276239316239316
6148097,2.5,725,7,8,335,38,8.81578947368421,6.7465843492885265,48.93871706005527,2.702388059701492,2.642089552238806,2.711044776119403
6148143,2.5,677,2,1,645,62,10.403225806451612,3.566983100787419,41.5076768389118,6.076899224806201,5.39968992248062,6.573333333333333
6148208,2.5,646,6,5,437,38,11.5,4.855886690674993,50.88540586988174,2.9757437070938217,2.9729977116704807,2.996338672768879
6190357,2.5,710,5,5,444,33,13.454545454545455,10.828289307239103,83.60482573197524,4.081756756756756,3.9416666666666664,4.842567567567567
6193396,2.5,658,5,5,408,38,10.736842105263158,2.089124815659295,10.124476505439628,2.7340686274509802,2.729901960784314,2.7816176470588236
6193436,2.5,666,5,5,462,23,20.08695652173913,2.656760073125674,26.496865141308326,2.627056277056277,2.6151515151515152,2.672294372294372
4216956,5.0,910,6,5,545,27,20.185185185185187,20.39909528570639,93.31728677634308,3.6981651376146787,3.070275229357798,4.314862385321101
4272243,5.0,646,3,2,564,61,9.245901639344263,9.82479000339986,79.60487808133256,7.020744680851063,6.800531914893617,8.312588652482269
4344977,5.0,1187,6,5,508,29,17.517241379310345,19.046025338177373,137.85039372212617,4.390354330708662,4.362992125984253,4.59744094488189
4350946,5.0,690,5,5,432,32,13.5,6.657296450935844,41.54015254390124,5.5099537037037045,5.274768518518518,5.724537037037037
4351935,5.0,775,2,1,719,33,21.78787878787879,6.019719689849145,38.34876465616537,4.87941585535466,3.978998609179416,5.03769123783032
4352377,5.0,716,4,3,586,25,23.44,12.196853187715302,71.32102500666555,4.261433447098976,3.752730375426621,4.956484641638225
4358853,5.0,666,2,1,614,36,17.055555555555557,9.622058109348245,60.55074588775185,9.662377850162866,9.402605863192182,9.812377850162866
4359232,5.0,681,4,3,575,45,12.777777777777779,7.673647525620708,36.34629879620176,6.941739130434782,6.788521739130435,6.949391304347826
4370045,5.0,720,3,2,620,32,19.375,33.15330210038393,182.50508759165277,7.052096774193549,7.02983870967742,7.054838709677419
4389353,5.0,650,5,4,492,41,12.0,18.097253549591212,110.44889352066262,6.492479674796749,5.957723577235772,6.746951219512195
4389414,5.0,645,3,4,469,23,20.391304347826086,17.30711444836003,109.85397455854302,4.5944562899786785,3.0921108742004266,4.71727078891258
4392729,5.0,652,3,2,586,21,27.904761904761905,24.50539516643829,156.2212453063017,2.5488054607508532,2.548122866894198,2.622013651877133
4393045,5.0,936,6,5,503,31,16.225806451612904,11.847528880976238,73.60864461102814,2.5099403578528827,2.4640159045725647,4.940159045725646
4440451,5.0,657,1,0,657,49,13.408163265306122,27.819329077785707,161.67819185104506,8.63455098934551,8.287823439878235,9.455555555555556
4443744,5.0,710,2,1,659,29,22.724137931034484,38.590709852831004,189.95806991262518,3.924582701062216,3.830349013657056,4.325948406676783
4448887,5.0,666,5,5,427,18,23.72222222222222,36.21626062778201,185.3895392247151,1.51615925058548,1.478688524590164,1.5238875878220142
4469551,5.0,670,5,4,530,31,17.096774193548388,27.307575760151522,151.48645719978686,3.0581132075471698,3.0092452830188683,3.078679245283019
4472905,5.0,816,5,4,460,25,18.4,12.791636531632122,61.03493291447035,2.3491304347826083,2.3078260869565215,2.8354347826086954
4473229,5.0,673,3,3,499,19,26.263157894736842,22.443994916867737,126.7825436904558,5.102004008016032,4.963527054108217,5.109819639278557
4481970,5.0,642,3,2,569,29,19.620689655172413,15.742801459143923,136.25143291939122,3.306678383128295,3.190333919156415,3.459578207381371
4482888,5.0,647,1,1,615,74,8.31081081081081,3.068336368220847,20.777123037464573,11.357235772357724,9.633333333333333,11.397398373983739
4487550,5.0,653,4,3,471,21,22.428571428571427,20.246073139566757,90.75959473360109,4.430573248407644,4.360084925690021,4.509341825902336
4487946,5.0,710,2,1,280,24,11.666666666666666,9.155554585995883,45.65933703738371,7.250357142857142,7.2003571428571425,7.2821428571428575
4504164,5.0,649,3,2,577,24,24.041666666666668,16.25571506783035,80.64083550286294,5.155979202772963,4.962218370883882,5.8097053726169845
4527487,5.0,671,4,3,553,14,39.5,6.746555857986137,26.555008414260133,3.4439421338155514,3.3828209764918626,3.4455696202531647
4544584,5.0,672,4,3,530,41,12.926829268292684,22.3269877193347,158.29114138654148,6.843584905660377,6.23566037735849,7.032452830188679
4547202,5.0,696,7,7,322,21,15.333333333333334,6.793637373744268,34.41937133463979,3.0953416149068325,3.068944099378882,3.0975155279503106
4559519,5.0,991,4,3,563,24,23.458333333333332,27.491724660525577,125.79651937483169,2.67797513321492,2.617229129662522,2.7598579040852576
4575701,5.0,700,3,2,625,53,11.79245283018868,10.632741148975656,81.24591230680369,8.91584,8.872639999999999,8.948319999999999
4579744,5.0,678,5,4,521,17,30.647058823529413,35.356371038792915,157.97818010250637,3.1523992322456817,2.022456813819578,3.174856046065259
4605892,5.0,678,6,6,459,15,30.6,4.900109469813402,12.931846006928058,2.1248366013071895,2.1198257080610023,2.151851851851852
4668185,5.0,641,6,6,398,28,14.214285714285714,15.963374593806595,140.17351864157575,5.11608040201005,4.587185929648241,5.383165829145729
4705097,5.0,659,4,4,439,26,16.884615384615383,18.424778768610903,80.1807226255203,6.7505694760820045,6.681776765375854,6.785193621867881
4724133,5.0,650,4,3,530,40,13.25,12.519515599838044,69.49232241255191,7.830754716981132,7.459811320754716,7.873396226415093
4749525,5.0,805,4,3,483,30,16.1,16.000496027412648,110.04377901849853,6.302070393374741,6.266252587991718,6.595445134575569
4754626,5.0,1144,5,4,496,22,22.545454545454547,29.122716445033962,135.41394900589432,4.435685483870968,4.015524193548387,4.507862903225806
4754956,5.0,647,5,5,464,32,14.5,11.729930960968758,79.84102306012257,3.1620689655172414,2.5808189655172415,3.2926724137931034
4775763,5.0,718,9,8,353,43,8.209302325581396,4.837476027523162,21.283824529502333,2.260056657223796,2.2521246458923514,2.2923512747875354
4785421,5.0,773,4,5,438,28,15.642857142857142,11.853234882103733,65.43550013037633,6.109589041095891,5.896575342465753,6.446803652968036
4789937,5.0,678,5,6,455,33,13.787878787878787,5.7695396482081645,31.154411181635414,5.514285714285714,5.493186813186814,5.5758241758241756
4792515,5.0,705,6,7,406,25,16.24,5.743382337042085,25.357952794117498,4.1935960591133,4.126354679802955,4.2096059113300495
4811115,5.0,643,5,4,440,17,25.88235294117647,77.97740232463026,310.0386724424174,3.247954545454545,3.241590909090909,3.313181818181818
4824328,5.0,688,3,2,512,28,18.285714285714285,7.763476832123927,61.66935873828307,6.019921875,5.63671875,6.8255859375
4861227,5.0,710,9,8,291,20,14.55,25.09602834079577,139.0830581309527,2.1013745704467355,2.050171821305842,2.115807560137457
4861687,5.0,746,6,6,520,24,21.666666666666668,35.045001924626604,197.2613393857866,3.9963461538461535,3.7836538461538463,4.002115384615385
4862222,5.0,670,4,3,506,54,9.37037037037037,11.952711503025792,145.02165741336287,7.723320158102767,7.13596837944664,8.211660079051384
4862380,5.0,660,3,2,585,27,21.666666666666668,22.63212512325246,129.63437424861814,5.454188034188034,4.662222222222223,5.476923076923077
4865550,5.0,642,4,3,521,31,16.806451612903224,18.476179666120334,143.50126952941216,5.633589251439539,4.669097888675624,5.68426103646833
4865558,5.0,649,5,4,494,39,12.666666666666666,20.399186093878594,171.91247616025066,5.542105263157895,5.270647773279352,6.036032388663968
4912927,5.0,674,2,1,637,63,10.11111111111111,9.652263057936999,119.3391286800846,9.556357927786499,9.13453689167975,10.052276295133439
4915833,5.0,675,4,3,527,30,17.566666666666666,22.269236734560945,143.54369808044004,3.9098671726755216,3.6979127134724856,4.963946869070209
4940890,5.0,683,3,2,589,43,13.69767441860465,11.591129224725401,115.36249656929085,5.527164685908319,3.9752122241086587,5.697283531409168
5244934,5.0,656,6,6,405,19,21.31578947368421,7.174658499553728,39.49536132749356,1.8580246913580247,1.8328395061728393,3.1017283950617287
5351422,5.0,654,4,4,502,25,20.08,15.685403689015379,88.47932747532735,4.595019920318725,4.225099601593626,4.932470119521912
5477477,5.0,678,2,1,645,42,15.357142857142858,28.398830260456897,243.18547013814825,7.584651162790698,7.337674418604651,7.828527131782945
5499001,5.0,670,4,3,557,59,9.440677966101696,17.965872964523488,195.37414296015018,8.015978456014363,7.7473967684021545,8.030700179533214
5503058,5.0,916,5,5,724,27,26.814814814814813,11.066848614333368,36.94368727182045,6.012430939226519,5.625276243093922,6.07707182320442
5503168,5.0,695,6,5,467,33,14.151515151515152,2.614013178362377,21.925793402410992,5.267023554603854,4.29100642398287,5.321413276231263
5503359,5.0,716,4,5,520,25,20.8,6.761364050461995,29.69092616705479,5.277500000000001,4.707884615384615,5.3088461538461535
5540718,5.0,663,5,6,354,13,27.23076923076923,45.35645553222739,171.69478340234357,3.0531073446327683,2.9813559322033902,3.0615819209039548
5540722,5.0,691,5,4,502,16,31.375,49.91338796777872,158.5600761037534,2.718924302788845,2.685258964143426,2.756573705179283
5540733,5.0,641,8,7,363,30,12.1,8.247133012670464,62.0970300611909,3.0699724517906337,3.0661157024793386,3.4134986225895316
5540847,5.0,869,6,6,593,28,21.178571428571427,13.673051848845644,93.54647989865454,4.723608768971332,4.223946037099495,4.8477234401349065
5547018,5.0,649,4,3,478,22,21.727272727272727,23.248256917683285,137.4758843961234,4.96276150627615,4.065271966527197,5.117154811715481
5565253,5.0,670,4,4,485,22,22.045454545454547,10.993405385521315,48.20894704255659,4.82020618556701,4.442886597938145,5.309072164948454
5615881,5.0,1051,5,4,637,27,23.59259259259259,36.33590464256357,177.46114291390518,4.147723704866562,4.047566718995291,4.36138147566719
5615968,5.0,642,4,3,481,22,21.863636363636363,26.496162140575088,169.10611907745945,5.352182952182952,4.357172557172557,5.372557172557173
5615986,5.0,685,6,5,485,29,16.724137931034484,13.711691980578957,65.22281960577482,5.168659793814434,5.035670103092784,5.602886597938144
5615988,5.0,671,5,4,505,27,18.703703703703702,16.29664188610276,91.41158574994569,5.1178217821782175,4.976237623762376,5.518811881188118
5616015,5.0,657,2,1,621,31,20.032258064516128,27.037791860391927,164.7084787312849,5.836070853462157,5.038486312399356,6.206119162640902
5633515,5.0,663,6,7,370,25,14.8,5.854207446592092,33.8490037363425,2.1313513513513516,2.1021621621621622,2.2608108108108107
5692189,5.0,1527,6,5,533,25,21.32,20.64442002676741,131.69046144318256,4.288930581613508,4.057410881801125,4.6482176360225145
5705278,5.0,643,8,7,347,19,18.263157894736842,30.073614933625716,112.38566692615245,2.1688760806916427,2.1596541786743515,2.174063400576369
5705752,5.0,682,7,6,438,40,10.95,12.487054362340329,98.76789805201139,4.9031963470319635,4.421004566210046,5.295890410958904
5706077,5.0,656,4,4,477,17,28.058823529411764,36.85888493494545,223.57240681500932,3.8188679245283015,3.80524109014675,3.8784067085953877
5706137,5.0,737,9,9,337,23,14.652173913043478,6.7390033861440815,50.46937060874386,1.3934718100890209,1.3887240356083086,2.2679525222551926
5715345,5.0,923,5,4,487,24,20.291666666666668,25.114156180556595,119.59506752200276,3.471663244353183,3.471252566735113,3.474537987679671
5771585,5.0,720,6,5,505,23,21.956521739130434,30.746230589077292,151.96111876873056,4.13920792079208,4.133465346534654,4.149306930693069
5771621,5.0,675,6,5,471,39,12.076923076923077,3.9605315896828466,28.288452940988368,6.556050955414013,5.872823779193205,6.573885350318472
5772092,5.0,729,8,7,376,26,14.461538461538462,8.162173983968552,51.02821323403839,3.9361702127659575,3.4063829787234043,3.9648936170212763
5772102,5.0,725,4,4,557,19,29.31578947368421,22.3811410032519,115.39730194352978,4.229443447037703,4.1779174147217235,4.24524236983842
5772192,5.0,706,5,5,492,32,15.375,5.425120539497695,38.60744804999673,4.911585365853658,4.812195121951219,5.535772357723577
5874746,5.0,729,5,4,509,19,26.789473684210527,8.3617443838753,42.65718618192675,3.799410609037328,3.3288801571709237,3.799410609037328
5874767,5.0,1278,8,7,490,30,16.333333333333332,5.474664342664192,35.20343691134892,4.794081632653061,4.780816326530612,5.0042857142857144
5874769,5.0,649,6,7,306,17,18.0,9.697722223690832,36.835772516059,3.054575163398693,2.9166666666666665,3.056862745098039
5874787,5.0,1064,7,7,382,29,13.172413793103448,5.784993477100223,38.30585518260722,4.713089005235602,4.637958115183246,4.783507853403141
5875173,5.0,712,5,5,459,19,24.157894736842106,2.845225031837714,27.343787125849335,3.31437908496732,3.313289760348584,3.754466230936819
5882173,5.0,665,7,7,347,16,21.6875,29.857243022736743,145.4228513306255,0.9801152737752162,0.8406340057636887,1.4270893371757924
5969330,5.0,721,6,6,465,30,15.5,10.29802940211107,60.81593509030376,4.341935483870968,3.7666666666666666,4.37505376344086
5969331,5.0,706,7,6,437,27,16.185185185185187,9.703262440537584,60.30777408801243,4.87070938215103,4.864988558352403,4.872997711670481
5969362,5.0,672,4,4,474,33,14.363636363636363,4.251227415940694,21.848493700097357,7.794725738396624,7.757172995780591,7.836286919831224
6058407,5.0,696,6,5,490,33,14.848484848484848,9.373586398684273,72.19848131126972,6.048163265306123,5.654693877551021,6.05530612244898
6062407,5.0,666,6,5,431,18,23.944444444444443,24.70143640873012,119.39236451416485,3.031554524361949,3.012993039443155,3.054524361948956
6109129,5.0,721,4,3,585,32,18.28125,35.739901814383565,193.77632253759214,6.105811965811966,5.457606837606837,6.118461538461538
6148097,5.0,725,7,8,335,27,12.407407407407407,13.995319238658375,80.88399100410035,4.010149253731344,3.9295522388059703,4.026567164179105
6148143,5.0,677,2,1,645,37,17.43243243243243,7.4439230306315585,75.00765872003018,8.789767441860464,8.748062015503876,8.807906976744187
6148208,5.0,646,6,5,437,27,16.185185185185187,9.665039420377921,84.09255863634708,4.60091533180778,4.425629290617849,4.602745995423341
6190357,5.0,710,5,5,444,22,20.181818181818183,13.287678124730224,83.60482573197524,5.607207207207207,5.606756756756757,5.620720720720721
6193396,5.0,658,5,5,408,25,16.32,4.339668483850853,23.368577927109808,3.8517156862745097,3.7463235294117645,4.536274509803921
6193436,5.0,666,5,5,462,15,30.8,4.511693333499772,26.496865141308326,4.156926406926407,4.133116883116883,4.187229437229437
4216956,6.0,910,6,5,545,26,20.96153846153846,20.457363015396904,93.31728677634308,4.598715596330275,3.7275229357798163,4.807889908256881
4272243,6.0,646,3,2,564,51,11.058823529411764,11.112632752307364,93.04707064254478,8.018617021276595,7.986524822695035,8.076595744680851
4344977,6.0,1187,6,5,508,26,19.53846153846154,20.24500562548746,137.85039372212617,4.493897637795276,3.4683070866141734,4.712992125984251
4350946,6.0,690,5,5,432,30,14.4,6.838572075215421,41.54015254390124,2.5268518518518515,2.5006944444444446,2.5388888888888888
4351935,6.0,775,2,1,719,27,26.62962962962963,11.47152728585037,81.08535963788356,3.797079276773296,3.686230876216968,3.973296244784423
4352377,6.0,716,4,3,586,25,23.44,12.196853187715302,71.32102500666555,3.4924914675767917,3.122354948805461,3.493344709897611
4358853,6.0,666,2,1,614,31,19.806451612903224,14.036086605454901,82.7644961895158,8.520521172638437,7.18029315960912,9.195602605863193
4359232,6.0,681,4,3,575,41,14.024390243902438,7.89212627449969,36.34629879620176,6.486782608695652,5.891304347826087,6.924
4370045,6.0,720,3,2,620,29,21.379310344827587,35.470623053945324,182.50508759165277,5.951612903225806,5.887096774193548,6.160967741935484
4389353,6.0,650,5,4,492,39,12.615384615384615,18.230110738086,110.44889352066262,6.131707317073171,5.613617886178862,6.136991869918699
4389414,6.0,645,3,4,469,18,26.055555555555557,28.61943166158135,109.85397455854302,4.884861407249467,4.768017057569296,4.890618336886993
4392729,6.0,652,3,2,586,16,36.625,33.6737805696211,156.2212453063017,2.323378839590444,2.246245733788396,2.50358361774744
4393045,6.0,936,6,5,503,28,17.964285714285715,14.514714036241928,73.60864461102814,4.784691848906561,4.76699801192843,4.786878727634195
4440451,6.0,657,1,0,657,43,15.279069767441861,28.10215496091613,161.67819185104506,4.556164383561644,4.504566210045662,4.8001522070015215
4443744,6.0,710,2,1,659,27,24.40740740740741,38.726905602506896,189.95806991262518,3.835204855842185,3.6666160849772385,3.890136570561457
4448887,6.0,666,5,5,427,16,26.6875,36.55077088304628,185.3895392247151,1.5594847775175644,1.5126463700234192,1.9627634660421547
4469551,6.0,670,5,4,530,29,18.275862068965516,30.76332084521357,164.16036081805584,2.7928301886792455,2.7837735849056604,2.8183018867924527
4472905,6.0,816,5,4,460,23,20.0,13.736977516578145,61.03493291447035,2.157608695652174,2.1389130434782606,2.475217391304348
4473229,6.0,673,3,3,499,19,26.263157894736842,22.443994916867737,126.7825436904558,2.9733466933867736,2.381563126252505,3.3018036072144286
4481970,6.0,642,3,2,569,29,19.620689655172413,15.742801459143923,136.25143291939122,3.286115992970123,3.1504393673110718,3.293145869947276
4482888,6.0,647,1,1,615,64,9.609375,3.7880651176979314,27.118864077973765,8.272682926829267,4.794308943089431,8.620000000000001
4487550,6.0,653,4,3,471,19,24.789473684210527,20.372487193514317,90.75959473360109,1.9331210191082802,1.9014861995753716,2.0123142250530783
4487946,6.0,710,2,1,280,20,14.0,10.622226597433267,45.65933703738371,6.115714285714286,5.185357142857143,6.157857142857143
4504164,6.0,649,3,2,577,22,26.227272727272727,16.77804462134847,80.64083550286294,5.765857885615252,5.758752166377817,5.786481802426343
4527487,6.0,671,4,3,553,13,42.53846153846154,11.231444428822934,41.49559270361128,2.6202531645569622,2.610488245931284,2.6309222423146474
4544584,6.0,672,4,3,530,34,15.588235294117647,30.55821031899273,159.41428818021492,5.960566037735849,5.9399999999999995,6.013962264150943
4547202,6.0,696,7,7,322,19,16.94736842105263,7.920468029456443,34.41937133463979,2.615217391304348,2.6027950310559005,2.623913043478261
4559519,6.0,991,4,3,563,21,26.80952380952381,27.872576158073123,125.79651937483169,5.300177619893428,4.749023090586145,5.334813499111901
4575701,6.0,700,3,2,625,44,14.204545454545455,15.752696477066618,121.38300353161314,8.03968,7.9824,8.0656
4579744,6.0,678,5,4,521,17,30.647058823529413,35.356371038792915,157.97818010250637,1.53531669865643,1.5226487523992323,1.554126679462572
4605892,6.0,678,6,6,459,15,30.6,4.900109469813402,12.931846006928058,1.0165577342047931,1.0043572984749456,1.043355119825708
4668185,6.0,641,6,6,398,27,14.74074074074074,16.10424761355233,140.17351864157575,2.6015075376884425,2.5150753768844223,2.6160804020100503
4705097,6.0,659,4,4,439,24,18.291666666666668,20.57791271438618,80.1807226255203,6.114578587699317,6.0364464692482915,6.275626423690205
4724133,6.0,650,4,3,530,34,15.588235294117647,22.584998457307425,127.6212774180649,7.318301886792453,6.956037735849057,7.353207547169811
4749525,6.0,805,4,3,483,30,16.1,16.000496027412648,110.04377901849853,6.714492753623189,6.695859213250517,6.714906832298137
4754626,6.0,1144,5,4,496,20,24.8,29.94374105857934,135.41394900589432,4.399193548387097,4.391733870967743,4.42358870967742
4754956,6.0,647,5,5,464,28,16.571428571428573,18.469481921555445,120.16817453421268,4.959051724137931,4.877155172413793,4.969612068965517
4775763,6.0,718,9,8,353,36,9.805555555555555,5.660355769391346,23.823062258517922,4.310198300283286,4.309065155807366,4.341076487252125
4785421,6.0,773,4,5,438,23,19.043478260869566,13.239875426394487,65.43550013037633,5.703652968036529,5.700228310502283,5.773744292237443
4789937,6.0,678,5,6,455,30,15.166666666666666,5.950644738471957,31.154411181635414,3.3076923076923075,2.459120879120879,4.138901098901099
4792515,6.0,705,6,7,406,22,18.454545454545453,6.665626343834555,28.645032584576985,1.6857142857142857,1.6679802955665026,1.7640394088669953
4811115,6.0,643,5,4,440,14,31.428571428571427,99.00394713085299,310.0386724424174,1.1095454545454546,1.1063636363636364,1.1168181818181817
4824328,6.0,688,3,2,512,23,22.26086956521739,9.000676413584358,61.66935873828307,3.035546875,3.0275390625,3.082421875
4861227,6.0,710,9,8,291,20,14.55,25.09602834079577,139.0830581309527,1.0556701030927835,1.0041237113402062,1.1254295532646048
4861687,6.0,746,6,6,520,21,24.761904761904763,47.735334428132205,197.2613393857866,2.929615384615385,2.0517307692307694,3.1482692307692304
4862222,6.0,670,4,3,506,48,10.541666666666666,13.406613997829298,145.02165741336287,8.281620553359684,8.245059288537549,8.289525691699605
4862380,6.0,660,3,2,585,23,25.434782608695652,22.836264054420074,129.63437424861814,5.3765811965811965,5.365470085470085,5.383076923076923
4865550,6.0,642,4,3,521,30,17.366666666666667,18.536948400565482,143.50126952941216,5.736276391554703,5.722072936660268,5.7838771593090215
4865558,6.0,649,5,4,494,34,14.529411764705882,22.3726992945249,171.91247616025066,5.885627530364372,5.854251012145749,5.885627530364372
4912927,6.0,674,2,1,637,59,10.796610169491526,9.86474274085398,119.3391286800846,8.361381475667189,6.129984301412873,9.931554160125588
4915833,6.0,675,4,3,527,27,19.51851851851852,23.091398620800053,143.54369808044004,2.5833017077798863,2.5753320683111953,2.6100569259962048
4940890,6.0,683,3,2,589,36,16.36111111111111,12.622020784295662,115.36249656929085,7.833616298811545,7.647028862478778,7.849066213921902
5244934,6.0,656,6,6,405,19,21.31578947368421,7.174658499553728,39.49536132749356,3.251358024691358,3.24641975308642,3.255308641975309
5351422,6.0,654,4,4,502,17,29.529411764705884,48.66195277368867,227.11790945873494,2.9286852589641437,2.7322709163346612,3.1747011952191238
5477477,6.0,678,2,1,645,39,16.53846153846154,28.58754046702326,243.18547013814825,7.826666666666666,7.81937984496124,7.843255813953488
5499001,6.0,670,4,3,557,54,10.314814814814815,18.372669735918894,195.37414296015018,8.012926391382406,7.937342908438062,8.061041292639139
5503058,6.0,916,5,5,724,24,30.166666666666668,11.913004700276822,36.94368727182045,5.690469613259668,5.6506906077348065,6.009944751381215
5503168,6.0,695,6,5,467,30,15.566666666666666,3.072852099194006,21.925793402410992,5.2331905781584585,5.202783725910064,5.235974304068522
5503359,6.0,716,4,5,520,22,23.636363636363637,19.39886992324027,120.23658319562163,5.588076923076923,4.7682692307692305,5.6928846153846155
5540718,6.0,663,5,6,354,12,29.5,41.89806553168985,147.76117573306982,2.768361581920904,2.762429378531073,2.785310734463277
5540722,6.0,691,5,4,502,14,35.857142857142854,51.223052243004105,158.5600761037534,2.95398406374502,2.9125498007968127,2.9673306772908363
5540733,6.0,641,8,7,363,28,12.964285714285714,8.399756239479176,62.0970300611909,3.340495867768595,3.185123966942149,4.043526170798898
5540847,6.0,869,6,6,593,26,22.807692307692307,13.72401597316911,93.54647989865454,4.836256323777403,4.781956155143338,4.849578414839798
5547018,6.0,649,4,3,478,18,26.555555555555557,31.74113346113518,189.99425507937917,2.05836820083682,2.0403765690376567,2.064853556485356
5565253,6.0,670,4,4,485,15,32.333333333333336,18.206018262743367,49.091130680860644,1.9230927835051548,1.9094845360824744,2.008659793814433
5615881,6.0,1051,5,4,637,25,25.48,41.06444437700937,177.46114291390518,2.1766091051805336,2.1122448979591835,2.2527472527472527
5615968,6.0,642,4,3,481,18,26.72222222222222,29.9322395874002,169.10611907745945,2.543659043659044,2.334511434511435,2.966320166320166
5615986,6.0,685,6,5,485,26,18.653846153846153,13.95523606941863,67.24621459657645,4.715876288659794,2.9690721649484537,4.834639175257732
5615988,6.0,671,5,4,505,23,21.956521739130434,16.91804304256469,91.41158574994569,4.601584158415842,4.552475247524752,4.844356435643564
5616015,6.0,657,2,1,621,29,21.413793103448278,27.28146540647622,164.7084787312849,7.822222222222223,7.7038647342995175,7.828341384863124
5633515,6.0,663,6,7,370,23,16.08695652173913,6.437119864124686,33.8490037363425,4.52972972972973,4.3735135135135135,4.5427027027027025
5692189,6.0,1527,6,5,533,23,23.17391304347826,20.6908258956399,131.69046144318256,4.7133208255159476,4.712195121951219,4.723452157598499
5705278,6.0,643,8,7,347,19,18.263157894736842,30.073614933625716,112.38566692615245,2.153314121037464,2.144956772334294,2.1873198847262247
5705752,6.0,682,7,6,438,38,11.526315789473685,13.702264928903814,98.76789805201139,4.880365296803653,4.102054794520548,5.055022831050228
5706077,6.0,656,4,4,477,16,29.8125,37.136245183816,223.57240681500932,3.736687631027254,3.6899371069182387,3.7442348008385746
5706137,6.0,737,9,9,337,23,14.652173913043478,6.7390033861440815,50.46937060874386,2.8845697329376856,2.874183976261128,2.900593471810089
5715345,6.0,923,5,4,487,21,23.19047619047619,24.85513084984416,119.59506752200276,2.5186858316221765,2.452772073921971,2.9435318275154003
5771585,6.0,720,6,5,505,20,25.25,34.71034269116866,151.96111876873056,2.0277227722772277,1.8584158415841585,3.7768316831683166
5771621,6.0,675,6,5,471,31,15.193548387096774,6.741246640423743,45.66952532733227,5.932484076433121,5.898513800424628,5.989596602972399
5772092,6.0,729,8,7,376,24,15.666666666666666,14.191427337810222,59.071620866282,2.7648936170212766,2.7635638297872336,2.822872340425532
5772102,6.0,725,4,4,557,16,34.8125,23.760752491034445,115.39730194352978,3.8976660682226214,3.832675044883304,3.918132854578097
5772192,6.0,706,5,5,492,31,15.870967741935484,5.475750948881814,38.60744804999673,4.915650406504065,4.826422764227642,5.669715447154472
5874746,6.0,729,5,4,509,16,31.8125,12.315912801532724,47.8014824453522,3.4952848722986247,3.468565815324165,3.5320235756385068
5874767,6.0,1278,8,7,490,25,19.6,7.3880961117410315,35.20343691134892,3.879591836734694,3.266122448979592,4.064897959183673
5874769,6.0,649,6,7,306,15,20.4,9.52647350541158,36.835772516059,2.503921568627451,2.4872549019607844,2.5094771241830065
5874787,6.0,1064,7,7,382,24,15.916666666666666,7.027258914390152,38.30585518260722,4.152879581151833,4.0890052356020945,4.189005235602094
5875173,6.0,712,5,5,459,16,28.6875,4.962533559086359,41.840822817736495,3.3858387799564267,2.812418300653595,3.3873638344226578
5882173,6.0,665,7,7,347,16,21.6875,29.857243022736743,145.4228513306255,1.739193083573487,1.6899135446685878,1.755907780979827
5969330,6.0,721,6,6,465,28,16.607142857142858,14.429564514219878,96.57806043837148,4.31741935483871,2.57010752688172,4.329677419354838
5969331,6.0,706,7,6,437,27,16.185185185185187,9.703262440537584,60.30777408801243,3.5990846681922197,3.1462242562929066,3.6004576659038903
5969362,6.0,672,4,4,474,28,16.928571428571427,10.60463036823759,77.4130207603563,6.993881856540084,6.978059071729958,7.042405063291139
6058407,6.0,696,6,5,490,29,16.896551724137932,18.77608422616189,143.88210676915762,5.680204081632653,5.644489795918368,5.739387755102041
6062407,6.0,666,6,5,431,17,25.352941176470587,24.956888523885457,119.39236451416485,2.905336426914153,2.9006960556844548,2.9322505800464036
6109129,6.0,721,4,3,585,28,20.892857142857142,36.897216544376796,193.77632253759214,5.814358974358974,5.735555555555556,5.845470085470085
6148097,6.0,725,7,8,335,23,14.565217391304348,14.479393469332177,80.88399100410035,2.64,2.611641791044776,2.676716417910448
6148143,6.0,677,2,1,645,35,18.428571428571427,8.36169269855108,75.00765872003018,8.352868217054263,8.251627906976745,8.512558139534883
6148208,6.0,646,6,5,437,25,17.48,9.825369744248578,84.09255863634708,4.424713958810068,3.2750572082379863,4.490617848970252
6190357,6.0,710,5,5,444,20,22.2,14.0178792713767,83.60482573197524,2.316891891891892,2.3155405405405403,2.3432432432432435
6193396,6.0,658,5,5,408,24,17.0,4.381499828639213,23.368577927109808,2.1575980392156864,2.139460784313725,2.359558823529412
6193436,6.0,666,5,5,462,13,35.53846153846154,5.301615248404486,26.496865141308326,2.737012987012987,1.6913419913419914,2.9261904761904765
4216956,7.0,910,6,5,545,24,22.708333333333332,22.03812441412114,93.31728677634308,3.2524770642201832,2.296697247706422,3.3636697247706424
4272243,7.0,646,3,2,564,49,11.510204081632653,11.458636826226105,93.04707064254478,7.569326241134752,6.870390070921986,7.745212765957447
4344977,7.0,1187,6,5,508,26,19.53846153846154,20.24500562548746,137.85039372212617,3.4368110236220475,3.4206692913385828,4.112992125984253
4350946,7.0,690,5,5,432,24,18.0,10.108880340246234,41.86590745554845,2.316898148148148,2.3131944444444446,2.3252314814814814
4351935,7.0,775,2,1,719,24,29.958333333333332,14.200746508954458,81.08535963788356,6.963143254520167,5.289012517385258,7.160361613351878
4352377,7.0,716,4,3,586,23,25.47826086956522,13.84529934520875,70.28520570749448,5.630204778156997,5.547269624573379,5.6470989761092145
4358853,7.0,666,2,1,614,26,23.615384615384617,14.66644353479809,76.66029519753748,8.335830618892508,8.056188925081432,8.555048859934853
4359232,7.0,681,4,3,575,39,14.743589743589743,8.026162717057357,36.34629879620176,6.800521739130435,6.647304347826086,6.828521739130435
4370045,7.0,720,3,2,620,25,24.8,35.83170188022936,182.50508759165277,6.421129032258064,6.305806451612903,6.499032258064516
4389353,7.0,650,5,4,492,32,15.375,25.324396780358146,110.44889352066262,6.144715447154471,6.011991869918699,6.161991869918698
4389414,7.0,645,3,4,469,17,27.58823529411765,35.09893082310312,109.85397455854302,4.660767590618337,4.658848614072495,4.705756929637527
4392729,7.0,652,3,2,586,16,36.625,33.6737805696211,156.2212453063017,4.642832764505119,3.987201365187713,4.726450511945393
4393045,7.0,936,6,5,503,26,19.346153846153847,16.07805797449928,73.60864461102814,4.26182902584493,3.50596421471173,4.501391650099404
4440451,7.0,657,1,0,657,40,16.425,28.289052888284527,161.67819185104506,7.331202435312025,5.687062404870624,7.412633181126332
4443744,7.0,710,2,1,659,26,25.346153846153847,38.78327569735735,189.95806991262518,6.7402124430956,6.683156297420333,7.2611532625189685
4448887,7.0,666,5,5,427,14,30.5,45.14206912696209,185.3895392247151,1.1210772833723652,1.02903981264637,1.6660421545667448
4469551,7.0,670,5,4,530,27,19.62962962962963,30.952642784447427,164.16036081805584,5.045849056603774,4.6949056603773585,5.064150943396227
4472905,7.0,816,5,4,460,21,21.904761904761905,14.562999182936023,61.57281177117503,3.9165217391304346,3.876521739130435,4.033913043478261
4473229,7.0,673,3,3,499,18,27.72222222222222,22.279417535332062,126.7825436904558,3.990981963927856,3.7773547094188378,4.618036072144289
4481970,7.0,642,3,2,569,23,24.73913043478261,20.25632378314607,136.25143291939122,5.495957820738137,5.441124780316344,5.767838312829526
4482888,7.0,647,1,1,615,60,10.25,4.169468908238015,27.118864077973765,10.47479674796748,9.923252032520326,10.96048780487805
4487550,7.0,653,4,3,471,19,24.789473684210527,20.372487193514317,90.75959473360109,4.37728237791932,4.354352441613588,4.389384288747347
4487946,7.0,710,2,1,280,19,14.736842105263158,10.776377817821626,45.65933703738371,6.363214285714286,6.330357142857143,6.402142857142857
4504164,7.0,649,3,2,577,18,32.05555555555556,18.922492073461633,80.64083550286294,4.420277296360485,4.382322357019064,5.105719237435009
4527487,7.0,671,4,3,553,13,42.53846153846154,11.231444428822934,41.49559270361128,2.589330922242315,2.517721518987342,2.599638336347197
4544584,7.0,672,4,3,530,31,17.096774193548388,31.236907013808658,159.41428818021492,5.211698113207547,5.149811320754718,5.551320754716981
4547202,7.0,696,7,7,322,18,17.88888888888889,8.250997714118025,34.41937133463979,2.477639751552795,2.4559006211180123,2.48944099378882
4559519,7.0,991,4,3,563,19,29.63157894736842,31.06980780796657,125.79651937483169,4.803730017761989,3.9301953818827706,4.82202486678508
4575701,7.0,700,3,2,625,42,14.880952380952381,15.821573074847631,121.38300353161314,7.677919999999999,7.03056,7.7432
4579744,7.0,678,5,4,521,16,32.5625,35.904929533614016,157.97818010250637,2.7143953934740885,2.429750479846449,3.1241842610364685
4605892,7.0,678,6,6,459,15,30.6,4.900109469813402,12.931846006928058,2.16797385620915,2.1657952069716777,2.1941176470588237
4668185,7.0,641,6,6,398,25,15.92,16.287235611015376,140.17351864157575,4.358793969849246,4.0758793969849245,5.0
4705097,7.0,659,4,4,439,23,19.08695652173913,20.633772919743432,80.1807226255203,6.409567198177677,6.382004555808655,6.41503416856492
4724133,7.0,650,4,3,530,31,17.096774193548388,22.990300012984527,127.6212774180649,6.933018867924528,6.903207547169811,6.953773584905661
4749525,7.0,805,4,3,483,29,16.655172413793103,16.03618237740128,110.04377901849853,6.767287784679088,6.661904761904761,6.784679089026915
4754626,7.0,1144,5,4,496,20,24.8,29.94374105857934,135.41394900589432,4.331854838709678,4.142741935483872,4.38649193548387
4754956,7.0,647,5,5,464,23,20.17391304347826,22.8777529214315,120.16817453421268,2.975862068965517,2.859051724137931,3.623060344827586
4775763,7.0,718,9,8,353,32,11.03125,5.874030434512152,23.823062258517922,3.5450424929178475,3.2813031161473085,3.6252124645892354
4785421,7.0,773,4,5,438,20,21.9,14.321323216526306,65.43550013037633,2.5228310502283104,2.51324200913242,2.5518264840182647
4789937,7.0,678,5,6,455,27,16.85185185185185,15.168815588706291,94.14213728849408,2.29978021978022,2.250989010989011,2.3641758241758244
4792515,7.0,705,6,7,406,21,19.333333333333332,6.729936708253259,28.645032584576985,1.853448275862069,1.7783251231527093,1.8746305418719211
4811115,7.0,643,5,4,440,13,33.84615384615385,99.43438188819437,310.0386724424174,1.1702272727272727,1.1463636363636363,1.2129545454545456
4824328,7.0,688,3,2,512,21,24.38095238095238,10.158851203139116,61.66935873828307,5.2611328125,3.587109375,6.11015625
4861227,7.0,710,9,8,291,20,14.55,25.09602834079577,139.0830581309527,2.1323024054982818,1.963230240549828,2.142955326460481
4861687,7.0,746,6,6,520,19,27.36842105263158,50.094410178778176,197.2613393857866,3.003461538461538,2.9924999999999997,3.073653846153846
4862222,7.0,670,4,3,506,47,10.76595744680851,13.451288363917886,145.02165741336287,3.722924901185771,3.7138339920948615,4.320750988142293
4862380,7.0,660,3,2,585,22,26.59090909090909,22.88644070883635,129.63437424861814,2.4442735042735046,2.443760683760684,2.4788034188034187
4865550,7.0,642,4,3,521,28,18.607142857142858,18.705298259425422,143.50126952941216,2.712476007677543,2.6013435700575815,2.7641074856046064
4865558,7.0,649,5,4,494,31,15.935483870967742,23.847119783921027,171.91247616025066,2.6682186234817813,2.6550607287449393,2.701012145748988
4912927,7.0,674,2,1,637,55,11.581818181818182,10.012914054199195,119.3391286800846,4.932967032967033,4.916326530612245,5.119937205651492
4915833,7.0,675,4,3,527,23,22.91304347826087,23.760870502341508,143.54369808044004,2.5316888045540797,2.5075901328273247,2.544781783681214
4940890,7.0,683,3,2,589,31,19.0,13.781758076581328,115.36249656929085,3.8845500848896433,3.7023769100169774,4.371646859083192
5244934,7.0,656,6,6,405,19,21.31578947368421,7.174658499553728,39.49536132749356,3.1911111111111112,3.1896296296296294,3.263950617283951
5351422,7.0,654,4,4,502,15,33.46666666666667,49.23575362883704,227.11790945873494,2.402788844621514,2.399402390438247,2.6300796812749003
5477477,7.0,678,2,1,645,37,17.43243243243243,28.7091493824729,243.18547013814825,7.45922480620155,7.299689922480621,7.643720930232558
5499001,7.0,670,4,3,557,49,11.36734693877551,19.0657995066824,195.37414296015018,7.6755834829443454,6.859066427289049,7.7543985637342905
5503058,7.0,916,5,5,724,21,34.476190476190474,14.861599112597244,67.95779932480154,5.371823204419889,5.0444751381215465,5.4622928176795575
5503168,7.0,695,6,5,467,22,21.227272727272727,5.226724663959276,26.69759066349933,3.462526766595289,2.476017130620985,3.6276231263383294
5503359,7.0,716,4,5,520,21,24.761904761904763,19.85077572891998,120.23658319562163,5.408653846153846,5.3025,5.450384615384615
5540718,7.0,663,5,6,354,12,29.5,41.89806553168985,147.76117573306982,2.7502824858757062,2.725423728813559,2.7516949152542374
5540722,7.0,691,5,4,502,13,38.61538461538461,51.593487047934396,158.5600761037534,2.6675298804780874,2.6496015936254977,2.7031872509960158
5540733,7.0,641,8,7,363,27,13.444444444444445,9.099320362358627,62.0970300611909,1.9479338842975207,1.940771349862259,3.293939393939394
5540847,7.0,869,6,6,593,24,24.708333333333332,14.412629675516158,93.54647989865454,4.079089376053963,3.9507588532883644,4.595784148397977
5547018,7.0,649,4,3,478,18,26.555555555555557,31.74113346113518,189.99425507937917,4.001673640167364,3.467573221757322,4.4046025104602515
5565253,7.0,670,4,4,485,15,32.333333333333336,18.206018262743367,49.091130680860644,3.9762886597938145,3.9729896907216498,4.083505154639175
5615881,7.0,1051,5,4,637,24,26.541666666666668,41.6477047103855,177.46114291390518,4.3323390894819465,4.070015698587127,4.3686028257456835
5615968,7.0,642,4,3,481,17,28.294117647058822,35.180312551697234,224.48721220483907,4.444906444906445,3.576715176715177,4.538461538461538
5615986,7.0,685,6,5,485,26,18.653846153846153,13.95523606941863,67.24621459657645,5.0901030927835045,4.675051546391753,5.198350515463917
5615988,7.0,671,5,4,505,23,21.956521739130434,16.91804304256469,91.41158574994569,2.4754455445544554,2.175643564356436,3.2730693069306933
5616015,7.0,657,2,1,621,29,21.413793103448278,27.28146540647622,164.7084787312849,3.92061191626409,3.713848631239936,4.198228663446055
5633515,7.0,663,6,7,370,18,20.555555555555557,9.183177325271958,50.768519455943014,2.9494594594594594,2.708918918918919,3.00027027027027
5692189,7.0,1527,6,5,533,20,26.65,33.94668943200833,131.69046144318256,2.946341463414634,2.6356472795497186,3.5660412757973736
5705278,7.0,643,8,7,347,19,18.263157894736842,30.073614933625716,112.38566692615245,1.9919308357348704,1.9501440922190203,2.0694524495677236
5705752,7.0,682,7,6,438,31,14.129032258064516,18.190341169443776,98.76789805201139,4.454566210045662,4.034931506849315,4.480136986301369
5706077,7.0,656,4,4,477,16,29.8125,37.136245183816,223.57240681500932,3.750524109014675,3.7226415094339624,3.7654088050314463
5706137,7.0,737,9,9,337,21,16.047619047619047,7.02532501231429,50.46937060874386,2.701780415430267,2.680415430267062,2.747181008902077
5715345,7.0,923,5,4,487,19,25.63157894736842,25.225849057860625,119.59506752200276,3.0032854209445583,2.807802874743327,3.0700205338809035
5771585,7.0,720,6,5,505,15,33.666666666666664,43.4451731949072,151.96111876873056,2.854059405940594,2.83029702970297,2.8879207920792083
5771621,7.0,675,6,5,471,29,16.24137931034483,6.901489621438351,45.66952532733227,4.940127388535032,4.057749469214437,5.604246284501062
5772092,7.0,729,8,7,376,22,17.09090909090909,14.911713494603559,59.071620866282,3.019148936170213,2.9414893617021276,3.0614361702127657
5772102,7.0,725,4,4,557,13,42.84615384615385,42.73488007892381,188.9967159712496,2.9452423698384202,2.8701974865350093,3.012926391382406
5772192,7.0,706,5,5,492,30,16.4,5.517848376327108,38.60744804999673,3.1321138211382116,2.809756097560976,4.909959349593495
5874746,7.0,729,5,4,509,15,33.93333333333333,15.578443022386303,60.88658011577052,1.5785854616895874,1.5210216110019648,1.9726915520628685
5874767,7.0,1278,8,7,490,25,19.6,7.3880961117410315,35.20343691134892,3.546326530612245,3.32469387755102,4.069591836734694
5874769,7.0,649,6,7,306,15,20.4,9.52647350541158,36.835772516059,2.397712418300654,1.5673202614379085,2.4369281045751636
5874787,7.0,1064,7,7,382,22,17.363636363636363,9.873515152009606,38.30585518260722,3.402094240837696,3.36413612565445,3.4638743455497383
5875173,7.0,712,5,5,459,13,35.30769230769231,6.391649816259144,41.840822817736495,2.6971677559912854,2.684967320261438,2.7111111111111112
5882173,7.0,665,7,7,347,16,21.6875,29.857243022736743,145.4228513306255,1.718155619596542,1.7115273775216138,1.7360230547550433
5969330,7.0,721,6,6,465,27,17.22222222222222,14.487608792319524,96.57806043837148,3.5408602150537636,3.324731182795699,4.242365591397849
5969331,7.0,706,7,6,437,25,17.48,14.51307571367166,87.40361500830508,4.373455377574371,4.326086956521739,4.383752860411899
5969362,7.0,672,4,4,474,28,16.928571428571427,10.60463036823759,77.4130207603563,6.163924050632911,5.982489451476793,6.469831223628692
6058407,7.0,696,6,5,490,28,17.5,18.838501164122814,143.88210676915762,5.2785714285714285,4.383673469387755,5.292244897959184
6062407,7.0,666,6,5,431,16,26.9375,25.281633897929026,119.39236451416485,1.334106728538283,1.328074245939675,1.363109048723898
6109129,7.0,721,4,3,585,25,23.4,39.13179628437811,193.77632253759214,2.5314529914529915,2.4410256410256412,2.542393162393162
6148097,7.0,725,7,8,335,22,15.227272727272727,14.53832533415214,80.88399100410035,3.113134328358209,2.1782089552238806,3.1859701492537313
6148143,7.0,677,2,1,645,31,20.806451612903224,11.114365555075347,104.78033012088255,8.19906976744186,7.626046511627908,8.208837209302326
6148208,7.0,646,6,5,437,23,19.0,10.508545747050375,84.09255863634708,4.081464530892449,4.056979405034325,4.113272311212815
6190357,7.0,710,5,5,444,19,23.36842105263158,30.805041991213226,164.85803481464382,4.492792792792793,4.377252252252252,4.506756756756757
6193396,7.0,658,5,5,408,23,17.73913043478261,4.709526673502735,23.368577927109808,4.591666666666667,4.512009803921569,4.596323529411765
6193436,7.0,666,5,5,462,12,38.5,5.351258035484552,26.496865141308326,2.9989177489177488,2.9393939393939394,3.001298701298701
4216956,7.5,910,6,5,545,23,23.695652173913043,22.134105925389843,93.31728677634308,4.371009174311927,4.3311926605504585,4.4111926605504586
4272243,7.5,646,3,2,564,49,11.510204081632653,11.458636826226105,93.04707064254478,7.68936170212766,7.57322695035461,7.799113475177305
4344977,7.5,1187,6,5,508,25,20.32,23.131187521373125,137.85039372212617,4.362401574803149,4.3440944881889765,4.3814960629921265
4350946,7.5,690,5,5,432,24,18.0,10.108880340246234,41.86590745554845,5.037268518518518,4.003935185185186,5.124768518518518
4351935,7.5,775,2,1,719,22,32.68181818181818,19.88547327203665,81.08535963788356,5.813908205841447,5.34923504867872,5.823922114047288
4352377,7.5,716,4,3,586,17,34.470588235294116,19.21233267292614,112.30252843338954,4.718088737201366,4.717576791808874,4.723378839590444
4358853,7.5,666,2,1,614,22,27.90909090909091,15.475388664441127,76.66029519753748,7.220195439739413,6.724104234527688,7.235179153094462
4359232,7.5,681,4,3,575,39,14.743589743589743,8.026162717057357,36.34629879620176,6.120347826086956,5.847478260869566,6.285217391304347
4370045,7.5,720,3,2,620,25,24.8,35.83170188022936,182.50508759165277,6.297580645161291,5.456290322580645,6.333387096774193
4389353,7.5,650,5,4,492,32,15.375,25.324396780358146,110.44889352066262,4.774186991869919,4.683333333333333,5.5806910569105685
4389414,7.5,645,3,4,469,16,29.3125,33.818326163527175,109.85397455854302,4.020042643923241,3.6309168443496804,4.316204690831556
4392729,7.5,652,3,2,586,16,36.625,33.6737805696211,156.2212453063017,4.690273037542662,4.646757679180888,4.69061433447099
4393045,7.5,936,6,5,503,24,20.958333333333332,15.591697215971056,73.60864461102814,3.1636182902584493,2.262226640159046,3.295029821073559
4440451,7.5,657,1,0,657,40,16.425,28.289052888284527,161.67819185104506,8.801369863013699,8.189954337899543,9.01628614916286
4443744,7.5,710,2,1,659,23,28.652173913043477,55.49662967616001,254.62730069966045,6.737329286798179,6.350379362670712,6.800758725341426
4448887,7.5,666,5,5,427,14,30.5,45.14206912696209,185.3895392247151,2.043793911007026,1.9594847775175646,2.4351288056206086
4469551,7.5,670,5,4,530,26,20.384615384615383,31.031534102400144,164.16036081805584,5.257547169811321,4.26622641509434,5.262452830188679
4472905,7.5,816,5,4,460,21,21.904761904761905,14.562999182936023,61.57281177117503,3.8471739130434783,3.2856521739130438,3.9756521739130433
4473229,7.5,673,3,3,499,18,27.72222222222222,22.279417535332062,126.7825436904558,4.629659318637274,3.80561122244489,4.642885771543087
4481970,7.5,642,3,2,569,23,24.73913043478261,20.25632378314607,136.25143291939122,5.539191564147628,5.330579964850615,5.792091388400703
4482888,7.5,647,1,1,615,59,10.423728813559322,4.295947521847419,27.118864077973765,9.646341463414634,9.034634146341464,10.044065040650407
4487550,7.5,653,4,3,471,19,24.789473684210527,20.372487193514317,90.75959473360109,2.4116772823779193,1.9445859872611464,3.963057324840764
4487946,7.5,710,2,1,280,19,14.736842105263158,10.776377817821626,45.65933703738371,2.890357142857143,2.7489285714285714,2.938214285714286
4504164,7.5,649,3,2,577,15,38.46666666666667,32.69759252988769,165.00350803925514,2.1298093587521665,2.1145580589254767,2.1856152512998266
4527487,7.5,671,4,3,553,12,46.083333333333336,11.356806209390715,41.49559270361128,1.135623869801085,1.1318264014466546,1.139240506329114
4544584,7.5,672,4,3,530,25,21.2,34.954702787772035,159.41428818021492,4.955849056603774,4.452264150943396,5.328490566037735
4547202,7.5,696,7,7,322,18,17.88888888888889,8.250997714118025,34.41937133463979,1.5611801242236025,1.531055900621118,1.7670807453416149
4559519,7.5,991,4,3,563,18,31.27777777777778,32.33593893231713,125.79651937483169,2.3087033747779753,2.29449378330373,2.329307282415631
4575701,7.5,700,3,2,625,41,15.24390243902439,15.869244036064178,121.38300353161314,6.8548800000000005,6.6384,7.70352
4579744,7.5,678,5,4,521,16,32.5625,35.904929533614016,157.97818010250637,3.1136276391554705,3.1021113243761995,3.2092130518234163
4605892,7.5,678,6,6,459,15,30.6,4.900109469813402,12.931846006928058,2.007843137254902,1.7128540305010895,2.1821350762527234
4668185,7.5,641,6,6,398,25,15.92,16.287235611015376,140.17351864157575,5.043718592964824,4.399246231155779,5.101507537688442
4705097,7.5,659,4,4,439,23,19.08695652173913,20.633772919743432,80.1807226255203,6.355353075170843,6.2027334851936216,6.394533029612756
4724133,7.5,650,4,3,530,29,18.275862068965516,28.092763111705004,255.05940904783486,3.480188679245283,3.3969811320754717,4.446037735849057
4749525,7.5,805,4,3,483,27,17.88888888888889,20.822326889034734,110.04377901849853,3.3250517598343685,3.3101449275362316,5.305797101449275
4754626,7.5,1144,5,4,496,20,24.8,29.94374105857934,135.41394900589432,4.474193548387096,4.410483870967742,4.495362903225806
4754956,7.5,647,5,5,464,23,20.17391304347826,22.8777529214315,120.16817453421268,3.9648706896551724,3.9439655172413794,3.9913793103448274
4775763,7.5,718,9,8,353,31,11.387096774193548,6.099205397655747,23.823062258517922,3.8042492917847026,3.765722379603399,3.8280453257790366
4785421,7.5,773,4,5,438,20,21.9,14.321323216526306,65.43550013037633,5.430821917808219,5.255251141552512,5.435159817351598
4789937,7.5,678,5,6,455,26,17.5,15.893065316491212,94.14213728849408,4.697582417582418,4.594285714285714,4.703076923076924
4792515,7.5,705,6,7,406,21,19.333333333333332,6.729936708253259,28.645032584576985,2.8379310344827586,2.8302955665024627,3.3399014778325125
4811115,7.5,643,5,4,440,13,33.84615384615385,99.43438188819437,310.0386724424174,2.3731818181818185,2.3670454545454547,2.376590909090909
4824328,7.5,688,3,2,512,20,25.6,10.277882903655593,61.66935873828307,5.93671875,4.9939453125,5.9919921875
4861227,7.5,710,9,8,291,20,14.55,25.09602834079577,139.0830581309527,2.1646048109965634,2.1604810996563577,2.1752577319587627
4861687,7.5,746,6,6,520,18,28.88888888888889,51.589912735908165,197.2613393857866,2.190769230769231,2.1536538461538464,2.326923076923077
4862222,7.5,670,4,3,506,46,11.0,13.60961503569342,145.02165741336287,8.0,6.8612648221343875,8.106521739130434
4862380,7.5,660,3,2,585,22,26.59090909090909,22.88644070883635,129.63437424861814,4.402564102564103,4.326666666666666,5.248547008547009
4865550,7.5,642,4,3,521,28,18.607142857142858,18.705298259425422,143.50126952941216,5.595009596928983,5.5322456813819585,5.606525911708253
4865558,7.5,649,5,4,494,31,15.935483870967742,23.847119783921027,171.91247616025066,5.3500000000000005,5.109514170040486,5.46497975708502
4912927,7.5,674,2,1,637,53,12.018867924528301,10.136069224074259,119.3391286800846,9.716169544740973,8.855729984301414,9.809262166405023
4915833,7.5,675,4,3,527,23,22.91304347826087,23.760870502341508,143.54369808044004,5.278937381404175,5.275901328273245,5.310815939278938
4940890,7.5,683,3,2,589,30,19.633333333333333,14.159646881764685,115.36249656929085,7.073344651952461,6.341086587436333,7.230220713073006
5244934,7.5,656,6,6,405,17,23.823529411764707,8.11312352760344,28.451720241862287,2.4560493827160497,2.2306172839506173,2.4614814814814814
5351422,7.5,654,4,4,502,15,33.46666666666667,49.23575362883704,227.11790945873494,2.512749003984064,2.4711155378486054,2.760956175298805
5477477,7.5,678,2,1,645,35,18.428571428571427,29.043371533564923,243.18547013814825,7.622480620155039,7.616434108527132,7.625891472868217
5499001,7.5,670,4,3,557,49,11.36734693877551,19.0657995066824,195.37414296015018,6.548114901256733,6.426750448833034,6.653500897666068
5503058,7.5,916,5,5,724,20,36.2,20.98819512050766,160.4617423918488,5.367403314917127,5.2285911602209945,5.381629834254144
5503168,7.5,695,6,5,467,21,22.238095238095237,6.519271018026205,26.908735247549302,3.4573875802997858,3.446252676659529,3.4738758029978585
5503359,7.5,716,4,5,520,20,26.0,19.908750347288166,120.23658319562163,5.158461538461538,5.119230769230769,5.2682692307692305
5540718,7.5,663,5,6,354,12,29.5,41.89806553168985,147.76117573306982,1.310734463276836,1.2675141242937853,1.3245762711864406
5540722,7.5,691,5,4,502,13,38.61538461538461,51.593487047934396,158.5600761037534,2.6703187250996017,2.6665338645418326,2.706772908366534
5540733,7.5,641,8,7,363,24,15.125,10.02928317822827,62.0970300611909,2.809090909090909,2.78732782369146,3.056198347107438
5540847,7.5,869,6,6,593,22,26.954545454545453,14.729594912362137,93.54647989865454,4.508431703204047,4.487858347386172,4.513490725126475
5547018,7.5,649,4,3,478,16,29.875,34.47087596422976,189.99425507937917,3.905857740585774,3.0658995815899583,3.9152719665271967
5565253,7.5,670,4,4,485,14,34.642857142857146,18.315430855748907,49.091130680860644,3.9604123711340207,3.9424742268041237,3.9630927835051546
5615881,7.5,1051,5,4,637,24,26.541666666666668,41.6477047103855,177.46114291390518,4.3769230769230765,4.297017268445839,4.383359497645212
5615968,7.5,642,4,3,481,17,28.294117647058822,35.180312551697234,224.48721220483907,4.496881496881497,4.474220374220374,4.523492723492724
5615986,7.5,685,6,5,485,26,18.653846153846153,13.95523606941863,67.24621459657645,5.209072164948454,4.569484536082474,5.233814432989691
5615988,7.5,671,5,4,505,23,21.956521739130434,16.91804304256469,91.41158574994569,5.369108910891089,5.344950495049504,5.400990099009901
5616015,7.5,657,2,1,621,28,22.178571428571427,27.418265305161174,164.7084787312849,7.675845410628019,7.593558776167472,7.681481481481481
5633515,7.5,663,6,7,370,17,21.764705882352942,13.048514090660221,50.768519455943014,3.137027027027027,3.1362162162162166,3.154054054054054
5692189,7.5,1527,6,5,533,20,26.65,33.94668943200833,131.69046144318256,3.8651031894934333,3.8542213883677303,3.871294559099437
5705278,7.5,643,8,7,347,19,18.263157894736842,30.073614933625716,112.38566692615245,2.1671469740634004,1.9780979827089336,2.195677233429395
5705752,7.5,682,7,6,438,30,14.6,18.25909634548421,98.76789805201139,4.28744292237443,3.376940639269406,4.427397260273973
5706077,7.5,656,4,4,477,16,29.8125,37.136245183816,223.57240681500932,3.759329140461216,3.752620545073375,3.7670859538784067
5706137,7.5,737,9,9,337,20,16.85,9.053771663345414,50.46937060874386,2.443620178041543,2.396439169139466,2.447774480712166
5715345,7.5,923,5,4,487,19,25.63157894736842,25.225849057860625,119.59506752200276,2.462833675564682,2.37741273100616,2.6897330595482547
5771585,7.5,720,6,5,505,15,33.666666666666664,43.4451731949072,151.96111876873056,2.7465346534653468,2.3512871287128716,2.77029702970297
5771621,7.5,675,6,5,471,28,16.821428571428573,7.3601692239021155,45.66952532733227,5.286836518046709,3.743099787685775,5.532908704883227
5772092,7.5,729,8,7,376,21,17.904761904761905,15.096973929894235,59.071620866282,2.8675531914893617,2.3715425531914893,2.897074468085106
5772102,7.5,725,4,4,557,13,42.84615384615385,42.73488007892381,188.9967159712496,3.038779174147217,3.0307001795332136,3.0470377019748653
5772192,7.5,706,5,5,492,26,18.923076923076923,6.463552640471386,38.60744804999673,5.180284552845528,4.797357723577236,5.199390243902439
5874746,7.5,729,5,4,509,15,33.93333333333333,15.578443022386303,60.88658011577052,2.4218074656188606,2.393909626719057,2.8426326129666015
5874767,7.5,1278,8,7,490,25,19.6,7.3880961117410315,35.20343691134892,4.076122448979592,4.07530612244898,4.1053061224489795
5874769,7.5,649,6,7,306,15,20.4,9.52647350541158,36.835772516059,2.4970588235294118,2.485294117647059,2.541830065359477
5874787,7.5,1064,7,7,382,22,17.363636363636363,9.873515152009606,38.30585518260722,2.725916230366492,2.7256544502617803,3.2730366492146596
5875173,7.5,712,5,5,459,13,35.30769230769231,6.391649816259144,41.840822817736495,2.8261437908496734,2.7834422657952067,2.864488017429194
5882173,7.5,665,7,7,347,16,21.6875,29.857243022736743,145.4228513306255,1.7651296829971181,1.7095100864553316,1.7671469740634007
5969330,7.5,721,6,6,465,24,19.375,14.680321494261733,96.57806043837148,4.180860215053763,4.166881720430108,4.229462365591398
5969331,7.5,706,7,6,437,22,19.863636363636363,14.996216370560756,87.40361500830508,3.9844393592677347,3.9720823798627003,3.9881006864988557
5969362,7.5,672,4,4,474,27,17.555555555555557,10.033125357704023,61.75356635797665,6.822995780590717,6.7740506329113925,6.910337552742616
6058407,7.5,696,6,5,490,22,22.272727272727273,44.62936696553926,143.88210676915762,3.5428571428571427,3.5393877551020405,3.543265306122449
6062407,7.5,666,6,5,431,16,26.9375,25.281633897929026,119.39236451416485,2.7951276102088167,2.7946635730858467,2.8020881670533644
6109129,7.5,721,4,3,585,23,25.434782608695652,40.967773867973634,193.77632253759214,5.1919658119658125,4.575555555555555,5.279829059829059
6148097,7.5,725,7,8,335,22,15.227272727272727,14.53832533415214,80.88399100410035,3.405373134328358,3.3734328358208954,3.424776119402985
6148143,7.5,677,2,1,645,30,21.5,12.391769324369077,104.78033012088255,8.081860465116279,7.3462015503875975,8.086976744186048
6148208,7.5,646,6,5,437,23,19.0,10.508545747050375,84.09255863634708,3.9212814645308924,3.89862700228833,3.952173913043478
6190357,7.5,710,5,5,444,19,23.36842105263158,30.805041991213226,164.85803481464382,4.368918918918919,3.725,4.43018018018018
6193396,7.5,658,5,5,408,20,20.4,5.53855098665124,23.368577927109808,3.8230392156862743,2.8625000000000003,4.155392156862745
6193436,7.5,666,5,5,462,11,42.0,5.566201528533001,26.496865141308326,1.731818181818182,1.5811688311688312,1.7344155844155844
4216956,8.0,910,6,5,545,20,27.25,23.96704776215242,93.31728677634308,3.704954128440367,3.62605504587156,3.7750458715596333
4272243,8.0,646,3,2,564,48,11.75,11.89067942420165,93.04707064254478,7.684397163120567,7.238120567375887,7.968085106382978
4344977,8.0,1187,6,5,508,24,21.166666666666668,23.213109034200098,137.85039372212617,4.431496062992125,4.426377952755906,4.441929133858268
4350946,8.0,690,5,5,432,24,18.0,10.108880340246234,41.86590745554845,5.1157407407407405,5.090509259259259,5.128472222222222
4351935,8.0,775,2,1,719,21,34.23809523809524,20.45699079502033,81.08535963788356,5.872322670375521,5.753407510431154,6.116411682892907
4352377,8.0,716,4,3,586,17,34.470588235294116,19.21233267292614,112.30252843338954,4.687542662116041,4.125085324232082,4.876109215017065
4358853,8.0,666,2,1,614,22,27.90909090909091,15.475388664441127,76.66029519753748,8.145439739413682,8.056351791530945,8.184690553745927
4359232,8.0,681,4,3,575,39,14.743589743589743,8.026162717057357,36.34629879620176,5.7076521739130435,5.6761739130434785,6.286782608695653
4370045,8.0,720,3,2,620,24,25.833333333333332,35.89940408841185,182.50508759165277,6.304516129032258,4.925645161290323,6.374516129032258
4389353,8.0,650,5,4,492,30,16.4,25.730616739762464,110.44889352066262,5.91849593495935,5.9158536585365855,5.921544715447155
4389414,8.0,645,3,4,469,16,29.3125,33.818326163527175,109.85397455854302,4.3159914712153515,4.2959488272921105,4.3194029850746265
4392729,8.0,652,3,2,586,16,36.625,33.6737805696211,156.2212453063017,4.67679180887372,3.747269624573379,4.678839590443686
4393045,8.0,936,6,5,503,21,23.952380952380953,28.030651414518083,124.82472403450998,2.982703777335984,2.951093439363817,2.98727634194831
4440451,8.0,657,1,0,657,38,17.289473684210527,28.384328932836663,161.67819185104506,9.084322678843225,8.888584474885844,9.101522070015221
4443744,8.0,710,2,1,659,23,28.652173913043477,55.49662967616001,254.62730069966045,6.599848254931715,6.344764795144157,6.682397572078907
4448887,8.0,666,5,5,427,14,30.5,45.14206912696209,185.3895392247151,2.2711943793911007,2.1451990632318503,2.3379391100702573
4469551,8.0,670,5,4,530,25,21.2,32.87385811570206,164.16036081805584,5.226415094339623,5.084150943396226,5.251320754716981
4472905,8.0,816,5,4,460,21,21.904761904761905,14.562999182936023,61.57281177117503,3.6543478260869566,2.9108695652173915,3.994782608695652
4473229,8.0,673,3,3,499,17,29.352941176470587,22.38108749026051,126.7825436904558,4.333667334669339,4.030260521042084,4.537675350701403
4481970,8.0,642,3,2,569,22,25.863636363636363,24.725739286581966,156.948225336441,4.111599297012302,4.031985940246045,4.7
4482888,8.0,647,1,1,615,58,10.60344827586207,4.328072859813719,27.118864077973765,7.720325203252033,6.807154471544715,8.766178861788617
4487550,8.0,653,4,3,471,17,27.705882352941178,23.906593467593776,97.03856103058826,2.9845010615711254,2.8518046709129514,3.035244161358811
4487946,8.0,710,2,1,280,16,17.5,36.73778399208648,252.63529775318182,4.617500000000001,4.586785714285714,4.649642857142857
4504164,8.0,649,3,2,577,14,41.214285714285715,94.86482827661052,539.1096773608566,3.6166377816291164,3.6149046793760835,3.632409012131716
4527487,8.0,671,4,3,553,11,50.27272727272727,11.778735309174596,41.49559270361128,1.7582278481012656,1.7524412296564196,1.8417721518987342
4544584,8.0,672,4,3,530,25,21.2,34.954702787772035,159.41428818021492,4.100188679245282,4.0692452830188675,4.145094339622641
4547202,8.0,696,7,7,322,18,17.88888888888889,8.250997714118025,34.41937133463979,1.8922360248447203,1.8614906832298137,1.904968944099379
4559519,8.0,991,4,3,563,18,31.27777777777778,32.33593893231713,125.79651937483169,4.477797513321492,4.433747779751331,4.488809946714031
4575701,8.0,700,3,2,625,38,16.44736842105263,16.377341497951445,121.38300353161314,7.05408,6.982880000000001,7.0712
4579744,8.0,678,5,4,521,16,32.5625,35.904929533614016,157.97818010250637,2.79021113243762,2.5355086372360844,2.7959692898272555
4605892,8.0,678,6,6,459,14,32.785714285714285,5.318442984656118,12.931846006928058,1.8925925925925926,1.8755991285403049,2.0152505446623095
4668185,8.0,641,6,6,398,25,15.92,16.287235611015376,140.17351864157575,4.588190954773869,4.499748743718593,4.609045226130654
4705097,8.0,659,4,4,439,22,19.954545454545453,21.939483652351683,80.1807226255203,5.203644646924829,3.1296127562642373,5.437357630979498
4724133,8.0,650,4,3,530,28,18.928571428571427,28.30046669520781,255.05940904783486,3.207547169811321,3.195471698113207,3.2288679245283016
4749525,8.0,805,4,3,483,27,17.88888888888889,20.822326889034734,110.04377901849853,5.885507246376811,5.827743271221532,5.889026915113872
4754626,8.0,1144,5,4,496,20,24.8,29.94374105857934,135.41394900589432,4.067741935483871,3.822177419354839,4.091733870967742
4754956,8.0,647,5,5,464,22,21.09090909090909,22.954912250928675,120.16817453421268,4.0392241379310345,3.8543103448275864,4.061422413793103
4775763,8.0,718,9,8,353,31,11.387096774193548,6.099205397655747,23.823062258517922,3.7521246458923514,2.9458923512747877,3.8025495750708216
4785421,8.0,773,4,5,438,20,21.9,14.321323216526306,65.43550013037633,3.2052511415525116,3.15662100456621,3.2454337899543377
4789937,8.0,678,5,6,455,26,17.5,15.893065316491212,94.14213728849408,2.3947252747252747,2.3426373626373627,2.416043956043956
4792515,8.0,705,6,7,406,17,23.88235294117647,8.415983413784637,30.39130323118761,3.0066502463054188,1.9852216748768472,3.043103448275862
4811115,8.0,643,5,4,440,13,33.84615384615385,99.43438188819437,310.0386724424174,1.9052272727272725,1.8936363636363638,1.9313636363636362
4824328,8.0,688,3,2,512,20,25.6,10.277882903655593,61.66935873828307,6.2392578125,6.1658203125,6.240234375
4861227,8.0,710,9,8,291,19,15.31578947368421,26.004121994049246,139.0830581309527,2.04192439862543,2.0120274914089347,2.0608247422680415
4861687,8.0,746,6,6,520,18,28.88888888888889,51.589912735908165,197.2613393857866,2.8673076923076923,2.861153846153846,2.8726923076923074
4862222,8.0,670,4,3,506,43,11.767441860465116,14.484159308123706,145.02165741336287,8.11600790513834,7.414624505928854,8.12905138339921
4862380,8.0,660,3,2,585,21,27.857142857142858,22.95607634687093,129.63437424861814,5.258119658119658,5.257948717948718,5.282393162393162
4865550,8.0,642,4,3,521,28,18.607142857142858,18.705298259425422,143.50126952941216,5.462188099808062,4.87063339731286,5.47658349328215
4865558,8.0,649,5,4,494,31,15.935483870967742,23.847119783921027,171.91247616025066,5.1412955465587045,4.280971659919029,5.587246963562753
4912927,8.0,674,2,1,637,51,12.490196078431373,14.412961643875933,189.8969766644513,9.677708006279435,9.6298273155416,9.754945054945054
4915833,8.0,675,4,3,527,22,23.954545454545453,24.30843477870275,143.54369808044004,5.1324478178368125,4.971916508538899,5.1417457305502845
4940890,8.0,683,3,2,589,29,20.310344827586206,14.632779269214044,115.36249656929085,7.054329371816638,7.03106960950764,7.07741935483871
5244934,8.0,656,6,6,405,17,23.823529411764707,8.11312352760344,28.451720241862287,2.771111111111111,2.3950617283950617,2.7930864197530867
5351422,8.0,654,4,4,502,14,35.857142857142854,49.273556637146406,227.11790945873494,3.0422310756972113,3.0302788844621515,3.056772908366534
5477477,8.0,678,2,1,645,34,18.970588235294116,29.118860749544215,243.18547013814825,7.09953488372093,6.13875968992248,7.3096124031007745
5499001,8.0,670,4,3,557,48,11.604166666666666,21.746119908553446,195.37414296015018,7.1795332136445245,6.955116696588869,7.416157989228007
5503058,8.0,916,5,5,724,17,42.588235294117645,30.181349119291436,160.4617423918488,3.905939226519337,3.8754143646408843,3.922237569060773
5503168,8.0,695,6,5,467,20,23.35,7.698054483467435,26.908735247549302,3.0627408993576015,2.439400428265525,3.0728051391862956
5503359,8.0,716,4,5,520,20,26.0,19.908750347288166,120.23658319562163,5.476538461538462,5.468653846153845,5.5125
5540718,8.0,663,5,6,354,12,29.5,41.89806553168985,147.76117573306982,2.140960451977401,2.127683615819209,2.1759887005649716
5540722,8.0,691,5,4,502,13,38.61538461538461,51.593487047934396,158.5600761037534,2.6836653386454183,2.6778884462151393,2.6906374501992034
5540733,8.0,641,8,7,363,23,15.782608695652174,10.289596589507596,62.0970300611909,3.321212121212121,3.2542699724517905,3.4231404958677683
5540847,8.0,869,6,6,593,22,26.954545454545453,14.729594912362137,93.54647989865454,2.222428330522766,2.188026981450253,2.2259696458684655
5547018,8.0,649,4,3,478,16,29.875,34.47087596422976,189.99425507937917,1.9182008368200836,1.9110878661087867,1.998744769874477
5565253,8.0,670,4,4,485,14,34.642857142857146,18.315430855748907,49.091130680860644,1.977319587628866,1.9492783505154638,2.056082474226804
5615881,8.0,1051,5,4,637,23,27.695652173913043,41.68579286861218,177.46114291390518,2.2664050235478808,2.2518053375196234,2.317425431711146
5615968,8.0,642,4,3,481,17,28.294117647058822,35.180312551697234,224.48721220483907,2.301871101871102,2.297089397089397,2.385239085239085
5615986,8.0,685,6,5,485,26,18.653846153846153,13.95523606941863,67.24621459657645,2.617319587628866,2.605979381443299,2.6422680412371133
5615988,8.0,671,5,4,505,21,24.047619047619047,18.711707981206228,91.41158574994569,2.614851485148515,2.6083168316831684,2.6798019801980195
5616015,8.0,657,2,1,621,28,22.178571428571427,27.418265305161174,164.7084787312849,3.959903381642512,3.8840579710144927,3.99549114331723
5633515,8.0,663,6,7,370,17,21.764705882352942,13.048514090660221,50.768519455943014,1.6767567567567567,1.6227027027027026,2.63
5692189,8.0,1527,6,5,533,19,28.05263157894737,40.33359580011561,144.43345498346258,3.072232645403377,2.0951219512195123,3.6108818011257036
5705278,8.0,643,8,7,347,19,18.263157894736842,30.073614933625716,112.38566692615245,1.6210374639769451,1.5922190201729107,1.9184438040345824
5705752,8.0,682,7,6,438,27,16.22222222222222,18.921190881135917,97.70738308327478,4.019178082191781,3.8988584474885846,4.059360730593608
5706077,8.0,656,4,4,477,16,29.8125,37.136245183816,223.57240681500932,1.7662473794549267,1.7566037735849056,1.7784067085953879
5706137,8.0,737,9,9,337,19,17.736842105263158,9.282342011171602,50.46937060874386,0.970919881305638,0.9676557863501485,0.9934718100890209
5715345,8.0,923,5,4,487,19,25.63157894736842,25.225849057860625,119.59506752200276,1.4262833675564681,1.4055441478439425,1.428747433264887
5771585,8.0,720,6,5,505,15,33.666666666666664,43.4451731949072,151.96111876873056,2.08039603960396,1.786930693069307,2.487920792079208
5771621,8.0,675,6,5,471,28,16.821428571428573,7.3601692239021155,45.66952532733227,4.933333333333334,3.928450106157112,5.323354564755839
5772092,8.0,729,8,7,376,21,17.904761904761905,15.096973929894235,59.071620866282,2.8502659574468088,2.8085106382978724,2.8739361702127657
5772102,8.0,725,4,4,557,13,42.84615384615385,42.73488007892381,188.9967159712496,1.3421903052064632,1.3375224416517055,1.4206463195691201
5772192,8.0,706,5,5,492,25,19.68,7.250216898641247,38.60744804999673,4.856910569105691,4.8497967479674795,5.010365853658536
5874746,8.0,729,5,4,509,15,33.93333333333333,15.578443022386303,60.88658011577052,3.1029469548133597,3.0935166994106087,3.1108055009823183
5874767,8.0,1278,8,7,490,25,19.6,7.3880961117410315,35.20343691134892,4.1657142857142855,4.153673469387755,4.178979591836735
5874769,8.0,649,6,7,306,15,20.4,9.52647350541158,36.835772516059,2.5441176470588234,2.511764705882353,2.5444444444444447
5874787,8.0,1064,7,7,382,22,17.363636363636363,9.873515152009606,38.30585518260722,3.4633507853403143,3.4308900523560206,3.479581151832461
5875173,8.0,712,5,5,459,13,35.30769230769231,6.391649816259144,41.840822817736495,2.820261437908497,2.803703703703704,2.8398692810457518
5882173,8.0,665,7,7,347,16,21.6875,29.857243022736743,145.4228513306255,1.7291066282420748,1.7244956772334292,1.7521613832853027
5969330,8.0,721,6,6,465,22,21.136363636363637,14.90950571293503,96.57806043837148,3.339784946236559,3.0761290322580646,3.890537634408602
5969331,8.0,706,7,6,437,22,19.863636363636363,14.996216370560756,87.40361500830508,3.780320366132723,3.754004576659039,3.7871853546910756
5969362,8.0,672,4,4,474,23,20.608695652173914,11.533601761723975,61.75356635797665,6.34704641350211,5.242194092827004,6.427215189873418
6058407,8.0,696,6,5,490,21,23.333333333333332,44.95617288737433,143.88210676915762,3.3728571428571428,3.3283673469387756,3.3755102040816327
6062407,8.0,666,6,5,431,16,26.9375,25.281633897929026,119.39236451416485,2.7438515081206494,2.74199535962877,2.7529002320185616
6109129,8.0,721,4,3,585,23,25.434782608695652,40.967773867973634,193.77632253759214,5.262564102564102,5.218632478632479,5.283247863247863
6148097,8.0,725,7,8,335,22,15.227272727272727,14.53832533415214,80.88399100410035,3.378507462686567,3.3644776119402984,3.3811940298507466
6148143,8.0,677,2,1,645,29,22.24137931034483,12.433242618486245,104.78033012088255,7.974728682170542,7.906821705426356,7.982635658914729
6148208,8.0,646,6,5,437,22,19.863636363636363,10.607113078255816,84.09255863634708,4.11395881006865,4.035697940503432,4.151945080091533
6190357,8.0,710,5,5,444,18,24.666666666666668,32.10544990985558,164.85803481464382,4.496396396396396,4.487837837837838,4.499324324324324
6193396,8.0,658,5,5,408,20,20.4,5.53855098665124,23.368577927109808,3.3600490196078434,3.2762254901960786,3.617156862745098
6193436,8.0,666,5,5,462,10,46.2,6.490767442864789,26.496865141308326,1.4588744588744589,1.4545454545454546,1.4774891774891776
4216956,9.0,910,6,5,545,19,28.68421052631579,24.244866390351877,93.31728677634308,4.094678899082568,4.083302752293578,4.101284403669724
4272243,9.0,646,3,2,564,44,12.818181818181818,12.242016945379042,93.04707064254478,7.412234042553192,7.387234042553191,7.481205673758865
4344977,9.0,1187,6,5,508,23,22.08695652173913,23.38727152705729,137.85039372212617,3.5793307086614172,3.3948818897637794,4.123425196850393
4350946,9.0,690,5,5,432,24,18.0,10.108880340246234,41.86590745554845,5.224768518518518,5.186805555555555,5.226851851851852
4351935,9.0,775,2,1,719,18,39.94444444444444,20.91365485627072,81.08535963788356,6.232127955493741,5.338108484005563,6.415716272600834
4352377,9.0,716,4,3,586,17,34.470588235294116,19.21233267292614,112.30252843338954,4.8530716723549485,4.168771331058021,4.899317406143345
4358853,9.0,666,2,1,614,21,29.238095238095237,15.958856359896394,76.66029519753748,3.7201954397394132,3.707654723127036,4.37557003257329
4359232,9.0,681,4,3,575,37,15.54054054054054,14.823031554396312,124.30625841966206,3.048,3.028695652173913,3.081391304347826
4370045,9.0,720,3,2,620,22,28.181818181818183,38.28757091546919,182.50508759165277,4.2420967741935485,3.075,5.549516129032257
4389353,9.0,650,5,4,492,29,16.96551724137931,25.89239775848982,110.44889352066262,4.526016260162602,4.366666666666667,6.025609756097561
4389414,9.0,645,3,4,469,16,29.3125,33.818326163527175,109.85397455854302,4.456503198294243,4.418123667377398,4.474200426439233
4392729,9.0,652,3,2,586,14,41.857142857142854,44.018018634039485,170.65685727949634,3.6273037542662117,3.6237201365187715,3.6457337883959045
4393045,9.0,936,6,5,503,21,23.952380952380953,28.030651414518083,124.82472403450998,2.6777335984095427,2.4041749502982106,2.9918489065606364
4440451,9.0,657,1,0,657,37,17.756756756756758,28.419379632656028,161.67819185104506,8.919178082191781,7.808828006088279,9.133637747336378
4443744,9.0,710,2,1,659,22,29.954545454545453,55.59956197251427,254.62730069966045,4.180880121396054,3.3036418816388466,5.294385432473445
4448887,9.0,666,5,5,427,14,30.5,45.14206912696209,185.3895392247151,1.2459016393442623,1.2262295081967214,1.2583138173302106
4469551,9.0,670,5,4,530,24,22.083333333333332,32.95991728733711,164.16036081805584,4.206415094339623,3.5943396226415096,4.648490566037736
4472905,9.0,816,5,4,460,20,23.0,14.903239787003189,61.57281177117503,1.7919565217391302,1.7880434782608696,1.8036956521739131
4473229,9.0,673,3,3,499,17,29.352941176470587,22.38108749026051,126.7825436904558,2.1741482965931866,2.166733466933868,2.1811623246492986
4481970,9.0,642,3,2,569,17,33.470588235294116,34.44222153559983,156.948225336441,4.736731107205624,4.5024604569420035,4.877328646748682
4482888,9.0,647,1,1,615,58,10.60344827586207,4.328072859813719,27.118864077973765,9.356747967479674,7.895284552845529,9.821626016260163
4487550,9.0,653,4,3,471,16,29.4375,23.94393849596227,97.03856103058826,3.9715498938428873,3.967515923566879,4.017197452229299
4487946,9.0,710,2,1,280,16,17.5,36.73778399208648,252.63529775318182,4.614285714285714,4.382142857142857,4.819285714285715
4504164,9.0,649,3,2,577,13,44.38461538461539,94.9625952077927,539.1096773608566,4.2079722703639515,4.205025996533796,4.252512998266897
4527487,9.0,671,4,3,553,10,55.3,12.022191478673601,41.49559270361128,2.003074141048825,1.8576853526220614,2.008137432188065
4544584,9.0,672,4,3,530,24,22.083333333333332,38.00692725906935,159.41428818021492,4.854905660377359,4.353962264150943,4.9266037735849055
4547202,9.0,696,7,7,322,18,17.88888888888889,8.250997714118025,34.41937133463979,2.4593167701863354,2.458695652173913,2.4664596273291925
4559519,9.0,991,4,3,563,17,33.11764705882353,32.45795798602008,125.79651937483169,4.731083481349911,4.440674955595027,4.7651865008881
4575701,9.0,700,3,2,625,36,17.36111111111111,16.666977496585904,121.38300353161314,7.18992,5.998880000000001,7.492
4579744,9.0,678,5,4,521,16,32.5625,35.904929533614016,157.97818010250637,3.0610364683301343,3.05278310940499,3.0612284069097893
4605892,9.0,678,6,6,459,13,35.30769230769231,5.475069554757182,12.931846006928058,1.8324618736383442,1.811764705882353,1.840087145969499
4668185,9.0,641,6,6,398,21,18.952380952380953,17.038146540387228,140.17351864157575,4.649246231155779,4.6173366834170855,4.65
4705097,9.0,659,4,4,439,19,23.105263157894736,22.239852241731725,80.1807226255203,5.585421412300684,5.557858769931663,5.597949886104783
4724133,9.0,650,4,3,530,25,21.2,32.821965446694705,255.05940904783486,6.12377358490566,6.113018867924528,6.1358490566037736
4749525,9.0,805,4,3,483,26,18.576923076923077,20.92910652401044,110.04377901849853,5.863354037267081,5.585714285714286,6.369772256728778
4754626,9.0,1144,5,4,496,20,24.8,29.94374105857934,135.41394900589432,4.374596774193549,3.4451612903225803,4.43125
4754956,9.0,647,5,5,464,21,22.095238095238095,29.5265705506741,152.297228488403,1.8198275862068964,1.8155172413793104,1.9189655172413793
4775763,9.0,718,9,8,353,31,11.387096774193548,6.099205397655747,23.823062258517922,1.7337110481586402,1.722096317280453,1.8405099150141644
4785421,9.0,773,4,5,438,20,21.9,14.321323216526306,65.43550013037633,2.605251141552511,2.5737442922374427,4.728767123287671
4789937,9.0,678,5,6,455,24,18.958333333333332,18.261260649404157,94.14213728849408,3.4657142857142857,3.4123076923076923,4.002197802197802
4792515,9.0,705,6,7,406,17,23.88235294117647,8.415983413784637,30.39130323118761,1.3660098522167488,1.36256157635468,1.4081280788177342
4811115,9.0,643,5,4,440,13,33.84615384615385,99.43438188819437,310.0386724424174,1.1252272727272727,1.115,1.209090909090909
4824328,9.0,688,3,2,512,18,28.444444444444443,10.77604846760387,61.66935873828307,2.7916015625,2.7759765625,3.25546875
4861227,9.0,710,9,8,291,19,15.31578947368421,26.004121994049246,139.0830581309527,0.8979381443298969,0.8962199312714777,0.8996563573883162
4861687,9.0,746,6,6,520,17,30.58823529411765,52.30574661502507,197.2613393857866,2.4325,2.2253846153846153,2.4915384615384615
4862222,9.0,670,4,3,506,40,12.65,14.860546473565568,145.02165741336287,7.657905138339921,6.824110671936759,7.673320158102767
4862380,9.0,660,3,2,585,21,27.857142857142858,22.95607634687093,129.63437424861814,5.288547008547009,5.274358974358974,5.302735042735042
4865550,9.0,642,4,3,521,23,22.652173913043477,23.623470039288915,143.50126952941216,5.047216890595009,5.027447216890596,5.108829174664107
4865558,9.0,649,5,4,494,31,15.935483870967742,23.847119783921027,171.91247616025066,5.426113360323886,5.22246963562753,5.490688259109312
4912927,9.0,674,2,1,637,48,13.270833333333334,14.761058749234156,189.8969766644513,9.513500784929358,9.505180533751963,9.569073783359498
4915833,9.0,675,4,3,527,21,25.095238095238095,24.522498838382504,143.54369808044004,5.034345351043643,4.99146110056926,5.044592030360532
4940890,9.0,683,3,2,589,25,23.56,16.525681834446267,115.36249656929085,6.55025466893039,6.520543293718166,6.5755517826825125
5244934,9.0,656,6,6,405,17,23.823529411764707,8.11312352760344,28.451720241862287,1.8506172839506172,1.646172839506173,2.1017283950617287
5351422,9.0,654,4,4,502,13,38.61538461538461,49.67830268963125,227.11790945873494,1.439840637450199,1.4380478087649402,1.445617529880478
5477477,9.0,678,2,1,645,34,18.970588235294116,29.118860749544215,243.18547013814825,7.553178294573644,6.050542635658915,7.666356589147287
5499001,9.0,670,4,3,557,45,12.377777777777778,26.711587032484122,195.37414296015018,3.6443447037701975,3.6192100538599643,3.6836624775583484
5503058,9.0,916,5,5,724,17,42.588235294117645,30.181349119291436,160.4617423918488,1.9244475138121546,1.924171270718232,1.9900552486187846
5503168,9.0,695,6,5,467,19,24.57894736842105,8.636476971760565,29.627266558690557,2.6141327623126336,2.590578158458244,2.653961456102784
5503359,9.0,716,4,5,520,18,28.88888888888889,32.98058445359672,120.23658319562163,2.4234615384615386,2.3984615384615386,2.483846153846154
5540718,9.0,663,5,6,354,12,29.5,41.89806553168985,147.76117573306982,1.3610169491525423,1.3581920903954803,1.4361581920903954
5540722,9.0,691,5,4,502,13,38.61538461538461,51.593487047934396,158.5600761037534,2.2846613545816736,2.104780876494024,2.7745019920318725
5540733,9.0,641,8,7,363,23,15.782608695652174,10.289596589507596,62.0970300611909,3.617355371900826,3.562809917355372,3.624242424242424
5540847,9.0,869,6,6,593,22,26.954545454545453,14.729594912362137,93.54647989865454,3.696627318718381,3.695446880269815,4.437268128161889
5547018,9.0,649,4,3,478,15,31.866666666666667,34.958528802977014,189.99425507937917,3.839121338912134,3.838284518828452,3.8485355648535564
5565253,9.0,670,4,4,485,13,37.30769230769231,36.64103008926106,137.14769896804066,2.9828865979381445,2.6461855670103094,3.3674226804123712
5615881,9.0,1051,5,4,637,23,27.695652173913043,41.68579286861218,177.46114291390518,4.474882260596546,4.445996860282574,4.48226059654631
5615968,9.0,642,4,3,481,16,30.0625,37.95286207103841,224.48721220483907,4.098752598752599,3.382952182952183,4.208731808731809
5615986,9.0,685,6,5,485,22,22.045454545454547,21.179383305150875,91.20549007728971,4.756494845360825,4.736288659793814,4.7612371134020615
5615988,9.0,671,5,4,505,21,24.047619047619047,18.711707981206228,91.41158574994569,4.957425742574258,4.248910891089109,5.255049504950495
5616015,9.0,657,2,1,621,24,25.875,29.303707112056117,170.12363788522754,6.026892109500805,4.214814814814815,6.5260869565217385
5633515,9.0,663,6,7,370,17,21.764705882352942,13.048514090660221,50.768519455943014,3.1135135135135137,3.1021621621621622,3.143783783783784
5692189,9.0,1527,6,5,533,19,28.05263157894737,40.33359580011561,144.43345498346258,3.702063789868668,3.69906191369606,3.7056285178236394
5705278,9.0,643,8,7,347,19,18.263157894736842,30.073614933625716,112.38566692615245,2.124207492795389,2.109798270893372,2.142363112391931
5705752,9.0,682,7,6,438,26,16.846153846153847,18.93677315506252,97.70738308327478,2.256849315068493,1.8415525114155251,3.9365296803652967
5706077,9.0,656,4,4,477,13,36.69230769230769,49.27825914514251,223.57240681500932,1.350314465408805,1.3410901467505243,1.7446540880503145
5706137,9.0,737,9,9,337,18,18.72222222222222,9.516694144649893,50.46937060874386,0.7667655786350148,0.7652818991097922,0.7845697329376854
5715345,9.0,923,5,4,487,19,25.63157894736842,25.225849057860625,119.59506752200276,1.3874743326488708,1.3854209445585217,1.4359342915811086
5771585,9.0,720,6,5,505,15,33.666666666666664,43.4451731949072,151.96111876873056,1.3332673267326731,1.2978217821782179,1.355049504950495
5771621,9.0,675,6,5,471,27,17.444444444444443,7.6773432582023995,45.66952532733227,2.618683651804671,2.6154989384288747,2.6307855626326964
5772092,9.0,729,8,7,376,20,18.8,15.144537599259548,59.071620866282,2.8351063829787235,2.831117021276596,2.9002659574468086
5772102,9.0,725,4,4,557,13,42.84615384615385,42.73488007892381,188.9967159712496,2.6635547576301613,2.443447037701975,2.7982046678635544
5772192,9.0,706,5,5,492,24,20.5,7.470667778424418,38.60744804999673,4.995325203252032,4.971747967479675,5.010569105691056
5874746,9.0,729,5,4,509,15,33.93333333333333,15.578443022386303,60.88658011577052,3.062082514734774,2.475442043222004,3.0972495088408643
5874767,9.0,1278,8,7,490,25,19.6,7.3880961117410315,35.20343691134892,3.8810204081632653,3.229591836734694,4.067959183673469
5874769,9.0,649,6,7,306,15,20.4,9.52647350541158,36.835772516059,2.4830065359477125,2.4483660130718956,2.4836601307189543
5874787,9.0,1064,7,7,382,20,19.1,10.78017243548662,38.30585518260722,2.972513089005236,2.9643979057591627,2.991361256544503
5875173,9.0,712,5,5,459,12,38.25,6.6809017574342615,41.840822817736495,2.6052287581699347,2.4762527233115468,2.618954248366013
5882173,9.0,665,7,7,347,16,21.6875,29.857243022736743,145.4228513306255,1.6881844380403457,1.6230547550432277,1.702305475504323
5969330,9.0,721,6,6,465,22,21.136363636363637,14.90950571293503,96.57806043837148,3.956989247311828,3.931827956989247,3.9711827956989247
5969331,9.0,706,7,6,437,22,19.863636363636363,14.996216370560756,87.40361500830508,3.298169336384439,3.023112128146453,3.8645308924485127
5969362,9.0,672,4,4,474,21,22.571428571428573,12.558085234074698,69.06648723681859,6.0972573839662445,6.062869198312237,6.133333333333333
6058407,9.0,696,6,5,490,21,23.333333333333332,44.95617288737433,143.88210676915762,2.594081632653061,2.156734693877551,2.6685714285714286
6062407,9.0,666,6,5,431,15,28.733333333333334,25.53501759571514,119.39236451416485,2.553828306264501,2.5450116009280745,2.5638051044083525
6109129,9.0,721,4,3,585,20,29.25,41.30749085131352,193.77632253759214,5.092307692307692,4.410427350427351,5.178461538461539
6148097,9.0,725,7,8,335,20,16.75,20.95594872381276,80.88399100410035,2.877313432835821,2.866268656716418,2.9119402985074627
6148143,9.0,677,2,1,645,26,24.807692307692307,12.459705572706957,104.78033012088255,6.028527131782946,5.925426356589147,7.2520930232558145
6148208,9.0,646,6,5,437,20,21.85,11.810879298346764,84.09255863634708,3.805034324942792,3.7974828375286043,3.813729977116705
6190357,9.0,710,5,5,444,17,26.11764705882353,32.203179021006996,164.85803481464382,4.500675675675676,3.7945945945945945,4.504729729729729
6193396,9.0,658,5,5,408,17,24.0,9.877852920651316,35.76158276437482,3.458088235294118,3.4441176470588237,3.4825980392156866
6193436,9.0,666,5,5,462,10,46.2,6.490767442864789,26.496865141308326,1.4515151515151516,1.445021645021645,1.4597402597402598
4216956,10.0,910,6,5,545,17,32.05882352941177,35.91243342261033,150.43594211588865,3.593394495412844,2.949908256880734,3.6168807339449542
4272243,10.0,646,3,2,564,41,13.75609756097561,12.92520649939513,93.04707064254478,7.490248226950355,5.786347517730497,7.521631205673758
4344977,10.0,1187,6,5,508,23,22.08695652173913,23.38727152705729,137.85039372212617,3.3488188976377953,3.283267716535433,4.113385826771653
4350946,10.0,690,5,5,432,21,20.571428571428573,12.35660290505813,41.86590745554845,4.635185185185185,4.624537037037037,4.651851851851852
4351935,10.0,775,2,1,719,17,42.294117647058826,21.203860118444158,81.08535963788356,5.6742698191933245,5.263282336578581,5.837273991655077
4352377,10.0,716,4,3,586,16,36.625,19.47294230846024,112.30252843338954,3.622013651877133,3.5897610921501704,3.6235494880546075
4358853,10.0,666,2,1,614,20,30.7,15.678253820259998,76.66029519753748,6.02442996742671,4.903583061889251,6.054560260586319
4359232,10.0,681,4,3,575,32,17.96875,15.663840042371122,124.30625841966206,5.8417391304347825,5.808521739130435,6.073913043478261
4370045,10.0,720,3,2,620,20,31.0,38.66974609556605,182.50508759165277,2.839193548387097,2.8219354838709676,2.944516129032258
4389353,10.0,650,5,4,492,28,17.571428571428573,25.95952365726833,110.44889352066262,2.7979674796747966,2.7827235772357723,2.868292682926829
4389414,10.0,645,3,4,469,14,33.5,34.60974788069868,109.85397455854302,2.239872068230277,2.213219616204691,2.422174840085288
4392729,10.0,652,3,2,586,14,41.857142857142854,44.018018634039485,170.65685727949634,1.836348122866894,1.783447098976109,2.0691126279863483
4393045,10.0,936,6,5,503,21,23.952380952380953,28.030651414518083,124.82472403450998,1.4669980119284294,1.4612326043737573,1.5107355864811132
4440451,10.0,657,1,0,657,37,17.756756756756758,28.419379632656028,161.67819185104506,4.656468797564688,4.645053272450533,4.674581430745814
4443744,10.0,710,2,1,659,20,32.95,60.060502227545136,254.62730069966045,3.2966616084977236,3.284218512898331,3.330804248861912
4448887,10.0,666,5,5,427,12,35.583333333333336,45.62950569487876,185.3895392247151,1.1985948477751758,1.161592505854801,1.2421545667447307
4469551,10.0,670,5,4,530,24,22.083333333333332,32.95991728733711,164.16036081805584,2.588490566037736,2.5388679245283017,2.852452830188679
4472905,10.0,816,5,4,460,19,24.210526315789473,15.131047026989046,61.57281177117503,1.864782608695652,1.8497826086956521,1.8756521739130434
4473229,10.0,673,3,3,499,16,31.1875,22.45305924535636,126.7825436904558,4.598396793587174,4.497995991983968,4.625450901803607
4481970,10.0,642,3,2,569,15,37.93333333333333,38.870086116468066,156.948225336441,4.716871704745167,4.674692442882249,4.736906854130053
4482888,10.0,647,1,1,615,54,11.38888888888889,4.970675568712476,27.118864077973765,10.705691056910569,8.923252032520326,10.716585365853659
4487550,10.0,653,4,3,471,16,29.4375,23.94393849596227,97.03856103058826,4.030997876857749,4.028662420382165,4.115498938428875
4487946,10.0,710,2,1,280,16,17.5,36.73778399208648,252.63529775318182,4.7785714285714285,4.4875,4.931785714285715
4504164,10.0,649,3,2,577,13,44.38461538461539,94.9625952077927,539.1096773608566,3.2353552859618717,3.180415944540728,3.236221837088388
4527487,10.0,671,4,3,553,10,55.3,12.022191478673601,41.49559270361128,1.320614828209765,0.8871609403254973,1.4956600361663652
4544584,10.0,672,4,3,530,21,25.238095238095237,38.13693300290675,159.41428818021492,4.578679245283019,4.275094339622642,4.73566037735849
4547202,10.0,696,7,7,322,18,17.88888888888889,8.250997714118025,34.41937133463979,1.1729813664596274,1.1593167701863354,1.2468944099378882
4559519,10.0,991,4,3,563,16,35.1875,53.16566110118811,300.836492891607,3.387211367673179,3.0218472468916517,3.4820603907637655
4575701,10.0,700,3,2,625,33,18.939393939393938,20.302092893995937,121.38300353161314,3.51456,3.50224,3.76416
4579744,10.0,678,5,4,521,16,32.5625,35.904929533614016,157.97818010250637,1.5124760076775432,1.4813819577735123,1.5136276391554704
4605892,10.0,678,6,6,459,13,35.30769230769231,5.475069554757182,12.931846006928058,1.3520697167755993,1.0028322440087145,1.3869281045751634
4668185,10.0,641,6,6,398,20,19.9,23.17736830365215,140.17351864157575,2.1545226130653266,2.0974874371859293,2.2620603015075376
4705097,10.0,659,4,4,439,19,23.105263157894736,22.239852241731725,80.1807226255203,5.433485193621868,5.3701594533029615,5.4749430523918
4724133,10.0,650,4,3,530,23,23.043478260869566,33.98892895231347,255.05940904783486,2.7539622641509434,2.658490566037736,2.819811320754717
4749525,10.0,805,4,3,483,23,21.0,21.068687304455892,104.87130096488977,4.5178053830227745,3.397929606625259,5.074948240165631
4754626,10.0,1144,5,4,496,20,24.8,29.94374105857934,135.41394900589432,1.9366935483870968,1.9235887096774194,1.9552419354838708
4754956,10.0,647,5,5,464,20,23.2,29.543687762521444,152.297228488403,1.9137931034482758,1.7551724137931033,1.932543103448276
4775763,10.0,718,9,8,353,28,12.607142857142858,6.547716130161379,23.823062258517922,3.6002832861189806,3.51728045325779,3.6620396600566574
4785421,10.0,773,4,5,438,18,24.333333333333332,15.366369745777293,65.43550013037633,5.335388127853881,4.784018264840183,5.348173515981735
4789937,10.0,678,5,6,455,21,21.666666666666668,18.91829015084132,94.14213728849408,4.16967032967033,4.154285714285715,4.210329670329671
4792515,10.0,705,6,7,406,17,23.88235294117647,8.415983413784637,30.39130323118761,2.2741379310344825,2.2435960591133006,2.279064039408867
4811115,10.0,643,5,4,440,12,36.666666666666664,104.36517830373893,310.0386724424174,2.085227272727273,2.0602272727272726,2.1018181818181816
4824328,10.0,688,3,2,512,17,30.11764705882353,11.343689702451767,61.66935873828307,5.73359375,5.344921875,5.7578125
4861227,10.0,710,9,8,291,18,16.166666666666668,27.122379616734893,140.87092563459936,1.0931271477663231,1.0900343642611683,1.113745704467354
4861687,10.0,746,6,6,520,16,32.5,52.53615212632449,197.2613393857866,2.461923076923077,2.4584615384615387,2.480384615384615
4862222,10.0,670,4,3,506,40,12.65,14.860546473565568,145.02165741336287,6.588537549407115,6.557114624505929,7.654940711462451
4862380,10.0,660,3,2,585,19,30.789473684210527,24.052861518791477,129.63437424861814,5.045982905982906,5.021367521367521,5.0717948717948715
4865550,10.0,642,4,3,521,20,26.05,34.34733999713035,150.23599227062766,4.394049904030711,3.7028790786948176,4.409596928982726
4865558,10.0,649,5,4,494,28,17.642857142857142,24.393349334806803,171.91247616025066,5.407085020242914,5.382995951417004,5.409311740890688
4912927,10.0,674,2,1,637,44,14.477272727272727,15.56376878671962,189.8969766644513,9.345996860282574,9.312401883830455,9.349921507064364
4915833,10.0,675,4,3,527,21,25.095238095238095,24.522498838382504,143.54369808044004,5.013092979127135,4.9734345351043645,5.023719165085389
4940890,10.0,683,3,2,589,22,26.772727272727273,19.08581436735656,115.36249656929085,5.6604414261460105,4.924108658743633,5.808488964346349
5244934,10.0,656,6,6,405,15,27.0,23.424871114631525,123.7690769796215,2.1054320987654322,2.091851851851852,2.119259259259259
5351422,10.0,654,4,4,502,12,41.833333333333336,58.52189493635763,227.11790945873494,2.7286852589641435,2.5179282868525896,2.733266932270916
5477477,10.0,678,2,1,645,32,20.15625,29.95114970896162,243.18547013814825,7.094108527131783,7.013953488372093,7.2919379844961245
5499001,10.0,670,4,3,557,44,12.659090909090908,26.845323041751126,195.37414296015018,7.244344703770198,6.862477558348295,7.266068222621184
5503058,10.0,916,5,5,724,16,45.25,30.268546480516015,160.4617423918488,3.8256906077348067,3.8096685082872925,3.8464088397790057
5503168,10.0,695,6,5,467,17,27.470588235294116,9.102500947910361,29.627266558690557,2.9042826552462526,2.902997858672377,2.91220556745182
5503359,10.0,716,4,5,520,15,34.666666666666664,38.13831350953636,120.23658319562163,4.357884615384616,3.6311538461538464,4.500576923076923
5540718,10.0,663,5,6,354,12,29.5,41.89806553168985,147.76117573306982,2.7675141242937853,2.7641242937853105,2.7692090395480227
5540722,10.0,691,5,4,502,12,41.833333333333336,52.7028202997636,158.5600761037534,2.6824701195219123,2.6749003984063746,2.7141434262948207
5540733,10.0,641,8,7,363,22,16.5,12.084205608250652,62.0970300611909,2.690633608815427,2.6617079889807163,3.31267217630854
5540847,10.0,869,6,6,593,19,31.210526315789473,26.734060501262753,133.46685415129943,3.886677908937606,3.6704890387858344,3.969139966273187
5547018,10.0,649,4,3,478,14,34.142857142857146,35.63794515015952,189.99425507937917,2.9489539748953972,2.848744769874477,3.646652719665272
5565253,10.0,670,4,4,485,12,40.416666666666664,37.5132371669423,137.14769896804066,3.0816494845360825,3.0630927835051542,3.082061855670103
5615881,10.0,1051,5,4,637,23,27.695652173913043,41.68579286861218,177.46114291390518,4.453689167974883,3.6040816326530614,4.466405023547881
5615968,10.0,642,4,3,481,15,32.06666666666667,38.95887150115865,224.48721220483907,4.1798336798336795,4.157588357588358,4.192099792099793
5615986,10.0,685,6,5,485,18,26.944444444444443,36.168696793820416,108.27910253831286,3.475463917525773,3.211958762886598,3.5078350515463916
5615988,10.0,671,5,4,505,19,26.57894736842105,22.100937063370907,91.41158574994569,4.868316831683169,4.865544554455445,4.899207920792079
5616015,10.0,657,2,1,621,24,25.875,29.303707112056117,170.12363788522754,3.4851851851851854,3.388083735909823,5.1099838969404185
5633515,10.0,663,6,7,370,17,21.764705882352942,13.048514090660221,50.768519455943014,1.4564864864864864,1.4440540540540538,2.2232432432432434
5692189,10.0,1527,6,5,533,18,29.61111111111111,40.529913058700956,144.43345498346258,2.4849906191369606,2.25515947467167,2.671669793621013
5705278,10.0,643,8,7,347,19,18.263157894736842,30.073614933625716,112.38566692615245,2.013256484149856,2.0060518731988473,2.0472622478386167
5705752,10.0,682,7,6,438,26,16.846153846153847,18.93677315506252,97.70738308327478,3.8207762557077625,3.787671232876712,3.8707762557077627
5706077,10.0,656,4,4,477,13,36.69230769230769,49.27825914514251,223.57240681500932,2.730398322851153,2.6834381551362685,2.738784067085954
5706137,10.0,737,9,9,337,17,19.823529411764707,9.990046996496568,50.46937060874386,1.3943620178041543,1.3596439169139465,1.418100890207715
5715345,10.0,923,5,4,487,18,27.055555555555557,26.76118125262735,119.59506752200276,2.272689938398357,2.240657084188912,2.8796714579055442
5771585,10.0,720,6,5,505,15,33.666666666666664,43.4451731949072,151.96111876873056,2.8924752475247524,2.8916831683168316,2.9158415841584158
5771621,10.0,675,6,5,471,25,18.84,8.113862090029588,45.66952532733227,5.446921443736731,4.322717622080679,5.464755838641189
5772092,10.0,729,8,7,376,20,18.8,15.144537599259548,59.071620866282,2.8526595744680847,2.825531914893617,2.886436170212766
5772102,10.0,725,4,4,557,13,42.84615384615385,42.73488007892381,188.9967159712496,3.026750448833034,3.0107719928186714,3.0429084380610414
5772192,10.0,706,5,5,492,24,20.5,7.470667778424418,38.60744804999673,4.416260162601627,3.7689024390243904,4.8359756097560975
5874746,10.0,729,5,4,509,15,33.93333333333333,15.578443022386303,60.88658011577052,3.0976424361493127,3.092730844793713,3.1204322200392927
5874767,10.0,1278,8,7,490,23,21.304347826086957,9.824179626468101,50.19101805301695,3.483469387755102,2.9989795918367346,3.7708163265306123
5874769,10.0,649,6,7,306,15,20.4,9.52647350541158,36.835772516059,2.457843137254902,2.454248366013072,2.4781045751633983
5874787,10.0,1064,7,7,382,20,19.1,10.78017243548662,38.30585518260722,2.939267015706806,2.915183246073298,2.9410994764397906
5875173,10.0,712,5,5,459,12,38.25,6.6809017574342615,41.840822817736495,2.613289760348584,2.6082788671023964,2.6381263616557735
5882173,10.0,665,7,7,347,16,21.6875,29.857243022736743,145.4228513306255,1.5610951008645535,1.3979827089337176,1.6804034582132565
5969330,10.0,721,6,6,465,22,21.136363636363637,14.90950571293503,96.57806043837148,3.9759139784946234,3.958064516129032,3.990322580645161
5969331,10.0,706,7,6,437,21,20.80952380952381,15.31632428553285,87.40361500830508,3.130434782608696,2.9759725400457664,3.223340961098398
5969362,10.0,672,4,4,474,21,22.571428571428573,12.558085234074698,69.06648723681859,5.523839662447258,5.192616033755274,5.968354430379747
6058407,10.0,696,6,5,490,21,23.333333333333332,44.95617288737433,143.88210676915762,3.444081632653061,3.406122448979592,3.4479591836734693
6062407,10.0,666,6,5,431,15,28.733333333333334,25.53501759571514,119.39236451416485,2.6187935034802785,2.6071925754060326,2.6406032482598607
6109129,10.0,721,4,3,585,17,34.411764705882355,45.00291859107825,193.77632253759214,4.281880341880342,3.4461538461538463,4.325982905982905
6148097,10.0,725,7,8,335,20,16.75,20.95594872381276,80.88399100410035,2.8647761194029853,2.8513432835820898,2.877014925373134
6148143,10.0,677,2,1,645,23,28.043478260869566,12.923062608907538,104.78033012088255,4.61953488372093,3.2489922480620153,4.7015503875969
6148208,10.0,646,6,5,437,20,21.85,11.810879298346764,84.09255863634708,3.7700228832951943,3.7466819221967964,3.785812356979405
6190357,10.0,710,5,5,444,16,27.75,32.19007558956339,164.85803481464382,4.01509009009009,2.830855855855856,4.048873873873874
6193396,10.0,658,5,5,408,17,24.0,9.877852920651316,35.76158276437482,3.513480392156863,3.4980392156862745,3.543627450980392
6193436,10.0,666,5,5,462,10,46.2,6.490767442864789,26.496865141308326,1.4746753246753246,1.4679653679653681,1.4854978354978354
4216956,15.0,910,6,5,545,14,38.92857142857143,63.871617200293066,209.04686163573197,2.2344954128440366,1.8735779816513762,2.371376146788991
4272243,15.0,646,3,2,564,35,16.114285714285714,16.603815889456055,105.50189704400546,7.088120567375886,7.002659574468085,7.12854609929078
4344977,15.0,1187,6,5,508,15,33.86666666666667,35.33781361002837,137.85039372212617,3.005511811023622,3.0039370078740157,3.02992125984252
4350946,15.0,690,5,5,432,15,28.8,20.56317603069974,85.62384394766721,3.2752314814814816,3.266898148148148,3.2939814814814814
4351935,15.0,775,2,1,719,10,71.9,32.02264350359905,165.14016898260908,5.009457579972183,4.9342141863699585,5.052851182197497
4352377,15.0,716,4,3,586,15,39.06666666666667,19.56585346134108,112.30252843338954,4.222013651877133,3.851706484641638,4.69283276450512
4358853,15.0,666,2,1,614,15,40.93333333333333,19.990357915135835,81.66030117766336,7.255048859934854,7.235830618892509,7.292833876221499
4359232,15.0,681,4,3,575,26,22.115384615384617,17.396362441370197,124.30625841966206,2.872695652173913,2.6554782608695655,2.934086956521739
4370045,15.0,720,3,2,620,18,34.44444444444444,38.936419979243595,182.50508759165277,2.8320967741935483,2.716290322580645,2.8458064516129036
4389353,15.0,650,5,4,492,25,19.68,27.05913927836194,110.44889352066262,3.009349593495935,2.6384146341463413,5.404065040650407
4389414,15.0,645,3,4,469,14,33.5,34.60974788069868,109.85397455854302,4.417910447761194,4.3136460554371,4.458848614072494
4392729,15.0,652,3,2,586,11,53.27272727272727,45.350436712790284,170.65685727949634,3.356143344709898,3.353754266211604,3.375767918088737
4393045,15.0,936,6,5,503,19,26.473684210526315,31.5489056961087,124.82472403450998,2.854473161033797,2.8417495029821076,2.884294234592445
4440451,15.0,657,1,0,657,31,21.193548387096776,29.270204958752302,161.67819185104506,8.837747336377474,8.803348554033485,8.86255707762557
4443744,15.0,710,2,1,659,15,43.93333333333333,61.82965349955137,254.62730069966045,5.569044006069802,5.488163884673748,5.58103186646434
4448887,15.0,666,5,5,427,12,35.583333333333336,45.62950569487876,185.3895392247151,2.2379391100702577,1.9716627634660422,2.2524590163934426
4469551,15.0,670,5,4,530,21,25.238095238095237,91.05506864692683,405.1616009913539,2.148490566037736,2.1175471698113206,2.151320754716981
4472905,15.0,816,5,4,460,17,27.058823529411764,15.541391903194672,61.57281177117503,1.7373913043478262,1.7045652173913044,1.8569565217391306
4473229,15.0,673,3,3,499,13,38.38461538461539,38.69836797126804,273.18675858335484,2.869739478957916,2.635270541082164,2.9655310621242483
4481970,15.0,642,3,2,569,13,43.76923076923077,50.250697539414354,178.39431269293107,4.02390158172232,4.004569420035149,4.0841827768014065
4482888,15.0,647,1,1,615,45,13.666666666666666,7.4670884118162055,56.56747305148285,10.183252032520326,10.17609756097561,10.198536585365854
4487550,15.0,653,4,3,471,15,31.4,28.695483542508654,146.89416378717902,3.6957537154989386,2.992569002123142,3.7195329087048834
4487946,15.0,710,2,1,280,13,21.53846153846154,38.34350506292526,252.63529775318182,5.227857142857142,5.127142857142857,5.263571428571429
4504164,15.0,649,3,2,577,12,48.083333333333336,97.52391244487363,539.1096773608566,3.852512998266898,3.137608318890815,4.003466204506066
4527487,15.0,671,4,3,553,9,61.44444444444444,12.627751901512386,41.49559270361128,1.562386980108499,1.55750452079566,1.5634719710669078
4544584,15.0,672,4,3,530,19,27.894736842105264,47.043875869943705,159.41428818021492,4.377358490566038,4.354528301886792,4.409245283018868
4547202,15.0,696,7,7,322,17,18.941176470588236,8.855083223528226,34.41937133463979,1.7391304347826086,1.7369565217391303,1.7885093167701862
4559519,15.0,991,4,3,563,13,43.30769230769231,66.1434294186939,300.836492891607,3.417051509769094,3.358969804618117,3.4278863232682064
4575701,15.0,700,3,2,625,26,24.03846153846154,21.38804920123093,99.0085989920519,6.74896,6.31456,6.753439999999999
4579744,15.0,678,5,4,521,15,34.733333333333334,36.07103432449614,157.97818010250637,3.0326295585412666,3.0324376199616125,3.050287907869482
4605892,15.0,678,6,6,459,12,38.25,6.085707989484646,14.503307726526915,1.4989106753812635,1.4718954248366014,1.515904139433551
4668185,15.0,641,6,6,398,18,22.11111111111111,25.301336701338485,140.17351864157575,3.99572864321608,3.3881909547738696,4.105527638190955
4705097,15.0,659,4,4,439,16,27.4375,23.97661186492164,81.89086696407179,4.6881548974943055,4.676993166287016,4.740774487471525
4724133,15.0,650,4,3,530,22,24.09090909090909,64.61748842264365,308.8770937526525,5.073018867924528,4.396792452830189,5.214339622641509
4749525,15.0,805,4,3,483,19,25.42105263157895,23.0174634143419,104.87130096488977,5.6886128364389235,5.648033126293996,5.705797101449275
4754626,15.0,1144,5,4,496,16,31.0,33.02487368136644,135.41394900589432,3.7780241935483874,3.70241935483871,3.787298387096774
4754956,15.0,647,5,5,464,18,25.77777777777778,29.887464691092696,152.297228488403,3.6411637931034484,3.640301724137931,3.6452586206896553
4775763,15.0,718,9,8,353,22,16.045454545454547,18.50022135033661,107.75444674799849,2.5645892351274786,2.553541076487252,2.5759206798866856
4785421,15.0,773,4,5,438,16,27.375,18.978144633405382,65.43550013037633,4.594063926940639,4.588356164383562,4.609132420091324
4789937,15.0,678,5,6,455,18,25.27777777777778,23.205188688793132,103.13665299662787,3.549010989010989,3.5443956043956044,3.5514285714285716
4792515,15.0,705,6,7,406,16,25.375,8.58169165964592,30.39130323118761,1.385960591133005,1.3857142857142857,1.4472906403940888
4811115,15.0,643,5,4,440,12,36.666666666666664,104.36517830373893,310.0386724424174,1.0488636363636363,1.0220454545454545,1.0679545454545454
4824328,15.0,688,3,2,512,15,34.13333333333333,11.699468836409082,61.66935873828307,2.7244140625,2.6900390625,2.8724609375
4861227,15.0,710,9,8,291,18,16.166666666666668,27.122379616734893,140.87092563459936,0.7061855670103093,0.702405498281787,0.7450171821305842
4861687,15.0,746,6,6,520,15,34.666666666666664,52.67394129193396,197.2613393857866,1.2351923076923077,1.2238461538461538,1.2428846153846154
4862222,15.0,670,4,3,506,33,15.333333333333334,16.476294120166042,145.02165741336287,3.6478260869565218,3.6015810276679843,3.8051383399209486
4862380,15.0,660,3,2,585,14,41.785714285714285,36.37880382761167,148.663545637751,4.120683760683761,4.025299145299146,4.303760683760683
4865550,15.0,642,4,3,521,15,34.733333333333334,54.161966426110666,195.49175264633166,1.719193857965451,1.6683301343570058,1.7583493282149714
4865558,15.0,649,5,4,494,24,20.583333333333332,35.42021307850404,195.10696474762833,4.800202429149798,4.733603238866397,4.804655870445344
4912927,15.0,674,2,1,637,34,18.735294117647058,20.486936696519713,189.8969766644513,8.73956043956044,8.737990580847724,8.74756671899529
4915833,15.0,675,4,3,527,19,27.736842105263158,28.457417913897324,143.54369808044004,3.995825426944972,3.6480075901328273,4.684440227703984
4940890,15.0,683,3,2,589,17,34.64705882352941,26.475011284904394,115.36249656929085,4.087606112054329,3.8514431239388793,4.357385398981324
5244934,15.0,656,6,6,405,13,31.153846153846153,24.1094097056449,123.7690769796215,1.237283950617284,0.8829629629629631,1.4266666666666665
5351422,15.0,654,4,4,502,10,50.2,73.45839037770784,281.8420639033483,2.0786852589641436,2.0743027888446215,2.0946215139442232
5477477,15.0,678,2,1,645,25,25.8,36.277353348340846,243.18547013814825,6.890232558139535,6.0634108527131785,6.935968992248061
5499001,15.0,670,4,3,557,38,14.657894736842104,27.803370412274457,195.37414296015018,5.326391382405745,4.955116696588869,5.809874326750449
5503058,15.0,916,5,5,724,15,48.266666666666666,30.3888789566732,160.4617423918488,3.736602209944752,3.1509668508287296,3.8020718232044195
5503168,15.0,695,6,5,467,16,29.1875,9.63119913827833,29.627266558690557,2.2558886509635974,2.1907922912205566,2.772805139186296
5503359,15.0,716,4,5,520,11,47.27272727272727,41.519591251828224,120.23658319562163,3.928076923076923,3.9246153846153846,3.9325
5540718,15.0,663,5,6,354,12,29.5,41.89806553168985,147.76117573306982,2.8087570621468925,2.7757062146892655,2.8364406779661016
5540722,15.0,691,5,4,502,10,50.2,73.19303223861517,209.45346905583816,1.1382470119521912,1.1151394422310756,1.1663346613545817
5540733,15.0,641,8,7,363,18,20.166666666666668,22.093479096020875,125.20585692857058,2.31267217630854,2.298071625344353,2.3391184573002755
5540847,15.0,869,6,6,593,15,39.53333333333333,58.7024176592092,273.50470583066766,2.673524451939292,2.2445193929173692,2.705733558178752
5547018,15.0,649,4,3,478,12,39.833333333333336,37.48661151617884,189.99425507937917,2.670292887029289,2.549163179916318,3.2207112970711296
5565253,15.0,670,4,4,485,12,40.416666666666664,37.5132371669423,137.14769896804066,3.176082474226804,3.1389690721649486,3.217938144329897
5615881,15.0,1051,5,4,637,20,31.85,48.248457747193925,177.46114291390518,3.6244897959183677,2.993563579277865,4.070486656200942
5615968,15.0,642,4,3,481,15,32.06666666666667,38.95887150115865,224.48721220483907,4.164241164241164,4.133264033264033,4.187941787941788
5615986,15.0,685,6,5,485,17,28.529411764705884,36.856936417587725,108.27910253831286,3.424742268041237,3.4024742268041237,3.429484536082474
5615988,15.0,671,5,4,505,15,33.666666666666664,28.9974637618938,91.41158574994569,3.8685148514851484,3.8419801980198023,3.8706930693069306
5616015,15.0,657,2,1,621,19,32.68421052631579,30.612090819038336,170.12363788522754,5.710950080515298,5.530273752012882,5.752818035426731
5633515,15.0,663,6,7,370,15,24.666666666666668,19.109918691535732,94.12312354505163,2.8913513513513514,2.8786486486486482,2.895675675675676
5692189,15.0,1527,6,5,533,17,31.352941176470587,40.53229594491315,142.63281784367246,3.099437148217636,3.0879924953095688,3.1125703564727956
5705278,15.0,643,8,7,347,19,18.263157894736842,30.073614933625716,112.38566692615245,2.0662824207492796,1.779827089337176,2.109798270893372
5705752,15.0,682,7,6,438,25,17.52,32.26232688177852,116.31242636656694,2.4191780821917805,1.8082191780821917,3.608219178082192
5706077,15.0,656,4,4,477,10,47.7,52.81786203395536,223.57240681500932,2.1540880503144653,2.1540880503144653,2.170020964360587
5706137,15.0,737,9,9,337,17,19.823529411764707,9.990046996496568,50.46937060874386,1.0077151335311574,0.8643916913946588,1.3786350148367954
5715345,15.0,923,5,4,487,16,30.4375,28.09374986432404,119.59506752200276,2.4217659137577003,2.3683778234086246,2.758316221765914
5771585,15.0,720,6,5,505,14,36.07142857142857,45.4449439409871,151.96111876873056,2.4346534653465346,2.397821782178218,2.4877227722772277
5771621,15.0,675,6,5,471,18,26.166666666666668,16.009503834505907,98.18073379403408,4.366454352441614,4.332271762208068,4.385562632696391
5772092,15.0,729,8,7,376,18,20.88888888888889,15.535503374360987,58.69441343948963,1.9388297872340425,1.9090425531914892,1.960372340425532
5772102,15.0,725,4,4,557,12,46.416666666666664,43.075933345484074,188.9967159712496,2.8545780969479355,2.7714542190305207,2.863016157989228
5772192,15.0,706,5,5,492,17,28.941176470588236,12.333531857950355,51.67816085315137,3.9621951219512197,3.954471544715447,3.990650406504065
5874746,15.0,729,5,4,509,14,36.357142857142854,38.09688433099792,208.01837280478819,2.7159135559921417,2.1750491159135557,2.7212180746561883
5874767,15.0,1278,8,7,490,21,23.333333333333332,13.563225193858374,72.08023911174016,3.3248979591836734,3.3230612244897957,3.339795918367347
5874769,15.0,649,6,7,306,14,21.857142857142858,13.280824201746961,36.835772516059,1.9614379084967322,1.8980392156862744,1.992156862745098
5874787,15.0,1064,7,7,382,17,22.470588235294116,12.349606641807432,38.30585518260722,2.4552356020942407,2.3829842931937173,2.4552356020942407
5875173,15.0,712,5,5,459,11,41.72727272727273,6.620058119007877,41.840822817736495,1.6921568627450982,1.6875816993464052,1.7067538126361654
5882173,15.0,665,7,7,347,16,21.6875,29.857243022736743,145.4228513306255,1.6780979827089335,1.662536023054755,1.721613832853026
5969330,15.0,721,6,6,465,20,23.25,16.885494894208136,96.57806043837148,3.667741935483871,3.6595698924731184,3.6713978494623656
5969331,15.0,706,7,6,437,17,25.705882352941178,29.68253801693045,109.89818659496841,2.819908466819222,2.805263157894737,2.825858123569794
5969362,15.0,672,4,4,474,16,29.625,16.288112834305398,69.06648723681859,5.346202531645569,5.320253164556963,5.35379746835443
6058407,15.0,696,6,5,490,18,27.22222222222222,93.64948051153439,320.02914344139657,2.582448979591837,2.5628571428571427,2.6020408163265305
6062407,15.0,666,6,5,431,14,30.785714285714285,28.6126885301334,119.39236451416485,1.783294663573086,1.7582366589327145,1.783294663573086
6109129,15.0,721,4,3,585,15,39.0,59.33698704631726,254.16589378945076,3.26,2.911794871794872,3.687863247863248
6148097,15.0,725,7,8,335,20,16.75,20.95594872381276,80.88399100410035,2.804179104477612,2.7919402985074626,2.848955223880597
6148143,15.0,677,2,1,645,17,37.94117647058823,19.719489449084,104.78033012088255,6.572713178294573,6.5632558139534884,6.642635658914728
6148208,15.0,646,6,5,437,19,23.0,13.157475460511751,84.09255863634708,1.6267734553775743,1.6064073226544622,1.759725400457666
6190357,15.0,710,5,5,444,13,34.15384615384615,35.78746773612367,164.2527559424157,1.0641891891891893,1.0556306306306307,1.0824324324324326
6193396,15.0,658,5,5,408,16,25.5,11.543011116140724,35.76158276437482,2.5316176470588236,2.2718137254901962,2.8208333333333337
6193436,15.0,666,5,5,462,10,46.2,6.490767442864789,26.496865141308326,1.322077922077922,1.2965367965367964,1.3326839826839827
4216956,20.0,910,6,5,545,14,38.92857142857143,63.871617200293066,209.04686163573197,2.056880733944954,2.0225688073394497,2.078532110091743
4272243,20.0,646,3,2,564,29,19.448275862068964,33.2920928415315,152.72568001898125,5.0991134751773055,4.659219858156029,5.196808510638298
4344977,20.0,1187,6,5,508,12,42.333333333333336,53.72310143064438,216.1813184713835,1.43248031496063,0.7578740157480315,1.4338582677165355
4350946,20.0,690,5,5,432,13,33.23076923076923,23.657406537546823,85.62384394766721,2.3810185185185184,1.9368055555555557,2.5180555555555553
4351935,20.0,775,2,1,719,9,79.88888888888889,31.406207977424607,133.15207339625056,4.4673157162726005,4.431015299026425,4.513908205841447
4352377,20.0,716,4,3,586,14,41.857142857142854,21.508763847629925,112.30252843338954,4.342662116040956,4.0042662116040955,4.410409556313994
4358853,20.0,666,2,1,614,12,51.166666666666664,30.86870765776848,112.22695138034793,3.4294788273615633,3.2144951140065148,3.5885993485342023
4359232,20.0,681,4,3,575,25,23.0,18.603595912231956,124.30625841966206,2.829565217391304,2.776173913043478,2.8333913043478263
4370045,20.0,720,3,2,620,17,36.470588235294116,39.787552375618056,182.50508759165277,5.754838709677419,4.519354838709678,5.976290322580645
4389353,20.0,650,5,4,492,23,21.391304347826086,35.29437297649199,167.7486224478727,5.078455284552845,4.958943089430894,5.1778455284552845
4389414,20.0,645,3,4,469,13,36.07692307692308,34.65763409853072,109.85397455854302,4.240511727078891,3.4995735607675904,4.2511727078891255
4392729,20.0,652,3,2,586,9,65.11111111111111,53.818456003628455,170.65685727949634,3.0177474402730375,3.001194539249147,3.0213310580204777
4393045,20.0,936,6,5,503,18,27.944444444444443,31.95877348169249,124.82472403450998,2.7876739562624255,2.777733598409543,2.814314115308151
4440451,20.0,657,1,0,657,26,25.26923076923077,31.75855960313803,161.67819185104506,8.529528158295282,8.489193302891932,8.532876712328768
4443744,20.0,710,2,1,659,13,50.69230769230769,83.04814137214392,314.1089845696825,3.671168437025797,3.3477996965098633,4.101820940819423
4448887,20.0,666,5,5,427,12,35.583333333333336,45.62950569487876,185.3895392247151,0.9868852459016393,0.9688524590163934,0.9911007025761124
4469551,20.0,670,5,4,530,19,27.894736842105264,93.34031142994938,405.1616009913539,1.959811320754717,1.917358490566038,1.9794339622641508
4472905,20.0,816,5,4,460,17,27.058823529411764,15.541391903194672,61.57281177117503,1.6782608695652175,1.6617391304347826,1.689782608695652
4473229,20.0,673,3,3,499,13,38.38461538461539,38.69836797126804,273.18675858335484,1.9927855711422846,1.9839679358717435,2.026052104208417
4481970,20.0,642,3,2,569,12,47.416666666666664,50.53844803055394,178.39431269293107,2.2128295254833037,2.122671353251318,2.6898066783831283
4482888,20.0,647,1,1,615,36,17.083333333333332,9.095498797409803,56.56747305148285,4.761626016260163,4.7125203252032515,4.770243902439024
4487550,20.0,653,4,3,471,15,31.4,28.695483542508654,146.89416378717902,3.9169851380042466,3.906157112526539,3.934607218683652
4487946,20.0,710,2,1,280,12,23.333333333333332,38.63247658367498,252.63529775318182,4.951428571428572,4.509285714285714,5.263928571428572
4504164,20.0,649,3,2,577,11,52.45454545454545,88.33998237385246,501.06702835242373,1.8072790294627383,1.7292894280762565,1.8346620450606583
4527487,20.0,671,4,3,553,9,61.44444444444444,12.627751901512386,41.49559270361128,0.7207956600361664,0.7198915009041592,0.7235081374321881
4544584,20.0,672,4,3,530,18,29.444444444444443,48.19457823694786,159.41428818021492,3.1447169811320754,2.544528301886792,3.1833962264150943
4547202,20.0,696,7,7,322,15,21.466666666666665,16.20337582408747,101.94859153780754,0.9242236024844721,0.9242236024844721,0.9341614906832298
4559519,20.0,991,4,3,563,13,43.30769230769231,66.1434294186939,300.836492891607,2.8396092362344585,2.7238010657193605,3.3744227353463585
4575701,20.0,700,3,2,625,17,36.76470588235294,76.66320655952622,371.6259804971336,4.6852800000000006,4.05328,4.70528
4579744,20.0,678,5,4,521,13,40.07692307692308,39.79699471160588,157.97818010250637,1.8485604606525912,1.3792706333973128,1.9404990403071016
4605892,20.0,678,6,6,459,12,38.25,6.085707989484646,14.503307726526915,0.6490196078431372,0.6490196078431372,0.6612200435729847
4668185,20.0,641,6,6,398,18,22.11111111111111,25.301336701338485,140.17351864157575,1.9522613065326633,1.8816582914572864,2.2319095477386934
4705097,20.0,659,4,4,439,14,31.357142857142858,25.259001794382094,81.89086696407179,2.1300683371298406,2.065375854214123,2.151480637813212
4724133,20.0,650,4,3,530,19,27.894736842105264,167.69382821633167,729.2125506065456,2.4445283018867925,2.429433962264151,2.5330188679245285
4749525,20.0,805,4,3,483,17,28.41176470588235,27.364233984385255,114.44129417229021,2.627536231884058,2.624223602484472,3.2496894409937886
4754626,20.0,1144,5,4,496,16,31.0,33.02487368136644,135.41394900589432,3.6635080645161286,3.6504032258064516,3.7399193548387095
4754956,20.0,647,5,5,464,18,25.77777777777778,29.887464691092696,152.297228488403,3.5428879310344827,3.206896551724138,3.55625
4775763,20.0,718,9,8,353,21,16.80952380952381,30.411152371322643,144.38740334072276,2.2543909348441926,2.2039660056657224,2.2858356940509914
4785421,20.0,773,4,5,438,16,27.375,18.978144633405382,65.43550013037633,4.107534246575343,3.9575342465753427,4.1406392694063925
4789937,20.0,678,5,6,455,15,30.333333333333332,28.664958830270866,103.13665299662787,2.787692307692308,1.9615384615384615,2.8314285714285714
4792515,20.0,705,6,7,406,13,31.23076923076923,11.961232597631,30.39130323118761,1.941871921182266,1.922167487684729,1.9608374384236453
4811115,20.0,643,5,4,440,12,36.666666666666664,104.36517830373893,310.0386724424174,2.0927272727272728,2.0872727272727274,2.1104545454545454
4824328,20.0,688,3,2,512,12,42.666666666666664,16.533911086194962,101.36048037377086,3.929296875,3.9208984375,4.59453125
4861227,20.0,710,9,8,291,18,16.166666666666668,27.122379616734893,140.87092563459936,1.4804123711340207,1.443298969072165,1.4807560137457043
4861687,20.0,746,6,6,520,15,34.666666666666664,52.67394129193396,197.2613393857866,2.5080769230769233,2.5057692307692307,2.563269230769231
4862222,20.0,670,4,3,506,28,18.071428571428573,19.099326273674954,145.02165741336287,4.4369565217391305,3.8636363636363638,5.469169960474309
4862380,20.0,660,3,2,585,13,45.0,38.69349254504386,148.663545637751,2.6056410256410256,2.22974358974359,3.3047863247863245
4865550,20.0,642,4,3,521,15,34.733333333333334,54.161966426110666,195.49175264633166,2.703071017274472,2.68637236084453,3.2355086372360846
4865558,20.0,649,5,4,494,23,21.47826086956522,36.21937720538691,195.10696474762833,4.737044534412956,4.695546558704454,4.798582995951417
4912927,20.0,674,2,1,637,30,21.233333333333334,21.77611326897003,189.8969766644513,8.481004709576137,8.371899529042386,8.617268445839875
4915833,20.0,675,4,3,527,18,29.27777777777778,30.796325778779572,143.54369808044004,4.569639468690702,4.0379506641366225,4.590702087286528
4940890,20.0,683,3,2,589,13,45.30769230769231,55.4280444740942,289.56357748212497,4.475382003395586,4.4747028862478775,4.5212224108658745
5244934,20.0,656,6,6,405,13,31.153846153846153,24.1094097056449,123.7690769796215,1.4133333333333333,1.4004938271604939,1.4177777777777778
5351422,20.0,654,4,4,502,9,55.77777777777778,74.87586933460241,281.8420639033483,1.752191235059761,1.7476095617529879,1.7557768924302788
5477477,20.0,678,2,1,645,22,29.318181818181817,37.69620351431391,243.18547013814825,2.8686821705426357,2.8486821705426357,2.893178294573643
5499001,20.0,670,4,3,557,31,17.967741935483872,35.66690783547405,195.37414296015018,3.128545780969479,3.097666068222621,3.358886894075404
5503058,20.0,916,5,5,724,14,51.714285714285715,31.077448025374263,160.4617423918488,1.8051104972375691,1.7870165745856352,1.8650552486187846
5503168,20.0,695,6,5,467,14,33.357142857142854,13.927466100096758,50.906745772334084,1.2483940042826553,1.2269807280513918,1.2734475374732335
5503359,20.0,716,4,5,520,10,52.0,44.782048203391405,151.3961838796637,1.603653846153846,1.571346153846154,1.6548076923076922
5540718,20.0,663,5,6,354,11,32.18181818181818,43.291664301577015,147.76117573306982,1.1940677966101694,1.1872881355932203,1.2118644067796611
5540722,20.0,691,5,4,502,10,50.2,73.19303223861517,209.45346905583816,1.0069721115537849,0.8181274900398406,1.4270916334661354
5540733,20.0,641,8,7,363,18,20.166666666666668,22.093479096020875,125.20585692857058,1.8068870523415976,1.7787878787878788,1.8550964187327823
5540847,20.0,869,6,6,593,14,42.357142857142854,59.60323538950922,273.50470583066766,2.59106239460371,2.570489038785835,2.6131534569983135
5547018,20.0,649,4,3,478,10,47.8,50.38017896007005,300.5681613931198,2.5910041841004183,2.5359832635983266,2.62092050209205
5565253,20.0,670,4,4,485,12,40.416666666666664,37.5132371669423,137.14769896804066,2.722680412371134,2.5309278350515463,2.787422680412371
5615881,20.0,1051,5,4,637,19,33.526315789473685,48.61129965205237,176.85054110297926,3.6263736263736264,3.600313971742543,3.6353218210361065
5615968,20.0,642,4,3,481,15,32.06666666666667,38.95887150115865,224.48721220483907,3.683783783783784,3.2455301455301453,4.161954261954262
5615986,20.0,685,6,5,485,15,32.333333333333336,40.29251798575969,108.27910253831286,2.8872164948453607,2.8816494845360823,2.9006185567010307
5615988,20.0,671,5,4,505,14,36.07142857142857,30.506207596651688,91.41158574994569,3.8182178217821785,3.816633663366337,3.8297029702970296
5616015,20.0,657,2,1,621,17,36.529411764705884,31.26297792354786,170.12363788522754,5.64170692431562,5.31610305958132,6.322222222222222
5633515,20.0,663,6,7,370,14,26.428571428571427,20.310722565472386,94.12312354505163,1.820810810810811,1.3713513513513513,1.924054054054054
5692189,20.0,1527,6,5,533,16,33.3125,40.79310061787472,142.63281784367246,2.6964352720450284,1.4898686679174484,3.0581613508442778
5705278,20.0,643,8,7,347,16,21.6875,32.013126016722794,112.38566692615245,0.8536023054755043,0.7587896253602305,0.8780979827089337
5705752,20.0,682,7,6,438,21,20.857142857142858,33.02080013823515,116.31242636656694,3.365068493150685,3.3607305936073057,3.3751141552511417
5706077,20.0,656,4,4,477,10,47.7,52.81786203395536,223.57240681500932,2.1750524109014675,1.970859538784067,2.192452830188679
5706137,20.0,737,9,9,337,17,19.823529411764707,9.990046996496568,50.46937060874386,1.4513353115727003,1.3225519287833827,1.4519287833827894
5715345,20.0,923,5,4,487,15,32.46666666666667,45.14098739903193,210.03722158581593,1.4940451745379877,1.3291581108829569,1.5714579055441478
5771585,20.0,720,6,5,505,14,36.07142857142857,45.4449439409871,151.96111876873056,2.483960396039604,2.4685148514851485,2.4932673267326733
5771621,20.0,675,6,5,471,17,27.705882352941178,20.227184035602132,98.18073379403408,3.3666666666666667,3.166454352441614,4.005732484076433
5772092,20.0,729,8,7,376,17,22.11764705882353,15.74964533487961,58.69441343948963,1.4058510638297872,1.1085106382978724,1.4601063829787233
5772102,20.0,725,4,4,557,12,46.416666666666664,43.075933345484074,188.9967159712496,1.3752244165170557,1.3587073608617593,1.3754039497307002
5772192,20.0,706,5,5,492,14,35.142857142857146,19.90051550696893,81.26276221669161,2.988211382113821,2.899593495934959,2.989227642276423
5874746,20.0,729,5,4,509,13,39.15384615384615,38.78332311928262,208.01837280478819,1.98762278978389,1.649115913555992,2.0732809430255403
5874767,20.0,1278,8,7,490,18,27.22222222222222,19.03611108301839,76.23324879778296,1.5761224489795918,1.3146938775510204,1.69
5874769,20.0,649,6,7,306,13,23.53846153846154,15.48150235119671,48.193159194743586,0.7810457516339869,0.7774509803921569,0.8506535947712419
5874787,20.0,1064,7,7,382,16,23.875,15.559291697072235,38.30585518260722,1.125130890052356,1.0112565445026178,1.1942408376963352
5875173,20.0,712,5,5,459,11,41.72727272727273,6.620058119007877,41.840822817736495,2.0633986928104577,2.04400871459695,2.0825708061002177
5882173,20.0,665,7,7,347,14,24.785714285714285,31.198794472440532,145.4228513306255,1.1328530259365994,1.1109510086455332,1.1417867435158502
5969330,20.0,721,6,6,465,19,24.473684210526315,17.089241200942062,96.57806043837148,2.804301075268817,2.6559139784946235,3.5329032258064514
5969331,20.0,706,7,6,437,17,25.705882352941178,29.68253801693045,109.89818659496841,1.2881006864988558,1.2773455377574372,1.300686498855835
5969362,20.0,672,4,4,474,13,36.46153846153846,50.500258881248044,285.73680076838906,3.3021097046413503,2.591350210970464,4.0474683544303796
6058407,20.0,696,6,5,490,17,28.823529411764707,93.61102945753642,320.02914344139657,2.486122448979592,2.4753061224489796,2.494285714285714
6062407,20.0,666,6,5,431,14,30.785714285714285,28.6126885301334,119.39236451416485,2.3164733178654293,2.3127610208816702,2.317401392111369
6109129,20.0,721,4,3,585,15,39.0,59.33698704631726,254.16589378945076,3.7264957264957266,3.0225641025641026,3.7740170940170943
6148097,20.0,725,7,8,335,19,17.63157894736842,22.678092543302352,80.88399100410035,2.746268656716418,2.7349253731343284,2.752537313432836
6148143,20.0,677,2,1,645,14,46.07142857142857,26.008815445760156,132.56782918090556,5.767131782945737,5.3351937984496125,5.815503875968992
6148208,20.0,646,6,5,437,17,25.705882352941178,26.885283572266328,191.8871596911494,3.0903890160183067,3.0720823798627004,3.102288329519451
6190357,20.0,710,5,5,444,12,37.0,35.982181469307235,164.2527559424157,2.1876126126126123,2.181756756756757,2.1952702702702704
6193396,20.0,658,5,5,408,12,34.0,14.656435755313272,45.767505446127004,2.365686274509804,2.3377450980392154,2.389950980392157
6193436,20.0,666,5,5,462,10,46.2,6.490767442864789,26.496865141308326,1.1203463203463204,1.1155844155844155,1.129004329004329
4216956,30.0,910,6,5,545,14,38.92857142857143,63.871617200293066,209.04686163573197,1.9711926605504586,1.8370642201834864,2.0385321100917433
4272243,30.0,646,3,2,564,25,22.56,40.31198651684932,185.42055159277174,2.948049645390071,2.931914893617021,3.004964539007092
4344977,30.0,1187,6,5,508,12,42.333333333333336,53.72310143064438,216.1813184713835,0.7248031496062992,0.7118110236220473,0.7271653543307086
4350946,30.0,690,5,5,432,13,33.23076923076923,23.657406537546823,85.62384394766721,1.4009259259259261,1.399074074074074,1.5606481481481482
4351935,30.0,775,2,1,719,9,79.88888888888889,31.406207977424607,133.15207339625056,4.864673157162726,4.830319888734353,4.923922114047288
4352377,30.0,716,4,3,586,13,45.07692307692308,25.74777534189729,112.30252843338954,4.008532423208191,3.9718430034129693,4.01962457337884
4358853,30.0,666,2,1,614,10,61.4,49.89149163145982,126.75944348165996,5.29527687296417,5.223127035830619,5.694625407166124
4359232,30.0,681,4,3,575,18,31.944444444444443,49.000958706477235,239.74433059292625,4.5053913043478255,4.488521739130435,4.519130434782609
4370045,30.0,720,3,2,620,16,38.75,40.090840099241206,182.50508759165277,5.779193548387097,5.710967741935484,5.79
4389353,30.0,650,5,4,492,21,23.428571428571427,61.17050003710504,369.0792653700378,4.310365853658536,3.652642276422764,4.5997967479674795
4389414,30.0,645,3,4,469,11,42.63636363636363,37.33557619897103,103.69611422731401,2.4275053304904053,2.2375266524520256,3.159914712153518
4392729,30.0,652,3,2,586,9,65.11111111111111,53.818456003628455,170.65685727949634,2.944709897610921,1.7076791808873721,2.986518771331058
4393045,30.0,936,6,5,503,18,27.944444444444443,31.95877348169249,124.82472403450998,2.6785288270377734,2.2962226640159047,2.729423459244533
4440451,30.0,657,1,0,657,19,34.578947368421055,33.81775200620356,161.67819185104506,7.979299847792998,7.209436834094369,8.078995433789954
4443744,30.0,710,2,1,659,9,73.22222222222223,105.77108992100243,333.5548620590364,3.9861911987860394,3.9779969650986344,4.01092564491654
4448887,30.0,666,5,5,427,12,35.583333333333336,45.62950569487876,185.3895392247151,2.150585480093677,1.8398126463700235,2.3482435597189695
4469551,30.0,670,5,4,530,19,27.894736842105264,93.34031142994938,405.1616009913539,1.989433962264151,1.9756603773584904,2.0300000000000002
4472905,30.0,816,5,4,460,15,30.666666666666668,21.543928082951176,101.21701257422637,1.3865217391304347,1.3697826086956522,1.4756521739130435
4473229,30.0,673,3,3,499,12,41.583333333333336,39.14650304633638,273.18675858335484,2.6731462925851703,2.3909819639278553,2.7468937875751505
4481970,30.0,642,3,2,569,11,51.72727272727273,52.81818370076438,178.39431269293107,3.720562390158172,3.7166959578207384,3.7553602811950793
4482888,30.0,647,1,1,615,28,21.964285714285715,14.283637905613622,102.63761123736116,8.162113821138211,8.096422764227643,8.205040650406504
4487550,30.0,653,4,3,471,15,31.4,28.695483542508654,146.89416378717902,2.896815286624204,2.5558386411889598,2.9399150743099787
4487946,30.0,710,2,1,280,12,23.333333333333332,38.63247658367498,252.63529775318182,4.291428571428571,3.7496428571428573,4.335
4504164,30.0,649,3,2,577,11,52.45454545454545,88.33998237385246,501.06702835242373,3.0098786828422877,2.915944540727903,3.11369150779896
4527487,30.0,671,4,3,553,8,69.125,15.493921698043005,76.09279592307006,0.9656419529837251,0.9623869801084992,0.9851717902350813
4544584,30.0,672,4,3,530,17,31.176470588235293,48.308572029514636,159.41428818021492,1.8481132075471698,1.8349056603773586,2.1635849056603775
4547202,30.0,696,7,7,322,15,21.466666666666665,16.20337582408747,101.94859153780754,0.7841614906832298,0.7736024844720497,1.156832298136646
4559519,30.0,991,4,3,563,12,46.916666666666664,62.50034733853192,259.84233407704306,1.27246891651865,1.247069271758437,1.316341030195382
4575701,30.0,700,3,2,625,15,41.666666666666664,77.89594638381452,371.6259804971336,2.03472,2.03344,2.05872
4579744,30.0,678,5,4,521,13,40.07692307692308,39.79699471160588,157.97818010250637,1.420345489443378,1.387140115163148,2.583109404990403
4605892,30.0,678,6,6,459,12,38.25,6.085707989484646,14.503307726526915,1.511764705882353,1.5030501089324617,1.5328976034858388
4668185,30.0,641,6,6,398,17,23.41176470588235,30.971439424778463,140.17351864157575,3.358793969849246,3.314572864321608,3.514321608040201
4705097,30.0,659,4,4,439,13,33.76923076923077,27.118988145006885,81.89086696407179,4.321640091116174,4.299088838268792,4.33371298405467
4724133,30.0,650,4,3,530,18,29.444444444444443,168.40895401409247,729.2125506065456,4.764905660377359,3.820377358490566,4.830188679245283
4749525,30.0,805,4,3,483,14,34.5,42.614983804295896,169.7828862643103,3.691718426501035,3.6579710144927535,3.7492753623188406
4754626,30.0,1144,5,4,496,13,38.15384615384615,64.85648644618927,289.0344065646668,2.983266129032258,2.9526209677419355,3.0058467741935484
4754956,30.0,647,5,5,464,16,29.0,33.14226271498104,152.297228488403,1.7084051724137932,1.693103448275862,1.7269396551724137
4775763,30.0,718,9,8,353,20,17.65,30.942137177217926,144.38740334072276,1.0045325779036829,0.9821529745042492,1.006515580736544
4785421,30.0,773,4,5,438,16,27.375,18.978144633405382,65.43550013037633,2.3406392694063927,2.3127853881278537,2.358219178082192
4789937,30.0,678,5,6,455,15,30.333333333333332,28.664958830270866,103.13665299662787,3.076043956043956,3.074065934065934,3.0804395604395602
4792515,30.0,705,6,7,406,13,31.23076923076923,11.961232597631,30.39130323118761,1.6044334975369459,1.5923645320197044,1.6443349753694583
4811115,30.0,643,5,4,440,12,36.666666666666664,104.36517830373893,310.0386724424174,2.141590909090909,2.124318181818182,2.1565909090909092
4824328,30.0,688,3,2,512,11,46.54545454545455,17.991858239455237,101.36048037377086,4.468359375,4.275,4.4759765625
4861227,30.0,710,9,8,291,18,16.166666666666668,27.122379616734893,140.87092563459936,1.2563573883161512,1.1487972508591067,1.4360824742268041
4861687,30.0,746,6,6,520,14,37.142857142857146,53.02160589781107,193.94147794111953,1.9975,1.9915384615384613,1.998846153846154
4862222,30.0,670,4,3,506,24,21.083333333333332,23.217981011287534,161.49383153408277,6.583399209486165,6.540513833992095,6.642292490118577
4862380,30.0,660,3,2,585,12,48.75,46.11223124066524,167.46563677721508,3.723931623931624,3.7155555555555555,3.7254700854700857
4865550,30.0,642,4,3,521,15,34.733333333333334,54.161966426110666,195.49175264633166,3.4466410748560463,2.3879078694817655,3.4527831094049906
4865558,30.0,649,5,4,494,20,24.7,38.70536455365872,195.10696474762833,4.186437246963562,4.179554655870445,4.22672064777328
4912927,30.0,674,2,1,637,27,23.59259259259259,22.74442357288827,189.8969766644513,8.260596546310833,7.7846153846153845,8.448979591836734
4915833,30.0,675,4,3,527,17,31.0,31.53979059599539,143.54369808044004,3.694876660341556,2.2518026565464897,3.704933586337761
4940890,30.0,683,3,2,589,12,49.083333333333336,70.42854076043774,289.56357748212497,4.073514431239389,4.06893039049236,4.151103565365026
5244934,30.0,656,6,6,405,13,31.153846153846153,24.1094097056449,123.7690769796215,0.9404938271604938,0.914320987654321,1.1318518518518519
5351422,30.0,654,4,4,502,9,55.77777777777778,74.87586933460241,281.8420639033483,1.7745019920318723,1.7741035856573706,1.7796812749003983
5477477,30.0,678,2,1,645,18,35.833333333333336,40.86137210183417,243.18547013814825,5.6429457364341085,5.506201550387597,5.9111627906976745
5499001,30.0,670,4,3,557,24,23.208333333333332,39.54362773178393,195.37414296015018,4.825852782764811,4.067324955116697,5.008438061041292
5503058,30.0,916,5,5,724,14,51.714285714285715,31.077448025374263,160.4617423918488,3.5609116022099445,3.55,3.6430939226519334
5503168,30.0,695,6,5,467,14,33.357142857142854,13.927466100096758,50.906745772334084,2.177944325481799,1.9017130620985012,2.4456102783725906
5503359,30.0,716,4,5,520,10,52.0,44.782048203391405,151.3961838796637,2.132884615384615,2.0942307692307693,3.0682692307692307
5540718,30.0,663,5,6,354,11,32.18181818181818,43.291664301577015,147.76117573306982,1.1587570621468926,1.1296610169491526,1.1799435028248588
5540722,30.0,691,5,4,502,10,50.2,73.19303223861517,209.45346905583816,0.6930278884462151,0.6625498007968128,0.7197211155378487
5540733,30.0,641,8,7,363,17,21.352941176470587,24.652128858229915,97.19622655115317,0.8548209366391185,0.8085399449035813,0.8581267217630854
5540847,30.0,869,6,6,593,14,42.357142857142854,59.60323538950922,273.50470583066766,1.3124789207419898,1.197470489038786,1.52141652613828
5547018,30.0,649,4,3,478,10,47.8,50.38017896007005,300.5681613931198,1.2075313807531383,1.205439330543933,1.2127615062761508
5565253,30.0,670,4,4,485,10,48.5,58.73033652161887,159.82841078429303,1.000618556701031,0.9890721649484536,1.008041237113402
5615881,30.0,1051,5,4,637,16,39.8125,50.65158553393511,176.85054110297926,1.598901098901099,1.5938775510204082,1.6365777080062793
5615968,30.0,642,4,3,481,14,34.357142857142854,40.09243607101155,224.48721220483907,3.304158004158004,3.1800415800415798,3.6286902286902287
5615986,30.0,685,6,5,485,15,32.333333333333336,40.29251798575969,108.27910253831286,1.6567010309278352,1.3977319587628865,1.9447422680412372
5615988,30.0,671,5,4,505,10,50.5,81.13544387357655,309.7750764467645,1.5114851485148515,1.5037623762376238,1.5201980198019802
5616015,30.0,657,2,1,621,13,47.76923076923077,53.059936111633405,225.26796606225736,5.675201288244767,5.644766505636071,5.700805152979066
5633515,30.0,663,6,7,370,12,30.833333333333332,21.69381391013889,94.12312354505163,1.4629729729729728,1.4486486486486487,1.463783783783784
5692189,30.0,1527,6,5,533,16,33.3125,40.79310061787472,142.63281784367246,2.9868667917448404,2.5320825515947467,3.0159474671669795
5705278,30.0,643,8,7,347,16,21.6875,32.013126016722794,112.38566692615245,1.4527377521613833,1.4504322766570605,1.4573487031700287
5705752,30.0,682,7,6,438,21,20.857142857142858,33.02080013823515,116.31242636656694,1.7431506849315068,1.5447488584474887,1.8141552511415526
5706077,30.0,656,4,4,477,10,47.7,52.81786203395536,223.57240681500932,0.9215932914046122,0.9060796645702306,0.9314465408805032
5706137,30.0,737,9,9,337,17,19.823529411764707,9.990046996496568,50.46937060874386,0.6302670623145401,0.629673590504451,0.6314540059347181
5715345,30.0,923,5,4,487,15,32.46666666666667,45.14098739903193,210.03722158581593,1.1193018480492813,1.1131416837782342,1.133264887063655
5771585,30.0,720,6,5,505,14,36.07142857142857,45.4449439409871,151.96111876873056,1.2784158415841584,1.2045544554455445,1.3011881188118812
5771621,30.0,675,6,5,471,16,29.4375,20.91101865403729,98.18073379403408,1.9033970276008492,1.9,1.9099787685774947
5772092,30.0,729,8,7,376,16,23.5,18.196336821541397,58.69441343948963,0.7861702127659576,0.7327127659574468,1.1683510638297874
5772102,30.0,725,4,4,557,12,46.416666666666664,43.075933345484074,188.9967159712496,2.031956912028725,1.4359066427289047,2.0992818671454216
5772192,30.0,706,5,5,492,13,37.84615384615385,21.41937638733991,81.26276221669161,2.65,2.140853658536585,2.709756097560976
5874746,30.0,729,5,4,509,11,46.27272727272727,47.850733263554005,208.01837280478819,2.0155206286836935,2.0111984282907662,2.0210216110019648
5874767,30.0,1278,8,7,490,17,28.823529411764707,19.875344470548157,76.23324879778296,2.136734693877551,2.128163265306122,2.1787755102040816
5874769,30.0,649,6,7,306,13,23.53846153846154,15.48150235119671,48.193159194743586,1.796078431372549,1.7486928104575163,1.8049019607843135
5874787,30.0,1064,7,7,382,15,25.466666666666665,16.678581762640963,45.563894584953246,1.587958115183246,1.5484293193717278,1.6471204188481676
5875173,30.0,712,5,5,459,11,41.72727272727273,6.620058119007877,41.840822817736495,1.1422657952069715,1.0738562091503268,1.3483660130718953
5882173,30.0,665,7,7,347,14,24.785714285714285,31.198794472440532,145.4228513306255,0.6861671469740633,0.6798270893371758,0.7048991354466858
5969330,30.0,721,6,6,465,17,27.352941176470587,18.103969467398883,96.57806043837148,2.0421505376344085,1.8851612903225807,2.2255913978494624
5969331,30.0,706,7,6,437,16,27.3125,29.965764919735065,109.89818659496841,2.2475972540045768,2.2336384439359267,2.595194508009153
5969362,30.0,672,4,4,474,13,36.46153846153846,50.500258881248044,285.73680076838906,1.989662447257384,1.949789029535865,2.0462025316455694
6058407,30.0,696,6,5,490,17,28.823529411764707,93.61102945753642,320.02914344139657,1.2693877551020407,1.2518367346938775,1.2742857142857142
6062407,30.0,666,6,5,431,14,30.785714285714285,28.6126885301334,119.39236451416485,1.1208816705336428,1.1134570765661251,1.1336426914153133
6109129,30.0,721,4,3,585,14,41.785714285714285,59.71273585469747,254.16589378945076,1.8598290598290599,1.8494017094017094,1.9275213675213674
6148097,30.0,725,7,8,335,18,18.61111111111111,23.20867622268221,80.88399100410035,1.5143283582089553,1.3164179104477611,1.7770149253731342
6148143,30.0,677,2,1,645,9,71.66666666666667,53.25556036830611,206.5550372298313,4.701860465116279,4.691007751937984,4.729922480620155
6148208,30.0,646,6,5,437,14,31.214285714285715,27.547925115839195,177.850179368285,2.4739130434782606,2.080320366132723,2.515102974828375
6190357,30.0,710,5,5,444,12,37.0,35.982181469307235,164.2527559424157,2.183333333333333,2.1655405405405403,2.184009009009009
6193396,30.0,658,5,5,408,12,34.0,14.656435755313272,45.767505446127004,2.3644607843137257,2.3534313725490197,2.381862745098039
6193436,30.0,666,5,5,462,10,46.2,6.490767442864789,26.496865141308326,0.9378787878787879,0.8138528138528138,1.1632034632034631
4216956,50.0,910,6,5,545,14,38.92857142857143,63.871617200293066,209.04686163573197,1.8884403669724772,1.850091743119266,2.0291743119266057
4272243,50.0,646,3,2,564,20,28.2,43.79954697789891,185.42055159277174,5.383333333333333,5.37145390070922,5.384751773049645
4344977,50.0,1187,6,5,508,12,42.333333333333336,53.72310143064438,216.1813184713835,1.2259842519685038,1.2090551181102362,1.3023622047244094
4350946,50.0,690,5,5,432,12,36.0,29.941574563966356,116.49876293342868,1.274537037037037,1.137037037037037,1.537037037037037
4351935,50.0,775,2,1,719,9,79.88888888888889,31.406207977424607,133.15207339625056,2.3785813630041726,2.3203059805285116,2.389568845618915
4352377,50.0,716,4,3,586,13,45.07692307692308,25.74777534189729,112.30252843338954,2.5,1.9767918088737202,3.07679180887372
4358853,50.0,666,2,1,614,7,87.71428571428571,77.19629443372823,317.9848261374329,2.3372964169381105,2.222801302931596,3.204397394136808
4359232,50.0,681,4,3,575,14,41.07142857142857,76.31093150464324,280.0565685843796,1.7942608695652176,1.7885217391304349,1.9255652173913045
4370045,50.0,720,3,2,620,14,44.285714285714285,44.497369822811585,182.50508759165277,2.8438709677419354,2.7866129032258065,3.9596774193548385
4389353,50.0,650,5,4,492,17,28.941176470588236,69.37715864690749,369.0792653700378,2.0930894308943087,2.073983739837398,2.101219512195122
4389414,50.0,645,3,4,469,10,46.9,42.120349106164944,113.62153204467398,1.8093816631130064,1.80682302771855,1.9253731343283582
4392729,50.0,652,3,2,586,8,73.25,76.97579713759438,322.7749283136522,2.733105802047781,2.7288395904436857,2.750853242320819
4393045,50.0,936,6,5,503,14,35.92857142857143,75.09258523161188,350.71829077877226,2.0395626242544735,2.0320079522862824,2.049304174950298
4440451,50.0,657,1,0,657,16,41.0625,40.25361644128507,190.6969226722725,6.5228310502283104,6.005022831050229,6.801217656012176
4443744,50.0,710,2,1,659,8,82.375,123.20885621372196,333.5548620590364,3.049317147192716,2.6963581183611534,3.456752655538695
4448887,50.0,666,5,5,427,11,38.81818181818182,57.022085986956135,201.5713942320131,1.4067915690866513,1.3899297423887589,1.4468384074941452
4469551,50.0,670,5,4,530,16,33.125,95.878751375275,405.1616009913539,3.723207547169811,3.6156603773584903,3.7784905660377355
4472905,50.0,816,5,4,460,13,35.38461538461539,44.57492556784817,248.66873069195725,2.6671739130434786,2.6469565217391304,2.686304347826087
4473229,50.0,673,3,3,499,10,49.9,90.24438133615159,410.40277297697367,3.189178356713427,2.859118236472946,3.212224448897796
4481970,50.0,642,3,2,569,10,56.9,52.42739582880759,178.39431269293107,2.7036906854130054,2.4609841827768015,3.02091388400703
4482888,50.0,647,1,1,615,19,32.36842105263158,39.965228049340695,237.36790113699686,6.668780487804878,5.147479674796748,7.052520325203252
4487550,50.0,653,4,3,471,12,39.25,43.29167885599139,186.75175006869404,3.0411889596602975,3.0252653927813165,3.045435244161359
4487946,50.0,710,2,1,280,9,31.11111111111111,50.41501992626996,252.63529775318182,4.525,4.5060714285714285,4.530714285714286
4504164,50.0,649,3,2,577,9,64.11111111111111,94.41417102477378,501.06702835242373,3.0703639514731367,2.910571923743501,3.0935875216637783
4527487,50.0,671,4,3,553,8,69.125,15.493921698043005,76.09279592307006,1.4674502712477395,1.4658227848101266,1.4678119349005425
4544584,50.0,672,4,3,530,13,40.76923076923077,54.493455053112584,159.41428818021492,3.719433962264151,3.699811320754717,3.7471698113207546
4547202,50.0,696,7,7,322,15,21.466666666666665,16.20337582408747,101.94859153780754,1.8891304347826086,1.86583850931677,1.9186335403726706
4559519,50.0,991,4,3,563,11,51.18181818181818,74.06272341701982,259.84233407704306,2.7397868561278864,2.5801065719360565,2.7648312611012433
4575701,50.0,700,3,2,625,9,69.44444444444444,111.17959786723652,371.6259804971336,3.4420800000000003,3.4176,3.4592
4579744,50.0,678,5,4,521,12,43.416666666666664,45.46614746090906,157.97818010250637,1.88042226487524,1.8145873320537427,1.9612284069097887
4605892,50.0,678,6,6,459,12,38.25,6.085707989484646,14.503307726526915,1.4413943355119827,1.4398692810457516,1.4954248366013072
4668185,50.0,641,6,6,398,16,24.875,38.79842798117,140.17351864157575,3.5793969849246228,3.5768844221105525,3.600502512562814
4705097,50.0,659,4,4,439,13,33.76923076923077,27.118988145006885,81.89086696407179,4.280637813211845,4.190432801822324,4.288382687927107
4724133,50.0,650,4,3,530,14,37.857142857142854,171.296534494459,729.2125506065456,4.320188679245283,4.300943396226415,4.39
4749525,50.0,805,4,3,483,13,37.15384615384615,44.26231716112377,169.7828862643103,3.6281573498964805,3.6122153209109733,3.6511387163561078
4754626,50.0,1144,5,4,496,13,38.15384615384615,64.85648644618927,289.0344065646668,2.9086693548387097,2.8951612903225805,2.92258064516129
4754956,50.0,647,5,5,464,15,30.933333333333334,34.11147166394082,152.297228488403,3.254094827586207,3.2178879310344826,3.2676724137931035
4775763,50.0,718,9,8,353,18,19.61111111111111,34.53064625716443,144.38740334072276,1.4691218130311616,1.4609065155807366,1.4696883852691216
4785421,50.0,773,4,5,438,15,29.2,20.44747196734212,65.43550013037633,3.353881278538813,3.291095890410959,4.157762557077626
4789937,50.0,678,5,6,455,12,37.916666666666664,34.56278068938297,103.13665299662787,2.3257142857142856,2.3046153846153845,2.332967032967033
4792515,50.0,705,6,7,406,12,33.833333333333336,15.418288711320645,62.0564000754882,1.5110837438423645,1.4977832512315272,1.516256157635468
4811115,50.0,643,5,4,440,11,40.0,106.23931780479877,310.0386724424174,1.991590909090909,1.973409090909091,2.007727272727273
4824328,50.0,688,3,2,512,10,51.2,19.34242121533154,101.36048037377086,4.278125,4.2166015625,4.279296875
4861227,50.0,710,9,8,291,18,16.166666666666668,27.122379616734893,140.87092563459936,1.461168384879725,1.4560137457044673,1.4814432989690722
4861687,50.0,746,6,6,520,14,37.142857142857146,53.02160589781107,193.94147794111953,2.06,2.0409615384615383,2.0748076923076924
4862222,50.0,670,4,3,506,20,25.3,38.869618223937756,161.49383153408277,5.788735177865613,4.9424901185770755,5.793675889328063
4862380,50.0,660,3,2,585,12,48.75,46.11223124066524,167.46563677721508,3.5552136752136754,3.4632478632478634,3.6073504273504278
4865550,50.0,642,4,3,521,14,37.214285714285715,57.19298130400315,195.49175264633166,1.5752399232245682,1.567754318618042,1.6694817658349328
4865558,50.0,649,5,4,494,17,29.058823529411764,61.20073213582771,195.10696474762833,1.6771255060728745,1.6665991902834008,1.7279352226720648
4912927,50.0,674,2,1,637,21,30.333333333333332,29.144515660657017,189.8969766644513,7.40690737833595,6.794662480376766,7.49120879120879
4915833,50.0,675,4,3,527,16,32.9375,37.836251443657886,143.54369808044004,4.12011385199241,4.096394686907021,4.135104364326375
4940890,50.0,683,3,2,589,9,65.44444444444444,82.87332495050875,289.56357748212497,3.069609507640068,2.77741935483871,3.467741935483871
5244934,50.0,656,6,6,405,13,31.153846153846153,24.1094097056449,123.7690769796215,1.814567901234568,1.8019753086419752,1.8274074074074074
5351422,50.0,654,4,4,502,8,62.75,82.06564074973795,281.8420639033483,1.5013944223107571,1.499203187250996,1.50199203187251
5477477,50.0,678,2,1,645,14,46.07142857142857,43.83053146606405,243.18547013814825,4.283875968992248,3.9348837209302325,4.93906976744186
5499001,50.0,670,4,3,557,19,29.31578947368421,43.145112487201835,195.37414296015018,4.6793536804308795,4.636265709156194,4.705924596050269
5503058,50.0,916,5,5,724,14,51.714285714285715,31.077448025374263,160.4617423918488,3.582044198895028,3.566022099447514,3.5968232044198896
5503168,50.0,695,6,5,467,12,38.916666666666664,23.035842797157464,63.71627332871528,0.7364025695931476,0.6927194860813705,0.7531049250535332
5503359,50.0,716,4,5,520,9,57.77777777777778,56.00979684241106,151.3961838796637,1.2723076923076924,1.2601923076923076,1.2794230769230768
5540718,50.0,663,5,6,354,11,32.18181818181818,43.291664301577015,147.76117573306982,1.2706214689265538,1.2225988700564971,1.3353107344632769
5540722,50.0,691,5,4,502,10,50.2,73.19303223861517,209.45346905583816,1.4910358565737052,1.4762948207171316,1.5243027888446217
5540733,50.0,641,8,7,363,17,21.352941176470587,24.652128858229915,97.19622655115317,1.7925619834710744,1.7757575757575759,1.803030303030303
5540847,50.0,869,6,6,593,13,45.61538461538461,104.1655214147277,427.20877889787727,2.096964586846543,2.088870151770658,2.124789207419899
5547018,50.0,649,4,3,478,9,53.111111111111114,86.084455052418,368.6598048137591,1.6675732217573223,1.6489539748953976,1.6686192468619248
5565253,50.0,670,4,4,485,9,53.888888888888886,64.50708899431879,159.82841078429303,1.8628865979381444,1.84659793814433,1.879381443298969
5615881,50.0,1051,5,4,637,13,49.0,58.16198693416032,192.97651469778546,1.4516483516483518,1.426059654631083,1.4649921507064365
5615968,50.0,642,4,3,481,10,48.1,80.6889966586705,374.6375140283261,1.9384615384615385,1.9155925155925155,2.017255717255717
5615986,50.0,685,6,5,485,14,34.642857142857146,49.81635677157691,149.37678051410364,1.225360824742268,1.220618556701031,1.2835051546391754
5615988,50.0,671,5,4,505,10,50.5,81.13544387357655,309.7750764467645,0.6859405940594059,0.6819801980198019,0.7312871287128713
5616015,50.0,657,2,1,621,11,56.45454545454545,93.95814185544762,336.3762062771303,2.2388083735909823,2.2280193236714974,2.2879227053140094
5633515,50.0,663,6,7,370,12,30.833333333333332,21.69381391013889,94.12312354505163,1.1348648648648647,0.9802702702702702,1.194054054054054
5692189,50.0,1527,6,5,533,14,38.07142857142857,42.133308468413105,142.63281784367246,2.94859287054409,2.9435272045028142,2.9615384615384617
5705278,50.0,643,8,7,347,16,21.6875,32.013126016722794,112.38566692615245,0.969164265129683,0.9345821325648416,1.0867435158501442
5705752,50.0,682,7,6,438,20,21.9,34.18426729892095,116.31242636656694,3.3292237442922374,3.2904109589041095,3.3897260273972605
5706077,50.0,656,4,4,477,9,53.0,54.63626185109773,223.57240681500932,2.1178197064989517,2.1054507337526203,2.118867924528302
5706137,50.0,737,9,9,337,17,19.823529411764707,9.990046996496568,50.46937060874386,1.1792284866468843,1.1670623145400594,1.3044510385756678
5715345,50.0,923,5,4,487,13,37.46153846153846,47.35685240454965,210.03722158581593,2.4078028747433264,2.4075975359342916,2.420533880903491
5771585,50.0,720,6,5,505,13,38.84615384615385,46.2667394472222,151.96111876873056,2.519009900990099,2.5182178217821782,2.5415841584158416
5771621,50.0,675,6,5,471,16,29.4375,20.91101865403729,98.18073379403408,3.1046709129511676,2.5972399150743097,3.513375796178344
5772092,50.0,729,8,7,376,16,23.5,18.196336821541397,58.69441343948963,0.8747340425531914,0.7452127659574468,0.8981382978723403
5772102,50.0,725,4,4,557,12,46.416666666666664,43.075933345484074,188.9967159712496,1.422262118491921,1.4179533213644524,1.4267504488330343
5772192,50.0,706,5,5,492,11,44.72727272727273,26.85925442460979,81.26276221669161,1.3276422764227642,1.166260162601626,2.1148373983739837
5874746,50.0,729,5,4,509,11,46.27272727272727,47.850733263554005,208.01837280478819,2.050884086444008,1.7886051080550098,2.0554027504911594
5874767,50.0,1278,8,7,490,16,30.625,23.143222387457094,80.6880998564473,1.4461224489795919,1.4324489795918367,1.499387755102041
5874769,50.0,649,6,7,306,13,23.53846153846154,15.48150235119671,48.193159194743586,1.7660130718954248,1.762091503267974,1.7888888888888888
5874787,50.0,1064,7,7,382,14,27.285714285714285,19.523330610800773,45.563894584953246,1.4835078534031414,1.4539267015706805,1.5102094240837696
5875173,50.0,712,5,5,459,10,45.9,18.07508866314592,70.81174871113083,1.4871459694989106,1.4862745098039216,1.5045751633986928
5882173,50.0,665,7,7,347,14,24.785714285714285,31.198794472440532,145.4228513306255,1.4827089337175792,1.4760806916426514,1.553314121037464
5969330,50.0,721,6,6,465,15,31.0,25.1922172413373,139.48121635425088,2.65247311827957,2.1068817204301076,2.6567741935483875
5969331,50.0,706,7,6,437,14,31.214285714285715,63.6990447118099,188.47545842410867,1.4691075514874141,1.4466819221967964,1.4887871853546912
5969362,50.0,672,4,4,474,10,47.4,74.24107353893523,320.5161350159261,2.25,2.059282700421941,2.6322784810126585
6058407,50.0,696,6,5,490,16,30.625,94.31947284797673,320.02914344139657,2.3448979591836734,2.203673469387755,2.346734693877551
6062407,50.0,666,6,5,431,14,30.785714285714285,28.6126885301334,119.39236451416485,2.225754060324826,1.8468677494199537,2.27122969837587
6109129,50.0,721,4,3,585,11,53.18181818181818,71.26420580226657,254.16589378945076,3.1736752136752133,3.1682051282051282,3.1788034188034184
6148097,50.0,725,7,8,335,18,18.61111111111111,23.20867622268221,80.88399100410035,2.7017910447761193,2.633731343283582,2.715223880597015
6148143,50.0,677,2,1,645,8,80.625,53.67457881382156,206.5550372298313,4.5238759689922485,4.4762790697674415,4.549612403100776
6148208,50.0,646,6,5,437,13,33.61538461538461,34.183034656176225,177.850179368285,2.1864988558352403,2.1640732265446223,2.1901601830663617
6190357,50.0,710,5,5,444,11,40.36363636363637,37.56432492837665,164.2527559424157,2.0175675675675673,1.5259009009009008,2.039189189189189
6193396,50.0,658,5,5,408,10,40.8,25.682801256144614,92.32115853392587,1.375735294117647,1.370343137254902,1.3960784313725492
6193436,50.0,666,5,5,462,10,46.2,6.490767442864789,26.496865141308326,1.2774891774891777,1.2727272727272727,1.3292207792207793
