time,latitude,longitude,altitude,osm_way_id,matched_latitude,matched_longitude,matched_distance,matched_type
2022-04-30 23:46:35,37.7786135,-122.4319529,2.525,107288559,37.778613,-122.431952,0.007264,True
2022-04-30 23:46:36,37.7786175,-122.4319472,2.555,107288559,37.778614,-122.431946,0.366705,False
2022-04-30 23:46:37,37.7786223,-122.4319219,3.651,107288559,37.778617,-122.43192,0.547209,False
2022-04-30 23:46:38,37.7786267,-122.4318974,5.021,107288559,37.77862,-122.431896,0.694894,False
2022-04-30 23:46:39,37.7786286,-122.4318774,4.7,107288559,37.778622,-122.431876,0.630667,False
2022-04-30 23:46:40,37.7786287,-122.4318667,4.938,107288559,37.778624,-122.431865,0.494074,False
2022-04-30 23:46:41,37.7786264,-122.4318587,6.3180000000000005,107288559,37.778625,-122.431858,0.132626,False
2022-04-30 23:46:42,37.7786253,-122.4318504,6.773000000000001,107288559,37.778626,-122.43185,0.101941,False
2022-04-30 23:46:43,37.7786227,-122.431842,6.837,107288559,37.778627,-122.431842,0.50166,False
2022-04-30 23:46:44,37.7786163,-122.4318253,7.244,107288559,37.778629,-122.431827,1.430737,True
2022-04-30 23:46:45,37.7786026,-122.4318038,7.005,107288559,37.778631,-122.431809,3.223037,False
2022-04-30 23:46:46,37.7785827,-122.4317848,6.348,107288551,37.778584,-122.43177,1.244532,False
2022-04-30 23:46:47,37.7785525,-122.4317723,5.58,107288551,37.778553,-122.431764,0.682132,False
2022-04-30 23:46:48,37.7785128,-122.4317599,5.119,107288551,37.778513,-122.431756,0.301262,True
2022-04-30 23:46:49,37.7784709,-122.4317497,4.978,107288551,37.778471,-122.431747,0.169218,False
2022-04-30 23:46:50,37.7784235,-122.4317399,4.931,107288551,37.778423,-122.431737,0.169813,True
2022-04-30 23:46:51,37.7783741,-122.4317282,5.0520000000000005,107288551,37.778374,-122.431727,0.024758,False
2022-04-30 23:46:52,37.7783244,-122.431712,5.151,107288551,37.778323,-122.431717,0.505228,True
2022-04-30 23:46:53,37.7782809,-122.4316993,4.8180000000000005,107288551,37.778279,-122.431708,0.841466,False
2022-04-30 23:46:54,37.7782413,-122.4316936,4.187,107288551,37.77824,-122.4317,0.635818,False
2022-04-30 23:46:55,37.778205,-122.4316865,3.822,107288551,37.778204,-122.431693,0.594289,True
2022-04-30 23:46:56,37.7781691,-122.4316809,4.0600000000000005,107288551,37.778168,-122.431685,0.430628,False
2022-04-30 23:46:57,37.7781346,-122.431674,4.181,107288551,37.778134,-122.431678,0.40427,False
2022-04-30 23:46:58,37.7780961,-122.431665,4.6080000000000005,107288551,37.778093,-122.43167,0.555348,True
2022-04-30 23:46:59,37.7780586,-122.431655,5.246,107288551,37.778057,-122.431662,0.700911,False
2022-04-30 23:47:00,37.7780255,-122.431647,5.668,107288551,37.778024,-122.431656,0.820032,False
2022-04-30 23:47:01,37.777997,-122.4316387,5.9670000000000005,107288551,37.777995,-122.43165,1.044462,True
2022-04-30 23:47:02,37.7779718,-122.4316369,5.869,107288551,37.77797,-122.431645,0.764788,False
2022-04-30 23:47:03,37.7779476,-122.4316363,5.859,107288551,37.777947,-122.43164,0.398795,False
2022-04-30 23:47:04,37.7779237,-122.4316343,5.993,107288551,37.777923,-122.431636,0.158827,False
2022-04-30 23:47:05,37.7779027,-122.4316306,6.138,107288551,37.777898,-122.431631,0.520839,True
2022-04-30 23:47:06,37.7778842,-122.4316265,6.361,107288551,37.777883,-122.431628,0.136253,False
2022-04-30 23:47:07,37.7778686,-122.4316228,6.235,107288551,37.777868,-122.431624,0.170731,False
2022-04-30 23:47:08,37.7778553,-122.4316199,6.231,107288551,37.777855,-122.431621,0.178191,False
2022-04-30 23:47:09,37.7778475,-122.4316184,6.09,107288551,37.777847,-122.43162,0.165261,False
2022-04-30 23:47:10,37.7778442,-122.4316178,6.407,107288551,37.777843,-122.431619,0.156808,False
2022-04-30 23:47:11,37.7778445,-122.431618,6.34,107288551,37.777843,-122.431619,0.149344,False
2022-04-30 23:47:12,37.7778436,-122.4316179,6.5680000000000005,107288551,37.777843,-122.431619,0.137248,False
2022-04-30 23:47:13,37.7778395,-122.4316173,6.7860000000000005,107288551,37.777839,-122.431618,0.114208,False
2022-04-30 23:47:14,37.7778306,-122.4316171,6.7410000000000005,107288551,37.77783,-122.431616,0.030831,False
2022-04-30 23:47:15,37.7778195,-122.4316176,6.890000000000001,107288551,37.777819,-122.431614,0.27632,False
2022-04-30 23:47:16,37.7778103,-122.4316179,7.0280000000000005,107288551,37.777794,-122.431609,1.962911,True
2022-04-30 23:47:17,37.7778044,-122.431619,7.182,107288551,37.777794,-122.431609,1.444294,False
2022-04-30 23:47:18,37.7777988,-122.4316197,7.568,107288551,37.777794,-122.431609,1.075199,False
2022-04-30 23:47:19,37.7777949,-122.4316206,8.181000000000001,107288551,37.777794,-122.431609,1.018611,False
2022-04-30 23:47:20,37.7777947,-122.4316219,8.145,107288551,37.777794,-122.431609,1.130001,False
2022-04-30 23:47:21,37.7777946,-122.4316229,8.171,107288551,37.777794,-122.431609,1.216549,False
2022-04-30 23:47:22,37.7777938,-122.4316241,8.127,107288551,37.777794,-122.431609,1.319794,False
2022-04-30 23:47:23,37.7777902,-122.4316245,8.578,107288551,37.777792,-122.431608,1.402823,False
2022-04-30 23:47:24,37.777784,-122.4316269,8.811,107288551,37.777786,-122.431607,1.714739,False
2022-04-30 23:47:25,37.7777724,-122.4316336,9.066,107288551,37.777775,-122.431605,2.489166,False
2022-04-30 23:47:26,37.7777577,-122.4316426,9.52,107288551,37.777762,-122.431602,3.514556,False
2022-04-30 23:47:27,37.7777398,-122.4316623,9.628,107288551,37.777747,-122.431599,5.518082,False
2022-04-30 23:47:28,37.777724,-122.4316936,8.706,112408727,37.777694,-122.431694,3.319265,True
2022-04-30 23:47:29,37.7777125,-122.4317335,7.456,112408727,37.777689,-122.431728,2.554922,False
2022-04-30 23:47:30,37.7777023,-122.4317893,7.275,112408727,37.777682,-122.431785,2.217652,False
2022-04-30 23:47:31,37.7776935,-122.4318487,7.46,112408727,37.777674,-122.431844,2.083276,True
2022-04-30 23:47:32,37.7776852,-122.4319104,7.331,112408727,37.777667,-122.431906,2.035471,False
2022-04-30 23:47:33,37.7776766,-122.4319787,7.309,112408727,37.777658,-122.431974,2.046719,True
2022-04-30 23:47:34,37.7776685,-122.4320497,7.666,112408727,37.777649,-122.432045,2.150101,False
2022-04-30 23:47:35,37.7776601,-122.4321197,7.74,112408727,37.77764,-122.432115,2.206827,True
2022-04-30 23:47:36,37.7776515,-122.4321915,8.905,112408727,37.777631,-122.432187,2.266758,False
2022-04-30 23:47:37,37.7776456,-122.4322631,8.083,112408727,37.777622,-122.432258,2.618632,True
2022-04-30 23:47:38,37.7776396,-122.4323346,6.897,112408727,37.777613,-122.432329,2.9582,False
2022-04-30 23:47:39,37.7776345,-122.4324053,5.158,112408727,37.777604,-122.432399,3.384882,True
2022-04-30 23:47:40,37.7776261,-122.4324732,5.055,112408727,37.777595,-122.432466,3.412398,False
2022-04-30 23:47:41,37.7776194,-122.4325447,4.641,112408727,37.777586,-122.432538,3.675556,True
2022-04-30 23:47:42,37.7776097,-122.4326167,5.579,112408727,37.777577,-122.43261,3.618195,False
2022-04-30 23:47:43,37.7775989,-122.4326894,6.173,112408727,37.777568,-122.432683,3.450498,True
2022-04-30 23:47:44,37.7775874,-122.4327584,6.9110000000000005,112408727,37.777559,-122.432752,3.154925,False
2022-04-30 23:47:45,37.7775795,-122.4328267,6.406,112408727,37.77755,-122.43282,3.242584,True
2022-04-30 23:47:46,37.7775701,-122.4328821,6.431,112408727,37.777543,-122.432876,2.987077,False
2022-04-30 23:47:47,37.7775625,-122.432926,6.721,112408727,37.777537,-122.43292,2.768097,False
2022-04-30 23:47:48,37.7775572,-122.4329612,7.329,112408727,37.777533,-122.432956,2.679168,True
2022-04-30 23:47:49,37.7775541,-122.4329901,7.144,112408727,37.777529,-122.432985,2.742757,False
2022-04-30 23:47:50,37.7775525,-122.4330147,7.302,112408727,37.777526,-122.433009,2.910274,False
2022-04-30 23:47:51,37.7775503,-122.4330393,7.785,112408727,37.777523,-122.433033,3.012295,False
2022-04-30 23:47:52,37.7775482,-122.43306,8.466,112408727,37.77752,-122.433054,3.070986,False
2022-04-30 23:47:53,37.777546,-122.4330777,8.566,112408727,37.777518,-122.433072,3.077034,True
2022-04-30 23:47:54,37.7775424,-122.4331107,8.207,112408727,37.777514,-122.433104,3.143072,False
2022-04-30 23:47:55,37.7775357,-122.4331613,8.465,112408727,37.777507,-122.433155,3.120183,False
2022-04-30 23:47:56,37.7775274,-122.4332279,8.779,112408727,37.777499,-122.433222,3.159242,True
2022-04-30 23:47:57,37.7775178,-122.4333066,8.886000000000001,112408724,37.777489,-122.433301,3.163012,False
2022-04-30 23:47:58,37.7775081,-122.4333896,9.012,112408724,37.777479,-122.433383,3.228864,True
2022-04-30 23:47:59,37.7774989,-122.4334753,10.038,112408724,37.777468,-122.433468,3.429738,False
2022-04-30 23:48:00,37.7774896,-122.4335617,10.927,112408724,37.777457,-122.433555,3.629541,True
2022-04-30 23:48:01,37.7774788,-122.433649,10.884,112408724,37.777445,-122.433642,3.678306,False
2022-04-30 23:48:02,37.7774672,-122.4337378,9.995,112408724,37.777434,-122.433731,3.660858,True
2022-04-30 23:48:03,37.7774555,-122.433831,10.423,112408724,37.777422,-122.433824,3.694356,False
2022-04-30 23:48:04,37.777443,-122.4339262,11.163,112408724,37.77741,-122.433919,3.66867,True
2022-04-30 23:48:05,37.7774299,-122.4340242,13.359,112408724,37.777397,-122.434017,3.616873,False
2022-04-30 23:48:06,37.7774169,-122.4341196,14.961,112408724,37.777385,-122.434113,3.539435,True
2022-04-30 23:48:07,37.7774052,-122.4342054,15.685,112408724,37.777374,-122.434199,3.468898,False
2022-04-30 23:48:08,37.7773941,-122.4342892,16.445,112408724,37.777363,-122.434282,3.435719,True
2022-04-30 23:48:09,37.7773826,-122.4343723,17.02,112408724,37.777352,-122.434366,3.349048,False
2022-04-30 23:48:10,37.7773748,-122.4344538,17.907,112408724,37.777342,-122.434447,3.643653,True
2022-04-30 23:48:11,37.777379,-122.4345228,17.745,112408724,37.777333,-122.434513,5.072045,False
2022-04-30 23:48:12,37.7773843,-122.4345816,18.28,112408724,37.777326,-122.434569,6.477077,True
2022-04-30 23:48:13,37.777385,-122.4346262,18.551,112408724,37.77732,-122.434612,7.180489,False
2022-04-30 23:48:14,37.777383,-122.4346574,19.005,112408724,37.777316,-122.434643,7.400871,False
2022-04-30 23:48:15,37.7773821,-122.4346793,19.486,112408724,37.777314,-122.434665,7.610545,False
2022-04-30 23:48:16,37.7773809,-122.4346927,19.437,112408724,37.777312,-122.434678,7.667981,False
2022-04-30 23:48:17,37.7773799,-122.4347003,19.251,112408724,37.777311,-122.434686,7.665701,True
2022-04-30 23:48:18,37.7773798,-122.4347039,19.358,112408724,37.777311,-122.434689,7.7054,False
2022-04-30 23:48:19,37.7773801,-122.4347031,19.265,112408724,37.777311,-122.434689,7.727249,False
2022-04-30 23:48:20,37.7773808,-122.4347022,19.086,112408724,37.777311,-122.434689,7.792362,False
2022-04-30 23:48:21,37.7773814,-122.4347019,19.093,112408724,37.777311,-122.434689,7.854457,False
2022-04-30 23:48:22,37.7773815,-122.4347022,19.415,112408724,37.777311,-122.434689,7.869004,False
2022-04-30 23:48:23,37.7773818,-122.434702,19.533,112408724,37.777311,-122.434689,7.899461,False
2022-04-30 23:48:24,37.7773819,-122.4347025,19.982,112408724,37.777311,-122.434689,7.916464,False
2022-04-30 23:48:25,37.777382,-122.4347027,20.175,112408724,37.777311,-122.434689,7.929892,False
2022-04-30 23:48:26,37.7773818,-122.4347036,20.743,112408724,37.777311,-122.434689,7.919675,False
2022-04-30 23:48:27,37.7773815,-122.4347051,21.471,112408724,37.77731,-122.43469,7.907787,False
2022-04-30 23:48:28,37.7773811,-122.4347068,22.266,112408724,37.77731,-122.434692,7.888036,False
2022-04-30 23:48:29,37.7773808,-122.4347073,22.58,112408724,37.77731,-122.434692,7.862327,False
2022-04-30 23:48:30,37.7773801,-122.4347089,23.249,112408724,37.77731,-122.434694,7.808433,False
2022-04-30 23:48:31,37.7773794,-122.4347104,24.029,112408724,37.77731,-122.434696,7.753132,False
2022-04-30 23:48:32,37.7773786,-122.4347115,24.668,112408724,37.77731,-122.434697,7.681295,False
2022-04-30 23:48:33,37.7773781,-122.4347126,25.432,112408724,37.777309,-122.434698,7.642197,False
2022-04-30 23:48:34,37.7773777,-122.4347139,26.206,112408724,37.777309,-122.434699,7.616822,False
2022-04-30 23:48:35,37.7773768,-122.4347151,26.89,112408724,37.777309,-122.434701,7.535478,False
2022-04-30 23:48:36,37.7773757,-122.4347166,27.982,112408724,37.777309,-122.434702,7.436527,False
2022-04-30 23:48:37,37.7773741,-122.434718,29.114,112408724,37.777309,-122.434704,7.281607,False
2022-04-30 23:48:38,37.7773729,-122.4347193,30.058,112408724,37.777308,-122.434706,7.168931,False
2022-04-30 23:48:39,37.777372,-122.4347203,30.691,112408724,37.777308,-122.434707,7.084775,False
2022-04-30 23:48:40,37.7773707,-122.4347213,31.45,112408724,37.777308,-122.434708,6.956969,False
2022-04-30 23:48:41,37.7773693,-122.4347221,32.179,112408724,37.777308,-122.434709,6.815439,False
2022-04-30 23:48:42,37.7773677,-122.434723,32.924,112408724,37.777308,-122.43471,6.653489,False
2022-04-30 23:48:43,37.7773663,-122.4347242,33.896,112408724,37.777308,-122.434712,6.517581,False
2022-04-30 23:48:44,37.7773651,-122.434725,34.616,112408724,37.777307,-122.434713,6.397876,False
2022-04-30 23:48:45,37.7773636,-122.434726,35.442,112408724,37.777307,-122.434714,6.248244,False
2022-04-30 23:48:46,37.7773622,-122.4347271,36.133,112408724,37.777307,-122.434715,6.110932,False
2022-04-30 23:48:47,37.7773608,-122.4347284,36.963,112408724,37.777307,-122.434717,5.976431,False
2022-04-30 23:48:48,37.7773594,-122.4347302,38.08,112408724,37.777307,-122.434719,5.848959,False
2022-04-30 23:48:49,37.77735914397591,-122.43473030933735,38.1256234939759,112408724,37.77730697590361,-122.43471919277108,5.840614352409639,False
2022-04-30 23:48:50,37.777358887951806,-122.4347304186747,38.171246987951804,112408724,37.777306951807226,-122.43471938554217,5.832269704819277,False
2022-04-30 23:48:51,37.77735863192771,-122.43473052801205,38.21687048192771,112408724,37.777306927710846,-122.43471957831325,5.823925057228916,False
2022-04-30 23:48:52,37.77735837590362,-122.4347306373494,38.26249397590361,112408724,37.77730690361446,-122.43471977108433,5.815580409638554,False
2022-04-30 23:48:53,37.77735811987952,-122.43473074668675,38.30811746987952,112408724,37.77730687951807,-122.43471996385543,5.807235762048193,False
2022-04-30 23:48:54,37.77735786385542,-122.4347308560241,38.35374096385542,112408724,37.777306855421685,-122.43472015662651,5.798891114457831,False
2022-04-30 23:48:55,37.77735760783133,-122.43473096536145,38.399364457831325,112408724,37.777306831325305,-122.4347203493976,5.79054646686747,False
2022-04-30 23:48:56,37.77735735180723,-122.4347310746988,38.44498795180723,112408724,37.77730680722892,-122.43472054216868,5.782201819277108,False
2022-04-30 23:48:57,37.77735709578313,-122.43473118403615,38.49061144578313,112408724,37.77730678313253,-122.43472073493976,5.773857171686747,False
2022-04-30 23:48:58,37.77735683975904,-122.4347312933735,38.536234939759034,112408724,37.77730675903614,-122.43472092771084,5.765512524096385,False
2022-04-30 23:48:59,37.77735658373494,-122.43473140271085,38.581858433734936,112408724,37.777306734939756,-122.43472112048192,5.757167876506024,False
2022-04-30 23:49:00,37.77735632771085,-122.4347315120482,38.62748192771084,112408724,37.777306710843376,-122.43472131325301,5.748823228915662,False
2022-04-30 23:49:01,37.77735607168675,-122.43473162138555,38.67310542168674,112408724,37.77730668674699,-122.4347215060241,5.740478581325301,False
2022-04-30 23:49:02,37.77735581566265,-122.4347317307229,38.71872891566265,112408724,37.7773066626506,-122.43472169879519,5.732133933734939,False
2022-04-30 23:49:03,37.77735555963856,-122.43473184006025,38.764352409638555,112408724,37.777306638554215,-122.43472189156627,5.723789286144578,False
2022-04-30 23:49:04,37.777355303614456,-122.43473194939759,38.80997590361446,112408724,37.777306614457835,-122.43472208433735,5.715444638554216,False
2022-04-30 23:49:05,37.77735504759036,-122.43473205873494,38.85559939759036,112408724,37.77730659036145,-122.43472227710843,5.707099990963855,False
2022-04-30 23:49:06,37.77735479156627,-122.43473216807229,38.90122289156626,112408724,37.77730656626506,-122.43472246987952,5.698755343373493,False
2022-04-30 23:49:07,37.77735453554217,-122.43473227740964,38.946846385542166,112408724,37.777306542168674,-122.4347226626506,5.690410695783132,False
2022-04-30 23:49:08,37.77735427951807,-122.43473238674699,38.99246987951807,112408724,37.77730651807229,-122.43472285542168,5.6820660481927705,False
2022-04-30 23:49:09,37.77735402349398,-122.43473249608434,39.03809337349397,112408724,37.77730649397591,-122.43472304819277,5.6737214006024095,False
2022-04-30 23:49:10,37.77735376746988,-122.43473260542169,39.083716867469875,112408724,37.77730646987952,-122.43472324096386,5.665376753012048,False
2022-04-30 23:49:11,37.77735351144578,-122.43473271475904,39.129340361445784,112408724,37.77730644578313,-122.43472343373494,5.6570321054216866,False
2022-04-30 23:49:12,37.77735325542169,-122.43473282409639,39.17496385542169,112408724,37.777306421686745,-122.43472362650603,5.6486874578313255,False
2022-04-30 23:49:13,37.77735299939759,-122.43473293343374,39.22058734939759,112408724,37.77730639759036,-122.43472381927711,5.640342810240964,False
2022-04-30 23:49:14,37.7773527433735,-122.43473304277109,39.26621084337349,112408724,37.77730637349398,-122.43472401204819,5.631998162650603,False
2022-04-30 23:49:15,37.7773524873494,-122.43473315210844,39.311834337349396,112408724,37.77730634939759,-122.43472420481928,5.623653515060241,False
2022-04-30 23:49:16,37.7773522313253,-122.43473326144579,39.3574578313253,112408724,37.777306325301204,-122.43472439759036,5.61530886746988,False
2022-04-30 23:49:17,37.77735197530121,-122.43473337078314,39.4030813253012,112408724,37.77730630120482,-122.43472459036144,5.606964219879518,False
2022-04-30 23:49:18,37.777351719277114,-122.43473348012049,39.448704819277104,112408724,37.77730627710844,-122.43472478313254,5.598619572289157,False
2022-04-30 23:49:19,37.77735146325301,-122.43473358945784,39.49432831325301,112408724,37.77730625301205,-122.43472497590362,5.590274924698795,False
2022-04-30 23:49:20,37.77735120722892,-122.43473369879518,39.53995180722892,112408724,37.77730622891566,-122.4347251686747,5.581930277108434,False
2022-04-30 23:49:21,37.777350951204824,-122.43473380813253,39.58557530120482,112408724,37.777306204819276,-122.43472536144579,5.573585629518072,False
2022-04-30 23:49:22,37.77735069518072,-122.43473391746988,39.63119879518072,112408724,37.77730618072289,-122.43472555421687,5.565240981927711,False
2022-04-30 23:49:23,37.77735043915663,-122.43473402680723,39.676822289156625,112408724,37.77730615662651,-122.43472574698795,5.556896334337349,False
2022-04-30 23:49:24,37.77735018313253,-122.43473413614458,39.72244578313253,112408724,37.77730613253012,-122.43472593975903,5.548551686746988,False
2022-04-30 23:49:25,37.77734992710844,-122.43473424548193,39.76806927710843,112408724,37.777306108433734,-122.43472613253012,5.540207039156626,False
2022-04-30 23:49:26,37.77734967108434,-122.43473435481928,39.813692771084334,112408724,37.77730608433735,-122.4347263253012,5.531862391566265,False
2022-04-30 23:49:27,37.77734941506024,-122.43473446415663,39.85931626506024,112408724,37.77730606024097,-122.4347265180723,5.523517743975903,False
2022-04-30 23:49:28,37.77734915903615,-122.43473457349398,39.90493975903614,112408724,37.77730603614458,-122.43472671084338,5.515173096385542,False
2022-04-30 23:49:29,37.77734890301205,-122.43473468283133,39.95056325301205,112408724,37.77730601204819,-122.43472690361446,5.50682844879518,False
2022-04-30 23:49:30,37.77734864698795,-122.43473479216868,39.99618674698795,112408724,37.777305987951806,-122.43472709638554,5.498483801204819,False
2022-04-30 23:49:31,37.77734839096386,-122.43473490150603,40.041810240963855,112408724,37.77730596385542,-122.43472728915663,5.490139153614457,False
2022-04-30 23:49:32,37.777348134939764,-122.43473501084338,40.08743373493976,112408724,37.77730593975904,-122.43472748192771,5.481794506024096,False
2022-04-30 23:49:33,37.77734787891566,-122.43473512018073,40.13305722891566,112408724,37.77730591566265,-122.43472767469879,5.473449858433735,False
2022-04-30 23:49:34,37.77734762289157,-122.43473522951807,40.17868072289156,112408724,37.777305891566265,-122.43472786746987,5.465105210843373,False
2022-04-30 23:49:35,37.777347366867474,-122.43473533885542,40.224304216867466,112408724,37.77730586746988,-122.43472806024097,5.456760563253012,False
2022-04-30 23:49:36,37.77734711084337,-122.43473544819277,40.26992771084337,112408724,37.7773058433735,-122.43472825301205,5.44841591566265,False
2022-04-30 23:49:37,37.77734685481928,-122.43473555753012,40.31555120481927,112408724,37.77730581927711,-122.43472844578314,5.440071268072289,False
2022-04-30 23:49:38,37.777346598795184,-122.43473566686747,40.36117469879518,112408724,37.77730579518072,-122.43472863855422,5.4317266204819274,False
2022-04-30 23:49:39,37.77734634277109,-122.43473577620482,40.406798192771085,112408724,37.777305771084336,-122.4347288313253,5.423381972891566,False
2022-04-30 23:49:40,37.77734608674699,-122.43473588554217,40.45242168674699,112408724,37.77730574698795,-122.43472902409638,5.4150373253012045,False
2022-04-30 23:49:41,37.77734583072289,-122.43473599487952,40.49804518072289,112408724,37.77730572289157,-122.43472921686747,5.4066926777108435,False
2022-04-30 23:49:42,37.7773455746988,-122.43473610421687,40.54366867469879,112408724,37.77730569879518,-122.43472940963855,5.398348030120482,False
2022-04-30 23:49:43,37.7773453186747,-122.43473621355422,40.589292168674696,112408724,37.777305674698795,-122.43472960240963,5.390003382530121,False
2022-04-30 23:49:44,37.7773450626506,-122.43473632289157,40.6349156626506,112408724,37.77730565060241,-122.43472979518073,5.381658734939759,False
2022-04-30 23:49:45,37.77734480662651,-122.43473643222892,40.6805391566265,112408724,37.77730562650603,-122.43472998795181,5.373314087349398,False
2022-04-30 23:49:46,37.777344550602415,-122.43473654156627,40.726162650602404,112408724,37.77730560240964,-122.4347301807229,5.364969439759036,False
2022-04-30 23:49:47,37.77734429457831,-122.43473665090362,40.771786144578314,112408724,37.77730557831325,-122.43473037349398,5.356624792168675,False
2022-04-30 23:49:48,37.77734403855422,-122.43473676024097,40.81740963855422,112408724,37.777305554216866,-122.43473056626506,5.348280144578313,False
2022-04-30 23:49:49,37.777343782530124,-122.43473686957832,40.86303313253012,112408724,37.77730553012048,-122.43473075903614,5.339935496987952,False
2022-04-30 23:49:50,37.77734352650602,-122.43473697891567,40.90865662650602,112408724,37.7773055060241,-122.43473095180723,5.331590849397591,False
2022-04-30 23:49:51,37.77734327048193,-122.43473708825302,40.954280120481926,112408724,37.77730548192771,-122.43473114457831,5.323246201807229,False
2022-04-30 23:49:52,37.777343014457834,-122.43473719759037,40.99990361445783,112408724,37.777305457831325,-122.4347313373494,5.314901554216867,False
2022-04-30 23:49:53,37.77734275843374,-122.43473730692772,41.04552710843373,112408724,37.77730543373494,-122.43473153012049,5.306556906626506,False
2022-04-30 23:49:54,37.77734250240964,-122.43473741626507,41.091150602409634,112408724,37.77730540963856,-122.43473172289157,5.298212259036145,False
2022-04-30 23:49:55,37.777342246385544,-122.43473752560242,41.13677409638554,112408724,37.77730538554217,-122.43473191566265,5.289867611445783,False
2022-04-30 23:49:56,37.77734199036145,-122.43473763493976,41.18239759036145,112408724,37.777305361445784,-122.43473210843374,5.281522963855422,False
2022-04-30 23:49:57,37.77734173433735,-122.43473774427711,41.22802108433735,112408724,37.7773053373494,-122.43473230120482,5.27317831626506,False
2022-04-30 23:49:58,37.777341478313254,-122.43473785361446,41.27364457831325,112408724,37.77730531325301,-122.4347324939759,5.264833668674699,False
2022-04-30 23:49:59,37.77734122228916,-122.43473796295181,41.319268072289155,112408724,37.77730528915663,-122.43473268674698,5.256489021084337,False
2022-04-30 23:50:00,37.777340966265065,-122.43473807228916,41.36489156626506,112408724,37.77730526506024,-122.43473287951807,5.248144373493976,False
2022-04-30 23:50:01,37.77734071024096,-122.43473818162651,41.41051506024096,112408724,37.777305240963855,-122.43473307228916,5.239799725903614,False
2022-04-30 23:50:02,37.77734045421687,-122.43473829096386,41.456138554216864,112408724,37.77730521686747,-122.43473326506025,5.231455078313253,False
2022-04-30 23:50:03,37.777340198192775,-122.43473840030121,41.50176204819277,112408724,37.77730519277108,-122.43473345783133,5.223110430722891,False
2022-04-30 23:50:04,37.77733994216867,-122.43473850963855,41.54738554216867,112408724,37.7773051686747,-122.43473365060241,5.21476578313253,False
2022-04-30 23:50:05,37.77733968614458,-122.4347386189759,41.59300903614458,112408724,37.777305144578314,-122.4347338433735,5.206421135542168,False
2022-04-30 23:50:06,37.777339430120485,-122.43473872831325,41.63863253012048,112408724,37.77730512048193,-122.43473403614458,5.198076487951807,False
2022-04-30 23:50:07,37.77733917409639,-122.4347388376506,41.684256024096385,112408724,37.77730509638554,-122.43473422891566,5.189731840361445,False
2022-04-30 23:50:08,37.77733891807229,-122.43473894698795,41.72987951807229,112408724,37.77730507228916,-122.43473442168674,5.181387192771084,False
2022-04-30 23:50:09,37.777338662048194,-122.4347390563253,41.77550301204819,112408724,37.77730504819277,-122.43473461445784,5.1730425451807225,False
2022-04-30 23:50:10,37.7773384060241,-122.43473916566265,41.82112650602409,112408724,37.777305024096385,-122.43473480722892,5.1646978975903615,False
2022-04-30 23:50:11,37.777338150000006,-122.434739275,41.866749999999996,112408724,37.777305,-122.434735,5.15635325,False
2022-04-30 23:50:12,37.777337893975904,-122.43473938433735,41.9123734939759,112408724,37.77730497590361,-122.43473519277109,5.1480086024096385,False
2022-04-30 23:50:13,37.77733763795181,-122.4347394936747,41.9579969879518,112408724,37.77730495180723,-122.43473538554217,5.139663954819277,False
2022-04-30 23:50:14,37.777337381927715,-122.43473960301205,42.00362048192771,112408724,37.777304927710844,-122.43473557831325,5.131319307228916,False
2022-04-30 23:50:15,37.777337125903614,-122.4347397123494,42.049243975903615,112408724,37.77730490361446,-122.43473577108433,5.122974659638555,False
2022-04-30 23:50:16,37.77733686987952,-122.43473982168675,42.09486746987952,112408724,37.77730487951807,-122.43473596385542,5.114630012048193,False
2022-04-30 23:50:17,37.777336613855425,-122.4347399310241,42.14049096385542,112408724,37.77730485542169,-122.4347361566265,5.106285364457832,False
2022-04-30 23:50:18,37.77733635783133,-122.43474004036145,42.18611445783132,112408724,37.7773048313253,-122.4347363493976,5.09794071686747,False
2022-04-30 23:50:19,37.77733610180723,-122.4347401496988,42.231737951807226,112408724,37.777304807228916,-122.43473654216868,5.089596069277109,False
2022-04-30 23:50:20,37.777335845783135,-122.43474025903615,42.27736144578313,112408724,37.77730478313253,-122.43473673493976,5.081251421686747,False
2022-04-30 23:50:21,37.77733558975904,-122.4347403683735,42.32298493975903,112408724,37.77730475903614,-122.43473692771084,5.072906774096386,False
2022-04-30 23:50:22,37.77733533373494,-122.43474047771085,42.368608433734934,112408724,37.77730473493976,-122.43473712048193,5.064562126506024,False
2022-04-30 23:50:23,37.777335077710845,-122.4347405870482,42.414231927710844,112408724,37.777304710843374,-122.43473731325301,5.056217478915663,False
2022-04-30 23:50:24,37.77733482168675,-122.43474069638555,42.45985542168675,112408724,37.77730468674699,-122.43473750602409,5.047872831325301,False
2022-04-30 23:50:25,37.777334565662656,-122.4347408057229,42.50547891566265,112408724,37.7773046626506,-122.43473769879517,5.03952818373494,False
2022-04-30 23:50:26,37.777334309638555,-122.43474091506025,42.55110240963855,112408724,37.77730463855422,-122.43473789156627,5.031183536144578,False
2022-04-30 23:50:27,37.77733405361446,-122.4347410243976,42.596725903614455,112408724,37.77730461445783,-122.43473808433735,5.022838888554217,False
2022-04-30 23:50:28,37.777333797590366,-122.43474113373495,42.64234939759036,112408724,37.777304590361446,-122.43473827710844,5.014494240963855,False
2022-04-30 23:50:29,37.777333541566264,-122.4347412430723,42.68797289156626,112408724,37.77730456626506,-122.43473846987952,5.006149593373494,False
2022-04-30 23:50:30,37.77733328554217,-122.43474135240965,42.733596385542164,112408724,37.77730454216867,-122.4347386626506,4.997804945783132,False
2022-04-30 23:50:31,37.777333029518076,-122.434741461747,42.77921987951807,112408724,37.77730451807229,-122.43473885542168,4.989460298192771,False
2022-04-30 23:50:32,37.77733277349398,-122.43474157108434,42.82484337349398,112408724,37.777304493975905,-122.43473904819277,4.98111565060241,False
2022-04-30 23:50:33,37.77733251746988,-122.4347416804217,42.87046686746988,112408724,37.77730446987952,-122.43473924096385,4.972771003012048,False
2022-04-30 23:50:34,37.777332261445785,-122.43474178975903,42.91609036144578,112408724,37.77730444578313,-122.43473943373493,4.964426355421686,False
2022-04-30 23:50:35,37.77733200542169,-122.43474189909638,42.961713855421685,112408724,37.77730442168675,-122.43473962650603,4.956081707831325,False
2022-04-30 23:50:36,37.77733174939759,-122.43474200843373,43.00733734939759,112408724,37.77730439759036,-122.43473981927711,4.947737060240964,False
2022-04-30 23:50:37,37.777331493373495,-122.43474211777108,43.05296084337349,112408724,37.777304373493976,-122.4347400120482,4.939392412650602,False
2022-04-30 23:50:38,37.7773312373494,-122.43474222710843,43.09858433734939,112408724,37.77730434939759,-122.43474020481928,4.931047765060241,False
2022-04-30 23:50:39,37.777330981325306,-122.43474233644578,43.144207831325296,112408724,37.7773043253012,-122.43474039759036,4.922703117469879,False
2022-04-30 23:50:40,37.777330725301205,-122.43474244578313,43.1898313253012,112408724,37.77730430120482,-122.43474059036144,4.914358469879518,False
2022-04-30 23:50:41,37.77733046927711,-122.43474255512048,43.23545481927711,112408724,37.777304277108435,-122.43474078313253,4.9060138222891565,False
2022-04-30 23:50:42,37.777330213253016,-122.43474266445783,43.28107831325301,112408724,37.77730425301205,-122.43474097590361,4.8976691746987955,False
2022-04-30 23:50:43,37.777329957228915,-122.43474277379518,43.326701807228915,112408724,37.77730422891566,-122.4347411686747,4.889324527108434,False
2022-04-30 23:50:44,37.77732970120482,-122.43474288313253,43.37232530120482,112408724,37.77730420481928,-122.43474136144579,4.8809798795180726,False
2022-04-30 23:50:45,37.777329445180726,-122.43474299246988,43.41794879518072,112408724,37.77730418072289,-122.43474155421687,4.872635231927711,False
2022-04-30 23:50:46,37.77732918915663,-122.43474310180723,43.46357228915662,112408724,37.777304156626506,-122.43474174698795,4.86429058433735,False
2022-04-30 23:50:47,37.77732893313253,-122.43474321114458,43.509195783132526,112408724,37.77730413253012,-122.43474193975904,4.855945936746988,False
2022-04-30 23:50:48,37.777328677108436,-122.43474332048193,43.55481927710843,112408724,37.77730410843373,-122.43474213253012,4.847601289156627,False
2022-04-30 23:50:49,37.77732842108434,-122.43474342981928,43.60044277108433,112408724,37.77730408433735,-122.4347423253012,4.839256641566265,False
2022-04-30 23:50:50,37.77732816506024,-122.43474353915663,43.64606626506024,112408724,37.777304060240965,-122.43474251807228,4.830911993975904,False
2022-04-30 23:50:51,37.777327909036146,-122.43474364849398,43.691689759036144,112408724,37.77730403614458,-122.43474271084337,4.822567346385542,False
2022-04-30 23:50:52,37.77732765301205,-122.43474375783133,43.73731325301205,112408724,37.77730401204819,-122.43474290361446,4.814222698795181,False
2022-04-30 23:50:53,37.77732739698796,-122.43474386716868,43.78293674698795,112408724,37.777303987951804,-122.43474309638555,4.80587805120482,False
2022-04-30 23:50:54,37.777327140963855,-122.43474397650603,43.82856024096385,112408724,37.777303963855424,-122.43474328915663,4.797533403614458,False
2022-04-30 23:50:55,37.77732688493976,-122.43474408584338,43.874183734939756,112408724,37.77730393975904,-122.43474348192771,4.789188756024096,False
2022-04-30 23:50:56,37.77732662891567,-122.43474419518073,43.91980722891566,112408724,37.77730391566265,-122.4347436746988,4.780844108433735,False
2022-04-30 23:50:57,37.777326372891565,-122.43474430451808,43.96543072289156,112408724,37.77730389156626,-122.43474386746988,4.772499460843374,False
2022-04-30 23:50:58,37.77732611686747,-122.43474441385543,44.011054216867464,112408724,37.77730386746988,-122.43474406024096,4.764154813253012,False
2022-04-30 23:50:59,37.777325860843376,-122.43474452319278,44.056677710843374,112408724,37.777303843373495,-122.43474425301204,4.75581016566265,False
2022-04-30 23:51:00,37.77732560481928,-122.43474463253013,44.10230120481928,112408724,37.77730381927711,-122.43474444578314,4.747465518072289,False
2022-04-30 23:51:01,37.77732534879518,-122.43474474186748,44.14792469879518,112408724,37.77730379518072,-122.43474463855422,4.739120870481928,False
2022-04-30 23:51:02,37.777325092771086,-122.43474485120483,44.19354819277108,112408724,37.777303771084334,-122.4347448313253,4.730776222891566,False
2022-04-30 23:51:03,37.77732483674699,-122.43474496054218,44.239171686746985,112408724,37.777303746987954,-122.43474502409639,4.722431575301205,False
2022-04-30 23:51:04,37.77732458072289,-122.43474506987951,44.28479518072289,112408724,37.77730372289157,-122.43474521686747,4.714086927710843,False
2022-04-30 23:51:05,37.777324324698796,-122.43474517921686,44.33041867469879,112408724,37.77730369879518,-122.43474540963855,4.705742280120482,False
2022-04-30 23:51:06,37.7773240686747,-122.43474528855421,44.376042168674694,112408724,37.77730367469879,-122.43474560240963,4.69739763253012,False
2022-04-30 23:51:07,37.77732381265061,-122.43474539789156,44.4216656626506,112408724,37.77730365060241,-122.43474579518072,4.689052984939759,False
2022-04-30 23:51:08,37.777323556626506,-122.43474550722891,44.46728915662651,112408724,37.777303626506026,-122.4347459879518,4.680708337349397,False
2022-04-30 23:51:09,37.77732330060241,-122.43474561656626,44.51291265060241,112408724,37.77730360240964,-122.4347461807229,4.672363689759036,False
2022-04-30 23:51:10,37.77732304457832,-122.43474572590361,44.55853614457831,112408724,37.77730357831325,-122.43474637349398,4.6640190421686745,False
2022-04-30 23:51:11,37.77732278855422,-122.43474583524096,44.604159638554215,112408724,37.777303554216864,-122.43474656626506,4.6556743945783134,False
2022-04-30 23:51:12,37.77732253253012,-122.43474594457831,44.64978313253012,112408724,37.777303530120484,-122.43474675903614,4.6473297469879515,False
2022-04-30 23:51:13,37.77732227650603,-122.43474605391566,44.69540662650602,112408724,37.7773035060241,-122.43474695180723,4.6389850993975905,False
2022-04-30 23:51:14,37.77732202048193,-122.43474616325301,44.74103012048192,112408724,37.77730348192771,-122.43474714457831,4.6306404518072295,False
2022-04-30 23:51:15,37.77732176445783,-122.43474627259036,44.786653614457826,112408724,37.77730345783132,-122.43474733734939,4.622295804216868,False
2022-04-30 23:51:16,37.77732150843374,-122.43474638192771,44.83227710843373,112408724,37.77730343373494,-122.43474753012048,4.613951156626506,False
2022-04-30 23:51:17,37.77732125240964,-122.43474649126506,44.87790060240964,112408724,37.777303409638556,-122.43474772289157,4.605606509036145,False
2022-04-30 23:51:18,37.77732099638555,-122.43474660060241,44.92352409638554,112408724,37.77730338554217,-122.43474791566265,4.597261861445784,False
2022-04-30 23:51:19,37.777320740361446,-122.43474670993976,44.969147590361445,112408724,37.77730336144578,-122.43474810843374,4.588917213855422,False
2022-04-30 23:51:20,37.77732048433735,-122.43474681927711,45.01477108433735,112408724,37.777303337349394,-122.43474830120482,4.58057256626506,False
2022-04-30 23:51:21,37.77732022831326,-122.43474692861446,45.06039457831325,112408724,37.777303313253014,-122.4347484939759,4.572227918674699,False
2022-04-30 23:51:22,37.777319972289156,-122.43474703795181,45.10601807228915,112408724,37.77730328915663,-122.43474868674699,4.563883271084338,False
2022-04-30 23:51:23,37.77731971626506,-122.43474714728916,45.151641566265056,112408724,37.77730326506024,-122.43474887951807,4.555538623493976,False
2022-04-30 23:51:24,37.77731946024097,-122.43474725662651,45.19726506024096,112408724,37.77730324096385,-122.43474907228915,4.547193975903615,False
2022-04-30 23:51:25,37.77731920421687,-122.43474736596386,45.24288855421686,112408724,37.77730321686747,-122.43474926506023,4.538849328313253,False
2022-04-30 23:51:26,37.77731894819277,-122.43474747530121,45.28851204819277,112408724,37.777303192771086,-122.43474945783133,4.530504680722892,False
2022-04-30 23:51:27,37.77731869216868,-122.43474758463856,45.334135542168674,112408724,37.7773031686747,-122.43474965060241,4.52216003313253,False
2022-04-30 23:51:28,37.77731843614458,-122.43474769397591,45.37975903614458,112408724,37.77730314457831,-122.4347498433735,4.513815385542169,False
2022-04-30 23:51:29,37.77731818012048,-122.43474780331326,45.42538253012048,112408724,37.777303120481925,-122.43475003614458,4.505470737951807,False
2022-04-30 23:51:30,37.77731792409639,-122.43474791265061,45.47100602409638,112408724,37.777303096385545,-122.43475022891566,4.497126090361446,False
2022-04-30 23:51:31,37.77731766807229,-122.43474802198796,45.516629518072286,112408724,37.77730307228916,-122.43475042168674,4.488781442771084,False
2022-04-30 23:51:32,37.7773174120482,-122.4347481313253,45.56225301204819,112408724,37.77730304819277,-122.43475061445783,4.480436795180723,False
2022-04-30 23:51:33,37.7773171560241,-122.43474824066266,45.60787650602409,112408724,37.77730302409638,-122.43475080722891,4.472092147590361,False
2022-04-30 23:51:34,37.7773169,-122.43474835,45.653499999999994,112408724,37.777303,-122.434751,4.4637475,False
2022-04-30 23:51:35,37.77731664397591,-122.43474845933734,45.699123493975904,112408724,37.777302975903616,-122.43475119277109,4.455402852409639,False
2022-04-30 23:51:36,37.77731638795181,-122.43474856867469,45.74474698795181,112408724,37.77730295180723,-122.43475138554217,4.447058204819277,False
2022-04-30 23:51:37,37.77731613192771,-122.43474867801204,45.79037048192771,112408724,37.77730292771084,-122.43475157831325,4.438713557228915,False
2022-04-30 23:51:38,37.77731587590362,-122.43474878734939,45.83599397590361,112408724,37.777302903614455,-122.43475177108434,4.430368909638554,False
2022-04-30 23:51:39,37.77731561987952,-122.43474889668674,45.881617469879515,112408724,37.777302879518075,-122.43475196385542,4.422024262048193,False
2022-04-30 23:51:40,37.77731536385542,-122.43474900602409,45.92724096385542,112408724,37.77730285542169,-122.4347521566265,4.413679614457831,False
2022-04-30 23:51:41,37.77731510783133,-122.43474911536144,45.97286445783132,112408724,37.7773028313253,-122.43475234939758,4.4053349668674695,False
2022-04-30 23:51:42,37.77731485180723,-122.43474922469879,46.018487951807224,112408724,37.777302807228914,-122.43475254216867,4.3969903192771085,False
2022-04-30 23:51:43,37.77731459578313,-122.43474933403614,46.064111445783126,112408724,37.77730278313253,-122.43475273493976,4.3886456716867475,False
2022-04-30 23:51:44,37.77731433975904,-122.43474944337349,46.109734939759036,112408724,37.77730275903615,-122.43475292771085,4.3803010240963856,False
2022-04-30 23:51:45,37.77731408373494,-122.43474955271084,46.15535843373494,112408724,37.77730273493976,-122.43475312048193,4.3719563765060245,False
2022-04-30 23:51:46,37.77731382771085,-122.43474966204819,46.20098192771084,112408724,37.77730271084337,-122.43475331325301,4.363611728915663,False
2022-04-30 23:51:47,37.77731357168675,-122.43474977138554,46.246605421686745,112408724,37.777302686746985,-122.4347535060241,4.355267081325302,False
2022-04-30 23:51:48,37.77731331566265,-122.43474988072289,46.29222891566265,112408724,37.777302662650605,-122.43475369879518,4.34692243373494,False
2022-04-30 23:51:49,37.77731305963856,-122.43474999006024,46.33785240963855,112408724,37.77730263855422,-122.43475389156626,4.338577786144579,False
2022-04-30 23:51:50,37.77731280361446,-122.43475009939759,46.38347590361445,112408724,37.77730261445783,-122.43475408433734,4.330233138554217,False
2022-04-30 23:51:51,37.77731254759036,-122.43475020873494,46.429099397590356,112408724,37.777302590361444,-122.43475427710842,4.321888490963856,False
2022-04-30 23:51:52,37.77731229156627,-122.43475031807229,46.47472289156626,112408724,37.77730256626506,-122.43475446987952,4.313543843373494,False
2022-04-30 23:51:53,37.777312035542174,-122.43475042740964,46.52034638554217,112408724,37.77730254216868,-122.4347546626506,4.305199195783133,False
2022-04-30 23:51:54,37.77731177951807,-122.43475053674699,46.56596987951807,112408724,37.77730251807229,-122.43475485542169,4.296854548192771,False
2022-04-30 23:51:55,37.77731152349398,-122.43475064608434,46.611593373493974,112408724,37.7773024939759,-122.43475504819277,4.28850990060241,False
2022-04-30 23:51:56,37.777311267469884,-122.43475075542169,46.65721686746988,112408724,37.777302469879515,-122.43475524096385,4.280165253012049,False
2022-04-30 23:51:57,37.77731101144578,-122.43475086475904,46.70284036144578,112408724,37.777302445783135,-122.43475543373494,4.271820605421687,False
2022-04-30 23:51:58,37.77731075542169,-122.43475097409639,46.74846385542168,112408724,37.77730242168675,-122.43475562650602,4.263475957831325,False
2022-04-30 23:51:59,37.77731049939759,-122.43475108343374,46.794087349397586,112408724,37.77730239759036,-122.4347558192771,4.255131310240964,False
2022-04-30 23:52:00,37.7773102433735,-122.43475119277109,46.839710843373496,112408724,37.777302373493974,-122.4347560120482,4.246786662650603,False
2022-04-30 23:52:01,37.7773099873494,-122.43475130210844,46.88533433734939,112408724,37.77730234939759,-122.43475620481928,4.238442015060241,False
2022-04-30 23:52:02,37.7773097313253,-122.43475141144579,46.9309578313253,112408724,37.77730232530121,-122.43475639759036,4.230097367469879,False
2022-04-30 23:52:03,37.77730947530121,-122.43475152078314,46.976581325301204,112408724,37.77730230120482,-122.43475659036145,4.221752719879518,False
2022-04-30 23:52:04,37.777309219277114,-122.43475163012049,47.02220481927711,112408724,37.77730227710843,-122.43475678313253,4.213408072289157,False
2022-04-30 23:52:05,37.77730896325301,-122.43475173945782,47.06782831325301,112408724,37.777302253012046,-122.43475697590361,4.205063424698795,False
2022-04-30 23:52:06,37.77730870722892,-122.43475184879517,47.11345180722891,112408724,37.777302228915666,-122.4347571686747,4.196718777108434,False
2022-04-30 23:52:07,37.777308451204824,-122.43475195813252,47.159075301204815,112408724,37.77730220481928,-122.43475736144578,4.188374129518072,False
2022-04-30 23:52:08,37.77730819518072,-122.43475206746987,47.20469879518072,112408724,37.77730218072289,-122.43475755421686,4.180029481927711,False
2022-04-30 23:52:09,37.77730793915663,-122.43475217680722,47.25032228915663,112408724,37.777302156626504,-122.43475774698796,4.171684834337349,False
2022-04-30 23:52:10,37.777307683132534,-122.43475228614457,47.295945783132524,112408724,37.77730213253012,-122.43475793975904,4.163340186746988,False
2022-04-30 23:52:11,37.77730742710844,-122.43475239548192,47.341569277108434,112408724,37.77730210843374,-122.43475813253012,4.1549955391566264,False
2022-04-30 23:52:12,37.77730717108434,-122.43475250481927,47.38719277108434,112408724,37.77730208433735,-122.4347583253012,4.146650891566265,False
2022-04-30 23:52:13,37.777306915060244,-122.43475261415662,47.43281626506024,112408724,37.77730206024096,-122.43475851807229,4.1383062439759035,False
2022-04-30 23:52:14,37.77730665903615,-122.43475272349397,47.47843975903614,112408724,37.777302036144576,-122.43475871084337,4.1299615963855425,False
2022-04-30 23:52:15,37.77730640301205,-122.43475283283132,47.524063253012045,112408724,37.777302012048196,-122.43475890361445,4.121616948795181,False
2022-04-30 23:52:16,37.777306146987954,-122.43475294216867,47.56968674698795,112408724,37.77730198795181,-122.43475909638553,4.11327230120482,False
2022-04-30 23:52:17,37.77730589096386,-122.43475305150602,47.61531024096385,112408724,37.77730196385542,-122.43475928915663,4.1049276536144585,False
2022-04-30 23:52:18,37.777305634939765,-122.43475316084337,47.66093373493976,112408724,37.777301939759035,-122.43475948192771,4.096583006024097,False
2022-04-30 23:52:19,37.77730537891566,-122.43475327018072,47.706557228915656,112408724,37.77730191566265,-122.4347596746988,4.088238358433735,False
2022-04-30 23:52:20,37.77730512289157,-122.43475337951807,47.752180722891566,112408724,37.77730189156627,-122.43475986746988,4.079893710843374,False
2022-04-30 23:52:21,37.777304866867475,-122.43475348885542,47.79780421686747,112408724,37.77730186746988,-122.43476006024096,4.071549063253013,False
2022-04-30 23:52:22,37.77730461084337,-122.43475359819277,47.84342771084337,112408724,37.77730184337349,-122.43476025301204,4.063204415662651,False
2022-04-30 23:52:23,37.77730435481928,-122.43475370753012,47.889051204819275,112408724,37.777301819277106,-122.43476044578313,4.054859768072289,False
2022-04-30 23:52:24,37.777304098795184,-122.43475381686747,47.93467469879518,112408724,37.77730179518072,-122.43476063855421,4.046515120481928,False
2022-04-30 23:52:25,37.77730384277109,-122.43475392620482,47.98029819277108,112408724,37.77730177108434,-122.43476083132529,4.038170472891567,False
2022-04-30 23:52:26,37.77730358674699,-122.43475403554217,48.02592168674698,112408724,37.77730174698795,-122.43476102409639,4.029825825301205,False
2022-04-30 23:52:27,37.777303330722894,-122.43475414487952,48.07154518072289,112408724,37.777301722891565,-122.43476121686747,4.021481177710844,False
2022-04-30 23:52:28,37.7773030746988,-122.43475425421687,48.11716867469879,112408724,37.77730169879518,-122.43476140963855,4.013136530120482,False
2022-04-30 23:52:29,37.7773028186747,-122.43475436355422,48.1627921686747,112408724,37.7773016746988,-122.43476160240964,4.004791882530121,False
2022-04-30 23:52:30,37.777302562650604,-122.43475447289157,48.2084156626506,112408724,37.77730165060241,-122.43476179518072,3.996447234939759,False
2022-04-30 23:52:31,37.77730230662651,-122.43475458222892,48.254039156626504,112408724,37.77730162650602,-122.4347619879518,3.988102587349398,False
2022-04-30 23:52:32,37.777302050602415,-122.43475469156627,48.29966265060241,112408724,37.777301602409636,-122.43476218072288,3.979757939759036,False
2022-04-30 23:52:33,37.777301794578314,-122.43475480090362,48.34528614457831,112408724,37.77730157831325,-122.43476237349397,3.971413292168675,False
2022-04-30 23:52:34,37.77730153855422,-122.43475491024097,48.39090963855421,112408724,37.77730155421687,-122.43476256626506,3.963068644578313,False
2022-04-30 23:52:35,37.777301282530125,-122.4347550195783,48.436533132530116,112408724,37.77730153012048,-122.43476275903615,3.954723996987952,False
2022-04-30 23:52:36,37.777301026506024,-122.43475512891565,48.482156626506026,112408724,37.777301506024095,-122.43476295180723,3.9463793493975903,False
2022-04-30 23:52:37,37.77730077048193,-122.434755238253,48.52778012048192,112408724,37.77730148192771,-122.43476314457831,3.9380347018072293,False
2022-04-30 23:52:38,37.777300514457835,-122.43475534759035,48.57340361445783,112408724,37.77730145783133,-122.4347633373494,3.929690054216868,False
2022-04-30 23:52:39,37.77730025843374,-122.4347554569277,48.619027108433734,112408724,37.77730143373494,-122.43476353012048,3.9213454066265063,False
2022-04-30 23:52:40,37.77730000240964,-122.43475556626505,48.66465060240964,112408724,37.777301409638554,-122.43476372289156,3.913000759036145,False
2022-04-30 23:52:41,37.777299746385545,-122.4347556756024,48.71027409638554,112408724,37.77730138554217,-122.43476391566264,3.9046561114457834,False
2022-04-30 23:52:42,37.77729949036145,-122.43475578493975,48.75589759036144,112408724,37.77730136144578,-122.43476410843373,3.896311463855422,False
2022-04-30 23:52:43,37.77729923433735,-122.4347558942771,48.801521084337345,112408724,37.7773013373494,-122.43476430120482,3.8879668162650605,False
2022-04-30 23:52:44,37.777298978313254,-122.43475600361445,48.84714457831325,112408724,37.77730131325301,-122.4347644939759,3.879622168674699,False
2022-04-30 23:52:45,37.77729872228916,-122.4347561129518,48.89276807228916,112408724,37.777301289156625,-122.43476468674699,3.8712775210843375,False
2022-04-30 23:52:46,37.777298466265066,-122.43475622228915,48.938391566265054,112408724,37.77730126506024,-122.43476487951807,3.862932873493976,False
2022-04-30 23:52:47,37.777298210240964,-122.4347563316265,48.984015060240964,112408724,37.77730124096386,-122.43476507228915,3.8545882259036146,False
2022-04-30 23:52:48,37.77729795421687,-122.43475644096385,49.02963855421687,112408724,37.77730121686747,-122.43476526506024,3.846243578313253,False
2022-04-30 23:52:49,37.777297698192775,-122.4347565503012,49.07526204819277,112408724,37.777301192771084,-122.43476545783132,3.8378989307228917,False
2022-04-30 23:52:50,37.777297442168674,-122.43475665963855,49.12088554216867,112408724,37.7773011686747,-122.4347656506024,3.82955428313253,False
2022-04-30 23:52:51,37.77729718614458,-122.4347567689759,49.166509036144575,112408724,37.77730114457831,-122.4347658433735,3.8212096355421687,False
2022-04-30 23:52:52,37.777296930120485,-122.43475687831325,49.21213253012048,112408724,37.77730112048193,-122.43476603614458,3.8128649879518073,False
2022-04-30 23:52:53,37.77729667409639,-122.4347569876506,49.25775602409638,112408724,37.77730109638554,-122.43476622891566,3.804520340361446,False
2022-04-30 23:52:54,37.77729641807229,-122.43475709698795,49.30337951807229,112408724,37.777301072289156,-122.43476642168675,3.796175692771085,False
2022-04-30 23:52:55,37.777296162048195,-122.4347572063253,49.349003012048186,112408724,37.77730104819277,-122.43476661445783,3.7878310451807233,False
2022-04-30 23:52:56,37.7772959060241,-122.43475731566265,49.394626506024096,112408724,37.77730102409639,-122.43476680722891,3.779486397590362,False
2022-04-30 23:52:57,37.77729565,-122.434757425,49.44025,112408724,37.777301,-122.434767,3.7711417500000004,False
2022-04-30 23:52:58,37.777295393975905,-122.43475753433735,49.4858734939759,112408724,37.777300975903614,-122.43476719277108,3.762797102409639,False
2022-04-30 23:52:59,37.77729513795181,-122.4347576436747,49.531496987951805,112408724,37.77730095180723,-122.43476738554216,3.7544524548192775,False
2022-04-30 23:53:00,37.777294881927716,-122.43475775301205,49.57712048192771,112408724,37.77730092771084,-122.43476757831326,3.746107807228916,False
2022-04-30 23:53:01,37.777294625903615,-122.4347578623494,49.62274397590361,112408724,37.77730090361446,-122.43476777108434,3.7377631596385545,False
2022-04-30 23:53:02,37.77729436987952,-122.43475797168675,49.66836746987951,112408724,37.77730087951807,-122.43476796385542,3.729418512048193,False
2022-04-30 23:53:03,37.777294113855426,-122.4347580810241,49.71399096385542,112408724,37.777300855421686,-122.4347681566265,3.7210738644578316,False
2022-04-30 23:53:04,37.77729385783133,-122.43475819036145,49.75961445783132,112408724,37.7773008313253,-122.43476834939759,3.71272921686747,False
2022-04-30 23:53:05,37.77729360180723,-122.43475829969879,49.80523795180723,112408724,37.77730080722892,-122.43476854216867,3.7043845692771087,False
2022-04-30 23:53:06,37.777293345783136,-122.43475840903614,49.85086144578313,112408724,37.77730078313253,-122.43476873493975,3.696039921686747,False
2022-04-30 23:53:07,37.77729308975904,-122.43475851837349,49.896484939759034,112408724,37.777300759036144,-122.43476892771083,3.6876952740963858,False
2022-04-30 23:53:08,37.77729283373494,-122.43475862771083,49.94210843373494,112408724,37.77730073493976,-122.43476912048193,3.6793506265060243,False
2022-04-30 23:53:09,37.777292577710845,-122.43475873704818,49.98773192771084,112408724,37.77730071084337,-122.43476931325301,3.671005978915663,False
2022-04-30 23:53:10,37.77729232168675,-122.43475884638553,50.03335542168674,112408724,37.77730068674699,-122.4347695060241,3.6626613313253014,False
2022-04-30 23:53:11,37.77729206566266,-122.43475895572288,50.078978915662645,112408724,37.7773006626506,-122.43476969879518,3.65431668373494,False
2022-04-30 23:53:12,37.777291809638555,-122.43475906506023,50.124602409638555,112408724,37.777300638554216,-122.43476989156626,3.6459720361445784,False
2022-04-30 23:53:13,37.77729155361446,-122.43475917439758,50.17022590361445,112408724,37.77730061445783,-122.43477008433734,3.637627388554217,False
2022-04-30 23:53:14,37.77729129759037,-122.43475928373493,50.21584939759036,112408724,37.77730059036144,-122.43477027710843,3.6292827409638555,False
2022-04-30 23:53:15,37.777291041566265,-122.43475939307228,50.261472891566264,112408724,37.77730056626506,-122.43477046987951,3.6209380933734945,False
2022-04-30 23:53:16,37.77729078554217,-122.43475950240963,50.30709638554217,112408724,37.777300542168675,-122.43477066265059,3.612593445783133,False
2022-04-30 23:53:17,37.777290529518076,-122.43475961174698,50.35271987951807,112408724,37.77730051807229,-122.43477085542169,3.6042487981927716,False
2022-04-30 23:53:18,37.77729027349398,-122.43475972108433,50.39834337349397,112408724,37.7773004939759,-122.43477104819277,3.59590415060241,False
2022-04-30 23:53:19,37.77729001746988,-122.43475983042168,50.443966867469875,112408724,37.77730046987952,-122.43477124096385,3.5875595030120486,False
2022-04-30 23:53:20,37.777289761445786,-122.43475993975903,50.48959036144578,112408724,37.77730044578313,-122.43477143373494,3.579214855421687,False
2022-04-30 23:53:21,37.77728950542169,-122.43476004909638,50.53521385542169,112408724,37.777300421686746,-122.43477162650602,3.5708702078313257,False
2022-04-30 23:53:22,37.77728924939759,-122.43476015843373,50.580837349397584,112408724,37.77730039759036,-122.4347718192771,3.5625255602409642,False
2022-04-30 23:53:23,37.777288993373496,-122.43476026777108,50.62646084337349,112408724,37.77730037349397,-122.43477201204819,3.5541809126506028,False
2022-04-30 23:53:24,37.7772887373494,-122.43476037710843,50.672084337349396,112408724,37.77730034939759,-122.43477220481927,3.5458362650602413,False
2022-04-30 23:53:25,37.77728848132531,-122.43476048644578,50.7177078313253,112408724,37.777300325301205,-122.43477239759036,3.53749161746988,False
2022-04-30 23:53:26,37.777288225301206,-122.43476059578313,50.7633313253012,112408724,37.77730030120482,-122.43477259036145,3.5291469698795184,False
2022-04-30 23:53:27,37.77728796927711,-122.43476070512048,50.808954819277105,112408724,37.77730027710843,-122.43477278313253,3.520802322289157,False
2022-04-30 23:53:28,37.77728771325302,-122.43476081445783,50.85457831325301,112408724,37.77730025301205,-122.43477297590361,3.5124576746987954,False
2022-04-30 23:53:29,37.777287457228915,-122.43476092379518,50.90020180722891,112408724,37.777300228915664,-122.4347731686747,3.504113027108434,False
2022-04-30 23:53:30,37.77728720120482,-122.43476103313253,50.94582530120482,112408724,37.77730020481928,-122.43477336144578,3.4957683795180725,False
2022-04-30 23:53:31,37.77728694518073,-122.43476114246988,50.991448795180716,112408724,37.77730018072289,-122.43477355421686,3.487423731927711,False
2022-04-30 23:53:32,37.77728668915663,-122.43476125180723,51.037072289156626,112408724,37.7773001566265,-122.43477374698794,3.4790790843373496,False
2022-04-30 23:53:33,37.77728643313253,-122.43476136114458,51.08269578313253,112408724,37.77730013253012,-122.43477393975903,3.470734436746988,False
2022-04-30 23:53:34,37.77728617710844,-122.43476147048193,51.12831927710843,112408724,37.777300108433735,-122.43477413253012,3.4623897891566267,False
2022-04-30 23:53:35,37.77728592108434,-122.43476157981927,51.173942771084334,112408724,37.77730008433735,-122.4347743253012,3.454045141566265,False
2022-04-30 23:53:36,37.77728566506024,-122.43476168915662,51.21956626506024,112408724,37.77730006024096,-122.43477451807229,3.445700493975904,False
2022-04-30 23:53:37,37.777285409036146,-122.43476179849397,51.26518975903614,112408724,37.77730003614458,-122.43477471084337,3.4373558463855427,False
2022-04-30 23:53:38,37.77728515301205,-122.43476190783132,51.31081325301204,112408724,37.777300012048194,-122.43477490361445,3.4290111987951812,False
2022-04-30 23:53:39,37.77728489698796,-122.43476201716867,51.35643674698795,112408724,37.77729998795181,-122.43477509638554,3.4206665512048198,False
2022-04-30 23:53:40,37.777284640963856,-122.43476212650602,51.40206024096385,112408724,37.77729996385542,-122.43477528915662,3.4123219036144583,False
2022-04-30 23:53:41,37.77728438493976,-122.43476223584337,51.44768373493976,112408724,37.77729993975903,-122.4347754819277,3.403977256024097,False
2022-04-30 23:53:42,37.77728412891567,-122.43476234518072,51.49330722891566,112408724,37.77729991566265,-122.4347756746988,3.3956326084337354,False
2022-04-30 23:53:43,37.777283872891566,-122.43476245451807,51.538930722891564,112408724,37.777299891566265,-122.43477586746988,3.387287960843374,False
2022-04-30 23:53:44,37.77728361686747,-122.43476256385541,51.58455421686747,112408724,37.77729986746988,-122.43477606024096,3.3789433132530124,False
2022-04-30 23:53:45,37.77728336084338,-122.43476267319276,51.63017771084337,112408724,37.77729984337349,-122.43477625301205,3.370598665662651,False
2022-04-30 23:53:46,37.77728310481928,-122.43476278253011,51.67580120481927,112408724,37.77729981927711,-122.43477644578313,3.3622540180722895,False
2022-04-30 23:53:47,37.77728284879518,-122.43476289186746,51.721424698795175,112408724,37.777299795180724,-122.43477663855421,3.353909370481928,False
2022-04-30 23:53:48,37.77728259277109,-122.43476300120481,51.767048192771085,112408724,37.77729977108434,-122.4347768313253,3.3455647228915666,False
2022-04-30 23:53:49,37.77728233674699,-122.43476311054216,51.81267168674698,112408724,37.77729974698795,-122.43477702409638,3.337220075301205,False
2022-04-30 23:53:50,37.77728208072289,-122.43476321987951,51.85829518072289,112408724,37.77729972289156,-122.43477721686746,3.3288754277108437,False
2022-04-30 23:53:51,37.7772818246988,-122.43476332921686,51.903918674698794,112408724,37.77729969879518,-122.43477740963856,3.320530780120482,False
2022-04-30 23:53:52,37.7772815686747,-122.43476343855421,51.9495421686747,112408724,37.777299674698796,-122.43477760240964,3.3121861325301207,False
2022-04-30 23:53:53,37.77728131265061,-122.43476354789156,51.9951656626506,112408724,37.77729965060241,-122.43477779518072,3.3038414849397593,False
2022-04-30 23:53:54,37.77728105662651,-122.43476365722891,52.0407891566265,112408724,37.77729962650602,-122.4347779879518,3.295496837349398,False
2022-04-30 23:53:55,37.77728080060241,-122.43476376656626,52.086412650602405,112408724,37.77729960240964,-122.43477818072289,3.2871521897590363,False
2022-04-30 23:53:56,37.77728054457832,-122.43476387590361,52.13203614457831,112408724,37.777299578313254,-122.43477837349397,3.278807542168675,False
2022-04-30 23:53:57,37.77728028855422,-122.43476398524096,52.17765963855422,112408724,37.77729955421687,-122.43477856626505,3.2704628945783134,False
2022-04-30 23:53:58,37.77728003253012,-122.43476409457831,52.22328313253011,112408724,37.77729953012048,-122.43477875903613,3.2621182469879524,False
2022-04-30 23:53:59,37.77727977650603,-122.43476420391566,52.26890662650602,112408724,37.77729950602409,-122.43477895180723,3.253773599397591,False
2022-04-30 23:54:00,37.77727952048193,-122.43476431325301,52.314530120481926,112408724,37.77729948192771,-122.43477914457831,3.2454289518072295,False
2022-04-30 23:54:01,37.77727926445783,-122.43476442259036,52.36015361445783,112408724,37.777299457831326,-122.4347793373494,3.237084304216868,False
2022-04-30 23:54:02,37.77727900843374,-122.43476453192771,52.40577710843373,112408724,37.77729943373494,-122.43477953012048,3.2287396566265065,False
2022-04-30 23:54:03,37.77727875240964,-122.43476464126506,52.451400602409635,112408724,37.77729940963855,-122.43477972289156,3.220395009036145,False
2022-04-30 23:54:04,37.77727849638555,-122.43476475060241,52.49702409638554,112408724,37.777299385542165,-122.43477991566265,3.2120503614457836,False
2022-04-30 23:54:05,37.77727824036145,-122.43476485993975,52.54264759036144,112408724,37.777299361445785,-122.43478010843373,3.203705713855422,False
2022-04-30 23:54:06,37.77727798433735,-122.4347649692771,52.58827108433735,112408724,37.7772993373494,-122.43478030120481,3.1953610662650607,False
2022-04-30 23:54:07,37.77727772831326,-122.43476507861445,52.633894578313246,112408724,37.77729931325301,-122.4347804939759,3.187016418674699,False
2022-04-30 23:54:08,37.77727747228916,-122.4347651879518,52.679518072289156,112408724,37.77729928915662,-122.43478068674699,3.1786717710843377,False
2022-04-30 23:54:09,37.77727721626506,-122.43476529728915,52.72514156626506,112408724,37.77729926506024,-122.43478087951807,3.1703271234939763,False
2022-04-30 23:54:10,37.77727696024097,-122.4347654066265,52.77076506024096,112408724,37.777299240963856,-122.43478107228916,3.161982475903615,False
2022-04-30 23:54:11,37.777276704216874,-122.43476551596385,52.816388554216864,112408724,37.77729921686747,-122.43478126506024,3.1536378283132533,False
2022-04-30 23:54:12,37.77727644819277,-122.4347656253012,52.86201204819277,112408724,37.77729919277108,-122.43478145783132,3.145293180722892,False
2022-04-30 23:54:13,37.77727619216868,-122.43476573463855,52.90763554216867,112408724,37.777299168674695,-122.4347816506024,3.1369485331325304,False
2022-04-30 23:54:14,37.777275936144584,-122.4347658439759,52.95325903614457,112408724,37.777299144578315,-122.43478184337349,3.128603885542169,False
2022-04-30 23:54:15,37.77727568012048,-122.43476595331325,52.99888253012048,112408724,37.77729912048193,-122.43478203614457,3.1202592379518075,False
2022-04-30 23:54:16,37.77727542409639,-122.4347660626506,53.04450602409638,112408724,37.77729909638554,-122.43478222891567,3.111914590361446,False
2022-04-30 23:54:17,37.77727516807229,-122.43476617198795,53.09012951807229,112408724,37.77729907228915,-122.43478242168675,3.1035699427710846,False
2022-04-30 23:54:18,37.7772749120482,-122.4347662813253,53.13575301204819,112408724,37.77729904819277,-122.43478261445783,3.095225295180723,False
2022-04-30 23:54:19,37.7772746560241,-122.43476639066265,53.181376506024094,112408724,37.777299024096386,-122.43478280722891,3.086880647590362,False
2022-04-30 23:54:20,37.7772744,-122.4347665,53.227,112408724,37.777299,-122.434783,3.078536,True
2022-04-30 23:54:21,37.7772743,-122.4347668,53.236,112408724,37.777299,-122.434783,3.076155,False
2022-04-30 23:54:22,37.7772726,-122.4347709,53.199,112408724,37.777299,-122.434783,3.104603,False
2022-04-30 23:54:23,37.777269,-122.4347796,53.1,112408724,37.777298,-122.434785,3.325535,False
2022-04-30 23:54:24,37.7772647,-122.4347908,53.019,112408724,37.777297,-122.434796,3.656845,False
2022-04-30 23:54:25,37.7772625,-122.4348015,52.417,112408724,37.777296,-122.434807,3.764545,False
2022-04-30 23:54:26,37.7772619,-122.434807,51.964,112408724,37.777295,-122.434813,3.761809,False
2022-04-30 23:54:27,37.7772607,-122.4348151,51.744,112408724,37.777294,-122.434821,3.792403,False
2022-04-30 23:54:28,37.777259,-122.4348348,50.638,112408724,37.777292,-122.43484,3.733454,False
2022-04-30 23:54:29,37.7772557,-122.4348684,49.526,112408724,37.777288,-122.434875,3.67026,False
2022-04-30 23:54:30,37.7772489,-122.4349155,48.672,112408724,37.777282,-122.434922,3.747676,True
2022-04-30 23:54:31,37.7772412,-122.4349733,47.702,112408724,37.777274,-122.43498,3.772322,False
2022-04-30 23:54:32,37.7772333,-122.435038,46.796,112408724,37.777266,-122.435044,3.739566,True
2022-04-30 23:54:33,37.7772241,-122.4351077,46.163,112408724,37.777257,-122.435114,3.781857,False
2022-04-30 23:54:34,37.7772146,-122.4351816,46.302,112408724,37.777248,-122.435188,3.798924,True
2022-04-30 23:54:35,37.7772063,-122.4352584,46.197,112408724,37.777238,-122.435264,3.644944,False
2022-04-30 23:54:36,37.777197,-122.4353375,46.217,112408724,37.777228,-122.435343,3.568394,True
2022-04-30 23:54:37,37.7771903,-122.4354188,45.654,112408724,37.777218,-122.435424,3.177608,False
2022-04-30 23:54:38,37.7771813,-122.4355031,45.648,112408724,37.777208,-122.435508,2.996522,True
2022-04-30 23:54:39,37.7771717,-122.4355874,45.748,112408724,37.777197,-122.435592,2.880943,False
2022-04-30 23:54:40,37.7771616,-122.4356727,46.048,112408724,37.777186,-122.435677,2.796146,True
2022-04-30 23:54:41,37.7771515,-122.4357617,47.047,112408724,37.777175,-122.435766,2.65942,False
2022-04-30 23:54:42,37.7771436,-122.4358495,47.186,112408724,37.777164,-122.435853,2.299262,True
2022-04-30 23:54:43,37.7771332,-122.4359379,47.887,112408724,37.777152,-122.435941,2.203637,False
2022-04-30 23:54:44,37.777123,-122.4360232,48.854,112408724,37.777142,-122.436027,2.129344,True
2022-04-30 23:54:45,37.777114,-122.4360992,49.558,112408724,37.777132,-122.436102,2.053553,False
2022-04-30 23:54:46,37.7771062,-122.4361586,49.525,112408724,37.777124,-122.436162,2.077906,True
2022-04-30 23:54:47,37.7770985,-122.4362006,49.29,112408724,37.777119,-122.436204,2.333611,False
2022-04-30 23:54:48,37.777094,-122.4362417,49.395,112408724,37.777114,-122.436245,2.252553,False
2022-04-30 23:54:49,37.7770906,-122.4362762,49.386,112408724,37.777109,-122.43628,2.14332,True
2022-04-30 23:54:50,37.7770895,-122.4363123,48.855,112408724,37.777105,-122.436315,1.760753,False
2022-04-30 23:54:51,37.777087,-122.4363448,48.931,112408724,37.777101,-122.436347,1.581127,False
2022-04-30 23:54:52,37.7770854,-122.4363614,48.775,112408724,37.777099,-122.436364,1.524645,False
2022-04-30 23:54:53,37.7770837,-122.4363749,48.714,112408724,37.777097,-122.436377,1.522241,False
2022-04-30 23:54:54,37.7770845,-122.4364012,47.65,112408724,37.777094,-122.436403,1.06873,True
2022-04-30 23:54:55,37.7770826,-122.4364456,46.891,112408724,37.777088,-122.436446,0.671632,False
2022-04-30 23:54:56,37.7770767,-122.4365063,46.449,985061718,37.777079,-122.436526,1.740306,False
2022-04-30 23:54:57,37.7770726,-122.4365741,45.066,985061718,37.777072,-122.436574,0.02423,True
2022-04-30 23:54:58,37.7770642,-122.4366538,44.133,985061718,37.777062,-122.436653,0.173863,False
2022-04-30 23:54:59,37.7770554,-122.4367411,43.298,985061718,37.777051,-122.43674,0.426124,True
2022-04-30 23:55:00,37.777046,-122.4368333,42.583,985061718,37.777039,-122.436832,0.680965,False
2022-04-30 23:55:01,37.7770338,-122.4369295,42.17,985061718,37.777027,-122.436928,0.685728,True
2022-04-30 23:55:02,37.7770204,-122.4370308,41.43,985061718,37.777014,-122.437029,0.630354,False
2022-04-30 23:55:03,37.7770066,-122.4371342,40.735,985061718,37.777001,-122.437133,0.560491,True
2022-04-30 23:55:04,37.7769929,-122.4372335,39.951,985061718,37.776988,-122.437232,0.444582,False
2022-04-30 23:55:05,37.7769812,-122.4373276,38.745,985061718,37.776976,-122.437326,0.47475,True
2022-04-30 23:55:06,37.7769682,-122.4374216,38.444,985061718,37.776964,-122.43742,0.36162,False
2022-04-30 23:55:07,37.7769556,-122.4375096,38.278,985061718,37.776953,-122.437509,0.208794,True
2022-04-30 23:55:08,37.7769448,-122.4375865,37.373,985061718,37.776943,-122.437586,0.098244,False
2022-04-30 23:55:09,37.7769374,-122.4376527,37.448,985061718,37.776935,-122.437652,0.210184,True
2022-04-30 23:55:10,37.7769329,-122.4377023,37.153,985061718,37.776929,-122.437701,0.408063,False
2022-04-30 23:55:11,37.7769281,-122.4377351,36.677,985061718,37.776925,-122.437734,0.339788,False
2022-04-30 23:55:12,37.7769229,-122.4377567,36.77,985061718,37.776922,-122.437756,0.072244,False
2022-04-30 23:55:13,37.7769214,-122.4377677,36.87,985061718,37.77692,-122.437767,0.061328,True
2022-04-30 23:55:14,37.7769199,-122.4377719,37.227,985061718,37.77692,-122.437771,0.044061,False
2022-04-30 23:55:15,37.7769187,-122.4377742,37.67,985061718,37.776919,-122.437774,0.143099,False
2022-04-30 23:55:16,37.7769173,-122.4377755,38.167,985061718,37.776919,-122.437776,0.277864,False
2022-04-30 23:55:17,37.7769108,-122.4377835,40.045,985061718,37.776918,-122.437785,0.876264,False
2022-04-30 23:55:18,37.7769041,-122.4377904,42.056,985061718,37.776917,-122.437793,1.511778,False
2022-04-30 23:55:19,37.7769032,-122.4377918,41.941,985061718,37.776917,-122.437794,1.590573,False
2022-04-30 23:55:20,37.7769015,-122.4377943,42.512,985061718,37.776917,-122.437797,1.741413,False
2022-04-30 23:55:21,37.7768973,-122.4377987,43.993,985061718,37.776916,-122.437802,2.138759,False
2022-04-30 23:55:22,37.7768948,-122.4378011,44.69,985061718,37.776916,-122.437805,2.378317,False
2022-04-30 23:55:23,37.7768927,-122.4378034,45.528,985061718,37.776915,-122.437808,2.575601,False
2022-04-30 23:55:24,37.7768898,-122.4378054,46.81,985061718,37.776915,-122.43781,2.864381,False
2022-04-30 23:55:25,37.7768877,-122.4378077,48.02,985061718,37.776915,-122.437813,3.061664,False
2022-04-30 23:55:26,37.7768863,-122.4378097,48.677,985061718,37.776914,-122.437815,3.186703,False
2022-04-30 23:55:27,37.7768844,-122.4378121,49.539,985061718,37.776914,-122.437818,3.360765,False
2022-04-30 23:55:28,37.7768831,-122.4378147,50.309,985061718,37.776914,-122.437821,3.466552,False
2022-04-30 23:55:29,37.7768809,-122.4378172,51.195,985061718,37.776913,-122.437823,3.671973,False
2022-04-30 23:55:30,37.776879,-122.4378196,51.96,985061718,37.776913,-122.437826,3.846035,False
2022-04-30 23:55:31,37.7768771,-122.4378228,53.036,985061718,37.776912,-122.43783,4.008982,False
2022-04-30 23:55:32,37.7768757,-122.4378252,53.931,985061718,37.776912,-122.437832,4.128464,False
2022-04-30 23:55:33,37.7768736,-122.4378274,55.037,985061718,37.776912,-122.437835,4.327137,False
2022-04-30 23:55:34,37.7768726,-122.4378289,56.068,985061718,37.776912,-122.437836,4.415458,False
2022-04-30 23:55:35,37.7768721,-122.4378276,56.242,985061718,37.776912,-122.437836,4.48929,False
2022-04-30 23:55:36,37.7768705,-122.4378275,56.805,985061718,37.776912,-122.437836,4.6649,False
2022-04-30 23:55:37,37.7768686,-122.4378281,57.52,985061718,37.776912,-122.437836,4.863216,False
2022-04-30 23:55:38,37.7768669,-122.4378282,58.358,985061718,37.776911,-122.437837,5.0474,False
2022-04-30 23:55:39,37.7768663,-122.4378287,58.65,985061718,37.776911,-122.437837,5.10595,False
2022-04-30 23:55:40,37.7768638,-122.4378399,59.954,985061718,37.77691,-122.437849,5.223248,False
2022-04-30 23:55:41,37.7768607,-122.4378671,59.884,985061718,37.776906,-122.437876,5.183752,True
2022-04-30 23:55:42,37.7768577,-122.4379012,59.648,985061718,37.776902,-122.43791,5.037476,False
2022-04-30 23:55:43,37.7768558,-122.4379441,59.662,985061718,37.776897,-122.437952,4.648864,False
2022-04-30 23:55:44,37.7768543,-122.437993,58.971,985061718,37.776891,-122.438,4.133227,True
2022-04-30 23:55:45,37.7768581,-122.4380404,57.464,985061718,37.776885,-122.438045,3.059878,False
2022-04-30 23:55:46,37.7768608,-122.4380727,56.45,985061718,37.776881,-122.438077,2.309515,False
2022-04-30 23:55:47,37.7768639,-122.4380969,55.251,985061718,37.776878,-122.438099,1.621745,False
2022-04-30 23:55:48,37.7768715,-122.4381197,54.36,985061719,37.776872,-122.438148,2.473823,True
2022-04-30 23:55:49,37.7768856,-122.4381409,53.187,985061719,37.776884,-122.43815,0.835724,False
2022-04-30 23:55:50,37.7769125,-122.4381651,52.233,985061719,37.776913,-122.438155,0.816804,False
2022-04-30 23:55:51,37.7769523,-122.4381821,52.112,985061719,37.776962,-122.438165,1.839432,True
2022-04-30 23:55:52,37.7770006,-122.4381935,51.925,985061719,37.777003,-122.438173,1.783578,False
2022-04-30 23:55:53,37.77706,-122.4382057,51.952,985061719,37.777062,-122.438185,1.796526,True
2022-04-30 23:55:54,37.7771218,-122.4382194,52.283,985061719,37.777124,-122.438197,1.896897,False
2022-04-30 23:55:55,37.7771854,-122.4382319,52.319,985061719,37.777188,-122.43821,1.862211,True
2022-04-30 23:55:56,37.7772543,-122.4382443,51.993,985061719,37.777256,-122.438224,1.726121,False
2022-04-30 23:55:57,37.7773263,-122.4382609,52.476,985061719,37.777329,-122.438239,1.898182,True
2022-04-30 23:55:58,37.7774007,-122.4382766,53.149,985061719,37.777403,-122.438254,1.950571,False
2022-04-30 23:55:59,37.7774789,-122.4382871,52.899,985061719,37.777481,-122.43827,1.487736,True
2022-04-30 23:56:00,37.7775529,-122.4382976,52.248,985061719,37.777554,-122.438285,1.098423,False
2022-04-30 23:56:01,37.7776235,-122.4383092,51.663,985061719,37.777624,-122.438299,0.863544,True
2022-04-30 23:56:02,37.7776915,-122.4383248,51.789,985061719,37.777692,-122.438313,1.019335,False
2022-04-30 23:56:03,37.7777645,-122.4383395,51.052,514681343,37.777765,-122.438327,1.01857,True
2022-04-30 23:56:04,37.7778388,-122.438357,50.76,885500679,37.77784,-122.438343,1.230106,False
2022-04-30 23:56:05,37.7779142,-122.4383707,49.789,885500679,37.777915,-122.438358,1.097467,True
2022-04-30 23:56:06,37.7779885,-122.4383882,49.619,885500679,37.77799,-122.438373,1.334822,False
2022-04-30 23:56:07,37.7780655,-122.4384063,48.92,885500679,37.778067,-122.438388,1.565329,True
2022-04-30 23:56:08,37.7781418,-122.4384239,48.035,885500679,37.778144,-122.438404,1.759065,False
2022-04-30 23:56:09,37.7782136,-122.4384421,47.643,885500679,37.778216,-122.438418,2.082743,True
2022-04-30 23:56:10,37.7782791,-122.4384589,47.494,885500679,37.778282,-122.438431,2.395018,False
2022-04-30 23:56:11,37.7783401,-122.4384731,47.311,885500679,37.778343,-122.438444,2.561057,True
2022-04-30 23:56:12,37.7783961,-122.4384877,47.287,885500679,37.7784,-122.438455,2.848462,False
2022-04-30 23:56:13,37.7784439,-122.4384975,47.043,885500679,37.778447,-122.438465,2.864025,True
2022-04-30 23:56:14,37.778482,-122.4385061,46.946,885500679,37.778486,-122.438472,2.944499,False
2022-04-30 23:56:15,37.7785103,-122.4385155,47.322,885500679,37.778514,-122.438478,3.264232,False
2022-04-30 23:56:16,37.7785317,-122.4385205,47.047,885500679,37.778536,-122.438482,3.324066,False
2022-04-30 23:56:17,37.7785445,-122.438524,46.956,885500679,37.778549,-122.438485,3.403814,True
2022-04-30 23:56:18,37.7785513,-122.4385278,47.292,885500679,37.778556,-122.438486,3.613666,False
2022-04-30 23:56:19,37.7785513,-122.4385301,48.153,885500679,37.778556,-122.438487,3.812169,False
2022-04-30 23:56:20,37.7785514,-122.4385309,48.448,885500679,37.778556,-122.438487,3.879476,False
2022-04-30 23:56:21,37.7785519,-122.4385312,48.792,885500679,37.778557,-122.438487,3.896683,False
2022-04-30 23:56:22,37.778553,-122.4385314,48.870000000000005,885500679,37.778558,-122.438487,3.894839,False
2022-04-30 23:56:23,37.7785541,-122.438532,49.003,885500679,37.778559,-122.438487,3.927516,False
2022-04-30 23:56:24,37.7785552,-122.4385325,49.154,885500679,37.77856,-122.438487,3.951563,False
2022-04-30 23:56:25,37.7785553,-122.4385325,49.338,885500679,37.77856,-122.438487,3.949826,False
2022-04-30 23:56:26,37.7785551,-122.4385326,49.594,885500679,37.77856,-122.438487,3.961983,False
2022-04-30 23:56:27,37.7785553,-122.4385328,49.915,885500679,37.77856,-122.438487,3.975718,False
2022-04-30 23:56:28,37.7785556,-122.4385329,50.262,885500679,37.778561,-122.438487,3.979138,False
2022-04-30 23:56:29,37.7785562,-122.4385328,50.523,885500679,37.778561,-122.438488,3.960086,False
2022-04-30 23:56:30,37.7785567,-122.4385325,50.588,885500679,37.778562,-122.438488,3.92551,False
2022-04-30 23:56:31,37.7785571,-122.4385324,50.784,885500679,37.778562,-122.438488,3.909932,False
2022-04-30 23:56:32,37.7785575,-122.4385321,50.959,885500679,37.778563,-122.438488,3.877093,False
2022-04-30 23:56:33,37.7785582,-122.4385323,51.229,885500679,37.778563,-122.438488,3.882196,False
2022-04-30 23:56:34,37.7785593,-122.4385329,51.602,885500679,37.778564,-122.438488,3.914873,False
2022-04-30 23:56:35,37.77856,-122.4385334,51.972,885500679,37.778565,-122.438488,3.945868,False
2022-04-30 23:56:36,37.7785602,-122.4385334,52.113,885500679,37.778565,-122.438488,3.942394,False
2022-04-30 23:56:37,37.7785611,-122.4385338,52.374,885500679,37.778566,-122.438489,3.961284,False
2022-04-30 23:56:38,37.7785622,-122.4385344,52.528,885500679,37.778567,-122.438489,3.993962,False
2022-04-30 23:56:39,37.7785631,-122.4385345,52.504,885500679,37.778568,-122.438489,3.98696,False
2022-04-30 23:56:40,37.7785644,-122.4385347,52.559000000000005,885500679,37.77857,-122.438489,3.981642,False
2022-04-30 23:56:41,37.7785731,-122.4385359,52.473,885500679,37.778578,-122.438491,3.934099,False
2022-04-30 23:56:42,37.7785976,-122.4385394,52.396,885500679,37.778603,-122.438496,3.810632,False
2022-04-30 23:56:43,37.7786378,-122.4385427,51.484,885500679,37.778642,-122.438504,3.397212,True
2022-04-30 23:56:44,37.7786886,-122.4385494,50.567,885500679,37.778692,-122.438514,3.097106,False
2022-04-30 23:56:45,37.7787457,-122.43856,50.107,87559142,37.77875,-122.438525,3.023446,True
2022-04-30 23:56:46,37.7788104,-122.4385739,50.029,87559142,37.778814,-122.438538,3.092992,False
2022-04-30 23:56:47,37.7788833,-122.4385899,49.755,87559142,37.778887,-122.438553,3.200638,True
2022-04-30 23:56:48,37.7789626,-122.4386072,49.316,87559142,37.778967,-122.438569,3.308711,False
2022-04-30 23:56:49,37.7790459,-122.438625,48.597,87559142,37.77905,-122.438586,3.390079,True
2022-04-30 23:56:50,37.7791311,-122.4386428,47.82,87559142,37.779136,-122.438603,3.438268,False
2022-04-30 23:56:51,37.779218,-122.4386589,46.838,87559142,37.779222,-122.438621,3.310072,True
2022-04-30 23:56:52,37.779308,-122.438677,46.239,87559142,37.779312,-122.438639,3.300328,True
2022-04-30 23:56:53,37.779396,-122.4386976,46.299,87559142,37.779401,-122.438657,3.54124,False
2022-04-30 23:56:54,37.7794831,-122.4387149,45.576,87559142,37.779488,-122.438675,3.513103,True
2022-04-30 23:56:55,37.7795665,-122.4387321,45.069,87559142,37.779571,-122.438692,3.540949,False
2022-04-30 23:56:56,37.7796456,-122.4387488,44.715,87559142,37.77965,-122.438707,3.628961,True
2022-04-30 23:56:57,37.779723,-122.4387637,43.887,514674174,37.779728,-122.438723,3.558202,False
2022-04-30 23:56:58,37.7797972,-122.4387819,43.094,254448242,37.779802,-122.438738,3.827648,True
2022-04-30 23:56:59,37.7798696,-122.4388025,42.262,254448242,37.779875,-122.438753,4.340533,False
2022-04-30 23:57:00,37.7799372,-122.4388214,41.125,254448242,37.779944,-122.438767,4.79057,True
2022-04-30 23:57:01,37.7799981,-122.4388367,40.16,254448242,37.780005,-122.438779,5.046997,False
2022-04-30 23:57:02,37.7800529,-122.4388489,39.202,254448242,37.78006,-122.43879,5.142478,True
2022-04-30 23:57:03,37.7801005,-122.4388582,38.424,254448242,37.780107,-122.4388,5.113488,False
2022-04-30 23:57:04,37.7801377,-122.4388653,37.192,254448242,37.780144,-122.438807,5.076329,False
2022-04-30 23:57:05,37.7801631,-122.4388709,36.446,254448242,37.78017,-122.438813,5.115861,True
2022-04-30 23:57:06,37.780179,-122.4388731,35.565,254448242,37.780186,-122.438816,5.027953,False
2022-04-30 23:57:07,37.7801881,-122.4388746,34.958,254448242,37.780195,-122.438818,4.998427,False
2022-04-30 23:57:08,37.7801927,-122.4388742,34.227000000000004,254448242,37.780199,-122.438819,4.883556,False
2022-04-30 23:57:09,37.780197,-122.4388741,33.596000000000004,254448242,37.780203,-122.438819,4.799813,False
2022-04-30 23:57:10,37.7801989,-122.4388749,33.209,254448242,37.780205,-122.43882,4.835656,False
2022-04-30 23:57:11,37.7802002,-122.4388762,32.979,254448242,37.780207,-122.43882,4.925125,False
2022-04-30 23:57:12,37.7802014,-122.4388771,32.664,254448242,37.780208,-122.43882,4.981825,False
2022-04-30 23:57:13,37.7802025,-122.4388779,32.334,254448242,37.780209,-122.438821,5.031643,False
2022-04-30 23:57:14,37.7802031,-122.4388789,32.134,254448242,37.78021,-122.438821,5.107452,False
2022-04-30 23:57:15,37.7802037,-122.43888,31.846,254448242,37.780211,-122.438821,5.191891,False
2022-04-30 23:57:16,37.7802038,-122.4388802,31.767,254448242,37.780211,-122.438821,5.207403,False
2022-04-30 23:57:17,37.7802042,-122.4388811,31.579,254448242,37.780211,-122.438821,5.278077,False
2022-04-30 23:57:18,37.780205,-122.4388822,31.375,254448242,37.780212,-122.438821,5.359023,False
2022-04-30 23:57:19,37.7802094,-122.4388837,31.258,254448242,37.780217,-122.438822,5.411598,False
2022-04-30 23:57:20,37.7802224,-122.4388862,31.078,254448242,37.78023,-122.438825,5.400236,False
2022-04-30 23:57:21,37.7802475,-122.4388921,30.931,254448242,37.780255,-122.43883,5.470895,False
2022-04-30 23:57:22,37.7802875,-122.4389011,30.754,254448242,37.780295,-122.438838,5.548778,True
2022-04-30 23:57:23,37.7803386,-122.4389113,30.37,254448242,37.780346,-122.438848,5.53631,False
2022-04-30 23:57:24,37.7803961,-122.4389222,30.102,254448242,37.780403,-122.43886,5.472448,True
2022-04-30 23:57:25,37.7804605,-122.4389346,29.711,254448242,37.780468,-122.438873,5.429303,False
2022-04-30 23:57:26,37.7805339,-122.438949,29.555,254448242,37.780541,-122.438888,5.37865,True
2022-04-30 23:57:27,37.7806136,-122.4389643,29.251,254448244,37.780621,-122.438904,5.341333,False
2022-04-30 23:57:28,37.7806955,-122.4389805,28.94,254448244,37.780702,-122.438921,5.244914,True
2022-04-30 23:57:29,37.7807782,-122.4389981,29.032,254448244,37.780785,-122.438937,5.326475,False
2022-04-30 23:57:30,37.7808621,-122.4390149,28.801,254448244,37.780869,-122.438954,5.318139,True
2022-04-30 23:57:31,37.7809502,-122.439034,28.785,254448244,37.780957,-122.438972,5.435298,False
2022-04-30 23:57:32,37.7810438,-122.4390519,28.554,985061715,37.781051,-122.438991,5.345362,True
2022-04-30 23:57:33,37.7811416,-122.4390708,28.711,985061715,37.781149,-122.439011,5.267694,True
2022-04-30 23:57:34,37.7812406,-122.4390928,29.296,985061715,37.781248,-122.439031,5.436561,True
2022-04-30 23:57:35,37.7813395,-122.4391136,29.083,985061715,37.781347,-122.439051,5.503627,True
2022-04-30 23:57:36,37.7814361,-122.4391327,29.005,985061715,37.781443,-122.43907,5.46418,True
2022-04-30 23:57:37,37.781531,-122.4391508,28.853,985061712,37.781531,-122.439089,5.400511,True
2022-04-30 23:57:38,37.7816222,-122.4391714,30.201,985061712,37.781629,-122.439108,5.540181,True
2022-04-30 23:57:39,37.7817154,-122.4391916,31.037,985061712,37.781723,-122.439127,5.689542,True
2022-04-30 23:57:40,37.7818084,-122.4392099,31.496,985061712,37.781816,-122.439145,5.67829,True
2022-04-30 23:57:41,37.7818977,-122.4392278,31.444,985061712,37.781905,-122.439163,5.695809,False
2022-04-30 23:57:42,37.7819754,-122.439244,31.59,985061712,37.781983,-122.439178,5.765028,True
2022-04-30 23:57:43,37.78204,-122.4392571,31.14,985061712,37.782048,-122.439191,5.790743,False
2022-04-30 23:57:44,37.7820887,-122.4392663,30.79,985061712,37.782096,-122.439201,5.751794,True
2022-04-30 23:57:45,37.7821273,-122.4392746,30.462,985061712,37.782135,-122.439208,5.807947,False
2022-04-30 23:57:46,37.7821649,-122.4392818,30.212,985061712,37.782172,-122.439216,5.786243,False
2022-04-30 23:57:47,37.7822106,-122.43929,29.909,985061712,37.782218,-122.439225,5.712287,True
2022-04-30 23:57:48,37.7822698,-122.4393026,30.054,985061712,37.782277,-122.439237,5.787225,False
2022-04-30 23:57:49,37.7823493,-122.4393184,29.015,985061712,37.782357,-122.439252,5.791113,True
2022-04-30 23:57:50,37.782437,-122.4393345,28.538,985061712,37.782445,-122.43927,5.658092,False
2022-04-30 23:57:51,37.7825254,-122.4393538,28.488,985061709,37.782533,-122.439288,5.753719,True
2022-04-30 23:57:52,37.7826099,-122.4393718,28.347,985061709,37.782618,-122.439306,5.802886,False
2022-04-30 23:57:53,37.782682,-122.4393861,28.298,985061709,37.78269,-122.439321,5.754761,True
2022-04-30 23:57:54,37.7827402,-122.4393975,28.125,985061709,37.782748,-122.439333,5.703569,False
2022-04-30 23:57:55,37.7827875,-122.4394075,27.763,985061709,37.782795,-122.439342,5.725361,True
2022-04-30 23:57:56,37.7828278,-122.4394163,27.38,985061709,37.782836,-122.439351,5.768071,False
2022-04-30 23:57:57,37.7828623,-122.4394222,26.554,985061709,37.78287,-122.439358,5.663746,False
2022-04-30 23:57:58,37.7828915,-122.4394271,25.44,985061709,37.782899,-122.439364,5.567373,True
2022-04-30 23:57:59,37.7829114,-122.4394309,24.788,985061709,37.782919,-122.439368,5.541422,False
2022-04-30 23:58:00,37.7829214,-122.4394328,24.636,985061709,37.782929,-122.43937,5.527558,False
2022-04-30 23:58:01,37.7829241,-122.4394338,24.703,985061709,37.782932,-122.43937,5.565818,False
2022-04-30 23:58:02,37.7829249,-122.4394351,24.684,985061709,37.782933,-122.439371,5.663723,False
2022-04-30 23:58:03,37.7829256,-122.4394368,24.683,985061709,37.782934,-122.439371,5.797904,False
2022-04-30 23:58:04,37.7829261,-122.4394382,24.752,985061709,37.782934,-122.439371,5.909766,False
2022-04-30 23:58:05,37.782927,-122.43944,24.987,985061709,37.782935,-122.439371,6.049017,False
2022-04-30 23:58:06,37.7829274,-122.4394411,25.181,985061709,37.782936,-122.439371,6.136782,False
2022-04-30 23:58:07,37.7829277,-122.4394419,25.321,985061709,37.782936,-122.439371,6.200449,False
2022-04-30 23:58:08,37.7829286,-122.4394431,25.463,985061709,37.782937,-122.439372,6.28795,False
2022-04-30 23:58:09,37.7829305,-122.4394451,25.655,985061709,37.782939,-122.439372,6.426678,False
2022-04-30 23:58:10,37.7829322,-122.4394473,25.972,985061709,37.782941,-122.439372,6.58621,False
2022-04-30 23:58:11,37.7829328,-122.4394485,26.108,985061709,37.782942,-122.439373,6.679045,False
2022-04-30 23:58:12,37.7829336,-122.4394502,26.255,985061709,37.782943,-122.439373,6.811449,False
2022-04-30 23:58:13,37.7829337,-122.4394516,26.415,985061709,37.782943,-122.439373,6.93042,False
2022-04-30 23:58:14,37.7829334,-122.4394524,26.491,985061709,37.782943,-122.439373,7.004784,False
2022-04-30 23:58:15,37.7829327,-122.4394534,26.785,985061709,37.782943,-122.439373,7.103936,False
2022-04-30 23:58:16,37.7829322,-122.4394544,27.017,985061709,37.782943,-122.439373,7.199651,False
2022-04-30 23:58:17,37.7829314,-122.4394549,27.004,985061709,37.782943,-122.439373,7.258806,False
2022-04-30 23:58:18,37.7829309,-122.4394556,27.02,985061709,37.782943,-122.439373,7.329425,False
2022-04-30 23:58:19,37.7829331,-122.4394594,26.677,985061709,37.782944,-122.439373,7.613825,False
2022-04-30 23:58:20,37.7829347,-122.4394637,26.543,985061709,37.782946,-122.439373,7.956257,False
2022-04-30 23:58:21,37.7829359,-122.4394658,26.455,985061709,37.782947,-122.439374,8.116051,False
2022-04-30 23:58:22,37.7829376,-122.4394678,26.138,985061709,37.782949,-122.439374,8.258333,False
2022-04-30 23:58:23,37.7829386,-122.4394694,25.8,985061709,37.78295,-122.439374,8.378558,False
2022-04-30 23:58:24,37.7829392,-122.4394708,25.46,985061709,37.782951,-122.439374,8.488642,False
2022-04-30 23:58:25,37.7829399,-122.4394718,25.127,985061709,37.782952,-122.439375,8.562449,False
2022-04-30 23:58:26,37.7829401,-122.439473,24.972,985061709,37.782952,-122.439375,8.662393,False
2022-04-30 23:58:27,37.7829405,-122.439474,24.754,985061709,37.782953,-122.439375,8.741532,False
2022-04-30 23:58:28,37.782941,-122.439475,24.696,985061709,37.782953,-122.439375,8.818895,False
2022-04-30 23:58:29,37.782941,-122.4394759,24.676,985061709,37.782953,-122.439375,8.896518,False
2022-04-30 23:58:30,37.7829413,-122.4394768,24.627,985061709,37.782954,-122.439375,8.96881,False
2022-04-30 23:58:31,37.7829417,-122.4394778,24.742,985061709,37.782954,-122.439375,9.04795,False
2022-04-30 23:58:32,37.782941703703706,-122.43947801111112,24.722037037037037,985061709,37.78295403703704,-122.439375,9.066092259259259,False
2022-04-30 23:58:33,37.78294170740741,-122.43947822222222,24.702074074074076,985061709,37.78295407407407,-122.439375,9.08423451851852,False
2022-04-30 23:58:34,37.782941711111114,-122.43947843333333,24.682111111111112,985061709,37.78295411111111,-122.439375,9.102376777777778,False
2022-04-30 23:58:35,37.78294171481482,-122.43947864444445,24.662148148148148,985061709,37.78295414814814,-122.439375,9.120519037037036,False
2022-04-30 23:58:36,37.78294171851852,-122.43947885555556,24.642185185185184,985061709,37.78295418518518,-122.439375,9.138661296296297,False
2022-04-30 23:58:37,37.782941722222226,-122.43947906666666,24.622222222222224,985061709,37.78295422222222,-122.439375,9.156803555555555,False
2022-04-30 23:58:38,37.78294172592593,-122.43947927777778,24.60225925925926,985061709,37.782954259259256,-122.439375,9.174945814814816,False
2022-04-30 23:58:39,37.782941729629634,-122.43947948888889,24.582296296296295,985061709,37.782954296296296,-122.439375,9.193088074074074,False
2022-04-30 23:58:40,37.78294173333334,-122.4394797,24.562333333333335,985061709,37.78295433333333,-122.439375,9.211230333333333,False
2022-04-30 23:58:41,37.78294173703704,-122.4394799111111,24.54237037037037,985061709,37.78295437037037,-122.439375,9.229372592592593,False
2022-04-30 23:58:42,37.782941740740746,-122.43948012222222,24.522407407407407,985061709,37.78295440740741,-122.439375,9.247514851851852,False
2022-04-30 23:58:43,37.78294174444445,-122.43948033333334,24.502444444444446,985061709,37.78295444444444,-122.439375,9.26565711111111,False
2022-04-30 23:58:44,37.782941748148154,-122.43948054444445,24.482481481481482,985061709,37.78295448148148,-122.439375,9.283799370370371,False
2022-04-30 23:58:45,37.78294175185185,-122.43948075555555,24.462518518518518,985061709,37.782954518518515,-122.439375,9.30194162962963,False
2022-04-30 23:58:46,37.782941755555555,-122.43948096666666,24.442555555555554,985061709,37.782954555555555,-122.439375,9.32008388888889,False
2022-04-30 23:58:47,37.78294175925926,-122.43948117777778,24.422592592592594,985061709,37.78295459259259,-122.439375,9.338226148148149,False
2022-04-30 23:58:48,37.78294176296296,-122.4394813888889,24.40262962962963,985061709,37.78295462962963,-122.439375,9.356368407407407,False
2022-04-30 23:58:49,37.78294176666667,-122.4394816,24.382666666666665,985061709,37.78295466666667,-122.439375,9.374510666666668,False
2022-04-30 23:58:50,37.78294177037037,-122.43948181111111,24.362703703703705,985061709,37.7829547037037,-122.439375,9.392652925925926,False
2022-04-30 23:58:51,37.782941774074075,-122.43948202222222,24.34274074074074,985061709,37.78295474074074,-122.439375,9.410795185185185,False
2022-04-30 23:58:52,37.78294177777778,-122.43948223333334,24.322777777777777,985061709,37.782954777777775,-122.439375,9.428937444444445,False
2022-04-30 23:58:53,37.78294178148148,-122.43948244444444,24.302814814814816,985061709,37.782954814814815,-122.439375,9.447079703703704,False
2022-04-30 23:58:54,37.78294178518519,-122.43948265555555,24.282851851851852,985061709,37.782954851851855,-122.439375,9.465221962962964,False
2022-04-30 23:58:55,37.78294178888889,-122.43948286666667,24.262888888888888,985061709,37.78295488888889,-122.439375,9.483364222222223,False
2022-04-30 23:58:56,37.782941792592595,-122.43948307777778,24.242925925925924,985061709,37.78295492592593,-122.439375,9.501506481481481,False
2022-04-30 23:58:57,37.7829417962963,-122.43948328888888,24.222962962962963,985061709,37.78295496296296,-122.439375,9.519648740740742,False
2022-04-30 23:58:58,37.7829418,-122.4394835,24.203,985061709,37.782955,-122.439375,9.537791,False
2022-04-30 23:58:59,37.7829449,-122.4394841,24.105,985061709,37.782958,-122.439376,9.534441,False
2022-04-30 23:59:00,37.7829581,-122.4394865,23.923,985061709,37.782971,-122.439379,9.506824,False
2022-04-30 23:59:01,37.7829828,-122.4394919,23.88,985061709,37.782996,-122.439384,9.533557,True
2022-04-30 23:59:02,37.7830248,-122.4395019,23.622,397082295,37.783039,-122.439393,9.628436,False
2022-04-30 23:59:03,37.7830793,-122.4395138,23.064,397082295,37.783093,-122.439405,9.638439,True
2022-04-30 23:59:04,37.7831399,-122.4395267,22.438,397082295,37.783154,-122.439418,9.620972,False
2022-04-30 23:59:05,37.783202,-122.439539,22.181,397082295,37.783216,-122.439431,9.547358,True
2022-04-30 23:59:06,37.7832637,-122.4395499,21.974,734004333,37.783277,-122.439444,9.368708,False
2022-04-30 23:59:07,37.7833253,-122.4395611,21.891,734004333,37.783338,-122.439456,9.224576,True
2022-04-30 23:59:08,37.7833918,-122.4395727,21.52,29481846,37.783404,-122.43947,9.053859,False
2022-04-30 23:59:09,37.7834614,-122.4395859,21.414,29481846,37.783473,-122.439483,9.045695,True
2022-04-30 23:59:10,37.7835317,-122.4395998,21.494,29481846,37.783544,-122.439498,8.994361,False
2022-04-30 23:59:11,37.7836003,-122.4396132,21.678,29481846,37.783612,-122.439512,8.937745,True
2022-04-30 23:59:12,37.7836682,-122.4396262,21.505,29481846,37.78368,-122.439525,8.891565,False
2022-04-30 23:59:13,37.7837352,-122.4396395,21.489,29481846,37.783747,-122.439539,8.886769,True
2022-04-30 23:59:14,37.7838036,-122.4396527,21.558,29481846,37.783816,-122.439552,8.84925,False
2022-04-30 23:59:15,37.7838763,-122.4396671,21.614,29481846,37.783888,-122.439567,8.841327,True
2022-04-30 23:59:16,37.7839524,-122.4396824,21.566,29481846,37.783964,-122.439582,8.839619,False
2022-04-30 23:59:17,37.7840282,-122.4396967,21.611,29481846,37.78404,-122.439597,8.755054,True
2022-04-30 23:59:18,37.7841072,-122.439711,21.557,29481846,37.784119,-122.439613,8.614823,False
2022-04-30 23:59:19,37.7841896,-122.4397263,21.142,29481846,37.784201,-122.43963,8.508655,True
2022-04-30 23:59:20,37.784271,-122.4397398,21.352,29481846,37.784282,-122.439646,8.261763,False
2022-04-30 23:59:21,37.7843547,-122.4397556,21.655,29481846,37.784366,-122.439663,8.170293,True
2022-04-30 23:59:22,37.7844386,-122.4397735,21.458,29481846,37.78445,-122.43968,8.263777,False
2022-04-30 23:59:23,37.7845173,-122.4397899,21.656,29481846,37.784529,-122.439695,8.314525,True
2022-04-30 23:59:24,37.7845919,-122.4398023,21.278,29481846,37.784603,-122.43971,8.091156,False
2022-04-30 23:59:25,37.78466,-122.4398144,21.509,29481846,37.784671,-122.439724,7.943022,True
2022-04-30 23:59:26,37.7847222,-122.4398284,21.103,29481846,37.784733,-122.439737,8.055692,False
2022-04-30 23:59:27,37.7847784,-122.4398406,21.357,29481846,37.78479,-122.439748,8.120741,True
2022-04-30 23:59:28,37.7848261,-122.4398545,21.595,29481846,37.784838,-122.439758,8.487025,False
2022-04-30 23:59:29,37.7848626,-122.4398589,21.542,29481846,37.784874,-122.439765,8.229203,False
2022-04-30 23:59:30,37.7848863,-122.4398624,21.652,29481846,37.784897,-122.43977,8.117278,True
2022-04-30 23:59:31,37.7849017,-122.4398621,21.277,29481846,37.784912,-122.439773,7.822428,False
2022-04-30 23:59:32,37.7849081,-122.4398599,21.071,29481846,37.784918,-122.439774,7.520822,False
2022-04-30 23:59:33,37.7849093,-122.4398577,21.394,29481846,37.784919,-122.439775,7.310035,False
2022-04-30 23:59:34,37.7849103,-122.4398566,22.022,29481846,37.78492,-122.439775,7.197655,False
2022-04-30 23:59:35,37.7849106,-122.4398561,22.962,29481846,37.78492,-122.439775,7.149273,False
2022-04-30 23:59:36,37.7849114,-122.4398557,23.698,29481846,37.784921,-122.439775,7.100786,False
2022-04-30 23:59:37,37.7849123,-122.439856,24.33,29481846,37.784922,-122.439775,7.110954,False
2022-04-30 23:59:38,37.7849132,-122.4398566,24.969,29481846,37.784923,-122.439775,7.147006,False
2022-04-30 23:59:39,37.7849141,-122.439857,25.417,29481846,37.784924,-122.439776,7.165802,False
2022-04-30 23:59:40,37.7849152,-122.4398573,25.894,29481846,37.784925,-122.439776,7.172476,False
2022-04-30 23:59:41,37.7849162,-122.4398575,26.351,29481846,37.784926,-122.439776,7.172268,False
2022-04-30 23:59:42,37.7849169,-122.4398573,26.769,29481846,37.784927,-122.439776,7.142785,False
2022-04-30 23:59:43,37.7849177,-122.4398578,27.162,29481846,37.784927,-122.439776,7.171956,False
2022-04-30 23:59:44,37.7849192,-122.4398585,27.507,29481846,37.784929,-122.439777,7.206159,False
2022-04-30 23:59:45,37.7849227,-122.4398592,27.713,29481846,37.784932,-122.439777,7.20543,False
2022-04-30 23:59:46,37.7849308,-122.4398604,28.03,29481846,37.784941,-122.439779,7.167505,False
2022-04-30 23:59:47,37.7849515,-122.4398658,28.523,29481846,37.784961,-122.439783,7.27192,False
2022-04-30 23:59:48,37.784979,-122.4398683,28.02,29481846,37.784989,-122.439789,7.007342,True
2022-04-30 23:59:49,37.785018,-122.4398762,28.137,29481846,37.785028,-122.439797,7.007858,False
2022-04-30 23:59:50,37.7850647,-122.4398863,28.79,29481846,37.785074,-122.439806,7.063721,False
2022-04-30 23:59:51,37.7851108,-122.4398917,28.481,29481846,37.78512,-122.439815,6.724521,True
2022-04-30 23:59:52,37.7851674,-122.4398983,27.542,29481846,37.785176,-122.439827,6.30548,False
2022-04-30 23:59:53,37.7852171,-122.439905,26.443,29481846,37.785225,-122.439836,6.022782,True
2022-04-30 23:59:54,37.7852814,-122.4399164,25.814,619535756,37.785289,-122.439849,5.917043,False
2022-04-30 23:59:55,37.7853476,-122.439932,25.22,619535756,37.785356,-122.439862,6.146211,True
2022-04-30 23:59:56,37.7854079,-122.4399436,25.961,619535756,37.785416,-122.439874,6.090261,False
2022-04-30 23:59:57,37.785464,-122.4399567,26.758,619535756,37.785472,-122.439886,6.237443,True
2022-04-30 23:59:58,37.7855111,-122.4399705,27.459,619535756,37.78552,-122.439895,6.603119,False
2022-04-30 23:59:59,37.7855538,-122.4399817,27.677,619535756,37.785563,-122.439904,6.821537,True
2022-05-01 00:00:00,37.7855912,-122.4399947,28.988,619535756,37.785601,-122.439912,7.288087,False
2022-05-01 00:00:01,37.7856251,-122.4400063,29.99,619535756,37.785636,-122.439919,7.695151,False
2022-05-01 00:00:02,37.7856556,-122.4400138,30.46,619535756,37.785666,-122.439925,7.808023,True
2022-05-01 00:00:03,37.7856827,-122.44002,30.481,619535756,37.785693,-122.439931,7.868286,False
2022-05-01 00:00:04,37.7857047,-122.4400259,31.213,619535756,37.785716,-122.439935,7.991993,False
2022-05-01 00:00:05,37.785723,-122.4400303,31.539,619535756,37.785734,-122.439939,8.051088,False
2022-05-01 00:00:06,37.7857368,-122.4400353,32.113,619535756,37.785748,-122.439942,8.240771,False
2022-05-01 00:00:07,37.785751,-122.4400394,32.487,619535756,37.785762,-122.439945,8.345795,True
2022-05-01 00:00:08,37.7857571,-122.4400409,32.664,619535756,37.785769,-122.439946,8.36837,False
2022-05-01 00:00:09,37.7857586,-122.4400426,33.155,619535756,37.78577,-122.439946,8.48877,False
2022-05-01 00:00:10,37.7857596,-122.4400459,34.008,619535756,37.785772,-122.439946,8.755974,False
2022-05-01 00:00:11,37.7857605,-122.440048,34.664,619535756,37.785773,-122.439947,8.921395,False
2022-05-01 00:00:12,37.7857616,-122.4400494,35.156,619535756,37.785774,-122.439947,9.022918,False
2022-05-01 00:00:13,37.785762,-122.4400505,35.503,619535756,37.785775,-122.439947,9.110818,False
2022-05-01 00:00:14,37.7857631,-122.4400514,35.986000000000004,619535756,37.785776,-122.439947,9.169202,False
2022-05-01 00:00:15,37.785768,-122.4400525,36.077,619535756,37.785781,-122.439948,9.178284,False
2022-05-01 00:00:16,37.7857724,-122.4400529,36.184,619535756,37.785785,-122.439949,9.135728,False
2022-05-01 00:00:17,37.7857746,-122.4400536,36.408,619535756,37.785787,-122.43995,9.157589,False
2022-05-01 00:00:18,37.7857757,-122.4400534,36.353,619535756,37.785788,-122.43995,9.121066,False
2022-05-01 00:00:19,37.7857768,-122.4400533,36.329,619535756,37.785789,-122.43995,9.093171,False
2022-05-01 00:00:20,37.7857781,-122.4400531,36.371,619535756,37.785791,-122.43995,9.053146,False
2022-05-01 00:00:21,37.7857835,-122.4400535,36.35,619535756,37.785796,-122.439951,8.993075,False
2022-05-01 00:00:22,37.7858028,-122.4400558,35.979,619535756,37.785815,-122.439955,8.85347,False
2022-05-01 00:00:23,37.7858341,-122.4400605,35.551,619535756,37.785846,-122.439962,8.710751,False
2022-05-01 00:00:24,37.7858778,-122.440068,35.031,619535756,37.785889,-122.43997,8.605866,True
2022-05-01 00:00:25,37.7859264,-122.440076,34.71,619535756,37.785938,-122.43998,8.467315,False
2022-05-01 00:00:26,37.7859793,-122.4400854,33.574,619535756,37.78599,-122.43999,8.376264,True
2022-05-01 00:00:27,37.7860392,-122.4400994,33.34,619535756,37.786051,-122.440002,8.562919,False
2022-05-01 00:00:28,37.7861066,-122.4401124,32.32,619535756,37.786119,-122.440016,8.529833,True
2022-05-01 00:00:29,37.786179,-122.4401267,31.537,619535756,37.78619,-122.440031,8.449905,False
2022-05-01 00:00:30,37.7862565,-122.4401424,31.553,619535756,37.786268,-122.440046,8.481868,True
2022-05-01 00:00:31,37.7863385,-122.4401589,31.539,619535756,37.78635,-122.440063,8.472526,False
2022-05-01 00:00:32,37.7864206,-122.4401757,31.699,619535756,37.786432,-122.440079,8.490235,True
2022-05-01 00:00:33,37.7864994,-122.440192,31.791,619535756,37.786511,-122.440095,8.534703,False
2022-05-01 00:00:34,37.786574,-122.4402068,32.412,619535756,37.786586,-122.44011,8.522322,True
2022-05-01 00:00:35,37.7866385,-122.4402186,32.619,619535756,37.78665,-122.440123,8.425636,False
2022-05-01 00:00:36,37.7866921,-122.4402286,32.815,619535756,37.786703,-122.440134,8.362041,True
2022-05-01 00:00:37,37.7867351,-122.4402372,33.172000000000004,619535756,37.786746,-122.440142,8.360876,False
2022-05-01 00:00:38,37.7867689,-122.4402456,33.726,619535756,37.78678,-122.440149,8.501501,False
2022-05-01 00:00:39,37.7867962,-122.4402514,34.027,619535756,37.786808,-122.440154,8.530104,True
2022-05-01 00:00:40,37.7868281,-122.4402584,33.856,619535756,37.78684,-122.440161,8.582748,False
2022-05-01 00:00:41,37.7868725,-122.4402669,33.844,619535756,37.786884,-122.44017,8.548748,False
2022-05-01 00:00:42,37.7869306,-122.4402777,32.837,619535756,37.786942,-122.440181,8.476401,True
2022-05-01 00:00:43,37.7869952,-122.4402888,32.734,619535756,37.787006,-122.440194,8.317572,False
2022-05-01 00:00:44,37.7870689,-122.4403025,32.480000000000004,619535756,37.78708,-122.440209,8.209234,True
2022-05-01 00:00:45,37.7871481,-122.440318,32.173,262933359,37.78716,-122.440226,8.138586,False
2022-05-01 00:00:46,37.7872297,-122.4403345,32.327,262933359,37.787241,-122.440242,8.102978,True
2022-05-01 00:00:47,37.7873122,-122.4403499,32.648,262933359,37.787323,-122.44026,7.956842,False
2022-05-01 00:00:48,37.7873895,-122.440365,33.178,262933359,37.787401,-122.440276,7.877749,True
2022-05-01 00:00:49,37.7874611,-122.4403779,33.792,262933359,37.787472,-122.44029,7.710795,False
2022-05-01 00:00:50,37.7875279,-122.4403905,33.86,262933359,37.787539,-122.440304,7.603737,True
2022-05-01 00:00:51,37.7875875,-122.4404033,34.171,262933359,37.787598,-122.440316,7.642574,False
2022-05-01 00:00:52,37.787638,-122.4404141,34.597,262933359,37.787649,-122.440327,7.671545,True
2022-05-01 00:00:53,37.7876717,-122.4404215,34.787,262933359,37.787682,-122.440334,7.707511,False
2022-05-01 00:00:54,37.7876876,-122.4404243,34.808,262933359,37.787698,-122.440337,7.66486,False
2022-05-01 00:00:55,37.7876953,-122.4404262,34.882,262933359,37.787706,-122.440339,7.691117,False
2022-05-01 00:00:56,37.7876979,-122.4404265,34.896,262933359,37.787709,-122.440339,7.67053,False
2022-05-01 00:00:57,37.7876988,-122.4404266,35.056,262933359,37.78771,-122.44034,7.663072,False
2022-05-01 00:00:58,37.7876997,-122.4404279,35.653,262933359,37.787711,-122.44034,7.759091,False
2022-05-01 00:00:59,37.7877022,-122.4404291,36.066,262933359,37.787713,-122.44034,7.817899,False
2022-05-01 00:01:00,37.7877161,-122.4404329,36.363,262933359,37.787727,-122.440343,7.897215,False
2022-05-01 00:01:01,37.7877373,-122.4404376,36.834,262933359,37.787748,-122.440348,7.923703,True
2022-05-01 00:01:02,37.7877585,-122.440442,37.478,262933359,37.78777,-122.440352,7.924322,False
2022-05-01 00:01:03,37.7877775,-122.4404448,37.1,262933359,37.787788,-122.440356,7.826281,False
2022-05-01 00:01:04,37.7877909,-122.4404466,37.221,262933359,37.787802,-122.440359,7.742069,False
2022-05-01 00:01:05,37.7878023,-122.440448,37.042,262933359,37.787813,-122.440361,7.659099,False
2022-05-01 00:01:06,37.7878064,-122.4404482,36.631,262933359,37.787817,-122.440362,7.603087,False
2022-05-01 00:01:07,37.7878083,-122.4404487,36.502,262933359,37.787819,-122.440362,7.612254,False
2022-05-01 00:01:08,37.78781,-122.4404495,36.377,262933359,37.787821,-122.440363,7.650864,False
2022-05-01 00:01:09,37.7878118,-122.4404503,36.233,262933359,37.787823,-122.440363,7.687687,False
2022-05-01 00:01:10,37.7878153,-122.4404514,36.047,262933359,37.787826,-122.440364,7.720003,False
2022-05-01 00:01:11,37.7878222,-122.4404531,35.588,262933359,37.787833,-122.440365,7.743308,False
2022-05-01 00:01:12,37.7878336,-122.4404552,35.323,262933359,37.787844,-122.440368,7.7207,True
2022-05-01 00:01:13,37.7878607,-122.4404598,35.048,262933359,37.787871,-122.440373,7.633146,False
2022-05-01 00:01:14,37.7878972,-122.4404677,34.974000000000004,262933359,37.787908,-122.440381,7.662197,False
2022-05-01 00:01:15,37.7879344,-122.4404753,34.684,262933359,37.787945,-122.440388,7.652871,True
2022-05-01 00:01:16,37.7879648,-122.4404809,33.88,262933359,37.787994,-122.440404,7.396948,False
2022-05-01 00:01:17,37.7879864,-122.4404844,33.001,262933359,37.788012,-122.440416,6.615168,False
2022-05-01 00:01:18,37.7880038,-122.440488,32.43,262933359,37.788027,-122.440425,6.046575,False
2022-05-01 00:01:19,37.7880166,-122.4404909,31.98,262933359,37.788039,-122.440432,5.648028,False
2022-05-01 00:01:20,37.7880282,-122.4404936,31.479,262933359,37.788049,-122.440439,5.292477,True
2022-05-01 00:01:21,37.788047,-122.4405039,31.095,262933359,37.788067,-122.44045,5.180527,False
2022-05-01 00:01:22,37.7880664,-122.4405372,31.002,399178699,37.78807,-122.440466,6.205401,False
2022-05-01 00:01:23,37.7880802,-122.4405942,30.923,399178699,37.78807,-122.440466,11.226008,True
2022-05-01 00:01:24,37.7880742,-122.4406598,31.177,399178699,37.788059,-122.440467,16.865102,False
2022-05-01 00:01:25,37.7880603,-122.4407231,31.278,399178699,37.78804,-122.44047,22.218329,True
2022-05-01 00:01:26,37.7880515,-122.4407853,31.146,399178699,37.788027,-122.440471,27.531338,False
2022-05-01 00:01:27,37.7880421,-122.4408513,31.116,399178699,37.788012,-122.440473,33.168263,True
2022-05-01 00:01:28,37.7880325,-122.4409195,31.379,399178699,37.787997,-122.440475,38.994318,False
2022-05-01 00:01:29,37.7880222,-122.4409813,31.171,399178699,37.787982,-122.440477,44.256248,True
2022-05-01 00:01:30,37.788015,-122.4410381,30.796,399178699,37.787971,-122.440478,49.117092,False
2022-05-01 00:01:31,37.7880094,-122.4410914,30.457,399178699,37.787969,-122.440479,53.697169,False
2022-05-01 00:01:32,37.7880081,-122.4411429,30.018,399178699,37.787969,-122.440479,58.171948,True
2022-05-01 00:01:33,37.7880118,-122.4411884,28.909,399178699,37.787969,-122.440479,62.167215,False
2022-05-01 00:01:34,37.7880081,-122.441232,28.58,399178699,37.787969,-122.440479,65.938447,False
2022-05-01 00:01:35,37.7880042,-122.44127,28.234,399178699,37.787969,-122.440479,69.226482,True
2022-05-01 00:01:36,37.7880068,-122.4412957,26.664,399178699,37.787969,-122.440479,71.484916,False
2022-05-01 00:01:37,37.7880084,-122.4413137,25.852,399178699,37.787969,-122.440479,73.065443,False
2022-05-01 00:01:38,37.788011,-122.4413263,25.253,399178699,37.787969,-122.440479,74.181931,False
2022-05-01 00:01:39,37.7880097,-122.4413331,25.219,399178699,37.787969,-122.440479,74.766165,False
2022-05-01 00:01:40,37.7880106,-122.4413358,25.351,399178699,37.787969,-122.440479,75.007701,False
2022-05-01 00:01:41,37.7880118,-122.441337,25.772,399178699,37.787969,-122.440479,75.120599,False
2022-05-01 00:01:42,37.7880131,-122.4413388,26.386,399178699,37.787969,-122.440479,75.286743,False
2022-05-01 00:01:43,37.7880145,-122.44134,26.758,399178699,37.787969,-122.440479,75.401542,False
2022-05-01 00:01:44,37.7880156,-122.4413431,26.984,399178699,37.787969,-122.440479,75.68,False
2022-05-01 00:01:45,37.7880158,-122.4413521,27.014,399178699,37.787969,-122.440479,76.4661,False
2022-05-01 00:01:46,37.7880149,-122.441363,26.901,399178699,37.787969,-122.440479,77.409791,False
2022-05-01 00:01:47,37.7880119,-122.4413781,27.106,399178699,37.787969,-122.440479,78.705744,False
2022-05-01 00:01:48,37.788009,-122.441393,26.965,399178699,37.787969,-122.440479,79.986998,True
2022-05-01 00:01:49,37.7880084,-122.4414049,26.977,399178699,37.787969,-122.440479,81.021647,False
2022-05-01 00:01:50,37.7880088,-122.4414087,26.852,399178699,37.787969,-122.440479,81.355589,False
2022-05-01 00:01:51,37.7880102,-122.441408,26.595,399178699,37.787969,-122.440479,81.303041,False
2022-05-01 00:01:52,37.7880113,-122.4414076,26.458,399178699,37.787969,-122.440479,81.27505,False
2022-05-01 00:01:53,37.7880126,-122.4414074,26.351,399178699,37.787969,-122.440479,81.266005,False
2022-05-01 00:01:54,37.7880138,-122.441407,26.159,399178699,37.787969,-122.440479,81.239088,False
2022-05-01 00:01:55,37.7880149,-122.4414069,26.023,399178699,37.787969,-122.440479,81.237874,False
2022-05-01 00:01:56,37.788016,-122.4414066,25.873,399178699,37.787969,-122.440479,81.219405,False
2022-05-01 00:01:57,37.7880169,-122.4414066,25.763,399178699,37.787969,-122.440479,81.225825,False
2022-05-01 00:01:58,37.7880181,-122.4414059,25.506,399178699,37.787969,-122.440479,81.173557,False
2022-05-01 00:01:59,37.7880193,-122.4414055,25.195,399178699,37.787969,-122.440479,81.147666,False
2022-05-01 00:02:00,37.7880202,-122.4414058,25.156,399178699,37.787969,-122.440479,81.180697,False
2022-05-01 00:02:01,37.7880206,-122.4414064,25.293,399178699,37.787969,-122.440479,81.236092,False
2022-05-01 00:02:02,37.7880216,-122.441407,25.403,399178699,37.787969,-122.440479,81.296224,False
2022-05-01 00:02:03,37.7880222,-122.4414076,25.526,399178699,37.787969,-122.440479,81.35329,False
2022-05-01 00:02:04,37.788022,-122.4414093,26.125,399178699,37.787969,-122.440479,81.499853,False
2022-05-01 00:02:05,37.7880231,-122.4414093,26.027,399178699,37.787969,-122.440479,81.508689,False
2022-05-01 00:02:06,37.7880241,-122.4414094,25.996,399178699,37.787969,-122.440479,81.525584,False
2022-05-01 00:02:07,37.7880252,-122.4414097,26.029,399178699,37.787969,-122.440479,81.560901,False
2022-05-01 00:02:08,37.7880264,-122.4414104,26.218,399178699,37.787969,-122.440479,81.632097,False
2022-05-01 00:02:09,37.7880266,-122.4414134,26.144,399178699,37.787969,-122.440479,81.89516,False
2022-05-01 00:02:10,37.7880235,-122.4414244,26.849,399178699,37.787969,-122.440479,82.827819,False
2022-05-01 00:02:11,37.788022,-122.4414286,27.215,399178699,37.787969,-122.440479,83.181997,False
2022-05-01 00:02:12,37.788021,-122.4414298,27.702,399178699,37.787969,-122.440479,83.278884,False
2022-05-01 00:02:13,37.7880197,-122.441431,28.267,399178699,37.787969,-122.440479,83.373702,False
2022-05-01 00:02:14,37.7880182,-122.4414322,28.878,399178699,37.787969,-122.440479,83.467346,False
2022-05-01 00:02:15,37.7880165,-122.4414334,29.482,399178699,37.787969,-122.440479,83.559961,False
2022-05-01 00:02:16,37.7880106,-122.4414401,30.304,399178699,37.787969,-122.440479,84.106061,False
2022-05-01 00:02:17,37.788001,-122.4414488,30.848,399178699,37.787969,-122.440479,84.814232,False
2022-05-01 00:02:18,37.7879852,-122.4414555,32.067,399178699,37.787969,-122.440479,85.344668,False
2022-05-01 00:02:19,37.7879661,-122.4414477,32.832,399178699,37.787969,-122.440479,84.644938,False
2022-05-01 00:02:20,37.7879558,-122.4414264,32.979,399178699,37.787969,-122.440479,82.796021,False
2022-05-01 00:02:21,37.7879519,-122.4413976,31.991,399178699,37.787969,-122.440479,80.288903,False
2022-05-01 00:02:22,37.7879534,-122.4413716,30.406,399178699,37.787969,-122.440479,78.013845,False
2022-05-01 00:02:23,37.7879547,-122.4413452,28.42,399178699,37.787969,-122.440479,75.704474,False
2022-05-01 00:02:24,37.7879572,-122.4413231,27.058,399178699,37.787969,-122.440479,73.768413,False
2022-05-01 00:02:25,37.7879619,-122.441301,26.7,399178699,37.787969,-122.440479,71.830081,False
2022-05-01 00:02:26,37.7879621,-122.44128,25.948,399178699,37.787969,-122.440479,69.994984,True
2022-05-01 00:02:27,37.7879626,-122.4412652,25.298,399178699,37.787969,-122.440479,68.70125,False
2022-05-01 00:02:28,37.787961,-122.4412521,24.722,399178699,37.787969,-122.440479,67.558734,False
2022-05-01 00:02:29,37.7879598,-122.4412414,24.363,399178699,37.787969,-122.440479,66.625751,False
2022-05-01 00:02:30,37.7879592,-122.4412349,24.057,399178699,37.787969,-122.440479,66.058907,False
2022-05-01 00:02:31,37.7879589,-122.4412326,23.869,399178699,37.787969,-122.440479,65.858516,False
2022-05-01 00:02:32,37.7879605,-122.4412315,23.8,399178699,37.787969,-122.440479,65.759646,False
2022-05-01 00:02:33,37.7879602,-122.4412284,23.852,399178699,37.787969,-122.440479,65.489283,False
2022-05-01 00:02:34,37.7879621,-122.4412268,23.897,399178699,37.787969,-122.440479,65.346701,False
2022-05-01 00:02:35,37.787963,-122.4412264,23.879,399178699,37.787969,-122.440479,65.310659,True
