time,latitude,longitude,altitude,osm_way_id,matched_latitude,matched_longitude,matched_distance,matched_type
2022-12-29 00:35:36,37.7743529,-122.4462732,32.168,932297475,37.774356,-122.446245,2.477456,True
2022-12-29 00:35:37,37.7743421,-122.4462695,32.397,932297475,37.774345,-122.446242,2.350095,False
2022-12-29 00:35:38,37.7743337,-122.4462662,32.734,932297475,37.774336,-122.446241,2.214615,False
2022-12-29 00:35:39,37.7743282,-122.4462638,32.868,932297475,37.774331,-122.44624,2.105267,False
2022-12-29 00:35:40,37.7743253,-122.4462619,33.284,932297475,37.774328,-122.446239,1.992875,False
2022-12-29 00:35:41,37.7743244,-122.4462617,33.732,932297475,37.774327,-122.446239,1.991606,False
2022-12-29 00:35:42,37.774324,-122.4462615,34.264,932297475,37.774326,-122.446239,1.981458,False
2022-12-29 00:35:43,37.7743234,-122.446261,34.7,932297475,37.774326,-122.446238,1.948983,False
2022-12-29 00:35:44,37.7743232,-122.4462607,35.123,932297475,37.774325,-122.446238,1.926657,False
2022-12-29 00:35:45,37.7743235,-122.4462604,35.508,932297475,37.774325,-122.446238,1.895666,False
2022-12-29 00:35:46,37.7743236,-122.4462596,35.777,932297475,37.774325,-122.446238,1.824885,False
2022-12-29 00:35:47,37.7743234,-122.4462591,35.99,932297475,37.774325,-122.446238,1.785088,False
2022-12-29 00:35:48,37.7743228,-122.4462589,36.248,932297475,37.774325,-122.446238,1.778492,False
2022-12-29 00:35:49,37.7743224,-122.4462586,36.478,932297475,37.774324,-122.446238,1.759717,False
2022-12-29 00:35:50,37.774322,-122.4462576,36.656,932297475,37.774324,-122.446238,1.680561,False
2022-12-29 00:35:51,37.7743217,-122.4462568,36.809,932297475,37.774324,-122.446238,1.61688,False
2022-12-29 00:35:52,37.7743213,-122.4462559,36.931,932297475,37.774323,-122.446238,1.546349,False
2022-12-29 00:35:53,37.774321,-122.4462551,37.093,932297475,37.774323,-122.446238,1.482668,False
2022-12-29 00:35:54,37.7743207,-122.4462543,37.248,932297475,37.774322,-122.446238,1.418988,False
2022-12-29 00:35:55,37.7743204,-122.4462537,37.349,932297475,37.774322,-122.446238,1.372559,False
2022-12-29 00:35:56,37.7743201,-122.4462529,37.416,932297475,37.774322,-122.446238,1.308879,False
2022-12-29 00:35:57,37.7743198,-122.4462524,37.53,932297475,37.774321,-122.446238,1.271076,False
2022-12-29 00:35:58,37.7743193,-122.4462518,37.622,932297475,37.774321,-122.446237,1.228199,False
2022-12-29 00:35:59,37.7743191,-122.4462513,37.657,932297475,37.77432,-122.446237,1.188621,False
2022-12-29 00:36:00,37.774319,-122.4462507,37.654,932297475,37.77432,-122.446237,1.138641,False
2022-12-29 00:36:01,37.7743187,-122.44625,37.658,932297475,37.77432,-122.446237,1.083586,False
2022-12-29 00:36:02,37.7743186,-122.4462494,37.634,932297475,37.77432,-122.446237,1.033605,False
2022-12-29 00:36:03,37.7743185,-122.446249,37.635,932297475,37.774319,-122.446237,1.000877,False
2022-12-29 00:36:04,37.7743182,-122.4462481,37.614,932297475,37.774319,-122.446237,0.92857,False
2022-12-29 00:36:05,37.7743179,-122.4462477,37.665,932297475,37.774319,-122.446237,0.899394,False
2022-12-29 00:36:06,37.7743177,-122.4462471,37.674,932297475,37.774318,-122.446237,0.851189,False
2022-12-29 00:36:07,37.7743176,-122.4462471,37.693,932297475,37.774318,-122.446237,0.852965,False
2022-12-29 00:36:08,37.7743171,-122.4462471,37.721,932297475,37.774318,-122.446237,0.861845,False
2022-12-29 00:36:09,37.7743153,-122.4462468,37.657,932297475,37.774316,-122.446236,0.867934,False
2022-12-29 00:36:10,37.7743106,-122.4462464,37.602,932297475,37.774311,-122.446236,0.9169,False
2022-12-29 00:36:11,37.7742989,-122.4462456,37.697,932297475,37.7743,-122.446233,1.055678,False
2022-12-29 00:36:12,37.7742766,-122.4462417,37.64,932297475,37.774278,-122.446229,1.1153,False
2022-12-29 00:36:13,37.7742513,-122.4462392,37.64,762202749,37.774253,-122.446223,1.349559,True
2022-12-29 00:36:14,37.7742145,-122.4462308,37.752,762202749,37.774216,-122.446216,1.280007,False
2022-12-29 00:36:15,37.7741705,-122.4462212,37.762,762202749,37.774172,-122.446207,1.2351,False
2022-12-29 00:36:16,37.7741253,-122.4462117,37.385,762202749,37.774127,-122.446197,1.220178,True
2022-12-29 00:36:17,37.7740836,-122.4462027,37.323,762202749,37.774085,-122.446189,1.186087,False
2022-12-29 00:36:18,37.7740422,-122.4461934,37.371,762202749,37.774043,-122.44618,1.144809,False
2022-12-29 00:36:19,37.7740086,-122.4461856,37.713,762202749,37.77401,-122.446172,1.144969,True
2022-12-29 00:36:20,37.7739675,-122.4461784,37.597,762202749,37.77397,-122.446162,1.45207,False
2022-12-29 00:36:21,37.7739248,-122.4461765,37.612,101153937,37.773929,-122.446151,2.284224,False
2022-12-29 00:36:22,37.7738759,-122.4461761,37.678,101153937,37.773882,-122.446137,3.468808,True
2022-12-29 00:36:23,37.7738294,-122.4461736,37.425,101153937,37.773837,-122.446124,4.354843,False
2022-12-29 00:36:24,37.7737694,-122.4461666,37.326,101153937,37.773778,-122.446109,5.102586,True
2022-12-29 00:36:25,37.7737006,-122.4461614,36.385,976290002,37.773709,-122.446092,6.059163,False
2022-12-29 00:36:26,37.7736239,-122.4461563,35.245,976290002,37.773634,-122.446077,6.992225,True
2022-12-29 00:36:27,37.7735416,-122.4461484,33.888,976290002,37.773552,-122.44606,7.784045,False
2022-12-29 00:36:28,37.7734573,-122.4461526,32.289,976290002,37.773471,-122.446043,9.655215,True
2022-12-29 00:36:29,37.7733703,-122.4461401,30.726,396986934,37.773384,-122.446025,10.126613,False
2022-12-29 00:36:30,37.7732849,-122.4461276,29.523,396986934,37.7733,-122.446008,10.545605,True
2022-12-29 00:36:31,37.773208,-122.4461116,28.466,396986934,37.773223,-122.445992,10.513522,False
2022-12-29 00:36:32,37.7731434,-122.4461003,27.874,396986934,37.773158,-122.445979,10.671304,True
2022-12-29 00:36:33,37.7730958,-122.4461018,27.565,396986934,37.773112,-122.44597,11.635483,False
2022-12-29 00:36:34,37.7730591,-122.4461218,28.011,396986934,37.773095,-122.445967,14.130845,False
2022-12-29 00:36:35,37.7730353,-122.4461534,28.145,398903475,37.772966,-122.446139,7.653824,True
2022-12-29 00:36:36,37.7730179,-122.4462023,28.418,398903475,37.77296,-122.446191,6.407479,False
2022-12-29 00:36:37,37.7730048,-122.4462693,28.297,398903475,37.772952,-122.446259,5.87333,True
2022-12-29 00:36:38,37.7729929,-122.4463524,28.383,398903475,37.772942,-122.446342,5.685885,False
2022-12-29 00:36:39,37.7729794,-122.4464545,28.326,398903475,37.772929,-122.446444,5.578045,True
2022-12-29 00:36:40,37.7729645,-122.4465708,28.212,398903475,37.772915,-122.446561,5.507387,True
2022-12-29 00:36:41,37.7729491,-122.4466952,28.272,398903475,37.7729,-122.446685,5.490562,True
2022-12-29 00:36:42,37.7729315,-122.446828,28.833,398903475,37.772883,-122.446818,5.345844,True
2022-12-29 00:36:43,37.7729128,-122.4469698,28.751,398903475,37.772866,-122.44696,5.201454,True
2022-12-29 00:36:44,37.7728918,-122.4471167,28.45,398903475,37.772848,-122.447108,4.874056,True
2022-12-29 00:36:45,37.7728731,-122.4472686,28.332,398903475,37.772829,-122.44726,4.864913,True
2022-12-29 00:36:46,37.7728535,-122.4474198,28.411,398903475,37.772811,-122.447412,4.748286,True
2022-12-29 00:36:47,37.772834,-122.4475701,28.693,398903475,37.772795,-122.447562,4.299167,True
2022-12-29 00:36:48,37.7728154,-122.4477188,28.572,398903475,37.772777,-122.447711,4.275924,True
2022-12-29 00:36:49,37.7727965,-122.4478686,28.832,398903475,37.772758,-122.44786,4.261012,True
2022-12-29 00:36:50,37.7727773,-122.4480204,28.604,398903475,37.772739,-122.448012,4.240696,True
2022-12-29 00:36:51,37.7727559,-122.4481764,28.521,398903475,37.772719,-122.448169,4.03758,True
2022-12-29 00:36:52,37.7727355,-122.4483367,28.836,398903475,37.772699,-122.448329,4.002487,True
2022-12-29 00:36:53,37.7727153,-122.4484996,29.256,398903475,37.772679,-122.448492,4.024799,True
2022-12-29 00:36:54,37.7726939,-122.4486631,29.715,398903475,37.772658,-122.448656,3.924272,True
2022-12-29 00:36:55,37.7726724,-122.4488267,30.378,398903475,37.772638,-122.448819,3.814193,True
2022-12-29 00:36:56,37.7726492,-122.4489895,30.418,398903475,37.772617,-122.448983,3.507524,True
2022-12-29 00:36:57,37.772627,-122.4491515,30.469,398903475,37.772599,-122.449146,3.084944,True
2022-12-29 00:36:58,37.7726057,-122.4493138,30.646,398903475,37.77258,-122.449308,2.850773,True
2022-12-29 00:36:59,37.7725843,-122.449478,30.841,398903475,37.77256,-122.449473,2.656032,True
2022-12-29 00:37:00,37.7725633,-122.4496452,31.393,398903475,37.772538,-122.449639,2.739867,True
2022-12-29 00:37:01,37.772538,-122.4498117,31.8,398903475,37.772515,-122.449806,2.492097,True
2022-12-29 00:37:02,37.7725114,-122.4499791,32.147,398903475,37.772492,-122.449974,2.116297,True
2022-12-29 00:37:03,37.7724854,-122.4501461,32.355000000000004,398903475,37.772469,-122.450142,1.799819,True
2022-12-29 00:37:04,37.7724585,-122.4503124,32.786,398903475,37.772446,-122.450309,1.374776,True
2022-12-29 00:37:05,37.7724351,-122.4504797,32.847,398903475,37.772423,-122.450477,1.34599,True
2022-12-29 00:37:06,37.7724123,-122.4506467,33.068,398903475,37.7724,-122.450643,1.378034,True
2022-12-29 00:37:07,37.7723898,-122.4508155,33.708,396987786,37.772377,-122.450806,1.546473,True
2022-12-29 00:37:08,37.7723675,-122.4509851,33.857,396987786,37.772355,-122.450982,1.310807,True
2022-12-29 00:37:09,37.7723459,-122.4511546,33.602000000000004,396987786,37.772335,-122.451152,1.213297,True
2022-12-29 00:37:10,37.7723229,-122.4513197,33.519,396987786,37.772314,-122.451318,0.904072,True
2022-12-29 00:37:11,37.7723025,-122.4514749,33.627,396987786,37.772295,-122.451473,0.74679,True
2022-12-29 00:37:12,37.7722836,-122.451617,33.19,396987786,37.772278,-122.451615,0.578536,True
2022-12-29 00:37:13,37.7722657,-122.4517457,32.719,396987786,37.772262,-122.451745,0.34067,True
2022-12-29 00:37:14,37.7722499,-122.4518645,32.684,396987786,37.772248,-122.451864,0.200112,True
2022-12-29 00:37:15,37.7722359,-122.4519702,32.578,396987786,37.772235,-122.45197,0.081363,False
2022-12-29 00:37:16,37.7722258,-122.4520624,32.896,396987786,37.772223,-122.452062,0.208549,True
2022-12-29 00:37:17,37.7722165,-122.4521342,33.066,396987786,37.772215,-122.452133,0.150825,False
2022-12-29 00:37:18,37.7722106,-122.4521867,33.094,396987786,37.772208,-122.452186,0.206974,True
2022-12-29 00:37:19,37.7722077,-122.4522224,33.114,396987786,37.772204,-122.452221,0.366664,False
2022-12-29 00:37:20,37.7722057,-122.452244,32.806,396987786,37.772201,-122.452243,0.436471,False
2022-12-29 00:37:21,37.7722044,-122.4522558,32.687,396987786,37.7722,-122.452255,0.451942,False
2022-12-29 00:37:22,37.7722041,-122.4522594,32.644,396987786,37.772199,-122.452258,0.467219,False
2022-12-29 00:37:23,37.7722043,-122.4522605,32.754,396987786,37.772199,-122.452259,0.503757,False
2022-12-29 00:37:24,37.7722047,-122.4522617,32.874,396987786,37.772199,-122.45226,0.563484,False
2022-12-29 00:37:25,37.7722051,-122.4522631,32.955,396987786,37.772199,-122.452262,0.625881,False
2022-12-29 00:37:26,37.7722056,-122.4522645,33.045,396987786,37.772199,-122.452263,0.699205,False
2022-12-29 00:37:27,37.7722062,-122.4522659,33.162,396987786,37.772199,-122.452264,0.783456,False
2022-12-29 00:37:28,37.7722069,-122.452267,33.21,396987786,37.772199,-122.452265,0.874629,False
2022-12-29 00:37:29,37.7722078,-122.4522685,33.357,396987786,37.772198,-122.452266,0.992996,False
2022-12-29 00:37:30,37.7722089,-122.45227,33.533,396987786,37.772198,-122.452268,1.133216,False
2022-12-29 00:37:31,37.7722098,-122.4522713,33.62,396987786,37.772198,-122.452269,1.248913,False
2022-12-29 00:37:32,37.7722109,-122.4522725,33.744,396987786,37.772198,-122.45227,1.385129,False
2022-12-29 00:37:33,37.7722117,-122.4522734,33.831,396987786,37.772198,-122.45227,1.484559,False
2022-12-29 00:37:34,37.7722125,-122.4522743,33.951,396987786,37.772198,-122.452271,1.583989,False
2022-12-29 00:37:35,37.7722131,-122.4522749,34.035000000000004,396987786,37.772198,-122.452272,1.65756,False
2022-12-29 00:37:36,37.7722138,-122.4522755,34.158,396987786,37.772198,-122.452272,1.742059,False
2022-12-29 00:37:37,37.7722142,-122.452276,34.246,396987786,37.772198,-122.452272,1.792441,False
2022-12-29 00:37:38,37.7722146,-122.4522762,34.329,396987786,37.772198,-122.452272,1.838819,False
2022-12-29 00:37:39,37.7722148,-122.4522763,34.385,396987786,37.772198,-122.452273,1.862008,False
2022-12-29 00:37:40,37.772215,-122.4522764,34.447,396987786,37.772198,-122.452273,1.885197,False
2022-12-29 00:37:41,37.7722153,-122.4522764,34.51,396987786,37.772198,-122.452273,1.917984,False
2022-12-29 00:37:42,37.7722152,-122.4522762,34.518,396987786,37.772198,-122.452273,1.904493,False
2022-12-29 00:37:43,37.7722152,-122.452276,34.51,396987786,37.772198,-122.452273,1.902089,False
2022-12-29 00:37:44,37.7722153,-122.4522758,34.498,396987786,37.772198,-122.452273,1.910815,False
2022-12-29 00:37:45,37.7722154,-122.4522753,34.439,396987786,37.772198,-122.452273,1.916923,False
2022-12-29 00:37:46,37.7722154,-122.4522751,34.36,396987786,37.772198,-122.452273,1.915253,False
2022-12-29 00:37:47,37.7722148,-122.4522787,34.273,396987786,37.772197,-122.452275,1.894046,False
2022-12-29 00:37:48,37.772213,-122.452291,34.145,396987786,37.772196,-122.452287,1.861558,False
2022-12-29 00:37:49,37.7722086,-122.4523158,34.139,396987786,37.772193,-122.452312,1.711835,True
2022-12-29 00:37:50,37.7721999,-122.4523541,34.016,742257627,37.772188,-122.452351,1.27366,False
2022-12-29 00:37:51,37.7721852,-122.4524049,33.902,24335462,37.772176,-122.452452,4.240264,False
2022-12-29 00:37:52,37.7721641,-122.4524645,33.82,24335462,37.77217,-122.452468,0.758585,True
2022-12-29 00:37:53,37.7721372,-122.4525327,33.873,24335462,37.772145,-122.452537,1.055411,False
2022-12-29 00:37:54,37.7721038,-122.4526161,34.02,597125502,37.772113,-122.452623,1.264117,True
2022-12-29 00:37:55,37.772075,-122.4526865,34.272,597125502,37.772083,-122.452692,1.044936,False
2022-12-29 00:37:56,37.772042,-122.4527627,34.67,597125502,37.772049,-122.452768,0.984101,True
2022-12-29 00:37:57,37.7720106,-122.4528348,35.009,597125502,37.772018,-122.45284,1.038915,False
2022-12-29 00:37:58,37.771981,-122.4529037,35.289,597125502,37.771989,-122.452909,1.068007,True
2022-12-29 00:37:59,37.771953,-122.4529678,35.59,597125502,37.771962,-122.452973,1.140069,False
2022-12-29 00:38:00,37.7719272,-122.453028,35.773,597125502,37.771936,-122.453034,1.15941,True
2022-12-29 00:38:01,37.7719028,-122.4530845,35.913000000000004,597125502,37.771912,-122.45309,1.195646,False
2022-12-29 00:38:02,37.7718801,-122.4531372,36.203,597125502,37.771889,-122.453143,1.223706,True
2022-12-29 00:38:03,37.7718568,-122.4531913,36.414,597125502,37.771866,-122.453198,1.252216,False
2022-12-29 00:38:04,37.7718293,-122.4532547,36.524,597125502,37.771839,-122.453261,1.304579,True
2022-12-29 00:38:05,37.7717962,-122.4533322,36.597,597125502,37.771806,-122.453339,1.318351,False
2022-12-29 00:38:06,37.7717587,-122.4534244,36.822,597125502,37.771767,-122.45343,1.151844,True
2022-12-29 00:38:07,37.7717136,-122.4535311,36.879,597125502,37.771723,-122.453537,1.18736,True
2022-12-29 00:38:08,37.771666,-122.4536457,37.024,597125502,37.771677,-122.453652,1.399793,True
2022-12-29 00:38:09,37.7716169,-122.4537639,37.196,597125502,37.771629,-122.453772,1.619365,True
2022-12-29 00:38:10,37.7715693,-122.4538789,37.349,133733583,37.771583,-122.453888,1.752372,True
2022-12-29 00:38:11,37.7715231,-122.4539917,37.438,742257630,37.771533,-122.453999,1.296729,True
2022-12-29 00:38:12,37.7714774,-122.4541027,37.325,27092738,37.771482,-122.454105,0.586971,True
2022-12-29 00:38:13,37.7714308,-122.4542156,37.058,597125501,37.771435,-122.454218,0.640162,True
2022-12-29 00:38:14,37.7713815,-122.4543325,36.783,597125501,37.771389,-122.454337,0.998131,True
2022-12-29 00:38:15,37.7713284,-122.4544574,36.564,597125501,37.771339,-122.454464,1.422838,True
2022-12-29 00:38:16,37.7712746,-122.4545869,36.379,597125501,37.771288,-122.454595,1.738735,True
2022-12-29 00:38:17,37.77122,-122.4547183,36.105,597125501,37.771236,-122.454728,2.060323,True
2022-12-29 00:38:18,37.771165,-122.4548509,35.892,597125501,37.771184,-122.454862,2.375072,True
2022-12-29 00:38:19,37.7711098,-122.4549822,35.668,597125501,37.771132,-122.454996,2.760002,True
2022-12-29 00:38:20,37.7710507,-122.4551081,35.493,133733585,37.771049,-122.455107,0.122926,True
2022-12-29 00:38:21,37.7709805,-122.4552209,35.38,133733585,37.770976,-122.455216,0.600096,True
2022-12-29 00:38:22,37.7708989,-122.4553158,35.297000000000004,133733585,37.770897,-122.455313,0.253691,True
2022-12-29 00:38:23,37.7708068,-122.4553886,35.31,334778891,37.770806,-122.455388,0.030942,True
2022-12-29 00:38:24,37.7706982,-122.455441,34.977000000000004,334778891,37.770701,-122.455453,1.157871,True
2022-12-29 00:38:25,37.7706049,-122.4554645,34.813,334778891,37.770607,-122.455483,1.689332,True
2022-12-29 00:38:26,37.7705009,-122.4554707,34.737,334778891,37.770503,-122.45546,0.940247,True
2022-12-29 00:38:27,37.7703979,-122.4554547,34.885,28136777,37.7704,-122.455437,1.507985,True
2022-12-29 00:38:28,37.7702975,-122.4554234,35.071,28136777,37.7703,-122.45541,1.192863,True
2022-12-29 00:38:29,37.7702,-122.4553795,35.319,28136777,37.770203,-122.455368,1.072095,True
2022-12-29 00:38:30,37.7701007,-122.4553312,35.42,28136777,37.770104,-122.455319,1.145429,True
2022-12-29 00:38:31,37.77,-122.4552785,35.582,28136777,37.770003,-122.455266,1.102111,True
2022-12-29 00:38:32,37.7698957,-122.4552227,35.883,28136777,37.769898,-122.455212,0.958893,True
2022-12-29 00:38:33,37.7697898,-122.4551669,36.128,28136777,37.769792,-122.455157,0.882711,True
2022-12-29 00:38:34,37.7696874,-122.4551131,36.685,28136777,37.76969,-122.455104,0.82165,True
2022-12-29 00:38:35,37.7695881,-122.4550609,36.654,28136777,37.76959,-122.455054,0.638067,True
2022-12-29 00:38:36,37.769488,-122.4550146,37.144,28136777,37.769489,-122.455008,0.559398,True
2022-12-29 00:38:37,37.7693915,-122.4549772,38.025,28136777,37.769393,-122.45497,0.64298,True
2022-12-29 00:38:38,37.76929,-122.4549447,38.867,28136777,37.769292,-122.454934,0.900221,True
2022-12-29 00:38:39,37.7691894,-122.4549211,39.291,28136777,37.769191,-122.454908,1.155613,True
2022-12-29 00:38:40,37.7690894,-122.4549064,39.905,28136777,37.769091,-122.45489,1.419976,True
2022-12-29 00:38:41,37.7689898,-122.4549018,39.822,370954791,37.768989,-122.454882,1.730554,True
2022-12-29 00:38:42,37.768893,-122.4549092,40.187,370954792,37.768892,-122.454887,1.916378,True
2022-12-29 00:38:43,37.7687911,-122.4549249,40.545,137812991,37.768789,-122.454914,0.953033,True
2022-12-29 00:38:44,37.7686854,-122.4549526,40.91,137812991,37.768683,-122.454944,0.764101,True
2022-12-29 00:38:45,37.7685785,-122.4549968,41.196,137812991,37.768573,-122.454978,1.684108,True
2022-12-29 00:38:46,37.7684798,-122.4550582,41.477,137812991,37.76847,-122.455039,1.920045,True
2022-12-29 00:38:47,37.7683987,-122.4551428,41.964,137812991,37.768384,-122.455124,2.204758,True
2022-12-29 00:38:48,37.7683339,-122.4552404,42.253,137812991,37.768314,-122.455221,2.661192,True
2022-12-29 00:38:49,37.768283,-122.4553432,42.472,137812991,37.768259,-122.455327,2.938239,True
2022-12-29 00:38:50,37.7682385,-122.4554505,42.616,137812991,37.768215,-122.455436,2.798969,True
2022-12-29 00:38:51,37.7681971,-122.4555619,42.411,137812991,37.768173,-122.455548,2.848727,True
2022-12-29 00:38:52,37.7681561,-122.4556789,42.224,137812991,37.768132,-122.455666,2.788226,True
2022-12-29 00:38:53,37.7681146,-122.4558007,42.522,137812991,37.768079,-122.455771,4.676485,True
2022-12-29 00:38:54,37.7680739,-122.4559254,42.369,137812997,37.768027,-122.455904,5.423477,True
2022-12-29 00:38:55,37.7680342,-122.4560538,42.286,137812997,37.76799,-122.456033,5.110042,True
2022-12-29 00:38:56,37.7679942,-122.4561812,42.253,137812997,37.767953,-122.456162,4.735702,True
2022-12-29 00:38:57,37.7679565,-122.4563103,42.376,513937858,37.767916,-122.456291,4.728305,True
2022-12-29 00:38:58,37.7679179,-122.4564386,42.465,513937858,37.767878,-122.45642,4.645093,True
2022-12-29 00:38:59,37.7678796,-122.4565667,42.526,513937858,37.76784,-122.456548,4.586859,True
2022-12-29 00:39:00,37.7678412,-122.4566952,42.637,513937858,37.767802,-122.456677,4.530472,True
2022-12-29 00:39:01,37.7678024,-122.456826,42.714,513937858,37.767764,-122.456808,4.502844,True
2022-12-29 00:39:02,37.7677649,-122.4569565,42.802,513937858,37.767725,-122.456938,4.600748,True
2022-12-29 00:39:03,37.7677275,-122.4570855,42.921,513937858,37.767687,-122.457066,4.663228,True
2022-12-29 00:39:04,37.7676884,-122.4572163,43.065,444116277,37.767652,-122.457189,4.678807,True
2022-12-29 00:39:05,37.7676491,-122.4573512,43.211,444116277,37.767609,-122.457332,4.657175,True
2022-12-29 00:39:06,37.7676088,-122.4574892,43.284,444116277,37.767568,-122.45747,4.700566,True
2022-12-29 00:39:07,37.7675677,-122.4576314,43.399,444116277,37.767527,-122.457612,4.78946,True
2022-12-29 00:39:08,37.7675246,-122.4577787,43.667,444116277,37.767483,-122.457759,4.82706,True
2022-12-29 00:39:09,37.7674809,-122.4579284,43.885,444116277,37.767439,-122.457908,4.875864,True
2022-12-29 00:39:10,37.7674363,-122.4580773,43.905,444116277,37.767395,-122.458058,4.806988,True
2022-12-29 00:39:11,37.7673924,-122.458225,43.955,137812982,37.767359,-122.458214,3.799693,True
2022-12-29 00:39:12,37.7673504,-122.4583705,44.01,137812982,37.767329,-122.458363,2.355727,True
2022-12-29 00:39:13,37.7673097,-122.458517,44.05,137812982,37.767293,-122.45851,1.834763,True
2022-12-29 00:39:14,37.7672654,-122.4586662,44.04,137812987,37.767253,-122.45865,1.909119,True
2022-12-29 00:39:15,37.7672123,-122.4588157,43.986,444491370,37.7672,-122.458807,1.510658,True
2022-12-29 00:39:16,37.7671467,-122.4589594,44.196,444491370,37.767131,-122.458943,2.153093,True
2022-12-29 00:39:17,37.7670716,-122.4590952,44.478,137812999,37.767036,-122.45906,4.930527,True
2022-12-29 00:39:18,37.7669809,-122.4592314,44.708,137812999,37.766947,-122.459192,5.004596,True
2022-12-29 00:39:19,37.766901,-122.4593352,44.57,137812999,37.766869,-122.459295,4.919807,True
2022-12-29 00:39:20,37.7668119,-122.4594484,44.57,137812999,37.76678,-122.459408,4.911309,True
2022-12-29 00:39:21,37.7667245,-122.4595595,44.505,137812999,37.766693,-122.459519,4.90666,True
2022-12-29 00:39:22,37.7666388,-122.4596697,44.389,28136774,37.766605,-122.459643,4.327937,True
2022-12-29 00:39:23,37.7665601,-122.459784,44.31,28136774,37.76654,-122.459766,2.654345,True
2022-12-29 00:39:24,37.7664864,-122.4598996,44.152,133856249,37.766469,-122.459883,2.293071,True
2022-12-29 00:39:25,37.7664206,-122.4600197,43.932,133856249,37.7664,-122.459999,2.855284,True
2022-12-29 00:39:26,37.766365,-122.4601452,43.724,133856249,37.766335,-122.460124,3.705029,True
2022-12-29 00:39:27,37.7663209,-122.4602786,44.01,133856249,37.766282,-122.46026,4.472953,True
2022-12-29 00:39:28,37.7662901,-122.4604091,43.999,27167729,37.766251,-122.460402,4.257973,True
2022-12-29 00:39:29,37.7662726,-122.4605332,44.064,27167729,37.76624,-122.460529,3.604871,True
2022-12-29 00:39:30,37.7662656,-122.4606587,44.005,27167729,37.766233,-122.460656,3.565928,True
2022-12-29 00:39:31,37.7662598,-122.4607946,43.78,27167729,37.766227,-122.460792,3.597397,True
2022-12-29 00:39:32,37.7662529,-122.4609393,43.467,27167729,37.76622,-122.460937,3.550935,True
2022-12-29 00:39:33,37.766245,-122.4610914,43.188,27167729,37.766214,-122.461089,3.430659,True
2022-12-29 00:39:34,37.7662363,-122.4612505,42.909,415784872,37.766206,-122.461248,3.245272,True
2022-12-29 00:39:35,37.7662274,-122.4614125,42.682,415784872,37.766199,-122.46141,3.049992,True
2022-12-29 00:39:36,37.7662185,-122.4615942,42.5,415784872,37.766191,-122.461592,2.950446,True
2022-12-29 00:39:37,37.7662108,-122.4617444,42.457,415784872,37.766185,-122.461742,2.830299,True
2022-12-29 00:39:38,37.766203,-122.4619098,42.223,415784872,37.766177,-122.461908,2.772977,True
2022-12-29 00:39:39,37.7661958,-122.4620731,41.997,415784872,37.76617,-122.462071,2.771689,True
2022-12-29 00:39:40,37.766188,-122.4622351,41.861,415783981,37.766164,-122.462233,2.629361,True
2022-12-29 00:39:41,37.7661793,-122.4623944,41.567,415783981,37.766158,-122.462393,2.302482,True
2022-12-29 00:39:42,37.7661712,-122.4625545,41.16,415783981,37.766152,-122.462553,2.042936,True
2022-12-29 00:39:43,37.7661634,-122.4627189,40.866,415783981,37.766146,-122.462717,1.825911,True
2022-12-29 00:39:44,37.7661545,-122.4628846,40.589,415783981,37.766141,-122.462883,1.492481,True
2022-12-29 00:39:45,37.7661448,-122.4630495,40.405,415783981,37.766135,-122.463048,1.067551,True
2022-12-29 00:39:46,37.7661359,-122.4632125,40.304,415783981,37.766129,-122.463212,0.716386,True
2022-12-29 00:39:47,37.7661266,-122.463373,40.205,417384971,37.766123,-122.46338,0.729917,True
2022-12-29 00:39:48,37.7661182,-122.4635314,39.939,417384971,37.766116,-122.463531,0.175989,True
2022-12-29 00:39:49,37.766111,-122.4636884,39.724,417384971,37.766109,-122.463688,0.113107,True
2022-12-29 00:39:50,37.766105,-122.4638435,39.397,417384971,37.766103,-122.463843,0.173857,True
2022-12-29 00:39:51,37.766098,-122.4639961,38.996,417384971,37.766096,-122.463996,0.112541,True
2022-12-29 00:39:52,37.7660899,-122.4641614,38.49,286646571,37.766089,-122.464161,0.083309,True
2022-12-29 00:39:53,37.7660827,-122.4642946,38.115,286646571,37.766081,-122.464294,0.095268,True
2022-12-29 00:39:54,37.7660749,-122.4644546,37.766,965830305,37.766073,-122.464454,0.191355,True
2022-12-29 00:39:55,37.7660697,-122.4645834,37.44,965830305,37.766066,-122.464583,0.331753,True
2022-12-29 00:39:56,37.7660631,-122.4647213,37.156,965830305,37.766059,-122.46472,0.412042,True
2022-12-29 00:39:57,37.7660567,-122.4648463,36.767,965830305,37.766052,-122.464845,0.464295,True
2022-12-29 00:39:58,37.7660507,-122.4649554,36.557,965830305,37.766046,-122.464955,0.464227,False
2022-12-29 00:39:59,37.7660453,-122.4650444,36.445,965830305,37.766041,-122.465044,0.408426,True
2022-12-29 00:40:00,37.7660411,-122.4651172,36.32,965830305,37.766037,-122.465116,0.386725,False
2022-12-29 00:40:01,37.7660386,-122.4651612,36.271,965830305,37.766035,-122.46516,0.355629,True
2022-12-29 00:40:02,37.7660366,-122.4651956,36.313,965830305,37.766033,-122.465195,0.320448,False
2022-12-29 00:40:03,37.7660354,-122.4652155,36.264,965830305,37.766032,-122.465215,0.295348,False
2022-12-29 00:40:04,37.7660346,-122.4652246,36.27,965830305,37.766032,-122.465224,0.256142,False
2022-12-29 00:40:05,37.7660347,-122.4652263,36.507,965830305,37.766032,-122.465226,0.276347,False
2022-12-29 00:40:06,37.7660353,-122.4652275,36.742,965830305,37.766032,-122.465227,0.349032,False
2022-12-29 00:40:07,37.766036,-122.4652324,36.882,965830305,37.766031,-122.465232,0.452709,False
2022-12-29 00:40:08,37.7660406,-122.4652536,36.973,965830305,37.76603,-122.465252,1.074687,False
2022-12-29 00:40:09,37.7660476,-122.4652955,37.02,965830305,37.766028,-122.465294,2.073163,True
2022-12-29 00:40:10,37.7660491,-122.4653586,37.022,965830305,37.766025,-122.465356,2.579018,False
2022-12-29 00:40:11,37.7660407,-122.4654387,36.936,514606954,37.766022,-122.465437,2.068155,True
2022-12-29 00:40:12,37.7660324,-122.4655315,36.819,514606954,37.766017,-122.46553,1.618552,False
2022-12-29 00:40:13,37.7660247,-122.4656346,36.753,514606954,37.766013,-122.465633,1.286966,True
2022-12-29 00:40:14,37.7660164,-122.4657381,36.495,514606954,37.766008,-122.465737,0.891161,False
2022-12-29 00:40:15,37.7660087,-122.4658411,36.32,514606954,37.766003,-122.46584,0.559072,True
2022-12-29 00:40:16,37.7660032,-122.4659411,35.997,514606954,37.765999,-122.46594,0.434556,False
2022-12-29 00:40:17,37.7659983,-122.4660331,35.867,514606954,37.765995,-122.466032,0.327111,True
2022-12-29 00:40:18,37.7659944,-122.466107,35.735,514606954,37.765992,-122.466106,0.244778,False
2022-12-29 00:40:19,37.7659925,-122.4661613,35.396,514606954,37.765989,-122.466161,0.290893,True
2022-12-29 00:40:20,37.7659909,-122.4662021,35.254,514606954,37.765988,-122.466201,0.306511,False
2022-12-29 00:40:21,37.7659896,-122.4662262,35.145,514606954,37.765987,-122.466226,0.276554,False
2022-12-29 00:40:22,37.7659889,-122.46624,35.054,514606954,37.765986,-122.466239,0.264301,False
2022-12-29 00:40:23,37.7659887,-122.4662443,35.063,514606954,37.765986,-122.466244,0.262483,False
2022-12-29 00:40:24,37.765989,-122.4662464,35.095,514606954,37.765986,-122.466246,0.305501,False
2022-12-29 00:40:25,37.7659896,-122.4662474,35.175000000000004,514606954,37.765986,-122.466247,0.376458,False
2022-12-29 00:40:26,37.7659898,-122.4662483,35.178,514606954,37.765986,-122.466248,0.40278,False
2022-12-29 00:40:27,37.7659902,-122.4662491,35.213,514606954,37.765986,-122.466248,0.450713,False
2022-12-29 00:40:28,37.7659904,-122.4662496,35.212,514606954,37.765986,-122.466249,0.47515,False
2022-12-29 00:40:29,37.7659905,-122.4662501,35.225,514606954,37.765986,-122.466249,0.488547,False
2022-12-29 00:40:30,37.7659908,-122.4662506,35.249,514606954,37.765986,-122.46625,0.524025,False
2022-12-29 00:40:31,37.7659908,-122.4662497,35.068,514606954,37.765986,-122.46625,0.525686,False
2022-12-29 00:40:32,37.7659906,-122.4662502,35.054,514606954,37.765986,-122.46625,0.501194,False
2022-12-29 00:40:33,37.7659904,-122.4662504,34.992,514606954,37.765986,-122.46625,0.479157,False
2022-12-29 00:40:34,37.7659903,-122.4662508,34.913000000000004,514606954,37.765986,-122.46625,0.469764,False
2022-12-29 00:40:35,37.7659902,-122.4662512,34.937,514606954,37.765986,-122.46625,0.460609,False
2022-12-29 00:40:36,37.7659901,-122.4662519,35.014,514606954,37.765986,-122.466251,0.452867,False
2022-12-29 00:40:37,37.7659902,-122.466252,34.96,514606954,37.765986,-122.466251,0.464379,False
2022-12-29 00:40:38,37.7659902,-122.4662519,34.848,514606954,37.765986,-122.466251,0.46399,False
2022-12-29 00:40:39,37.76599,-122.4662518,34.757,514606954,37.765986,-122.466251,0.441654,False
2022-12-29 00:40:40,37.7659902,-122.4662516,34.667,514606954,37.765986,-122.466251,0.463809,False
2022-12-29 00:40:41,37.7659902,-122.4662515,34.58,514606954,37.765986,-122.466251,0.464079,False
2022-12-29 00:40:42,37.7659905,-122.4662511,34.504,514606954,37.765986,-122.466251,0.499759,False
2022-12-29 00:40:43,37.7659907,-122.4662508,34.357,514606954,37.765986,-122.466251,0.525093,False
2022-12-29 00:40:44,37.7659912,-122.4662523,34.333,514606954,37.765985,-122.466251,0.576199,False
2022-12-29 00:40:45,37.7659917,-122.466255,34.304,514606954,37.765985,-122.466254,0.644125,False
2022-12-29 00:40:46,37.7659917,-122.4662586,34.315,514606954,37.765985,-122.466258,0.66109,False
2022-12-29 00:40:47,37.7659921,-122.4662613,34.351,514606954,37.765985,-122.46626,0.717976,False
2022-12-29 00:40:48,37.7659932,-122.4662629,34.488,514606954,37.765985,-122.466262,0.846963,False
2022-12-29 00:40:49,37.7659934,-122.4662634,34.501,514606954,37.765985,-122.466262,0.8714,False
2022-12-29 00:40:50,37.7659927,-122.4662637,34.309,514606954,37.765985,-122.466263,0.79553,False
2022-12-29 00:40:51,37.7659927,-122.4662655,34.339,514606954,37.765985,-122.466265,0.804012,False
2022-12-29 00:40:52,37.7659926,-122.4662683,34.218,514606954,37.765985,-122.466267,0.806167,False
2022-12-29 00:40:53,37.7659925,-122.4662707,34.232,514606954,37.765985,-122.46627,0.806436,False
2022-12-29 00:40:54,37.7659926,-122.466273,34.31,514606954,37.765985,-122.466272,0.828315,False
2022-12-29 00:40:55,37.7659916,-122.4662747,34.669000000000004,514606954,37.765985,-122.466274,0.72592,False
2022-12-29 00:40:56,37.7659919,-122.4662765,35.072,514606954,37.765984,-122.466276,0.767524,True
2022-12-29 00:40:57,37.7659916,-122.4662783,35.17,514606954,37.765984,-122.466277,0.742885,False
2022-12-29 00:40:58,37.7659914,-122.4662909,35.268,514606954,37.765984,-122.46629,0.780181,False
2022-12-29 00:40:59,37.7659897,-122.4663255,35.363,514606954,37.765982,-122.466325,0.755541,False
2022-12-29 00:41:00,37.7659877,-122.4663853,35.35,514606954,37.76598,-122.466384,0.835763,False
2022-12-29 00:41:01,37.765985,-122.4664523,35.405,415780673,37.765975,-122.466461,1.307305,True
2022-12-29 00:41:02,37.7659808,-122.4665368,35.465,415780673,37.765973,-122.466536,0.833325,False
2022-12-29 00:41:03,37.7659763,-122.4666306,35.591,415780673,37.765969,-122.46663,0.782007,True
2022-12-29 00:41:04,37.7659723,-122.4667256,35.627,415780673,37.765964,-122.466725,0.825371,False
2022-12-29 00:41:05,37.7659678,-122.4668188,35.652,415780673,37.76596,-122.466818,0.799241,True
2022-12-29 00:41:06,37.7659634,-122.4669182,35.628,415780673,37.765956,-122.466917,0.815454,False
2022-12-29 00:41:07,37.7659633,-122.466998,35.645,415780673,37.765952,-122.466997,1.207347,True
2022-12-29 00:41:08,37.7659599,-122.4670875,35.45,415780673,37.765948,-122.467086,1.283955,False
2022-12-29 00:41:09,37.7659568,-122.4671768,35.173,415780673,37.765944,-122.467175,1.392669,True
2022-12-29 00:41:10,37.7659534,-122.4672629,34.977000000000004,415780673,37.76594,-122.467261,1.45211,False
2022-12-29 00:41:11,37.7659505,-122.4673446,34.659,415780673,37.765936,-122.467343,1.544525,True
2022-12-29 00:41:12,37.7659399,-122.4674292,34.621,415780673,37.765932,-122.467428,0.801639,False
2022-12-29 00:41:13,37.7659134,-122.467486,35.045,415780673,37.76593,-122.467486,1.881235,True
2022-12-29 00:41:14,37.7658685,-122.4675231,35.126,475456979,37.765868,-122.467533,0.952386,False
2022-12-29 00:41:15,37.7658164,-122.4675359,35.02,8920577,37.765837,-122.467531,2.412452,True
2022-12-29 00:41:16,37.7657622,-122.4675371,35.244,8920577,37.765771,-122.467526,1.313787,False
2022-12-29 00:41:17,37.7657045,-122.4675333,35.245,8920577,37.765704,-122.467522,0.954725,True
2022-12-29 00:41:18,37.7656355,-122.4675349,34.758,8920577,37.765636,-122.467517,1.514492,False
2022-12-29 00:41:19,37.7655738,-122.4675332,34.296,8920577,37.765574,-122.467513,1.741809,True
2022-12-29 00:41:20,37.7655007,-122.4675333,34.404,8920577,37.765501,-122.467508,2.195631,False
2022-12-29 00:41:21,37.7654261,-122.4675305,34.407000000000004,8920577,37.765427,-122.467503,2.405496,True
2022-12-29 00:41:22,37.7653499,-122.4675291,34.449,8920577,37.765351,-122.467497,2.747285,False
2022-12-29 00:41:23,37.7652784,-122.4675278,34.579,8920577,37.765279,-122.467492,3.069185,True
2022-12-29 00:41:24,37.7652192,-122.4675264,34.817,8920577,37.76522,-122.467488,3.307464,False
2022-12-29 00:41:25,37.7651812,-122.467526,34.83,8920577,37.765182,-122.467485,3.503933,True
2022-12-29 00:41:26,37.7651496,-122.4675245,34.873,8920577,37.765151,-122.467483,3.565432,False
2022-12-29 00:41:27,37.7651177,-122.4675228,35.057,8920577,37.765119,-122.467481,3.612309,False
2022-12-29 00:41:28,37.7650762,-122.4675206,35.027,8920577,37.765078,-122.467478,3.679439,True
2022-12-29 00:41:29,37.7650233,-122.4675166,35.088,8920577,37.765025,-122.467474,3.660666,False
2022-12-29 00:41:30,37.764964,-122.4675112,35.296,8920577,37.764965,-122.46747,3.559681,True
2022-12-29 00:41:31,37.7649033,-122.4675068,35.44,8920577,37.764905,-122.467466,3.554703,False
2022-12-29 00:41:32,37.7648406,-122.4675025,35.471000000000004,8920577,37.764842,-122.467461,3.57094,True
2022-12-29 00:41:33,37.7647755,-122.4674971,35.809,8920577,37.764777,-122.467457,3.506168,False
2022-12-29 00:41:34,37.7647124,-122.4674929,36.136,8920577,37.764714,-122.467452,3.533629,True
2022-12-29 00:41:35,37.7646551,-122.4674892,36.553,8920577,37.764656,-122.467448,3.568509,False
2022-12-29 00:41:36,37.7646058,-122.4674873,36.721,8920577,37.764607,-122.467444,3.710521,True
2022-12-29 00:41:37,37.7645765,-122.4674855,36.856,8920577,37.764578,-122.467442,3.736383,False
2022-12-29 00:41:38,37.7645493,-122.4674846,36.908,8920577,37.764551,-122.46744,3.827674,False
2022-12-29 00:41:39,37.7645245,-122.4674837,36.94,8920577,37.764526,-122.467439,3.90398,False
2022-12-29 00:41:40,37.7644941,-122.4674818,37.164,8920577,37.764495,-122.467437,3.91768,True
2022-12-29 00:41:41,37.7644567,-122.467479,37.401,8920577,37.764458,-122.467434,3.893538,False
2022-12-29 00:41:42,37.7644161,-122.4674762,37.561,8920577,37.764417,-122.467431,3.88824,False
2022-12-29 00:41:43,37.7643709,-122.467473,37.666,8920577,37.764372,-122.467428,3.875118,True
2022-12-29 00:41:44,37.7643241,-122.4674689,37.726,8920577,37.764325,-122.467425,3.792864,False
2022-12-29 00:41:45,37.7642777,-122.4674654,37.939,8920577,37.764279,-122.467422,3.760624,True
2022-12-29 00:41:46,37.7642352,-122.4674626,38.047,8920577,37.764237,-122.467419,3.766515,False
2022-12-29 00:41:47,37.7642046,-122.4674604,38.002,8920577,37.764206,-122.467417,3.754697,False
2022-12-29 00:41:48,37.764188,-122.4674595,37.823,8920577,37.764189,-122.467416,3.7739,False
2022-12-29 00:41:49,37.7641837,-122.4674588,38.068,8920577,37.764185,-122.467416,3.738124,True
2022-12-29 00:41:50,37.7641823,-122.4674584,38.342,8920577,37.764184,-122.467415,3.711456,False
2022-12-29 00:41:51,37.7641787,-122.4674576,38.471,8920577,37.76418,-122.467415,3.66283,False
2022-12-29 00:41:52,37.7641688,-122.4674567,38.518,8920577,37.76417,-122.467415,3.642576,False
2022-12-29 00:41:53,37.7641494,-122.4674551,38.559,8920577,37.764151,-122.467413,3.61717,False
2022-12-29 00:41:54,37.7641188,-122.4674524,38.544,8920577,37.76412,-122.467411,3.56171,False
2022-12-29 00:41:55,37.7640833,-122.4674483,38.704,8920577,37.764084,-122.467409,3.407095,True
2022-12-29 00:41:56,37.764035,-122.4674443,38.84,8920577,37.764036,-122.467406,3.3312,False
2022-12-29 00:41:57,37.7639773,-122.4674389,38.974,8920577,37.763978,-122.467402,3.194677,True
2022-12-29 00:41:58,37.7639111,-122.4674328,39.194,8920577,37.763914,-122.467397,3.072053,False
2022-12-29 00:41:59,37.7638393,-122.4674271,39.421,8920577,37.76384,-122.467391,3.099916,True
2022-12-29 00:42:00,37.7637679,-122.4674232,39.603,8920577,37.763769,-122.467386,3.191762,False
2022-12-29 00:42:01,37.7636996,-122.4674191,39.714,8920577,37.763701,-122.467382,3.247387,True
2022-12-29 00:42:02,37.7636357,-122.4674164,39.733,8920577,37.763637,-122.467377,3.398564,False
2022-12-29 00:42:03,37.7635808,-122.4674155,39.669,8920577,37.763582,-122.467373,3.652358,True
2022-12-29 00:42:04,37.7635422,-122.4674219,39.265,8920577,37.763544,-122.467371,4.4446,False
2022-12-29 00:42:05,37.7635201,-122.4674223,39.398,8920577,37.763522,-122.467369,4.613296,False
2022-12-29 00:42:06,37.7635005,-122.4674194,39.669,8920577,37.763502,-122.467368,4.478844,False
2022-12-29 00:42:07,37.7634755,-122.4674176,39.506,8920577,37.763477,-122.467366,4.473086,True
2022-12-29 00:42:08,37.7634416,-122.4674147,39.175,8920577,37.763443,-122.467364,4.4252,False
2022-12-29 00:42:09,37.7633965,-122.4674105,39.247,8920577,37.763398,-122.467361,4.331654,False
2022-12-29 00:42:10,37.7633423,-122.4674076,39.123,8920577,37.763344,-122.467357,4.406657,True
2022-12-29 00:42:11,37.7632787,-122.4674043,39.308,8920577,37.76328,-122.467352,4.503653,False
2022-12-29 00:42:12,37.763203,-122.4673994,39.24,8920577,37.763205,-122.467347,4.534255,True
2022-12-29 00:42:13,37.7631389,-122.4673947,39.102,8920577,37.763141,-122.467343,4.51209,False
2022-12-29 00:42:14,37.7630656,-122.4673897,39.1,8920577,37.763067,-122.467338,4.519435,True
2022-12-29 00:42:15,37.7629941,-122.4673849,39.323,8920577,37.762996,-122.467333,4.533339,False
2022-12-29 00:42:16,37.7629268,-122.4673791,39.995,8920577,37.762928,-122.467328,4.43454,True
2022-12-29 00:42:17,37.7628719,-122.467376,40.003,8920577,37.762874,-122.467324,4.496326,False
2022-12-29 00:42:18,37.7628282,-122.4673729,40.058,8920577,37.76283,-122.467321,4.49031,True
2022-12-29 00:42:19,37.7628052,-122.467372,40.299,8920577,37.762807,-122.46732,4.550994,False
2022-12-29 00:42:20,37.7627845,-122.4673699,40.398,8920577,37.762786,-122.467318,4.493022,False
2022-12-29 00:42:21,37.7627626,-122.4673674,40.598,8920577,37.762764,-122.467317,4.407402,False
2022-12-29 00:42:22,37.7627326,-122.4673639,40.739,8920577,37.762734,-122.467314,4.28354,True
2022-12-29 00:42:23,37.7626903,-122.4673611,40.868,8920577,37.762692,-122.467312,4.295233,False
2022-12-29 00:42:24,37.7626412,-122.4673627,40.776,8920577,37.762643,-122.467308,4.732114,True
2022-12-29 00:42:25,37.7625878,-122.4673636,40.315,8920577,37.76259,-122.467304,5.133932,False
2022-12-29 00:42:26,37.7625325,-122.467363,40.23,8920577,37.762535,-122.467301,5.416335,True
2022-12-29 00:42:27,37.7624794,-122.4673603,40.568,8920577,37.762482,-122.467297,5.502136,False
2022-12-29 00:42:28,37.7624324,-122.4673608,40.591,8920577,37.762435,-122.467294,5.830301,True
2022-12-29 00:42:29,37.7623895,-122.4673597,40.651,8920577,37.762392,-122.467291,5.997733,False
2022-12-29 00:42:30,37.7623546,-122.4673578,40.704,8920577,37.762357,-122.467288,6.048287,False
2022-12-29 00:42:31,37.7623287,-122.467355,40.735,8920577,37.762331,-122.467286,5.964498,True
2022-12-29 00:42:32,37.7623131,-122.4673523,40.78,8920577,37.762316,-122.467285,5.825579,False
2022-12-29 00:42:33,37.7623047,-122.4673492,41.066,8920577,37.762307,-122.467285,5.607114,False
2022-12-29 00:42:34,37.7622991,-122.4673466,41.0,8920577,37.762301,-122.467284,5.414925,False
2022-12-29 00:42:35,37.762287,-122.4673457,40.554,8920577,37.762289,-122.467283,5.411397,False
2022-12-29 00:42:36,37.7622605,-122.4673425,40.794,8920577,37.762263,-122.467282,5.296419,False
2022-12-29 00:42:37,37.7622341,-122.4673379,41.193,8920577,37.762235,-122.467279,5.062,True
2022-12-29 00:42:38,37.7622026,-122.4673335,41.038,8920577,37.762204,-122.467278,4.837786,False
2022-12-29 00:42:39,37.7621669,-122.4673287,41.186,505810745,37.762168,-122.467276,4.608771,False
2022-12-29 00:42:40,37.7621301,-122.4673276,41.138,505810745,37.762136,-122.467272,4.833169,True
2022-12-29 00:42:41,37.7620954,-122.4673295,41.502,505810745,37.762097,-122.46727,5.154534,False
2022-12-29 00:42:42,37.7620667,-122.4673355,41.807,437751146,37.762071,-122.467268,5.83217,False
2022-12-29 00:42:43,37.7620498,-122.4673393,42.102,437751146,37.762052,-122.467267,6.250057,False
2022-12-29 00:42:44,37.7620358,-122.467339,42.242,437751146,37.762038,-122.467266,6.298215,True
2022-12-29 00:42:45,37.7620235,-122.4673366,42.295,437751146,37.762026,-122.467266,6.16514,False
2022-12-29 00:42:46,37.7620164,-122.4673351,42.441,437751146,37.762019,-122.467265,6.078931,False
2022-12-29 00:42:47,37.7620156,-122.4673348,42.535,437751146,37.762018,-122.467265,6.057786,False
2022-12-29 00:42:48,37.762015,-122.4673345,42.581,437751146,37.762018,-122.467265,6.035382,False
2022-12-29 00:42:49,37.7620153,-122.4673357,42.573,437751146,37.762018,-122.467265,6.13834,False
2022-12-29 00:42:50,37.7620163,-122.4673351,42.492,437751146,37.762018,-122.467265,6.081325,False
2022-12-29 00:42:51,37.7620159,-122.4673341,42.634,437751146,37.762018,-122.467265,5.9956,False
2022-12-29 00:42:52,37.762016,-122.4673335,42.734,437751146,37.762018,-122.467265,5.942755,False
2022-12-29 00:42:53,37.7620157,-122.4673336,43.017,437751146,37.762018,-122.467265,5.95288,False
2022-12-29 00:42:54,37.7620158,-122.4673334,43.301,437751146,37.762018,-122.467265,5.93493,False
2022-12-29 00:42:55,37.7620165,-122.4673332,43.595,437751146,37.762018,-122.467265,5.914632,False
2022-12-29 00:42:56,37.7620172,-122.4673331,43.914,437751146,37.762018,-122.467265,5.904073,False
2022-12-29 00:42:57,37.7620175,-122.4673331,44.291,437751146,37.762018,-122.467265,5.903602,False
2022-12-29 00:42:58,37.7620175,-122.4673324,44.497,437751146,37.762018,-122.467265,5.842419,False
2022-12-29 00:42:59,37.7620172,-122.4673318,44.819,437751146,37.762018,-122.467265,5.790456,False
2022-12-29 00:43:00,37.762017,-122.4673309,45.087,437751146,37.762018,-122.467265,5.712231,False
2022-12-29 00:43:01,37.7620168,-122.4673302,45.268,437751146,37.762018,-122.467265,5.65158,False
2022-12-29 00:43:02,37.7620163,-122.4673292,45.492,437751146,37.762018,-122.467265,5.56591,False
2022-12-29 00:43:03,37.762015,-122.4673286,45.717,437751146,37.762017,-122.467265,5.5205,False
2022-12-29 00:43:04,37.7620146,-122.4673279,45.857,437751146,37.762017,-122.467265,5.46193,False
2022-12-29 00:43:05,37.7620147,-122.4673265,45.88,437751146,37.762017,-122.467265,5.339127,False
2022-12-29 00:43:06,37.7620144,-122.4673261,45.992,437751146,37.762017,-122.467265,5.306107,False
2022-12-29 00:43:07,37.7620133,-122.4673274,46.153,437751146,37.762016,-122.467265,5.42648,False
2022-12-29 00:43:08,37.762012,-122.4673275,46.412,437751146,37.762014,-122.467265,5.44339,False
2022-12-29 00:43:09,37.7620108,-122.4673276,46.634,437751146,37.762013,-122.467265,5.459671,False
2022-12-29 00:43:10,37.7620098,-122.4673269,46.801,437751146,37.762012,-122.467265,5.404878,False
2022-12-29 00:43:11,37.7620087,-122.467327,46.943,437751146,37.762011,-122.467265,5.420529,False
2022-12-29 00:43:12,37.7620078,-122.4673269,47.044,437751146,37.76201,-122.467265,5.417467,False
2022-12-29 00:43:13,37.762007,-122.4673267,47.106,437751146,37.762009,-122.467264,5.405049,False
2022-12-29 00:43:14,37.762006,-122.4673272,47.166,437751146,37.762008,-122.467264,5.454978,False
2022-12-29 00:43:15,37.7620052,-122.467327,47.215,437751146,37.762008,-122.467264,5.44256,False
2022-12-29 00:43:16,37.7620046,-122.4673272,47.216,437751146,37.762007,-122.467264,5.463791,False
2022-12-29 00:43:17,37.762004,-122.467327,47.224,437751146,37.762006,-122.467264,5.450114,False
2022-12-29 00:43:18,37.7620034,-122.4673268,47.232,437751146,37.762006,-122.467264,5.436438,False
2022-12-29 00:43:19,37.7620031,-122.4673266,47.22,437751146,37.762005,-122.467264,5.420873,False
2022-12-29 00:43:20,37.7620026,-122.4673262,47.224,437751146,37.762005,-122.467264,5.389113,False
2022-12-29 00:43:21,37.7620021,-122.4673252,47.258,437751146,37.762004,-122.467264,5.304992,False
2022-12-29 00:43:22,37.7620017,-122.4673238,47.315,437751146,37.762004,-122.467264,5.185334,False
2022-12-29 00:43:23,37.7620014,-122.4673219,47.382,437751146,37.762003,-122.467264,5.021413,False
2022-12-29 00:43:24,37.7620012,-122.46732,47.396,437751146,37.762003,-122.467264,4.856862,False
2022-12-29 00:43:25,37.7620009,-122.4673187,47.419,437751146,37.762003,-122.467264,4.745302,False
2022-12-29 00:43:26,37.7620005,-122.4673177,47.439,437751146,37.762002,-122.467264,4.660552,False
2022-12-29 00:43:27,37.762,-122.467317,47.461,437751146,37.762002,-122.467264,4.602612,False
2022-12-29 00:43:28,37.7619996,-122.4673167,47.485,437751146,37.762001,-122.467264,4.578949,False
2022-12-29 00:43:29,37.7619991,-122.4673165,47.487,437751146,37.762001,-122.467264,4.564643,False
2022-12-29 00:43:30,37.7619987,-122.467316,47.502,437751146,37.762001,-122.467264,4.523527,False
2022-12-29 00:43:31,37.7619984,-122.4673157,47.492,437751146,37.762,-122.467264,4.499235,False
2022-12-29 00:43:32,37.7619979,-122.4673148,47.543,437751146,37.762,-122.467264,4.423841,False
2022-12-29 00:43:33,37.7619974,-122.4673141,47.596,437751146,37.761999,-122.467264,4.3659,False
2022-12-29 00:43:34,37.7619967,-122.4673134,47.663,437751146,37.761998,-122.467264,4.309219,False
2022-12-29 00:43:35,37.761996,-122.4673126,47.767,437751146,37.761998,-122.467264,4.24381,False
2022-12-29 00:43:36,37.7619954,-122.4673119,47.84,437751146,37.761997,-122.467264,4.1865,False
2022-12-29 00:43:37,37.7619948,-122.4673114,47.897,437751146,37.761996,-122.467264,4.146642,False
2022-12-29 00:43:38,37.7619942,-122.4673104,47.969,437751146,37.761996,-122.467263,4.063151,False
2022-12-29 00:43:39,37.7619937,-122.4673088,48.042,437751146,37.761995,-122.467263,3.92667,False
2022-12-29 00:43:40,37.7619931,-122.4673072,48.112,437751146,37.761995,-122.467263,3.790817,False
2022-12-29 00:43:41,37.7619926,-122.4673054,48.159,437751146,37.761994,-122.467263,3.636882,False
2022-12-29 00:43:42,37.7619922,-122.467304,48.174,437751146,37.761994,-122.467263,3.517224,False
2022-12-29 00:43:43,37.7619918,-122.467302,48.237,437751146,37.761993,-122.467263,3.345205,False
2022-12-29 00:43:44,37.7619916,-122.4673009,48.227,437751146,37.761993,-122.467263,3.250469,False
2022-12-29 00:43:45,37.7619909,-122.4672991,48.304,437751146,37.761992,-122.467263,3.097793,False
2022-12-29 00:43:46,37.7619906,-122.4672984,48.324,437751146,37.761992,-122.467263,3.038594,False
2022-12-29 00:43:47,37.7619902,-122.4672975,48.33,437751146,37.761991,-122.467263,2.96257,False
2022-12-29 00:43:48,37.7619898,-122.4672969,48.371,437751146,37.761991,-122.467263,2.912727,False
2022-12-29 00:43:49,37.7619896,-122.4672971,48.383,437751146,37.761991,-122.467263,2.93144,False
2022-12-29 00:43:50,37.7619892,-122.4672973,48.402,437751146,37.76199,-122.467263,2.951411,False
2022-12-29 00:43:51,37.7619888,-122.467297,48.431,437751146,37.76199,-122.467263,2.927749,False
2022-12-29 00:43:52,37.7619883,-122.4672961,48.5,437751146,37.761989,-122.467263,2.852355,False
2022-12-29 00:43:53,37.7619878,-122.4672954,48.58,437751146,37.761989,-122.467263,2.794414,False
2022-12-29 00:43:54,37.7619871,-122.46729519,48.67575,437751146,37.7619883,-122.46726295,2.78049405,False
2022-12-29 00:43:55,37.7619864,-122.46729497999999,48.771499999999996,437751146,37.7619876,-122.46726290000001,2.7665741,False
2022-12-29 00:43:56,37.7619857,-122.46729477,48.86725,437751146,37.7619869,-122.46726285,2.75265415,False
2022-12-29 00:43:57,37.761985,-122.46729456,48.963,437751146,37.7619862,-122.4672628,2.7387342,False
2022-12-29 00:43:58,37.7619843,-122.46729435,49.05875,437751146,37.7619855,-122.46726275,2.72481425,False
2022-12-29 00:43:59,37.7619836,-122.46729414,49.1545,437751146,37.7619848,-122.4672627,2.7108943,False
2022-12-29 00:44:00,37.7619829,-122.46729393,49.25025,437751146,37.7619841,-122.46726265000001,2.69697435,False
2022-12-29 00:44:01,37.7619822,-122.46729372,49.346000000000004,437751146,37.7619834,-122.4672626,2.6830544,False
2022-12-29 00:44:02,37.7619815,-122.46729351,49.44175,437751146,37.7619827,-122.46726255,2.66913445,False
2022-12-29 00:44:03,37.7619808,-122.4672933,49.5375,437751146,37.761982,-122.4672625,2.6552145,False
2022-12-29 00:44:04,37.7619801,-122.46729309,49.633250000000004,437751146,37.7619813,-122.46726245,2.64129455,False
2022-12-29 00:44:05,37.7619794,-122.46729288,49.729,437751146,37.7619806,-122.46726240000001,2.6273746,False
2022-12-29 00:44:06,37.7619787,-122.46729267,49.82475,437751146,37.7619799,-122.46726235,2.61345465,False
2022-12-29 00:44:07,37.761978,-122.46729246000001,49.920500000000004,437751146,37.7619792,-122.4672623,2.5995347,False
2022-12-29 00:44:08,37.7619773,-122.46729225,50.01625,437751146,37.7619785,-122.46726225,2.58561475,False
2022-12-29 00:44:09,37.7619766,-122.46729204,50.112,437751146,37.7619778,-122.46726220000001,2.5716948,False
2022-12-29 00:44:10,37.7619759,-122.46729183000001,50.207750000000004,437751146,37.7619771,-122.46726215000001,2.55777485,False
2022-12-29 00:44:11,37.7619752,-122.46729162,50.30350000000001,437751146,37.7619764,-122.4672621,2.5438549,False
2022-12-29 00:44:12,37.7619745,-122.46729141,50.39925,437751146,37.7619757,-122.46726205,2.52993495,False
2022-12-29 00:44:13,37.7619738,-122.4672912,50.495000000000005,437751146,37.761975,-122.467262,2.516015,False
2022-12-29 00:44:14,37.7619755,-122.4672919,50.526,437751146,37.761975,-122.467262,2.57351,False
2022-12-29 00:44:15,37.7619788,-122.4672927,50.535,437751146,37.761975,-122.467262,2.674598,False
2022-12-29 00:44:16,37.761983,-122.4672928,50.562,437751146,37.761975,-122.467262,2.7921,False
2022-12-29 00:44:17,37.7619874,-122.4672916,50.607,437751146,37.761975,-122.467262,2.887484,False
2022-12-29 00:44:18,37.7619889,-122.4672931,50.502,437751146,37.761975,-122.467262,3.082435,False
2022-12-29 00:44:19,37.7619897,-122.4672962,50.246,437751146,37.761975,-122.467262,3.362142,False
2022-12-29 00:44:20,37.7619868,-122.4672964,50.138,437751146,37.761975,-122.467262,3.236463,False
2022-12-29 00:44:21,37.7619823,-122.4672941,50.079,437751146,37.761975,-122.467262,2.877864,False
2022-12-29 00:44:22,37.7619752,-122.4672894,50.137,437751146,37.761975,-122.467262,2.354624,False
2022-12-29 00:44:23,37.7619638,-122.4672861,50.151,437751146,37.761964,-122.467261,2.133895,False
2022-12-29 00:44:24,37.7619448,-122.4672846,50.088,437751146,37.761945,-122.46726,2.122593,True
2022-12-29 00:44:25,37.761926,-122.4672867,49.31,437751146,37.761927,-122.467259,2.424199,False
2022-12-29 00:44:26,37.7619004,-122.4672881,47.836,437751146,37.761901,-122.467257,2.707521,False
2022-12-29 00:44:27,37.7618665,-122.4672871,46.786,437751146,37.761867,-122.467254,2.833647,False
2022-12-29 00:44:28,37.7618246,-122.4672846,46.33,437751146,37.761826,-122.467251,2.879228,True
2022-12-29 00:44:29,37.7617803,-122.4672833,45.429,437751146,37.761781,-122.467248,3.044639,False
2022-12-29 00:44:30,37.7617312,-122.46728,44.613,437751146,37.761732,-122.467244,3.065625,True
2022-12-29 00:44:31,37.7616793,-122.4672775,43.957,437751146,37.76168,-122.467241,3.154172,False
2022-12-29 00:44:32,37.7616236,-122.4672741,43.809,437751146,37.761625,-122.467237,3.186623,True
2022-12-29 00:44:33,37.7615682,-122.4672697,43.83,437751146,37.761569,-122.467233,3.130015,False
2022-12-29 00:44:34,37.7615196,-122.4672661,43.725,437751146,37.761521,-122.46723,3.103044,True
2022-12-29 00:44:35,37.7614822,-122.4672635,43.434,437751146,37.761483,-122.467228,3.097159,False
2022-12-29 00:44:36,37.7614487,-122.4672598,43.274,437751146,37.76145,-122.467225,2.972208,False
2022-12-29 00:44:37,37.7614121,-122.4672568,42.986,437751146,37.761413,-122.467223,2.92668,True
2022-12-29 00:44:38,37.7613658,-122.4672531,43.099,437751146,37.761367,-122.46722,2.877385,False
2022-12-29 00:44:39,37.761309,-122.4672483,44.186,437751146,37.76131,-122.467216,2.794137,True
2022-12-29 00:44:40,37.7612478,-122.467243,45.338,437751146,37.761249,-122.467212,2.693253,False
2022-12-29 00:44:41,37.7611826,-122.4672384,46.611,437751146,37.761183,-122.467207,2.677112,True
2022-12-29 00:44:42,37.7611143,-122.4672338,47.697,437751146,37.761115,-122.467203,2.679293,False
2022-12-29 00:44:43,37.7610516,-122.467231,48.688,437751146,37.761052,-122.467198,2.80549,True
2022-12-29 00:44:44,37.7609982,-122.4672276,49.474,437751146,37.760999,-122.467195,2.824347,False
2022-12-29 00:44:45,37.7609555,-122.4672248,50.258,437751146,37.760956,-122.467192,2.832331,True
2022-12-29 00:44:46,37.7609248,-122.4672246,50.646,437751146,37.760926,-122.46719,2.996331,False
2022-12-29 00:44:47,37.7608901,-122.4672241,51.011,437751146,37.760891,-122.467188,3.157788,False
2022-12-29 00:44:48,37.760844,-122.4672203,51.873,437751146,37.760845,-122.467184,3.098582,True
2022-12-29 00:44:49,37.7607888,-122.4672156,52.853,437751146,37.76079,-122.467181,3.014606,False
2022-12-29 00:44:50,37.7607315,-122.4672129,53.922,437751146,37.760733,-122.467177,3.117614,True
2022-12-29 00:44:51,37.7606736,-122.4672087,55.001,437751146,37.760675,-122.467173,3.09324,False
2022-12-29 00:44:52,37.7606154,-122.4672045,56.018,437751146,37.760616,-122.467169,3.070639,True
2022-12-29 00:44:53,37.7605606,-122.467202,56.813,437751146,37.760562,-122.467165,3.176328,False
2022-12-29 00:44:54,37.7605119,-122.4672009,57.323,437751146,37.760513,-122.467162,3.368164,True
2022-12-29 00:44:55,37.7604809,-122.4671998,57.873000000000005,437751146,37.760482,-122.46716,3.455381,False
2022-12-29 00:44:56,37.7604554,-122.467198,58.484,437751146,37.760457,-122.467158,3.448988,False
2022-12-29 00:44:57,37.7604386,-122.4671972,58.956,437751146,37.76044,-122.467157,3.478458,False
2022-12-29 00:44:58,37.7604288,-122.4671961,59.26,437751146,37.76043,-122.467156,3.440368,False
2022-12-29 00:44:59,37.760425,-122.4671958,59.406,437751146,37.760426,-122.467156,3.436642,False
2022-12-29 00:45:00,37.7604244,-122.4671956,59.394,437751146,37.760426,-122.467156,3.422731,False
2022-12-29 00:45:01,37.7604228,-122.4671955,59.402,437751146,37.760424,-122.467156,3.42346,False
2022-12-29 00:45:02,37.7604131,-122.4671969,59.213,437751146,37.760414,-122.467155,3.602995,True
2022-12-29 00:45:03,37.7603886,-122.4671938,59.376000000000005,437751146,37.76039,-122.467154,3.477219,False
2022-12-29 00:45:04,37.7603575,-122.4671823,59.508,437751146,37.760358,-122.467151,2.657242,False
2022-12-29 00:45:05,37.7603238,-122.4671578,59.579,437751146,37.760324,-122.467149,0.717902,True
2022-12-29 00:45:06,37.7602951,-122.467123,59.647,437751146,37.760294,-122.467147,2.150048,False
2022-12-29 00:45:07,37.7602723,-122.4670825,59.644,48959760,37.760273,-122.467082,0.160651,False
2022-12-29 00:45:08,37.7602597,-122.4670404,59.568,48959760,37.760275,-122.467041,1.753366,True
2022-12-29 00:45:09,37.7602567,-122.4669987,59.568,48959760,37.760277,-122.467,2.284316,False
2022-12-29 00:45:10,37.760258,-122.4669616,59.715,48959760,37.760278,-122.466963,2.318509,False
2022-12-29 00:45:11,37.7602601,-122.4669333,59.694,48959760,37.76028,-122.466934,2.222227,False
2022-12-29 00:45:12,37.7602598,-122.4669176,59.685,48959760,37.76028,-122.466919,2.330553,True
2022-12-29 00:45:13,37.7602595,-122.4669133,59.905,48959760,37.760281,-122.466914,2.38427,False
2022-12-29 00:45:14,37.760259,-122.4669119,60.149,48959760,37.760281,-122.466913,2.446177,False
2022-12-29 00:45:15,37.760259,-122.4669109,60.313,48959760,37.760281,-122.466912,2.450967,False
2022-12-29 00:45:16,37.7602591,-122.4669105,60.52,48959760,37.760281,-122.466912,2.441843,False
2022-12-29 00:45:17,37.7602594,-122.4669103,60.694,48959760,37.760281,-122.466911,2.409681,False
2022-12-29 00:45:18,37.7602604,-122.4669105,60.834,48959760,37.760281,-122.466911,2.29835,False
2022-12-29 00:45:19,37.7602608,-122.4669112,60.913,48959760,37.760281,-122.466911,2.251899,False
2022-12-29 00:45:20,37.760262,-122.4669115,61.027,48959760,37.760281,-122.466911,2.11876,False
2022-12-29 00:45:21,37.7602631,-122.4669122,61.147,48959760,37.760281,-122.466911,1.997252,False
2022-12-29 00:45:22,37.760264,-122.4669128,61.284,48959760,37.760281,-122.466911,1.899422,False
2022-12-29 00:45:23,37.7602652,-122.4669127,61.397,48959760,37.760281,-122.466911,1.766483,False
2022-12-29 00:45:24,37.7602659,-122.4669135,61.47,48959760,37.760281,-122.466911,1.693824,False
2022-12-29 00:45:25,37.7602666,-122.4669141,61.585,48959760,37.760281,-122.466911,1.622367,False
2022-12-29 00:45:26,37.7602673,-122.4669142,61.653,48959760,37.760281,-122.466911,1.546747,False
2022-12-29 00:45:27,37.7602678,-122.4669139,61.703,48959760,37.760281,-122.466911,1.488544,False
2022-12-29 00:45:28,37.7602687,-122.466914,61.738,48959760,37.760281,-122.466911,1.391014,False
2022-12-29 00:45:29,37.7602691,-122.4669142,61.767,48959760,37.760281,-122.466911,1.349816,False
2022-12-29 00:45:30,37.7602693,-122.4669139,61.746,48959760,37.760281,-122.466911,1.324103,False
2022-12-29 00:45:31,37.7602698,-122.4669133,61.745000000000005,48959760,37.760281,-122.466911,1.262891,False
2022-12-29 00:45:32,37.7602706,-122.4669129,61.761,48959760,37.760281,-122.466911,1.171586,False
2022-12-29 00:45:33,37.760271,-122.466913,61.782,48959760,37.760281,-122.466911,1.128283,False
2022-12-29 00:45:34,37.7602715,-122.4669126,61.85,48959760,37.760281,-122.466911,1.070425,False
2022-12-29 00:45:35,37.7602722,-122.466912,61.937000000000005,48959760,37.760281,-122.466911,0.990941,False
2022-12-29 00:45:36,37.7602727,-122.4669117,61.984,48959760,37.760281,-122.466911,0.935569,False
2022-12-29 00:45:37,37.7602726,-122.4669115,62.023,48959760,37.760281,-122.466911,0.946965,False
2022-12-29 00:45:38,37.7602729,-122.4669114,62.053,48959760,37.760281,-122.466911,0.914111,False
2022-12-29 00:45:39,37.7602733,-122.4669112,62.141,48959760,37.760281,-122.466911,0.870798,False
2022-12-29 00:45:40,37.7602735,-122.4669113,62.157,48959760,37.760281,-122.466911,0.848272,False
2022-12-29 00:45:41,37.7602737,-122.4669114,62.218,48959760,37.760281,-122.466911,0.825816,False
2022-12-29 00:45:42,37.7602739,-122.4669115,62.282,48959760,37.760281,-122.466911,0.803437,False
2022-12-29 00:45:43,37.7602742,-122.4669116,62.333,48959760,37.760281,-122.466911,0.770085,False
2022-12-29 00:45:44,37.7602747,-122.4669115,62.432,48959760,37.760281,-122.466911,0.715019,False
2022-12-29 00:45:45,37.76027464959349,-122.46691142357723,62.44839295392954,48959760,37.76028100271002,-122.4669109295393,0.7209494010840108,False
2022-12-29 00:45:46,37.760274599186985,-122.46691134715446,62.46478590785908,48959760,37.760281005420055,-122.46691085907858,0.7268798021680216,False
2022-12-29 00:45:47,37.76027454878049,-122.4669112707317,62.48117886178862,48959760,37.76028100813008,-122.46691078861788,0.7328102032520325,False
2022-12-29 00:45:48,37.76027449837398,-122.46691119430893,62.49757181571816,48959760,37.76028101084011,-122.46691071815718,0.7387406043360433,False
2022-12-29 00:45:49,37.760274447967475,-122.46691111788617,62.5139647696477,48959760,37.760281013550134,-122.46691064769648,0.7446710054200542,False
2022-12-29 00:45:50,37.76027439756097,-122.4669110414634,62.53035772357724,48959760,37.76028101626016,-122.46691057723577,0.750601406504065,False
2022-12-29 00:45:51,37.76027434715447,-122.46691096504064,62.54675067750678,48959760,37.76028101897019,-122.46691050677506,0.7565318075880758,False
2022-12-29 00:45:52,37.760274296747966,-122.46691088861787,62.56314363143632,48959760,37.760281021680214,-122.46691043631436,0.7624622086720867,False
2022-12-29 00:45:53,37.76027424634146,-122.46691081219512,62.57953658536586,48959760,37.760281024390245,-122.46691036585365,0.7683926097560976,False
2022-12-29 00:45:54,37.760274195934954,-122.46691073577236,62.5959295392954,48959760,37.76028102710027,-122.46691029539295,0.7743230108401084,False
2022-12-29 00:45:55,37.76027414552845,-122.4669106593496,62.61232249322494,48959760,37.760281029810294,-122.46691022493225,0.7802534119241192,False
2022-12-29 00:45:56,37.76027409512195,-122.46691058292683,62.62871544715448,48959760,37.760281032520325,-122.46691015447153,0.78618381300813,False
2022-12-29 00:45:57,37.760274044715445,-122.46691050650406,62.645108401084016,48959760,37.76028103523035,-122.46691008401083,0.7921142140921409,False
2022-12-29 00:45:58,37.76027399430894,-122.4669104300813,62.66150135501355,48959760,37.76028103794038,-122.46691001355013,0.7980446151761518,False
2022-12-29 00:45:59,37.76027394390243,-122.46691035365853,62.67789430894309,48959760,37.760281040650405,-122.46690994308943,0.8039750162601625,False
2022-12-29 00:46:00,37.760273893495935,-122.46691027723577,62.69428726287263,48959760,37.760281043360436,-122.46690987262872,0.8099054173441734,False
2022-12-29 00:46:01,37.76027384308943,-122.466910200813,62.71068021680217,48959760,37.76028104607046,-122.46690980216802,0.8158358184281842,False
2022-12-29 00:46:02,37.76027379268292,-122.46691012439024,62.72707317073171,48959760,37.760281048780485,-122.46690973170732,0.8217662195121951,False
2022-12-29 00:46:03,37.76027374227642,-122.46691004796747,62.743466124661246,48959760,37.760281051490516,-122.4669096612466,0.827696620596206,False
2022-12-29 00:46:04,37.76027369186991,-122.46690997154471,62.759859078590786,48959760,37.76028105420054,-122.4669095907859,0.8336270216802167,False
2022-12-29 00:46:05,37.760273641463414,-122.46690989512194,62.776252032520325,48959760,37.76028105691057,-122.4669095203252,0.8395574227642276,False
2022-12-29 00:46:06,37.76027359105691,-122.46690981869918,62.792644986449865,48959760,37.760281059620596,-122.4669094498645,0.8454878238482384,False
2022-12-29 00:46:07,37.7602735406504,-122.46690974227641,62.809037940379405,48959760,37.76028106233062,-122.46690937940379,0.8514182249322493,False
2022-12-29 00:46:08,37.7602734902439,-122.46690966585365,62.825430894308944,48959760,37.76028106504065,-122.46690930894309,0.8573486260162602,False
2022-12-29 00:46:09,37.7602734398374,-122.46690958943088,62.841823848238484,48959760,37.760281067750675,-122.46690923848239,0.863279027100271,False
2022-12-29 00:46:10,37.76027338943089,-122.46690951300812,62.85821680216802,48959760,37.76028107046071,-122.46690916802167,0.8692094281842818,False
2022-12-29 00:46:11,37.76027333902439,-122.46690943658537,62.87460975609756,48959760,37.76028107317073,-122.46690909756097,0.8751398292682927,False
2022-12-29 00:46:12,37.76027328861788,-122.4669093601626,62.8910027100271,48959760,37.760281075880755,-122.46690902710027,0.8810702303523035,False
2022-12-29 00:46:13,37.760273238211376,-122.46690928373984,62.90739566395664,48959760,37.760281078590786,-122.46690895663956,0.8870006314363144,False
2022-12-29 00:46:14,37.76027318780488,-122.46690920731707,62.92378861788618,48959760,37.76028108130081,-122.46690888617886,0.8929310325203252,False
2022-12-29 00:46:15,37.76027313739837,-122.46690913089431,62.94018157181572,48959760,37.76028108401084,-122.46690881571816,0.898861433604336,False
2022-12-29 00:46:16,37.760273086991866,-122.46690905447154,62.95657452574526,48959760,37.760281086720866,-122.46690874525746,0.9047918346883469,False
2022-12-29 00:46:17,37.76027303658536,-122.46690897804878,62.9729674796748,48959760,37.76028108943089,-122.46690867479674,0.9107222357723577,False
2022-12-29 00:46:18,37.76027298617886,-122.46690890162601,62.98936043360434,48959760,37.76028109214092,-122.46690860433604,0.9166526368563686,False
2022-12-29 00:46:19,37.760272935772356,-122.46690882520325,63.00575338753388,48959760,37.760281094850946,-122.46690853387534,0.9225830379403794,False
2022-12-29 00:46:20,37.76027288536585,-122.46690874878048,63.02214634146342,48959760,37.76028109756098,-122.46690846341463,0.9285134390243902,False
2022-12-29 00:46:21,37.760272834959345,-122.46690867235772,63.03853929539296,48959760,37.760281100271,-122.46690839295393,0.9344438401084011,False
2022-12-29 00:46:22,37.76027278455284,-122.46690859593495,63.0549322493225,48959760,37.760281102981025,-122.46690832249323,0.9403742411924119,False
2022-12-29 00:46:23,37.76027273414634,-122.46690851951219,63.07132520325204,48959760,37.76028110569106,-122.46690825203251,0.9463046422764227,False
2022-12-29 00:46:24,37.760272683739835,-122.46690844308942,63.08771815718157,48959760,37.76028110840108,-122.46690818157181,0.9522350433604336,False
2022-12-29 00:46:25,37.76027263333333,-122.46690836666666,63.10411111111111,48959760,37.76028111111111,-122.46690811111111,0.9581654444444444,False
2022-12-29 00:46:26,37.760272582926824,-122.4669082902439,63.12050406504065,48959760,37.76028111382114,-122.46690804065041,0.9640958455284553,False
2022-12-29 00:46:27,37.760272532520325,-122.46690821382113,63.13689701897019,48959760,37.76028111653116,-122.4669079701897,0.9700262466124661,False
2022-12-29 00:46:28,37.76027248211382,-122.46690813739838,63.15328997289973,48959760,37.76028111924119,-122.466907899729,0.9759566476964769,False
2022-12-29 00:46:29,37.760272431707314,-122.46690806097561,63.16968292682927,48959760,37.760281121951216,-122.4669078292683,0.9818870487804878,False
2022-12-29 00:46:30,37.76027238130081,-122.46690798455285,63.18607588075881,48959760,37.76028112466125,-122.46690775880758,0.9878174498644987,False
2022-12-29 00:46:31,37.7602723308943,-122.46690790813008,63.20246883468835,48959760,37.76028112737127,-122.46690768834688,0.9937478509485095,False
2022-12-29 00:46:32,37.760272280487804,-122.46690783170732,63.218861788617886,48959760,37.7602811300813,-122.46690761788618,0.9996782520325203,False
2022-12-29 00:46:33,37.7602722300813,-122.46690775528455,63.235254742547426,48959760,37.76028113279133,-122.46690754742548,1.0056086531165311,False
2022-12-29 00:46:34,37.76027217967479,-122.46690767886179,63.251647696476965,48959760,37.76028113550135,-122.46690747696476,1.011539054200542,False
2022-12-29 00:46:35,37.76027212926829,-122.46690760243902,63.268040650406505,48959760,37.76028113821138,-122.46690740650406,1.017469455284553,False
2022-12-29 00:46:36,37.76027207886179,-122.46690752601626,63.284433604336044,48959760,37.76028114092141,-122.46690733604336,1.0233998563685636,False
2022-12-29 00:46:37,37.76027202845528,-122.46690744959349,63.300826558265584,48959760,37.76028114363144,-122.46690726558265,1.0293302574525744,False
2022-12-29 00:46:38,37.76027197804878,-122.46690737317073,63.31721951219512,48959760,37.76028114634146,-122.46690719512195,1.0352606585365853,False
2022-12-29 00:46:39,37.76027192764227,-122.46690729674796,63.33361246612466,48959760,37.76028114905149,-122.46690712466125,1.0411910596205962,False
2022-12-29 00:46:40,37.760271877235766,-122.4669072203252,63.3500054200542,48959760,37.76028115176152,-122.46690705420053,1.047121460704607,False
2022-12-29 00:46:41,37.76027182682927,-122.46690714390243,63.36639837398374,48959760,37.76028115447154,-122.46690698373983,1.0530518617886178,False
2022-12-29 00:46:42,37.76027177642276,-122.46690706747967,63.38279132791328,48959760,37.76028115718157,-122.46690691327913,1.0589822628726289,False
2022-12-29 00:46:43,37.760271726016256,-122.4669069910569,63.39918428184282,48959760,37.7602811598916,-122.46690684281843,1.0649126639566395,False
2022-12-29 00:46:44,37.76027167560975,-122.46690691463414,63.41557723577236,48959760,37.76028116260162,-122.46690677235772,1.0708430650406504,False
2022-12-29 00:46:45,37.76027162520325,-122.46690683821137,63.4319701897019,48959760,37.76028116531165,-122.46690670189702,1.0767734661246613,False
2022-12-29 00:46:46,37.76027157479675,-122.46690676178862,63.44836314363144,48959760,37.76028116802168,-122.46690663143632,1.0827038672086722,False
2022-12-29 00:46:47,37.76027152439024,-122.46690668536586,63.46475609756098,48959760,37.76028117073171,-122.4669065609756,1.088634268292683,False
2022-12-29 00:46:48,37.760271473983735,-122.46690660894309,63.48114905149052,48959760,37.76028117344173,-122.4669064905149,1.0945646693766937,False
2022-12-29 00:46:49,37.76027142357723,-122.46690653252033,63.49754200542006,48959760,37.76028117615176,-122.4669064200542,1.1004950704607046,False
2022-12-29 00:46:50,37.76027137317073,-122.46690645609756,63.5139349593496,48959760,37.76028117886179,-122.4669063495935,1.1064254715447155,False
2022-12-29 00:46:51,37.760271322764225,-122.4669063796748,63.53032791327913,48959760,37.76028118157181,-122.46690627913279,1.1123558726287264,False
2022-12-29 00:46:52,37.76027127235772,-122.46690630325203,63.54672086720867,48959760,37.760281184281844,-122.46690620867209,1.1182862737127373,False
2022-12-29 00:46:53,37.760271221951214,-122.46690622682927,63.56311382113821,48959760,37.76028118699187,-122.46690613821139,1.124216674796748,False
2022-12-29 00:46:54,37.760271171544716,-122.4669061504065,63.57950677506775,48959760,37.76028118970189,-122.46690606775067,1.1301470758807588,False
2022-12-29 00:46:55,37.76027112113821,-122.46690607398374,63.59589972899729,48959760,37.760281192411924,-122.46690599728997,1.1360774769647697,False
2022-12-29 00:46:56,37.760271070731704,-122.46690599756097,63.61229268292683,48959760,37.76028119512195,-122.46690592682927,1.1420078780487806,False
2022-12-29 00:46:57,37.7602710203252,-122.4669059211382,63.62868563685637,48959760,37.76028119783198,-122.46690585636856,1.1479382791327915,False
2022-12-29 00:46:58,37.76027096991869,-122.46690584471544,63.64507859078591,48959760,37.760281200542,-122.46690578590785,1.1538686802168021,False
2022-12-29 00:46:59,37.760270919512195,-122.46690576829268,63.66147154471545,48959760,37.76028120325203,-122.46690571544715,1.159799081300813,False
2022-12-29 00:47:00,37.76027086910569,-122.46690569186991,63.677864498644986,48959760,37.76028120596206,-122.46690564498645,1.1657294823848239,False
2022-12-29 00:47:01,37.76027081869918,-122.46690561544715,63.694257452574526,48959760,37.76028120867208,-122.46690557452574,1.1716598834688348,False
2022-12-29 00:47:02,37.76027076829268,-122.46690553902438,63.710650406504065,48959760,37.760281211382114,-122.46690550406504,1.1775902845528456,False
2022-12-29 00:47:03,37.76027071788618,-122.46690546260162,63.727043360433605,48959760,37.76028121409214,-122.46690543360434,1.1835206856368563,False
2022-12-29 00:47:04,37.76027066747967,-122.46690538617887,63.743436314363144,48959760,37.76028121680217,-122.46690536314362,1.1894510867208672,False
2022-12-29 00:47:05,37.76027061707317,-122.4669053097561,63.759829268292684,48959760,37.760281219512194,-122.46690529268292,1.195381487804878,False
2022-12-29 00:47:06,37.76027056666666,-122.46690523333334,63.77622222222222,48959760,37.76028122222222,-122.46690522222222,1.201311888888889,False
2022-12-29 00:47:07,37.76027051626016,-122.46690515691057,63.79261517615176,48959760,37.76028122493225,-122.46690515176151,1.2072422899728998,False
2022-12-29 00:47:08,37.76027046585366,-122.4669050804878,63.8090081300813,48959760,37.760281227642274,-122.46690508130081,1.2131726910569105,False
2022-12-29 00:47:09,37.76027041544715,-122.46690500406504,63.82540108401084,48959760,37.760281230352305,-122.46690501084011,1.2191030921409214,False
2022-12-29 00:47:10,37.76027036504065,-122.46690492764228,63.84179403794038,48959760,37.76028123306233,-122.46690494037941,1.2250334932249323,False
2022-12-29 00:47:11,37.76027031463414,-122.46690485121951,63.85818699186992,48959760,37.760281235772354,-122.4669048699187,1.2309638943089432,False
2022-12-29 00:47:12,37.76027026422764,-122.46690477479675,63.87457994579946,48959760,37.760281238482385,-122.46690479945799,1.236894295392954,False
2022-12-29 00:47:13,37.76027021382114,-122.46690469837398,63.890972899729,48959760,37.76028124119241,-122.46690472899729,1.2428246964769647,False
2022-12-29 00:47:14,37.76027016341463,-122.46690462195122,63.90736585365854,48959760,37.76028124390244,-122.46690465853658,1.2487550975609758,False
2022-12-29 00:47:15,37.760270113008126,-122.46690454552845,63.92375880758808,48959760,37.760281246612465,-122.46690458807588,1.2546854986449865,False
2022-12-29 00:47:16,37.76027006260162,-122.46690446910569,63.94015176151761,48959760,37.76028124932249,-122.46690451761518,1.2606158997289973,False
2022-12-29 00:47:17,37.76027001219512,-122.46690439268292,63.95654471544715,48959760,37.76028125203252,-122.46690444715448,1.2665463008130082,False
2022-12-29 00:47:18,37.760269961788616,-122.46690431626016,63.97293766937669,48959760,37.760281254742544,-122.46690437669376,1.272476701897019,False
2022-12-29 00:47:19,37.76026991138211,-122.46690423983739,63.98933062330623,48959760,37.760281257452576,-122.46690430623306,1.27840710298103,False
2022-12-29 00:47:20,37.760269860975605,-122.46690416341463,64.00572357723577,48959760,37.7602812601626,-122.46690423577236,1.2843375040650407,False
2022-12-29 00:47:21,37.760269810569106,-122.46690408699187,64.02211653116531,48959760,37.760281262872624,-122.46690416531165,1.2902679051490515,False
2022-12-29 00:47:22,37.7602697601626,-122.46690401056911,64.03850948509485,48959760,37.760281265582655,-122.46690409485095,1.2961983062330624,False
2022-12-29 00:47:23,37.760269709756095,-122.46690393414634,64.05490243902439,48959760,37.76028126829268,-122.46690402439025,1.302128707317073,False
2022-12-29 00:47:24,37.76026965934959,-122.46690385772358,64.07129539295393,48959760,37.76028127100271,-122.46690395392953,1.3080591084010842,False
2022-12-29 00:47:25,37.760269608943084,-122.46690378130081,64.08768834688347,48959760,37.760281273712735,-122.46690388346883,1.3139895094850949,False
2022-12-29 00:47:26,37.760269558536585,-122.46690370487805,64.10408130081301,48959760,37.76028127642276,-122.46690381300813,1.3199199105691057,False
2022-12-29 00:47:27,37.76026950813008,-122.46690362845528,64.12047425474255,48959760,37.76028127913279,-122.46690374254743,1.3258503116531166,False
2022-12-29 00:47:28,37.760269457723574,-122.46690355203252,64.13686720867209,48959760,37.760281281842815,-122.46690367208672,1.3317807127371273,False
2022-12-29 00:47:29,37.76026940731707,-122.46690347560975,64.15326016260163,48959760,37.760281284552846,-122.46690360162602,1.3377111138211384,False
2022-12-29 00:47:30,37.76026935691057,-122.46690339918699,64.16965311653117,48959760,37.76028128726287,-122.46690353116531,1.343641514905149,False
2022-12-29 00:47:31,37.760269306504064,-122.46690332276422,64.1860460704607,48959760,37.760281289972895,-122.4669034607046,1.34957191598916,False
2022-12-29 00:47:32,37.76026925609756,-122.46690324634146,64.20243902439024,48959760,37.760281292682926,-122.4669033902439,1.3555023170731708,False
2022-12-29 00:47:33,37.76026920569105,-122.4669031699187,64.21883197831978,48959760,37.76028129539295,-122.4669033197832,1.3614327181571815,False
2022-12-29 00:47:34,37.76026915528455,-122.46690309349593,64.23522493224932,48959760,37.76028129810298,-122.4669032493225,1.3673631192411926,False
2022-12-29 00:47:35,37.76026910487805,-122.46690301707316,64.25161788617886,48959760,37.760281300813006,-122.46690317886178,1.3732935203252032,False
2022-12-29 00:47:36,37.76026905447154,-122.4669029406504,64.2680108401084,48959760,37.76028130352304,-122.46690310840108,1.3792239214092141,False
2022-12-29 00:47:37,37.76026900406504,-122.46690286422763,64.28440379403794,48959760,37.76028130623306,-122.46690303794038,1.385154322493225,False
2022-12-29 00:47:38,37.76026895365853,-122.46690278780487,64.30079674796748,48959760,37.760281308943085,-122.46690296747967,1.3910847235772357,False
2022-12-29 00:47:39,37.76026890325203,-122.46690271138212,64.31718970189702,48959760,37.76028131165312,-122.46690289701897,1.3970151246612468,False
2022-12-29 00:47:40,37.76026885284553,-122.46690263495935,64.33358265582656,48959760,37.76028131436314,-122.46690282655827,1.4029455257452574,False
2022-12-29 00:47:41,37.76026880243902,-122.46690255853659,64.3499756097561,48959760,37.76028131707317,-122.46690275609755,1.4088759268292683,False
2022-12-29 00:47:42,37.760268752032516,-122.46690248211382,64.36636856368564,48959760,37.760281319783196,-122.46690268563685,1.4148063279132792,False
2022-12-29 00:47:43,37.76026870162601,-122.46690240569106,64.38276151761518,48959760,37.76028132249322,-122.46690261517615,1.4207367289972899,False
2022-12-29 00:47:44,37.76026865121951,-122.4669023292683,64.39915447154472,48959760,37.76028132520325,-122.46690254471545,1.426667130081301,False
2022-12-29 00:47:45,37.760268600813006,-122.46690225284553,64.41554742547426,48959760,37.760281327913276,-122.46690247425474,1.4325975311653116,False
2022-12-29 00:47:46,37.7602685504065,-122.46690217642276,64.4319403794038,48959760,37.76028133062331,-122.46690240379404,1.4385279322493225,False
2022-12-29 00:47:47,37.760268499999995,-122.4669021,64.44833333333334,48959760,37.76028133333333,-122.46690233333334,1.4444583333333334,False
2022-12-29 00:47:48,37.7602684495935,-122.46690202357723,64.46472628726288,48959760,37.760281336043356,-122.46690226287262,1.4503887344173443,False
2022-12-29 00:47:49,37.76026839918699,-122.46690194715447,64.48111924119242,48959760,37.76028133875339,-122.46690219241192,1.4563191355013552,False
2022-12-29 00:47:50,37.760268348780485,-122.4669018707317,64.49751219512196,48959760,37.76028134146341,-122.46690212195122,1.4622495365853658,False
2022-12-29 00:47:51,37.76026829837398,-122.46690179430894,64.5139051490515,48959760,37.76028134417344,-122.46690205149051,1.4681799376693767,False
2022-12-29 00:47:52,37.760268247967474,-122.46690171788617,64.53029810298104,48959760,37.76028134688347,-122.4669019810298,1.4741103387533876,False
2022-12-29 00:47:53,37.760268197560976,-122.46690164146341,64.54669105691057,48959760,37.76028134959349,-122.4669019105691,1.4800407398373985,False
2022-12-29 00:47:54,37.76026814715447,-122.46690156504064,64.56308401084011,48959760,37.76028135230352,-122.4669018401084,1.4859711409214094,False
2022-12-29 00:47:55,37.760268096747964,-122.46690148861788,64.57947696476964,48959760,37.76028135501355,-122.46690176964769,1.49190154200542,False
2022-12-29 00:47:56,37.76026804634146,-122.46690141219513,64.59586991869918,48959760,37.76028135772358,-122.46690169918699,1.497831943089431,False
2022-12-29 00:47:57,37.76026799593496,-122.46690133577236,64.61226287262872,48959760,37.7602813604336,-122.46690162872629,1.5037623441734418,False
2022-12-29 00:47:58,37.760267945528454,-122.4669012593496,64.62865582655826,48959760,37.760281363143626,-122.46690155826558,1.5096927452574527,False
2022-12-29 00:47:59,37.76026789512195,-122.46690118292683,64.6450487804878,48959760,37.76028136585366,-122.46690148780488,1.5156231463414636,False
2022-12-29 00:48:00,37.76026784471544,-122.46690110650407,64.66144173441734,48959760,37.76028136856368,-122.46690141734418,1.5215535474254742,False
2022-12-29 00:48:01,37.76026779430894,-122.4669010300813,64.67783468834688,48959760,37.76028137127371,-122.46690134688347,1.5274839485094853,False
2022-12-29 00:48:02,37.76026774390244,-122.46690095365854,64.69422764227642,48959760,37.76028137398374,-122.46690127642276,1.533414349593496,False
2022-12-29 00:48:03,37.76026769349593,-122.46690087723577,64.71062059620596,48959760,37.76028137669377,-122.46690120596206,1.5393447506775069,False
2022-12-29 00:48:04,37.76026764308943,-122.46690080081301,64.7270135501355,48959760,37.76028137940379,-122.46690113550136,1.5452751517615178,False
2022-12-29 00:48:05,37.76026759268292,-122.46690072439024,64.74340650406504,48959760,37.76028138211382,-122.46690106504064,1.5512055528455284,False
2022-12-29 00:48:06,37.760267542276424,-122.46690064796748,64.75979945799457,48959760,37.76028138482385,-122.46690099457994,1.5571359539295395,False
2022-12-29 00:48:07,37.76026749186992,-122.46690057154471,64.77619241192411,48959760,37.76028138753387,-122.46690092411924,1.5630663550135502,False
2022-12-29 00:48:08,37.76026744146341,-122.46690049512195,64.79258536585365,48959760,37.760281390243904,-122.46690085365853,1.568996756097561,False
2022-12-29 00:48:09,37.76026739105691,-122.46690041869918,64.8089783197832,48959760,37.76028139295393,-122.46690078319783,1.574927157181572,False
2022-12-29 00:48:10,37.7602673406504,-122.46690034227642,64.82537127371273,48959760,37.76028139566395,-122.46690071273713,1.5808575582655826,False
2022-12-29 00:48:11,37.7602672902439,-122.46690026585365,64.84176422764227,48959760,37.760281398373984,-122.46690064227643,1.5867879593495937,False
2022-12-29 00:48:12,37.7602672398374,-122.46690018943089,64.85815718157181,48959760,37.76028140108401,-122.46690057181571,1.5927183604336044,False
2022-12-29 00:48:13,37.76026718943089,-122.46690011300812,64.87455013550135,48959760,37.76028140379404,-122.46690050135501,1.5986487615176153,False
2022-12-29 00:48:14,37.760267139024386,-122.46690003658537,64.89094308943089,48959760,37.76028140650406,-122.46690043089431,1.6045791626016261,False
2022-12-29 00:48:15,37.76026708861789,-122.4668999601626,64.90733604336043,48959760,37.76028140921409,-122.4669003604336,1.6105095636856368,False
2022-12-29 00:48:16,37.76026703821138,-122.46689988373984,64.92372899728997,48959760,37.76028141192412,-122.4669002899729,1.616439964769648,False
2022-12-29 00:48:17,37.760266987804876,-122.46689980731708,64.94012195121951,48959760,37.76028141463414,-122.4669002195122,1.6223703658536586,False
2022-12-29 00:48:18,37.76026693739837,-122.46689973089431,64.95651490514905,48959760,37.760281417344174,-122.4669001490515,1.6283007669376695,False
2022-12-29 00:48:19,37.760266886991865,-122.46689965447155,64.97290785907859,48959760,37.7602814200542,-122.46690007859078,1.6342311680216803,False
2022-12-29 00:48:20,37.760266836585366,-122.46689957804878,64.98930081300813,48959760,37.76028142276422,-122.46690000813008,1.640161569105691,False
2022-12-29 00:48:21,37.76026678617886,-122.46689950162602,65.00569376693767,48959760,37.760281425474254,-122.46689993766938,1.646091970189702,False
2022-12-29 00:48:22,37.760266735772355,-122.46689942520325,65.02208672086721,48959760,37.76028142818428,-122.46689986720867,1.6520223712737128,False
2022-12-29 00:48:23,37.76026668536585,-122.46689934878049,65.03847967479675,48959760,37.76028143089431,-122.46689979674797,1.6579527723577236,False
2022-12-29 00:48:24,37.76026663495935,-122.46689927235772,65.05487262872629,48959760,37.760281433604334,-122.46689972628727,1.6638831734417345,False
2022-12-29 00:48:25,37.760266584552845,-122.46689919593496,65.07126558265583,48959760,37.76028143631436,-122.46689965582655,1.6698135745257452,False
2022-12-29 00:48:26,37.76026653414634,-122.46689911951219,65.08765853658537,48959760,37.76028143902439,-122.46689958536585,1.6757439756097563,False
2022-12-29 00:48:27,37.760266483739834,-122.46689904308943,65.1040514905149,48959760,37.76028144173441,-122.46689951490515,1.681674376693767,False
2022-12-29 00:48:28,37.76026643333333,-122.46689896666666,65.12044444444444,48959760,37.760281444444445,-122.46689944444445,1.6876047777777778,False
2022-12-29 00:48:29,37.76026638292683,-122.4668988902439,65.13683739837398,48959760,37.76028144715447,-122.46689937398374,1.6935351788617887,False
2022-12-29 00:48:30,37.760266332520324,-122.46689881382113,65.15323035230352,48959760,37.76028144986449,-122.46689930352304,1.6994655799457994,False
2022-12-29 00:48:31,37.76026628211382,-122.46689873739838,65.16962330623306,48959760,37.760281452574525,-122.46689923306234,1.7053959810298105,False
2022-12-29 00:48:32,37.76026623170731,-122.46689866097562,65.1860162601626,48959760,37.76028145528455,-122.46689916260162,1.7113263821138212,False
2022-12-29 00:48:33,37.760266181300814,-122.46689858455285,65.20240921409214,48959760,37.76028145799458,-122.46689909214092,1.7172567831978323,False
2022-12-29 00:48:34,37.76026613089431,-122.46689850813009,65.21880216802168,48959760,37.760281460704604,-122.46689902168022,1.723187184281843,False
2022-12-29 00:48:35,37.7602660804878,-122.46689843170732,65.23519512195122,48959760,37.760281463414636,-122.4668989512195,1.7291175853658536,False
2022-12-29 00:48:36,37.7602660300813,-122.46689835528456,65.25158807588076,48959760,37.76028146612466,-122.4668988807588,1.7350479864498647,False
2022-12-29 00:48:37,37.76026597967479,-122.46689827886179,65.2679810298103,48959760,37.760281468834684,-122.4668988102981,1.7409783875338753,False
2022-12-29 00:48:38,37.76026592926829,-122.46689820243903,65.28437398373984,48959760,37.760281471544715,-122.4668987398374,1.7469087886178865,False
2022-12-29 00:48:39,37.76026587886179,-122.46689812601626,65.30076693766938,48959760,37.76028147425474,-122.46689866937669,1.7528391897018971,False
2022-12-29 00:48:40,37.76026582845528,-122.4668980495935,65.31715989159892,48959760,37.76028147696477,-122.46689859891599,1.7587695907859078,False
2022-12-29 00:48:41,37.760265778048776,-122.46689797317073,65.33355284552846,48959760,37.760281479674795,-122.46689852845529,1.7646999918699189,False
2022-12-29 00:48:42,37.76026572764228,-122.46689789674797,65.349945799458,48959760,37.76028148238482,-122.46689845799457,1.7706303929539295,False
2022-12-29 00:48:43,37.76026567723577,-122.4668978203252,65.36633875338754,48959760,37.76028148509485,-122.46689838753387,1.7765607940379406,False
2022-12-29 00:48:44,37.760265626829266,-122.46689774390244,65.38273170731708,48959760,37.760281487804875,-122.46689831707317,1.7824911951219513,False
2022-12-29 00:48:45,37.76026557642276,-122.46689766747967,65.39912466124662,48959760,37.760281490514906,-122.46689824661247,1.788421596205962,False
2022-12-29 00:48:46,37.760265526016255,-122.4668975910569,65.41551761517616,48959760,37.76028149322493,-122.46689817615176,1.794351997289973,False
2022-12-29 00:48:47,37.760265475609756,-122.46689751463414,65.4319105691057,48959760,37.760281495934954,-122.46689810569106,1.8002823983739837,False
2022-12-29 00:48:48,37.76026542520325,-122.46689743821138,65.44830352303524,48959760,37.760281498644986,-122.46689803523036,1.8062127994579948,False
2022-12-29 00:48:49,37.760265374796745,-122.46689736178863,65.46469647696476,48959760,37.76028150135501,-122.46689796476964,1.8121432005420055,False
2022-12-29 00:48:50,37.76026532439024,-122.46689728536586,65.4810894308943,48959760,37.76028150406504,-122.46689789430894,1.8180736016260162,False
2022-12-29 00:48:51,37.76026527398374,-122.4668972089431,65.49748238482384,48959760,37.760281506775065,-122.46689782384824,1.8240040027100273,False
2022-12-29 00:48:52,37.760265223577235,-122.46689713252033,65.51387533875338,48959760,37.76028150948509,-122.46689775338753,1.829934403794038,False
2022-12-29 00:48:53,37.76026517317073,-122.46689705609757,65.53026829268292,48959760,37.76028151219512,-122.46689768292683,1.835864804878049,False
2022-12-29 00:48:54,37.760265122764224,-122.4668969796748,65.54666124661246,48959760,37.760281514905145,-122.46689761246613,1.8417952059620597,False
2022-12-29 00:48:55,37.76026507235772,-122.46689690325204,65.563054200542,48959760,37.76028151761518,-122.46689754200543,1.8477256070460704,False
2022-12-29 00:48:56,37.76026502195122,-122.46689682682927,65.57944715447154,48959760,37.7602815203252,-122.46689747154471,1.8536560081300815,False
2022-12-29 00:48:57,37.760264971544714,-122.4668967504065,65.59584010840108,48959760,37.760281523035225,-122.46689740108401,1.8595864092140921,False
2022-12-29 00:48:58,37.76026492113821,-122.46689667398374,65.61223306233062,48959760,37.760281525745256,-122.46689733062331,1.8655168102981032,False
2022-12-29 00:48:59,37.7602648707317,-122.46689659756098,65.62862601626016,48959760,37.76028152845528,-122.4668972601626,1.871447211382114,False
2022-12-29 00:49:00,37.760264820325204,-122.46689652113821,65.6450189701897,48959760,37.76028153116531,-122.4668971897019,1.8773776124661246,False
2022-12-29 00:49:01,37.7602647699187,-122.46689644471545,65.66141192411924,48959760,37.760281533875336,-122.4668971192412,1.8833080135501357,False
2022-12-29 00:49:02,37.76026471951219,-122.46689636829268,65.67780487804878,48959760,37.76028153658536,-122.4668970487805,1.8892384146341463,False
2022-12-29 00:49:03,37.76026466910569,-122.46689629186992,65.69419783197831,48959760,37.76028153929539,-122.46689697831978,1.8951688157181574,False
2022-12-29 00:49:04,37.76026461869918,-122.46689621544715,65.71059078590785,48959760,37.760281542005416,-122.46689690785908,1.901099216802168,False
2022-12-29 00:49:05,37.76026456829268,-122.46689613902439,65.7269837398374,48959760,37.76028154471545,-122.46689683739838,1.9070296178861792,False
2022-12-29 00:49:06,37.76026451788618,-122.46689606260162,65.74337669376693,48959760,37.76028154742547,-122.46689676693767,1.9129600189701899,False
2022-12-29 00:49:07,37.76026446747967,-122.46689598617887,65.75976964769647,48959760,37.7602815501355,-122.46689669647697,1.9188904200542005,False
2022-12-29 00:49:08,37.76026441707317,-122.4668959097561,65.77616260162601,48959760,37.76028155284553,-122.46689662601626,1.9248208211382116,False
2022-12-29 00:49:09,37.76026436666667,-122.46689583333334,65.79255555555555,48959760,37.76028155555555,-122.46689655555555,1.9307512222222223,False
2022-12-29 00:49:10,37.76026431626016,-122.46689575691057,65.80894850948509,48959760,37.76028155826558,-122.46689648509485,1.9366816233062334,False
2022-12-29 00:49:11,37.76026426585366,-122.46689568048781,65.82534146341463,48959760,37.760281560975606,-122.46689641463415,1.942612024390244,False
2022-12-29 00:49:12,37.76026421544715,-122.46689560406504,65.84173441734417,48959760,37.76028156368564,-122.46689634417345,1.9485424254742547,False
2022-12-29 00:49:13,37.760264165040645,-122.46689552764228,65.85812737127371,48959760,37.76028156639566,-122.46689627371273,1.9544728265582658,False
2022-12-29 00:49:14,37.76026411463415,-122.46689545121951,65.87452032520325,48959760,37.760281569105686,-122.46689620325203,1.9604032276422765,False
2022-12-29 00:49:15,37.76026406422764,-122.46689537479675,65.89091327913279,48959760,37.76028157181572,-122.46689613279133,1.9663336287262876,False
2022-12-29 00:49:16,37.760264013821136,-122.46689529837398,65.90730623306233,48959760,37.76028157452574,-122.46689606233062,1.9722640298102982,False
2022-12-29 00:49:17,37.76026396341463,-122.46689522195122,65.92369918699187,48959760,37.76028157723577,-122.46689599186992,1.978194430894309,False
2022-12-29 00:49:18,37.76026391300813,-122.46689514552845,65.94009214092141,48959760,37.7602815799458,-122.46689592140922,1.98412483197832,False
2022-12-29 00:49:19,37.760263862601626,-122.46689506910569,65.95648509485095,48959760,37.76028158265582,-122.4668958509485,1.9900552330623307,False
2022-12-29 00:49:20,37.76026381219512,-122.46689499268292,65.97287804878049,48959760,37.76028158536585,-122.4668957804878,1.9959856341463418,False
2022-12-29 00:49:21,37.760263761788615,-122.46689491626016,65.98927100271003,48959760,37.76028158807588,-122.4668957100271,2.0019160352303524,False
2022-12-29 00:49:22,37.76026371138211,-122.4668948398374,66.00566395663957,48959760,37.76028159078591,-122.4668956395664,2.007846436314363,False
2022-12-29 00:49:23,37.76026366097561,-122.46689476341463,66.0220569105691,48959760,37.76028159349593,-122.46689556910569,2.013776837398374,False
2022-12-29 00:49:24,37.760263610569105,-122.46689468699188,66.03844986449865,48959760,37.76028159620596,-122.46689549864499,2.019707238482385,False
2022-12-29 00:49:25,37.7602635601626,-122.46689461056911,66.05484281842818,48959760,37.76028159891599,-122.46689542818429,2.025637639566396,False
2022-12-29 00:49:26,37.76026350975609,-122.46689453414635,66.07123577235772,48959760,37.76028160162601,-122.46689535772357,2.0315680406504066,False
2022-12-29 00:49:27,37.760263459349595,-122.46689445772358,66.08762872628726,48959760,37.76028160433604,-122.46689528726287,2.0374984417344173,False
2022-12-29 00:49:28,37.76026340894309,-122.46689438130082,66.1040216802168,48959760,37.76028160704607,-122.46689521680217,2.0434288428184284,False
2022-12-29 00:49:29,37.760263358536584,-122.46689430487805,66.12041463414634,48959760,37.76028160975609,-122.46689514634147,2.049359243902439,False
2022-12-29 00:49:30,37.76026330813008,-122.46689422845529,66.13680758807588,48959760,37.76028161246612,-122.46689507588076,2.05528964498645,False
2022-12-29 00:49:31,37.76026325772357,-122.46689415203252,66.15320054200542,48959760,37.76028161517615,-122.46689500542006,2.061220046070461,False
2022-12-29 00:49:32,37.760263207317074,-122.46689407560976,66.16959349593496,48959760,37.76028161788618,-122.46689493495936,2.0671504471544715,False
2022-12-29 00:49:33,37.76026315691057,-122.466893999187,66.1859864498645,48959760,37.7602816205962,-122.46689486449864,2.0730808482384826,False
2022-12-29 00:49:34,37.76026310650406,-122.46689392276423,66.20237940379404,48959760,37.76028162330623,-122.46689479403794,2.0790112493224933,False
2022-12-29 00:49:35,37.76026305609756,-122.46689384634146,66.21877235772358,48959760,37.76028162601626,-122.46689472357724,2.0849416504065044,False
2022-12-29 00:49:36,37.76026300569106,-122.4668937699187,66.23516531165312,48959760,37.76028162872628,-122.46689465311653,2.090872051490515,False
2022-12-29 00:49:37,37.76026295528455,-122.46689369349593,66.25155826558266,48959760,37.760281631436314,-122.46689458265583,2.0968024525745257,False
2022-12-29 00:49:38,37.76026290487805,-122.46689361707317,66.2679512195122,48959760,37.76028163414634,-122.46689451219513,2.102732853658537,False
2022-12-29 00:49:39,37.76026285447154,-122.4668935406504,66.28434417344174,48959760,37.76028163685637,-122.46689444173442,2.1086632547425475,False
2022-12-29 00:49:40,37.760262804065036,-122.46689346422764,66.30073712737126,48959760,37.760281639566394,-122.46689437127371,2.1145936558265586,False
2022-12-29 00:49:41,37.76026275365854,-122.46689338780487,66.3171300813008,48959760,37.76028164227642,-122.46689430081301,2.120524056910569,False
2022-12-29 00:49:42,37.76026270325203,-122.46689331138212,66.33352303523034,48959760,37.76028164498645,-122.46689423035231,2.12645445799458,False
2022-12-29 00:49:43,37.760262652845526,-122.46689323495936,66.34991598915988,48959760,37.76028164769647,-122.4668941598916,2.132384859078591,False
2022-12-29 00:49:44,37.76026260243902,-122.46689315853659,66.36630894308942,48959760,37.760281650406505,-122.4668940894309,2.1383152601626016,False
2022-12-29 00:49:45,37.76026255203252,-122.46689308211383,66.38270189701896,48959760,37.76028165311653,-122.4668940189702,2.1442456612466128,False
2022-12-29 00:49:46,37.760262501626016,-122.46689300569106,66.3990948509485,48959760,37.76028165582655,-122.4668939485095,2.1501760623306234,False
2022-12-29 00:49:47,37.76026245121951,-122.4668929292683,66.41548780487804,48959760,37.760281658536584,-122.46689387804878,2.156106463414634,False
2022-12-29 00:49:48,37.760262400813005,-122.46689285284553,66.43188075880758,48959760,37.76028166124661,-122.46689380758808,2.162036864498645,False
2022-12-29 00:49:49,37.7602623504065,-122.46689277642277,66.44827371273712,48959760,37.76028166395664,-122.46689373712738,2.167967265582656,False
2022-12-29 00:49:50,37.7602623,-122.4668927,66.46466666666666,48959760,37.760281666666664,-122.46689366666666,2.173897666666667,False
2022-12-29 00:49:51,37.760262249593495,-122.46689262357724,66.4810596205962,48959760,37.76028166937669,-122.46689359620596,2.1798280677506776,False
2022-12-29 00:49:52,37.76026219918699,-122.46689254715447,66.49745257452574,48959760,37.76028167208672,-122.46689352574526,2.1857584688346887,False
2022-12-29 00:49:53,37.760262148780484,-122.46689247073171,66.51384552845528,48959760,37.760281674796744,-122.46689345528455,2.1916888699186994,False
2022-12-29 00:49:54,37.760262098373985,-122.46689239430894,66.53023848238482,48959760,37.760281677506775,-122.46689338482385,2.19761927100271,False
2022-12-29 00:49:55,37.76026204796748,-122.46689231788618,66.54663143631436,48959760,37.7602816802168,-122.46689331436315,2.203549672086721,False
2022-12-29 00:49:56,37.760261997560974,-122.46689224146341,66.5630243902439,48959760,37.76028168292682,-122.46689324390245,2.209480073170732,False
2022-12-29 00:49:57,37.76026194715447,-122.46689216504065,66.57941734417344,48959760,37.760281685636855,-122.46689317344173,2.215410474254743,False
2022-12-29 00:49:58,37.76026189674796,-122.46689208861788,66.59581029810298,48959760,37.76028168834688,-122.46689310298103,2.2213408753387536,False
2022-12-29 00:49:59,37.760261846341464,-122.46689201219513,66.61220325203251,48959760,37.76028169105691,-122.46689303252033,2.2272712764227642,False
2022-12-29 00:50:00,37.76026179593496,-122.46689193577237,66.62859620596205,48959760,37.760281693766935,-122.46689296205962,2.2332016775067753,False
2022-12-29 00:50:01,37.76026174552845,-122.4668918593496,66.6449891598916,48959760,37.76028169647696,-122.46689289159892,2.239132078590786,False
2022-12-29 00:50:02,37.76026169512195,-122.46689178292684,66.66138211382113,48959760,37.76028169918699,-122.46689282113822,2.245062479674797,False
2022-12-29 00:50:03,37.76026164471545,-122.46689170650407,66.67777506775067,48959760,37.760281701897014,-122.4668927506775,2.2509928807588078,False
2022-12-29 00:50:04,37.76026159430894,-122.4668916300813,66.69416802168021,48959760,37.760281704607046,-122.4668926802168,2.2569232818428184,False
2022-12-29 00:50:05,37.76026154390244,-122.46689155365854,66.71056097560975,48959760,37.76028170731707,-122.4668926097561,2.2628536829268295,False
2022-12-29 00:50:06,37.76026149349593,-122.46689147723578,66.72695392953929,48959760,37.7602817100271,-122.4668925392954,2.26878408401084,False
2022-12-29 00:50:07,37.760261443089426,-122.46689140081301,66.74334688346883,48959760,37.760281712737125,-122.46689246883469,2.2747144850948513,False
2022-12-29 00:50:08,37.76026139268293,-122.46689132439025,66.75973983739837,48959760,37.76028171544715,-122.46689239837399,2.280644886178862,False
2022-12-29 00:50:09,37.76026134227642,-122.46689124796748,66.77613279132791,48959760,37.76028171815718,-122.46689232791329,2.2865752872628726,False
2022-12-29 00:50:10,37.76026129186992,-122.46689117154472,66.79252574525745,48959760,37.760281720867205,-122.46689225745257,2.2925056883468837,False
2022-12-29 00:50:11,37.76026124146341,-122.46689109512195,66.80891869918699,48959760,37.760281723577236,-122.46689218699187,2.2984360894308944,False
2022-12-29 00:50:12,37.76026119105691,-122.46689101869919,66.82531165311653,48959760,37.76028172628726,-122.46689211653117,2.3043664905149055,False
2022-12-29 00:50:13,37.76026114065041,-122.46689094227642,66.84170460704607,48959760,37.760281728997285,-122.46689204607047,2.310296891598916,False
2022-12-29 00:50:14,37.7602610902439,-122.46689086585366,66.85809756097561,48959760,37.760281731707316,-122.46689197560976,2.316227292682927,False
2022-12-29 00:50:15,37.760261039837395,-122.46689078943089,66.87449051490515,48959760,37.76028173441734,-122.46689190514905,2.322157693766938,False
2022-12-29 00:50:16,37.76026098943089,-122.46689071300813,66.89088346883469,48959760,37.76028173712737,-122.46689183468835,2.3280880948509486,False
2022-12-29 00:50:17,37.76026093902439,-122.46689063658538,66.90727642276423,48959760,37.760281739837396,-122.46689176422764,2.3340184959349597,False
2022-12-29 00:50:18,37.760260888617886,-122.46689056016261,66.92366937669377,48959760,37.76028174254742,-122.46689169376694,2.3399488970189704,False
2022-12-29 00:50:19,37.76026083821138,-122.46689048373985,66.9400623306233,48959760,37.76028174525745,-122.46689162330624,2.345879298102981,False
2022-12-29 00:50:20,37.760260787804874,-122.46689040731708,66.95645528455285,48959760,37.760281747967475,-122.46689155284552,2.351809699186992,False
2022-12-29 00:50:21,37.760260737398376,-122.46689033089432,66.97284823848238,48959760,37.76028175067751,-122.46689148238482,2.357740100271003,False
2022-12-29 00:50:22,37.76026068699187,-122.46689025447155,66.98924119241192,48959760,37.76028175338753,-122.46689141192412,2.363670501355014,False
2022-12-29 00:50:23,37.760260636585365,-122.46689017804879,67.00563414634146,48959760,37.760281756097555,-122.46689134146342,2.3696009024390245,False
2022-12-29 00:50:24,37.76026058617886,-122.46689010162602,67.022027100271,48959760,37.76028175880759,-122.46689127100271,2.375531303523035,False
2022-12-29 00:50:25,37.76026053577235,-122.46689002520326,67.03842005420054,48959760,37.76028176151761,-122.46689120054201,2.3814617046070463,False
2022-12-29 00:50:26,37.760260485365855,-122.46688994878049,67.05481300813008,48959760,37.76028176422764,-122.46689113008131,2.387392105691057,False
2022-12-29 00:50:27,37.76026043495935,-122.46688987235773,67.07120596205962,48959760,37.760281766937666,-122.4668910596206,2.393322506775068,False
2022-12-29 00:50:28,37.76026038455284,-122.46688979593496,67.08759891598916,48959760,37.76028176964769,-122.4668909891599,2.3992529078590787,False
2022-12-29 00:50:29,37.76026033414634,-122.4668897195122,67.1039918699187,48959760,37.76028177235772,-122.46689091869919,2.4051833089430894,False
2022-12-29 00:50:30,37.76026028373984,-122.46688964308943,67.12038482384824,48959760,37.760281775067746,-122.46689084823849,2.4111137100271005,False
2022-12-29 00:50:31,37.760260233333334,-122.46688956666667,67.13677777777778,48959760,37.76028177777778,-122.46689077777778,2.417044111111111,False
2022-12-29 00:50:32,37.76026018292683,-122.4668894902439,67.15317073170732,48959760,37.7602817804878,-122.46689070731708,2.4229745121951223,False
2022-12-29 00:50:33,37.76026013252032,-122.46688941382114,67.16956368563686,48959760,37.760281783197826,-122.46689063685638,2.428904913279133,False
2022-12-29 00:50:34,37.76026008211382,-122.46688933739838,67.1859566395664,48959760,37.76028178590786,-122.46689056639566,2.4348353143631436,False
2022-12-29 00:50:35,37.76026003170732,-122.46688926097562,67.20234959349592,48959760,37.76028178861788,-122.46689049593496,2.4407657154471547,False
2022-12-29 00:50:36,37.76025998130081,-122.46688918455285,67.21874254742546,48959760,37.76028179132791,-122.46689042547426,2.4466961165311654,False
2022-12-29 00:50:37,37.76025993089431,-122.46688910813009,67.235135501355,48959760,37.76028179403794,-122.46689035501355,2.4526265176151765,False
2022-12-29 00:50:38,37.7602598804878,-122.46688903170732,67.25152845528454,48959760,37.76028179674797,-122.46689028455285,2.458556918699187,False
2022-12-29 00:50:39,37.7602598300813,-122.46688895528456,67.26792140921408,48959760,37.76028179945799,-122.46689021409215,2.4644873197831982,False
2022-12-29 00:50:40,37.7602597796748,-122.4668888788618,67.28431436314362,48959760,37.760281802168016,-122.46689014363145,2.470417720867209,False
2022-12-29 00:50:41,37.76025972926829,-122.46688880243903,67.30070731707316,48959760,37.76028180487805,-122.46689007317073,2.4763481219512196,False
2022-12-29 00:50:42,37.760259678861786,-122.46688872601626,67.3171002710027,48959760,37.76028180758807,-122.46689000271003,2.4822785230352307,False
2022-12-29 00:50:43,37.76025962845528,-122.4668886495935,67.33349322493224,48959760,37.7602818102981,-122.46688993224933,2.4882089241192413,False
2022-12-29 00:50:44,37.76025957804878,-122.46688857317073,67.34988617886178,48959760,37.76028181300813,-122.46688986178862,2.4941393252032524,False
2022-12-29 00:50:45,37.760259527642276,-122.46688849674797,67.36627913279132,48959760,37.76028181571815,-122.46688979132792,2.500069726287263,False
2022-12-29 00:50:46,37.76025947723577,-122.4668884203252,67.38267208672086,48959760,37.76028181842818,-122.46688972086721,2.5060001273712738,False
2022-12-29 00:50:47,37.760259426829265,-122.46688834390244,67.3990650406504,48959760,37.76028182113821,-122.4668896504065,2.511930528455285,False
2022-12-29 00:50:48,37.760259376422766,-122.46688826747967,67.41545799457994,48959760,37.76028182384824,-122.4668895799458,2.5178609295392955,False
2022-12-29 00:50:49,37.76025932601626,-122.46688819105691,67.43185094850948,48959760,37.76028182655826,-122.4668895094851,2.5237913306233066,False
2022-12-29 00:50:50,37.760259275609755,-122.46688811463414,67.44824390243902,48959760,37.76028182926829,-122.4668894390244,2.5297217317073173,False
2022-12-29 00:50:51,37.76025922520325,-122.46688803821138,67.46463685636856,48959760,37.76028183197832,-122.46688936856368,2.535652132791328,False
2022-12-29 00:50:52,37.760259174796744,-122.46688796178863,67.4810298102981,48959760,37.76028183468834,-122.46688929810298,2.541582533875339,False
2022-12-29 00:50:53,37.760259124390245,-122.46688788536586,67.49742276422764,48959760,37.760281837398374,-122.46688922764228,2.5475129349593497,False
2022-12-29 00:50:54,37.76025907398374,-122.4668878089431,67.51381571815718,48959760,37.7602818401084,-122.46688915718157,2.553443336043361,False
2022-12-29 00:50:55,37.760259023577234,-122.46688773252033,67.53020867208672,48959760,37.76028184281842,-122.46688908672087,2.5593737371273715,False
2022-12-29 00:50:56,37.76025897317073,-122.46688765609757,67.54660162601625,48959760,37.76028184552845,-122.46688901626017,2.565304138211382,False
2022-12-29 00:50:57,37.76025892276423,-122.4668875796748,67.5629945799458,48959760,37.76028184823848,-122.46688894579947,2.5712345392953933,False
2022-12-29 00:50:58,37.760258872357724,-122.46688750325204,67.57938753387533,48959760,37.76028185094851,-122.46688887533875,2.577164940379404,False
2022-12-29 00:50:59,37.76025882195122,-122.46688742682927,67.59578048780487,48959760,37.76028185365853,-122.46688880487805,2.583095341463415,False
2022-12-29 00:51:00,37.76025877154471,-122.46688735040651,67.61217344173441,48959760,37.76028185636856,-122.46688873441735,2.5890257425474257,False
2022-12-29 00:51:01,37.76025872113821,-122.46688727398374,67.62856639566395,48959760,37.76028185907859,-122.46688866395664,2.5949561436314363,False
2022-12-29 00:51:02,37.76025867073171,-122.46688719756098,67.64495934959349,48959760,37.76028186178861,-122.46688859349594,2.6008865447154474,False
2022-12-29 00:51:03,37.7602586203252,-122.46688712113821,67.66135230352303,48959760,37.760281864498644,-122.46688852303524,2.606816945799458,False
2022-12-29 00:51:04,37.7602585699187,-122.46688704471545,67.67774525745257,48959760,37.76028186720867,-122.46688845257452,2.612747346883469,False
2022-12-29 00:51:05,37.76025851951219,-122.46688696829268,67.69413821138211,48959760,37.76028186991869,-122.46688838211382,2.61867774796748,False
2022-12-29 00:51:06,37.76025846910569,-122.46688689186992,67.71053116531165,48959760,37.760281872628724,-122.46688831165312,2.6246081490514905,False
2022-12-29 00:51:07,37.76025841869919,-122.46688681544715,67.72692411924119,48959760,37.76028187533875,-122.46688824119242,2.6305385501355016,False
2022-12-29 00:51:08,37.76025836829268,-122.46688673902439,67.74331707317073,48959760,37.76028187804878,-122.4668881707317,2.6364689512195123,False
2022-12-29 00:51:09,37.760258317886176,-122.46688666260162,67.75971002710027,48959760,37.760281880758804,-122.466888100271,2.6423993523035234,False
2022-12-29 00:51:10,37.76025826747967,-122.46688658617887,67.77610298102981,48959760,37.760281883468835,-122.4668880298103,2.648329753387534,False
2022-12-29 00:51:11,37.76025821707317,-122.46688650975611,67.79249593495935,48959760,37.76028188617886,-122.46688795934959,2.6542601544715447,False
2022-12-29 00:51:12,37.76025816666667,-122.46688643333334,67.80888888888889,48959760,37.76028188888888,-122.46688788888889,2.660190555555556,False
2022-12-29 00:51:13,37.76025811626016,-122.46688635691058,67.82528184281843,48959760,37.760281891598915,-122.46688781842819,2.6661209566395665,False
2022-12-29 00:51:14,37.760258065853655,-122.46688628048781,67.84167479674797,48959760,37.76028189430894,-122.46688774796749,2.6720513577235776,False
2022-12-29 00:51:15,37.76025801544716,-122.46688620406505,67.8580677506775,48959760,37.76028189701897,-122.46688767750678,2.6779817588075883,False
2022-12-29 00:51:16,37.76025796504065,-122.46688612764228,67.87446070460705,48959760,37.760281899728994,-122.46688760704608,2.683912159891599,False
2022-12-29 00:51:17,37.760257914634145,-122.46688605121952,67.89085365853659,48959760,37.76028190243902,-122.46688753658538,2.68984256097561,False
2022-12-29 00:51:18,37.76025786422764,-122.46688597479675,67.90724661246612,48959760,37.76028190514905,-122.46688746612466,2.6957729620596207,False
2022-12-29 00:51:19,37.760257813821134,-122.46688589837399,67.92363956639566,48959760,37.760281907859074,-122.46688739566396,2.701703363143632,False
2022-12-29 00:51:20,37.760257763414636,-122.46688582195122,67.9400325203252,48959760,37.760281910569105,-122.46688732520326,2.7076337642276425,False
2022-12-29 00:51:21,37.76025771300813,-122.46688574552846,67.95642547425474,48959760,37.76028191327913,-122.46688725474255,2.713564165311653,False
2022-12-29 00:51:22,37.760257662601624,-122.4668856691057,67.97281842818428,48959760,37.760281915989154,-122.46688718428184,2.7194945663956642,False
2022-12-29 00:51:23,37.76025761219512,-122.46688559268293,67.98921138211382,48959760,37.760281918699185,-122.46688711382114,2.725424967479675,False
2022-12-29 00:51:24,37.76025756178862,-122.46688551626016,68.00560433604335,48959760,37.76028192140921,-122.46688704336044,2.7313553685636855,False
2022-12-29 00:51:25,37.760257511382115,-122.4668854398374,68.02199728997289,48959760,37.76028192411924,-122.46688697289973,2.7372857696476967,False
2022-12-29 00:51:26,37.76025746097561,-122.46688536341463,68.03839024390243,48959760,37.760281926829265,-122.46688690243903,2.7432161707317073,False
2022-12-29 00:51:27,37.7602574105691,-122.46688528699188,68.05478319783197,48959760,37.76028192953929,-122.46688683197833,2.7491465718157184,False
2022-12-29 00:51:28,37.7602573601626,-122.46688521056912,68.0711761517615,48959760,37.76028193224932,-122.46688676151761,2.755076972899729,False
2022-12-29 00:51:29,37.7602573097561,-122.46688513414635,68.08756910569105,48959760,37.760281934959345,-122.46688669105691,2.7610073739837397,False
2022-12-29 00:51:30,37.76025725934959,-122.46688505772359,68.10396205962059,48959760,37.760281937669376,-122.46688662059621,2.766937775067751,False
2022-12-29 00:51:31,37.76025720894309,-122.46688498130082,68.12035501355012,48959760,37.7602819403794,-122.4668865501355,2.7728681761517615,False
2022-12-29 00:51:32,37.76025715853658,-122.46688490487806,68.13674796747966,48959760,37.760281943089424,-122.4668864796748,2.7787985772357726,False
2022-12-29 00:51:33,37.760257108130084,-122.46688482845529,68.1531409214092,48959760,37.760281945799456,-122.4668864092141,2.7847289783197833,False
2022-12-29 00:51:34,37.76025705772358,-122.46688475203253,68.16953387533874,48959760,37.76028194850948,-122.4668863387534,2.7906593794037944,False
2022-12-29 00:51:35,37.76025700731707,-122.46688467560976,68.18592682926828,48959760,37.76028195121951,-122.46688626829268,2.796589780487805,False
2022-12-29 00:51:36,37.76025695691057,-122.466884599187,68.20231978319782,48959760,37.760281953929535,-122.46688619783198,2.8025201815718157,False
2022-12-29 00:51:37,37.76025690650406,-122.46688452276423,68.21871273712736,48959760,37.76028195663956,-122.46688612737128,2.808450582655827,False
2022-12-29 00:51:38,37.76025685609756,-122.46688444634147,68.2351056910569,48959760,37.76028195934959,-122.46688605691057,2.8143809837398375,False
2022-12-29 00:51:39,37.76025680569106,-122.4668843699187,68.25149864498644,48959760,37.760281962059615,-122.46688598644987,2.8203113848238486,False
2022-12-29 00:51:40,37.76025675528455,-122.46688429349594,68.26789159891598,48959760,37.760281964769646,-122.46688591598917,2.8262417859078592,False
2022-12-29 00:51:41,37.760256704878046,-122.46688421707317,68.28428455284552,48959760,37.76028196747967,-122.46688584552847,2.83217218699187,False
2022-12-29 00:51:42,37.76025665447155,-122.46688414065041,68.30067750677506,48959760,37.7602819701897,-122.46688577506775,2.838102588075881,False
2022-12-29 00:51:43,37.76025660406504,-122.46688406422764,68.3170704607046,48959760,37.760281972899726,-122.46688570460705,2.8440329891598917,False
2022-12-29 00:51:44,37.760256553658536,-122.46688398780488,68.33346341463414,48959760,37.76028197560975,-122.46688563414635,2.8499633902439028,False
2022-12-29 00:51:45,37.76025650325203,-122.46688391138213,68.34985636856368,48959760,37.76028197831978,-122.46688556368564,2.8558937913279134,False
2022-12-29 00:51:46,37.760256452845525,-122.46688383495936,68.36624932249322,48959760,37.760281981029806,-122.46688549322494,2.861824192411924,False
2022-12-29 00:51:47,37.760256402439026,-122.4668837585366,68.38264227642276,48959760,37.76028198373984,-122.46688542276424,2.867754593495935,False
2022-12-29 00:51:48,37.76025635203252,-122.46688368211383,68.3990352303523,48959760,37.76028198644986,-122.46688535230352,2.873684994579946,False
2022-12-29 00:51:49,37.760256301626015,-122.46688360569107,68.41542818428184,48959760,37.760281989159886,-122.46688528184282,2.879615395663957,False
2022-12-29 00:51:50,37.76025625121951,-122.4668835292683,68.43182113821138,48959760,37.76028199186992,-122.46688521138212,2.8855457967479676,False
2022-12-29 00:51:51,37.76025620081301,-122.46688345284554,68.44821409214092,48959760,37.76028199457994,-122.46688514092142,2.8914761978319783,False
2022-12-29 00:51:52,37.760256150406505,-122.46688337642277,68.46460704607045,48959760,37.76028199728997,-122.4668850704607,2.8974065989159894,False
2022-12-29 00:51:53,37.7602561,-122.4668833,68.481,48959760,37.760282,-122.466885,2.903337,False
2022-12-29 00:51:54,37.7602557,-122.466885,68.403,48959760,37.760282,-122.466885,2.94322,False
2022-12-29 00:51:55,37.7602546,-122.466891,68.419,48959760,37.760282,-122.466885,3.107623,False
2022-12-29 00:51:56,37.7602529,-122.4669002,68.627,48959760,37.760282,-122.466885,3.509727,False
2022-12-29 00:51:57,37.7602516,-122.4669064,68.506,48959760,37.760282,-122.466885,3.872522,False
2022-12-29 00:51:58,37.7602523,-122.4669078,68.577,48959760,37.760282,-122.466885,3.866122,False
2022-12-29 00:51:59,37.760253,-122.4669072,68.66,48959760,37.760282,-122.466885,3.772785,False
2022-12-29 00:52:00,37.7602559,-122.4669022,68.665,48959760,37.760282,-122.466885,3.280513,False
2022-12-29 00:52:01,37.7602633,-122.4668937,68.532,48959760,37.760282,-122.466885,2.232629,False
2022-12-29 00:52:02,37.7602732,-122.4668768,68.509,48959760,37.760282,-122.466877,1.046618,False
2022-12-29 00:52:03,37.7602841,-122.4668493,68.534,48959760,37.760283,-122.466849,0.025022,False
2022-12-29 00:52:04,37.760294,-122.4668136,68.592,48959760,37.760285,-122.466813,0.946983,True
