trajectory,eps_m,t_s,min_samples,n_points,step_n_stops,step_n_moves,step_mean_stop_s,step_mean_move_pts,step_wall_s,step_wall_p25_s,step_wall_p75_s,stss_n_stops,stss_n_moves,stss_mean_stop_s,stss_mean_move_pts,stss_wall_s,stss_wall_p25_s,stss_wall_p75_s,f1,precision,recall,matched_iou_mean
10752853,10.0,10.0,5,615,1,2,48.0,283.0,0.0029588,0.0028523000000000008,0.0029592,1,2,20.0,297.0,0.05759620000000001,0.0572263,0.0579661,0.0,0.0,0.0,0.0
10752864,10.0,10.0,5,232,6,6,19.166666666666668,18.5,0.0017637,0.0016990999999999998,0.0018404,8,8,15.125,12.875,0.13271634999999998,0.132618575,0.132814125,0.7142857142857143,0.8333333333333334,0.625,0.8670212630506748
10752951,10.0,10.0,5,610,0,1,0.0,610.0,0.0024564,0.0023913000000000003,0.0026048,0,1,0.0,610.0,0.0171256,0.016762700000000002,0.0174885,nan,nan,nan,nan
10892045,10.0,10.0,5,323,7,6,20.714285714285715,28.5,0.0023244,0.0022261,0.0026026,8,6,18.0,28.5,0.1280889,0.12747819999999999,0.1286996,0.7999999999999999,0.8571428571428571,0.75,0.844854656819311
10934834,10.0,10.0,5,242,2,2,22.0,98.0,0.0014443,0.0014177,0.0014995,4,4,18.25,41.25,0.05871745,0.058499875,0.058935025,0.6666666666666666,1.0,0.5,0.953125
10934933,10.0,10.0,5,423,7,7,19.428571428571427,40.0,0.0027216,0.0027197,0.003459699999999999,8,8,20.375,31.5,0.147349,0.14579875,0.14889925,0.7999999999999999,0.8571428571428571,0.75,0.8716140441683918
10935081,10.0,10.0,5,278,4,4,24.75,43.75,0.0018516,0.0018282000000000003,0.0020169000000000003,4,4,20.25,48.25,0.11172284999999998,0.11134057500000001,0.11210512499999999,0.75,0.75,0.75,0.7761136712749616
10935136,10.0,10.0,5,308,2,2,29.5,123.5,0.0032684000000000003,0.002808,0.0036466,4,4,14.0,62.0,0.09370115,0.09278997500000001,0.094612325,0.3333333333333333,0.5,0.25,0.9411764705882353
10935148,10.0,10.0,5,237,3,2,61.666666666666664,24.5,0.0031075,0.0030061999999999997,0.003348,9,5,14.88888888888889,18.8,0.1682865,0.1556994,0.18087359999999997,0.16666666666666666,0.3333333333333333,0.1111111111111111,0.7777777777777778
10935358,10.0,10.0,5,636,10,10,24.8,37.8,0.0069765,0.0068467,0.0077206,10,11,13.8,44.36363636363637,0.35049675,0.346971825,0.354021675,0.4000000000000001,0.4,0.4,0.8634191176470589
10935638,10.0,10.0,5,228,1,1,14.0,213.0,0.0014214000000000002,0.0013590999999999998,0.0021629,4,4,12.25,43.75,0.0831867,0.08298254999999999,0.08339085,0.4,1.0,0.25,1.0
10935844,10.0,10.0,5,607,1,2,24.0,291.0,0.0027546,0.0027205,0.0030571,2,3,18.5,189.33333333333334,0.04821600000000001,0.0477111,0.048720900000000004,0.6666666666666666,1.0,0.5,0.96
10969051,10.0,10.0,5,601,0,1,0.0,601.0,0.0024977,0.0024906999999999998,0.0025754000000000003,1,2,12.0,294.0,0.03511165,0.034942625,0.035280675,0.0,0.0,0.0,0.0
11058912,10.0,10.0,5,601,1,2,18.0,291.0,0.0031136,0.0027340999999999997,0.003114,2,3,17.0,188.33333333333334,0.0489276,0.04782354999999999,0.050031650000000004,0.6666666666666666,1.0,0.5,0.8571428571428571
11071635,10.0,10.0,5,423,5,5,24.4,59.2,0.0027691,0.0027599,0.0029213000000000004,9,8,16.666666666666668,33.0,0.15901695000000002,0.156334175,0.16169972500000002,0.5714285714285714,0.8,0.4444444444444444,0.9167559523809523
11071677,10.0,10.0,5,459,6,6,24.333333333333332,51.166666666666664,0.0037131,0.0036382,0.0037711,9,8,19.0,34.875,0.13139340000000002,0.1311035,0.13168330000000003,0.8,1.0,0.6666666666666666,0.8252136752136753
11071727,10.0,10.0,5,411,1,1,15.0,395.0,0.0020439,0.0019639,0.0021286,4,4,13.5,88.25,0.06030034999999999,0.059610525,0.060990175,0.4,1.0,0.25,1.0
11071733,10.0,10.0,5,257,4,3,16.75,62.0,0.0018061,0.0017456,0.0020005,7,6,15.285714285714286,23.833333333333332,0.0926315,0.09158645,0.09367655,0.7272727272727273,1.0,0.5714285714285714,0.8711180124223602
11071965,10.0,10.0,5,535,6,6,28.666666666666668,59.5,0.0039865,0.00345,0.0040184,8,7,17.5,55.285714285714285,0.16970670000000002,0.16893070000000004,0.17048270000000001,0.5714285714285715,0.6666666666666666,0.5,0.7909340659340659
11092058,10.0,10.0,5,446,7,7,21.285714285714285,41.42857142857143,0.0032426,0.0029009,0.0032732,5,6,19.4,57.333333333333336,0.14238779999999998,0.1415399,0.14323570000000002,0.8333333333333333,0.7142857142857143,1.0,0.8432917386477758
11092072,10.0,10.0,5,247,1,1,17.0,229.0,0.0017492,0.001262,0.001953,1,1,17.0,229.0,0.05826059999999999,0.05673489999999999,0.059786299999999994,1.0,1.0,1.0,1.0
4300268,10.0,10.0,5,961,11,11,59.36363636363637,27.0,0.0467693,0.04661,0.0476033,13,12,42.15384615384615,33.333333333333336,0.5332347499999999,0.5321371249999999,0.534332375,0.5833333333333334,0.6363636363636364,0.5384615384615384,0.827211040258888
4303167,10.0,10.0,5,610,7,8,27.0,51.75,0.004382,0.0042471,0.0047237,7,8,17.571428571428573,60.0,0.16723130000000003,0.1647236,0.169739,0.5714285714285714,0.5714285714285714,0.5714285714285714,0.8798669467787115
4303201,10.0,10.0,5,600,3,3,15.0,184.0,0.0034330999999999997,0.0033894,0.0034497,7,7,14.571428571428571,70.14285714285714,0.157846,0.15781769999999998,0.1578743,0.6,1.0,0.42857142857142855,0.9176413255360624
4326816,10.0,10.0,5,606,10,10,28.0,31.6,0.005323100000000001,0.005283899999999999,0.0056554,4,5,17.5,106.4,0.2601463,0.2564818,0.2638108,0.4285714285714285,0.3,0.75,0.6922015182884748
4453473,10.0,10.0,5,610,4,5,33.25,94.6,0.0044317,0.0040000999999999995,0.0051855,4,5,18.75,106.2,0.13063355000000001,0.128215775,0.133051325,0.5,0.5,0.5,0.8178368121442126
4636267,10.0,10.0,5,624,10,11,27.5,30.818181818181817,0.0062638,0.006145899999999999,0.0062683,13,12,12.692307692307692,37.166666666666664,0.3254906,0.3199953,0.3309859,0.4347826086956522,0.5,0.38461538461538464,0.7567989417989418
4652239,10.0,10.0,5,601,9,9,27.555555555555557,38.22222222222222,0.0060775,0.0060049,0.006759799999999999,11,11,13.090909090909092,40.54545454545455,0.3011595,0.30062285,0.30169615,0.3,0.3333333333333333,0.2727272727272727,0.8761282290694056
4660369,10.0,10.0,5,640,5,6,31.6,79.5,0.0069092,0.0066286,0.0072456000000000005,6,7,19.166666666666668,74.14285714285714,0.1588815,0.15646239999999997,0.16130060000000002,0.3636363636363636,0.4,0.3333333333333333,0.7081447963800905
4748312,10.0,10.0,5,624,6,7,36.666666666666664,56.857142857142854,0.0060265,0.005481300000000001,0.006203599999999999,10,11,14.5,42.63636363636363,0.2774296,0.27632134999999997,0.27853785,0.25,0.3333333333333333,0.2,0.9110671936758893
4748313,10.0,10.0,5,770,6,7,61.833333333333336,56.142857142857146,0.020843599999999997,0.0201793,0.0214425,10,11,28.0,43.63636363636363,0.3524275,0.35145285,0.35340215,0.25,0.3333333333333333,0.2,0.925
4779685,10.0,10.0,5,669,8,9,40.0,37.888888888888886,0.0090435,0.0086832,0.009195100000000001,15,14,16.733333333333334,28.785714285714285,0.36823839999999997,0.3649047999999999,0.371572,0.3478260869565218,0.5,0.26666666666666666,0.6839133089133088
4792372,10.0,10.0,5,609,9,8,27.11111111111111,44.5,0.0064455,0.005790800000000001,0.0071711000000000006,9,9,16.333333333333332,50.333333333333336,0.24438905000000002,0.23934782500000001,0.249430275,0.6666666666666666,0.6666666666666666,0.6666666666666666,0.7608873259448706
4793806,10.0,10.0,5,609,4,5,45.5,84.6,0.006707599999999999,0.0063484,0.006820800000000001,7,7,12.714285714285714,73.28571428571429,0.21482765000000004,0.20911132500000001,0.220543975,0.0,0.0,0.0,0.0
4798549,10.0,10.0,5,661,7,7,36.57142857142857,56.857142857142854,0.0076626,0.0073266,0.0077901,13,13,16.53846153846154,33.30769230769231,0.32960275,0.32514852499999997,0.33405697500000003,0.4,0.5714285714285714,0.3076923076923077,0.6980769230769232
4944723,10.0,10.0,5,650,8,6,50.125,40.166666666666664,0.0114711,0.0111672,0.011799299999999999,11,11,17.181818181818183,40.90909090909091,0.34753380000000006,0.3450472,0.35002039999999995,0.2105263157894737,0.25,0.18181818181818182,0.885
4981908,10.0,10.0,5,251,3,3,15.666666666666666,67.0,0.0012753,0.0012536,0.0012966,3,3,16.666666666666668,66.0,0.042767349999999996,0.042757825000000006,0.042776875,1.0,1.0,1.0,0.9335664335664337
5084249,10.0,10.0,5,600,1,2,10.0,294.5,0.0031401999999999997,0.002942,0.0035582,5,6,12.0,89.16666666666667,0.09504369999999998,0.0944757,0.0956117,0.33333333333333337,1.0,0.2,0.7692307692307693
5133027,10.0,10.0,5,628,6,5,50.5,63.8,0.007022200000000001,0.0068279,0.007308299999999999,10,11,15.7,41.90909090909091,0.27830114999999994,0.27592612499999997,0.28067617499999997,0.25,0.3333333333333333,0.2,0.5635416666666666
5285957,10.0,10.0,5,387,3,2,23.0,157.5,0.002225,0.0022215,0.0022586999999999998,4,3,16.5,105.66666666666667,0.11344304999999999,0.11250562499999998,0.114380475,0.5714285714285715,0.6666666666666666,0.5,0.9772727272727273
5286334,10.0,10.0,5,342,1,1,17.0,324.0,0.0015213,0.0015042,0.0015245999999999999,1,1,11.0,330.0,0.026933899999999997,0.026695549999999995,0.02717225,1.0,1.0,1.0,0.6470588235294118
5395622,10.0,10.0,5,231,3,3,21.0,55.0,0.0011745,0.0011515999999999998,0.0011871,3,3,22.0,54.0,0.0462914,0.0458046,0.0467782,1.0,1.0,1.0,0.9569444444444445
5538668,10.0,10.0,5,617,0,1,0.0,617.0,0.0024387,0.0023874,0.0025289,0,1,0.0,617.0,0.01066825,0.010405524999999999,0.010930975,nan,nan,nan,nan
5670672,10.0,10.0,5,264,5,4,38.0,17.25,0.0031362,0.003117,0.0032714000000000003,4,5,17.5,38.0,0.20579484999999997,0.199942625,0.211647075,0.6666666666666665,0.6,0.75,0.8238032498902065
5729758,10.0,10.0,5,253,4,4,15.25,47.0,0.0018354,0.0017273,0.0019325999999999998,6,6,14.5,26.666666666666668,0.10468385000000001,0.10212157499999999,0.107246125,0.8,1.0,0.6666666666666666,0.8258928571428572
5763820,10.0,10.0,5,989,5,4,125.8,88.75,0.0474935,0.045693,0.0492095,10,11,51.0,42.63636363636363,0.48708285,0.483302425,0.49086327500000004,0.4,0.6,0.3,0.6643574297188755
5917923,10.0,10.0,5,272,0,1,0.0,272.0,0.0016012,0.0015442000000000001,0.0016736,3,4,15.0,56.0,0.07247270000000001,0.07240790000000001,0.0725375,0.0,0.0,0.0,0.0
5936666,10.0,10.0,5,602,6,7,20.0,68.0,0.0040904999999999995,0.0039277,0.0041343000000000005,8,9,15.0,52.666666666666664,0.19891815000000002,0.19881837500000002,0.19901792499999998,0.5714285714285715,0.6666666666666666,0.5,0.791567374207633
6014730,10.0,10.0,5,219,2,2,15.0,93.5,0.0009735,0.0009674999999999999,0.0009781000000000002,2,2,16.0,92.5,0.03279945000000001,0.032740225000000005,0.032858675,1.0,1.0,1.0,0.9375
6051512,10.0,10.0,5,601,4,5,20.25,103.2,0.0033336999999999998,0.0032496,0.0033425,6,7,13.833333333333334,73.14285714285714,0.1480765,0.14716864999999998,0.14898435000000002,0.6,0.75,0.5,0.778766769865841
6053686,10.0,10.0,5,602,6,7,16.166666666666668,71.28571428571429,0.0034896,0.0032299,0.0035614,9,10,14.88888888888889,45.9,0.1500428,0.14905450000000003,0.1510311,0.8,1.0,0.6666666666666666,0.8619797041623668
6171971,10.0,10.0,5,372,3,2,25.666666666666668,146.0,0.002187,0.0019662,0.0023775,2,3,11.5,115.66666666666667,0.08132825,0.080918425,0.081738075,0.0,0.0,0.0,0.0
6172561,10.0,10.0,5,239,4,3,20.25,51.333333333333336,0.0015242,0.0015184,0.0015262000000000001,5,4,17.2,37.0,0.0854933,0.0850895,0.0858971,0.888888888888889,1.0,0.8,0.8091422466422467
6357847,10.0,10.0,5,716,10,10,42.4,28.2,0.0078251,0.007804699999999999,0.008233899999999999,5,6,12.0,108.5,0.29987,0.2998541,0.2998859,0.13333333333333333,0.1,0.2,0.9375
6358495,10.0,10.0,5,308,3,2,24.0,116.5,0.0015942999999999999,0.0015733,0.00185,2,2,16.5,136.5,0.0644385,0.06385289999999999,0.0650241,0.4,0.3333333333333333,0.5,0.95
6422329,10.0,10.0,5,269,2,2,14.5,119.0,0.0015724,0.0015401,0.0018197999999999999,5,5,15.2,37.6,0.1263301,0.1245502,0.12811,0.5714285714285715,1.0,0.4,1.0
6547817,10.0,10.0,5,320,5,5,19.6,43.4,0.0020078,0.0019931999999999997,0.0020574,8,7,13.75,28.857142857142858,0.11173325,0.11115927499999999,0.11230722500000001,0.4615384615384615,0.6,0.375,0.8739594083247334
6547822,10.0,10.0,5,341,6,6,32.833333333333336,23.0,0.0028907,0.0028609,0.003127,9,9,19.0,17.88888888888889,0.18621039999999997,0.18204515,0.19037565,0.6666666666666667,0.8333333333333334,0.5555555555555556,0.7091313621046961
6756778,10.0,10.0,5,498,6,6,31.0,51.0,0.0043021000000000005,0.0041335,0.0043542,8,7,13.875,54.142857142857146,0.23281075000000004,0.229746325,0.23587517500000002,0.14285714285714288,0.16666666666666666,0.125,0.9130434782608695
6896919,10.0,10.0,5,619,4,5,30.5,98.6,0.0036879,0.0036655999999999998,0.0041038,6,7,17.333333333333332,72.71428571428571,0.12377924999999998,0.12318962499999998,0.124368875,0.4,0.5,0.3333333333333333,0.8098471986417657
6920600,10.0,10.0,5,225,1,2,15.0,104.5,0.0016695,0.0015741,0.0018059000000000003,1,2,16.0,104.0,0.02598865,0.025885425,0.026091874999999997,1.0,1.0,1.0,0.9375
6922501,10.0,10.0,5,273,4,3,25.0,56.333333333333336,0.0015697999999999999,0.0015676,0.0017172,5,5,17.4,36.2,0.08038765,0.07993997500000001,0.080835325,0.888888888888889,1.0,0.8,0.7367724867724867
6922622,10.0,10.0,5,453,4,4,31.5,80.75,0.003197,0.0029334,0.0035147,7,7,14.142857142857142,49.57142857142857,0.1364119,0.13473055,0.13809325,0.5454545454545454,0.75,0.42857142857142855,0.834920634920635
6941418,10.0,10.0,5,282,3,3,25.0,68.0,0.0018087,0.0017356000000000001,0.0019759,3,3,22.0,71.0,0.07768195000000001,0.077143525,0.078220375,0.6666666666666666,0.6666666666666666,0.6666666666666666,0.8974358974358974
6984632,10.0,10.0,5,617,3,4,22.0,137.0,0.0030640999999999997,0.0029169,0.0035486,3,4,16.333333333333332,141.25,0.06272005,0.06266917500000001,0.06277092499999999,0.6666666666666666,0.6666666666666666,0.6666666666666666,0.8809523809523809
7555066,10.0,10.0,5,339,4,4,13.0,70.75,0.0016882000000000004,0.0016836,0.0018727000000000001,4,5,13.5,56.2,0.07483855,0.074763325,0.074913775,0.75,0.75,0.75,0.8804639804639804
7557391,10.0,10.0,5,302,2,2,12.5,137.5,0.0012047,0.0012044,0.0012272000000000001,3,3,12.666666666666666,87.0,0.0310984,0.030938049999999998,0.03125875,0.8,1.0,0.6666666666666666,0.9230769230769231
7563440,10.0,10.0,5,591,4,4,19.25,127.5,0.0030449,0.0030317,0.0031429,10,10,13.6,44.5,0.11496154999999998,0.114112875,0.11581022499999999,0.5714285714285715,1.0,0.4,0.8711180124223602
7564587,10.0,10.0,5,242,3,3,26.0,53.666666666666664,0.0014651,0.0014575,0.0014967000000000001,4,4,16.75,42.75,0.07178314999999999,0.071384775,0.072181525,0.5714285714285715,0.6666666666666666,0.5,0.90625
7583768,10.0,10.0,5,236,3,3,27.666666666666668,50.0,0.0015563,0.0015314,0.001821,5,3,14.4,53.0,0.07241355000000001,0.071431125,0.07339597499999999,0.5,0.6666666666666666,0.4,0.7189542483660131
7598344,10.0,10.0,5,219,2,3,13.5,63.333333333333336,0.0010331,0.0010205,0.0010683,2,3,20.0,59.0,0.0410248,0.04043999999999999,0.041609600000000004,1.0,1.0,1.0,0.7
7613495,10.0,10.0,5,612,6,7,23.166666666666668,66.71428571428571,0.0040898,0.004023,0.0041994,8,9,19.875,49.44444444444444,0.21810895000000002,0.218076325,0.21814157500000003,0.7142857142857143,0.8333333333333334,0.625,0.691915491915492
7613518,10.0,10.0,5,285,4,4,27.75,42.5,0.0019381,0.0018852,0.0026658000000000003,6,6,14.666666666666666,31.833333333333332,0.09288399999999998,0.0925035,0.0932645,0.2,0.25,0.16666666666666666,0.9411764705882353
7613731,10.0,10.0,5,271,3,3,25.666666666666668,63.666666666666664,0.001615,0.0015960999999999998,0.001629,4,4,18.75,48.0,0.06767145,0.06652552499999999,0.068817375,0.8571428571428571,1.0,0.75,0.8106069870775753
7691124,10.0,10.0,5,255,4,4,26.5,36.25,0.0018047,0.0017013,0.0022502,5,4,14.6,44.25,0.0969914,0.09682245000000002,0.09716034999999999,0.22222222222222224,0.25,0.2,1.0
7691163,10.0,10.0,5,301,7,7,22.285714285714285,19.714285714285715,0.0021754,0.0021356,0.0022364,7,7,20.0,22.0,0.10745975,0.10709512499999999,0.10782437500000001,1.0,1.0,1.0,0.8336996336996337
7691232,10.0,10.0,5,601,1,1,16.0,584.0,0.0020851,0.0020524000000000002,0.0025348000000000002,1,1,18.0,582.0,0.019845749999999995,0.019771725000000004,0.019919774999999997,1.0,1.0,1.0,0.8888888888888888
7691423,10.0,10.0,5,303,3,3,26.0,74.0,0.0016892,0.0016830999999999999,0.0017135000000000002,6,5,17.5,38.4,0.0716531,0.07125245,0.07205375,0.4444444444444444,0.6666666666666666,0.3333333333333333,0.7508417508417509
7691435,10.0,10.0,5,343,3,3,13.666666666666666,99.66666666666667,0.0014374000000000001,0.0014260999999999998,0.0014483000000000002,3,3,14.666666666666666,98.66666666666667,0.037566050000000004,0.037498925,0.037633175000000005,1.0,1.0,1.0,0.9301587301587301
7691520,10.0,10.0,5,608,4,5,41.25,87.8,0.004923899999999999,0.0043501,0.0051179,9,9,12.444444444444445,54.111111111111114,0.22633560000000003,0.2255798,0.22709140000000003,0.0,0.0,0.0,0.0
7691542,10.0,10.0,5,368,6,6,25.0,35.333333333333336,0.0028631999999999998,0.0027253000000000004,0.002865,7,5,16.428571428571427,49.2,0.12407945,0.123868325,0.124290575,0.4615384615384615,0.5,0.42857142857142855,0.9416666666666668
7691885,10.0,10.0,5,251,5,5,20.8,28.4,0.0015443,0.0015287999999999999,0.0015603,7,6,16.0,22.0,0.08237359999999999,0.08163174999999999,0.08311545,0.8333333333333333,1.0,0.7142857142857143,0.846948717948718
7691909,10.0,10.0,5,624,8,9,22.0,48.888888888888886,0.0039808000000000005,0.0038140999999999995,0.0042029,11,12,19.363636363636363,33.333333333333336,0.18084424999999998,0.17974482499999997,0.18194367500000003,0.8421052631578948,1.0,0.7272727272727273,0.8645415125070518
7795968,10.0,10.0,5,252,1,1,54.0,197.0,0.00148,0.001441,0.0015437,4,3,13.75,64.33333333333333,0.046107699999999995,0.04580055,0.04641485,0.0,0.0,0.0,0.0
7797310,10.0,10.0,5,601,1,2,19.0,290.5,0.002265,0.0022533,0.0024286999999999998,1,2,21.0,289.5,0.0225071,0.022454349999999998,0.02255985,1.0,1.0,1.0,0.9047619047619048
7799046,10.0,10.0,5,454,9,8,19.444444444444443,33.75,0.0028993,0.0028083,0.0029873,10,10,15.4,29.0,0.15296564999999998,0.15150812500000002,0.154423175,0.5263157894736842,0.5555555555555556,0.5,0.9005826210826211
7799135,10.0,10.0,5,329,3,3,22.666666666666668,86.0,0.0021046999999999997,0.0020951,0.0021565,7,7,11.857142857142858,34.142857142857146,0.10155225,0.099435375,0.103669125,0.2,0.3333333333333333,0.14285714285714285,1.0
7799180,10.0,10.0,5,645,11,11,27.454545454545453,30.181818181818183,0.005319399999999999,0.005299,0.0053554,11,10,17.181818181818183,44.5,0.27712539999999997,0.27602375,0.27822705,0.5454545454545454,0.5454545454545454,0.5454545454545454,0.8726470334629727
7799209,10.0,10.0,5,525,6,6,19.0,67.5,0.0029551,0.0028391999999999996,0.0030919000000000003,7,8,18.571428571428573,48.5,0.12655349999999999,0.1262243,0.1268827,0.7692307692307692,0.8333333333333334,0.7142857142857143,0.8797696495881613
7799211,10.0,10.0,5,232,3,3,30.666666666666668,45.666666666666664,0.0015513,0.0015422,0.0015531,6,4,15.0,34.0,0.07983815000000001,0.07957747500000001,0.080098825,0.4444444444444444,0.6666666666666666,0.3333333333333333,0.8235294117647058
7799420,10.0,10.0,5,317,3,3,26.333333333333332,78.33333333333333,0.0018045,0.0017884,0.0020132,6,5,14.166666666666666,45.2,0.09658705000000001,0.09649857500000002,0.09667552500000001,0.2222222222222222,0.3333333333333333,0.16666666666666666,0.8214285714285714
7799507,10.0,10.0,5,310,3,3,55.666666666666664,46.666666666666664,0.0030073,0.0028927,0.0033301999999999997,6,5,15.166666666666666,42.6,0.12244425,0.12186402500000001,0.123024475,0.2222222222222222,0.3333333333333333,0.16666666666666666,1.0
7852277,10.0,10.0,5,247,2,2,34.0,88.5,0.0016098,0.0015915999999999999,0.0016147,1,2,27.0,109.5,0.05832355,0.058156875,0.058490225,0.6666666666666666,0.5,1.0,0.9629629629629629
7852403,10.0,10.0,5,290,4,4,18.5,53.0,0.0015735,0.0015662,0.001655,5,5,18.4,38.6,0.0752983,0.07493005000000001,0.07566655,0.888888888888889,1.0,0.8,0.9250410509031198
7852411,10.0,10.0,5,607,6,6,24.166666666666668,76.0,0.0036883000000000003,0.0033666,0.0037375,11,12,12.181818181818182,38.5,0.16703099999999996,0.16671625,0.16734575,0.3529411764705882,0.5,0.2727272727272727,0.8547619047619047
7852420,10.0,10.0,5,606,5,5,22.4,97.8,0.0034774000000000003,0.0034607,0.0043009,10,11,14.7,40.81818181818182,0.16430325000000004,0.16414472500000002,0.164461775,0.5333333333333333,0.8,0.4,0.8925925925925926
7852422,10.0,10.0,5,216,3,3,21.333333333333332,49.666666666666664,0.0012657999999999999,0.0012612,0.0014106,4,4,19.25,33.75,0.05179255,0.051284724999999996,0.052300375,0.8571428571428571,1.0,0.75,0.9631226053639846
7852445,10.0,10.0,5,307,4,4,20.25,55.5,0.0019161,0.0019119,0.0019587999999999997,5,5,14.0,46.4,0.10008935,0.099849625,0.10032907499999998,0.4444444444444445,0.5,0.4,0.7976190476190477
7852451,10.0,10.0,5,314,3,3,31.333333333333332,72.33333333333333,0.002362,0.002325,0.0024877,6,7,13.666666666666666,32.285714285714285,0.1403289,0.13966765,0.14099014999999998,0.2222222222222222,0.3333333333333333,0.16666666666666666,0.8095238095238095
8354596,10.0,10.0,5,385,0,1,0.0,385.0,0.0013934000000000002,0.0013767999999999999,0.0014845,0,1,0.0,385.0,0.00589435,0.005482775,0.006305925,nan,nan,nan,nan
10752853,10.0,15.0,8,615,1,2,48.0,283.0,0.0029095999999999996,0.0027975,0.0030792,2,2,21.5,285.0,0.038633549999999996,0.038585525,0.038681574999999996,0.0,0.0,0.0,0.0
10752864,10.0,15.0,8,232,3,3,25.666666666666668,50.666666666666664,0.0015884,0.0015811,0.0016108,6,6,17.833333333333332,19.833333333333332,0.0916787,0.08901094999999999,0.09434645000000001,0.6666666666666666,1.0,0.5,0.8268398268398268
10752951,10.0,15.0,8,610,0,1,0.0,610.0,0.0023217,0.0023175,0.0023782,0,1,0.0,610.0,0.007173649999999999,0.007109224999999999,0.007238075000000001,nan,nan,nan,nan
10892045,10.0,15.0,8,323,5,5,22.4,41.2,0.0021685,0.0021479,0.0024292,7,6,19.714285714285715,29.666666666666668,0.09719359999999999,0.09624364999999999,0.09814355,0.8333333333333333,1.0,0.7142857142857143,0.8698811665916928
10934834,10.0,15.0,8,242,2,2,22.0,98.0,0.0012721,0.0012388,0.0012919000000000001,2,2,23.0,97.0,0.03719455,0.037111124999999995,0.037277975000000005,1.0,1.0,1.0,0.967741935483871
10934933,10.0,15.0,8,423,5,5,21.6,62.0,0.0027443000000000003,0.0027156999999999997,0.0027606999999999996,6,6,22.333333333333332,47.166666666666664,0.1073877,0.10720764999999999,0.10756775000000002,0.9090909090909091,1.0,0.8333333333333334,0.9370033670033671
10935081,10.0,15.0,8,278,4,4,24.75,43.75,0.0017007,0.0016017,0.0018838,4,4,26.25,42.25,0.07094915,0.070668575,0.071229725,1.0,1.0,1.0,0.9445191158900836
10935136,10.0,15.0,8,308,2,2,29.5,123.5,0.0016977000000000001,0.0016931,0.0017258,2,2,18.0,135.0,0.058263249999999996,0.057910325000000006,0.05861617499999999,0.5,0.5,0.5,1.0
10935148,10.0,15.0,8,237,2,2,81.5,36.0,0.0026964000000000003,0.0026369,0.0029815,4,4,17.25,41.0,0.1169988,0.11600814999999999,0.11798945,0.0,0.0,0.0,0.0
10935358,10.0,15.0,8,636,6,7,32.0,62.57142857142857,0.004477699999999999,0.0043563000000000004,0.0045475,7,7,23.0,66.85714285714286,0.1664404,0.16593215,0.16694865,0.4615384615384615,0.5,0.42857142857142855,0.9433690368649718
10935638,10.0,15.0,8,228,0,1,0.0,228.0,0.0012211,0.0012009000000000002,0.0012984000000000001,1,2,15.0,106.0,0.031417049999999995,0.031412675,0.031421424999999996,0.0,0.0,0.0,0.0
10935844,10.0,15.0,8,607,1,2,24.0,291.0,0.002378,0.0023744,0.0023966,1,2,25.0,290.5,0.027719849999999997,0.027632524999999998,0.027807175,1.0,1.0,1.0,0.96
10969051,10.0,15.0,8,601,0,1,0.0,601.0,0.0022216,0.0021904,0.0022274,1,2,17.0,291.5,0.015913399999999998,0.0158877,0.015939099999999998,0.0,0.0,0.0,0.0
11058912,10.0,15.0,8,601,1,2,18.0,291.0,0.0025183,0.0024736,0.0026076,1,2,20.0,290.0,0.023778949999999997,0.023196275,0.024361624999999998,1.0,1.0,1.0,0.9
11071635,10.0,15.0,8,423,5,5,24.2,59.4,0.002556,0.0025103,0.0026035,5,5,19.6,64.0,0.08783835000000001,0.08704912499999999,0.088627575,0.8000000000000002,0.8,0.8,0.964937343358396
11071677,10.0,15.0,8,459,4,5,29.0,67.8,0.0031911,0.0031455,0.0035857,5,6,22.8,56.666666666666664,0.1044531,0.10380724999999999,0.10509895000000001,0.888888888888889,1.0,0.8,0.7896967805689915
11071727,10.0,15.0,8,411,1,1,15.0,395.0,0.0019993,0.0017675999999999998,0.0020648000000000003,1,1,15.0,395.0,0.03176725,0.031749574999999995,0.031784925000000006,1.0,1.0,1.0,1.0
11071733,10.0,15.0,8,257,2,2,22.0,105.5,0.001452,0.0014359000000000002,0.001535,2,2,26.0,101.5,0.0637699,0.06356895,0.06397085,1.0,1.0,1.0,0.8488888888888889
11071965,10.0,15.0,8,535,6,6,28.5,59.666666666666664,0.0033747,0.0032123000000000004,0.0037365,5,5,23.8,82.2,0.11052934999999998,0.11031542500000001,0.110743275,0.9090909090909091,0.8333333333333334,1.0,0.8170506912442395
11092058,10.0,15.0,8,446,4,4,27.5,83.0,0.0024911,0.0024219000000000003,0.0027323,5,5,19.2,69.0,0.1031342,0.10207659999999999,0.1041918,0.4444444444444445,0.5,0.4,0.9064814814814814
11092072,10.0,15.0,8,247,1,1,17.0,229.0,0.0011769,0.0010685999999999998,0.001292,1,1,17.0,229.0,0.017461050000000002,0.017050475,0.017871625000000002,1.0,1.0,1.0,1.0
4300268,10.0,15.0,8,961,9,10,69.11111111111111,33.0,0.0402683,0.0397889,0.0403334,9,9,62.111111111111114,43.666666666666664,0.4512788,0.44724845,0.45530914999999994,0.8888888888888888,0.8888888888888888,0.8888888888888888,0.8346614938655226
4303167,10.0,15.0,8,610,5,6,32.2,74.0,0.0040523,0.0037721999999999994,0.0040817,6,7,21.0,68.28571428571429,0.11579670000000002,0.11480140000000001,0.11679200000000002,0.5454545454545454,0.6,0.5,0.9436507936507937
4303201,10.0,15.0,8,600,1,2,18.0,290.5,0.0030918,0.0029624,0.0031909,3,4,19.0,135.0,0.066602,0.0665007,0.06670330000000001,0.5,1.0,0.3333333333333333,0.8571428571428571
4326816,10.0,15.0,8,606,7,7,33.0,52.57142857142857,0.0046102,0.0042382,0.0046578999999999995,8,8,23.5,51.25,0.19972099999999998,0.19877194999999998,0.20067005000000002,0.6666666666666666,0.7142857142857143,0.625,0.8384834520318393
4453473,10.0,15.0,8,610,3,4,40.0,121.75,0.0038799,0.0036276,0.0039023,3,4,23.333333333333332,134.25,0.0947379,0.09345205000000001,0.09602375,0.6666666666666666,0.6666666666666666,0.6666666666666666,0.7432950191570882
4636267,10.0,15.0,8,624,7,8,33.285714285714285,48.0,0.005330600000000001,0.0053184,0.0058986,5,6,22.0,84.83333333333333,0.2084916,0.20785865000000003,0.20912455,0.5,0.42857142857142855,0.6,0.8719063545150502
4652239,10.0,15.0,8,601,6,6,34.333333333333336,64.83333333333333,0.0048596,0.0041702,0.0052704,4,5,19.25,104.0,0.17222980000000002,0.17204065000000002,0.17241895000000002,0.2,0.16666666666666666,0.25,0.9259259259259259
4660369,10.0,15.0,8,640,3,4,44.0,126.25,0.0046775,0.0044642,0.0052906,8,9,21.75,50.888888888888886,0.11335724999999998,0.112131325,0.11458317499999998,0.36363636363636365,0.6666666666666666,0.25,0.749597423510467
4748312,10.0,15.0,8,624,6,7,36.333333333333336,57.142857142857146,0.0050217,0.0047255,0.0050543,2,3,22.0,192.66666666666666,0.17515419999999998,0.17498575,0.17532265000000002,0.5,0.3333333333333333,1.0,0.9109730848861284
4748313,10.0,15.0,8,770,4,5,85.5,84.8,0.0174291,0.0171527,0.0174704,9,10,34.44444444444444,45.1,0.2552566,0.25308505,0.25742815,0.30769230769230765,0.5,0.2222222222222222,0.8603896103896104
4779685,10.0,15.0,8,669,5,6,55.6,64.33333333333333,0.007534399999999999,0.007473100000000001,0.0076681000000000015,5,6,23.2,91.33333333333333,0.23618675,0.23353097500000003,0.23884252499999997,0.4000000000000001,0.4,0.4,0.7529100529100529
4792372,10.0,15.0,8,609,5,5,35.2,85.6,0.0050504999999999994,0.004791800000000001,0.005065399999999999,8,9,25.75,43.888888888888886,0.16071585,0.160488875,0.160942825,0.6153846153846154,0.8,0.5,0.7255827505827506
4793806,10.0,15.0,8,609,4,5,45.0,85.0,0.0050645,0.004664,0.0052502,6,7,19.333333333333332,69.57142857142857,0.14358785000000002,0.14226092499999998,0.14491477500000002,0.2,0.25,0.16666666666666666,0.96
4798549,10.0,15.0,8,661,5,6,46.2,70.83333333333333,0.005995599999999999,0.0059218000000000005,0.0061396,5,5,30.2,101.0,0.18912745,0.18866697500000001,0.18958792500000002,0.6,0.6,0.6,0.7141397250092902
4944723,10.0,15.0,8,650,7,6,51.42857142857143,47.166666666666664,0.0101057,0.0098131,0.0102766,8,8,20.25,60.0,0.27639464999999996,0.27612332500000003,0.27666597499999995,0.26666666666666666,0.2857142857142857,0.25,0.6543010752688172
4981908,10.0,15.0,8,251,2,2,18.0,106.5,0.0012471,0.0010628,0.0012734,2,2,18.5,106.0,0.03164595,0.031562875,0.031729025,1.0,1.0,1.0,0.9772727272727273
5084249,10.0,15.0,8,600,0,1,0.0,600.0,0.0027724,0.0027307,0.0028538,0,1,0.0,600.0,0.026556,0.026322599999999998,0.0267894,nan,nan,nan,nan
5133027,10.0,15.0,8,628,6,5,47.833333333333336,67.0,0.006150200000000001,0.006045199999999999,0.0061721,6,6,21.0,82.66666666666667,0.20416395,0.20406492499999998,0.204262975,0.16666666666666666,0.16666666666666666,0.16666666666666666,0.5333333333333333
5285957,10.0,15.0,8,387,3,2,23.0,157.5,0.0020807,0.0020345,0.0021671999999999998,2,1,23.0,339.0,0.06116815000000001,0.060890725,0.061445575,0.8,0.6666666666666666,1.0,0.875
5286334,10.0,15.0,8,342,1,1,17.0,324.0,0.0014629000000000003,0.0014510999999999999,0.0015778,1,1,20.0,321.0,0.01508,0.014880800000000001,0.0152792,1.0,1.0,1.0,0.85
5395622,10.0,15.0,8,231,2,2,24.5,90.0,0.0011122999999999999,0.0010972,0.0011208,3,3,22.0,54.0,0.0407558,0.04045545,0.04105615,0.8,1.0,0.6666666666666666,0.96875
5538668,10.0,15.0,8,617,0,1,0.0,617.0,0.0021545,0.0021274,0.0022631,0,1,0.0,617.0,0.00728725,0.007135775,0.007438724999999999,nan,nan,nan,nan
5670672,10.0,15.0,8,264,3,3,45.666666666666664,41.333333333333336,0.0029604,0.0028659000000000002,0.0031035999999999998,5,6,24.6,22.666666666666668,0.1449883,0.1447045,0.14527210000000002,0.5,0.6666666666666666,0.4,0.9523809523809523
5729758,10.0,15.0,8,253,1,1,19.0,233.0,0.0016003,0.0015488,0.0016087,3,3,17.666666666666668,65.66666666666667,0.08091695000000002,0.07789427500000001,0.083939625,0.5,1.0,0.3333333333333333,1.0
5763820,10.0,15.0,8,989,5,4,125.8,88.75,0.0416201,0.0413391,0.042968599999999996,5,6,19.2,148.0,0.41155225000000006,0.405186125,0.417918375,0.4000000000000001,0.4,0.4,0.565625
5917923,10.0,15.0,8,272,0,1,0.0,272.0,0.0013837,0.0013766,0.0014524000000000002,3,4,20.333333333333332,52.0,0.0434955,0.04345845,0.04353255,0.0,0.0,0.0,0.0
5936666,10.0,15.0,8,602,4,5,23.5,100.8,0.0037584000000000003,0.0034513,0.0039988,6,7,22.5,65.85714285714286,0.11034575000000002,0.109923375,0.11076812500000001,0.8,1.0,0.6666666666666666,0.9110553239863584
6014730,10.0,15.0,8,219,1,1,16.0,202.0,0.0009365,0.0009320000000000001,0.0010604000000000002,2,2,16.0,92.5,0.021324400000000004,0.021301150000000005,0.021347650000000003,0.6666666666666666,1.0,0.5,1.0
6051512,10.0,15.0,8,601,2,3,24.0,183.66666666666666,0.0030269,0.0030156,0.0033914,3,4,23.0,132.25,0.10125804999999999,0.101197975,0.101318125,0.8,1.0,0.6666666666666666,0.837593984962406
6053686,10.0,15.0,8,602,3,4,18.333333333333332,136.0,0.002954,0.0027936,0.0034994,5,6,19.4,83.33333333333333,0.09414109999999999,0.0934006,0.09488160000000001,0.7499999999999999,1.0,0.6,0.89546783625731
6171971,10.0,15.0,8,372,3,2,25.666666666666668,146.0,0.0020336,0.002033,0.0020561,2,2,27.0,158.0,0.05994549999999999,0.0591866,0.0607044,0.8,0.6666666666666666,1.0,0.9460028050490883
6172561,10.0,15.0,8,239,3,2,23.0,83.5,0.001406,0.0013967,0.0014148,3,2,26.0,79.0,0.05886195,0.058472224999999996,0.059251675000000004,1.0,1.0,1.0,0.8936678614097969
6357847,10.0,15.0,8,716,9,9,45.333333333333336,33.22222222222222,0.0073831999999999995,0.0073545,0.0074747,7,7,20.714285714285715,80.57142857142857,0.25286329999999996,0.2521478,0.2535788,0.5,0.4444444444444444,0.5714285714285714,0.9031076450431289
6358495,10.0,15.0,8,308,3,2,24.0,116.5,0.0015074,0.0014982,0.0015357,2,2,24.0,129.0,0.05414595,0.053989925,0.05430197499999999,0.8,0.6666666666666666,1.0,0.95
6422329,10.0,15.0,8,269,1,1,16.0,252.0,0.0015618,0.0014586,0.0018300999999999999,3,3,22.0,66.66666666666667,0.04873075000000001,0.048336225000000003,0.049125275,0.5,1.0,0.3333333333333333,1.0
6547817,10.0,15.0,8,320,3,3,23.0,82.66666666666667,0.0018023,0.001788,0.0022725,3,4,17.0,66.5,0.08807175,0.087966975,0.08817652499999999,0.3333333333333333,0.3333333333333333,0.3333333333333333,0.8421052631578947
6547822,10.0,15.0,8,341,6,6,32.5,23.333333333333332,0.0029739000000000002,0.0028874999999999994,0.0030374,7,7,26.857142857142858,20.857142857142858,0.14931475,0.149163525,0.149465975,0.7692307692307692,0.8333333333333334,0.7142857142857143,0.8138531658043853
6756778,10.0,15.0,8,498,5,5,26.0,72.6,0.0036748,0.0036609,0.0037632,5,6,23.0,63.0,0.20742405,0.205073625,0.209774475,0.8000000000000002,0.8,0.8,0.8673901958548699
6896919,10.0,15.0,8,619,3,4,35.0,127.75,0.0035286,0.0034965,0.0036666,4,5,20.5,106.6,0.11260959999999999,0.11093079999999998,0.11428840000000001,0.28571428571428575,0.3333333333333333,0.25,0.9666666666666667
6920600,10.0,15.0,8,225,0,1,0.0,225.0,0.0010337999999999999,0.0010275,0.0010422,1,2,16.0,104.0,0.02208515,0.020916975,0.023253325000000002,0.0,0.0,0.0,0.0
6922501,10.0,15.0,8,273,4,3,25.25,56.0,0.0016986000000000002,0.0016664000000000002,0.0018153,4,4,22.25,45.0,0.0792727,0.07774005,0.08080535000000001,1.0,1.0,1.0,0.8566425492610837
6922622,10.0,15.0,8,453,5,5,18.2,71.4,0.0028932,0.0028609,0.0030249,5,5,21.2,68.4,0.1074952,0.10709955,0.10789085000000001,0.6,0.6,0.6,0.9476190476190477
6941418,10.0,15.0,8,282,3,3,25.0,68.0,0.0016822999999999996,0.0016534000000000002,0.0017789000000000001,3,3,27.333333333333332,65.66666666666667,0.0613897,0.06107275000000001,0.061706649999999995,1.0,1.0,1.0,0.9344516930723827
6984632,10.0,15.0,8,617,2,3,26.5,187.33333333333334,0.0029964999999999996,0.0029356,0.0032022,1,2,20.0,298.0,0.05476165,0.054439575000000004,0.055083725,0.6666666666666666,0.5,1.0,0.9
7555066,10.0,15.0,8,339,0,1,0.0,339.0,0.0017460999999999998,0.0016334999999999998,0.0019379000000000002,2,2,20.0,148.5,0.0561811,0.05616100000000001,0.0562012,0.0,0.0,0.0,0.0
7557391,10.0,15.0,8,302,0,1,0.0,302.0,0.0012426,0.0012075999999999999,0.0013645999999999999,0,1,0.0,302.0,0.022773799999999997,0.02252025,0.023027350000000002,nan,nan,nan,nan
7563440,10.0,15.0,8,591,4,4,19.0,127.75,0.0030851999999999997,0.0028645,0.0032741999999999997,4,4,20.5,126.25,0.08423829999999999,0.08415395,0.08432265,1.0,1.0,1.0,0.9337474120082816
7564587,10.0,15.0,8,242,3,3,26.0,53.666666666666664,0.001442,0.0014192999999999999,0.0014594,3,3,18.0,61.666666666666664,0.053507599999999995,0.05344425,0.053570950000000006,0.6666666666666666,0.6666666666666666,0.6666666666666666,0.9772727272727273
7583768,10.0,15.0,8,236,2,2,33.5,83.5,0.0015259000000000002,0.0014949000000000002,0.0016125999999999998,2,3,17.5,66.33333333333333,0.05208045000000001,0.051721275000000004,0.05243962500000001,0.5,0.5,0.5,0.5428571428571428
7598344,10.0,15.0,8,219,0,1,0.0,219.0,0.0010128,0.0010054,0.0010619000000000002,1,2,19.0,99.5,0.033873099999999996,0.03349775,0.03424845000000001,0.0,0.0,0.0,0.0
7613495,10.0,15.0,8,612,6,7,23.0,66.85714285714286,0.00379,0.0033963,0.0038415999999999997,5,6,21.8,83.0,0.14196720000000002,0.14136895000000002,0.14256545,0.5454545454545454,0.5,0.6,0.8990299277605779
7613518,10.0,15.0,8,285,3,3,31.666666666666668,62.333333333333336,0.0020933,0.0020893,0.002312,3,4,23.0,53.25,0.07709475,0.07691182499999999,0.07727767500000002,0.3333333333333333,0.3333333333333333,0.3333333333333333,0.9696969696969697
7613731,10.0,15.0,8,271,2,2,29.5,105.0,0.0015469000000000001,0.0015377000000000001,0.0018246,2,3,22.0,75.0,0.05833345,0.058037125,0.058629775,0.5,0.5,0.5,0.8148148148148148
7691124,10.0,15.0,8,255,4,4,26.5,36.25,0.0016854,0.0016667000000000001,0.001698,4,3,16.5,61.666666666666664,0.0815083,0.08122705000000001,0.08178955,0.5,0.5,0.5,0.75
7691163,10.0,15.0,8,301,5,5,25.8,33.4,0.002471,0.0023094,0.0026014000000000002,4,4,22.5,51.75,0.09643305,0.09538222499999999,0.097483875,0.6666666666666665,0.6,0.75,0.9147376543209876
7691232,10.0,15.0,8,601,0,1,0.0,601.0,0.0022285,0.0020834,0.0023435,1,1,17.0,583.0,0.016219300000000002,0.01615285,0.01628575,0.0,0.0,0.0,0.0
7691423,10.0,15.0,8,303,3,3,26.0,74.0,0.0019003,0.0018423,0.0020131,4,4,18.5,56.25,0.066303,0.06570525,0.06690075,0.5714285714285715,0.6666666666666666,0.5,0.898989898989899
7691435,10.0,15.0,8,343,0,1,0.0,343.0,0.0020842,0.001895,0.0023348,2,2,15.0,155.5,0.0302251,0.030210949999999997,0.030239250000000002,0.0,0.0,0.0,0.0
7691520,10.0,15.0,8,608,3,4,34.666666666666664,125.25,0.0048195,0.0048126,0.0048376999999999995,4,4,22.0,129.0,0.16155359999999996,0.1608088,0.16229839999999998,0.28571428571428575,0.3333333333333333,0.25,0.9310344827586207
7691542,10.0,15.0,8,368,5,5,27.2,45.4,0.0027603000000000003,0.0026768,0.0029816,5,5,21.0,51.6,0.10922075,0.107986575,0.11045492499999998,0.8000000000000002,0.8,0.8,0.9520833333333334
7691885,10.0,15.0,8,251,2,3,31.5,62.0,0.001646,0.0016305999999999998,0.0017272000000000001,3,4,20.666666666666668,46.5,0.08303764999999999,0.08039742500000001,0.085677875,0.4,0.5,0.3333333333333333,0.92
7691909,10.0,15.0,8,624,6,7,24.833333333333332,67.0,0.004437399999999999,0.0041898000000000005,0.0044591000000000006,6,7,24.166666666666668,67.57142857142857,0.17174095,0.164636875,0.178845025,1.0,1.0,1.0,0.8740657513025362
7795968,10.0,15.0,8,252,1,1,54.0,197.0,0.0015876,0.0015225,0.0016469000000000002,1,2,17.0,117.0,0.0445758,0.04424445,0.04490715,0.0,0.0,0.0,0.0
7797310,10.0,15.0,8,601,1,2,19.0,290.5,0.0022602,0.0021373000000000004,0.0022994,1,2,20.0,290.0,0.018895449999999998,0.018137524999999998,0.019653375000000004,1.0,1.0,1.0,0.95
7799046,10.0,15.0,8,454,7,6,20.428571428571427,50.666666666666664,0.0029286,0.0027675,0.0031636,7,6,19.428571428571427,51.833333333333336,0.12560165,0.125494375,0.125708925,0.7142857142857143,0.7142857142857143,0.7142857142857143,0.887227968110321
7799135,10.0,15.0,8,329,2,3,24.0,93.0,0.0019284000000000003,0.0019162000000000003,0.0019729,2,2,19.0,144.5,0.06914375,0.068675175,0.069612325,0.5,0.5,0.5,0.9565217391304348
7799180,10.0,15.0,8,645,10,9,28.7,38.666666666666664,0.0047591000000000005,0.0047304,0.0052116,10,8,25.6,47.375,0.22607639999999998,0.2242404,0.2279124,0.8000000000000002,0.8,0.8,0.8959381828741505
7799209,10.0,15.0,8,525,5,5,19.6,84.4,0.0032015999999999998,0.0031606,0.0037713,5,5,21.6,82.4,0.09449930000000001,0.0944237,0.09457489999999999,1.0,1.0,1.0,0.9032781954887218
7799211,10.0,15.0,8,232,3,3,30.333333333333332,46.0,0.001683,0.0016202,0.0018097,2,2,20.0,95.0,0.0641797,0.06413985000000001,0.06421955,0.8,0.6666666666666666,1.0,0.8333333333333333
7799420,10.0,15.0,8,317,3,3,26.333333333333332,78.33333333333333,0.0018798,0.00182,0.0025154,1,2,25.0,145.5,0.07491055,0.073902775,0.07591832500000001,0.5,0.3333333333333333,1.0,0.92
7799507,10.0,15.0,8,310,4,3,40.75,47.666666666666664,0.0030559000000000003,0.0028021,0.0031472999999999996,4,4,26.5,50.0,0.11473785,0.114161875,0.11531382500000001,0.75,0.75,0.75,0.7820289855072464
7852277,10.0,15.0,8,247,2,2,34.0,88.5,0.0016277000000000002,0.0016194,0.0016499000000000002,1,1,16.0,230.0,0.05274815,0.050536174999999996,0.054960125,0.0,0.0,0.0,0.0
7852403,10.0,15.0,8,290,2,3,22.0,81.33333333333333,0.001586,0.0015632999999999999,0.0016828,4,4,19.75,51.75,0.07988124999999999,0.072680425,0.087082075,0.6666666666666666,1.0,0.5,0.8947811447811448
7852411,10.0,15.0,8,607,4,4,30.0,120.75,0.0039095,0.003723,0.004041,4,4,18.75,132.0,0.1496301,0.1444652,0.15479499999999996,0.75,0.75,0.75,0.7857142857142857
7852420,10.0,15.0,8,606,2,3,32.5,179.66666666666666,0.0040532,0.003859,0.0046817,5,6,19.2,84.16666666666667,0.13711305,0.13630552499999998,0.13792057500000002,0.28571428571428575,0.5,0.2,0.9285714285714286
7852422,10.0,15.0,8,216,2,3,25.0,54.666666666666664,0.0013564,0.0013145,0.0018778999999999998,2,3,26.0,54.0,0.06527235,0.063432075,0.06711262499999998,1.0,1.0,1.0,0.9613095238095238
7852445,10.0,15.0,8,307,2,3,26.5,84.0,0.0023447,0.0023193000000000003,0.0025007,3,4,22.333333333333332,59.25,0.114757,0.10858245,0.12093155,0.4,0.5,0.3333333333333333,0.75
7852451,10.0,15.0,8,314,3,3,31.333333333333332,72.33333333333333,0.0026454000000000004,0.0024335999999999997,0.0034185000000000005,2,3,23.5,88.33333333333333,0.09284654999999999,0.09269347500000001,0.092999625,0.4,0.3333333333333333,0.5,0.8695652173913043
8354596,10.0,15.0,8,385,0,1,0.0,385.0,0.0013992,0.0013935999999999998,0.0014158,0,1,0.0,385.0,0.0044167,0.00438355,0.004449849999999999,nan,nan,nan,nan
10752853,10.0,30.0,15,615,1,2,47.0,283.5,0.0033907,0.0031825,0.0039266,0,1,0.0,615.0,0.0363246,0.0359281,0.0367211,0.0,0.0,0.0,0.0
10752864,10.0,30.0,15,232,1,2,41.0,95.0,0.0016579000000000001,0.0016562999999999999,0.00185,1,2,44.0,93.5,0.06357835,0.063511575,0.063645125,1.0,1.0,1.0,0.9318181818181818
10752951,10.0,30.0,15,610,0,1,0.0,610.0,0.002233,0.0021596999999999996,0.0022993,0,1,0.0,610.0,0.006749799999999999,0.0067231999999999995,0.006776399999999999,nan,nan,nan,nan
10892045,10.0,30.0,15,323,0,1,0.0,323.0,0.0022208,0.002206,0.0022394,1,2,47.0,137.5,0.08550845,0.084418025,0.08659887500000002,0.0,0.0,0.0,0.0
10934834,10.0,30.0,15,242,0,1,0.0,242.0,0.0013092,0.0012965,0.0013557999999999999,1,2,31.0,105.0,0.029378949999999997,0.029310225000000002,0.029447675,0.0,0.0,0.0,0.0
10934933,10.0,30.0,15,423,0,1,0.0,423.0,0.0025762,0.0025749,0.0027485,0,1,0.0,423.0,0.08023545000000001,0.079946825,0.080524075,nan,nan,nan,nan
10935081,10.0,30.0,15,278,0,1,0.0,278.0,0.0016533,0.0015836,0.0017135999999999998,1,2,31.0,123.0,0.06126075000000001,0.061047525,0.061473975,0.0,0.0,0.0,0.0
10935136,10.0,30.0,15,308,1,2,44.0,131.5,0.0018078,0.0017894,0.0018081,1,2,45.0,131.0,0.038895049999999994,0.03858102499999999,0.039209075,1.0,1.0,1.0,0.9777777777777777
10935148,10.0,30.0,15,237,3,3,36.666666666666664,41.333333333333336,0.0028391,0.002793,0.002848,2,2,41.0,76.5,0.1073209,0.10676779999999998,0.10787400000000001,0.8,0.6666666666666666,1.0,0.9199999999999999
10935358,10.0,30.0,15,636,2,3,46.0,180.66666666666666,0.0045316,0.0043544,0.0049117,2,3,36.5,187.0,0.1469216,0.1466943,0.14714890000000003,0.5,0.5,0.5,0.9512195121951219
10935638,10.0,30.0,15,228,0,1,0.0,228.0,0.0010829000000000001,0.0010711,0.0010872,0,1,0.0,228.0,0.01159945,0.011403375,0.011795525,nan,nan,nan,nan
10935844,10.0,30.0,15,607,0,1,0.0,607.0,0.0022721,0.0021807,0.0027879000000000003,0,1,0.0,607.0,0.02186855,0.021838875000000004,0.021898225000000004,nan,nan,nan,nan
10969051,10.0,30.0,15,601,0,1,0.0,601.0,0.0022658,0.0022505999999999997,0.0024418,0,1,0.0,601.0,0.0077142999999999995,0.0074107999999999995,0.008017799999999999,nan,nan,nan,nan
11058912,10.0,30.0,15,601,0,1,0.0,601.0,0.0024701999999999997,0.0024647,0.0026171999999999996,0,1,0.0,601.0,0.01693575,0.016925774999999997,0.016945725000000002,nan,nan,nan,nan
11071635,10.0,30.0,15,423,1,2,42.0,190.0,0.0028934,0.0025438,0.0028977,0,1,0.0,423.0,0.07691079999999999,0.076468,0.0773536,0.0,0.0,0.0,0.0
11071677,10.0,30.0,15,459,1,2,49.0,204.5,0.003184,0.0031819,0.0033229,0,1,0.0,459.0,0.08513085000000001,0.08413607499999999,0.086125625,0.0,0.0,0.0,0.0
11071727,10.0,30.0,15,411,0,1,0.0,411.0,0.0018088,0.0017766,0.0019142999999999999,0,1,0.0,411.0,0.0146848,0.014646149999999998,0.014723450000000003,nan,nan,nan,nan
11071733,10.0,30.0,15,257,0,1,0.0,257.0,0.0014092,0.0013999000000000001,0.0014397000000000001,0,1,0.0,257.0,0.039119799999999996,0.0391035,0.0391361,nan,nan,nan,nan
11071965,10.0,30.0,15,535,1,2,53.0,240.5,0.0036187,0.0034694,0.0036896,2,3,30.5,157.33333333333334,0.11294335,0.112439625,0.11344707499999998,0.0,0.0,0.0,0.0
11092058,10.0,30.0,15,446,1,1,45.0,400.0,0.0026413,0.0025621,0.0027,1,1,46.0,399.0,0.08370535000000001,0.083358475,0.08405222500000001,1.0,1.0,1.0,0.9782608695652174
11092072,10.0,30.0,15,247,0,1,0.0,247.0,0.0018563,0.0018176,0.0018875,0,1,0.0,247.0,0.015279200000000001,0.0146951,0.0158633,nan,nan,nan,nan
4300268,10.0,30.0,15,961,3,4,162.0,118.0,0.0409633,0.039669800000000005,0.0428415,5,5,101.4,89.8,0.41510205,0.408911925,0.421292175,0.7499999999999999,1.0,0.6,0.7493686535381799
4303167,10.0,30.0,15,610,2,3,43.0,174.0,0.0038764999999999997,0.0038148,0.004135300000000001,2,3,35.0,179.33333333333334,0.10686195,0.106129325,0.107594575,0.5,0.5,0.5,0.95
4303201,10.0,30.0,15,600,0,1,0.0,600.0,0.0029741,0.0029249000000000002,0.0029886,0,1,0.0,600.0,0.02757885,0.027309224999999996,0.027848474999999998,nan,nan,nan,nan
4326816,10.0,30.0,15,606,4,4,37.75,112.75,0.004754,0.004456600000000001,0.0050413,5,5,37.4,82.8,0.194163,0.19147655,0.19684945,0.888888888888889,1.0,0.8,0.9668655728676248
4453473,10.0,30.0,15,610,2,3,46.5,171.66666666666666,0.0043143,0.0036761999999999997,0.0045008,0,1,0.0,610.0,0.08184775,0.081157975,0.082537525,0.0,0.0,0.0,0.0
4636267,10.0,30.0,15,624,3,4,46.333333333333336,120.5,0.0051164999999999995,0.0051021,0.0054667,3,4,48.666666666666664,118.75,0.15647614999999998,0.15613722499999996,0.156815075,1.0,1.0,1.0,0.9492139663789718
4652239,10.0,30.0,15,601,3,3,41.0,158.33333333333334,0.0045432,0.0044072,0.0046946,3,4,36.666666666666664,122.0,0.14642035,0.145857425,0.146983275,0.6666666666666666,0.6666666666666666,0.6666666666666666,0.9092442645074224
4660369,10.0,30.0,15,640,2,3,54.0,176.66666666666666,0.004873199999999999,0.0046314,0.0052096,1,2,31.0,304.0,0.0903343,0.0898205,0.09084809999999999,0.6666666666666666,0.5,1.0,0.62
4748312,10.0,30.0,15,624,3,4,48.0,119.25,0.0053132,0.0049443,0.0057891999999999996,4,5,46.5,86.8,0.1331098,0.13278020000000001,0.13343939999999999,0.8571428571428571,1.0,0.75,0.9292515082956259
4748313,10.0,30.0,15,770,2,3,148.0,157.33333333333334,0.017701900000000003,0.017337400000000003,0.0179775,3,4,66.33333333333333,142.0,0.21592574999999997,0.21526532499999998,0.21658617500000002,0.4,0.5,0.3333333333333333,0.5396825396825397
4779685,10.0,30.0,15,669,4,5,61.5,83.8,0.007438999999999999,0.0073457,0.0075014999999999995,4,5,56.75,87.6,0.18469174999999996,0.18412367500000001,0.185259825,1.0,1.0,1.0,0.8835029457570643
4792372,10.0,30.0,15,609,3,3,47.333333333333336,154.66666666666666,0.0050922,0.0048619,0.005231100000000001,3,3,44.333333333333336,157.66666666666666,0.14542595,0.143188575,0.147663325,1.0,1.0,1.0,0.8451559934318555
4793806,10.0,30.0,15,609,3,4,51.0,113.25,0.0051656,0.0050363000000000005,0.0058873,1,2,48.0,280.0,0.12406525000000002,0.12372952499999999,0.12440097500000001,0.5,0.3333333333333333,1.0,0.8541666666666666
4798549,10.0,30.0,15,661,3,4,56.333333333333336,122.25,0.0067824,0.0067201000000000006,0.007246,4,5,36.75,102.0,0.14720805,0.147115275,0.14730082500000002,0.8571428571428571,1.0,0.75,0.6873161764705883
4944723,10.0,30.0,15,650,5,5,60.0,69.0,0.0099089,0.009880100000000001,0.0102639,4,5,38.75,98.2,0.24700545000000002,0.245428125,0.248582775,0.4444444444444445,0.4,0.5,0.7274859287054409
4981908,10.0,30.0,15,251,0,1,0.0,251.0,0.0010985,0.0010892,0.0011041,0,1,0.0,251.0,0.02425635,0.024115224999999997,0.024397475,nan,nan,nan,nan
5084249,10.0,30.0,15,600,0,1,0.0,600.0,0.0025729,0.0025693,0.0025998,0,1,0.0,600.0,0.00763195,0.007432025000000001,0.007831875,nan,nan,nan,nan
5133027,10.0,30.0,15,628,4,4,52.5,103.5,0.0063391,0.0062987,0.0065715,4,4,43.0,113.0,0.17868869999999998,0.17815815,0.17921925,0.75,0.75,0.75,0.8151022419315103
5285957,10.0,30.0,15,387,0,1,0.0,387.0,0.0020640999999999997,0.0020401,0.0023119,1,2,31.0,177.5,0.044952650000000004,0.044619925,0.045285375,0.0,0.0,0.0,0.0
5286334,10.0,30.0,15,342,0,1,0.0,342.0,0.0014949000000000002,0.0014837000000000001,0.0015010000000000002,0,1,0.0,342.0,0.0138187,0.0136926,0.0139448,nan,nan,nan,nan
5395622,10.0,30.0,15,231,0,1,0.0,231.0,0.0011388,0.0011317999999999999,0.0011388,1,2,32.0,99.0,0.0378868,0.03783725,0.03793635000000001,0.0,0.0,0.0,0.0
5538668,10.0,30.0,15,617,0,1,0.0,617.0,0.002158,0.0020992,0.0021690999999999998,0,1,0.0,617.0,0.007468999999999999,0.0074204,0.0075176,nan,nan,nan,nan
5670672,10.0,30.0,15,264,1,2,42.0,110.5,0.0027611999999999997,0.0027433,0.0030036999999999998,3,3,41.333333333333336,45.666666666666664,0.11154045000000001,0.11129097499999999,0.111789925,0.5,1.0,0.3333333333333333,0.8181818181818182
5729758,10.0,30.0,15,253,0,1,0.0,253.0,0.0014533,0.0014445,0.0014689000000000002,0,1,0.0,253.0,0.026667200000000005,0.02628795,0.02704645,nan,nan,nan,nan
5763820,10.0,30.0,15,989,5,4,125.8,88.75,0.0407525,0.0402068,0.0423633,4,3,132.0,152.33333333333334,0.3758809,0.37493984999999996,0.37682194999999996,0.888888888888889,0.8,1.0,0.9735061686281199
5917923,10.0,30.0,15,272,0,1,0.0,272.0,0.0014034000000000002,0.0013978,0.0014682000000000002,0,1,0.0,272.0,0.0083679,0.008148599999999999,0.008587200000000001,nan,nan,nan,nan
5936666,10.0,30.0,15,602,0,1,0.0,602.0,0.0036764999999999996,0.003365,0.004003499999999999,0,1,0.0,602.0,0.07615440000000001,0.0756085,0.0767003,nan,nan,nan,nan
6014730,10.0,30.0,15,219,0,1,0.0,219.0,0.0008776999999999999,0.0008764999999999999,0.0008974,0,1,0.0,219.0,0.020889349999999998,0.020865925,0.020912775,nan,nan,nan,nan
6051512,10.0,30.0,15,601,0,1,0.0,601.0,0.0032678000000000004,0.0031737,0.0033686,1,2,32.0,284.0,0.06182905,0.061543375,0.062114724999999996,0.0,0.0,0.0,0.0
6053686,10.0,30.0,15,602,0,1,0.0,602.0,0.0029604,0.0029595000000000003,0.0030131999999999997,0,1,0.0,602.0,0.0653565,0.0650485,0.0656645,nan,nan,nan,nan
6171971,10.0,30.0,15,372,0,1,0.0,372.0,0.0019878,0.001936,0.0022212,1,2,31.0,170.0,0.05391465,0.052705375,0.055123925000000004,0.0,0.0,0.0,0.0
6172561,10.0,30.0,15,239,0,1,0.0,239.0,0.0014896,0.0014504000000000001,0.0016106,1,2,30.0,104.0,0.05573315,0.053614375,0.057851925,0.0,0.0,0.0,0.0
6357847,10.0,30.0,15,716,6,7,56.833333333333336,52.714285714285715,0.0095706,0.0093998,0.0096213,6,7,42.833333333333336,64.71428571428571,0.2545256,0.2542352,0.254816,0.8333333333333334,0.8333333333333334,0.8333333333333334,0.8081892342865112
6358495,10.0,30.0,15,308,0,1,0.0,308.0,0.0013746,0.0013716999999999998,0.0015599000000000001,1,2,30.0,138.5,0.048582400000000005,0.04797124999999999,0.04919355,0.0,0.0,0.0,0.0
6422329,10.0,30.0,15,269,0,1,0.0,269.0,0.0014958,0.0014229000000000002,0.0015191,0,1,0.0,269.0,0.0221255,0.021881,0.022370000000000004,nan,nan,nan,nan
6547817,10.0,30.0,15,320,0,1,0.0,320.0,0.0019569,0.0018669000000000001,0.0023095,1,1,30.0,289.0,0.06202525,0.061420625,0.062629875,0.0,0.0,0.0,0.0
6547822,10.0,30.0,15,341,2,3,37.0,88.33333333333333,0.0031393000000000003,0.0030610999999999998,0.0033673,3,4,38.333333333333336,55.75,0.11736719999999998,0.1171346,0.11759979999999999,0.8,1.0,0.6666666666666666,0.902206320810972
6756778,10.0,30.0,15,498,1,1,39.0,458.0,0.0043162,0.004021500000000001,0.0044285,2,2,35.5,212.5,0.1512645,0.14576435000000001,0.15676465,0.6666666666666666,1.0,0.5,1.0
6896919,10.0,30.0,15,619,1,2,34.0,292.0,0.0034765,0.0034619,0.0037632,2,3,31.0,185.0,0.08447394999999999,0.08168527500000002,0.087262625,0.6666666666666666,1.0,0.5,0.8857142857142857
6920600,10.0,30.0,15,225,0,1,0.0,225.0,0.0016871,0.0014918,0.0018502999999999998,0,1,0.0,225.0,0.0259262,0.022366749999999998,0.029485650000000002,nan,nan,nan,nan
6922501,10.0,30.0,15,273,1,1,31.0,241.0,0.0029283,0.0028579,0.0030573,1,1,33.0,239.0,0.0951656,0.09416475,0.09616645,1.0,1.0,1.0,0.9393939393939394
6922622,10.0,30.0,15,453,0,1,0.0,453.0,0.0050353,0.0048075,0.005165,0,1,0.0,453.0,0.11010065,0.107291725,0.112909575,nan,nan,nan,nan
6941418,10.0,30.0,15,282,0,1,0.0,282.0,0.0021522,0.0015615,0.0022728999999999996,1,2,35.0,123.0,0.0625963,0.062444650000000004,0.06274795,0.0,0.0,0.0,0.0
6984632,10.0,30.0,15,617,1,2,35.0,290.5,0.004674,0.0043378,0.0048563,1,2,37.0,289.5,0.045156699999999994,0.044980900000000004,0.0453325,1.0,1.0,1.0,0.9459459459459459
7555066,10.0,30.0,15,339,0,1,0.0,339.0,0.0020372,0.0014982,0.0021181999999999998,0,1,0.0,339.0,0.0219066,0.020551299999999998,0.023261900000000002,nan,nan,nan,nan
7557391,10.0,30.0,15,302,0,1,0.0,302.0,0.0013352000000000001,0.0013111,0.0018503,0,1,0.0,302.0,0.014480700000000003,0.013370950000000001,0.01559045,nan,nan,nan,nan
7563440,10.0,30.0,15,591,0,1,0.0,591.0,0.0036767,0.0034814,0.0044398,0,1,0.0,591.0,0.0588572,0.05851885,0.05919555,nan,nan,nan,nan
7564587,10.0,30.0,15,242,1,2,42.0,99.5,0.0015117000000000002,0.0014852,0.0015655999999999999,1,2,43.0,99.0,0.053939049999999995,0.053492425,0.054385674999999994,1.0,1.0,1.0,0.9767441860465116
7583768,10.0,30.0,15,236,2,2,33.0,84.0,0.0021620999999999997,0.0020392,0.0026868,1,2,33.0,101.0,0.0593769,0.05775855,0.060995249999999994,0.6666666666666666,0.5,1.0,0.9696969696969697
7598344,10.0,30.0,15,219,0,1,0.0,219.0,0.0016135,0.0016087999999999999,0.0016165,0,1,0.0,219.0,0.01374665,0.013448575,0.014044725,nan,nan,nan,nan
7613495,10.0,30.0,15,612,0,1,0.0,612.0,0.0045727,0.0036561,0.0049467,1,2,32.0,289.5,0.10003145000000001,0.098995425,0.10106747499999999,0.0,0.0,0.0,0.0
7613518,10.0,30.0,15,285,2,2,32.5,109.0,0.0018671,0.0018375999999999998,0.002096,2,2,34.0,107.5,0.07833564999999999,0.077799425,0.078871875,1.0,1.0,1.0,0.9545454545454546
7613731,10.0,30.0,15,271,1,1,36.0,234.0,0.0022006999999999994,0.0021106,0.002306,1,1,37.0,233.0,0.0635427,0.061856600000000005,0.06522879999999999,1.0,1.0,1.0,0.972972972972973
7691124,10.0,30.0,15,255,2,3,35.0,61.0,0.0020739,0.0018135999999999998,0.003469,1,2,35.0,109.5,0.08298445,0.082081225,0.08388767500000001,0.6666666666666666,0.5,1.0,0.9428571428571428
7691163,10.0,30.0,15,301,0,1,0.0,301.0,0.0026658000000000003,0.0022054,0.0034811000000000004,2,3,32.0,78.33333333333333,0.09869535,0.09777572500000002,0.09961497500000001,0.0,0.0,0.0,0.0
7691232,10.0,30.0,15,601,0,1,0.0,601.0,0.0021488,0.0021371999999999997,0.0023474,0,1,0.0,601.0,0.0190598,0.017867900000000003,0.020251699999999997,nan,nan,nan,nan
7691423,10.0,30.0,15,303,1,2,40.0,131.0,0.0020876,0.0019779,0.0025399,0,1,0.0,303.0,0.05349865,0.052318724999999996,0.05467857500000001,0.0,0.0,0.0,0.0
7691435,10.0,30.0,15,343,0,1,0.0,343.0,0.0018896,0.0015614000000000001,0.0025518000000000003,0,1,0.0,343.0,0.021492,0.02145,0.021534,nan,nan,nan,nan
7691520,10.0,30.0,15,608,1,2,36.0,285.5,0.0053339,0.0051126,0.0064335,1,2,31.0,288.0,0.12848880000000001,0.1263246,0.130653,0.0,0.0,0.0,0.0
7691542,10.0,30.0,15,368,1,2,58.0,154.5,0.0034061,0.0030607,0.0034244,1,2,35.0,166.0,0.09744835,0.09641952499999999,0.098477175,1.0,1.0,1.0,0.603448275862069
7691885,10.0,30.0,15,251,1,2,40.0,105.0,0.0014059,0.001336,0.0015195,0,1,0.0,251.0,0.06440195,0.063792775,0.065011125,0.0,0.0,0.0,0.0
7691909,10.0,30.0,15,624,1,2,35.0,294.0,0.0041013,0.0038866999999999994,0.0041792,2,3,33.5,185.0,0.1117374,0.10949819999999998,0.11397660000000001,0.6666666666666666,1.0,0.5,0.9459459459459459
7795968,10.0,30.0,15,252,1,1,54.0,197.0,0.0016446,0.0014938,0.0017166,1,1,54.0,197.0,0.03856855,0.038436225000000004,0.038700875,1.0,1.0,1.0,1.0
7797310,10.0,30.0,15,601,0,1,0.0,601.0,0.0025702000000000003,0.0023591999999999997,0.0028861,0,1,0.0,601.0,0.019794899999999997,0.0195965,0.0199933,nan,nan,nan,nan
7799046,10.0,30.0,15,454,0,1,0.0,454.0,0.0028461,0.0027518,0.00304,0,1,0.0,454.0,0.14730755,0.13795027499999998,0.156664825,nan,nan,nan,nan
7799135,10.0,30.0,15,329,0,1,0.0,329.0,0.0028308,0.0026135,0.0031728999999999998,1,2,33.0,147.5,0.060908449999999996,0.059322324999999995,0.06249457499999999,0.0,0.0,0.0,0.0
7799180,10.0,30.0,15,645,3,4,33.0,135.75,0.0082781,0.005942600000000001,0.0083601,6,7,32.666666666666664,63.285714285714285,0.2392251,0.23526174999999996,0.24318844999999997,0.4444444444444444,0.6666666666666666,0.3333333333333333,0.903250773993808
7799209,10.0,30.0,15,525,0,1,0.0,525.0,0.0047942,0.0046315,0.0051193,0,1,0.0,525.0,0.10156615,0.10001627499999999,0.103116025,nan,nan,nan,nan
7799211,10.0,30.0,15,232,2,3,35.0,53.333333333333336,0.0025458,0.0024760999999999997,0.0029506,2,3,38.0,51.333333333333336,0.0872265,0.08722215000000001,0.08723084999999998,1.0,1.0,1.0,0.9205574912891986
7799420,10.0,30.0,15,317,0,1,0.0,317.0,0.003534,0.0032596,0.0039102,0,1,0.0,317.0,0.06713715,0.06406747500000001,0.070206825,nan,nan,nan,nan
7799507,10.0,30.0,15,310,1,2,52.0,128.5,0.0049584,0.0043884,0.0055029,2,3,41.0,75.33333333333333,0.15654815,0.15209322499999997,0.161003075,0.6666666666666666,1.0,0.5,0.8461538461538461
7852277,10.0,30.0,15,247,1,1,42.0,204.0,0.0027314,0.0025667,0.0027728,1,1,42.0,204.0,0.07108545,0.07083407499999998,0.07133682499999999,1.0,1.0,1.0,1.0
7852403,10.0,30.0,15,290,0,1,0.0,290.0,0.0028419,0.0027643000000000004,0.0030921,0,1,0.0,290.0,0.07621385,0.07577592500000001,0.07665177499999999,nan,nan,nan,nan
7852411,10.0,30.0,15,607,1,2,38.0,284.0,0.0066692,0.0062436,0.0067043,2,3,46.0,171.0,0.13043735,0.13019597500000002,0.130678725,0.6666666666666666,1.0,0.5,0.9743589743589743
7852420,10.0,30.0,15,606,1,2,38.0,283.5,0.0056933999999999995,0.0056836,0.0058677,1,2,37.0,284.0,0.08754689999999998,0.08628115,0.08881264999999998,1.0,1.0,1.0,0.875
7852422,10.0,30.0,15,216,0,1,0.0,216.0,0.0011533,0.0011299,0.0018958,0,1,0.0,216.0,0.04846810000000001,0.048441700000000004,0.0484945,nan,nan,nan,nan
7852445,10.0,30.0,15,307,0,1,0.0,307.0,0.001854,0.0018088,0.0024625,1,2,39.0,133.5,0.056085199999999995,0.055644650000000004,0.05652575,0.0,0.0,0.0,0.0
7852451,10.0,30.0,15,314,1,2,49.0,132.0,0.0031745,0.0031558000000000003,0.0036542,1,2,52.0,130.5,0.0819567,0.08135595,0.08255744999999998,1.0,1.0,1.0,0.9423076923076923
8354596,10.0,30.0,15,385,0,1,0.0,385.0,0.0013842000000000001,0.0013082999999999999,0.0013864,0,1,0.0,385.0,0.00576575,0.0052514250000000005,0.0062800749999999995,nan,nan,nan,nan
10752853,10.0,60.0,30,615,0,1,0.0,615.0,0.0035968000000000003,0.0030685,0.0040151,0,1,0.0,615.0,0.044236050000000006,0.043440225000000006,0.045031875,nan,nan,nan,nan
10752864,10.0,60.0,30,232,0,1,0.0,232.0,0.0016817,0.0016036,0.0022941,0,1,0.0,232.0,0.031442750000000005,0.030971525,0.031913975,nan,nan,nan,nan
10752951,10.0,60.0,30,610,0,1,0.0,610.0,0.0022648,0.002199,0.0025819000000000003,0,1,0.0,610.0,0.00775785,0.007327025,0.008188675,nan,nan,nan,nan
10892045,10.0,60.0,30,323,0,1,0.0,323.0,0.0028812,0.0022345999999999998,0.0038193000000000003,0,1,0.0,323.0,0.02891465,0.028070474999999998,0.029758824999999996,nan,nan,nan,nan
10934834,10.0,60.0,30,242,0,1,0.0,242.0,0.0013647,0.0013512,0.0015105,0,1,0.0,242.0,0.02101985,0.020939375,0.021100325,nan,nan,nan,nan
10934933,10.0,60.0,30,423,0,1,0.0,423.0,0.0027302,0.0026515,0.0027886,0,1,0.0,423.0,0.0075245,0.0075052,0.007543799999999999,nan,nan,nan,nan
10935081,10.0,60.0,30,278,0,1,0.0,278.0,0.0020153000000000003,0.0016937,0.0020601,0,1,0.0,278.0,0.022284250000000002,0.022141475,0.022427025,nan,nan,nan,nan
10935136,10.0,60.0,30,308,0,1,0.0,308.0,0.0023281,0.0021687,0.002824,0,1,0.0,308.0,0.033659699999999994,0.0336287,0.0336907,nan,nan,nan,nan
10935148,10.0,60.0,30,237,0,1,0.0,237.0,0.0029865,0.0026809,0.0035739,0,1,0.0,237.0,0.1205956,0.11415565000000001,0.12703555,nan,nan,nan,nan
10935358,10.0,60.0,30,636,0,1,0.0,636.0,0.005503699999999999,0.0054829,0.0059105,0,1,0.0,636.0,0.09539530000000002,0.09366865,0.09712195000000001,nan,nan,nan,nan
10935638,10.0,60.0,30,228,0,1,0.0,228.0,0.0012219000000000002,0.0011469000000000002,0.0012654,0,1,0.0,228.0,0.005865850000000001,0.005712725,0.006018975,nan,nan,nan,nan
10935844,10.0,60.0,30,607,0,1,0.0,607.0,0.0025119,0.0022191,0.0025261,0,1,0.0,607.0,0.00865635,0.008405975,0.008906725,nan,nan,nan,nan
10969051,10.0,60.0,30,601,0,1,0.0,601.0,0.0023199,0.0021468000000000004,0.0025755,0,1,0.0,601.0,0.009179550000000002,0.008994975,0.009364125,nan,nan,nan,nan
11058912,10.0,60.0,30,601,0,1,0.0,601.0,0.0041678999999999996,0.0040803,0.0042895,0,1,0.0,601.0,0.00999,0.0092404,0.0107396,nan,nan,nan,nan
11071635,10.0,60.0,30,423,0,1,0.0,423.0,0.0027995999999999997,0.0025545,0.0031187,0,1,0.0,423.0,0.03777905,0.036404625,0.039153475,nan,nan,nan,nan
11071677,10.0,60.0,30,459,0,1,0.0,459.0,0.0040439000000000004,0.0033242,0.0048518,0,1,0.0,459.0,0.042787900000000004,0.04114235000000001,0.044433450000000006,nan,nan,nan,nan
11071727,10.0,60.0,30,411,0,1,0.0,411.0,0.0022759,0.002213,0.0034019,0,1,0.0,411.0,0.00582125,0.005734024999999999,0.005908475,nan,nan,nan,nan
11071733,10.0,60.0,30,257,0,1,0.0,257.0,0.0014415,0.0014180999999999998,0.00154,0,1,0.0,257.0,0.0044744,0.0041773999999999995,0.004771399999999999,nan,nan,nan,nan
11071965,10.0,60.0,30,535,0,1,0.0,535.0,0.0039791,0.0035118000000000003,0.0040841,0,1,0.0,535.0,0.06576894999999999,0.064866875,0.06667102500000001,nan,nan,nan,nan
11092058,10.0,60.0,30,446,0,1,0.0,446.0,0.0032137,0.0025436,0.0035117,0,1,0.0,446.0,0.04213395,0.04186092499999999,0.042406975000000006,nan,nan,nan,nan
11092072,10.0,60.0,30,247,0,1,0.0,247.0,0.0012247999999999998,0.0012,0.0013315999999999998,0,1,0.0,247.0,0.00363765,0.003419125,0.0038561750000000003,nan,nan,nan,nan
4300268,10.0,60.0,30,961,2,3,218.5,174.0,0.047145400000000004,0.0469319,0.0489698,2,3,222.0,171.66666666666666,0.3884957,0.38644694999999996,0.39054445,1.0,1.0,1.0,0.971981721981722
4303167,10.0,60.0,30,610,0,1,0.0,610.0,0.0049621000000000005,0.0046392,0.0057993,0,1,0.0,610.0,0.08854664999999999,0.08831522500000001,0.08877807500000001,nan,nan,nan,nan
4303201,10.0,60.0,30,600,0,1,0.0,600.0,0.0047401000000000006,0.0046428,0.0049099,0,1,0.0,600.0,0.0105355,0.00968455,0.011386450000000001,nan,nan,nan,nan
4326816,10.0,60.0,30,606,0,1,0.0,606.0,0.0064686000000000006,0.006201,0.0069443000000000005,0,1,0.0,606.0,0.13614754999999998,0.134745925,0.137549175,nan,nan,nan,nan
4453473,10.0,60.0,30,610,0,1,0.0,610.0,0.0038347,0.0034790999999999997,0.0044315,0,1,0.0,610.0,0.07184810000000001,0.07101210000000001,0.0726841,nan,nan,nan,nan
4636267,10.0,60.0,30,624,0,1,0.0,624.0,0.0059598,0.0050348,0.0060203,0,1,0.0,624.0,0.11157724999999999,0.108344575,0.11480992500000001,nan,nan,nan,nan
4652239,10.0,60.0,30,601,0,1,0.0,601.0,0.0047383,0.0046019,0.0051468,0,1,0.0,601.0,0.11538369999999999,0.1144484,0.11631900000000002,nan,nan,nan,nan
4660369,10.0,60.0,30,640,0,1,0.0,640.0,0.0083909,0.0079684,0.0088463,0,1,0.0,640.0,0.09113040000000001,0.09071535,0.09154545,nan,nan,nan,nan
4748312,10.0,60.0,30,624,0,1,0.0,624.0,0.005408100000000001,0.0049036,0.0058771000000000006,1,2,64.0,279.5,0.12597775,0.125823125,0.126132375,0.0,0.0,0.0,0.0
4748313,10.0,60.0,30,770,1,2,232.0,268.5,0.020941099999999997,0.0192189,0.0211387,3,4,86.66666666666667,126.75,0.21555795,0.21551117500000003,0.215604725,0.0,0.0,0.0,0.0
4779685,10.0,60.0,30,669,1,2,68.0,300.0,0.008830200000000002,0.008277399999999999,0.0088366,2,3,78.0,170.33333333333334,0.17382704999999998,0.173088025,0.17456607500000001,0.6666666666666666,1.0,0.5,0.9577464788732394
4792372,10.0,60.0,30,609,0,1,0.0,609.0,0.006433599999999999,0.005866,0.0077984,1,2,61.0,273.5,0.10562685000000001,0.10398097500000002,0.107272725,0.0,0.0,0.0,0.0
4793806,10.0,60.0,30,609,1,2,63.0,272.5,0.0051238,0.005033299999999999,0.0060159,1,2,66.0,271.0,0.11363175,0.11220732499999998,0.115056175,1.0,1.0,1.0,0.9545454545454546
4798549,10.0,60.0,30,661,2,3,65.5,176.0,0.0063737,0.006123399999999999,0.0070373,2,3,69.0,173.66666666666666,0.16476635,0.159415825,0.170116875,1.0,1.0,1.0,0.9494949494949495
4944723,10.0,60.0,30,650,2,2,83.0,241.0,0.0116385,0.011056500000000002,0.0124008,1,2,64.0,292.5,0.233778,0.23372485,0.23383115,0.6666666666666666,0.5,1.0,0.9538461538461539
4981908,10.0,60.0,30,251,0,1,0.0,251.0,0.0011293,0.0011192,0.0012217,0,1,0.0,251.0,0.0034922499999999997,0.003340125,0.003644375,nan,nan,nan,nan
5084249,10.0,60.0,30,600,0,1,0.0,600.0,0.0029168,0.0026941,0.0029539999999999996,0,1,0.0,600.0,0.010884550000000002,0.010545975,0.011223125000000002,nan,nan,nan,nan
5133027,10.0,60.0,30,628,2,2,64.5,248.5,0.0080278,0.006265399999999999,0.0093628,2,2,73.0,240.0,0.18283445,0.179845725,0.185823175,1.0,1.0,1.0,0.8897727272727273
5285957,10.0,60.0,30,387,0,1,0.0,387.0,0.0021128,0.0020389,0.0021726999999999996,0,1,0.0,387.0,0.023716449999999997,0.023640224999999997,0.023792675,nan,nan,nan,nan
5286334,10.0,60.0,30,342,0,1,0.0,342.0,0.0013947999999999999,0.001357,0.0023909,0,1,0.0,342.0,0.005599,0.0053856,0.0058124000000000006,nan,nan,nan,nan
5395622,10.0,60.0,30,231,0,1,0.0,231.0,0.0010755,0.0010558,0.0011428,0,1,0.0,231.0,0.02519745,0.024277425,0.026117475,nan,nan,nan,nan
5538668,10.0,60.0,30,617,0,1,0.0,617.0,0.0021278,0.0020759,0.0024944,0,1,0.0,617.0,0.0093432,0.0089134,0.009772999999999999,nan,nan,nan,nan
5670672,10.0,60.0,30,264,0,1,0.0,264.0,0.002807,0.0027695,0.0032519000000000003,1,2,61.0,101.0,0.0595411,0.0587766,0.0603056,0.0,0.0,0.0,0.0
5729758,10.0,60.0,30,253,0,1,0.0,253.0,0.0017807,0.0015368,0.0019525999999999999,0,1,0.0,253.0,0.00393575,0.003747875,0.004123625,nan,nan,nan,nan
5763820,10.0,60.0,30,989,2,2,259.0,234.5,0.0482501,0.0471706,0.0515518,0,1,0.0,989.0,0.45273434999999995,0.450559675,0.454909025,0.0,0.0,0.0,0.0
5917923,10.0,60.0,30,272,0,1,0.0,272.0,0.0018482000000000001,0.0016945999999999999,0.0028466999999999998,0,1,0.0,272.0,0.0044741,0.00430655,0.00464165,nan,nan,nan,nan
5936666,10.0,60.0,30,602,0,1,0.0,602.0,0.0045093,0.0034428,0.0046731,0,1,0.0,602.0,0.008752600000000001,0.00869215,0.008813050000000001,nan,nan,nan,nan
6014730,10.0,60.0,30,219,0,1,0.0,219.0,0.0013862,0.0010742,0.0014823,0,1,0.0,219.0,0.00329625,0.0031984750000000005,0.003394025,nan,nan,nan,nan
6051512,10.0,60.0,30,601,0,1,0.0,601.0,0.0046298,0.0036215000000000006,0.0051059,0,1,0.0,601.0,0.0331949,0.0317658,0.034624,nan,nan,nan,nan
6053686,10.0,60.0,30,602,0,1,0.0,602.0,0.0050722,0.0044491999999999995,0.0051906,0,1,0.0,602.0,0.009394599999999998,0.00920995,0.00957925,nan,nan,nan,nan
6171971,10.0,60.0,30,372,0,1,0.0,372.0,0.0025443,0.0024851,0.0027578000000000004,0,1,0.0,372.0,0.026419999999999996,0.026126349999999996,0.026713650000000002,nan,nan,nan,nan
6172561,10.0,60.0,30,239,0,1,0.0,239.0,0.0013525999999999998,0.0013229000000000001,0.0015783,0,1,0.0,239.0,0.009755350000000001,0.008984325,0.010526375,nan,nan,nan,nan
6357847,10.0,60.0,30,716,2,3,75.5,187.66666666666666,0.0076628,0.0076371,0.0092601,2,3,77.5,186.33333333333334,0.26367205,0.263566425,0.263777675,1.0,1.0,1.0,0.9737998647734956
6358495,10.0,60.0,30,308,0,1,0.0,308.0,0.0019278,0.0016003,0.0021599,0,1,0.0,308.0,0.0066031,0.006365549999999999,0.006840649999999999,nan,nan,nan,nan
6422329,10.0,60.0,30,269,0,1,0.0,269.0,0.0015371,0.0014597,0.0015495,0,1,0.0,269.0,0.0043587,0.0042486500000000005,0.0044687500000000005,nan,nan,nan,nan
6547817,10.0,60.0,30,320,0,1,0.0,320.0,0.0028679,0.0024448,0.0030694,0,1,0.0,320.0,0.025420349999999998,0.024026625,0.026814074999999996,nan,nan,nan,nan
6547822,10.0,60.0,30,341,0,1,0.0,341.0,0.0032776999999999997,0.00296,0.0037116999999999996,0,1,0.0,341.0,0.08766339999999999,0.0836995,0.0916273,nan,nan,nan,nan
6756778,10.0,60.0,30,498,0,1,0.0,498.0,0.004237899999999999,0.0035506,0.0055387,0,1,0.0,498.0,0.06147384999999999,0.059446225,0.06350147499999999,nan,nan,nan,nan
6896919,10.0,60.0,30,619,0,1,0.0,619.0,0.0062543,0.0052803,0.0068812,0,1,0.0,619.0,0.055100550000000005,0.054211325,0.055989775,nan,nan,nan,nan
6920600,10.0,60.0,30,225,0,1,0.0,225.0,0.0010283,0.0010177,0.0010289000000000001,0,1,0.0,225.0,0.0036014,0.00332965,0.0038731499999999997,nan,nan,nan,nan
6922501,10.0,60.0,30,273,0,1,0.0,273.0,0.0019222,0.0015546,0.0023765,0,1,0.0,273.0,0.035302150000000004,0.034103375,0.036500925000000004,nan,nan,nan,nan
6922622,10.0,60.0,30,453,0,1,0.0,453.0,0.0045211999999999995,0.003932000000000001,0.0046463,0,1,0.0,453.0,0.0092692,0.0091467,0.009391700000000001,nan,nan,nan,nan
6941418,10.0,60.0,30,282,0,1,0.0,282.0,0.0019709000000000003,0.0016882,0.0020981,0,1,0.0,282.0,0.026704150000000003,0.026490625,0.026917675,nan,nan,nan,nan
6984632,10.0,60.0,30,617,0,1,0.0,617.0,0.0048993000000000005,0.0047171999999999995,0.0050163000000000004,0,1,0.0,617.0,0.04532134999999999,0.044767475,0.04587522499999999,nan,nan,nan,nan
7555066,10.0,60.0,30,339,0,1,0.0,339.0,0.0031154,0.0022528,0.0031366999999999996,0,1,0.0,339.0,0.0055388500000000005,0.005123824999999999,0.005953875,nan,nan,nan,nan
7557391,10.0,60.0,30,302,0,1,0.0,302.0,0.0022356999999999998,0.0019253,0.0022567,0,1,0.0,302.0,0.0042819500000000005,0.004056875,0.0045070250000000004,nan,nan,nan,nan
7563440,10.0,60.0,30,591,0,1,0.0,591.0,0.0043069,0.0031433000000000003,0.0046746999999999995,0,1,0.0,591.0,0.0092068,0.008932200000000001,0.0094814,nan,nan,nan,nan
7564587,10.0,60.0,30,242,0,1,0.0,242.0,0.0017727,0.0014640999999999999,0.0019265,0,1,0.0,242.0,0.03667385,0.036041775,0.037305925,nan,nan,nan,nan
7583768,10.0,60.0,30,236,0,1,0.0,236.0,0.002168,0.0020949000000000002,0.0026086,0,1,0.0,236.0,0.049249299999999996,0.049237699999999995,0.0492609,nan,nan,nan,nan
7598344,10.0,60.0,30,219,0,1,0.0,219.0,0.0009545,0.0009482000000000001,0.0009567000000000001,0,1,0.0,219.0,0.0037539,0.00366915,0.00383865,nan,nan,nan,nan
7613495,10.0,60.0,30,612,0,1,0.0,612.0,0.006403600000000001,0.005024600000000001,0.0065265,0,1,0.0,612.0,0.0312015,0.03027675,0.03212625,nan,nan,nan,nan
7613518,10.0,60.0,30,285,0,1,0.0,285.0,0.0019665999999999998,0.0018126,0.0020164000000000002,0,1,0.0,285.0,0.04826645,0.04735312500000001,0.049179775,nan,nan,nan,nan
7613731,10.0,60.0,30,271,0,1,0.0,271.0,0.002031,0.0018336,0.002321,0,1,0.0,271.0,0.026404599999999997,0.026389300000000004,0.026419899999999996,nan,nan,nan,nan
7691124,10.0,60.0,30,255,0,1,0.0,255.0,0.0023054,0.001726,0.0025341,0,1,0.0,255.0,0.059489,0.057953899999999996,0.0610241,nan,nan,nan,nan
7691163,10.0,60.0,30,301,0,1,0.0,301.0,0.0029808,0.0025715000000000004,0.0033371,0,1,0.0,301.0,0.0352405,0.03508185,0.035399150000000004,nan,nan,nan,nan
7691232,10.0,60.0,30,601,0,1,0.0,601.0,0.0033230000000000004,0.0028198,0.0035876999999999997,0,1,0.0,601.0,0.0126036,0.01234465,0.012862549999999999,nan,nan,nan,nan
7691423,10.0,60.0,30,303,0,1,0.0,303.0,0.0026937,0.0023626999999999997,0.0027078000000000002,0,1,0.0,303.0,0.0329463,0.032857,0.0330356,nan,nan,nan,nan
7691435,10.0,60.0,30,343,0,1,0.0,343.0,0.0026260999999999997,0.0023209000000000003,0.0027727,0,1,0.0,343.0,0.005155299999999999,0.0049099999999999994,0.005400599999999999,nan,nan,nan,nan
7691520,10.0,60.0,30,608,0,1,0.0,608.0,0.0057969,0.0049056,0.0076796,0,1,0.0,608.0,0.0460777,0.0460394,0.046116,nan,nan,nan,nan
7691542,10.0,60.0,30,368,0,1,0.0,368.0,0.003361,0.0032720999999999996,0.0036955,1,2,61.0,153.0,0.04612670000000001,0.0456831,0.0465703,0.0,0.0,0.0,0.0
7691885,10.0,60.0,30,251,0,1,0.0,251.0,0.0016668,0.0015396,0.0019084,0,1,0.0,251.0,0.03478845,0.032861375,0.036715525,nan,nan,nan,nan
7691909,10.0,60.0,30,624,0,1,0.0,624.0,0.0056061,0.0055111000000000005,0.006775,0,1,0.0,624.0,0.03927485,0.038610375,0.039939325000000005,nan,nan,nan,nan
7795968,10.0,60.0,30,252,0,1,0.0,252.0,0.0015180999999999999,0.0015044000000000001,0.0015321,0,1,0.0,252.0,0.0390314,0.038216349999999996,0.039846450000000005,nan,nan,nan,nan
7797310,10.0,60.0,30,601,0,1,0.0,601.0,0.0022646999999999997,0.0020241,0.0029111,0,1,0.0,601.0,0.007937050000000001,0.007656775,0.008217325000000001,nan,nan,nan,nan
7799046,10.0,60.0,30,454,0,1,0.0,454.0,0.0027251,0.0027103,0.0036201,0,1,0.0,454.0,0.007406350000000001,0.006898874999999999,0.007913825,nan,nan,nan,nan
7799135,10.0,60.0,30,329,0,1,0.0,329.0,0.0022697,0.001882,0.0024646,0,1,0.0,329.0,0.014263950000000003,0.013657175,0.014870725,nan,nan,nan,nan
7799180,10.0,60.0,30,645,0,1,0.0,645.0,0.0057738,0.005283100000000001,0.006579300000000001,0,1,0.0,645.0,0.15783515,0.15772482499999999,0.157945475,nan,nan,nan,nan
7799209,10.0,60.0,30,525,0,1,0.0,525.0,0.0034045,0.0032634,0.0036444,0,1,0.0,525.0,0.009125999999999999,0.00883075,0.00942125,nan,nan,nan,nan
7799211,10.0,60.0,30,232,0,1,0.0,232.0,0.0018591999999999999,0.0016797000000000001,0.0023579,0,1,0.0,232.0,0.0516309,0.05028060000000001,0.0529812,nan,nan,nan,nan
7799420,10.0,60.0,30,317,0,1,0.0,317.0,0.0019126000000000002,0.001795,0.0019270000000000003,0,1,0.0,317.0,0.0176061,0.017340199999999997,0.017872,nan,nan,nan,nan
7799507,10.0,60.0,30,310,0,1,0.0,310.0,0.0031683,0.0031493000000000003,0.0031788999999999997,1,1,107.0,202.0,0.10412525,0.10159812499999998,0.106652375,0.0,0.0,0.0,0.0
7852277,10.0,60.0,30,247,0,1,0.0,247.0,0.0021,0.0020885,0.0023984,0,1,0.0,247.0,0.032994699999999995,0.032939699999999995,0.033049699999999994,nan,nan,nan,nan
7852403,10.0,60.0,30,290,0,1,0.0,290.0,0.0018143,0.0016512,0.002151,0,1,0.0,290.0,0.0044073,0.0040819,0.004732700000000001,nan,nan,nan,nan
7852411,10.0,60.0,30,607,0,1,0.0,607.0,0.0039409,0.0038921,0.0045643,0,1,0.0,607.0,0.055293350000000005,0.054141325000000004,0.056445375000000006,nan,nan,nan,nan
7852420,10.0,60.0,30,606,0,1,0.0,606.0,0.0037652,0.0037505999999999998,0.004360800000000001,0,1,0.0,606.0,0.038032300000000005,0.036581550000000004,0.039483050000000006,nan,nan,nan,nan
7852422,10.0,60.0,30,216,0,1,0.0,216.0,0.0012874000000000002,0.0012116,0.0015225999999999998,0,1,0.0,216.0,0.0039613,0.0037720500000000007,0.00415055,nan,nan,nan,nan
7852445,10.0,60.0,30,307,0,1,0.0,307.0,0.0021573,0.0021045,0.0026511,0,1,0.0,307.0,0.012544049999999998,0.011911674999999998,0.013176424999999999,nan,nan,nan,nan
7852451,10.0,60.0,30,314,0,1,0.0,314.0,0.0029692,0.0022992,0.0031403000000000004,0,1,0.0,314.0,0.039341650000000006,0.038700825,0.039982475,nan,nan,nan,nan
8354596,10.0,60.0,30,385,0,1,0.0,385.0,0.001408,0.001378,0.001415,0,1,0.0,385.0,0.006167649999999999,0.005899425,0.006435875,nan,nan,nan,nan
10752853,15.0,10.0,5,615,1,2,50.0,282.0,0.0031536999999999997,0.0028458000000000003,0.0037524,5,6,13.2,90.66666666666667,0.1271708,0.1270433,0.1272983,0.0,0.0,0.0,0.0
10752864,15.0,10.0,5,232,6,6,21.0,16.666666666666668,0.0024706,0.0019604,0.0028409,9,9,15.11111111111111,9.666666666666666,0.1670035,0.16306275,0.17094425,0.6666666666666667,0.8333333333333334,0.5555555555555556,0.90609243697479
10752951,15.0,10.0,5,610,0,1,0.0,610.0,0.0033066999999999997,0.0032273000000000002,0.0036405,3,4,12.0,142.75,0.044352550000000004,0.044087175000000006,0.044617925,0.0,0.0,0.0,0.0
10892045,15.0,10.0,5,323,6,5,26.833333333333332,31.2,0.0033031999999999996,0.0030185,0.0036321,8,6,18.75,27.5,0.15196144999999997,0.15065722499999998,0.153265675,0.5714285714285715,0.6666666666666666,0.5,0.9416634012539186
10934834,15.0,10.0,5,242,3,3,19.0,60.666666666666664,0.0014065,0.0013919000000000002,0.0014437,7,7,19.0,14.571428571428571,0.1238631,0.12187390000000001,0.1258523,0.4,0.6666666666666666,0.2857142857142857,0.9189189189189189
10934933,15.0,10.0,5,423,9,9,19.444444444444443,26.555555555555557,0.0040003,0.0038763,0.0043698,10,10,20.7,20.6,0.2018117,0.20126109999999997,0.2023623,0.8421052631578948,0.8888888888888888,0.8,0.8472161606578116
10935081,15.0,10.0,5,278,4,4,26.5,42.0,0.0020905,0.0019587,0.0024229,7,7,18.428571428571427,20.285714285714285,0.14180905,0.136134925,0.14748317499999997,0.36363636363636365,0.5,0.2857142857142857,0.7939189189189189
10935136,15.0,10.0,5,308,3,2,24.666666666666668,115.5,0.0030793,0.0029249000000000002,0.0032424,8,8,14.375,23.125,0.1314939,0.12466695,0.13832084999999997,0.36363636363636365,0.6666666666666666,0.25,0.8388888888888888
10935148,15.0,10.0,5,237,4,3,51.0,9.666666666666666,0.004124399999999999,0.0036068000000000003,0.0047105,9,5,15.333333333333334,18.0,0.15115895,0.14905492499999998,0.153262975,0.30769230769230765,0.5,0.2222222222222222,0.7394957983193278
10935358,15.0,10.0,5,636,10,9,26.7,39.888888888888886,0.0077148,0.005143699999999999,0.0079022,13,14,14.0,31.5,0.37404955,0.3591996250000001,0.388899475,0.34782608695652173,0.4,0.3076923076923077,0.894047619047619
10935638,15.0,10.0,5,228,2,1,12.5,201.0,0.0012579000000000002,0.0011953,0.0014647,7,7,12.571428571428571,19.0,0.09848739999999999,0.0975179,0.0994569,0.22222222222222224,0.5,0.14285714285714285,1.0
10935844,15.0,10.0,5,607,2,3,18.0,189.66666666666666,0.0028761,0.0027746999999999997,0.004038399999999999,2,3,20.5,188.0,0.057103049999999995,0.056521625,0.057684475,1.0,1.0,1.0,0.8558201058201058
10969051,15.0,10.0,5,601,0,1,0.0,601.0,0.0026659,0.0022900999999999998,0.0034434,3,3,11.666666666666666,187.66666666666666,0.05173775,0.049861825000000005,0.05361367499999999,0.0,0.0,0.0,0.0
11058912,15.0,10.0,5,601,1,2,20.0,290.0,0.003836,0.0032889,0.0043878,3,3,21.0,178.33333333333334,0.082771,0.08136315,0.08417885,0.5,1.0,0.3333333333333333,0.7407407407407407
11071635,15.0,10.0,5,423,6,6,23.666666666666668,45.833333333333336,0.003234,0.0030531,0.0033045,12,11,16.416666666666668,19.454545454545453,0.17515234999999998,0.17351532499999997,0.176789375,0.5555555555555556,0.8333333333333334,0.4166666666666667,0.895351707116413
11071677,15.0,10.0,5,459,7,7,24.428571428571427,40.142857142857146,0.0039349,0.0036631,0.0057301999999999995,10,9,20.2,27.444444444444443,0.1842472,0.18348355,0.18501085,0.7058823529411764,0.8571428571428571,0.6,0.8247379376689722
11071727,15.0,10.0,5,411,3,3,13.0,123.0,0.0023688000000000003,0.0022340999999999997,0.0025194,5,5,14.8,66.4,0.1013486,0.10072825,0.10196895,0.7499999999999999,1.0,0.6,0.882051282051282
11071733,15.0,10.0,5,257,5,4,19.0,39.25,0.0028334000000000002,0.002788,0.003515,7,6,17.857142857142858,20.833333333333332,0.12475130000000001,0.12266065,0.12684195,0.6666666666666666,0.8,0.5714285714285714,0.808974358974359
11071965,15.0,10.0,5,535,6,6,30.666666666666668,57.5,0.0047618999999999995,0.0045737,0.005479899999999999,14,13,15.857142857142858,23.0,0.21776255,0.217376725,0.218148375,0.4,0.6666666666666666,0.2857142857142857,0.7144097222222222
11092058,15.0,10.0,5,446,7,7,23.0,39.714285714285715,0.0030099000000000002,0.0029237,0.0030166999999999998,8,8,18.875,35.875,0.18771725,0.18089217500000002,0.19454232500000002,0.6666666666666666,0.7142857142857143,0.625,0.822972334682861
11092072,15.0,10.0,5,247,1,1,18.0,228.0,0.0019293,0.0015739,0.0019982999999999997,6,6,12.166666666666666,28.0,0.07036499999999998,0.06750455,0.07322545,0.2857142857142857,1.0,0.16666666666666666,0.9473684210526315
4300268,15.0,10.0,5,961,11,10,63.27272727272727,25.4,0.042084,0.0400043,0.042611699999999995,14,13,41.285714285714285,28.384615384615383,0.60591025,0.5889310750000001,0.6228894249999999,0.4799999999999999,0.5454545454545454,0.42857142857142855,0.7837802629469296
4303167,15.0,10.0,5,610,7,8,28.714285714285715,50.25,0.0069011,0.0061492,0.0073973,8,9,18.25,50.666666666666664,0.19691280000000003,0.1964948,0.19733079999999997,0.5333333333333333,0.5714285714285714,0.5,0.8437911725955205
4303201,15.0,10.0,5,600,5,5,14.8,104.2,0.0040759,0.0037688,0.0042265,11,11,13.909090909090908,39.63636363636363,0.2194249,0.21739855,0.22145125,0.625,1.0,0.45454545454545453,0.8457007904376326
4326816,15.0,10.0,5,606,10,10,30.1,29.5,0.0061687,0.0047707,0.0063707,6,7,16.833333333333332,71.28571428571429,0.30746825,0.306841425,0.308095075,0.37499999999999994,0.3,0.5,0.7037037037037037
4453473,15.0,10.0,5,610,4,5,35.5,92.8,0.0046316000000000005,0.0044095,0.00616,6,7,17.0,71.71428571428571,0.1336382,0.13338345000000001,0.13389295,0.4,0.5,0.3333333333333333,0.7954545454545454
4636267,15.0,10.0,5,624,10,11,32.0,26.727272727272727,0.0074035,0.0067908000000000005,0.009746,17,16,13.117647058823529,24.0,0.33324570000000003,0.3324976,0.33399380000000006,0.29629629629629634,0.4,0.23529411764705882,0.7420700214817861
4652239,15.0,10.0,5,601,8,8,33.25,40.875,0.0051765,0.004629100000000001,0.0058794,13,13,13.076923076923077,32.15384615384615,0.2667515,0.2628595,0.2706435,0.1904761904761905,0.25,0.15384615384615385,0.9179566563467492
4660369,15.0,10.0,5,640,6,7,30.5,64.42857142857143,0.0061576999999999995,0.005561,0.0063685,8,8,19.375,59.625,0.24989144999999996,0.24372052499999997,0.256062375,0.28571428571428575,0.3333333333333333,0.25,0.7094202898550726
4748312,15.0,10.0,5,624,10,10,28.4,33.0,0.006599600000000001,0.0059922,0.006803,13,14,14.23076923076923,30.428571428571427,0.30356934999999996,0.302588425,0.30455027500000004,0.4347826086956522,0.5,0.38461538461538464,0.7928068663362782
4748313,15.0,10.0,5,770,6,7,65.5,53.0,0.0168732,0.015546600000000002,0.0168797,11,12,28.636363636363637,37.0,0.39260589999999995,0.3925227,0.39268909999999996,0.23529411764705885,0.3333333333333333,0.18181818181818182,0.8500000000000001
4779685,15.0,10.0,5,669,8,9,43.0,35.22222222222222,0.0087942,0.0087908,0.0113228,17,16,16.41176470588235,23.3125,0.4174339,0.41722170000000003,0.41764609999999996,0.31999999999999995,0.5,0.23529411764705882,0.7904040404040404
4792372,15.0,10.0,5,609,9,8,29.444444444444443,41.875,0.006474199999999999,0.0059065,0.0069502,12,12,16.666666666666668,33.083333333333336,0.3035934,0.29377715000000004,0.3134096500000001,0.4761904761904762,0.5555555555555556,0.4166666666666667,0.7997176411794104
4793806,15.0,10.0,5,609,6,7,37.5,54.0,0.0074023,0.0073641999999999996,0.0080045,9,9,12.666666666666666,54.0,0.26644915,0.265580075,0.26731822499999996,0.26666666666666666,0.3333333333333333,0.2222222222222222,0.7267080745341614
4798549,15.0,10.0,5,661,8,8,36.25,45.375,0.0080707,0.0069022,0.0082459,14,14,18.142857142857142,28.071428571428573,0.3900536,0.3871897,0.3929174999999999,0.36363636363636365,0.5,0.2857142857142857,0.7168516660395502
4944723,15.0,10.0,5,650,8,7,55.875,27.857142857142858,0.011079799999999999,0.0106217,0.0129847,12,12,17.916666666666668,35.25,0.40219174999999996,0.401815325,0.4025681749999999,0.3,0.375,0.25,0.7072791482184272
4981908,15.0,10.0,5,251,3,3,17.0,65.66666666666667,0.00124,0.0012266,0.0013073,4,4,16.25,45.5,0.10201095,0.07946002499999999,0.124561875,0.8571428571428571,1.0,0.75,0.9277777777777777
5084249,15.0,10.0,5,600,1,2,12.0,293.5,0.0029296,0.0028194,0.0032686999999999994,6,7,14.166666666666666,72.71428571428571,0.16989265,0.169234275,0.170551025,0.2857142857142857,1.0,0.16666666666666666,0.8571428571428571
5133027,15.0,10.0,5,628,5,5,63.4,61.2,0.0093469,0.0086706,0.0100949,17,18,15.235294117647058,19.555555555555557,0.36323255,0.353596625,0.37286847500000003,0.1818181818181818,0.4,0.11764705882352941,0.5423076923076924
5285957,15.0,10.0,5,387,3,2,24.666666666666668,155.0,0.0037664000000000005,0.003718,0.0038729000000000003,8,7,15.375,36.57142857142857,0.24298965000000003,0.23605842500000002,0.249920875,0.36363636363636365,0.6666666666666666,0.25,0.9782608695652174
5286334,15.0,10.0,5,342,1,1,20.0,321.0,0.0019675,0.001867,0.0032808000000000004,1,1,11.0,330.0,0.05764695,0.056704525,0.058589375,1.0,1.0,1.0,0.55
5395622,15.0,10.0,5,231,3,3,22.666666666666668,53.333333333333336,0.002192,0.0021812,0.0022178000000000002,3,3,24.333333333333332,51.666666666666664,0.06412749999999999,0.0632138,0.0650412,1.0,1.0,1.0,0.943355119825708
5538668,15.0,10.0,5,617,0,1,0.0,617.0,0.0032688,0.0027989,0.003602,1,2,13.0,301.5,0.033868,0.03351915000000001,0.03421685,0.0,0.0,0.0,0.0
5670672,15.0,10.0,5,264,3,2,76.0,16.5,0.0059609,0.0055254,0.0064077,4,5,17.5,38.0,0.17491525,0.173069225,0.176761275,0.0,0.0,0.0,0.0
5729758,15.0,10.0,5,253,4,4,20.75,41.5,0.0031616,0.0024923000000000002,0.0033995,7,7,14.428571428571429,20.714285714285715,0.11442379999999999,0.1139355,0.11491209999999999,0.7272727272727273,1.0,0.5714285714285714,0.7628732174688058
5763820,15.0,10.0,5,989,5,4,127.4,86.75,0.035103800000000004,0.0344726,0.035631,10,11,51.3,42.36363636363637,0.55023865,0.548434375,0.552042925,0.26666666666666666,0.4,0.2,0.7317422161172161
5917923,15.0,10.0,5,272,1,2,19.0,126.0,0.0022253000000000004,0.0020411,0.00239,3,4,17.333333333333332,54.25,0.10260330000000001,0.10241879999999999,0.10278780000000001,0.0,0.0,0.0,0.0
5936666,15.0,10.0,5,602,7,8,20.714285714285715,56.25,0.0047649,0.0045705,0.0063086,11,12,16.0,34.583333333333336,0.2763233,0.27381145,0.27883515,0.5555555555555556,0.7142857142857143,0.45454545454545453,0.7747556365203424
6014730,15.0,10.0,5,219,2,2,16.5,92.0,0.0011534000000000002,0.0011504,0.0013024,3,3,15.333333333333334,56.666666666666664,0.03984855,0.038757824999999996,0.040939275000000004,0.8,1.0,0.6666666666666666,0.9428104575163399
6051512,15.0,10.0,5,601,3,4,41.0,118.75,0.0044474,0.004355,0.0045335,9,9,14.777777777777779,51.0,0.18894745000000002,0.188852975,0.18904192500000003,0.16666666666666666,0.3333333333333333,0.1111111111111111,0.7619047619047619
6053686,15.0,10.0,5,602,7,7,19.142857142857142,65.85714285714286,0.0039472,0.003875300000000001,0.003991099999999999,10,11,16.7,38.63636363636363,0.1940052,0.19081104999999998,0.19719935000000002,0.8235294117647058,1.0,0.7,0.7679593049340949
6171971,15.0,10.0,5,372,3,2,27.333333333333332,143.5,0.0033398,0.0025364000000000003,0.0034776,3,4,16.0,80.25,0.11161135000000001,0.110107575,0.113115125,0.0,0.0,0.0,0.0
6172561,15.0,10.0,5,239,5,4,21.0,32.25,0.0016167,0.001599,0.0016247,6,5,17.0,26.2,0.09673715000000001,0.09636257499999999,0.09711172500000001,0.7272727272727272,0.8,0.6666666666666666,0.9476190476190476
6357847,15.0,10.0,5,716,10,10,44.2,26.4,0.0089479,0.008712899999999999,0.0093228,5,6,12.8,107.83333333333333,0.3466215,0.34412785,0.34911515,0.13333333333333333,0.1,0.2,0.85
6358495,15.0,10.0,5,308,3,2,29.666666666666668,108.0,0.0018604000000000001,0.0017860999999999999,0.002325,3,3,16.666666666666668,85.0,0.07875955,0.077134425,0.08038467500000002,0.3333333333333333,0.3333333333333333,0.3333333333333333,0.9523809523809523
6422329,15.0,10.0,5,269,3,3,18.0,70.66666666666667,0.0017911,0.0017587,0.0019171,6,5,14.666666666666666,35.0,0.1728833,0.16781420000000002,0.17795239999999998,0.6666666666666666,1.0,0.5,0.7548148148148148
6547817,15.0,10.0,5,320,6,6,20.0,32.333333333333336,0.0024067,0.0023937,0.0024137,11,10,15.0,14.4,0.15751365000000003,0.156911925,0.158115375,0.4705882352941177,0.6666666666666666,0.36363636363636365,0.8034304511278194
6547822,15.0,10.0,5,341,6,6,35.5,20.333333333333332,0.0042331999999999995,0.0036106,0.0043387,9,9,19.666666666666668,17.22222222222222,0.2175571,0.2175237,0.21759049999999996,0.5333333333333333,0.6666666666666666,0.4444444444444444,0.7401785714285714
6756778,15.0,10.0,5,498,8,8,35.625,25.625,0.0047168999999999996,0.0044166000000000006,0.0053878,10,8,14.3,43.125,0.28733434999999996,0.282118925,0.29254977499999996,0.22222222222222224,0.25,0.2,0.8187830687830688
6896919,15.0,10.0,5,619,5,6,28.6,78.5,0.004958,0.0043839,0.0053529,13,14,16.153846153846153,28.285714285714285,0.21121875000000004,0.210719075,0.211718425,0.33333333333333337,0.6,0.23076923076923078,0.8477268439916997
6920600,15.0,10.0,5,225,1,2,17.0,103.5,0.0011847000000000001,0.0010767,0.0013403,4,5,15.25,32.0,0.0510797,0.05002995,0.052129449999999994,0.4,1.0,0.25,0.7727272727272727
6922501,15.0,10.0,5,273,5,4,23.6,37.5,0.0016378,0.0016115,0.0016952,6,6,17.5,27.0,0.1001977,0.1000476,0.10034779999999999,0.7272727272727272,0.8,0.6666666666666666,0.7919829222011385
6922622,15.0,10.0,5,453,4,4,33.5,78.75,0.0037662,0.003403,0.0044907,10,9,15.1,32.44444444444444,0.19227185,0.19054167500000002,0.19400202500000002,0.4285714285714285,0.75,0.3,0.7872463768115942
6941418,15.0,10.0,5,282,3,3,26.666666666666668,66.33333333333333,0.002323,0.0020071,0.0027365,4,4,20.25,49.25,0.1275436,0.12742075,0.12766645,0.5714285714285715,0.6666666666666666,0.5,0.8634453781512605
6984632,15.0,10.0,5,617,3,4,24.333333333333332,135.25,0.0038606,0.0037289000000000007,0.0044452,7,8,16.714285714285715,61.625,0.13007385000000002,0.12767042499999998,0.13247727500000003,0.4,0.6666666666666666,0.2857142857142857,0.7927350427350428
7555066,15.0,10.0,5,339,5,5,15.4,51.4,0.0021985999999999998,0.001953,0.0023763,6,7,14.0,35.57142857142857,0.110349,0.1101428,0.11055519999999998,0.7272727272727272,0.8,0.6666666666666666,0.8349389097744362
7557391,15.0,10.0,5,302,2,2,14.0,136.0,0.0014900999999999998,0.00149,0.0018017,4,4,14.25,60.25,0.05909465,0.058378075,0.059811225,0.6666666666666666,1.0,0.5,0.9333333333333333
7563440,15.0,10.0,5,591,5,5,19.2,98.0,0.003914,0.0036211,0.0045049,14,14,15.214285714285714,26.0,0.19048534999999997,0.18727982499999998,0.193690875,0.5263157894736842,1.0,0.35714285714285715,0.7695381912773217
7564587,15.0,10.0,5,242,3,3,27.666666666666668,52.0,0.0027402,0.0026258,0.0027964,6,6,15.5,23.833333333333332,0.09485745,0.094732675,0.094982225,0.4444444444444444,0.6666666666666666,0.3333333333333333,0.8867521367521367
7583768,15.0,10.0,5,236,3,3,29.0,48.666666666666664,0.0014808,0.0014636,0.0015216,7,5,13.285714285714286,27.2,0.0887236,0.08820539999999999,0.0892418,0.4,0.6666666666666666,0.2857142857142857,0.7408585055643879
7598344,15.0,10.0,5,219,3,3,14.0,58.0,0.0022175999999999997,0.0022024,0.0022674,4,3,18.75,46.666666666666664,0.05921875,0.059128574999999996,0.059308925,0.8571428571428571,1.0,0.75,0.7735632183908047
7613495,15.0,10.0,5,612,8,9,22.625,47.0,0.0043993999999999995,0.0042421,0.0049497,15,15,16.066666666666666,23.733333333333334,0.3410715000000001,0.33720935,0.34493365,0.5217391304347827,0.75,0.4,0.7076218534551869
7613518,15.0,10.0,5,285,4,4,29.75,40.5,0.0022936999999999996,0.0022507,0.0023538,9,8,14.88888888888889,17.75,0.12937455,0.12827597500000001,0.13047312500000002,0.15384615384615383,0.25,0.1111111111111111,0.918918918918919
7613731,15.0,10.0,5,271,4,3,23.0,58.333333333333336,0.0025564,0.0018852,0.0027249,5,5,18.8,34.4,0.0949475,0.09487535000000001,0.09501965,0.888888888888889,1.0,0.8,0.7197159565580619
7691124,15.0,10.0,5,255,5,5,24.8,25.2,0.0028055,0.0026102,0.0033591999999999997,5,4,15.4,43.25,0.1245458,0.12307870000000001,0.1260129,0.4000000000000001,0.4,0.4,0.8666666666666667
7691163,15.0,10.0,5,301,7,6,24.142857142857142,20.833333333333332,0.0025759,0.0024221999999999994,0.0026761,7,7,21.285714285714285,20.714285714285715,0.1384205,0.13834005,0.13850095,1.0,1.0,1.0,0.7806572629051621
7691232,15.0,10.0,5,601,1,1,17.0,583.0,0.002567,0.0024097,0.0026569000000000002,1,1,19.0,581.0,0.023123650000000003,0.022462774999999997,0.023784525,1.0,1.0,1.0,0.8947368421052632
7691423,15.0,10.0,5,303,3,3,28.0,72.0,0.0033902,0.0030499,0.0034316000000000004,6,5,18.833333333333332,36.8,0.10109729999999999,0.1007055,0.10148909999999998,0.4444444444444444,0.6666666666666666,0.3333333333333333,0.7583333333333333
7691435,15.0,10.0,5,343,3,3,15.333333333333334,98.0,0.0018279,0.0016428,0.0019839000000000002,3,3,17.666666666666668,95.66666666666667,0.06567635,0.064590025,0.066762675,1.0,1.0,1.0,0.8692810457516339
7691520,15.0,10.0,5,608,4,5,54.5,77.2,0.0081041,0.0071966999999999995,0.0083798,12,11,13.666666666666666,39.27272727272727,0.31052840000000004,0.30935115,0.31170564999999995,0.0,0.0,0.0,0.0
7691542,15.0,10.0,5,368,6,6,26.666666666666668,33.666666666666664,0.0045227,0.004466100000000001,0.0046721,10,8,16.5,24.125,0.17548965,0.17338492500000002,0.177594375,0.37499999999999994,0.5,0.3,0.8809523809523809
7691885,15.0,10.0,5,251,6,6,21.0,19.833333333333332,0.0027453,0.0023912,0.0029874000000000003,7,6,18.142857142857142,19.5,0.10614675,0.105628375,0.106665125,0.7692307692307692,0.8333333333333334,0.7142857142857143,0.7703778677462888
7691909,15.0,10.0,5,624,9,9,23.666666666666668,44.666666666666664,0.005283999999999999,0.004842,0.0064613,14,15,20.071428571428573,21.933333333333334,0.28568089999999996,0.28012,0.2912418,0.6956521739130435,0.8888888888888888,0.5714285714285714,0.778924541958541
7795968,15.0,10.0,5,252,2,2,33.5,91.5,0.0023696,0.0022332,0.0025565,4,3,13.75,64.33333333333333,0.06768625,0.06718802500000001,0.06818447500000001,0.3333333333333333,0.5,0.25,0.8333333333333334
7797310,15.0,10.0,5,601,1,2,20.0,290.0,0.0024481999999999998,0.0024241999999999996,0.0025889,2,3,18.5,187.33333333333334,0.03199095,0.031252375,0.032729524999999995,0.6666666666666666,1.0,0.5,0.7692307692307693
7799046,15.0,10.0,5,454,9,8,22.666666666666668,30.125,0.0043958999999999995,0.0042191,0.0055088,10,10,17.5,26.9,0.20135625,0.200710975,0.202001525,0.5263157894736842,0.5555555555555556,0.5,0.7816796661193213
7799135,15.0,10.0,5,329,4,4,21.25,60.0,0.0022002,0.0018267000000000003,0.002785,8,8,14.125,26.0,0.13350045000000002,0.131888875,0.135112025,0.3333333333333333,0.5,0.25,0.8823529411764706
7799180,15.0,10.0,5,645,10,10,32.4,31.1,0.0063019,0.0056257,0.007265,12,11,16.833333333333332,39.18181818181818,0.36055075,0.3577671250000001,0.363334375,0.45454545454545453,0.5,0.4166666666666667,0.8181513475631123
7799209,15.0,10.0,5,525,6,6,21.0,65.5,0.0035491999999999998,0.003188,0.0036257,9,9,19.555555555555557,37.77777777777778,0.18825115,0.187910425,0.188591875,0.6666666666666667,0.8333333333333334,0.5555555555555556,0.8401468097120273
7799211,15.0,10.0,5,232,3,3,32.333333333333336,44.0,0.0016184,0.0015750999999999999,0.0016248,7,5,15.714285714285714,23.0,0.10363204999999999,0.10302572499999998,0.104238375,0.4,0.6666666666666666,0.2857142857142857,0.7805555555555556
7799420,15.0,10.0,5,317,4,4,27.0,51.25,0.0020742,0.0019288,0.002951,9,8,15.11111111111111,21.5,0.14332475,0.143290475,0.143359025,0.30769230769230765,0.5,0.2222222222222222,0.7468805704099821
7799507,15.0,10.0,5,310,3,3,66.33333333333333,36.0,0.0052373,0.0049697,0.0053913,6,5,15.166666666666666,42.6,0.146372,0.14157845000000002,0.15116554999999998,0.4444444444444444,0.6666666666666666,0.3333333333333333,0.916083916083916
7852277,15.0,10.0,5,247,2,2,36.0,86.5,0.002815,0.0027830999999999997,0.0030045,2,3,22.0,67.0,0.08169265,0.08095807499999999,0.082427225,0.5,0.5,0.5,0.9032258064516129
7852403,15.0,10.0,5,290,4,4,19.5,52.0,0.0017227,0.0016842,0.002116,5,5,22.4,34.6,0.1422417,0.13566375,0.14881965000000003,0.888888888888889,1.0,0.8,0.8678977272727273
7852411,15.0,10.0,5,607,4,4,39.75,111.0,0.0048705,0.0047947,0.0050807,13,14,13.384615384615385,30.0,0.25492044999999997,0.246009175,0.26383172499999996,0.11764705882352941,0.25,0.07692307692307693,0.8125
7852420,15.0,10.0,5,606,5,6,26.8,77.83333333333333,0.0043641,0.0041649,0.0048506,11,12,17.0,34.0,0.2543254,0.25279694999999996,0.25585385,0.5000000000000001,0.8,0.36363636363636365,0.7662437720533672
7852422,15.0,10.0,5,216,3,3,23.0,48.0,0.0013302000000000001,0.0013067,0.0018102000000000003,4,4,22.5,30.5,0.07980475,0.07952152500000001,0.080087975,0.8571428571428571,1.0,0.75,0.8689594356261022
7852445,15.0,10.0,5,307,5,5,22.8,37.6,0.0036455,0.0021425,0.0042955,6,6,15.833333333333334,34.333333333333336,0.1470744,0.14592804999999998,0.14822075,0.3636363636363636,0.4,0.3333333333333333,0.8541666666666667
7852451,15.0,10.0,5,314,4,3,29.0,64.66666666666667,0.0025702000000000003,0.002501,0.0025803000000000006,7,8,16.0,24.375,0.18833670000000005,0.18797895,0.18869445,0.36363636363636365,0.5,0.2857142857142857,0.7579710144927536
8354596,15.0,10.0,5,385,0,1,0.0,385.0,0.0016879,0.0015839,0.0021842,0,1,0.0,385.0,0.01133205,0.011011075,0.011653025,nan,nan,nan,nan
10752853,15.0,15.0,8,615,1,2,50.0,282.0,0.0028099,0.0027988999999999996,0.0034462,2,2,21.5,285.0,0.0483292,0.04761525,0.04904315,0.0,0.0,0.0,0.0
10752864,15.0,15.0,8,232,4,4,24.25,32.75,0.0023841,0.002237,0.0026095,6,6,19.666666666666668,18.0,0.12689545,0.125773075,0.128017825,0.8,1.0,0.6666666666666666,0.8214126559714794
10752951,15.0,15.0,8,610,0,1,0.0,610.0,0.0023353000000000002,0.0021985999999999998,0.0026323,0,1,0.0,610.0,0.0084427,0.00801575,0.00886965,nan,nan,nan,nan
10892045,15.0,15.0,8,323,6,5,23.666666666666668,35.0,0.0024495999999999997,0.0022344,0.0030088000000000003,7,6,21.285714285714285,27.833333333333332,0.12363869999999999,0.12305495,0.12422245000000001,0.923076923076923,1.0,0.8571428571428571,0.8626388478475304
10934834,15.0,15.0,8,242,2,2,23.5,96.5,0.0018015,0.0015254,0.0020768,5,4,20.8,33.25,0.07700889999999999,0.0764775,0.0775403,0.5714285714285715,1.0,0.4,0.9558823529411764
10934933,15.0,15.0,8,423,6,6,22.0,47.5,0.0037463,0.0030689000000000003,0.0038512,7,7,23.428571428571427,36.0,0.16033525,0.157425775,0.163244725,0.923076923076923,1.0,0.8571428571428571,0.8957537954282621
10935081,15.0,15.0,8,278,4,4,26.5,42.0,0.0032468,0.0030602,0.0033081000000000004,4,4,28.25,40.25,0.09120474999999999,0.09055987499999998,0.091849625,1.0,1.0,1.0,0.9414690279294742
10935136,15.0,15.0,8,308,2,1,31.5,243.0,0.0019215,0.0018692000000000001,0.0024604,4,4,17.0,59.0,0.07808259999999999,0.07795275,0.07821245,0.3333333333333333,0.5,0.25,1.0
10935148,15.0,15.0,8,237,3,2,62.666666666666664,23.0,0.0045443,0.003948599999999999,0.0054928,4,4,18.25,40.0,0.15523185,0.151942975,0.158520725,0.28571428571428575,0.3333333333333333,0.25,0.7894736842105263
10935358,15.0,15.0,8,636,8,7,29.125,56.42857142857143,0.0063795,0.0057678,0.006755099999999999,7,7,24.428571428571427,65.42857142857143,0.27011779999999996,0.2667262,0.2735094,0.6666666666666666,0.625,0.7142857142857143,0.9295259952206096
10935638,15.0,15.0,8,228,1,1,15.0,212.0,0.0016527,0.0016095999999999999,0.0018987999999999998,3,2,17.0,87.0,0.0696164,0.06811565,0.07111714999999999,0.5,1.0,0.3333333333333333,1.0
10935844,15.0,15.0,8,607,1,2,25.0,290.5,0.0025577000000000004,0.0024413,0.0031950999999999998,1,2,27.0,289.5,0.034116150000000005,0.033876975000000004,0.034355325000000006,1.0,1.0,1.0,0.9259259259259259
10969051,15.0,15.0,8,601,0,1,0.0,601.0,0.0024025,0.0023865,0.0025636,1,2,28.0,286.0,0.026977849999999994,0.026789475,0.027166225,0.0,0.0,0.0,0.0
11058912,15.0,15.0,8,601,1,2,20.0,290.0,0.0029124,0.0028474,0.0031980999999999993,2,3,19.0,187.0,0.03869835,0.038669525,0.038727174999999996,0.6666666666666666,1.0,0.5,0.8695652173913043
11071635,15.0,15.0,8,423,5,5,26.0,57.6,0.0037874000000000002,0.0032408000000000003,0.0038499999999999997,6,6,20.166666666666668,49.333333333333336,0.1452434,0.13964485,0.15084194999999997,0.7272727272727272,0.8,0.6666666666666666,0.9031685137823244
11071677,15.0,15.0,8,459,4,5,31.0,66.2,0.0034369,0.0031720999999999997,0.0045805,7,7,22.857142857142858,41.714285714285715,0.14254584999999997,0.13856862499999997,0.14652307499999997,0.5454545454545454,0.75,0.42857142857142855,0.8927803379416283
11071727,15.0,15.0,8,411,1,1,16.0,394.0,0.0021092,0.0020332,0.0023945,3,3,15.333333333333334,120.66666666666667,0.046281600000000006,0.04556995,0.04699325000000001,0.5,1.0,0.3333333333333333,1.0
11071733,15.0,15.0,8,257,3,3,21.333333333333332,63.333333333333336,0.0015848,0.001533,0.0028192,2,2,27.5,100.0,0.09000455,0.08946307500000002,0.09054602499999999,0.8,0.6666666666666666,1.0,0.8723544973544974
11071965,15.0,15.0,8,535,6,6,30.666666666666668,57.5,0.004674,0.0043132,0.0048901000000000005,5,4,26.2,99.75,0.151118,0.14971545,0.15252054999999998,0.9090909090909091,0.8333333333333334,1.0,0.8019997212931995
11092058,15.0,15.0,8,446,5,5,26.4,61.8,0.003643,0.0032198,0.0043723,6,6,19.833333333333332,53.5,0.13578194999999998,0.13493467499999998,0.13662922499999997,0.5454545454545454,0.6,0.5,0.912962962962963
11092072,15.0,15.0,8,247,1,1,18.0,228.0,0.0013498,0.0013254,0.0014286,1,1,18.0,228.0,0.032888499999999994,0.032807899999999994,0.032969099999999994,1.0,1.0,1.0,1.0
4300268,15.0,15.0,8,961,10,11,66.2,26.272727272727273,0.042871900000000004,0.0425586,0.0446326,10,9,59.6,39.44444444444444,0.54282515,0.5388988250000001,0.5467514750000001,0.8000000000000002,0.8,0.8,0.8009968041218041
4303167,15.0,15.0,8,610,5,6,34.0,72.5,0.006261700000000001,0.0058888000000000005,0.0075878000000000004,6,7,23.166666666666668,66.42857142857143,0.1441933,0.14396655,0.14442005,0.5454545454545454,0.6,0.5,0.9273582600195504
4303201,15.0,15.0,8,600,2,3,19.0,186.66666666666666,0.0053901999999999995,0.0040084000000000005,0.0054563,4,5,23.0,100.8,0.14037165,0.13366397500000002,0.14707932499999998,0.6666666666666666,1.0,0.5,0.6785714285714286
4326816,15.0,15.0,8,606,10,10,29.5,30.1,0.0052756999999999995,0.0052395,0.0054372,8,8,25.5,49.25,0.22544875000000003,0.223548575,0.22734892499999998,0.888888888888889,0.8,1.0,0.80798987959028
4453473,15.0,15.0,8,610,3,4,42.0,120.25,0.0041231,0.0040372,0.0054642,3,4,25.333333333333332,132.75,0.10615865,0.104298125,0.10801917500000001,0.6666666666666666,0.6666666666666666,0.6666666666666666,0.7053513862024501
4636267,15.0,15.0,8,624,7,8,35.57142857142857,46.0,0.0061759,0.005424,0.0071571000000000004,6,7,22.166666666666668,69.28571428571429,0.27443130000000004,0.27149135,0.27737125,0.4615384615384615,0.42857142857142855,0.5,0.8933531746031745
4652239,15.0,15.0,8,601,7,7,33.57142857142857,51.285714285714285,0.0062465,0.004926600000000001,0.0062693,4,5,20.0,103.4,0.23768569999999997,0.23629485,0.23907655,0.36363636363636365,0.2857142857142857,0.5,0.9543650793650793
4660369,15.0,15.0,8,640,3,4,46.0,124.75,0.0062939,0.005946800000000001,0.006983199999999999,8,9,22.875,49.888888888888886,0.14194155,0.141855875,0.142027225,0.36363636363636365,0.6666666666666666,0.25,0.7266483516483516
4748312,15.0,15.0,8,624,6,7,38.666666666666664,55.142857142857146,0.007128300000000001,0.0064938999999999995,0.0073831999999999995,4,4,20.75,134.25,0.24374674999999998,0.24230807499999998,0.245185425,0.4,0.3333333333333333,0.5,0.8983333333333333
4748313,15.0,15.0,8,770,4,5,89.0,82.0,0.017238,0.0158809,0.018225099999999998,12,13,30.333333333333332,30.307692307692307,0.30776365,0.30746142500000007,0.308065875,0.25,0.5,0.16666666666666666,0.8923076923076922
4779685,15.0,15.0,8,669,6,7,50.833333333333336,51.142857142857146,0.0090717,0.0090005,0.0095864,10,11,21.8,40.09090909090909,0.33423585000000006,0.333540325,0.334931375,0.37499999999999994,0.5,0.3,0.714021164021164
4792372,15.0,15.0,8,609,7,7,32.857142857142854,53.142857142857146,0.0057303,0.0055918,0.0065809,8,9,28.125,41.77777777777778,0.22360259999999998,0.21963660000000002,0.22756859999999998,0.7999999999999999,0.8571428571428571,0.75,0.7313123491985282
4793806,15.0,15.0,8,609,4,5,48.25,82.4,0.0075030999999999995,0.0060152999999999995,0.008808799999999999,6,7,21.166666666666668,68.0,0.21188620000000002,0.20823965,0.21553275,0.2,0.25,0.16666666666666666,0.9285714285714286
4798549,15.0,15.0,8,661,5,6,49.8,67.83333333333333,0.010630200000000001,0.0097046,0.0108288,9,9,27.11111111111111,45.333333333333336,0.2928316,0.29249245,0.29317075,0.42857142857142855,0.6,0.3333333333333333,0.6784463463567941
4944723,15.0,15.0,8,650,7,6,60.0,37.166666666666664,0.0119307,0.0101501,0.0122104,9,9,20.11111111111111,51.111111111111114,0.3824935,0.37598780000000004,0.38899919999999993,0.25,0.2857142857142857,0.2222222222222222,0.8660714285714286
4981908,15.0,15.0,8,251,2,2,19.0,105.5,0.001467,0.0014425999999999998,0.0017005,3,3,18.333333333333332,64.33333333333333,0.0469107,0.046782800000000006,0.0470386,0.8,1.0,0.6666666666666666,0.9583333333333333
5084249,15.0,15.0,8,600,0,1,0.0,600.0,0.0046381,0.0044664,0.005287399999999999,2,3,15.0,189.33333333333334,0.07093835,0.070787875,0.071088825,0.0,0.0,0.0,0.0
5133027,15.0,15.0,8,628,5,5,63.0,61.6,0.0078553,0.007675399999999999,0.008883,7,7,21.0,67.71428571428571,0.2890222,0.2866616,0.2913828,0.16666666666666666,0.2,0.14285714285714285,0.5
5285957,15.0,15.0,8,387,3,2,24.666666666666668,155.0,0.0031747,0.0025172,0.0034152999999999996,4,3,23.0,97.0,0.10399755000000001,0.102983525,0.105011575,0.5714285714285715,0.6666666666666666,0.5,0.8484848484848485
5286334,15.0,15.0,8,342,1,1,20.0,321.0,0.0028694000000000007,0.0022921,0.0030041,1,1,22.0,319.0,0.0227369,0.022415099999999997,0.023058700000000005,1.0,1.0,1.0,0.9090909090909091
5395622,15.0,15.0,8,231,2,2,26.0,88.5,0.0013436,0.0012915,0.001345,3,3,23.666666666666668,52.333333333333336,0.050163299999999994,0.0496351,0.0506915,0.8,1.0,0.6666666666666666,0.9705882352941176
5538668,15.0,15.0,8,617,0,1,0.0,617.0,0.0040885999999999995,0.0023018,0.0048962,0,1,0.0,617.0,0.01005375,0.009771525,0.010335975,nan,nan,nan,nan
5670672,15.0,15.0,8,264,3,3,59.666666666666664,27.333333333333332,0.0043086999999999995,0.0041099,0.0044433,5,6,24.6,22.666666666666668,0.19093615,0.18669702499999996,0.19517527500000004,0.25,0.3333333333333333,0.2,0.7619047619047619
5729758,15.0,15.0,8,253,2,2,22.5,103.0,0.0019102000000000001,0.0018809,0.0020473,4,4,17.25,45.0,0.10681415,0.106037725,0.107590575,0.6666666666666666,1.0,0.5,0.855
5763820,15.0,15.0,8,989,5,4,127.6,86.5,0.0371089,0.034466800000000006,0.0412482,5,6,19.2,148.0,0.4914736,0.48490714999999995,0.49804005000000007,0.4000000000000001,0.4,0.4,0.5357142857142857
5917923,15.0,15.0,8,272,0,1,0.0,272.0,0.0027149,0.0025953,0.002891,4,5,22.5,35.6,0.07749575,0.07472437500000001,0.080267125,0.0,0.0,0.0,0.0
5936666,15.0,15.0,8,602,4,5,25.75,99.0,0.0041411,0.0041405,0.0049977,6,7,25.833333333333332,63.0,0.20347185,0.202014625,0.204929075,0.8,1.0,0.6666666666666666,0.872606882339919
6014730,15.0,15.0,8,219,2,2,16.5,92.0,0.001554,0.0013865,0.0021399,2,2,17.0,91.5,0.0386544,0.03808375,0.03922505,1.0,1.0,1.0,0.9722222222222222
6051512,15.0,15.0,8,601,3,3,26.0,173.33333333333334,0.0039843000000000005,0.0036555999999999997,0.0045938,4,5,22.25,101.6,0.14115425,0.140597525,0.14171097500000002,0.5714285714285715,0.6666666666666666,0.5,0.8323095823095823
6053686,15.0,15.0,8,602,4,5,19.5,104.0,0.0041597,0.0038528,0.005215399999999999,7,8,19.857142857142858,57.0,0.15047485,0.150437975,0.150511725,0.7272727272727273,1.0,0.5714285714285714,0.8958942811574391
6171971,15.0,15.0,8,372,3,2,27.333333333333332,143.5,0.0031976,0.0026135999999999998,0.0032638,2,2,27.0,158.0,0.08060385,0.07891292500000001,0.082294775,0.8,0.6666666666666666,1.0,0.984375
6172561,15.0,15.0,8,239,3,2,26.333333333333332,78.5,0.0017534,0.0017446,0.0022054,4,3,24.75,45.333333333333336,0.08847945,0.086271575,0.090687325,0.8571428571428571,1.0,0.75,0.9464646464646465
6357847,15.0,15.0,8,716,10,10,44.2,26.4,0.0095466,0.009381299999999999,0.0107621,7,7,22.142857142857142,79.14285714285714,0.32757420000000004,0.31719165,0.33795675,0.588235294117647,0.5,0.7142857142857143,0.8732050715022851
6358495,15.0,15.0,8,308,3,2,25.666666666666668,114.0,0.0034720999999999997,0.0031304,0.0034766000000000003,2,2,24.5,128.5,0.08208895,0.080707525,0.083470375,0.8,0.6666666666666666,1.0,0.9375
6422329,15.0,15.0,8,269,1,1,17.0,251.0,0.0022401,0.0019053,0.00228,6,6,23.333333333333332,20.5,0.14395075,0.14298057499999997,0.144920925,0.2857142857142857,1.0,0.16666666666666666,1.0
6547817,15.0,15.0,8,320,4,4,23.5,55.5,0.0027183000000000003,0.0021899000000000003,0.0028379,5,6,17.6,37.833333333333336,0.14704905000000001,0.14584607500000002,0.14825202499999998,0.4444444444444445,0.5,0.4,0.8818181818181818
6547822,15.0,15.0,8,341,6,6,35.5,20.333333333333332,0.005524299999999999,0.0042141,0.005684500000000001,7,7,27.571428571428573,20.142857142857142,0.2827958,0.2766353,0.2889563,0.6153846153846153,0.6666666666666666,0.5714285714285714,0.9274361259655377
6756778,15.0,15.0,8,498,5,5,38.2,60.4,0.0080039,0.007202,0.0083425,7,8,22.285714285714285,41.875,0.35121515000000003,0.34587252500000004,0.356557775,0.6666666666666666,0.8,0.5714285714285714,0.7650459603289792
6896919,15.0,15.0,8,619,3,4,38.666666666666664,125.0,0.006777399999999999,0.0055019,0.0069504,5,6,20.4,85.33333333333333,0.16181969999999998,0.1617204,0.16191899999999998,0.25,0.3333333333333333,0.2,0.967741935483871
6920600,15.0,15.0,8,225,0,1,0.0,225.0,0.0017289,0.0016600999999999999,0.0017454,1,2,19.0,102.5,0.03465915,0.03442582500000001,0.034892475000000006,0.0,0.0,0.0,0.0
6922501,15.0,15.0,8,273,4,3,26.25,54.666666666666664,0.0029483,0.0027262,0.0037088000000000004,5,5,22.0,31.6,0.10780185,0.10672932500000001,0.10887437499999998,0.888888888888889,1.0,0.8,0.8308712121212121
6922622,15.0,15.0,8,453,4,4,33.25,79.0,0.0055813,0.0052458,0.0057338,6,6,23.166666666666668,51.333333333333336,0.1964134,0.19608285,0.19674394999999997,0.6,0.75,0.5,0.8995859213250518
6941418,15.0,15.0,8,282,3,3,27.0,66.0,0.0034571999999999997,0.0029387,0.003715,4,4,28.0,41.5,0.10809260000000001,0.10713589999999999,0.1090493,0.8571428571428571,1.0,0.75,0.9222560975609756
6984632,15.0,15.0,8,617,2,3,29.5,185.33333333333334,0.0054973999999999995,0.003472,0.0055327,3,4,18.333333333333332,139.75,0.09179514999999999,0.09031252499999999,0.093277775,0.4,0.5,0.3333333333333333,0.875
7555066,15.0,15.0,8,339,1,1,15.0,323.0,0.0041725,0.0030045000000000007,0.0041998,4,4,20.0,63.75,0.10752325,0.106457225,0.108589275,0.4,1.0,0.25,1.0
7557391,15.0,15.0,8,302,1,1,15.0,286.0,0.0026111999999999997,0.0025485,0.0027069,1,1,15.0,286.0,0.043822349999999996,0.043044175,0.044600524999999995,1.0,1.0,1.0,1.0
7563440,15.0,15.0,8,591,4,4,20.5,126.25,0.0065788,0.0056072000000000006,0.007701899999999999,5,5,20.6,96.6,0.1782506,0.17656125,0.17993995,0.888888888888889,1.0,0.8,0.9382971014492754
7564587,15.0,15.0,8,242,3,3,27.666666666666668,52.0,0.0018274,0.0018005999999999999,0.0025083,3,3,19.666666666666668,60.0,0.09402725,0.093796825,0.094257675,0.6666666666666666,0.6666666666666666,0.6666666666666666,0.9423076923076923
7583768,15.0,15.0,8,236,2,2,35.5,81.5,0.0022798000000000002,0.0017215,0.0026544,2,3,18.0,66.0,0.0889765,0.0885978,0.0893552,0.5,0.5,0.5,0.5135135135135135
7598344,15.0,15.0,8,219,1,2,17.0,100.5,0.0018045999999999997,0.0017529000000000002,0.0018820999999999996,2,3,20.0,59.0,0.051482099999999996,0.050199049999999995,0.052765150000000004,0.6666666666666666,1.0,0.5,0.68
7613495,15.0,15.0,8,612,6,7,25.333333333333332,64.85714285714286,0.0066452,0.005740399999999999,0.0069321999999999995,5,6,26.8,78.83333333333333,0.2504363,0.2480768,0.2527958,0.5454545454545454,0.5,0.6,0.8625541125541125
7613518,15.0,15.0,8,285,4,4,29.25,41.0,0.0033670999999999996,0.0033644,0.0037012,3,4,24.666666666666668,52.0,0.11022119999999998,0.10862834999999998,0.11181404999999998,0.5714285714285715,0.5,0.6666666666666666,0.876984126984127
7613731,15.0,15.0,8,271,3,3,26.666666666666668,62.666666666666664,0.0025688,0.0017458,0.0029427,2,3,22.5,74.66666666666667,0.07551775,0.075508175,0.07552732499999999,0.8,0.6666666666666666,1.0,0.9259259259259258
7691124,15.0,15.0,8,255,4,4,28.0,34.75,0.0030309,0.0030013,0.0030781999999999997,5,4,17.6,40.5,0.11147204999999999,0.11132302499999999,0.11162107500000001,0.22222222222222224,0.25,0.2,1.0
7691163,15.0,15.0,8,301,5,5,27.8,31.4,0.0026616,0.0024619,0.0027664999999999994,5,4,22.2,46.25,0.12020525,0.12018782499999998,0.120222675,0.6,0.6,0.6,0.9464646464646465
7691232,15.0,15.0,8,601,1,1,16.0,584.0,0.0032935,0.0024465000000000003,0.0039065,1,1,19.0,581.0,0.022164700000000002,0.0210156,0.0233138,1.0,1.0,1.0,0.8421052631578947
7691423,15.0,15.0,8,303,3,3,28.0,72.0,0.0034589000000000004,0.0030105,0.0036485,4,4,20.75,54.0,0.08567179999999999,0.08445785,0.08688575,0.5714285714285715,0.6666666666666666,0.5,0.8244147157190636
7691435,15.0,15.0,8,343,1,1,16.0,326.0,0.0016372000000000003,0.0015892,0.0023986999999999997,3,3,17.0,96.33333333333333,0.0391779,0.039120199999999994,0.0392356,0.5,1.0,0.3333333333333333,1.0
7691520,15.0,15.0,8,608,4,4,43.0,108.0,0.0059799,0.0059394,0.0060363000000000005,6,6,22.166666666666668,78.16666666666667,0.24969474999999997,0.24653002499999999,0.252859475,0.2,0.25,0.16666666666666666,0.9090909090909091
7691542,15.0,15.0,8,368,5,5,29.0,43.6,0.0032778,0.0031826999999999992,0.0035014000000000004,6,6,21.333333333333332,39.0,0.1494555,0.14823549999999996,0.1506755,0.7272727272727272,0.8,0.6666666666666666,0.9468494468494468
7691885,15.0,15.0,8,251,4,4,25.25,36.5,0.0029497,0.0025141,0.0030839,5,5,19.8,29.4,0.09837420000000001,0.0971521,0.0995963,0.6666666666666665,0.75,0.6,0.9038461538461539
7691909,15.0,15.0,8,624,6,7,27.0,65.14285714285714,0.0064925,0.005754,0.007436999999999999,10,9,21.7,44.111111111111114,0.22297140000000001,0.2223346,0.2236082,0.7499999999999999,1.0,0.6,0.8799641558479525
7795968,15.0,15.0,8,252,1,1,55.0,196.0,0.0019974000000000003,0.0017288,0.0023618000000000003,1,2,17.0,117.0,0.04934509999999999,0.0485416,0.0501486,0.0,0.0,0.0,0.0
7797310,15.0,15.0,8,601,1,2,20.0,290.0,0.0037128,0.0029559,0.0037906999999999997,1,2,23.0,288.5,0.02394775,0.022732375,0.025163125000000005,1.0,1.0,1.0,0.8695652173913043
7799046,15.0,15.0,8,454,7,6,22.571428571428573,48.166666666666664,0.0037007,0.0036304,0.0044681,8,7,20.125,40.714285714285715,0.19285884999999997,0.19152007499999998,0.19419762499999996,0.6666666666666666,0.7142857142857143,0.625,0.9010085600474618
7799135,15.0,15.0,8,329,3,3,24.0,84.66666666666667,0.002819,0.0027802,0.0034499,3,3,19.0,89.66666666666667,0.1033173,0.1027076,0.10392700000000002,0.6666666666666666,0.6666666666666666,0.6666666666666666,0.9444444444444444
7799180,15.0,15.0,8,645,9,9,34.111111111111114,36.55555555555556,0.0067002,0.0064723,0.007973200000000001,10,8,26.7,46.0,0.3097277,0.30866045000000003,0.31079495,0.7368421052631577,0.7777777777777778,0.7,0.8382456683850412
7799209,15.0,15.0,8,525,5,5,21.8,82.2,0.0038703,0.0033271,0.0060152,6,6,22.166666666666668,64.33333333333333,0.1429183,0.1405111,0.1453255,0.9090909090909091,1.0,0.8333333333333334,0.9350092321060064
7799211,15.0,15.0,8,232,3,3,32.0,44.333333333333336,0.0017693,0.0017318,0.0018686,3,3,19.0,57.333333333333336,0.08370345,0.083248325,0.084158575,0.6666666666666666,0.6666666666666666,0.6666666666666666,0.8142857142857143
7799420,15.0,15.0,8,317,3,3,28.666666666666668,76.0,0.0022538000000000002,0.0021375,0.0024931999999999997,1,2,29.0,143.5,0.11281590000000001,0.11198850000000002,0.11364329999999999,0.5,0.3333333333333333,1.0,0.896551724137931
7799507,15.0,15.0,8,310,2,2,88.0,66.0,0.0051995,0.004768,0.0053175,4,4,27.0,49.5,0.24410335,0.22790077500000006,0.260305925,0.3333333333333333,0.5,0.25,1.0
7852277,15.0,15.0,8,247,2,2,36.0,86.5,0.0035203,0.0033328000000000003,0.0037441999999999996,1,1,16.0,230.0,0.06695939999999999,0.06550199999999999,0.0684168,0.0,0.0,0.0,0.0
7852403,15.0,15.0,8,290,3,3,21.0,74.66666666666667,0.0025075,0.0022123000000000004,0.0029457,4,4,23.0,48.5,0.08251965000000001,0.08166337500000001,0.083375925,0.8571428571428571,1.0,0.75,0.8383064516129032
7852411,15.0,15.0,8,607,3,3,48.666666666666664,152.66666666666666,0.0046126000000000006,0.0043319,0.005437399999999999,5,5,18.0,102.4,0.22816894999999998,0.220761675,0.235576225,0.25,0.3333333333333333,0.2,0.525
7852420,15.0,15.0,8,606,4,5,26.75,99.0,0.0053292,0.0049428,0.0055231,6,7,19.5,69.0,0.21775029999999998,0.21046179999999998,0.22503879999999998,0.6,0.75,0.5,0.9200846944948579
7852422,15.0,15.0,8,216,3,3,23.0,48.0,0.0018377000000000003,0.0014865999999999998,0.0022944000000000003,3,3,24.333333333333332,46.666666666666664,0.060041800000000006,0.05950105,0.060582550000000006,1.0,1.0,1.0,0.9538032656312225
7852445,15.0,15.0,8,307,2,3,30.0,81.66666666666667,0.0028307,0.0025476,0.0030117,3,4,26.333333333333332,56.25,0.13098075,0.130145275,0.131816225,0.4,0.5,0.3333333333333333,0.75
7852451,15.0,15.0,8,314,3,2,33.666666666666664,105.0,0.0031474000000000003,0.0028446,0.0037266,3,3,21.333333333333332,82.33333333333333,0.21596430000000003,0.21586870000000002,0.2160599,0.3333333333333333,0.3333333333333333,0.3333333333333333,0.92
8354596,15.0,15.0,8,385,0,1,0.0,385.0,0.0018644999999999998,0.0017800999999999997,0.0020767,0,1,0.0,385.0,0.008001349999999999,0.007581475000000001,0.008421225000000001,nan,nan,nan,nan
10752853,15.0,30.0,15,615,1,2,49.0,282.5,0.0033415,0.0032830999999999997,0.0033559,0,1,0.0,615.0,0.0519922,0.04924830000000001,0.054736099999999996,0.0,0.0,0.0,0.0
10752864,15.0,30.0,15,232,1,2,44.0,93.5,0.0030202,0.0028254,0.0031021,1,2,47.0,92.0,0.13429190000000002,0.13404675,0.13453705000000002,1.0,1.0,1.0,0.9361702127659575
10752951,15.0,30.0,15,610,0,1,0.0,610.0,0.0029692,0.0028648000000000002,0.003529,0,1,0.0,610.0,0.009401150000000002,0.008989974999999999,0.009812325,nan,nan,nan,nan
10892045,15.0,30.0,15,323,1,2,40.0,141.0,0.0047885,0.003941,0.0051825,1,2,47.0,137.5,0.18174075,0.17937477500000001,0.184106725,1.0,1.0,1.0,0.851063829787234
10934834,15.0,30.0,15,242,0,1,0.0,242.0,0.0027887,0.0027233,0.0029589,1,2,33.0,104.0,0.050285550000000005,0.04985402500000001,0.050717075,0.0,0.0,0.0,0.0
10934933,15.0,30.0,15,423,0,1,0.0,423.0,0.0042516,0.0042171000000000005,0.0056535,1,2,31.0,195.5,0.13596525,0.13350882500000003,0.13842167500000002,0.0,0.0,0.0,0.0
10935081,15.0,30.0,15,278,0,1,0.0,278.0,0.0040942,0.0034219000000000003,0.0041497,1,2,33.0,122.0,0.0921497,0.09124265000000001,0.09305675,0.0,0.0,0.0,0.0
10935136,15.0,30.0,15,308,1,1,46.0,261.0,0.0040602,0.0036106,0.0040888,1,1,49.0,258.0,0.0611117,0.06050745,0.06171595,1.0,1.0,1.0,0.9387755102040817
10935148,15.0,30.0,15,237,3,2,56.0,33.0,0.005267,0.0039326,0.006504,2,2,41.5,76.0,0.17568135000000001,0.174587275,0.176775425,0.4,0.3333333333333333,0.5,1.0
10935358,15.0,30.0,15,636,3,4,42.333333333333336,126.5,0.0108167,0.0102621,0.011252799999999997,3,4,35.666666666666664,131.5,0.27402659999999995,0.27172545,0.27632775,0.6666666666666666,0.6666666666666666,0.6666666666666666,0.9326265389876881
10935638,15.0,30.0,15,228,0,1,0.0,228.0,0.0026555999999999997,0.0025155,0.002768,0,1,0.0,228.0,0.028461049999999998,0.027462275,0.029459825,nan,nan,nan,nan
10935844,15.0,30.0,15,607,0,1,0.0,607.0,0.0046601,0.0044389,0.004918500000000001,0,1,0.0,607.0,0.0386783,0.03710495,0.04025165,nan,nan,nan,nan
10969051,15.0,30.0,15,601,0,1,0.0,601.0,0.004017,0.003011,0.0040297,0,1,0.0,601.0,0.022716850000000004,0.021534574999999997,0.023899125000000004,nan,nan,nan,nan
11058912,15.0,30.0,15,601,0,1,0.0,601.0,0.0039936,0.0030758,0.0042293,0,1,0.0,601.0,0.029284100000000004,0.02876,0.0298082,nan,nan,nan,nan
11071635,15.0,30.0,15,423,1,2,45.0,188.5,0.0050622,0.0043787,0.0052174,0,1,0.0,423.0,0.1265946,0.12154080000000002,0.1316484,0.0,0.0,0.0,0.0
11071677,15.0,30.0,15,459,1,2,52.0,203.0,0.0043026,0.0042137,0.0051958,1,2,31.0,213.5,0.12189975,0.119527275,0.124272225,0.0,0.0,0.0,0.0
11071727,15.0,30.0,15,411,0,1,0.0,411.0,0.0024313000000000004,0.0022131,0.0024779,0,1,0.0,411.0,0.016740150000000002,0.016294525,0.017185775,nan,nan,nan,nan
11071733,15.0,30.0,15,257,0,1,0.0,257.0,0.0020084,0.0019301,0.0025042,0,1,0.0,257.0,0.0672156,0.06502414999999999,0.06940705,nan,nan,nan,nan
11071965,15.0,30.0,15,535,2,3,42.5,149.33333333333334,0.004424,0.0038888,0.0046641,3,4,33.666666666666664,107.75,0.12614765,0.12467382500000002,0.127621475,0.4,0.5,0.3333333333333333,0.8823529411764706
11092058,15.0,30.0,15,446,1,1,46.0,399.0,0.0034333000000000002,0.0031451,0.0034471999999999997,1,1,48.0,397.0,0.10770885000000001,0.106685025,0.10873267499999999,1.0,1.0,1.0,0.9583333333333334
11092072,15.0,30.0,15,247,0,1,0.0,247.0,0.0011934,0.0011878,0.0012174,0,1,0.0,247.0,0.01464725,0.014261925000000002,0.015032575,nan,nan,nan,nan
4300268,15.0,30.0,15,961,4,5,131.5,86.2,0.043953900000000004,0.0435074,0.0455372,5,5,103.4,87.8,0.46560460000000004,0.4654258,0.4657834,0.888888888888889,1.0,0.8,0.7754569504569504
4303167,15.0,30.0,15,610,2,3,45.0,172.66666666666666,0.004541600000000001,0.0043541000000000005,0.0047986999999999995,3,4,34.666666666666664,125.75,0.14346019999999998,0.14041355,0.14650685,0.4,0.5,0.3333333333333333,0.9523809523809523
4303201,15.0,30.0,15,600,0,1,0.0,600.0,0.0048462,0.004309,0.005285,0,1,0.0,600.0,0.045049000000000006,0.0449805,0.045117500000000005,nan,nan,nan,nan
4326816,15.0,30.0,15,606,4,4,39.0,111.5,0.0047802,0.0045252,0.0055188,6,6,37.833333333333336,62.166666666666664,0.23484905,0.23315532500000002,0.23654277499999998,0.8,1.0,0.6666666666666666,0.9625643165067446
4453473,15.0,30.0,15,610,2,3,48.0,170.66666666666666,0.0049365,0.0044229,0.004978299999999999,1,2,32.0,288.5,0.10503744999999998,0.10333567499999999,0.10673922500000001,0.0,0.0,0.0,0.0
4636267,15.0,30.0,15,624,3,4,49.0,118.5,0.0062981999999999995,0.006174700000000001,0.006603100000000001,4,5,45.5,87.6,0.21236109999999997,0.21057265,0.21414955,0.8571428571428571,1.0,0.75,0.9549111299417298
4652239,15.0,30.0,15,601,4,4,41.25,108.0,0.0046149,0.0046059,0.0047147,3,4,39.0,120.25,0.18803385,0.187373375,0.18869432500000002,0.8571428571428571,0.75,1.0,0.9404245709123757
4660369,15.0,30.0,15,640,2,3,57.5,174.33333333333334,0.0055542,0.005198899999999999,0.005621,1,2,31.0,304.0,0.13733634999999997,0.132701775,0.141970925,0.6666666666666666,0.5,1.0,0.5636363636363636
4748312,15.0,30.0,15,624,4,5,46.25,87.0,0.006004,0.005736299999999999,0.0061116,4,5,50.5,83.6,0.18995840000000003,0.18785939999999998,0.1920574,1.0,1.0,1.0,0.9140262385147295
4748313,15.0,30.0,15,770,2,3,151.5,155.0,0.017002299999999998,0.016531900000000002,0.017103200000000002,4,5,59.5,105.6,0.26464760000000004,0.2642399,0.26505530000000005,0.3333333333333333,0.5,0.25,0.5
4779685,15.0,30.0,15,669,4,5,65.0,81.0,0.008612799999999999,0.008323700000000002,0.011398799999999999,5,6,53.4,66.16666666666667,0.2388261,0.2377172,0.23993499999999998,0.888888888888889,1.0,0.8,0.8707576077013333
4792372,15.0,30.0,15,609,3,3,50.333333333333336,151.66666666666666,0.006433899999999999,0.0058957,0.0066771,3,3,46.0,156.0,0.1761447,0.17456825,0.17772115,1.0,1.0,1.0,0.842825877081986
4793806,15.0,30.0,15,609,3,4,55.0,110.25,0.0064403,0.0061005,0.0066085,1,2,52.0,278.0,0.16341979999999998,0.16267295,0.16416665,0.5,0.3333333333333333,1.0,0.8846153846153846
4798549,15.0,30.0,15,661,4,5,52.5,89.4,0.0084574,0.0084531,0.0091432,5,6,37.0,78.5,0.21324275,0.207734225,0.218751275,0.888888888888889,1.0,0.8,0.7163694452689902
4944723,15.0,30.0,15,650,5,5,70.6,58.4,0.011152200000000001,0.0107945,0.012147000000000002,5,5,39.2,89.8,0.308497,0.3069052,0.3100888,0.4000000000000001,0.4,0.4,0.7454545454545454
4981908,15.0,30.0,15,251,0,1,0.0,251.0,0.0011764000000000002,0.0011488,0.0011803,0,1,0.0,251.0,0.028942649999999997,0.028886124999999995,0.028999175000000002,nan,nan,nan,nan
5084249,15.0,30.0,15,600,0,1,0.0,600.0,0.0028143,0.0027423,0.0033515999999999993,0,1,0.0,600.0,0.0121046,0.01128535,0.012923849999999999,nan,nan,nan,nan
5133027,15.0,30.0,15,628,4,4,57.25,98.75,0.0073617,0.007341,0.0075886999999999994,4,4,45.0,111.0,0.2116757,0.2115521,0.2117993,0.5,0.5,0.5,0.9552139037433156
5285957,15.0,30.0,15,387,0,1,0.0,387.0,0.0039189,0.0038871,0.0039404,1,2,34.0,176.0,0.0537512,0.05314969999999999,0.0543527,0.0,0.0,0.0,0.0
5286334,15.0,30.0,15,342,0,1,0.0,342.0,0.0017208,0.0015178,0.0017527,0,1,0.0,342.0,0.0184028,0.01768625,0.019119350000000004,nan,nan,nan,nan
5395622,15.0,30.0,15,231,1,2,32.0,99.0,0.0015965,0.0012459,0.0015978,1,2,34.0,98.0,0.04676675,0.046526325,0.047007175,1.0,1.0,1.0,0.9411764705882353
5538668,15.0,30.0,15,617,0,1,0.0,617.0,0.0025749,0.0021399,0.0029435999999999998,0,1,0.0,617.0,0.01054715,0.009349375000000002,0.011744925,nan,nan,nan,nan
5670672,15.0,30.0,15,264,2,3,58.5,48.333333333333336,0.0044512,0.0042822,0.005165,3,3,46.666666666666664,40.333333333333336,0.15443820000000003,0.15199985000000002,0.15687654999999998,0.8,1.0,0.6666666666666666,0.6422222222222222
5729758,15.0,30.0,15,253,0,1,0.0,253.0,0.0025761,0.0022566,0.0027388,0,1,0.0,253.0,0.0826836,0.0804959,0.0848713,nan,nan,nan,nan
5763820,15.0,30.0,15,989,5,4,127.4,86.75,0.0415221,0.0395185,0.0427743,4,3,134.5,149.0,0.48297650000000003,0.47018695,0.49576605000000007,0.888888888888889,0.8,1.0,0.9558552714369525
5917923,15.0,30.0,15,272,0,1,0.0,272.0,0.0023384,0.0022614,0.0024868000000000004,0,1,0.0,272.0,0.029689100000000003,0.02933245,0.03004575,nan,nan,nan,nan
5936666,15.0,30.0,15,602,0,1,0.0,602.0,0.005009100000000001,0.004202600000000001,0.005929,2,3,32.0,178.66666666666666,0.0985898,0.0963207,0.10085889999999999,0.0,0.0,0.0,0.0
6014730,15.0,30.0,15,219,0,1,0.0,219.0,0.0011440999999999999,0.001072,0.0012512,0,1,0.0,219.0,0.025197300000000002,0.0247895,0.025605100000000002,nan,nan,nan,nan
6051512,15.0,30.0,15,601,1,2,32.0,284.0,0.0039601,0.0039159,0.0044976999999999994,1,2,35.0,282.5,0.09021879999999999,0.0901505,0.0902871,1.0,1.0,1.0,0.9142857142857143
6053686,15.0,30.0,15,602,0,1,0.0,602.0,0.0053557,0.0050498999999999995,0.0055478,0,1,0.0,602.0,0.1005465,0.10048205,0.10061094999999999,nan,nan,nan,nan
6171971,15.0,30.0,15,372,0,1,0.0,372.0,0.0021853000000000003,0.002129,0.0024752,1,2,38.0,166.5,0.07548805,0.07530682500000001,0.075669275,0.0,0.0,0.0,0.0
6172561,15.0,30.0,15,239,0,1,0.0,239.0,0.002797,0.002517,0.0028264,2,2,32.0,86.5,0.06628475,0.066203675,0.06636582500000002,0.0,0.0,0.0,0.0
6357847,15.0,30.0,15,716,6,7,58.666666666666664,51.142857142857146,0.0087773,0.0085062,0.009137,6,7,44.666666666666664,63.142857142857146,0.30162065,0.300839725,0.30240157500000003,0.8333333333333334,0.8333333333333334,0.8333333333333334,0.8005772958026884
6358495,15.0,30.0,15,308,0,1,0.0,308.0,0.0016824000000000001,0.0016454,0.0017082,1,2,44.0,131.5,0.0669986,0.06514764999999999,0.06884955000000001,0.0,0.0,0.0,0.0
6422329,15.0,30.0,15,269,0,1,0.0,269.0,0.003107,0.0028579,0.0031319,1,2,31.0,118.5,0.045979,0.04433115,0.04762685,0.0,0.0,0.0,0.0
6547817,15.0,30.0,15,320,1,1,31.0,288.0,0.0022548000000000004,0.0021495,0.0026847,1,1,32.0,287.0,0.08872880000000002,0.0878454,0.08961220000000002,1.0,1.0,1.0,0.96875
6547822,15.0,30.0,15,341,3,4,40.0,54.5,0.0040039,0.0038998,0.0041513,4,5,40.5,35.0,0.1515708,0.15154965,0.15159195,0.5714285714285715,0.6666666666666666,0.5,0.8822849213691026
6756778,15.0,30.0,15,498,1,1,40.0,457.0,0.0050731000000000005,0.004370300000000001,0.0065644,4,4,35.5,88.0,0.2049601,0.20048585,0.20943435000000002,0.4,1.0,0.25,1.0
6896919,15.0,30.0,15,619,1,2,54.0,282.0,0.0048734,0.0044649,0.0049442,3,4,31.666666666666668,130.25,0.10801115000000001,0.10697517499999999,0.10904712500000001,0.5,1.0,0.3333333333333333,0.5925925925925926
6920600,15.0,30.0,15,225,0,1,0.0,225.0,0.0015358,0.0014042,0.0017851,0,1,0.0,225.0,0.03277725,0.030743424999999998,0.034811075,nan,nan,nan,nan
6922501,15.0,30.0,15,273,1,1,33.0,239.0,0.0024524,0.0020149,0.0025016,3,3,31.666666666666668,58.333333333333336,0.0753403,0.07514855000000001,0.07553205,0.5,1.0,0.3333333333333333,0.9428571428571428
6922622,15.0,30.0,15,453,0,1,0.0,453.0,0.0034184000000000003,0.0033580999999999997,0.0039507000000000006,0,1,0.0,453.0,0.09147240000000001,0.09100794999999999,0.09193685,nan,nan,nan,nan
6941418,15.0,30.0,15,282,1,2,30.0,125.5,0.0020192,0.0019957,0.002118,2,3,35.0,70.0,0.0521243,0.052000700000000004,0.05224789999999999,0.6666666666666666,1.0,0.5,0.7692307692307693
6984632,15.0,30.0,15,617,1,2,38.0,289.0,0.0035036,0.0033681,0.0039647,1,2,40.0,288.0,0.0578109,0.05665595,0.05896585,1.0,1.0,1.0,0.95
7555066,15.0,30.0,15,339,0,1,0.0,339.0,0.0017846999999999997,0.0017797000000000004,0.0020012000000000003,0,1,0.0,339.0,0.04413315,0.043718574999999996,0.044547724999999996,nan,nan,nan,nan
7557391,15.0,30.0,15,302,0,1,0.0,302.0,0.0014244000000000001,0.0014200999999999999,0.0015764000000000002,0,1,0.0,302.0,0.014688300000000001,0.0140934,0.0152832,nan,nan,nan,nan
7563440,15.0,30.0,15,591,0,1,0.0,591.0,0.0040107,0.0039266,0.0043859,0,1,0.0,591.0,0.05837095,0.057486675,0.059255225,nan,nan,nan,nan
7564587,15.0,30.0,15,242,1,2,44.0,98.5,0.0019524,0.0017698,0.0021144000000000002,1,2,46.0,97.5,0.05216205,0.051431775,0.052892325000000004,1.0,1.0,1.0,0.9565217391304348
7583768,15.0,30.0,15,236,2,2,35.0,82.0,0.0015347,0.0015271,0.0017924,1,2,35.0,100.0,0.0556615,0.0551956,0.0561274,0.6666666666666666,0.5,1.0,0.9714285714285714
7598344,15.0,30.0,15,219,0,1,0.0,219.0,0.0010949,0.001092,0.00111,0,1,0.0,219.0,0.022132100000000002,0.02196545,0.02229875,nan,nan,nan,nan
7613495,15.0,30.0,15,612,0,1,0.0,612.0,0.004497,0.0043793999999999994,0.0046475,1,2,37.0,287.0,0.12250200000000001,0.12225875,0.12274525,0.0,0.0,0.0,0.0
7613518,15.0,30.0,15,285,2,2,34.5,107.0,0.0024197,0.0023536999999999994,0.0030143999999999995,3,3,34.666666666666664,59.333333333333336,0.07414204999999999,0.073837425,0.074446675,0.8,1.0,0.6666666666666666,0.9583333333333333
7613731,15.0,30.0,15,271,1,1,37.0,233.0,0.001695,0.0016549000000000002,0.0018372,2,2,34.5,100.0,0.054784150000000004,0.05417302499999999,0.055395275,0.6666666666666666,1.0,0.5,0.9736842105263158
7691124,15.0,30.0,15,255,2,3,37.5,59.333333333333336,0.0019222,0.0018896,0.0019539,1,2,37.0,108.5,0.07115,0.07033444999999999,0.07196555,0.6666666666666666,0.5,1.0,0.9459459459459459
7691163,15.0,30.0,15,301,1,2,33.0,133.5,0.0027216,0.0025163000000000004,0.0029204,4,5,32.0,33.8,0.09785655,0.09757477499999999,0.098138325,0.4,1.0,0.25,0.9166666666666666
7691232,15.0,30.0,15,601,0,1,0.0,601.0,0.0022033,0.0021615,0.0023751999999999996,0,1,0.0,601.0,0.0181958,0.0181875,0.0182041,nan,nan,nan,nan
7691423,15.0,30.0,15,303,1,2,42.0,130.0,0.0020485,0.0018583000000000002,0.0021141,0,1,0.0,303.0,0.05370875,0.052863125,0.054554375,0.0,0.0,0.0,0.0
7691435,15.0,30.0,15,343,0,1,0.0,343.0,0.0018365000000000002,0.0016471,0.0018723000000000001,0,1,0.0,343.0,0.032097499999999994,0.032069499999999994,0.0321255,nan,nan,nan,nan
7691520,15.0,30.0,15,608,1,2,55.0,276.0,0.0056343,0.005111999999999999,0.0058937,3,4,31.333333333333332,127.75,0.14492439999999998,0.1420281,0.1478207,0.0,0.0,0.0,0.0
7691542,15.0,30.0,15,368,1,2,61.0,153.0,0.0030123000000000003,0.0029787,0.0031052,1,2,35.0,166.0,0.0998199,0.09943845000000001,0.10020135000000001,1.0,1.0,1.0,0.5737704918032787
7691885,15.0,30.0,15,251,1,2,42.0,104.0,0.0018474000000000001,0.001816,0.0019165999999999999,0,1,0.0,251.0,0.07960394999999999,0.07518842499999999,0.08401947500000001,0.0,0.0,0.0,0.0
7691909,15.0,30.0,15,624,1,2,37.0,293.0,0.004657,0.0044256,0.005162399999999999,3,4,38.666666666666664,126.25,0.13228915000000002,0.131443125,0.13313517500000002,0.5,1.0,0.3333333333333333,0.9736842105263158
7795968,15.0,30.0,15,252,1,1,56.0,195.0,0.0016968,0.001621,0.0017129,1,1,63.0,188.0,0.04014735,0.040082274999999994,0.040212425,1.0,1.0,1.0,0.8888888888888888
7797310,15.0,30.0,15,601,0,1,0.0,601.0,0.0021575,0.0020842,0.0022107,0,1,0.0,601.0,0.020433,0.020385399999999998,0.020480599999999998,nan,nan,nan,nan
7799046,15.0,30.0,15,454,0,1,0.0,454.0,0.0030716999999999997,0.0029449000000000003,0.0031531999999999997,1,2,31.0,211.0,0.13296834999999999,0.131502275,0.13443442500000002,0.0,0.0,0.0,0.0
7799135,15.0,30.0,15,329,0,1,0.0,329.0,0.001974,0.001843,0.0022568,1,2,35.0,146.5,0.0508701,0.05004185,0.05169835,0.0,0.0,0.0,0.0
7799180,15.0,30.0,15,645,3,4,42.333333333333336,128.75,0.0064053,0.0057698,0.0067537,7,8,34.285714285714285,49.75,0.21810999999999997,0.21528969999999997,0.22093030000000002,0.4,0.6666666666666666,0.2857142857142857,0.771974229176254
7799209,15.0,30.0,15,525,0,1,0.0,525.0,0.003212,0.0030213,0.0037963000000000003,1,2,31.0,246.5,0.08170025,0.081069775,0.08233072500000001,0.0,0.0,0.0,0.0
7799211,15.0,30.0,15,232,2,3,37.5,51.666666666666664,0.0015576,0.0015420999999999998,0.0018297,2,3,40.5,49.666666666666664,0.06259390000000001,0.061812799999999994,0.063375,1.0,1.0,1.0,0.9241126070991432
7799420,15.0,30.0,15,317,1,1,30.0,286.0,0.0020219,0.0019963,0.0022184,2,2,35.0,122.5,0.05652510000000001,0.056511000000000006,0.056539200000000005,0.6666666666666666,1.0,0.5,0.967741935483871
7799507,15.0,30.0,15,310,2,3,56.0,65.33333333333333,0.004257899999999999,0.0041983,0.004392399999999999,3,4,38.0,48.25,0.1158429,0.1153669,0.1163189,0.8,1.0,0.6666666666666666,0.7308333333333333
7852277,15.0,30.0,15,247,1,1,44.0,202.0,0.0018265999999999998,0.001783,0.0019408,2,2,37.0,85.5,0.0462526,0.045741800000000006,0.0467634,0.6666666666666666,1.0,0.5,1.0
7852403,15.0,30.0,15,290,0,1,0.0,290.0,0.0016007999999999999,0.0015324000000000002,0.0016045999999999999,1,2,30.0,129.5,0.052215700000000004,0.05209955,0.05233185,0.0,0.0,0.0,0.0
7852411,15.0,30.0,15,607,2,3,42.0,173.66666666666666,0.004506100000000001,0.0039353,0.0051223000000000015,2,3,50.5,168.0,0.11136515,0.111328925,0.111401375,1.0,1.0,1.0,0.8456416464891041
7852420,15.0,30.0,15,606,1,2,43.0,281.0,0.0044015,0.004053,0.0045973,2,3,38.0,176.0,0.09098949999999999,0.09056719999999999,0.0914118,0.6666666666666666,1.0,0.5,0.9302325581395349
7852422,15.0,30.0,15,216,0,1,0.0,216.0,0.0015677,0.0012407,0.0022021999999999996,1,2,31.0,92.0,0.05711565,0.056321025000000004,0.057910275,0.0,0.0,0.0,0.0
7852445,15.0,30.0,15,307,0,1,0.0,307.0,0.0022159000000000002,0.0018081,0.0022855,1,2,47.0,129.5,0.0737063,0.07307265,0.07433995,0.0,0.0,0.0,0.0
7852451,15.0,30.0,15,314,1,2,52.0,130.5,0.0027596000000000005,0.0027135,0.0029719,1,2,55.0,129.0,0.08282605,0.08147047499999999,0.08418162500000001,1.0,1.0,1.0,0.9454545454545454
8354596,15.0,30.0,15,385,0,1,0.0,385.0,0.0015449,0.0015425,0.0020307,0,1,0.0,385.0,0.00428805,0.004174925,0.004401175,nan,nan,nan,nan
10752853,15.0,60.0,30,615,0,1,0.0,615.0,0.0028809,0.0027479000000000006,0.0034957,0,1,0.0,615.0,0.03674965000000001,0.03674047500000001,0.036758825,nan,nan,nan,nan
10752864,15.0,60.0,30,232,0,1,0.0,232.0,0.001855,0.0017789000000000001,0.0021392,0,1,0.0,232.0,0.030524350000000006,0.030201675,0.030847025000000004,nan,nan,nan,nan
10752951,15.0,60.0,30,610,0,1,0.0,610.0,0.0023136999999999997,0.0022526,0.0026188,0,1,0.0,610.0,0.00810325,0.008054275000000001,0.008152224999999999,nan,nan,nan,nan
10892045,15.0,60.0,30,323,0,1,0.0,323.0,0.0026089,0.0024901,0.0031572,0,1,0.0,323.0,0.029750449999999998,0.029679925,0.029820975000000003,nan,nan,nan,nan
10934834,15.0,60.0,30,242,0,1,0.0,242.0,0.001392,0.0013725999999999999,0.0013946,0,1,0.0,242.0,0.028037649999999997,0.026650425,0.029424875,nan,nan,nan,nan
10934933,15.0,60.0,30,423,0,1,0.0,423.0,0.0030574,0.0028791999999999997,0.0036578,0,1,0.0,423.0,0.024207700000000002,0.024086200000000006,0.024329200000000002,nan,nan,nan,nan
10935081,15.0,60.0,30,278,0,1,0.0,278.0,0.0017421,0.0016982,0.0018981,0,1,0.0,278.0,0.0225557,0.0223309,0.022780499999999995,nan,nan,nan,nan
10935136,15.0,60.0,30,308,0,1,0.0,308.0,0.0018696,0.0018257,0.0022025,0,1,0.0,308.0,0.0323725,0.03136795,0.03337705,nan,nan,nan,nan
10935148,15.0,60.0,30,237,0,1,0.0,237.0,0.0035544,0.0035152,0.0037177,0,1,0.0,237.0,0.10074524999999998,0.09992497499999999,0.10156552499999999,nan,nan,nan,nan
10935358,15.0,60.0,30,636,0,1,0.0,636.0,0.005088600000000001,0.0048333000000000004,0.0054336,0,1,0.0,636.0,0.1160898,0.11498810000000001,0.11719149999999999,nan,nan,nan,nan
10935638,15.0,60.0,30,228,0,1,0.0,228.0,0.0012162,0.0012139000000000002,0.0013174,0,1,0.0,228.0,0.0036368500000000005,0.003532125,0.003741575000000001,nan,nan,nan,nan
10935844,15.0,60.0,30,607,0,1,0.0,607.0,0.0025884000000000002,0.0024731999999999996,0.0027355,0,1,0.0,607.0,0.007330800000000001,0.00691215,0.007749450000000001,nan,nan,nan,nan
10969051,15.0,60.0,30,601,0,1,0.0,601.0,0.0029371999999999996,0.0027941999999999997,0.0032006,0,1,0.0,601.0,0.00989525,0.009421075,0.010369425,nan,nan,nan,nan
11058912,15.0,60.0,30,601,0,1,0.0,601.0,0.0038824000000000003,0.0030017,0.0043757,0,1,0.0,601.0,0.0088361,0.008766949999999999,0.00890525,nan,nan,nan,nan
11071635,15.0,60.0,30,423,0,1,0.0,423.0,0.0039242,0.002852,0.0046939,0,1,0.0,423.0,0.03787895,0.037540475,0.038217425000000006,nan,nan,nan,nan
11071677,15.0,60.0,30,459,0,1,0.0,459.0,0.0033404,0.0030345,0.0034172,0,1,0.0,459.0,0.0575539,0.05722255,0.05788525,nan,nan,nan,nan
11071727,15.0,60.0,30,411,0,1,0.0,411.0,0.0021935,0.0021069,0.0025562,0,1,0.0,411.0,0.005400200000000001,0.005181400000000001,0.005619000000000001,nan,nan,nan,nan
11071733,15.0,60.0,30,257,0,1,0.0,257.0,0.0016015,0.001573,0.0016402,0,1,0.0,257.0,0.0105234,0.010307400000000001,0.0107394,nan,nan,nan,nan
11071965,15.0,60.0,30,535,0,1,0.0,535.0,0.0041386,0.0037774,0.0043292,0,1,0.0,535.0,0.0944129,0.0940977,0.0947281,nan,nan,nan,nan
11092058,15.0,60.0,30,446,0,1,0.0,446.0,0.0031654,0.0027670999999999998,0.0034579000000000003,0,1,0.0,446.0,0.0372068,0.03672395,0.03768965,nan,nan,nan,nan
11092072,15.0,60.0,30,247,0,1,0.0,247.0,0.0012423,0.0012220999999999998,0.0013609000000000002,0,1,0.0,247.0,0.00361645,0.003546775,0.003686125,nan,nan,nan,nan
4300268,15.0,60.0,30,961,2,3,222.0,171.66666666666666,0.0377928,0.035646699999999996,0.0378649,3,3,169.66666666666666,149.66666666666666,0.34956125,0.348547875,0.350574625,0.8,1.0,0.6666666666666666,0.9826625386996903
4303167,15.0,60.0,30,610,0,1,0.0,610.0,0.0044827,0.0043782,0.0049153,0,1,0.0,610.0,0.093591,0.0929641,0.09421790000000001,nan,nan,nan,nan
4303201,15.0,60.0,30,600,0,1,0.0,600.0,0.0033442,0.0032509,0.0036864000000000003,0,1,0.0,600.0,0.00822085,0.007865175,0.008576525,nan,nan,nan,nan
4326816,15.0,60.0,30,606,0,1,0.0,606.0,0.004366,0.004278,0.0045685,0,1,0.0,606.0,0.13777265,0.13740617500000002,0.13813912500000003,nan,nan,nan,nan
4453473,15.0,60.0,30,610,0,1,0.0,610.0,0.003997,0.0039718,0.004513100000000001,0,1,0.0,610.0,0.08045590000000001,0.07950355,0.08140825,nan,nan,nan,nan
4636267,15.0,60.0,30,624,0,1,0.0,624.0,0.0055401999999999995,0.005472399999999999,0.005610899999999999,0,1,0.0,624.0,0.11161505000000001,0.11077027499999999,0.11245982500000001,nan,nan,nan,nan
4652239,15.0,60.0,30,601,0,1,0.0,601.0,0.0045116,0.0043024,0.0049295,0,1,0.0,601.0,0.10236359999999999,0.10168270000000001,0.10304449999999998,nan,nan,nan,nan
4660369,15.0,60.0,30,640,0,1,0.0,640.0,0.005318,0.0049708,0.005445699999999999,1,2,62.0,288.5,0.077295,0.0770922,0.0774978,0.0,0.0,0.0,0.0
4748312,15.0,60.0,30,624,1,2,63.0,280.0,0.005953,0.0053671000000000005,0.006022100000000001,1,2,67.0,278.0,0.12564095,0.124463825,0.126818075,1.0,1.0,1.0,0.9402985074626866
4748313,15.0,60.0,30,770,2,3,148.0,157.33333333333334,0.01611,0.0160139,0.017128,3,4,88.0,125.75,0.28255475,0.275666625,0.289442875,0.4,0.5,0.3333333333333333,0.8857142857142857
4779685,15.0,60.0,30,669,2,3,74.5,172.66666666666666,0.0092142,0.009166700000000002,0.009395299999999999,2,3,81.5,168.0,0.19217265,0.189295775,0.195049525,1.0,1.0,1.0,0.9183409436834093
4792372,15.0,60.0,30,609,0,1,0.0,609.0,0.0055116,0.0054540000000000005,0.0055608,1,2,64.0,272.0,0.0999735,0.09907990000000001,0.10086709999999999,0.0,0.0,0.0,0.0
4793806,15.0,60.0,30,609,1,2,66.0,271.0,0.0061537,0.0058008999999999995,0.0062985,1,2,69.0,269.5,0.13133885,0.11996602499999999,0.142711675,1.0,1.0,1.0,0.9565217391304348
4798549,15.0,60.0,30,661,2,3,68.5,174.0,0.0100748,0.0100089,0.0104371,2,3,76.5,168.66666666666666,0.23169475,0.215979625,0.247409875,1.0,1.0,1.0,0.8995859213250517
4944723,15.0,60.0,30,650,2,2,87.5,236.5,0.010990900000000001,0.0109604,0.011519399999999999,1,2,75.0,287.0,0.2652189,0.2584585,0.27197930000000003,0.6666666666666666,0.5,1.0,0.9466666666666667
4981908,15.0,60.0,30,251,0,1,0.0,251.0,0.0013114000000000001,0.0013065,0.0013618,0,1,0.0,251.0,0.00425905,0.003926575,0.004591525,nan,nan,nan,nan
5084249,15.0,60.0,30,600,0,1,0.0,600.0,0.0030886,0.0029631999999999996,0.0032080999999999998,0,1,0.0,600.0,0.0095097,0.009351100000000001,0.0096683,nan,nan,nan,nan
5133027,15.0,60.0,30,628,2,2,70.5,242.5,0.0085094,0.008259899999999999,0.0086743,2,2,75.5,237.5,0.20644375,0.203028225,0.20985927499999998,1.0,1.0,1.0,0.9132352941176471
5285957,15.0,60.0,30,387,0,1,0.0,387.0,0.0025915,0.0025614,0.0028047,0,1,0.0,387.0,0.0261669,0.025924950000000002,0.026408849999999998,nan,nan,nan,nan
5286334,15.0,60.0,30,342,0,1,0.0,342.0,0.001805,0.0015237,0.0018817,0,1,0.0,342.0,0.00515055,0.004857625,0.005443475,nan,nan,nan,nan
5395622,15.0,60.0,30,231,0,1,0.0,231.0,0.0015849000000000002,0.0012628,0.0016258,0,1,0.0,231.0,0.025891949999999997,0.024963124999999996,0.026820775,nan,nan,nan,nan
5538668,15.0,60.0,30,617,0,1,0.0,617.0,0.0021545,0.0020085999999999997,0.0023661999999999997,0,1,0.0,617.0,0.0082446,0.007904050000000001,0.008585150000000001,nan,nan,nan,nan
5670672,15.0,60.0,30,264,0,1,0.0,264.0,0.004819100000000001,0.0046676,0.0053175,1,2,61.0,101.0,0.10674785,0.106467625,0.107028075,0.0,0.0,0.0,0.0
5729758,15.0,60.0,30,253,0,1,0.0,253.0,0.0017477,0.001744,0.0018035,0,1,0.0,253.0,0.0055321500000000004,0.005333625000000001,0.005730674999999999,nan,nan,nan,nan
5763820,15.0,60.0,30,989,2,2,260.5,233.0,0.0328889,0.0323075,0.0341558,0,1,0.0,989.0,0.41840005,0.417948125,0.41885197500000004,0.0,0.0,0.0,0.0
5917923,15.0,60.0,30,272,0,1,0.0,272.0,0.0018792000000000001,0.0016825999999999998,0.00242,0,1,0.0,272.0,0.0042313,0.00397605,0.004486550000000001,nan,nan,nan,nan
5936666,15.0,60.0,30,602,0,1,0.0,602.0,0.004207,0.0038802000000000003,0.004430399999999999,0,1,0.0,602.0,0.037268699999999995,0.0366012,0.037936199999999996,nan,nan,nan,nan
6014730,15.0,60.0,30,219,0,1,0.0,219.0,0.00117,0.0011260999999999999,0.0011918,0,1,0.0,219.0,0.004475150000000001,0.004108825,0.0048414750000000005,nan,nan,nan,nan
6051512,15.0,60.0,30,601,0,1,0.0,601.0,0.0038513,0.0035676999999999996,0.004396,0,1,0.0,601.0,0.0344058,0.03405985,0.03475175,nan,nan,nan,nan
6053686,15.0,60.0,30,602,0,1,0.0,602.0,0.0033688000000000004,0.0033442,0.0040434,0,1,0.0,602.0,0.00982325,0.009740525,0.009905975,nan,nan,nan,nan
6171971,15.0,60.0,30,372,0,1,0.0,372.0,0.0022368,0.0021937,0.00227,0,1,0.0,372.0,0.0270068,0.0265811,0.027432500000000002,nan,nan,nan,nan
6172561,15.0,60.0,30,239,0,1,0.0,239.0,0.0015932000000000001,0.0015825,0.0021161,0,1,0.0,239.0,0.02777595,0.026250325,0.029301575,nan,nan,nan,nan
6357847,15.0,60.0,30,716,2,3,77.5,186.33333333333334,0.0081779,0.0079941,0.0097269,3,4,73.66666666666667,123.0,0.27745109999999995,0.2747325,0.2801697,0.8,1.0,0.6666666666666666,0.974478330658106
6358495,15.0,60.0,30,308,0,1,0.0,308.0,0.0018022000000000001,0.0017772,0.0018035,0,1,0.0,308.0,0.02352295,0.023070725000000004,0.023975174999999998,nan,nan,nan,nan
6422329,15.0,60.0,30,269,0,1,0.0,269.0,0.0017033,0.001615,0.0018314000000000002,0,1,0.0,269.0,0.0037088,0.00357815,0.0038394499999999995,nan,nan,nan,nan
6547817,15.0,60.0,30,320,0,1,0.0,320.0,0.0023095,0.0022234,0.0026288999999999996,0,1,0.0,320.0,0.02264675,0.022215675000000004,0.023077825000000003,nan,nan,nan,nan
6547822,15.0,60.0,30,341,0,1,0.0,341.0,0.0040155,0.004012,0.0041265,0,1,0.0,341.0,0.11621675,0.11598967499999999,0.11644382500000001,nan,nan,nan,nan
6756778,15.0,60.0,30,498,0,1,0.0,498.0,0.0043452,0.0043164,0.004523699999999999,0,1,0.0,498.0,0.07431565000000001,0.07412347500000001,0.074507825,nan,nan,nan,nan
6896919,15.0,60.0,30,619,0,1,0.0,619.0,0.0047006,0.0045865,0.0049021,0,1,0.0,619.0,0.05907205,0.059063425,0.05908067500000001,nan,nan,nan,nan
6920600,15.0,60.0,30,225,0,1,0.0,225.0,0.0011529,0.0011144,0.0012175,0,1,0.0,225.0,0.00580575,0.005559974999999999,0.0060515249999999994,nan,nan,nan,nan
6922501,15.0,60.0,30,273,0,1,0.0,273.0,0.002005,0.001791,0.0021482,0,1,0.0,273.0,0.03612305,0.035633625,0.036612475,nan,nan,nan,nan
6922622,15.0,60.0,30,453,0,1,0.0,453.0,0.0047071000000000005,0.0031853000000000003,0.0049073,0,1,0.0,453.0,0.06572979999999999,0.06300035,0.06845924999999999,nan,nan,nan,nan
6941418,15.0,60.0,30,282,0,1,0.0,282.0,0.0018013,0.001766,0.0018465999999999999,0,1,0.0,282.0,0.056197800000000006,0.05466055,0.05773505000000001,nan,nan,nan,nan
6984632,15.0,60.0,30,617,0,1,0.0,617.0,0.0054818,0.005250899999999999,0.0059321,0,1,0.0,617.0,0.034681800000000006,0.03399245,0.03537115,nan,nan,nan,nan
7555066,15.0,60.0,30,339,0,1,0.0,339.0,0.0019887999999999998,0.0019265,0.0024895,0,1,0.0,339.0,0.00511735,0.004984175,0.005250525,nan,nan,nan,nan
7557391,15.0,60.0,30,302,0,1,0.0,302.0,0.0015057,0.0014999000000000002,0.0015068,0,1,0.0,302.0,0.00423975,0.004120525000000001,0.004358975,nan,nan,nan,nan
7563440,15.0,60.0,30,591,0,1,0.0,591.0,0.003405,0.003176,0.0034184000000000003,0,1,0.0,591.0,0.00808875,0.007890125,0.008287375,nan,nan,nan,nan
7564587,15.0,60.0,30,242,0,1,0.0,242.0,0.0016127000000000001,0.0016090999999999998,0.0018149000000000002,0,1,0.0,242.0,0.03117325,0.029728024999999998,0.032618475,nan,nan,nan,nan
7583768,15.0,60.0,30,236,0,1,0.0,236.0,0.0014567,0.0014386,0.0014809,0,1,0.0,236.0,0.0560626,0.0538922,0.058233,nan,nan,nan,nan
7598344,15.0,60.0,30,219,0,1,0.0,219.0,0.0012924000000000002,0.001229,0.0014540999999999998,0,1,0.0,219.0,0.0038659999999999996,0.0038143499999999993,0.003917650000000001,nan,nan,nan,nan
7613495,15.0,60.0,30,612,0,1,0.0,612.0,0.0049603,0.0041177,0.0050593999999999995,0,1,0.0,612.0,0.03285364999999999,0.032618875,0.033088425,nan,nan,nan,nan
7613518,15.0,60.0,30,285,0,1,0.0,285.0,0.0023505,0.0021592,0.0026222,0,1,0.0,285.0,0.06210755,0.061828225,0.062386874999999994,nan,nan,nan,nan
7613731,15.0,60.0,30,271,0,1,0.0,271.0,0.0017526,0.0016910999999999999,0.0018711999999999997,0,1,0.0,271.0,0.027143350000000004,0.026570775,0.027715925000000002,nan,nan,nan,nan
7691124,15.0,60.0,30,255,0,1,0.0,255.0,0.0017882,0.0017043,0.0021214000000000003,0,1,0.0,255.0,0.0489637,0.0489255,0.0490019,nan,nan,nan,nan
7691163,15.0,60.0,30,301,0,1,0.0,301.0,0.0023485,0.0022699,0.0023553000000000003,0,1,0.0,301.0,0.06628244999999999,0.061278574999999995,0.071286325,nan,nan,nan,nan
7691232,15.0,60.0,30,601,0,1,0.0,601.0,0.0022397,0.0021688000000000002,0.0022986,0,1,0.0,601.0,0.007507,0.007402400000000001,0.0076116000000000005,nan,nan,nan,nan
7691423,15.0,60.0,30,303,0,1,0.0,303.0,0.0021167,0.0019417,0.0021335,0,1,0.0,303.0,0.03251805,0.032096425,0.032939675,nan,nan,nan,nan
7691435,15.0,60.0,30,343,0,1,0.0,343.0,0.0017505,0.0016836000000000002,0.0018168,0,1,0.0,343.0,0.007694349999999999,0.007653675,0.007735025,nan,nan,nan,nan
7691520,15.0,60.0,30,608,0,1,0.0,608.0,0.0060498999999999995,0.005646600000000001,0.0069457,1,2,70.0,268.5,0.09758030000000001,0.09661045,0.09855015,0.0,0.0,0.0,0.0
7691542,15.0,60.0,30,368,0,1,0.0,368.0,0.0033677000000000004,0.0032732,0.0035472,1,2,65.0,151.0,0.04296775,0.042295275,0.043640225,0.0,0.0,0.0,0.0
7691885,15.0,60.0,30,251,0,1,0.0,251.0,0.0017695999999999999,0.0017630999999999999,0.0018279000000000001,0,1,0.0,251.0,0.028438349999999998,0.028038625,0.028838075,nan,nan,nan,nan
7691909,15.0,60.0,30,624,0,1,0.0,624.0,0.0045718,0.0044846999999999995,0.0053979,0,1,0.0,624.0,0.07655375,0.072738875,0.08036862500000001,nan,nan,nan,nan
7795968,15.0,60.0,30,252,0,1,0.0,252.0,0.0017567000000000001,0.0017199000000000001,0.0017951,0,1,0.0,252.0,0.03720075,0.036702074999999994,0.037699425,nan,nan,nan,nan
7797310,15.0,60.0,30,601,0,1,0.0,601.0,0.0022256,0.0022199,0.0024908,0,1,0.0,601.0,0.00787765,0.007716725000000001,0.008038575,nan,nan,nan,nan
7799046,15.0,60.0,30,454,0,1,0.0,454.0,0.0029675,0.0029097,0.003023,0,1,0.0,454.0,0.01117815,0.011139175000000001,0.011217125,nan,nan,nan,nan
7799135,15.0,60.0,30,329,0,1,0.0,329.0,0.0020480999999999997,0.002009,0.0021546,0,1,0.0,329.0,0.022149899999999997,0.021865849999999996,0.02243395,nan,nan,nan,nan
7799180,15.0,60.0,30,645,0,1,0.0,645.0,0.0055983,0.0055291,0.0057458000000000006,1,2,61.0,291.5,0.18732735,0.17974477500000002,0.19490992499999998,0.0,0.0,0.0,0.0
7799209,15.0,60.0,30,525,0,1,0.0,525.0,0.003467,0.0029987,0.0034863000000000003,0,1,0.0,525.0,0.022909500000000003,0.022779,0.02304,nan,nan,nan,nan
7799211,15.0,60.0,30,232,0,1,0.0,232.0,0.0017052,0.0015795,0.00178,0,1,0.0,232.0,0.04847839999999999,0.0480534,0.0489034,nan,nan,nan,nan
7799420,15.0,60.0,30,317,0,1,0.0,317.0,0.0028556999999999996,0.0025916,0.0037104,0,1,0.0,317.0,0.03862875,0.037871924999999994,0.039385575000000006,nan,nan,nan,nan
7799507,15.0,60.0,30,310,1,2,79.0,115.0,0.0048035,0.0042689,0.0050383,1,1,107.0,202.0,0.095783,0.09519665,0.09636935,1.0,1.0,1.0,0.6607142857142857
7852277,15.0,60.0,30,247,0,1,0.0,247.0,0.001772,0.0017102999999999999,0.0023791,0,1,0.0,247.0,0.031809149999999994,0.030701175000000004,0.032917125,nan,nan,nan,nan
7852403,15.0,60.0,30,290,0,1,0.0,290.0,0.0021108000000000003,0.0016534000000000002,0.0022277,0,1,0.0,290.0,0.004460400000000001,0.004252799999999999,0.004668,nan,nan,nan,nan
7852411,15.0,60.0,30,607,0,1,0.0,607.0,0.0049263,0.0046806,0.0053306000000000004,0,1,0.0,607.0,0.0823631,0.08229995,0.08242625,nan,nan,nan,nan
7852420,15.0,60.0,30,606,0,1,0.0,606.0,0.0042655,0.0040889,0.0046042,0,1,0.0,606.0,0.05078439999999999,0.05036295,0.05120585,nan,nan,nan,nan
7852422,15.0,60.0,30,216,0,1,0.0,216.0,0.0013662000000000001,0.001269,0.0014752,0,1,0.0,216.0,0.019328899999999996,0.019051099999999998,0.0196067,nan,nan,nan,nan
7852445,15.0,60.0,30,307,0,1,0.0,307.0,0.0023819,0.0023664000000000003,0.0023849,0,1,0.0,307.0,0.02762535,0.026586925,0.028663775,nan,nan,nan,nan
7852451,15.0,60.0,30,314,0,1,0.0,314.0,0.0027116,0.0023246,0.0029448,0,1,0.0,314.0,0.0372153,0.03675745,0.03767315,nan,nan,nan,nan
8354596,15.0,60.0,30,385,0,1,0.0,385.0,0.0016127000000000001,0.0015132000000000001,0.0028143,0,1,0.0,385.0,0.004928699999999999,0.00462905,0.00522835,nan,nan,nan,nan
10752853,20.0,10.0,5,615,1,2,51.0,281.5,0.0034471999999999997,0.0034119000000000003,0.0034725999999999997,8,8,12.75,63.125,0.16178090000000003,0.16015205000000002,0.16340975000000002,0.0,0.0,0.0,0.0
10752864,20.0,10.0,5,232,6,6,22.833333333333332,14.833333333333334,0.0019109,0.0018765999999999998,0.0019886,9,9,15.222222222222221,9.555555555555555,0.13186545000000002,0.13177982500000002,0.131951075,0.6666666666666667,0.8333333333333334,0.5555555555555556,0.8973203906068357
10752951,20.0,10.0,5,610,0,1,0.0,610.0,0.0023859000000000003,0.0023755,0.0025808000000000003,3,4,15.666666666666666,140.0,0.05427885,0.053870625,0.054687075,0.0,0.0,0.0,0.0
10892045,20.0,10.0,5,323,6,5,28.166666666666668,29.6,0.0028961000000000004,0.0028638,0.0031447,8,6,20.125,25.666666666666668,0.14510975,0.143722175,0.14649732499999998,0.5714285714285715,0.6666666666666666,0.5,0.8709150326797386
10934834,20.0,10.0,5,242,4,4,18.75,40.75,0.001476,0.0014348,0.0017753,8,8,18.625,10.625,0.14618155,0.145662025,0.14670107500000001,0.5,0.75,0.375,0.8474062297591708
10934933,20.0,10.0,5,423,9,9,21.333333333333332,24.666666666666668,0.003175,0.0031461999999999996,0.0036949,10,10,23.4,17.9,0.2225068,0.213838,0.2311756,0.8421052631578948,0.8888888888888888,0.8,0.7945060568086884
10935081,20.0,10.0,5,278,4,4,28.25,40.25,0.0018359000000000001,0.0017728,0.0020194,7,7,20.285714285714285,18.428571428571427,0.14971844999999998,0.148975125,0.150461775,0.36363636363636365,0.5,0.2857142857142857,0.8052168021680217
10935136,20.0,10.0,5,308,4,3,22.25,71.66666666666667,0.0026384,0.0024811,0.0028217,8,8,16.25,21.25,0.1613154,0.15925095,0.16337985,0.5,0.75,0.375,0.7447368421052633
10935148,20.0,10.0,5,237,3,2,70.0,12.0,0.0044287,0.0042263000000000005,0.0046658,9,5,15.666666666666666,17.4,0.13876280000000002,0.1387612,0.1387644,0.3333333333333333,0.6666666666666666,0.2222222222222222,0.7745098039215685
10935358,20.0,10.0,5,636,9,9,30.666666666666668,39.0,0.0046091000000000005,0.004315,0.0049168,13,14,14.307692307692308,31.214285714285715,0.3472914,0.34601225,0.34857055000000003,0.27272727272727276,0.3333333333333333,0.23076923076923078,0.8543062200956938
10935638,20.0,10.0,5,228,4,3,14.0,56.0,0.0012943,0.0012555,0.0014662,10,10,13.1,8.7,0.12191120000000001,0.1215152,0.1223072,0.5714285714285715,1.0,0.4,0.7390320676765689
10935844,20.0,10.0,5,607,2,3,20.0,188.33333333333334,0.0025066999999999997,0.0024663000000000003,0.0026379,4,5,16.5,107.4,0.06303485,0.062745775,0.063323925,0.6666666666666666,1.0,0.5,0.9298029556650247
10969051,20.0,10.0,5,601,1,2,18.0,291.0,0.0025315,0.0025254000000000006,0.0025355,3,3,16.666666666666668,182.66666666666666,0.08008295,0.078129575,0.082036325,0.5,1.0,0.3333333333333333,0.6666666666666666
11058912,20.0,10.0,5,601,1,2,22.0,289.0,0.0029963000000000004,0.0028828000000000005,0.0033094,3,3,25.333333333333332,174.0,0.15089635,0.14737402500000002,0.15441867499999998,0.5,1.0,0.3333333333333333,0.7096774193548387
11071635,20.0,10.0,5,423,6,5,26.0,52.2,0.004728100000000001,0.004728,0.0058467,13,12,16.692307692307693,16.083333333333332,0.31532075000000004,0.30851897500000003,0.32212252499999994,0.5263157894736842,0.8333333333333334,0.38461538461538464,0.8545406995750244
11071677,20.0,10.0,5,459,8,6,24.125,43.0,0.0063504,0.005528399999999999,0.006540600000000001,13,12,19.846153846153847,15.666666666666666,0.2784944,0.25882669999999997,0.2981621,0.6666666666666667,0.875,0.5384615384615384,0.810843191200334
11071727,20.0,10.0,5,411,4,4,13.5,88.25,0.0032389000000000003,0.0029565,0.0035708000000000007,9,8,14.222222222222221,34.25,0.22564710000000002,0.20888615000000002,0.24240805,0.6153846153846153,1.0,0.4444444444444444,0.7854779411764705
11071733,20.0,10.0,5,257,5,4,20.4,37.5,0.001953,0.0018861,0.0019649,8,7,17.625,15.428571428571429,0.18933315000000003,0.183995775,0.19467052499999998,0.6153846153846154,0.8,0.5,0.8496581196581197
11071965,20.0,10.0,5,535,6,5,33.333333333333336,65.8,0.0050018,0.0047206,0.0066658,17,16,16.235294117647058,15.125,0.35712455,0.32739782500000003,0.38685127499999994,0.3478260869565218,0.6666666666666666,0.23529411764705882,0.7254559270516717
11092058,20.0,10.0,5,446,7,7,24.428571428571427,38.285714285714285,0.0043485,0.0039485,0.0059339,10,10,18.9,24.7,0.24313644999999998,0.240657525,0.245615375,0.588235294117647,0.7142857142857143,0.5,0.7830303030303031
11092072,20.0,10.0,5,247,1,1,19.0,227.0,0.0013793,0.0013728,0.0017182999999999999,9,9,14.555555555555555,11.88888888888889,0.11379105,0.112155725,0.115426375,0.19999999999999998,1.0,0.1111111111111111,0.8636363636363636
4300268,20.0,10.0,5,961,11,10,65.0909090909091,23.4,0.0347711,0.0336105,0.035069300000000005,15,14,40.4,24.285714285714285,0.5773768499999999,0.5758373750000001,0.5789163250000001,0.4615384615384615,0.5454545454545454,0.4,0.7629121719162999
4303167,20.0,10.0,5,610,7,8,30.0,49.125,0.00431,0.004209399999999999,0.004680800000000001,12,13,17.833333333333332,29.53846153846154,0.2265425,0.2264225,0.2266625,0.4210526315789474,0.5714285714285714,0.3333333333333333,0.8121303258145365
4303201,20.0,10.0,5,600,6,6,17.333333333333332,81.66666666666667,0.0044328,0.0038415,0.0045066,15,15,14.466666666666667,24.533333333333335,0.26626734999999996,0.26341272499999996,0.26912197499999996,0.47619047619047616,0.8333333333333334,0.3333333333333333,0.8529761904761906
4326816,20.0,10.0,5,606,10,10,31.8,27.8,0.0058345,0.0055851,0.005963100000000001,6,7,17.333333333333332,70.85714285714286,0.32830455,0.32425897500000006,0.33235012499999994,0.37499999999999994,0.3,0.5,0.7133333333333333
4453473,20.0,10.0,5,610,4,5,37.0,91.6,0.0046156999999999995,0.0043151000000000005,0.0050163000000000004,6,7,18.166666666666668,70.71428571428571,0.1587717,0.1582616,0.15928180000000003,0.4,0.5,0.3333333333333333,0.8037084398976981
4636267,20.0,10.0,5,624,11,11,33.09090909090909,22.636363636363637,0.0061483,0.0060989,0.0061563,17,16,13.294117647058824,23.8125,0.3934088,0.37618729999999995,0.4106303,0.35714285714285715,0.45454545454545453,0.29411764705882354,0.7859943977591037
4652239,20.0,10.0,5,601,8,8,34.75,39.375,0.0057291,0.0053981,0.006599600000000001,16,16,13.25,23.3125,0.25739535,0.256698525,0.25809217500000003,0.16666666666666666,0.25,0.125,0.8773809523809524
4660369,20.0,10.0,5,640,6,7,32.833333333333336,62.42857142857143,0.0051804,0.0050859,0.005294700000000001,9,9,19.22222222222222,50.888888888888886,0.2742885,0.27334175,0.27523525,0.26666666666666666,0.3333333333333333,0.2222222222222222,0.786231884057971
4748312,20.0,10.0,5,624,8,8,40.75,36.25,0.0070567,0.0068155,0.007300399999999999,14,15,14.928571428571429,26.733333333333334,0.3398205,0.33939575,0.34024525,0.2727272727272727,0.375,0.21428571428571427,0.7141368675502209
4748313,20.0,10.0,5,770,7,8,59.714285714285715,43.125,0.0173699,0.017253,0.017736099999999998,12,13,28.333333333333332,32.15384615384615,0.38422965000000003,0.38405247500000006,0.384406825,0.2105263157894737,0.2857142857142857,0.16666666666666666,0.7523148148148149
4779685,20.0,10.0,5,669,12,13,34.083333333333336,19.076923076923077,0.009014,0.0088493,0.0091013,17,16,16.88235294117647,22.8125,0.42930205000000005,0.416413225,0.44219087500000004,0.5517241379310345,0.6666666666666666,0.47058823529411764,0.7881504078285331
4792372,20.0,10.0,5,609,9,8,31.555555555555557,39.5,0.0069019,0.006671099999999999,0.007354100000000001,14,14,17.785714285714285,24.714285714285715,0.30367835,0.30091297499999997,0.306443725,0.43478260869565216,0.5555555555555556,0.35714285714285715,0.7658797524314765
4793806,20.0,10.0,5,609,6,7,40.333333333333336,51.57142857142857,0.0058075,0.005761200000000001,0.0065623,10,10,12.7,47.2,0.25500255,0.25468872499999995,0.255316375,0.25,0.3333333333333333,0.2,0.6899509803921569
4798549,20.0,10.0,5,661,8,8,38.5,43.125,0.0076245,0.0076215,0.008046199999999998,14,14,18.0,28.214285714285715,0.39814180000000005,0.39675950000000004,0.39952410000000005,0.2727272727272727,0.375,0.21428571428571427,0.815686274509804
4944723,20.0,10.0,5,650,8,7,60.125,23.0,0.0118891,0.0112232,0.012273,12,12,18.0,35.166666666666664,0.3858271,0.3827281,0.3889261,0.3,0.375,0.25,0.8084722222222221
4981908,20.0,10.0,5,251,3,3,18.333333333333332,64.33333333333333,0.0014983,0.0013722,0.0015232,4,4,20.0,41.75,0.06334595,0.063265825,0.063426075,0.8571428571428571,1.0,0.75,0.8595130359836242
5084249,20.0,10.0,5,600,2,3,13.5,190.33333333333334,0.0035196999999999997,0.0032764,0.0037627000000000003,7,8,14.285714285714286,61.625,0.20562930000000001,0.2015279,0.20973070000000002,0.22222222222222224,0.5,0.14285714285714285,0.8666666666666667
5133027,20.0,10.0,5,628,7,6,50.285714285714285,44.833333333333336,0.0095142,0.0093132,0.0105399,17,18,16.176470588235293,18.666666666666668,0.39521565,0.38607537499999994,0.404355925,0.25,0.42857142857142855,0.17647058823529413,0.6321316494450823
5285957,20.0,10.0,5,387,3,2,26.0,153.0,0.0028873,0.0027531,0.0035974,9,8,17.11111111111111,28.0,0.24158885,0.232697525,0.25048017499999997,0.3333333333333333,0.6666666666666666,0.2222222222222222,0.8945454545454545
5286334,20.0,10.0,5,342,1,1,22.0,319.0,0.0029741999999999998,0.0022328,0.003246,4,4,11.0,73.5,0.1242627,0.12327554999999998,0.12524985,0.4,1.0,0.25,0.5
5395622,20.0,10.0,5,231,3,3,23.333333333333332,52.666666666666664,0.002821,0.0017859,0.0035376,3,3,27.333333333333332,48.666666666666664,0.10744459999999999,0.1021157,0.1127735,1.0,1.0,1.0,0.8547619047619047
5538668,20.0,10.0,5,617,0,1,0.0,617.0,0.0066546,0.005140600000000001,0.0069637,1,2,20.0,298.0,0.0784373,0.07093780000000001,0.08593680000000001,0.0,0.0,0.0,0.0
5670672,20.0,10.0,5,264,3,2,84.0,4.5,0.007278300000000001,0.0064458,0.0081558,4,5,17.5,38.0,0.22902245000000002,0.216261025,0.241783875,0.0,0.0,0.0,0.0
5729758,20.0,10.0,5,253,3,2,43.666666666666664,59.5,0.0034685,0.0027986,0.004033,10,10,15.0,9.3,0.26876485,0.25449442499999997,0.28303527500000003,0.30769230769230765,0.6666666666666666,0.2,0.8528708133971292
5763820,20.0,10.0,5,989,5,4,131.8,81.25,0.0442494,0.0415738,0.0489892,12,13,44.916666666666664,33.69230769230769,0.7218119000000001,0.6784374500000001,0.76518635,0.23529411764705882,0.4,0.16666666666666666,0.7033589959924067
5917923,20.0,10.0,5,272,4,5,18.75,38.6,0.0031544,0.0027521,0.0032644,5,5,17.2,36.2,0.15899660000000002,0.1567967,0.1611965,0.4444444444444445,0.5,0.4,0.78125
5936666,20.0,10.0,5,602,8,9,21.25,47.111111111111114,0.0044049,0.0042832,0.0050144,12,13,16.916666666666668,29.76923076923077,0.38127595,0.375995025,0.386556875,0.6,0.75,0.5,0.7293131819447609
6014730,20.0,10.0,5,219,2,2,18.0,90.5,0.001334,0.0012353,0.0014885999999999999,4,4,19.5,34.25,0.05855899999999999,0.058054299999999996,0.059063700000000004,0.6666666666666666,1.0,0.5,0.815
6051512,20.0,10.0,5,601,4,5,37.5,89.4,0.0049264,0.0044445,0.0051327,9,9,15.777777777777779,50.0,0.23453935,0.227801025,0.241277675,0.30769230769230765,0.5,0.2222222222222222,0.665631469979296
6053686,20.0,10.0,5,602,7,8,22.714285714285715,54.5,0.0046933999999999995,0.0043686,0.0047463,11,12,18.636363636363637,32.166666666666664,0.21454200000000004,0.21055200000000002,0.218532,0.5555555555555556,0.7142857142857143,0.45454545454545453,0.8072173913043479
6171971,20.0,10.0,5,372,3,2,28.333333333333332,142.0,0.0027254000000000002,0.0024163,0.0027312,4,5,16.25,60.6,0.16157580000000002,0.15960645,0.16354515,0.0,0.0,0.0,0.0
6172561,20.0,10.0,5,239,5,4,22.4,30.5,0.001903,0.0017137,0.0020155000000000004,7,6,18.285714285714285,17.333333333333332,0.21689229999999998,0.2146065,0.2191781,0.6666666666666666,0.8,0.5714285714285714,0.8505655260604992
6357847,20.0,10.0,5,716,10,10,46.0,24.6,0.0100304,0.009438700000000001,0.0105579,5,6,13.6,107.16666666666667,0.38772429999999997,0.38582085000000005,0.38962775,0.13333333333333333,0.1,0.2,0.7916666666666666
6358495,20.0,10.0,5,308,3,2,30.666666666666668,106.5,0.0022201,0.0019955,0.0023967,5,5,15.8,44.8,0.11154615000000001,0.10929712500000001,0.11379517499999998,0.25,0.3333333333333333,0.2,0.9545454545454546
6422329,20.0,10.0,5,269,3,3,22.333333333333332,66.33333333333333,0.002207,0.0021429,0.0025448000000000003,6,5,15.5,34.0,0.1679333,0.16716235000000002,0.16870425000000003,0.4444444444444444,0.6666666666666666,0.3333333333333333,0.8854489164086687
6547817,20.0,10.0,5,320,7,7,20.142857142857142,24.571428571428573,0.0027507,0.0027238999999999996,0.002768,11,10,16.272727272727273,13.0,0.19974545,0.198337025,0.201153875,0.4444444444444444,0.5714285714285714,0.36363636363636365,0.7924768518518519
6547822,20.0,10.0,5,341,6,6,40.833333333333336,15.0,0.0044994,0.0040479,0.0046752,9,9,20.0,16.88888888888889,0.21808319999999998,0.21688609999999997,0.21928029999999998,0.26666666666666666,0.3333333333333333,0.2222222222222222,0.8869047619047619
6756778,20.0,10.0,5,498,7,7,47.42857142857143,22.714285714285715,0.0052279,0.0049408,0.0063163,12,10,14.333333333333334,31.4,0.30366365,0.30262772499999996,0.304699575,0.2105263157894737,0.2857142857142857,0.16666666666666666,0.8214285714285714
6896919,20.0,10.0,5,619,5,6,31.2,76.33333333333333,0.0046996,0.0046201,0.0050415,15,16,16.6,22.1875,0.33400504999999997,0.31766007499999993,0.35035002499999995,0.3,0.6,0.2,0.863973063973064
6920600,20.0,10.0,5,225,1,2,19.0,102.5,0.0013419,0.0012848,0.0014521,4,5,18.25,29.6,0.09517709999999999,0.09394895,0.09640525,0.4,1.0,0.25,0.6785714285714286
6922501,20.0,10.0,5,273,5,4,24.8,36.0,0.0022015,0.0018566,0.0027730999999999997,7,7,18.428571428571427,19.571428571428573,0.14169434999999997,0.13830032499999997,0.145088375,0.5,0.6,0.42857142857142855,0.8557063851181498
6922622,20.0,10.0,5,453,6,6,28.0,46.5,0.0037061000000000004,0.0035259,0.0043432,12,10,16.166666666666668,24.7,0.25975335,0.255795175,0.263711525,0.3333333333333333,0.5,0.25,0.7836779448621553
6941418,20.0,10.0,5,282,4,4,24.75,44.75,0.0021671999999999998,0.0020074,0.0023143,4,4,20.25,49.25,0.1447093,0.143556,0.1458626,0.75,0.75,0.75,0.8201058201058201
6984632,20.0,10.0,5,617,3,4,26.666666666666668,133.5,0.0037792,0.0037581999999999997,0.0038777,10,11,18.0,38.81818181818182,0.17418585,0.174054025,0.174317675,0.30769230769230765,0.6666666666666666,0.2,0.6963109354413702
7555066,20.0,10.0,5,339,5,5,17.6,49.2,0.0025824,0.0022456,0.0025907,9,10,14.88888888888889,19.6,0.15309775,0.152295825,0.153899675,0.5714285714285714,0.8,0.4444444444444444,0.7299465240641712
7557391,20.0,10.0,5,302,2,2,15.0,135.0,0.0016782000000000001,0.0016723,0.0017693,4,4,16.25,58.25,0.08560645,0.08508152499999999,0.086131375,0.6666666666666666,1.0,0.5,0.9166666666666667
7563440,20.0,10.0,5,591,5,5,20.6,96.6,0.0039068,0.003662,0.004159100000000001,19,19,15.736842105263158,14.368421052631579,0.2213031,0.22095440000000002,0.2216518,0.4166666666666667,1.0,0.2631578947368421,0.7232867132867132
7564587,20.0,10.0,5,242,3,3,29.333333333333332,50.333333333333336,0.0018203,0.0017989000000000002,0.0019436999999999998,10,9,14.1,10.11111111111111,0.12586075000000002,0.121431375,0.130290125,0.30769230769230765,0.6666666666666666,0.2,0.9281376518218624
7583768,20.0,10.0,5,236,3,3,30.333333333333332,47.333333333333336,0.0018789000000000002,0.001736,0.0021243,7,5,14.0,26.2,0.11748615,0.113495975,0.121476325,0.4,0.6666666666666666,0.2857142857142857,0.703778677462888
7598344,20.0,10.0,5,219,4,3,14.25,52.666666666666664,0.0013044,0.0013032999999999999,0.0014919,7,6,17.571428571428573,14.833333333333334,0.087123,0.0866242,0.0876218,0.5454545454545454,0.75,0.42857142857142855,0.7351136363636365
7613495,20.0,10.0,5,612,10,11,22.4,34.36363636363637,0.0047911,0.0047712,0.004984799999999999,18,18,17.22222222222222,15.777777777777779,0.3307484,0.32991859999999995,0.3315782,0.35714285714285715,0.5,0.2777777777777778,0.7995410264792416
7613518,20.0,10.0,5,285,4,4,31.25,39.0,0.0022753,0.0022343000000000003,0.0024502,10,9,15.2,13.666666666666666,0.136486,0.1355748,0.13739720000000002,0.14285714285714288,0.25,0.1,0.9230769230769231
7613731,20.0,10.0,5,271,4,3,24.75,56.0,0.0020585,0.0020499,0.002109,8,8,16.5,16.375,0.13152260000000002,0.13097885,0.13206635,0.6666666666666666,1.0,0.5,0.7113562960337154
7691124,20.0,10.0,5,255,6,6,24.333333333333332,17.166666666666668,0.0021996999999999997,0.0021316,0.0022654,5,4,17.4,40.75,0.13756240000000003,0.13644080000000003,0.138684,0.3636363636363636,0.3333333333333333,0.4,0.7345238095238096
7691163,20.0,10.0,5,301,6,6,29.833333333333332,19.333333333333332,0.0026139,0.0026068000000000003,0.0031529000000000006,7,7,22.571428571428573,19.428571428571427,0.148105,0.14766625,0.14854375,0.923076923076923,1.0,0.8571428571428571,0.6896244666263641
7691232,20.0,10.0,5,601,1,1,18.0,582.0,0.0025004000000000007,0.0024981,0.0025984000000000003,2,2,17.0,282.5,0.0242097,0.0240277,0.024391700000000006,0.6666666666666666,1.0,0.5,0.8571428571428571
7691423,20.0,10.0,5,303,4,4,25.0,49.75,0.0021181,0.0021011999999999997,0.0030241,8,7,18.0,21.571428571428573,0.12397609999999999,0.12037819999999999,0.127574,0.5,0.75,0.375,0.7855745786780269
7691435,20.0,10.0,5,343,3,3,16.666666666666668,96.66666666666667,0.0018234000000000002,0.001814,0.0019641000000000003,4,4,18.5,66.25,0.09567740000000001,0.09561185000000001,0.09574295,0.8571428571428571,1.0,0.75,0.8220551378446115
7691520,20.0,10.0,5,608,5,6,52.4,56.833333333333336,0.0062105,0.0059901,0.006586,17,16,14.235294117647058,21.8125,0.32687475,0.32652972500000005,0.32721977500000005,0.1818181818181818,0.4,0.11764705882352941,0.717948717948718
7691542,20.0,10.0,5,368,6,6,29.0,31.333333333333332,0.0035124000000000006,0.0034450000000000006,0.0035318,11,8,17.454545454545453,20.625,0.21006475,0.203978275,0.216151225,0.3529411764705882,0.5,0.2727272727272727,0.816046341908411
7691885,20.0,10.0,5,251,6,6,22.666666666666668,18.166666666666668,0.0017609000000000001,0.0017159,0.001791,7,6,19.857142857142858,17.5,0.1199692,0.11972815,0.12021025,0.7692307692307692,0.8333333333333334,0.7142857142857143,0.7326080275370336
7691909,20.0,10.0,5,624,10,10,23.9,37.5,0.0048878,0.0048776,0.0053023,18,19,19.11111111111111,13.789473684210526,0.30489980000000005,0.30463685,0.30516275,0.6428571428571429,0.9,0.5,0.7477605933161489
7795968,20.0,10.0,5,252,1,1,71.0,180.0,0.0018358,0.0018043,0.0019362000000000001,4,3,13.75,64.33333333333333,0.09782285,0.09738817500000001,0.098257525,0.0,0.0,0.0,0.0
7797310,20.0,10.0,5,601,1,2,22.0,289.0,0.0025494000000000003,0.0024241999999999996,0.0026233000000000003,2,3,22.5,184.66666666666666,0.0387596,0.03842005,0.03909915,0.6666666666666666,1.0,0.5,0.7096774193548387
7799046,20.0,10.0,5,454,10,9,23.0,23.77777777777778,0.0036312,0.0035825,0.0037443000000000003,10,10,19.5,24.9,0.20334145000000003,0.203087825,0.20359507500000001,0.5,0.5,0.5,0.747150427738663
7799135,20.0,10.0,5,329,5,5,21.0,43.8,0.0022692,0.0021882,0.0024983,10,10,16.4,15.5,0.15102939999999998,0.15059015,0.15146864999999998,0.4,0.6,0.3,0.80119825708061
7799180,20.0,10.0,5,645,10,10,34.0,29.5,0.006344600000000001,0.005758899999999999,0.0063626,13,12,16.76923076923077,34.5,0.3390549500000001,0.338463575,0.339646325,0.34782608695652173,0.4,0.3076923076923077,0.857562103788884
7799209,20.0,10.0,5,525,7,7,21.285714285714285,52.714285714285715,0.0035081999999999995,0.0034575,0.0035205,15,15,18.2,15.8,0.2263902,0.22613645000000004,0.22664395,0.5454545454545455,0.8571428571428571,0.4,0.7523935971082558
7799211,20.0,10.0,5,232,3,3,33.666666666666664,42.666666666666664,0.001934,0.0018442999999999999,0.0026850999999999997,8,5,15.875,19.4,0.1073364,0.10605819999999999,0.1086146,0.36363636363636365,0.6666666666666666,0.25,0.7656641604010025
7799420,20.0,10.0,5,317,5,5,25.2,37.2,0.0025545999999999998,0.0025474,0.0025964,13,11,15.307692307692308,9.545454545454545,0.17012984999999997,0.169976875,0.17028282499999994,0.33333333333333337,0.6,0.23076923076923078,0.7457912457912458
7799507,20.0,10.0,5,310,1,1,205.0,104.0,0.0055271,0.0054221,0.005717399999999999,6,5,15.166666666666666,42.6,0.1281132,0.1272962,0.1289302,0.0,0.0,0.0,0.0
7852277,20.0,10.0,5,247,2,2,37.5,85.0,0.0017252,0.0016945,0.0017709000000000002,4,5,20.75,32.0,0.10317779999999999,0.10290975,0.10344584999999999,0.3333333333333333,0.5,0.25,0.8333333333333334
7852403,20.0,10.0,5,290,4,4,21.25,50.25,0.0019968,0.001813,0.0021366999999999996,6,6,22.0,25.333333333333332,0.1332234,0.1327016,0.1337452,0.8,1.0,0.6666666666666666,0.8702485380116959
7852411,20.0,10.0,5,607,6,6,32.333333333333336,67.83333333333333,0.0050068000000000005,0.0049922,0.0053555,15,16,13.8,24.0625,0.23901650000000002,0.2388975,0.23913550000000003,0.28571428571428575,0.5,0.2,0.7825396825396825
7852420,20.0,10.0,5,606,7,7,24.428571428571427,61.142857142857146,0.0050298,0.0049342,0.0051885,19,20,16.05263157894737,14.1,0.3018079,0.30068290000000003,0.3029329,0.3846153846153846,0.7142857142857143,0.2631578947368421,0.7654300657158052
7852422,20.0,10.0,5,216,4,4,21.0,32.0,0.0015148,0.0015076,0.0018315999999999999,5,5,22.4,19.8,0.10756510000000001,0.1068501,0.1082801,0.888888888888889,1.0,0.8,0.7925890786422095
7852445,20.0,10.0,5,307,5,5,26.2,34.2,0.0025126999999999997,0.0024896999999999996,0.0025516,6,6,18.666666666666668,31.5,0.16131644999999997,0.161300125,0.16133277499999998,0.3636363636363636,0.4,0.3333333333333333,0.7878787878787878
7852451,20.0,10.0,5,314,6,5,24.0,32.8,0.0029155000000000006,0.0028931,0.0030050999999999993,7,8,16.428571428571427,24.0,0.17870260000000002,0.17767250000000004,0.1797327,0.6153846153846153,0.6666666666666666,0.5714285714285714,0.6715225563909775
8354596,20.0,10.0,5,385,0,1,0.0,385.0,0.0016986,0.0016785999999999997,0.0018168,0,1,0.0,385.0,0.017083800000000003,0.017054850000000003,0.01711275,nan,nan,nan,nan
10752853,20.0,15.0,8,615,1,2,51.0,281.5,0.0031528000000000003,0.0031287,0.0032881,2,2,21.5,285.0,0.0646616,0.0642546,0.0650686,0.0,0.0,0.0,0.0
10752864,20.0,15.0,8,232,4,4,25.5,31.5,0.0019052000000000001,0.0018927,0.0020893,6,6,20.833333333333332,16.833333333333332,0.1283608,0.12736730000000002,0.1293543,0.8,1.0,0.6666666666666666,0.8082125603864734
10752951,20.0,15.0,8,610,0,1,0.0,610.0,0.0024014,0.0023611,0.0026707999999999997,0,1,0.0,610.0,0.02135405,0.020976574999999997,0.021731525,nan,nan,nan,nan
10892045,20.0,15.0,8,323,6,5,27.833333333333332,30.0,0.0027836,0.0026518,0.0032077,7,6,21.857142857142858,27.166666666666668,0.12038755000000002,0.120387425,0.12038767500000001,0.7692307692307692,0.8333333333333334,0.7142857142857143,0.9393288382546695
10934834,20.0,15.0,8,242,3,3,21.666666666666668,58.0,0.0016352,0.0016209,0.0018017,4,4,24.5,35.0,0.08770834999999999,0.087043525,0.088373175,0.8571428571428571,1.0,0.75,0.8076923076923076
10934933,20.0,15.0,8,423,6,6,24.166666666666668,45.333333333333336,0.0031664,0.0031100999999999998,0.0033309,9,9,23.88888888888889,22.11111111111111,0.1444345,0.1439454,0.1449236,0.8,1.0,0.6666666666666666,0.8721816378066377
10935081,20.0,15.0,8,278,4,4,28.25,40.25,0.0019142999999999996,0.0017426,0.0020108,4,4,32.0,36.5,0.09462084999999999,0.094286425,0.094955275,1.0,1.0,1.0,0.8911255411255412
10935136,20.0,15.0,8,308,2,1,32.5,241.0,0.0019473,0.0019344999999999998,0.0022397,5,5,17.6,43.0,0.09477239999999998,0.09458564999999998,0.09495914999999999,0.28571428571428575,0.5,0.2,0.9
10935148,20.0,15.0,8,237,3,1,64.33333333333333,41.0,0.004553300000000001,0.004387899999999999,0.00484,4,4,19.25,39.0,0.12617319999999999,0.12559995,0.12674645,0.28571428571428575,0.3333333333333333,0.25,0.7619047619047619
10935358,20.0,15.0,8,636,8,8,32.5,46.0,0.005447300000000001,0.004959399999999999,0.0055576,8,7,25.375,60.714285714285715,0.26835709999999996,0.26803984999999997,0.26867434999999995,0.75,0.75,0.75,0.8312259422873235
10935638,20.0,15.0,8,228,1,1,16.0,211.0,0.0013881,0.0013522,0.0014362,4,3,17.5,51.333333333333336,0.08441355,0.083311275,0.085515825,0.4,1.0,0.25,1.0
10935844,20.0,15.0,8,607,1,2,27.0,289.5,0.0025185,0.0025094999999999996,0.0025208,2,3,22.0,187.0,0.038867,0.0381061,0.0396279,0.6666666666666666,1.0,0.5,0.9310344827586207
10969051,20.0,15.0,8,601,0,1,0.0,601.0,0.0025391999999999993,0.0024605,0.0030994000000000004,1,2,34.0,283.0,0.0384502,0.038301699999999994,0.03859870000000001,0.0,0.0,0.0,0.0
11058912,20.0,15.0,8,601,1,2,22.0,289.0,0.0027140000000000003,0.0026378,0.0030608000000000002,2,3,21.5,185.33333333333334,0.04815719999999999,0.047850699999999996,0.0484637,0.6666666666666666,1.0,0.5,0.88
11071635,20.0,15.0,8,423,5,4,28.0,69.5,0.0035491999999999998,0.00339,0.0035849,8,8,20.0,31.875,0.14900069999999999,0.14830464999999998,0.14969674999999996,0.6153846153846154,0.8,0.5,0.9020377029530348
11071677,20.0,15.0,8,459,5,4,29.2,77.0,0.0036446,0.003622,0.0041952,7,7,24.571428571428573,40.0,0.1307287,0.12981120000000002,0.1316462,0.6666666666666666,0.8,0.5714285714285714,0.9351768920734438
11071727,20.0,15.0,8,411,1,1,16.0,394.0,0.0024864,0.0022585,0.0027449,4,4,15.75,86.0,0.0646219,0.0643999,0.0648439,0.4,1.0,0.25,1.0
11071733,20.0,15.0,8,257,3,3,24.666666666666668,60.0,0.0019397000000000001,0.0019139,0.0019626,5,4,24.0,33.0,0.1087145,0.10770504999999998,0.10972395,0.5,0.6666666666666666,0.4,0.7228867623604466
11071965,20.0,15.0,8,535,6,5,33.0,66.2,0.0045351,0.0041864,0.0046546,5,4,28.0,97.5,0.1710061,0.16996814999999998,0.17204405,0.9090909090909091,0.8333333333333334,1.0,0.8102916870358732
11092058,20.0,15.0,8,446,5,4,28.0,75.25,0.003263,0.0032402,0.0037246999999999996,6,6,21.5,51.833333333333336,0.13850925,0.13834147500000002,0.13867702499999998,0.5454545454545454,0.6,0.5,0.9292882744495646
11092072,20.0,15.0,8,247,1,1,19.0,227.0,0.0012602,0.0012515999999999998,0.0012774000000000001,1,1,19.0,227.0,0.053992450000000004,0.053602875,0.054382025,1.0,1.0,1.0,1.0
4300268,20.0,15.0,8,961,10,10,69.6,25.5,0.0311677,0.031023400000000007,0.031243600000000003,10,9,60.9,38.0,0.46429235,0.462718825,0.465865875,0.7,0.7,0.7,0.8266147210438223
4303167,20.0,15.0,8,610,5,6,35.2,71.5,0.0042835,0.0042626,0.0043083,6,7,24.333333333333332,65.42857142857143,0.13927805,0.13875197499999997,0.139804125,0.5454545454545454,0.6,0.5,0.9172979797979798
4303201,20.0,15.0,8,600,2,3,22.0,184.66666666666666,0.0039242,0.0037751,0.0040162,6,6,21.666666666666668,77.33333333333333,0.15188420000000002,0.15157085,0.15219755,0.5,1.0,0.3333333333333333,0.7204301075268817
4326816,20.0,15.0,8,606,10,10,31.4,28.2,0.0050053,0.0048148999999999996,0.0053882,10,9,25.3,38.111111111111114,0.22060325,0.220205875,0.221000625,0.8000000000000002,0.8,0.8,0.7983734198807728
4453473,20.0,15.0,8,610,3,4,43.0,119.5,0.0041186999999999994,0.0041021,0.004345,3,4,28.0,130.75,0.10470515000000001,0.104336725,0.105073575,0.6666666666666666,0.6666666666666666,0.6666666666666666,0.6793355855855856
4636267,20.0,15.0,8,624,7,8,39.857142857142854,42.25,0.0057396,0.005712299999999999,0.006181699999999999,7,8,22.142857142857142,57.75,0.26923885,0.264852625,0.273625075,0.42857142857142855,0.42857142857142855,0.42857142857142855,0.8976439382118895
4652239,20.0,15.0,8,601,8,8,32.75,41.375,0.0051307,0.0049345,0.0053219999999999995,4,5,22.0,101.8,0.241046,0.23755289999999996,0.2445391,0.5,0.375,0.75,0.8844086021505376
4660369,20.0,15.0,8,640,4,5,40.5,94.8,0.0049188999999999995,0.0047353000000000004,0.005651,8,9,24.5,48.44444444444444,0.151056,0.14928685,0.15282515,0.5,0.75,0.375,0.7525998905309249
4748312,20.0,15.0,8,624,7,7,37.0,51.142857142857146,0.0059742,0.0057948999999999995,0.0067134000000000004,5,5,20.6,103.2,0.2549199,0.25389745,0.25594235,0.3333333333333333,0.2857142857142857,0.4,0.9038461538461539
4748313,20.0,15.0,8,770,4,5,92.0,79.6,0.0170048,0.0165987,0.017042900000000003,13,14,30.0,26.214285714285715,0.29227489999999995,0.292153,0.2923968,0.23529411764705882,0.5,0.15384615384615385,0.8581932773109244
4779685,20.0,15.0,8,669,7,8,48.0,40.75,0.008957,0.0088375,0.009155100000000001,10,11,23.4,38.63636363636363,0.32480860000000006,0.32471765,0.32489955,0.47058823529411764,0.5714285714285714,0.4,0.7235893672537508
4792372,20.0,15.0,8,609,8,8,32.875,42.25,0.0054148,0.0052975,0.006163,9,9,28.77777777777778,37.888888888888886,0.21694089999999996,0.2127649,0.2211169,0.823529411764706,0.875,0.7777777777777778,0.7498583785508727
4793806,20.0,15.0,8,609,4,5,50.75,80.4,0.0060712,0.005782,0.0064700999999999995,6,7,22.5,66.85714285714286,0.17972144999999998,0.17961167500000003,0.179831225,0.2,0.25,0.16666666666666666,0.9333333333333333
4798549,20.0,15.0,8,661,5,6,52.2,65.83333333333333,0.00743,0.007312,0.0074521000000000006,13,12,25.076923076923077,26.833333333333332,0.30326175,0.303221875,0.303301625,0.33333333333333337,0.6,0.23076923076923078,0.6630289273034166
4944723,20.0,15.0,8,650,7,6,63.42857142857143,33.166666666666664,0.0114145,0.0108121,0.0114807,11,11,20.0,38.09090909090909,0.31666089999999997,0.3159806,0.3173412,0.2222222222222222,0.2857142857142857,0.18181818181818182,0.9071969696969697
4981908,20.0,15.0,8,251,2,2,20.0,104.5,0.0012769,0.0012184000000000001,0.001323,3,3,19.666666666666668,63.0,0.04153505,0.041295824999999994,0.041774275,0.8,1.0,0.6666666666666666,0.9615384615384616
5084249,20.0,15.0,8,600,0,1,0.0,600.0,0.0032427,0.0031038000000000003,0.0035896,6,7,17.333333333333332,70.0,0.10250725,0.102422875,0.102591625,0.0,0.0,0.0,0.0
5133027,20.0,15.0,8,628,5,4,65.2,74.25,0.0088688,0.0087998,0.0089151,8,8,21.125,56.375,0.2784841,0.27367765000000005,0.28329055,0.0,0.0,0.0,0.0
5285957,20.0,15.0,8,387,3,2,25.666666666666668,153.5,0.0026738,0.0026715,0.002702,5,4,24.0,65.5,0.11835919999999998,0.11747495,0.11924345000000001,0.5,0.6666666666666666,0.4,0.7656976744186046
5286334,20.0,15.0,8,342,1,1,21.0,320.0,0.0017144,0.0017010999999999999,0.0017423999999999999,1,1,25.0,316.0,0.031376799999999996,0.0313031,0.031450500000000006,1.0,1.0,1.0,0.84
5395622,20.0,15.0,8,231,2,2,27.0,87.5,0.001269,0.0012679000000000002,0.0012916,3,3,25.0,51.0,0.0450878,0.0449559,0.045219699999999995,0.8,1.0,0.6666666666666666,0.9722222222222222
5538668,20.0,15.0,8,617,0,1,0.0,617.0,0.0026119,0.0023985,0.0027657,0,1,0.0,617.0,0.01948225,0.019227375,0.019737125,nan,nan,nan,nan
5670672,20.0,15.0,8,264,3,2,75.66666666666667,17.0,0.005172,0.005114700000000001,0.0052244,5,6,24.6,22.666666666666668,0.15019015000000002,0.15001037500000003,0.15036992500000002,0.0,0.0,0.0,0.0
5729758,20.0,15.0,8,253,3,3,24.333333333333332,59.0,0.0022263,0.0021941,0.0023047,4,4,17.75,44.5,0.1061253,0.10599340000000002,0.1062572,0.8571428571428571,1.0,0.75,0.7421798631476051
5763820,20.0,15.0,8,989,5,4,129.2,84.5,0.0349886,0.0341768,0.035582199999999994,5,6,19.2,148.0,0.45531625,0.454475425,0.45615707499999997,0.20000000000000004,0.2,0.2,0.5454545454545454
5917923,20.0,15.0,8,272,1,2,19.0,126.0,0.0019414,0.0019298,0.0019852,5,6,21.8,26.333333333333332,0.07698289999999999,0.0766086,0.0773572,0.33333333333333337,1.0,0.2,0.5428571428571428
5936666,20.0,15.0,8,602,5,6,25.0,78.66666666666667,0.0043016,0.0039496999999999996,0.0045786,10,10,23.3,35.9,0.2189583,0.21860010000000002,0.2193165,0.6666666666666666,1.0,0.5,0.8262956334293989
6014730,20.0,15.0,8,219,2,2,18.0,90.5,0.0011515,0.0011214,0.0012774000000000001,2,2,18.5,90.0,0.0342291,0.0341798,0.034278399999999994,1.0,1.0,1.0,0.975
6051512,20.0,15.0,8,601,3,4,37.666666666666664,121.25,0.004108,0.0040581,0.004547600000000001,5,6,21.8,81.16666666666667,0.13847415,0.13820122499999998,0.13874707500000003,0.5,0.6666666666666666,0.4,0.8865384615384615
6053686,20.0,15.0,8,602,5,6,25.2,78.5,0.0039945,0.0037894,0.0040161,8,9,20.625,47.666666666666664,0.1555644,0.15370514999999998,0.15742365,0.6153846153846154,0.8,0.5,0.9141071428571428
6171971,20.0,15.0,8,372,3,2,28.333333333333332,142.0,0.0022603000000000002,0.0022529,0.0024865,3,3,24.0,99.0,0.0837193,0.0828862,0.08455240000000001,0.6666666666666666,0.6666666666666666,0.6666666666666666,0.9428571428571428
6172561,20.0,15.0,8,239,3,2,28.0,76.0,0.0016937,0.0016807999999999999,0.0018608,5,4,24.0,28.5,0.0958831,0.09332435,0.09844185000000003,0.7499999999999999,1.0,0.6,0.9698412698412698
6357847,20.0,15.0,8,716,10,10,45.9,24.7,0.008612799999999999,0.0085198,0.0090132,7,7,23.142857142857142,78.14285714285714,0.28822164999999994,0.285241175,0.2912021249999999,0.588235294117647,0.5,0.7142857142857143,0.8716283716283716
6358495,20.0,15.0,8,308,3,2,28.333333333333332,110.0,0.0020153,0.001927,0.002088,2,2,25.0,128.0,0.0607056,0.059273400000000004,0.0621378,0.8,0.6666666666666666,1.0,0.881578947368421
6422329,20.0,15.0,8,269,2,2,22.0,111.5,0.0018687,0.0018474000000000001,0.0018693,6,6,23.666666666666668,20.166666666666668,0.13198835,0.130479325,0.133497375,0.5,1.0,0.3333333333333333,0.7549019607843137
6547817,20.0,15.0,8,320,4,4,24.75,54.25,0.0027881,0.0025129,0.0027895999999999997,7,8,18.428571428571427,23.0,0.1284648,0.12827215,0.12865745,0.36363636363636365,0.5,0.2857142857142857,0.8690476190476191
6547822,20.0,15.0,8,341,6,6,38.166666666666664,17.666666666666668,0.0036711,0.0036656,0.0039834,8,8,26.5,15.125,0.1877555,0.18744935000000001,0.18806165,0.5714285714285715,0.6666666666666666,0.5,0.9224897093890229
6756778,20.0,15.0,8,498,6,6,40.0,42.0,0.0050139,0.0048966999999999995,0.0054825,7,8,23.857142857142858,40.5,0.2354712,0.2349421,0.2360003,0.7692307692307692,0.8333333333333334,0.7142857142857143,0.705957305187087
6896919,20.0,15.0,8,619,3,4,41.333333333333336,123.0,0.0045619,0.004392,0.005059,5,6,21.4,84.5,0.135366,0.13409495,0.13663705,0.25,0.3333333333333333,0.2,0.9411764705882353
6920600,20.0,15.0,8,225,1,2,18.0,103.0,0.0013433,0.0012269000000000002,0.0014122,1,2,21.0,101.5,0.03395675,0.033544124999999994,0.03436937500000001,1.0,1.0,1.0,0.8571428571428571
6922501,20.0,15.0,8,273,4,3,27.5,53.0,0.0017737,0.0017689000000000001,0.0017963,5,5,23.2,30.4,0.0784088,0.07823614999999999,0.07858145,0.888888888888889,1.0,0.8,0.8288352272727273
6922622,20.0,15.0,8,453,4,4,35.0,77.25,0.0036391999999999996,0.0035383000000000003,0.0038712,7,7,23.428571428571427,40.285714285714285,0.14802245,0.14759282499999998,0.14845207500000002,0.5454545454545454,0.75,0.42857142857142855,0.9004166666666666
6941418,20.0,15.0,8,282,3,3,28.0,65.0,0.0020304,0.0019809000000000003,0.002404,4,3,29.5,53.333333333333336,0.09358455,0.09348082500000002,0.09368827499999999,0.8571428571428571,1.0,0.75,0.8845117845117846
6984632,20.0,15.0,8,617,2,3,31.5,184.0,0.0034749,0.0033488999999999997,0.004053599999999999,3,4,21.333333333333332,137.5,0.0759295,0.07555384999999999,0.07630515,0.4,0.5,0.3333333333333333,0.92
7555066,20.0,15.0,8,339,2,2,17.0,151.5,0.0023097,0.0022464,0.0023331999999999997,5,5,20.8,46.0,0.0865179,0.08578375,0.08725205,0.5714285714285715,1.0,0.4,0.75
7557391,20.0,15.0,8,302,1,1,15.0,286.0,0.0015106999999999998,0.0015104,0.001781,3,3,16.333333333333332,83.33333333333333,0.03600445,0.035496824999999996,0.036512075,0.5,1.0,0.3333333333333333,1.0
7563440,20.0,15.0,8,591,4,4,21.75,125.0,0.0034764,0.00341,0.0036139999999999996,6,6,21.666666666666668,75.83333333333333,0.1336315,0.13342375,0.13383925,0.8,1.0,0.6666666666666666,0.9145299145299146
7564587,20.0,15.0,8,242,3,3,29.0,50.666666666666664,0.0018394000000000001,0.0017002,0.0019037000000000001,3,3,21.0,58.666666666666664,0.09246275,0.088365925,0.096559575,0.6666666666666666,0.6666666666666666,0.6666666666666666,0.962962962962963
7583768,20.0,15.0,8,236,3,3,29.666666666666668,48.0,0.0019149000000000004,0.0017295,0.0019772,2,3,18.5,65.66666666666667,0.081571,0.0790095,0.08413250000000001,0.4,0.3333333333333333,0.5,0.8888888888888888
7598344,20.0,15.0,8,219,1,2,20.0,99.0,0.0012518,0.0012397,0.0012727,2,3,24.0,56.333333333333336,0.04943789999999999,0.04878325,0.05009254999999999,0.6666666666666666,1.0,0.5,0.6896551724137931
7613495,20.0,15.0,8,612,6,7,26.833333333333332,63.57142857142857,0.0054412,0.0049739,0.005551899999999999,6,7,26.166666666666668,64.14285714285714,0.28927725,0.283596725,0.29495777500000003,0.5,0.5,0.5,0.8586796345417036
7613518,20.0,15.0,8,285,4,4,30.75,39.5,0.0021527,0.0020202999999999996,0.0023048,3,4,25.333333333333332,51.5,0.10491025,0.104029575,0.10579092500000001,0.5714285714285715,0.5,0.6666666666666666,0.949874686716792
7613731,20.0,15.0,8,271,3,3,28.333333333333332,61.0,0.0019280999999999999,0.0019249,0.001956,3,3,20.666666666666668,68.66666666666667,0.07731105000000002,0.07717657500000001,0.07744552500000002,0.6666666666666666,0.6666666666666666,0.6666666666666666,0.9155172413793103
7691124,20.0,15.0,8,255,4,4,30.25,32.5,0.002156,0.0021226,0.002391,6,5,17.5,28.8,0.1057692,0.10561165000000002,0.10592675,0.2,0.25,0.16666666666666666,1.0
7691163,20.0,15.0,8,301,5,5,32.2,27.0,0.0025372,0.0025244,0.0026991,6,4,21.833333333333332,41.0,0.1162161,0.11537555000000001,0.11705665,0.5454545454545454,0.6,0.5,0.859906462585034
7691232,20.0,15.0,8,601,1,1,17.0,583.0,0.0024695,0.0023635,0.002891,1,1,20.0,580.0,0.021267800000000003,0.021064050000000004,0.02147155,1.0,1.0,1.0,0.85
7691423,20.0,15.0,8,303,3,3,28.666666666666668,71.33333333333333,0.0022779000000000002,0.0020341,0.0026594,4,4,22.25,52.5,0.0798483,0.07970445000000001,0.07999215,0.5714285714285715,0.6666666666666666,0.5,0.769893899204244
7691435,20.0,15.0,8,343,2,2,15.5,155.0,0.0018304,0.0017010999999999999,0.0018722000000000003,3,3,18.0,95.33333333333333,0.0416101,0.041565649999999996,0.041654550000000005,0.8,1.0,0.6666666666666666,0.8653250773993808
7691520,20.0,15.0,8,608,3,4,64.66666666666667,102.75,0.0067087,0.0064528,0.0068398999999999995,9,6,21.444444444444443,67.66666666666667,0.31188385,0.28470632500000004,0.339061375,0.16666666666666666,0.3333333333333333,0.1111111111111111,0.8888888888888888
7691542,20.0,15.0,8,368,5,5,31.2,41.4,0.0035028000000000004,0.0033668,0.0035779,7,7,22.0,29.571428571428573,0.14658010000000002,0.14563105,0.14752915,0.6666666666666666,0.8,0.5714285714285714,0.9109179384666641
7691885,20.0,15.0,8,251,4,4,27.25,34.5,0.0018707,0.0018643,0.0019471,6,6,20.666666666666668,20.166666666666668,0.0915663,0.0913185,0.09181410000000001,0.6,0.75,0.5,0.9040703177822853
7691909,20.0,15.0,8,624,6,7,29.333333333333332,63.142857142857146,0.0049533,0.0049242,0.0052904,11,10,23.09090909090909,35.9,0.23801525,0.231879875,0.244150625,0.7058823529411764,1.0,0.5454545454545454,0.8096384938490201
7795968,20.0,15.0,8,252,1,1,57.0,194.0,0.0018265,0.0018149000000000002,0.0019911,1,2,17.0,117.0,0.045071150000000004,0.04490352499999999,0.045238775,0.0,0.0,0.0,0.0
7797310,20.0,15.0,8,601,1,2,22.0,289.0,0.0025206,0.0024073000000000002,0.0026614,1,2,26.0,287.0,0.027400199999999996,0.027389900000000002,0.027410499999999997,1.0,1.0,1.0,0.8461538461538461
7799046,20.0,15.0,8,454,8,7,25.375,34.714285714285715,0.0037759000000000004,0.0034444000000000002,0.0039556999999999995,8,7,21.625,39.0,0.1783082,0.1766393,0.1799771,0.75,0.75,0.75,0.8292964404894327
7799135,20.0,15.0,8,329,3,3,25.666666666666668,83.0,0.0021798,0.0021548,0.0022291,6,6,18.0,35.833333333333336,0.103819,0.10327550000000002,0.1043625,0.4444444444444444,0.6666666666666666,0.3333333333333333,0.9333333333333333
7799180,20.0,15.0,8,645,10,10,33.5,30.0,0.005864899999999999,0.005851899999999998,0.0063307,10,8,27.4,45.125,0.3014153,0.30033365,0.30249694999999993,0.7,0.7,0.7,0.8767068664078631
7799209,20.0,15.0,8,525,5,5,23.8,80.2,0.0035284,0.0034371999999999996,0.003773,7,7,22.714285714285715,51.285714285714285,0.15219075,0.151132025,0.15324947500000002,0.8333333333333333,1.0,0.7142857142857143,0.928126088470916
7799211,20.0,15.0,8,232,3,3,33.333333333333336,43.0,0.0018323,0.0018208,0.0018904000000000002,3,3,21.333333333333332,55.0,0.0839521,0.08338035,0.08452385,0.6666666666666666,0.6666666666666666,0.6666666666666666,0.7972972972972974
7799420,20.0,15.0,8,317,3,3,32.666666666666664,72.0,0.002487,0.0023155,0.0027481999999999997,3,4,21.0,62.75,0.11463010000000001,0.11440415,0.11485605000000002,0.3333333333333333,0.3333333333333333,0.3333333333333333,0.875
7799507,20.0,15.0,8,310,2,2,92.5,61.5,0.0060206,0.0055412,0.0062314,4,4,27.0,49.5,0.12455454999999999,0.124426375,0.124682725,0.3333333333333333,0.5,0.25,0.896551724137931
7852277,20.0,15.0,8,247,2,2,37.5,85.0,0.0018724000000000002,0.0016404000000000002,0.0025294000000000002,1,1,16.0,230.0,0.06347090000000001,0.06316635,0.06377545,0.0,0.0,0.0,0.0
7852403,20.0,15.0,8,290,3,3,23.0,72.66666666666667,0.0019648,0.0019135,0.0020166,5,5,23.6,33.4,0.0864793,0.0858401,0.0871185,0.7499999999999999,1.0,0.6,0.8519480519480519
7852411,20.0,15.0,8,607,3,3,51.0,150.33333333333334,0.0050841,0.0050463999999999995,0.0051941999999999995,8,8,17.5,57.375,0.18162840000000002,0.18158575,0.18167105000000003,0.18181818181818182,0.3333333333333333,0.125,0.5
7852420,20.0,15.0,8,606,4,5,33.0,94.0,0.005106200000000001,0.0048782,0.0051916,10,10,18.8,40.8,0.1879867,0.18650905,0.18946434999999998,0.4285714285714285,0.75,0.3,0.8962842712842712
7852422,20.0,15.0,8,216,3,3,24.333333333333332,46.666666666666664,0.0014888,0.0014602,0.0015578,3,2,26.333333333333332,67.0,0.0649232,0.06306169999999998,0.0667847,1.0,1.0,1.0,0.9361054766734279
7852445,20.0,15.0,8,307,5,5,23.6,36.8,0.0028751999999999996,0.002598,0.0029688,5,5,23.4,37.0,0.11423470000000001,0.113089,0.11538040000000001,0.8000000000000002,0.8,0.8,0.7986111111111112
7852451,20.0,15.0,8,314,3,2,34.666666666666664,103.5,0.0032669,0.0027869,0.0032917,4,4,21.5,56.0,0.14953195000000002,0.14878332500000002,0.150280575,0.28571428571428575,0.3333333333333333,0.25,0.96
8354596,20.0,15.0,8,385,0,1,0.0,385.0,0.0016867000000000002,0.0016558000000000002,0.0018415,0,1,0.0,385.0,0.00521095,0.005114475,0.005307424999999999,nan,nan,nan,nan
10752853,20.0,30.0,15,615,1,2,50.0,282.0,0.0031904,0.0031596,0.0033766,0,1,0.0,615.0,0.0364829,0.036296199999999994,0.036669600000000004,0.0,0.0,0.0,0.0
10752864,20.0,30.0,15,232,1,2,45.0,93.0,0.0021615,0.0018644000000000002,0.0022481999999999997,1,2,48.0,91.5,0.09553294999999999,0.09533667499999998,0.095729225,1.0,1.0,1.0,0.9375
10752951,20.0,30.0,15,610,0,1,0.0,610.0,0.0025353000000000003,0.0025063000000000004,0.0025824,0,1,0.0,610.0,0.0065695,0.006541449999999999,0.00659755,nan,nan,nan,nan
10892045,20.0,30.0,15,323,1,2,46.0,138.0,0.002966,0.0025924,0.0029678,2,3,38.5,81.33333333333333,0.10137979999999999,0.10094455000000001,0.10181505,0.6666666666666666,1.0,0.5,0.9787234042553191
10934834,20.0,30.0,15,242,0,1,0.0,242.0,0.0016348,0.0015907,0.0019707999999999995,1,2,36.0,102.5,0.0547764,0.054480900000000006,0.0550719,0.0,0.0,0.0,0.0
10934933,20.0,30.0,15,423,0,1,0.0,423.0,0.0033839,0.003265,0.0036301,3,4,31.333333333333332,81.5,0.11374504999999999,0.11373397499999999,0.113756125,0.0,0.0,0.0,0.0
10935081,20.0,30.0,15,278,1,2,30.0,123.5,0.0018577000000000003,0.0018270000000000003,0.0019951,2,3,33.5,69.66666666666667,0.07094865,0.06991847500000001,0.071978825,0.6666666666666666,1.0,0.5,0.8571428571428571
10935136,20.0,30.0,15,308,1,1,47.0,260.0,0.0020918,0.001995,0.0022135,1,1,49.0,258.0,0.04932400000000001,0.048878000000000005,0.04977,1.0,1.0,1.0,0.9591836734693877
10935148,20.0,30.0,15,237,2,2,87.0,30.5,0.0046523,0.0043304,0.0053743,2,2,41.5,76.0,0.1218546,0.12156739999999999,0.12214180000000001,0.5,0.5,0.5,0.9705882352941176
10935358,20.0,30.0,15,636,4,5,41.5,93.2,0.005014,0.0048555,0.0051442,3,4,37.0,130.5,0.187202,0.18692875,0.18747525000000004,0.5714285714285715,0.5,0.6666666666666666,0.9492063492063492
10935638,20.0,30.0,15,228,0,1,0.0,228.0,0.0013262999999999999,0.0012933,0.0017781,0,1,0.0,228.0,0.0263187,0.02620715,0.02643025,nan,nan,nan,nan
10935844,20.0,30.0,15,607,0,1,0.0,607.0,0.0026741,0.0025513000000000003,0.0026816999999999995,0,1,0.0,607.0,0.023415300000000003,0.023254,0.023576600000000003,nan,nan,nan,nan
10969051,20.0,30.0,15,601,0,1,0.0,601.0,0.0026361,0.002472,0.002755,0,1,0.0,601.0,0.0185052,0.0182706,0.0187398,nan,nan,nan,nan
11058912,20.0,30.0,15,601,0,1,0.0,601.0,0.0027688999999999995,0.0027404,0.0032311999999999996,0,1,0.0,601.0,0.01989605,0.019429275,0.020362824999999998,nan,nan,nan,nan
11071635,20.0,30.0,15,423,1,2,48.0,187.0,0.0033031,0.0032749000000000003,0.0033725,1,2,30.0,196.0,0.095589,0.09487759999999999,0.09630040000000001,0.0,0.0,0.0,0.0
11071677,20.0,30.0,15,459,1,2,54.0,202.0,0.0035024,0.0034708,0.0035480999999999998,1,2,33.0,212.5,0.10884239999999999,0.108764,0.1089208,0.0,0.0,0.0,0.0
11071727,20.0,30.0,15,411,0,1,0.0,411.0,0.002338,0.002261,0.0024098,1,2,30.0,190.0,0.03000745,0.029859225000000003,0.030155675,0.0,0.0,0.0,0.0
11071733,20.0,30.0,15,257,0,1,0.0,257.0,0.0016664000000000002,0.0016145999999999999,0.001872,2,2,33.5,94.0,0.0537588,0.05371265,0.05380495,0.0,0.0,0.0,0.0
11071965,20.0,30.0,15,535,3,3,40.0,137.33333333333334,0.0041936000000000005,0.004059699999999999,0.0042306999999999996,3,3,37.333333333333336,140.0,0.1307469,0.12776505,0.13372875,0.6666666666666666,0.6666666666666666,0.6666666666666666,0.8633633633633633
11092058,20.0,30.0,15,446,1,1,47.0,398.0,0.0032325,0.0031464,0.003757,2,2,39.5,182.5,0.10884655,0.108638575,0.10905452500000001,0.6666666666666666,1.0,0.5,0.9791666666666666
11092072,20.0,30.0,15,247,0,1,0.0,247.0,0.0013089,0.0013012,0.0013208,0,1,0.0,247.0,0.013895949999999999,0.013589174999999998,0.014202725000000001,nan,nan,nan,nan
4300268,20.0,30.0,15,961,4,5,135.25,83.2,0.031215099999999996,0.030596400000000003,0.0312503,7,7,83.85714285714286,52.42857142857143,0.42354955000000005,0.422907975,0.42419112500000006,0.7272727272727273,1.0,0.5714285714285714,0.7959984243202978
4303167,20.0,30.0,15,610,2,3,46.5,171.66666666666666,0.0050226,0.0049677,0.005284200000000001,3,4,36.333333333333336,124.5,0.1280142,0.12794585,0.12808255,0.4,0.5,0.3333333333333333,0.9318181818181818
4303201,20.0,30.0,15,600,0,1,0.0,600.0,0.0037992,0.0037134,0.0041975,0,1,0.0,600.0,0.0620234,0.0615344,0.06251240000000001,nan,nan,nan,nan
4326816,20.0,30.0,15,606,5,5,39.2,81.0,0.005064399999999999,0.0050391,0.005159699999999999,6,6,40.166666666666664,59.833333333333336,0.18709874999999998,0.187013375,0.18718412499999998,0.9090909090909091,1.0,0.8333333333333334,0.9455791034362463
4453473,20.0,30.0,15,610,2,3,48.5,170.33333333333334,0.0038774999999999994,0.0038062,0.0043609,1,2,33.0,288.0,0.09941165,0.09628992499999998,0.102533375,0.0,0.0,0.0,0.0
4636267,20.0,30.0,15,624,3,4,51.0,117.0,0.0056961,0.0056233,0.005908399999999999,6,7,43.333333333333336,51.142857142857146,0.20150454999999998,0.201494525,0.201514575,0.6666666666666666,1.0,0.5,0.9500657920198151
4652239,20.0,30.0,15,601,4,4,43.25,106.0,0.0045765,0.0045517,0.0053114,4,5,38.25,88.8,0.1708631,0.17070665,0.17101955000000002,0.75,0.75,0.75,0.9440230287470338
4660369,20.0,30.0,15,640,2,3,59.5,173.0,0.0046139,0.0045133000000000005,0.005071399999999999,1,2,31.0,304.0,0.122348,0.12231589999999999,0.1223801,0.6666666666666666,0.5,1.0,0.543859649122807
4748312,20.0,30.0,15,624,4,5,49.0,84.8,0.0060596999999999995,0.0060495,0.0060841,4,5,52.25,82.2,0.1978914,0.19501034999999997,0.20077245,1.0,1.0,1.0,0.925545634920635
4748313,20.0,30.0,15,770,2,3,153.5,153.66666666666666,0.0164259,0.016200100000000002,0.0171264,4,5,60.75,104.6,0.24946825,0.249345175,0.249591325,0.0,0.0,0.0,0.0
4779685,20.0,30.0,15,669,4,5,67.25,79.2,0.0090021,0.0085932,0.0090182,5,6,55.6,64.33333333333333,0.242124,0.24170339999999998,0.24254459999999997,0.888888888888889,1.0,0.8,0.8605547725605585
4792372,20.0,30.0,15,609,3,3,52.333333333333336,149.66666666666666,0.0054172,0.0052881000000000004,0.0056437,4,4,44.25,107.0,0.16109614999999997,0.16094527499999997,0.161247025,0.8571428571428571,1.0,0.75,0.8268929027549717
4793806,20.0,30.0,15,609,3,4,57.666666666666664,108.25,0.005998699999999999,0.0057136,0.0062873,2,3,43.5,173.33333333333334,0.14318730000000002,0.14282935,0.14354525,0.4,0.3333333333333333,0.5,0.8596491228070176
4798549,20.0,30.0,15,661,4,5,56.5,86.2,0.0074903999999999995,0.0074468,0.0075752,5,6,38.0,77.66666666666667,0.20613365,0.20584042500000002,0.206426875,0.6666666666666665,0.75,0.6,0.7871523697610655
4944723,20.0,30.0,15,650,5,5,77.6,51.4,0.011193700000000001,0.0109742,0.011650800000000001,5,5,41.4,87.6,0.27867495000000003,0.278147825,0.279202075,0.4000000000000001,0.4,0.4,0.8648412975235438
4981908,20.0,30.0,15,251,0,1,0.0,251.0,0.0013362,0.0013067999999999999,0.0014492,0,1,0.0,251.0,0.034944199999999995,0.03457775,0.03531065,nan,nan,nan,nan
5084249,20.0,30.0,15,600,0,1,0.0,600.0,0.0034629,0.0033336999999999998,0.0035891,0,1,0.0,600.0,0.025004400000000006,0.024539650000000003,0.025469150000000006,nan,nan,nan,nan
5133027,20.0,30.0,15,628,5,4,62.6,77.5,0.0087185,0.0087155,0.0089114,4,4,46.5,109.5,0.21681655000000002,0.209482275,0.22415082500000005,0.6666666666666665,0.6,0.75,0.9361973775017254
5285957,20.0,30.0,15,387,1,2,31.0,177.5,0.0026359,0.0025761,0.0030925,2,2,33.5,159.0,0.055707000000000007,0.055666549999999995,0.055747450000000004,0.6666666666666666,1.0,0.5,0.8611111111111112
5286334,20.0,30.0,15,342,0,1,0.0,342.0,0.0018507000000000003,0.0017576,0.0019446,0,1,0.0,342.0,0.01625635,0.015960975000000002,0.016551725,nan,nan,nan,nan
5395622,20.0,30.0,15,231,1,2,34.0,98.0,0.0014946,0.0013111,0.0015224000000000001,1,2,36.0,97.0,0.0428717,0.04265975,0.04308365,1.0,1.0,1.0,0.9444444444444444
5538668,20.0,30.0,15,617,0,1,0.0,617.0,0.0024383,0.002399,0.002834,0,1,0.0,617.0,0.0072039,0.00701005,0.00739775,nan,nan,nan,nan
5670672,20.0,30.0,15,264,3,3,61.333333333333336,25.666666666666668,0.0053048999999999995,0.0047818999999999995,0.0053269,3,3,46.666666666666664,40.333333333333336,0.1469656,0.1459438,0.14798740000000002,0.6666666666666666,0.6666666666666666,0.6666666666666666,0.8425925925925926
5729758,20.0,30.0,15,253,0,1,0.0,253.0,0.0022021999999999996,0.0021035,0.0022429,0,1,0.0,253.0,0.0787574,0.07837585,0.07913895,nan,nan,nan,nan
5763820,20.0,30.0,15,989,5,4,129.0,84.75,0.0313187,0.0307431,0.0314917,4,3,138.75,143.33333333333334,0.3841211,0.38336085,0.3848813499999999,0.888888888888889,0.8,1.0,0.9414408219882554
5917923,20.0,30.0,15,272,0,1,0.0,272.0,0.0018192,0.001816,0.0023281,0,1,0.0,272.0,0.052860199999999996,0.052664949999999995,0.05305545,nan,nan,nan,nan
5936666,20.0,30.0,15,602,0,1,0.0,602.0,0.0040513,0.0040143,0.0040704,3,4,33.666666666666664,124.5,0.0933716,0.0927734,0.09396979999999999,0.0,0.0,0.0,0.0
6014730,20.0,30.0,15,219,0,1,0.0,219.0,0.0011172,0.0011072,0.0011274000000000002,0,1,0.0,219.0,0.023785800000000003,0.02370555,0.02386605,nan,nan,nan,nan
6051512,20.0,30.0,15,601,1,2,34.0,283.0,0.0039571,0.003940000000000001,0.0040245,1,2,38.0,281.0,0.0914276,0.0905505,0.09230469999999998,1.0,1.0,1.0,0.8947368421052632
6053686,20.0,30.0,15,602,0,1,0.0,602.0,0.0036709,0.0035230999999999995,0.0043947,0,1,0.0,602.0,0.09675095,0.096401925,0.097099975,nan,nan,nan,nan
6171971,20.0,30.0,15,372,1,2,34.0,168.5,0.0023025,0.002291,0.0024258,1,2,43.0,164.0,0.05325785,0.05302612500000001,0.053489575,1.0,1.0,1.0,0.7906976744186046
6172561,20.0,30.0,15,239,0,1,0.0,239.0,0.0016792999999999999,0.0016354000000000002,0.0017429000000000001,2,2,35.5,83.0,0.06432939999999998,0.06422499999999999,0.0644338,0.0,0.0,0.0,0.0
6357847,20.0,30.0,15,716,7,8,56.714285714285715,39.0,0.0081677,0.0081198,0.0090369,6,7,46.166666666666664,61.857142857142854,0.2669392,0.2668099,0.2670685,0.923076923076923,0.8571428571428571,1.0,0.8174872733122122
6358495,20.0,30.0,15,308,1,2,32.0,137.5,0.0019384,0.0019177,0.0019924,1,2,48.0,129.5,0.0600643,0.0591271,0.06100149999999999,1.0,1.0,1.0,0.6666666666666666
6422329,20.0,30.0,15,269,0,1,0.0,269.0,0.0023773,0.002314,0.0031618,2,3,36.5,64.66666666666667,0.04947875,0.048999175000000006,0.049958325000000005,0.0,0.0,0.0,0.0
6547817,20.0,30.0,15,320,1,1,33.0,286.0,0.0023192,0.0023036999999999997,0.0024219000000000003,1,1,33.0,286.0,0.0890991,0.0881706,0.0900276,1.0,1.0,1.0,1.0
6547822,20.0,30.0,15,341,4,5,41.75,34.0,0.0036977,0.0036648,0.0038161000000000002,4,4,44.5,39.75,0.15489039999999998,0.154595,0.1551858,0.75,0.75,0.75,0.8380952380952381
6756778,20.0,30.0,15,498,2,2,37.5,210.5,0.0050805,0.0049518,0.0050866999999999996,4,4,36.5,87.0,0.19425485000000003,0.193519275,0.19499042500000002,0.6666666666666666,1.0,0.5,0.9428571428571428
6896919,20.0,30.0,15,619,1,2,57.0,280.5,0.0049223,0.0048138,0.0057653,3,4,37.0,126.25,0.0961875,0.09593704999999998,0.09643795,0.5,1.0,0.3333333333333333,0.5614035087719298
6920600,20.0,30.0,15,225,0,1,0.0,225.0,0.0012090999999999998,0.0011591,0.001244,0,1,0.0,225.0,0.014841100000000001,0.0145743,0.015107900000000004,nan,nan,nan,nan
6922501,20.0,30.0,15,273,1,1,34.0,238.0,0.0017760999999999999,0.0017482,0.0017935,3,3,33.333333333333336,56.666666666666664,0.07315189999999999,0.0731025,0.0732013,0.5,1.0,0.3333333333333333,0.9444444444444444
6922622,20.0,30.0,15,453,1,2,33.0,209.5,0.0037445999999999994,0.0036722000000000005,0.0037817999999999997,0,1,0.0,453.0,0.09921875,0.098381575,0.100055925,0.0,0.0,0.0,0.0
6941418,20.0,30.0,15,282,1,2,35.0,123.0,0.0020427,0.0020205,0.0020819000000000002,2,3,37.5,68.33333333333333,0.06254485,0.06233937500000001,0.06275032500000001,0.6666666666666666,1.0,0.5,0.8333333333333334
6984632,20.0,30.0,15,617,1,2,41.0,287.5,0.003269,0.0032599000000000005,0.0037386,1,2,44.0,286.0,0.05354135,0.053220675,0.053862024999999994,1.0,1.0,1.0,0.9318181818181818
7555066,20.0,30.0,15,339,0,1,0.0,339.0,0.0021038000000000003,0.0020312,0.0021451,0,1,0.0,339.0,0.05138595000000001,0.051312275,0.05145962500000001,nan,nan,nan,nan
7557391,20.0,30.0,15,302,0,1,0.0,302.0,0.001585,0.0014620999999999998,0.0016077,0,1,0.0,302.0,0.02294535,0.022839875,0.023050824999999997,nan,nan,nan,nan
7563440,20.0,30.0,15,591,0,1,0.0,591.0,0.003818,0.0038122,0.0047123,0,1,0.0,591.0,0.07045180000000001,0.06995274999999998,0.07095085,nan,nan,nan,nan
7564587,20.0,30.0,15,242,1,2,44.0,98.5,0.0019474000000000004,0.0018794,0.0021666,0,1,0.0,242.0,0.0574928,0.056930350000000005,0.058055249999999996,0.0,0.0,0.0,0.0
7583768,20.0,30.0,15,236,2,2,36.0,81.0,0.001583,0.0015505,0.0016449000000000001,1,2,37.0,99.0,0.059027649999999994,0.05876862499999999,0.059286675,0.6666666666666666,0.5,1.0,0.918918918918919
7598344,20.0,30.0,15,219,0,1,0.0,219.0,0.0012350999999999998,0.0012192000000000001,0.0012362,0,1,0.0,219.0,0.02619435,0.025871774999999996,0.026516925,nan,nan,nan,nan
7613495,20.0,30.0,15,612,1,2,34.0,288.5,0.004911100000000001,0.004799,0.0054412,3,4,34.666666666666664,126.25,0.145114,0.144819,0.145409,0.5,1.0,0.3333333333333333,0.8292682926829268
7613518,20.0,30.0,15,285,2,2,35.5,106.0,0.0025273,0.0024376999999999997,0.0027374,3,3,36.333333333333336,57.666666666666664,0.09009484999999999,0.084210025,0.095979675,0.8,1.0,0.6666666666666666,0.9473684210526316
7613731,20.0,30.0,15,271,1,1,38.0,232.0,0.0020688,0.0020556,0.0022670999999999998,2,2,37.5,97.0,0.061964,0.0618317,0.0620963,0.6666666666666666,1.0,0.5,0.9743589743589743
7691124,20.0,30.0,15,255,2,3,39.5,58.0,0.0023454,0.0021106,0.0023602,1,2,39.0,107.5,0.0891533,0.0884915,0.08981510000000001,0.6666666666666666,0.5,1.0,0.9487179487179487
7691163,20.0,30.0,15,301,1,2,35.0,132.5,0.0027718,0.0026008000000000008,0.0029984,4,5,33.25,32.8,0.17858615000000003,0.16407537500000002,0.19309692500000003,0.4,1.0,0.25,0.8974358974358975
7691232,20.0,30.0,15,601,0,1,0.0,601.0,0.0032311,0.0027169,0.00352,0,1,0.0,601.0,0.02256095,0.022264875,0.022857025000000003,nan,nan,nan,nan
7691423,20.0,30.0,15,303,1,2,44.0,129.0,0.0025811999999999996,0.002352,0.0031483,0,1,0.0,303.0,0.06999025,0.068824025,0.07115647500000001,0.0,0.0,0.0,0.0
7691435,20.0,30.0,15,343,0,1,0.0,343.0,0.0019149000000000002,0.0017895,0.0033387,0,1,0.0,343.0,0.0380044,0.036094100000000004,0.0399147,nan,nan,nan,nan
7691520,20.0,30.0,15,608,1,2,68.0,269.5,0.0064044,0.0062981,0.006714300000000001,3,4,32.0,127.25,0.16591514999999996,0.16284397499999997,0.168986325,0.0,0.0,0.0,0.0
7691542,20.0,30.0,15,368,1,2,68.0,149.5,0.0033121,0.0032941999999999997,0.0036674,1,2,35.0,166.0,0.17530759999999998,0.16592004999999999,0.18469515,1.0,1.0,1.0,0.5147058823529411
7691885,20.0,30.0,15,251,1,2,44.0,103.0,0.0028725,0.0023903,0.002944,0,1,0.0,251.0,0.08808614999999999,0.08804292500000001,0.08812937500000001,0.0,0.0,0.0,0.0
7691909,20.0,30.0,15,624,2,3,37.0,182.66666666666666,0.006891100000000001,0.0063953000000000005,0.0073835,3,4,41.0,124.5,0.20996209999999998,0.19295785000000001,0.22696635000000004,0.8,1.0,0.6666666666666666,0.8479501816294759
7795968,20.0,30.0,15,252,1,1,58.0,193.0,0.0020001,0.0017627,0.0024606999999999997,1,1,70.0,181.0,0.045394149999999994,0.044830625,0.045957674999999996,1.0,1.0,1.0,0.8285714285714286
7797310,20.0,30.0,15,601,0,1,0.0,601.0,0.0023677,0.0023669,0.0024063,0,1,0.0,601.0,0.0225897,0.0211354,0.024044000000000003,nan,nan,nan,nan
7799046,20.0,30.0,15,454,0,1,0.0,454.0,0.0037309,0.003711699999999999,0.0042046,2,3,31.0,130.0,0.15664175,0.153649225,0.159634275,0.0,0.0,0.0,0.0
7799135,20.0,30.0,15,329,1,2,31.0,148.5,0.002429,0.0023471,0.0026799000000000003,1,2,38.0,145.0,0.10732455,0.104232125,0.11041697499999999,1.0,1.0,1.0,0.8157894736842105
7799180,20.0,30.0,15,645,5,6,39.4,73.83333333333333,0.0065475,0.006427200000000001,0.006652399999999999,7,7,36.142857142857146,55.0,0.31928270000000003,0.2920988,0.3464666,0.6666666666666666,0.8,0.5714285714285714,0.827935077935078
7799209,20.0,30.0,15,525,0,1,0.0,525.0,0.0034611999999999998,0.0034229,0.0043268000000000004,2,3,32.0,153.0,0.10022675000000002,0.09931242500000001,0.101141075,0.0,0.0,0.0,0.0
7799211,20.0,30.0,15,232,2,3,39.5,50.333333333333336,0.0017112,0.0016663,0.0018632,2,3,42.5,48.333333333333336,0.09123880000000001,0.0909105,0.09156710000000001,1.0,1.0,1.0,0.9277777777777778
7799420,20.0,30.0,15,317,2,2,31.5,126.0,0.0027976999999999993,0.0027925,0.0031697,3,3,35.333333333333336,69.33333333333333,0.09256675,0.090997675,0.09413582499999998,0.8,1.0,0.6666666666666666,0.856468023255814
7799507,20.0,30.0,15,310,1,1,149.0,160.0,0.0062559,0.006153100000000001,0.0067242,3,4,38.0,48.25,0.13431385,0.13388757499999998,0.134740125,0.0,0.0,0.0,0.0
7852277,20.0,30.0,15,247,1,1,45.0,201.0,0.0017195,0.0016071,0.0018659000000000002,2,2,39.0,83.5,0.05402875,0.05246222500000001,0.055595275,0.6666666666666666,1.0,0.5,0.9782608695652174
7852403,20.0,30.0,15,290,0,1,0.0,290.0,0.0028845999999999998,0.0028224,0.0030229000000000002,1,2,32.0,128.5,0.0864125,0.07765109999999999,0.0951739,0.0,0.0,0.0,0.0
7852411,20.0,30.0,15,607,3,3,45.333333333333336,156.0,0.0060694,0.005986600000000001,0.006110499999999999,2,3,56.0,164.33333333333334,0.1486739,0.14619680000000002,0.151151,0.8,0.6666666666666666,1.0,0.8074866310160428
7852420,20.0,30.0,15,606,1,2,53.0,276.0,0.0057522,0.005022899999999999,0.0061176,2,3,40.0,174.66666666666666,0.1263738,0.12513055,0.12761705,0.6666666666666666,1.0,0.5,0.7547169811320755
7852422,20.0,30.0,15,216,0,1,0.0,216.0,0.0017237,0.0015079000000000002,0.0017285,1,2,35.0,90.0,0.046880649999999996,0.046809925,0.046951375,0.0,0.0,0.0,0.0
7852445,20.0,30.0,15,307,0,1,0.0,307.0,0.0032269,0.0027202,0.0041584,2,2,42.0,110.5,0.10053125000000002,0.09646322499999999,0.104599275,0.0,0.0,0.0,0.0
7852451,20.0,30.0,15,314,1,2,54.0,129.5,0.0046302,0.0043796,0.0047008,1,2,57.0,128.0,0.16009895000000002,0.151765125,0.168432775,1.0,1.0,1.0,0.9473684210526315
8354596,20.0,30.0,15,385,0,1,0.0,385.0,0.0023745999999999997,0.0021811,0.0029803000000000004,0,1,0.0,385.0,0.007638549999999999,0.007149174999999999,0.008127925,nan,nan,nan,nan
10752853,20.0,60.0,30,615,0,1,0.0,615.0,0.0052978,0.005111299999999999,0.0058388,0,1,0.0,615.0,0.0736928,0.0703997,0.07698590000000001,nan,nan,nan,nan
10752864,20.0,60.0,30,232,0,1,0.0,232.0,0.004947399999999999,0.004542399999999999,0.0052446,0,1,0.0,232.0,0.046289500000000004,0.04621625,0.04636275,nan,nan,nan,nan
10752951,20.0,60.0,30,610,0,1,0.0,610.0,0.0037954,0.0036005,0.004508600000000001,0,1,0.0,610.0,0.013719599999999998,0.0125392,0.014899999999999998,nan,nan,nan,nan
10892045,20.0,60.0,30,323,0,1,0.0,323.0,0.0044016,0.0041513999999999995,0.0044654,1,2,63.0,129.5,0.049874350000000005,0.048831925000000005,0.050916775000000004,0.0,0.0,0.0,0.0
10934834,20.0,60.0,30,242,0,1,0.0,242.0,0.0025581999999999996,0.002189,0.0036771,0,1,0.0,242.0,0.0460962,0.043852449999999994,0.04833994999999999,nan,nan,nan,nan
10934933,20.0,60.0,30,423,0,1,0.0,423.0,0.0043835,0.0040479,0.005118800000000001,0,1,0.0,423.0,0.0563925,0.055724949999999995,0.05706005,nan,nan,nan,nan
10935081,20.0,60.0,30,278,0,1,0.0,278.0,0.0031291,0.0027746,0.0034975,0,1,0.0,278.0,0.052390950000000006,0.052095875,0.052686025000000004,nan,nan,nan,nan
10935136,20.0,60.0,30,308,0,1,0.0,308.0,0.0022576,0.0022340999999999997,0.0023404000000000003,0,1,0.0,308.0,0.06379325,0.059203425,0.068383075,nan,nan,nan,nan
10935148,20.0,60.0,30,237,0,1,0.0,237.0,0.0072776,0.0070415,0.0078967,0,1,0.0,237.0,0.13295815,0.12438352499999998,0.141532775,nan,nan,nan,nan
10935358,20.0,60.0,30,636,0,1,0.0,636.0,0.0081017,0.007249499999999999,0.0090665,0,1,0.0,636.0,0.16517239999999997,0.16335345,0.16699134999999998,nan,nan,nan,nan
10935638,20.0,60.0,30,228,0,1,0.0,228.0,0.0016683,0.0013284000000000002,0.0017683,0,1,0.0,228.0,0.0038001999999999997,0.0035368,0.0040636,nan,nan,nan,nan
10935844,20.0,60.0,30,607,0,1,0.0,607.0,0.0035291999999999997,0.0035020000000000003,0.0046957,0,1,0.0,607.0,0.011161350000000002,0.011008175,0.011314525,nan,nan,nan,nan
10969051,20.0,60.0,30,601,0,1,0.0,601.0,0.003854,0.003039,0.0039541,0,1,0.0,601.0,0.010238699999999998,0.010164,0.0103134,nan,nan,nan,nan
11058912,20.0,60.0,30,601,0,1,0.0,601.0,0.0038318000000000002,0.0037125,0.0038559,0,1,0.0,601.0,0.009065950000000001,0.008830075000000001,0.009301825000000001,nan,nan,nan,nan
11071635,20.0,60.0,30,423,0,1,0.0,423.0,0.004051,0.003986999999999999,0.0060431,0,1,0.0,423.0,0.04312855,0.042718675000000005,0.043538425000000006,nan,nan,nan,nan
11071677,20.0,60.0,30,459,0,1,0.0,459.0,0.004724600000000001,0.0041864,0.0048014,1,2,78.0,190.0,0.06440984999999999,0.063119225,0.06570047500000001,0.0,0.0,0.0,0.0
11071727,20.0,60.0,30,411,0,1,0.0,411.0,0.0026436,0.0025326999999999997,0.002964,0,1,0.0,411.0,0.006662650000000002,0.006634575,0.0066907250000000015,nan,nan,nan,nan
11071733,20.0,60.0,30,257,0,1,0.0,257.0,0.0018742000000000001,0.0018717,0.0019914,0,1,0.0,257.0,0.027070649999999998,0.027026824999999997,0.027114475,nan,nan,nan,nan
11071965,20.0,60.0,30,535,0,1,0.0,535.0,0.004376,0.0042591,0.0045268999999999995,0,1,0.0,535.0,0.10840175,0.108254825,0.108548675,nan,nan,nan,nan
11092058,20.0,60.0,30,446,0,1,0.0,446.0,0.0033786999999999997,0.003191,0.0034133,0,1,0.0,446.0,0.07037534999999999,0.06839857500000002,0.072352125,nan,nan,nan,nan
11092072,20.0,60.0,30,247,0,1,0.0,247.0,0.0015323,0.0013722,0.0017929,0,1,0.0,247.0,0.00347045,0.003371925,0.003568975,nan,nan,nan,nan
4300268,20.0,60.0,30,961,3,4,170.0,112.0,0.0344026,0.034206400000000005,0.0347781,3,3,172.0,147.33333333333334,0.451798,0.43300679999999997,0.4705892,1.0,1.0,1.0,0.9622241987777236
4303167,20.0,60.0,30,610,0,1,0.0,610.0,0.0048928999999999995,0.0042481,0.005193099999999999,0,1,0.0,610.0,0.12417880000000002,0.12151565,0.12684195,nan,nan,nan,nan
4303201,20.0,60.0,30,600,0,1,0.0,600.0,0.0045105,0.004341,0.0049498,0,1,0.0,600.0,0.010148200000000001,0.0100026,0.0102938,nan,nan,nan,nan
4326816,20.0,60.0,30,606,0,1,0.0,606.0,0.0060684,0.005604,0.0063891,0,1,0.0,606.0,0.1555588,0.1548973,0.15622029999999995,nan,nan,nan,nan
4453473,20.0,60.0,30,610,0,1,0.0,610.0,0.0042924,0.0040641,0.0047695,0,1,0.0,610.0,0.08934265,0.089064825,0.08962047499999999,nan,nan,nan,nan
4636267,20.0,60.0,30,624,0,1,0.0,624.0,0.0063451,0.0063051,0.0069101000000000015,0,1,0.0,624.0,0.14931290000000003,0.14692,0.15170580000000003,nan,nan,nan,nan
4652239,20.0,60.0,30,601,0,1,0.0,601.0,0.0065556,0.005610100000000001,0.0067335,1,1,60.0,540.0,0.14033225,0.135223675,0.14544082500000002,0.0,0.0,0.0,0.0
4660369,20.0,60.0,30,640,0,1,0.0,640.0,0.009214700000000001,0.0087616,0.009931200000000001,2,3,62.5,171.0,0.08616040000000001,0.08510565,0.08721514999999999,0.0,0.0,0.0,0.0
4748312,20.0,60.0,30,624,1,2,65.0,279.0,0.0066535000000000006,0.006150300000000001,0.0070556,1,2,70.0,276.5,0.13480175,0.134799625,0.134803875,1.0,1.0,1.0,0.9285714285714286
4748313,20.0,60.0,30,770,2,3,151.5,155.0,0.0177188,0.0175539,0.0182445,3,4,89.33333333333333,124.75,0.22010100000000002,0.21898510000000002,0.2212169,0.4,0.5,0.3333333333333333,0.9054054054054054
4779685,20.0,60.0,30,669,2,3,79.5,169.33333333333334,0.009147,0.0089813,0.009485299999999999,3,4,76.66666666666667,109.0,0.19288465,0.19222722499999997,0.193542075,0.8,1.0,0.6666666666666666,0.9377099664053752
4792372,20.0,60.0,30,609,0,1,0.0,609.0,0.0058318,0.0058097999999999995,0.0059096,1,2,67.0,270.5,0.11128535,0.107866375,0.114704325,0.0,0.0,0.0,0.0
4793806,20.0,60.0,30,609,1,2,68.0,270.0,0.006204199999999999,0.0060245,0.0065635,2,3,66.0,158.33333333333334,0.11962685,0.11745202499999999,0.121801675,0.6666666666666666,1.0,0.5,0.9444444444444444
4798549,20.0,60.0,30,661,2,3,74.5,170.0,0.0079336,0.007729,0.008215,2,3,80.5,166.0,0.17070325,0.170282625,0.171123875,1.0,1.0,1.0,0.9273865414710485
4944723,20.0,60.0,30,650,2,2,90.0,234.0,0.0116177,0.011601299999999998,0.011749299999999999,1,2,77.0,286.0,0.26953655,0.26755697500000003,0.271516125,0.6666666666666666,0.5,1.0,0.974025974025974
4981908,20.0,60.0,30,251,0,1,0.0,251.0,0.0014838,0.0013317000000000001,0.0015715,0,1,0.0,251.0,0.0042277,0.00415325,0.00430215,nan,nan,nan,nan
5084249,20.0,60.0,30,600,0,1,0.0,600.0,0.0033832,0.0032451999999999997,0.0038076,0,1,0.0,600.0,0.00931085,0.009151825,0.009469875,nan,nan,nan,nan
5133027,20.0,60.0,30,628,2,2,82.0,231.0,0.009201,0.009149899999999999,0.0094738,2,2,76.5,236.5,0.219678,0.21761890000000003,0.2217371,1.0,1.0,1.0,0.8674681753889675
5285957,20.0,60.0,30,387,0,1,0.0,387.0,0.0026715,0.0026555999999999997,0.003012,0,1,0.0,387.0,0.029215949999999997,0.028856274999999997,0.029575625,nan,nan,nan,nan
5286334,20.0,60.0,30,342,0,1,0.0,342.0,0.002531,0.0023331,0.0032545,0,1,0.0,342.0,0.00444555,0.004267225,0.004623875,nan,nan,nan,nan
5395622,20.0,60.0,30,231,0,1,0.0,231.0,0.0013788,0.0013543,0.0013843,0,1,0.0,231.0,0.025082,0.0247188,0.0254452,nan,nan,nan,nan
5538668,20.0,60.0,30,617,0,1,0.0,617.0,0.0024697,0.0024228,0.0026771000000000004,0,1,0.0,617.0,0.0084576,0.008256,0.008659199999999999,nan,nan,nan,nan
5670672,20.0,60.0,30,264,0,1,0.0,264.0,0.0047677,0.0046506,0.0051418,2,2,66.5,64.5,0.13256194999999998,0.130559725,0.13456417499999998,0.0,0.0,0.0,0.0
5729758,20.0,60.0,30,253,0,1,0.0,253.0,0.0024594,0.0024346999999999997,0.0026986,0,1,0.0,253.0,0.03018015,0.029451724999999998,0.030908575,nan,nan,nan,nan
5763820,20.0,60.0,30,989,2,2,263.5,230.0,0.0403651,0.039794699999999995,0.042497099999999996,0,1,0.0,989.0,0.44567695,0.44504102500000003,0.446312875,0.0,0.0,0.0,0.0
5917923,20.0,60.0,30,272,0,1,0.0,272.0,0.0019948,0.0018997999999999999,0.0022138,0,1,0.0,272.0,0.0057027,0.0055912,0.005814199999999999,nan,nan,nan,nan
5936666,20.0,60.0,30,602,0,1,0.0,602.0,0.0043571999999999994,0.0041725,0.0044773,0,1,0.0,602.0,0.04955575,0.048653125,0.050458375,nan,nan,nan,nan
6014730,20.0,60.0,30,219,0,1,0.0,219.0,0.001107,0.0010956,0.0011095999999999999,0,1,0.0,219.0,0.00333905,0.003315375,0.003362725,nan,nan,nan,nan
6051512,20.0,60.0,30,601,0,1,0.0,601.0,0.004201,0.0040066,0.0045171000000000005,0,1,0.0,601.0,0.07519039999999999,0.0732421,0.07713870000000002,nan,nan,nan,nan
6053686,20.0,60.0,30,602,0,1,0.0,602.0,0.004329899999999999,0.0038258,0.0043614,0,1,0.0,602.0,0.01372275,0.013711275,0.013734225000000001,nan,nan,nan,nan
6171971,20.0,60.0,30,372,0,1,0.0,372.0,0.0024275,0.0024256,0.0026297,0,1,0.0,372.0,0.028493099999999997,0.027878000000000003,0.0291082,nan,nan,nan,nan
6172561,20.0,60.0,30,239,0,1,0.0,239.0,0.0018737,0.0016264,0.0021636,0,1,0.0,239.0,0.0437598,0.04371575,0.04380385,nan,nan,nan,nan
6357847,20.0,60.0,30,716,2,3,79.5,185.0,0.009771,0.0089664,0.0117487,3,4,75.66666666666667,121.5,0.26365635000000004,0.262401325,0.264911375,0.8,1.0,0.6666666666666666,0.9698067632850241
6358495,20.0,60.0,30,308,0,1,0.0,308.0,0.002056,0.0020357,0.0026791999999999996,0,1,0.0,308.0,0.027847149999999998,0.027153474999999996,0.028540825000000002,nan,nan,nan,nan
6422329,20.0,60.0,30,269,0,1,0.0,269.0,0.00208,0.0020708000000000002,0.002273,0,1,0.0,269.0,0.0037863999999999997,0.0036967999999999997,0.003876,nan,nan,nan,nan
6547817,20.0,60.0,30,320,0,1,0.0,320.0,0.0025894,0.0024715,0.0036158,0,1,0.0,320.0,0.0248726,0.024706950000000002,0.025038250000000005,nan,nan,nan,nan
6547822,20.0,60.0,30,341,0,1,0.0,341.0,0.0039951,0.0038437,0.0040606999999999996,0,1,0.0,341.0,0.1318153,0.1313853,0.13224529999999998,nan,nan,nan,nan
6756778,20.0,60.0,30,498,0,1,0.0,498.0,0.0055809,0.0053257,0.006302,2,3,63.5,123.0,0.09826829999999999,0.09810785,0.09842874999999998,0.0,0.0,0.0,0.0
6896919,20.0,60.0,30,619,0,1,0.0,619.0,0.0051721,0.004915,0.0054754,1,2,61.0,278.5,0.09560255000000001,0.093021825,0.098183275,0.0,0.0,0.0,0.0
6920600,20.0,60.0,30,225,0,1,0.0,225.0,0.0011010999999999998,0.0010936,0.0011252,0,1,0.0,225.0,0.0035265500000000003,0.003447875,0.0036052250000000005,nan,nan,nan,nan
6922501,20.0,60.0,30,273,0,1,0.0,273.0,0.0017541,0.0017388,0.0019831,0,1,0.0,273.0,0.0683645,0.06572829999999999,0.0710007,nan,nan,nan,nan
6922622,20.0,60.0,30,453,0,1,0.0,453.0,0.004290100000000001,0.0040306,0.004472,0,1,0.0,453.0,0.04913515,0.048755574999999995,0.049514725,nan,nan,nan,nan
6941418,20.0,60.0,30,282,0,1,0.0,282.0,0.0020665,0.0019516,0.0021206999999999997,0,1,0.0,282.0,0.0460264,0.04569395,0.04635885000000001,nan,nan,nan,nan
6984632,20.0,60.0,30,617,0,1,0.0,617.0,0.0037698999999999996,0.0036122000000000003,0.0041168,0,1,0.0,617.0,0.03324585,0.032751325,0.033740375,nan,nan,nan,nan
7555066,20.0,60.0,30,339,0,1,0.0,339.0,0.0020508,0.001996,0.002467,0,1,0.0,339.0,0.0051498,0.00507805,0.00522155,nan,nan,nan,nan
7557391,20.0,60.0,30,302,0,1,0.0,302.0,0.0015529,0.0014583,0.0015620000000000002,0,1,0.0,302.0,0.00452475,0.004432425,0.004617075,nan,nan,nan,nan
7563440,20.0,60.0,30,591,0,1,0.0,591.0,0.0036109000000000002,0.0035231,0.0039602,0,1,0.0,591.0,0.008023249999999999,0.007821225,0.008225274999999999,nan,nan,nan,nan
7564587,20.0,60.0,30,242,0,1,0.0,242.0,0.0017318,0.001663,0.0020141,0,1,0.0,242.0,0.03152195,0.031492624999999996,0.031551275,nan,nan,nan,nan
7583768,20.0,60.0,30,236,0,1,0.0,236.0,0.0016055,0.0015547,0.0016317,0,1,0.0,236.0,0.046817899999999996,0.04678615,0.04684965,nan,nan,nan,nan
7598344,20.0,60.0,30,219,0,1,0.0,219.0,0.0011965,0.0011906,0.0012427,0,1,0.0,219.0,0.00380225,0.0035972249999999995,0.004007275,nan,nan,nan,nan
7613495,20.0,60.0,30,612,0,1,0.0,612.0,0.0048826,0.004739,0.0049408,0,1,0.0,612.0,0.07494234999999999,0.07456787499999999,0.075316825,nan,nan,nan,nan
7613518,20.0,60.0,30,285,0,1,0.0,285.0,0.0022363,0.0021909,0.0022410999999999998,0,1,0.0,285.0,0.0701152,0.06898415,0.07124625,nan,nan,nan,nan
7613731,20.0,60.0,30,271,0,1,0.0,271.0,0.0018566,0.0018024,0.0021031,0,1,0.0,271.0,0.0419081,0.041903550000000005,0.041912649999999996,nan,nan,nan,nan
7691124,20.0,60.0,30,255,0,1,0.0,255.0,0.0019349,0.0019244000000000002,0.0021558000000000003,0,1,0.0,255.0,0.052204,0.0521661,0.0522419,nan,nan,nan,nan
7691163,20.0,60.0,30,301,0,1,0.0,301.0,0.0029899999999999996,0.0028636,0.0030651999999999997,0,1,0.0,301.0,0.08070625000000002,0.080132875,0.081279625,nan,nan,nan,nan
7691232,20.0,60.0,30,601,0,1,0.0,601.0,0.0024234,0.0024016999999999997,0.0030077,0,1,0.0,601.0,0.007812900000000001,0.0075053,0.008120500000000001,nan,nan,nan,nan
7691423,20.0,60.0,30,303,0,1,0.0,303.0,0.0023269000000000002,0.0020457,0.0024038,0,1,0.0,303.0,0.0323975,0.0317065,0.0330885,nan,nan,nan,nan
7691435,20.0,60.0,30,343,0,1,0.0,343.0,0.0017181,0.0017167,0.0018549999999999999,0,1,0.0,343.0,0.00515,0.00478625,0.00551375,nan,nan,nan,nan
7691520,20.0,60.0,30,608,0,1,0.0,608.0,0.0065308,0.0063301,0.0071225,1,2,99.0,254.0,0.12264159999999999,0.121362,0.12392119999999998,0.0,0.0,0.0,0.0
7691542,20.0,60.0,30,368,1,2,63.0,152.0,0.0050025,0.0045493999999999995,0.0056927,1,2,72.0,147.5,0.0461319,0.045574350000000007,0.04668945000000001,1.0,1.0,1.0,0.875
7691885,20.0,60.0,30,251,0,1,0.0,251.0,0.0017672999999999999,0.0017146,0.0018544000000000002,0,1,0.0,251.0,0.0324784,0.031637849999999995,0.03331895000000001,nan,nan,nan,nan
7691909,20.0,60.0,30,624,0,1,0.0,624.0,0.004999100000000001,0.0049838,0.0054087,0,1,0.0,624.0,0.07527715000000001,0.074596025,0.07595827499999999,nan,nan,nan,nan
7795968,20.0,60.0,30,252,0,1,0.0,252.0,0.0017821,0.0017615999999999999,0.0018215,0,1,0.0,252.0,0.039208049999999994,0.038463625,0.039952475,nan,nan,nan,nan
7797310,20.0,60.0,30,601,0,1,0.0,601.0,0.0024625,0.0022171,0.0029738,0,1,0.0,601.0,0.00869845,0.008627825,0.008769075000000001,nan,nan,nan,nan
7799046,20.0,60.0,30,454,0,1,0.0,454.0,0.0033014,0.0031103000000000003,0.0033599000000000003,0,1,0.0,454.0,0.02799725,0.027925825,0.028068675,nan,nan,nan,nan
7799135,20.0,60.0,30,329,0,1,0.0,329.0,0.0021522,0.0020922,0.0023381,0,1,0.0,329.0,0.02534275,0.024779975000000003,0.025905525,nan,nan,nan,nan
7799180,20.0,60.0,30,645,0,1,0.0,645.0,0.005837499999999999,0.0056381,0.006092,1,2,63.0,290.5,0.21384059999999996,0.21057874999999998,0.21710244999999997,0.0,0.0,0.0,0.0
7799209,20.0,60.0,30,525,0,1,0.0,525.0,0.0040542,0.0038253000000000002,0.0043898,0,1,0.0,525.0,0.025321749999999997,0.025181075,0.025462425,nan,nan,nan,nan
7799211,20.0,60.0,30,232,0,1,0.0,232.0,0.0017707999999999999,0.0017037999999999999,0.0024492,0,1,0.0,232.0,0.051653899999999996,0.051524,0.0517838,nan,nan,nan,nan
7799420,20.0,60.0,30,317,0,1,0.0,317.0,0.002377,0.0023445,0.002482,0,1,0.0,317.0,0.04564739999999999,0.04522199999999999,0.046072800000000004,nan,nan,nan,nan
7799507,20.0,60.0,30,310,1,2,92.0,108.5,0.0052837,0.0045943,0.0055847,1,1,107.0,202.0,0.12922815,0.125879075,0.13257722499999997,1.0,1.0,1.0,0.6583333333333333
7852277,20.0,60.0,30,247,0,1,0.0,247.0,0.0018707,0.0018114000000000001,0.0019829,0,1,0.0,247.0,0.051065549999999994,0.05106332500000001,0.051067775,nan,nan,nan,nan
7852403,20.0,60.0,30,290,0,1,0.0,290.0,0.0023583000000000002,0.0019781,0.0024125,0,1,0.0,290.0,0.016387300000000004,0.016237,0.016537600000000003,nan,nan,nan,nan
7852411,20.0,60.0,30,607,0,1,0.0,607.0,0.0050823000000000005,0.0046911,0.005438,1,2,60.0,273.0,0.10337475,0.10335707499999999,0.10339242499999998,0.0,0.0,0.0,0.0
7852420,20.0,60.0,30,606,0,1,0.0,606.0,0.0051622,0.0047158,0.0052573,1,2,62.0,271.5,0.06475890000000001,0.06475199999999999,0.0647658,0.0,0.0,0.0,0.0
7852422,20.0,60.0,30,216,0,1,0.0,216.0,0.0017140999999999999,0.0015687000000000001,0.0017383000000000001,0,1,0.0,216.0,0.022170899999999997,0.021974300000000002,0.0223675,nan,nan,nan,nan
7852445,20.0,60.0,30,307,0,1,0.0,307.0,0.0026652,0.0023049,0.0026791000000000002,0,1,0.0,307.0,0.048619,0.04752915,0.04970884999999999,nan,nan,nan,nan
7852451,20.0,60.0,30,314,0,1,0.0,314.0,0.0031568,0.0027662,0.0049838,0,1,0.0,314.0,0.03938914999999999,0.039117875,0.03966042499999999,nan,nan,nan,nan
8354596,20.0,60.0,30,385,0,1,0.0,385.0,0.0019645999999999995,0.0019418000000000003,0.0020375,0,1,0.0,385.0,0.005252,0.0049410999999999995,0.0055629,nan,nan,nan,nan
10752853,30.0,10.0,5,615,1,2,55.0,279.5,0.0039265,0.0037725,0.0039777,10,10,14.1,46.4,0.1918213,0.19147450000000002,0.19216809999999998,0.0,0.0,0.0,0.0
10752864,30.0,10.0,5,232,7,7,23.428571428571427,8.714285714285714,0.002273,0.0020454,0.0025003,9,9,15.222222222222221,9.555555555555555,0.1446311,0.14294020000000002,0.146322,0.75,0.8571428571428571,0.6666666666666666,0.8623593560435666
10752951,30.0,10.0,5,610,0,1,0.0,610.0,0.0032733000000000003,0.003102,0.0032931,6,7,16.333333333333332,72.28571428571429,0.11023215000000001,0.11017147500000002,0.110292825,0.0,0.0,0.0,0.0
10892045,30.0,10.0,5,323,5,4,38.8,31.0,0.0043634,0.0038507999999999997,0.0052582,10,8,20.2,13.875,0.18728140000000001,0.18584185,0.18872094999999997,0.4,0.6,0.3,0.8676470588235294
10934834,30.0,10.0,5,242,4,4,22.25,37.25,0.0019589000000000004,0.0019368,0.002087,8,8,18.625,10.625,0.14184125,0.14063407500000003,0.143048425,0.6666666666666666,1.0,0.5,0.8608500417710944
10934933,30.0,10.0,5,423,9,9,25.22222222222222,20.77777777777778,0.0039881,0.0036981,0.004104600000000001,10,10,23.8,17.5,0.27101205,0.26828277500000003,0.273741325,0.8421052631578948,0.8888888888888888,0.8,0.82369498947312
10935081,30.0,10.0,5,278,6,6,24.333333333333332,21.0,0.0024178000000000003,0.0019716,0.0027124000000000002,7,7,20.571428571428573,18.142857142857142,0.161478,0.1613906,0.16156539999999997,0.6153846153846153,0.6666666666666666,0.5714285714285714,0.7880986387083948
10935136,30.0,10.0,5,308,4,3,25.5,67.33333333333333,0.0024216999999999997,0.0023601,0.0024328,8,8,16.25,21.25,0.20679275,0.20181227499999999,0.211773225,0.5,0.75,0.375,0.8502645502645502
10935148,30.0,10.0,5,237,2,1,109.0,17.0,0.0064446,0.0059483,0.0069131,9,5,15.666666666666666,17.4,0.14385340000000002,0.14282475,0.14488205,0.1818181818181818,0.5,0.1111111111111111,0.7916666666666666
10935358,30.0,10.0,5,636,10,10,32.6,30.0,0.0070027,0.0064933,0.0070163000000000005,15,16,13.733333333333333,25.9375,0.38767535,0.38388087500000007,0.39146982499999994,0.24,0.3,0.2,0.8599567099567099
10935638,30.0,10.0,5,228,4,3,17.25,51.666666666666664,0.0016443,0.0016404000000000002,0.0016627,12,12,12.75,5.25,0.1428784,0.1421011,0.14365569999999997,0.5,1.0,0.3333333333333333,0.7791919055951901
10935844,30.0,10.0,5,607,2,3,22.0,187.0,0.0033683000000000003,0.0030026,0.0034569,7,7,17.714285714285715,68.0,0.11255214999999999,0.111491125,0.113613175,0.4444444444444445,1.0,0.2857142857142857,0.906060606060606
10969051,30.0,10.0,5,601,1,2,26.0,287.0,0.003375,0.0031990999999999994,0.004299399999999999,3,3,16.333333333333332,183.0,0.08152480000000001,0.08097595,0.08207365000000001,0.0,0.0,0.0,0.0
11058912,30.0,10.0,5,601,2,3,21.0,185.66666666666666,0.0035241,0.0034235999999999997,0.0039269,6,6,20.666666666666668,78.5,0.18540485,0.18062767500000002,0.19018202500000003,0.5,1.0,0.3333333333333333,0.6952169076751946
11071635,30.0,10.0,5,423,7,7,28.857142857142858,30.571428571428573,0.0041163,0.0037442000000000005,0.0041668,13,12,16.692307692307693,16.083333333333332,0.25056445,0.249647075,0.251481825,0.6,0.8571428571428571,0.46153846153846156,0.729028869307507
11071677,30.0,10.0,5,459,7,6,30.285714285714285,40.0,0.0039865,0.003922999999999999,0.0047111,14,13,20.071428571428573,12.615384615384615,0.2792516,0.27567355,0.28282965000000004,0.5714285714285714,0.8571428571428571,0.42857142857142855,0.8904290154290155
11071727,30.0,10.0,5,411,3,3,22.0,114.0,0.0026454,0.0024982,0.0026612,10,9,15.5,27.333333333333332,0.22659454999999998,0.226298575,0.22689052499999998,0.30769230769230765,0.6666666666666666,0.2,0.7745098039215685
11071733,30.0,10.0,5,257,7,6,21.428571428571427,16.666666666666668,0.0025551,0.0021596999999999996,0.002684,8,7,17.75,15.285714285714286,0.14959215,0.14883902499999999,0.150345275,0.7999999999999999,0.8571428571428571,0.75,0.7756167457780361
11071965,30.0,10.0,5,535,6,5,36.0,62.6,0.0048109,0.0044747,0.0051045,17,16,16.294117647058822,15.0625,0.29465535,0.290760975,0.29854972500000004,0.2608695652173913,0.5,0.17647058823529413,0.8521246796590978
11092058,30.0,10.0,5,446,6,6,31.5,41.833333333333336,0.0043238999999999994,0.0036160999999999997,0.004380899999999999,10,10,20.1,23.5,0.2547409,0.25089705000000007,0.25858475,0.5,0.6666666666666666,0.4,0.775981261462941
11092072,30.0,10.0,5,247,1,1,20.0,226.0,0.0020662,0.001564,0.0021681,11,10,14.545454545454545,7.6,0.1515502,0.15116375,0.15193665,0.16666666666666669,1.0,0.09090909090909091,0.9090909090909091
4300268,30.0,10.0,5,961,12,11,64.83333333333333,15.545454545454545,0.037358800000000005,0.037084,0.0374877,15,14,40.46666666666667,24.214285714285715,0.6811242000000001,0.66591075,0.69633765,0.5185185185185186,0.5833333333333334,0.4666666666666667,0.8117966245660212
4303167,30.0,10.0,5,610,7,8,32.285714285714285,47.125,0.0067256,0.0064927,0.0070596999999999995,14,15,18.714285714285715,22.266666666666666,0.46481249999999996,0.4288,0.500825,0.38095238095238093,0.5714285714285714,0.2857142857142857,0.803512610577828
4303201,30.0,10.0,5,600,7,7,21.714285714285715,63.0,0.0045582,0.0045345,0.0054021,15,15,15.466666666666667,23.533333333333335,0.37612945000000003,0.37431542500000003,0.37794347500000003,0.5454545454545455,0.8571428571428571,0.4,0.7371297003649945
4326816,30.0,10.0,5,606,11,10,32.63636363636363,23.6,0.0069251,0.0061914,0.0074455,7,8,16.714285714285715,60.25,0.38815305,0.386154375,0.39015172500000006,0.33333333333333326,0.2727272727272727,0.42857142857142855,0.919047619047619
4453473,30.0,10.0,5,610,4,5,39.75,89.4,0.0047732,0.004423,0.0049993,9,9,16.11111111111111,50.666666666666664,0.25281365,0.251025975,0.254601325,0.30769230769230765,0.5,0.2222222222222222,0.8333333333333333
4636267,30.0,10.0,5,624,10,8,41.7,24.625,0.0081855,0.008135899999999998,0.0083825,17,16,13.294117647058824,23.8125,0.3916624,0.38471455,0.39861025,0.29629629629629634,0.4,0.23529411764705882,0.8927398989898991
4652239,30.0,10.0,5,601,11,11,31.09090909090909,22.545454545454547,0.006377500000000001,0.006151,0.006432,18,18,14.333333333333334,18.055555555555557,0.34111720000000006,0.3399972,0.3422372000000001,0.3448275862068966,0.45454545454545453,0.2777777777777778,0.7015715439493875
4660369,30.0,10.0,5,640,5,6,43.6,69.5,0.0060521,0.005744600000000001,0.0064144,10,10,18.8,44.2,0.30725325,0.30491202500000003,0.309594475,0.26666666666666666,0.4,0.2,0.8154838709677419
4748312,30.0,10.0,5,624,7,7,51.0,37.142857142857146,0.0076321,0.0069818,0.00777,14,15,15.071428571428571,26.6,0.36730005000000004,0.367079625,0.367520475,0.19047619047619047,0.2857142857142857,0.14285714285714285,0.866723259762309
4748313,30.0,10.0,5,770,10,11,48.5,25.0,0.0168181,0.016611400000000002,0.0172148,12,13,28.166666666666668,32.30769230769231,0.59677265,0.584141725,0.609403575,0.5454545454545454,0.6,0.5,0.7953272217978101
4779685,30.0,10.0,5,669,10,10,50.5,15.4,0.0104303,0.0102724,0.011187499999999998,17,16,16.88235294117647,22.8125,0.49373079999999997,0.48248315,0.50497845,0.14814814814814817,0.2,0.11764705882352941,0.8873517786561265
4792372,30.0,10.0,5,609,10,9,32.8,30.11111111111111,0.006760699999999999,0.006757099999999999,0.008298,15,15,18.133333333333333,21.466666666666665,0.40927864999999997,0.408545375,0.410011925,0.48,0.6,0.4,0.8056914562661689
4793806,30.0,10.0,5,609,6,7,46.333333333333336,46.42857142857143,0.007664,0.0072681,0.0086325,11,11,12.454545454545455,41.90909090909091,0.3905243,0.3826918999999999,0.3983567,0.11764705882352942,0.16666666666666666,0.09090909090909091,0.9583333333333334
4798549,30.0,10.0,5,661,11,11,37.36363636363637,21.727272727272727,0.0083326,0.008203700000000001,0.008866200000000001,14,14,18.0,28.214285714285715,0.43496239999999997,0.4343701,0.4355547,0.32,0.36363636363636365,0.2857142857142857,0.7162464985994397
4944723,30.0,10.0,5,650,9,8,58.55555555555556,14.25,0.014956400000000002,0.014728,0.0149594,12,12,18.0,35.166666666666664,0.42210695000000004,0.421085425,0.42312847500000006,0.380952380952381,0.4444444444444444,0.3333333333333333,0.7992105263157894
4981908,30.0,10.0,5,251,3,3,20.666666666666668,62.0,0.0018378,0.0016477,0.0024228,9,9,14.88888888888889,12.0,0.16805730000000002,0.16722234999999996,0.16889225000000002,0.5,1.0,0.3333333333333333,0.9056437389770723
5084249,30.0,10.0,5,600,2,3,27.0,181.33333333333334,0.004365399999999999,0.0043294,0.0044208,9,9,14.333333333333334,51.333333333333336,0.2481015,0.24785069999999998,0.2483523,0.1818181818181818,0.5,0.1111111111111111,0.8
5133027,30.0,10.0,5,628,9,8,44.111111111111114,27.75,0.0141748,0.012904299999999999,0.0159695,17,18,16.176470588235293,18.666666666666668,0.3945715,0.39327995,0.39586305,0.3846153846153846,0.5555555555555556,0.29411764705882354,0.7009068322981367
5285957,30.0,10.0,5,387,6,5,23.333333333333332,48.2,0.0035103,0.0032852,0.0038405,9,8,19.555555555555557,25.25,0.2873527,0.28380495,0.29090045000000003,0.4,0.5,0.3333333333333333,0.809508547008547
5286334,30.0,10.0,5,342,1,1,24.0,317.0,0.0027331,0.0025139,0.0039021,7,7,13.142857142857142,34.714285714285715,0.19725644999999994,0.196184225,0.19832867499999998,0.0,0.0,0.0,0.0
5395622,30.0,10.0,5,231,3,3,25.333333333333332,50.666666666666664,0.0017219000000000002,0.0015216,0.0022401,4,3,30.75,34.666666666666664,0.0919143,0.08994814999999999,0.09388045000000002,0.8571428571428571,1.0,0.75,0.6970437405731523
5538668,30.0,10.0,5,617,0,1,0.0,617.0,0.0035215,0.0029435,0.0036225,2,3,20.5,191.33333333333334,0.06407004999999999,0.062652325,0.065487775,0.0,0.0,0.0,0.0
5670672,30.0,10.0,5,264,1,0,263.0,0.0,0.0073528000000000005,0.0067388000000000005,0.0074903999999999995,4,5,17.5,38.0,0.16822615,0.16783292500000002,0.16861937500000002,0.0,0.0,0.0,0.0
5729758,30.0,10.0,5,253,2,2,71.5,54.0,0.0037161,0.0032275,0.0038412,11,10,14.818181818181818,7.9,0.15513975,0.153971275,0.156308225,0.15384615384615385,0.5,0.09090909090909091,0.9
5763820,30.0,10.0,5,989,7,6,101.42857142857143,45.333333333333336,0.0388521,0.0375099,0.0399632,12,13,44.916666666666664,33.69230769230769,0.6147534499999999,0.6145377249999999,0.614969175,0.4210526315789474,0.5714285714285714,0.3333333333333333,0.7783102386451116
5917923,30.0,10.0,5,272,2,3,52.0,55.333333333333336,0.003259,0.0022861,0.0037679000000000002,5,5,17.2,36.2,0.16566979999999998,0.16458204999999998,0.16675754999999998,0.0,0.0,0.0,0.0
5936666,30.0,10.0,5,602,12,13,21.25,25.76923076923077,0.0060852,0.0060496000000000005,0.0062809,13,14,16.53846153846154,26.714285714285715,0.4043352,0.39488235,0.41378804999999996,0.64,0.6666666666666666,0.6153846153846154,0.8614635547201337
6014730,30.0,10.0,5,219,2,2,19.5,89.0,0.0014719000000000002,0.0012642,0.0015041,5,5,21.6,21.2,0.11561825,0.115216175,0.116020325,0.5714285714285715,1.0,0.4,0.7303448275862069
6051512,30.0,10.0,5,601,5,6,38.0,67.66666666666667,0.005176600000000002,0.0049518999999999995,0.0056812,9,9,15.777777777777779,50.0,0.22972759999999998,0.22770935,0.23174585,0.42857142857142855,0.6,0.3333333333333333,0.8473429951690822
6053686,30.0,10.0,5,602,9,9,24.444444444444443,41.44444444444444,0.0050686,0.0048741,0.005097,13,14,17.76923076923077,25.571428571428573,0.2891773,0.28796485000000005,0.29038975,0.5454545454545455,0.6666666666666666,0.46153846153846156,0.795155452576742
6171971,30.0,10.0,5,372,5,4,24.8,60.75,0.0031068000000000003,0.0030207,0.0038499000000000003,5,6,17.6,46.5,0.2030577,0.20101560000000002,0.20509980000000003,0.20000000000000004,0.2,0.2,0.8571428571428571
6172561,30.0,10.0,5,239,5,4,27.0,24.75,0.0023178,0.0020915,0.0024064,7,6,18.285714285714285,17.333333333333332,0.14637135,0.14616692499999998,0.146575775,0.6666666666666666,0.8,0.5714285714285714,0.844047619047619
6357847,30.0,10.0,5,716,10,10,48.4,22.2,0.0102244,0.0094739,0.010252200000000001,6,7,13.833333333333334,89.57142857142857,0.52735375,0.5261897249999999,0.5285177750000001,0.125,0.1,0.16666666666666666,0.875
6358495,30.0,10.0,5,308,3,2,32.666666666666664,103.5,0.003387,0.0030119,0.0034618999999999995,5,5,16.8,43.8,0.20102210000000004,0.19755840000000002,0.20448580000000002,0.25,0.3333333333333333,0.2,0.9166666666666666
6422329,30.0,10.0,5,269,6,5,22.166666666666668,26.0,0.0032009999999999994,0.0030844,0.0034039,6,5,15.833333333333334,33.6,0.24951654999999995,0.23782892499999997,0.261204175,0.5,0.5,0.5,0.7638888888888888
6547817,30.0,10.0,5,320,7,7,25.428571428571427,19.285714285714285,0.0035859000000000004,0.0034875,0.0036153,11,10,16.272727272727273,13.0,0.36136690000000005,0.3278835,0.3948503,0.4444444444444444,0.5714285714285714,0.36363636363636365,0.8667460317460317
6547822,30.0,10.0,5,341,6,4,51.333333333333336,6.75,0.0076901999999999995,0.005497600000000001,0.008824299999999998,9,9,20.0,16.88888888888889,0.33494775,0.329206725,0.340688775,0.26666666666666666,0.3333333333333333,0.2222222222222222,0.8199404761904762
6756778,30.0,10.0,5,498,9,7,43.888888888888886,13.428571428571429,0.014449799999999999,0.0126846,0.014891,12,10,14.333333333333334,31.4,0.60526745,0.591219775,0.619315125,0.4761904761904762,0.5555555555555556,0.4166666666666667,0.7766830870279146
6896919,30.0,10.0,5,619,5,5,37.6,85.2,0.006966899999999999,0.006872100000000001,0.0070158,14,15,17.5,24.0,0.32753895,0.320411575,0.334666325,0.3157894736842105,0.6,0.21428571428571427,0.8614081996434937
6920600,30.0,10.0,5,225,1,2,22.0,101.0,0.0015868,0.0015750999999999999,0.0016054,5,6,17.2,22.333333333333332,0.14495135,0.140996225,0.148906475,0.33333333333333337,1.0,0.2,0.7857142857142857
6922501,30.0,10.0,5,273,5,4,27.2,33.0,0.0029436999999999996,0.0025171,0.003156800000000001,7,7,18.428571428571427,19.571428571428573,0.18963110000000002,0.18846865000000002,0.19079354999999998,0.5,0.6,0.42857142857142855,0.886564702354176
6922622,30.0,10.0,5,453,6,6,35.666666666666664,38.833333333333336,0.0055315,0.005229800000000001,0.0064562,13,11,15.76923076923077,21.363636363636363,0.29147385,0.29050197499999997,0.292445725,0.3157894736842105,0.5,0.23076923076923078,0.93781328320802
6941418,30.0,10.0,5,282,4,3,29.0,54.0,0.0026085,0.0025212,0.0026287,5,4,19.2,45.25,0.19109805,0.189739425,0.19245667500000002,0.6666666666666665,0.75,0.6,0.7507594744436851
6984632,30.0,10.0,5,617,4,5,25.75,102.0,0.0045079,0.0043384,0.0052415,11,12,18.90909090909091,33.166666666666664,0.24761374999999997,0.24492327499999997,0.250304225,0.26666666666666666,0.5,0.18181818181818182,0.6825396825396826
7555066,30.0,10.0,5,339,6,5,19.166666666666668,43.6,0.0036642,0.0028166,0.0041853,10,11,15.1,16.181818181818183,0.23003995000000002,0.22652667499999998,0.233553225,0.5,0.6666666666666666,0.4,0.8806652046783625
7557391,30.0,10.0,5,302,3,3,15.333333333333334,84.33333333333333,0.0017884,0.0016661,0.0019004,7,7,16.142857142857142,26.0,0.17738544999999997,0.176654225,0.178116675,0.6,1.0,0.42857142857142855,0.7654320987654321
7563440,30.0,10.0,5,591,9,9,18.77777777777778,45.888888888888886,0.004325399999999999,0.0041443,0.004905100000000001,20,20,16.8,11.75,0.3655089,0.36250105,0.36851674999999995,0.5517241379310346,0.8888888888888888,0.4,0.8100762085137087
7564587,30.0,10.0,5,242,4,4,29.5,30.0,0.0023160999999999998,0.0022855,0.0026687,10,9,14.3,9.88888888888889,0.14744395,0.147122175,0.14776572500000001,0.4285714285714285,0.75,0.3,0.8222222222222223
7583768,30.0,10.0,5,236,4,4,27.25,30.75,0.0020597,0.0018483,0.0022623,8,6,13.75,19.666666666666668,0.14152615,0.139092025,0.143960275,0.3333333333333333,0.5,0.25,0.9295454545454545
7598344,30.0,10.0,5,219,4,3,16.75,49.333333333333336,0.001636,0.0015089,0.0018403,7,6,20.571428571428573,11.333333333333334,0.13964825,0.13872492500000003,0.14057157499999998,0.5454545454545454,0.75,0.42857142857142855,0.7046560846560848
7613495,30.0,10.0,5,612,15,14,22.4,18.642857142857142,0.0060839,0.0059107,0.0063055,18,18,17.27777777777778,15.722222222222221,0.38238525,0.3816421749999999,0.38312832500000005,0.5454545454545454,0.6,0.5,0.774663713728929
7613518,30.0,10.0,5,285,5,5,32.4,23.6,0.0025018,0.002414199999999999,0.0029785,10,9,15.5,13.333333333333334,0.17223975,0.17161097500000003,0.172868525,0.4,0.6,0.3,0.813888888888889
7613731,30.0,10.0,5,271,4,3,28.0,51.666666666666664,0.0024877,0.0022818,0.0027241000000000006,8,8,17.125,15.75,0.18112830000000002,0.1807278,0.1815288,0.6666666666666666,1.0,0.5,0.6763257575757575
7691124,30.0,10.0,5,255,6,6,28.166666666666668,13.333333333333334,0.0028214,0.0026336999999999997,0.0037681,5,4,17.4,40.75,0.1605618,0.15960350000000004,0.1615201,0.3636363636363636,0.3333333333333333,0.4,0.8309523809523809
7691163,30.0,10.0,5,301,7,6,28.857142857142858,15.333333333333334,0.0032923,0.0031238000000000004,0.0033710999999999997,7,7,22.428571428571427,19.571428571428573,0.21166829999999998,0.21008644999999998,0.21325015,0.8571428571428571,0.8571428571428571,0.8571428571428571,0.7070221445221444
7691232,30.0,10.0,5,601,1,1,19.0,581.0,0.0033521,0.0032354000000000003,0.0038718000000000003,3,3,18.666666666666668,180.66666666666666,0.07271875,0.071047975,0.07438952500000001,0.5,1.0,0.3333333333333333,0.7307692307692307
7691423,30.0,10.0,5,303,5,5,25.0,34.6,0.0026125,0.0025595,0.0030459000000000003,9,7,18.22222222222222,18.571428571428573,0.16654520000000003,0.1648427,0.1682477,0.5714285714285714,0.8,0.4444444444444444,0.7550493087434611
7691435,30.0,10.0,5,343,3,3,18.666666666666668,94.66666666666667,0.0023,0.0022859,0.0023481,7,6,15.857142857142858,37.5,0.19440470000000004,0.19425770000000003,0.19455170000000002,0.6,1.0,0.42857142857142855,0.8665141113653699
7691520,30.0,10.0,5,608,7,7,47.42857142857143,38.42857142857143,0.0085755,0.008495299999999999,0.0089848,20,19,14.05,16.157894736842106,0.39473075,0.393773875,0.395687625,0.2222222222222222,0.42857142857142855,0.15,0.8009259259259259
7691542,30.0,10.0,5,368,8,8,27.625,17.375,0.0042929,0.004130600000000001,0.004742,11,8,17.636363636363637,20.375,0.231653,0.22827365,0.23503235,0.5263157894736842,0.625,0.45454545454545453,0.7841666666666667
7691885,30.0,10.0,5,251,6,6,25.666666666666668,15.166666666666666,0.0022015999999999997,0.0021716,0.0022898000000000003,8,6,18.875,15.333333333333334,0.15906245,0.158075475,0.160049425,0.7142857142857143,0.8333333333333334,0.625,0.7722918540729635
7691909,30.0,10.0,5,624,12,12,24.583333333333332,26.416666666666668,0.006724,0.0067063,0.008195299999999999,18,18,19.22222222222222,14.444444444444445,0.3769306000000001,0.37671305000000005,0.37714815,0.6666666666666667,0.8333333333333334,0.5555555555555556,0.8094972127717636
7795968,30.0,10.0,5,252,1,1,73.0,178.0,0.0023758000000000004,0.0022395,0.0024095,7,5,12.714285714285714,31.2,0.14687910000000004,0.14592585,0.14783235,0.0,0.0,0.0,0.0
7797310,30.0,10.0,5,601,1,2,26.0,287.0,0.0030856,0.0027924,0.0031525999999999998,3,4,23.0,132.25,0.06413305,0.06370342500000001,0.064562675,0.5,1.0,0.3333333333333333,0.7428571428571429
7799046,30.0,10.0,5,454,11,10,24.363636363636363,17.5,0.0045289,0.0038936,0.0047777,11,11,19.181818181818183,21.09090909090909,0.2769462,0.2745933,0.27929909999999997,0.5454545454545454,0.5454545454545454,0.5454545454545454,0.8342122436950024
7799135,30.0,10.0,5,329,8,8,19.75,20.375,0.0025638,0.0025253000000000003,0.0030063000000000004,10,10,17.9,14.0,0.2418438,0.2304469,0.2532407,0.6666666666666665,0.75,0.6,0.7301920603551038
7799180,30.0,10.0,5,645,11,10,35.63636363636363,24.2,0.0077161999999999994,0.0075243,0.0080792,14,13,16.428571428571427,30.846153846153847,0.43526405000000007,0.421337625,0.44919047500000003,0.23999999999999996,0.2727272727272727,0.21428571428571427,0.8838438438438438
7799209,30.0,10.0,5,525,9,9,21.88888888888889,35.44444444444444,0.004288,0.0042433,0.0046875,18,18,17.27777777777778,10.88888888888889,0.40477490000000005,0.3630331,0.4465167,0.5925925925925926,0.8888888888888888,0.4444444444444444,0.7738310126545421
7799211,30.0,10.0,5,232,4,4,31.0,26.0,0.0024889,0.0022179,0.0026171999999999996,8,5,17.25,17.2,0.24216505000000002,0.229155275,0.255174825,0.3333333333333333,0.5,0.25,0.775
7799420,30.0,10.0,5,317,5,5,28.2,34.2,0.0042067,0.0039893,0.0048953,13,11,15.307692307692308,9.545454545454545,0.20771315,0.20602137500000003,0.209404925,0.33333333333333337,0.6,0.23076923076923078,0.8545464969613575
7799507,30.0,10.0,5,310,1,1,206.0,103.0,0.0087244,0.0084849,0.009268,7,6,14.428571428571429,33.666666666666664,0.15721929999999998,0.156306,0.15813259999999998,0.0,0.0,0.0,0.0
7852277,30.0,10.0,5,247,2,2,43.0,79.5,0.0022453,0.0022367,0.0022975,4,5,21.75,31.2,0.15407805,0.15341977499999998,0.154736325,0.3333333333333333,0.5,0.25,0.8888888888888888
7852403,30.0,10.0,5,290,6,6,22.333333333333332,25.0,0.0024795999999999998,0.0024653,0.0025284,6,6,22.666666666666668,24.666666666666668,0.1884493,0.18050805000000003,0.19639055,0.6666666666666666,0.6666666666666666,0.6666666666666666,0.7886241781753703
7852411,30.0,10.0,5,607,9,9,28.444444444444443,38.0,0.0110366,0.0093422,0.0113147,21,21,14.142857142857142,13.761904761904763,0.4267695,0.41611984999999996,0.43741915000000003,0.33333333333333326,0.5555555555555556,0.23809523809523808,0.7307109685979655
7852420,30.0,10.0,5,606,11,11,24.454545454545453,29.636363636363637,0.0060864,0.0060085,0.0065495,19,20,16.94736842105263,13.25,0.38682749999999994,0.38470069999999995,0.3889543,0.5333333333333333,0.7272727272727273,0.42105263157894735,0.7754241235774547
7852422,30.0,10.0,5,216,4,3,23.75,39.0,0.001907,0.0018742000000000001,0.0022223,5,5,22.6,19.6,0.14250030000000002,0.14111315000000002,0.14388745,0.888888888888889,1.0,0.8,0.8047124022022601
7852445,30.0,10.0,5,307,6,6,29.5,20.666666666666668,0.0033174999999999997,0.0032179,0.0035343999999999996,6,6,19.166666666666668,31.0,0.18100505,0.18049067500000002,0.18151942499999998,0.6666666666666666,0.6666666666666666,0.6666666666666666,0.7762032085561497
7852451,30.0,10.0,5,314,5,4,32.8,36.25,0.0032646,0.0032342,0.0034778,7,8,16.428571428571427,24.0,0.19711545000000003,0.195866275,0.198364625,0.16666666666666666,0.2,0.14285714285714285,0.6818181818181818
8354596,30.0,10.0,5,385,0,1,0.0,385.0,0.0019025000000000003,0.001874,0.0021698000000000004,4,5,19.5,60.6,0.19785265000000002,0.195375475,0.200329825,0.0,0.0,0.0,0.0
10752853,30.0,15.0,8,615,1,2,55.0,279.5,0.0039879,0.0039608,0.0042648,5,5,18.8,103.2,0.15995169999999997,0.15797635000000002,0.16192705000000002,0.0,0.0,0.0,0.0
10752864,30.0,15.0,8,232,6,6,25.0,12.666666666666666,0.0025203,0.0023241,0.0026292,6,6,21.0,16.666666666666668,0.14365404999999998,0.14255847500000002,0.144749625,0.8333333333333334,0.8333333333333334,0.8333333333333334,0.9322392344497608
10752951,30.0,15.0,8,610,0,1,0.0,610.0,0.0034388,0.0032118000000000003,0.0037072,2,3,20.0,189.33333333333334,0.053471199999999997,0.052982949999999994,0.05395945,0.0,0.0,0.0,0.0
10892045,30.0,15.0,8,323,5,4,36.4,34.0,0.0039183,0.0034815,0.0040792,8,7,22.875,18.857142857142858,0.15485925,0.15305092499999998,0.15666757499999998,0.6153846153846154,0.8,0.5,0.8601633986928104
10934834,30.0,15.0,8,242,3,3,24.333333333333332,55.333333333333336,0.0019657999999999998,0.0018824,0.0020884000000000002,5,5,23.8,23.6,0.143127,0.14258385,0.14367015,0.7499999999999999,1.0,0.6,0.840209498104235
10934933,30.0,15.0,8,423,7,7,25.857142857142858,33.57142857142857,0.004536699999999999,0.004369,0.004632,10,9,27.1,15.777777777777779,0.1987807,0.1985185,0.1990429,0.8235294117647058,1.0,0.7,0.7826598026598026
10935081,30.0,15.0,8,278,4,4,30.5,38.0,0.0027359,0.0025814,0.0027819,5,5,35.4,19.2,0.1383636,0.13709525,0.13963194999999998,0.888888888888889,1.0,0.8,0.7863736263736265
10935136,30.0,15.0,8,308,2,1,34.5,237.0,0.0027585,0.0025855,0.0029010999999999998,8,8,20.0,17.5,0.13526,0.1339181,0.1366019,0.2,0.5,0.125,1.0
10935148,30.0,15.0,8,237,3,2,71.33333333333333,10.0,0.0059921,0.0056758,0.0062008,4,4,20.25,38.0,0.1461924,0.14608125,0.14630355,0.5714285714285715,0.6666666666666666,0.5,0.8073684210526315
10935358,30.0,15.0,8,636,9,9,32.888888888888886,36.77777777777778,0.007104,0.0070647,0.00808,9,8,24.88888888888889,50.375,0.40098805000000004,0.39755397500000006,0.404422125,0.7777777777777778,0.7777777777777778,0.7777777777777778,0.8646149949341438
10935638,30.0,15.0,8,228,2,1,17.5,191.0,0.0015106,0.001465,0.0015130999999999999,6,4,19.0,27.0,0.13187770000000001,0.1317617,0.13199370000000002,0.5,1.0,0.3333333333333333,0.9285714285714286
10935844,30.0,15.0,8,607,1,2,29.0,288.5,0.0032348000000000003,0.003094,0.0036691,2,3,23.5,186.0,0.06897709999999999,0.06723355,0.07072065,0.6666666666666666,1.0,0.5,0.9354838709677419
10969051,30.0,15.0,8,601,1,2,20.0,290.0,0.0035661,0.0031100999999999998,0.0040536,3,3,24.333333333333332,175.0,0.06263215,0.060825475,0.064438825,0.5,1.0,0.3333333333333333,0.5
11058912,30.0,15.0,8,601,1,2,26.0,287.0,0.004135,0.0039023,0.005421100000000002,4,4,26.25,123.0,0.1207145,0.11355884999999999,0.12787015,0.4,1.0,0.25,0.7647058823529411
11071635,30.0,15.0,8,423,5,5,34.8,48.8,0.007956600000000001,0.0071676,0.0081362,11,10,19.636363636363637,19.6,0.24197695000000002,0.234121425,0.249832475,0.5000000000000001,0.8,0.36363636363636365,0.8303905174109778
11071677,30.0,15.0,8,459,6,6,32.5,43.0,0.0057217,0.0055277,0.0064468,8,5,28.625,44.4,0.20315360000000002,0.20209325,0.20421394999999998,0.5714285714285715,0.6666666666666666,0.5,0.8042043740573153
11071727,30.0,15.0,8,411,2,2,16.0,188.5,0.0028387,0.0028069,0.002894,8,7,19.25,35.57142857142857,0.1358286,0.13559754999999998,0.13605965000000003,0.4,1.0,0.25,0.9097222222222222
11071733,30.0,15.0,8,257,3,3,31.333333333333332,53.333333333333336,0.0024781,0.0024339,0.0025554,6,5,26.5,18.4,0.14083395,0.139218125,0.142449775,0.4444444444444444,0.6666666666666666,0.3333333333333333,0.8115682766845558
11071965,30.0,15.0,8,535,6,5,35.833333333333336,62.8,0.0050831999999999995,0.0047401000000000006,0.0055535,10,8,24.3,35.25,0.29153690000000004,0.2779029,0.3051709,0.5,0.6666666666666666,0.4,0.8561653116531166
11092058,30.0,15.0,8,446,5,5,34.0,54.2,0.0044061000000000005,0.0041605,0.0048065,8,8,23.25,31.5,0.197077,0.19550114999999998,0.19865285000000002,0.4615384615384615,0.6,0.375,0.7881944444444445
11092072,30.0,15.0,8,247,1,1,20.0,226.0,0.0015325999999999998,0.0014914000000000001,0.00163,6,5,17.166666666666668,27.6,0.09507405000000001,0.09503277500000001,0.095115325,0.2857142857142857,1.0,0.16666666666666666,0.9090909090909091
4300268,30.0,15.0,8,961,11,10,68.72727272727273,19.4,0.0393758,0.0387073,0.0394565,12,10,56.666666666666664,26.9,0.94171815,0.891363025,0.9920732749999999,0.6956521739130435,0.7272727272727273,0.6666666666666666,0.7991366776273895
4303167,30.0,15.0,8,610,7,8,32.142857142857146,47.25,0.0062992,0.005918600000000001,0.0065786,7,8,25.142857142857142,53.375,0.27901155,0.25122842500000003,0.30679467499999996,0.7142857142857143,0.7142857142857143,0.7142857142857143,0.8884499126604389
4303201,30.0,15.0,8,600,3,4,24.666666666666668,130.75,0.0061676000000000005,0.0060062,0.0064689,8,8,21.625,52.375,0.22966129999999998,0.22750155,0.23182105,0.5454545454545454,1.0,0.375,0.7952861952861953
4326816,30.0,15.0,8,606,10,9,34.4,28.0,0.0070044,0.0067069,0.007015899999999999,12,10,25.5,28.8,0.7358612999999999,0.7344793000000001,0.7372433000000002,0.6363636363636365,0.7,0.5833333333333334,0.850668365933372
4453473,30.0,15.0,8,610,4,5,39.75,89.4,0.010751899999999998,0.010218200000000002,0.011288300000000001,4,5,25.5,100.8,0.4140038,0.40684105,0.42116655,0.75,0.75,0.75,0.7382478632478633
4636267,30.0,15.0,8,624,9,9,40.111111111111114,28.22222222222222,0.015272299999999999,0.0151395,0.0153337,10,9,22.4,43.333333333333336,0.44679795,0.42319037500000006,0.470405525,0.5263157894736842,0.5555555555555556,0.5,0.8037124060150376
4652239,30.0,15.0,8,601,8,8,37.0,37.125,0.010086,0.0096528,0.0112768,6,7,21.0,67.0,0.2978737,0.29421699999999995,0.3015304,0.42857142857142855,0.375,0.5,0.9053579270970576
4660369,30.0,15.0,8,640,5,6,42.6,70.33333333333333,0.0064148,0.0062451,0.0065558000000000005,12,12,23.75,28.583333333333332,0.31025685000000003,0.307516775,0.312996925,0.47058823529411764,0.8,0.3333333333333333,0.7491640044673004
4748312,30.0,15.0,8,624,7,6,44.857142857142854,50.5,0.0069413999999999995,0.0069324,0.007214399999999999,7,7,21.142857142857142,67.0,0.4355231,0.4049717500000001,0.46607445000000003,0.2857142857142857,0.2857142857142857,0.2857142857142857,0.6656785243741765
4748313,30.0,15.0,8,770,5,6,81.2,59.833333333333336,0.018687,0.0186126,0.019701200000000002,16,16,28.1875,18.9375,0.44897030000000004,0.43499060000000006,0.46295,0.2857142857142857,0.6,0.1875,0.8103448275862069
4779685,30.0,15.0,8,669,9,9,44.44444444444444,28.88888888888889,0.0104322,0.0100854,0.010817700000000001,12,13,24.0,28.384615384615383,0.61824325,0.5531338250000001,0.6833526750000001,0.4761904761904762,0.5555555555555556,0.4166666666666667,0.8021931112365894
4792372,30.0,15.0,8,609,9,8,34.44444444444444,36.25,0.0094599,0.0087871,0.0095943,12,10,27.75,26.4,0.3282215,0.3247058,0.33173719999999995,0.6666666666666666,0.7777777777777778,0.5833333333333334,0.7348403464329373
4793806,30.0,15.0,8,609,6,7,43.333333333333336,49.0,0.0074365,0.0074273,0.007810899999999999,8,9,22.75,46.55555555555556,0.32656300000000005,0.30132335,0.35180265000000005,0.42857142857142855,0.5,0.375,0.7444444444444445
4798549,30.0,15.0,8,661,8,8,41.375,40.25,0.0088126,0.0087268,0.0088804,14,12,26.0,23.583333333333332,0.44344725,0.440381525,0.44651297500000003,0.45454545454545453,0.625,0.35714285714285715,0.7539262068135307
4944723,30.0,15.0,8,650,7,6,69.28571428571429,26.333333333333332,0.0149243,0.0148249,0.0156979,11,10,20.545454545454547,41.3,0.44804754999999996,0.445536525,0.45055857499999996,0.2222222222222222,0.2857142857142857,0.18181818181818182,0.9297385620915033
4981908,30.0,15.0,8,251,2,2,22.5,102.0,0.0029362,0.00164,0.0030004000000000003,4,4,20.25,41.5,0.0696662,0.06624559999999999,0.0730868,0.6666666666666666,1.0,0.5,0.9365079365079365
5084249,30.0,15.0,8,600,1,2,15.0,292.0,0.005514800000000001,0.0052765,0.0057463,7,8,18.857142857142858,57.625,0.2145922,0.20875955000000002,0.22042485,0.25,1.0,0.14285714285714285,0.5789473684210527
5133027,30.0,15.0,8,628,5,4,67.4,71.5,0.0103848,0.0099085,0.0106084,15,11,20.933333333333334,27.181818181818183,0.49392355,0.463468375,0.5243787249999999,0.0,0.0,0.0,0.0
5285957,30.0,15.0,8,387,3,2,28.666666666666668,149.0,0.003727,0.0032615,0.0038292000000000005,10,8,21.5,20.25,0.20382429999999996,0.202561,0.20508759999999998,0.30769230769230765,0.6666666666666666,0.2,0.8222222222222222
5286334,30.0,15.0,8,342,1,1,23.0,318.0,0.0032623,0.0026931,0.0033154,2,2,22.0,148.0,0.06519285,0.065146975,0.065238725,0.6666666666666666,1.0,0.5,0.7931034482758621
5395622,30.0,15.0,8,231,3,3,25.333333333333332,50.666666666666664,0.001792,0.0017439,0.002325,3,3,27.666666666666668,48.333333333333336,0.059410899999999996,0.05866085000000001,0.06016095,1.0,1.0,1.0,0.9212121212121213
5538668,30.0,15.0,8,617,0,1,0.0,617.0,0.0030009,0.0029423,0.0031081999999999998,2,3,19.5,192.0,0.04089835000000001,0.04063012500000001,0.041166575000000004,0.0,0.0,0.0,0.0
5670672,30.0,15.0,8,264,2,1,127.5,7.0,0.0079193,0.007409,0.0084549,5,6,24.6,22.666666666666668,0.1923685,0.1901898,0.1945472,0.0,0.0,0.0,0.0
5729758,30.0,15.0,8,253,2,2,68.5,57.0,0.0033839,0.0031976,0.0036982,7,7,17.428571428571427,17.714285714285715,0.202907,0.18554065000000003,0.22027335,0.22222222222222224,0.5,0.14285714285714285,0.9
5763820,30.0,15.0,8,989,5,4,132.0,81.0,0.0413791,0.040912800000000006,0.042639300000000005,6,7,18.833333333333332,124.28571428571429,0.6908749499999999,0.671456575,0.710293325,0.1818181818181818,0.2,0.16666666666666666,0.5217391304347826
5917923,30.0,15.0,8,272,4,5,21.0,36.8,0.004241600000000001,0.003808,0.0043981,7,7,22.285714285714285,15.571428571428571,0.13771355,0.13600112500000003,0.139425975,0.7272727272727273,1.0,0.5714285714285714,0.6930329719963866
5936666,30.0,15.0,8,602,6,7,27.833333333333332,61.285714285714285,0.0062159,0.005761,0.0063227,13,12,23.46153846153846,23.666666666666668,0.31965785,0.318644225,0.32067147500000004,0.631578947368421,1.0,0.46153846153846156,0.8684974747474749
6014730,30.0,15.0,8,219,2,2,19.5,89.0,0.0013862,0.0013357,0.0015177,4,4,18.25,35.5,0.0498728,0.047938800000000004,0.0518068,0.6666666666666666,1.0,0.5,0.9065217391304348
6051512,30.0,15.0,8,601,3,4,49.333333333333336,112.5,0.0057207,0.005333300000000001,0.0057886000000000005,7,8,23.0,54.125,0.20411010000000004,0.20348605,0.20473415000000003,0.4,0.6666666666666666,0.2857142857142857,0.9068181818181817
6053686,30.0,15.0,8,602,6,7,26.833333333333332,62.142857142857146,0.0049314,0.004799899999999999,0.0052661,9,9,22.666666666666668,43.22222222222222,0.2215301,0.22144760000000002,0.2216126,0.6666666666666667,0.8333333333333334,0.5555555555555556,0.8458379784466741
6171971,30.0,15.0,8,372,3,2,31.666666666666668,137.0,0.0030296000000000003,0.002823,0.0034113999999999998,4,4,25.75,66.25,0.1350326,0.1339525,0.13611269999999998,0.5714285714285715,0.6666666666666666,0.5,0.8690476190476191
6172561,30.0,15.0,8,239,3,2,29.666666666666668,73.5,0.002647,0.0025581,0.0028538,5,4,26.4,25.5,0.12113625000000001,0.119926725,0.122345775,0.7499999999999999,1.0,0.6,0.9283926109732561
6357847,30.0,15.0,8,716,10,10,48.3,22.3,0.0096357,0.0092391,0.0100567,7,7,25.571428571428573,75.71428571428571,0.38787150000000004,0.37945795,0.39628505,0.588235294117647,0.5,0.7142857142857143,0.8106210630948262
6358495,30.0,15.0,8,308,3,2,32.0,104.5,0.0034463000000000002,0.0029675,0.0037168,3,3,23.333333333333332,78.33333333333333,0.1101496,0.10799389999999999,0.1123053,0.6666666666666666,0.6666666666666666,0.6666666666666666,0.8085106382978724
6422329,30.0,15.0,8,269,3,3,24.666666666666668,64.0,0.0036271999999999993,0.0035844,0.0041443999999999995,7,6,22.714285714285715,17.166666666666668,0.1694554,0.16918375000000002,0.16972705,0.6,1.0,0.42857142857142855,0.8186274509803922
6547817,30.0,15.0,8,320,4,4,32.25,46.75,0.0032021,0.0030433,0.0033090999999999993,10,9,20.0,12.222222222222221,0.19644794999999998,0.195081825,0.197814075,0.28571428571428575,0.5,0.2,0.8846153846153846
6547822,30.0,15.0,8,341,6,4,45.166666666666664,16.0,0.0054386999999999994,0.0047498,0.0075581,8,8,27.125,14.5,0.2215755,0.219768,0.22338299999999997,0.5714285714285715,0.6666666666666666,0.5,0.8637608290593366
6756778,30.0,15.0,8,498,6,6,58.166666666666664,23.833333333333332,0.007529,0.0069012,0.0075526000000000005,9,10,23.333333333333332,27.9,0.30947275,0.30803072499999995,0.31091477500000003,0.4,0.5,0.3333333333333333,0.8333333333333334
6896919,30.0,15.0,8,619,4,5,39.0,91.8,0.0055007,0.005248,0.005793100000000001,10,9,21.6,43.666666666666664,0.25571800000000006,0.25436715,0.25706885,0.28571428571428575,0.5,0.2,0.9204968944099379
6920600,30.0,15.0,8,225,1,2,22.0,101.0,0.0019579000000000003,0.0015769,0.0020294,4,3,21.5,45.0,0.07645045,0.07574207499999999,0.077158825,0.4,1.0,0.25,0.7586206896551724
6922501,30.0,15.0,8,273,4,3,29.25,50.666666666666664,0.0021113,0.0020764,0.0023264,6,5,24.833333333333332,23.6,0.12600070000000002,0.12350175000000002,0.12849965000000002,0.6,0.75,0.5,0.8947368421052632
6922622,30.0,15.0,8,453,5,5,33.8,55.8,0.0052506,0.0051758,0.00534,11,9,22.90909090909091,21.11111111111111,0.27896974999999996,0.25854452499999997,0.29939497499999995,0.37499999999999994,0.6,0.2727272727272727,0.8575317604355717
6941418,30.0,15.0,8,282,3,3,31.333333333333332,61.666666666666664,0.0049661,0.0045255,0.0059153999999999995,4,3,30.0,52.666666666666664,0.14318034999999998,0.14159857499999998,0.14476212499999996,0.8571428571428571,1.0,0.75,0.9039537248919399
6984632,30.0,15.0,8,617,3,4,28.666666666666668,132.0,0.0049703,0.0048438000000000005,0.005181,6,6,23.666666666666668,78.16666666666667,0.16260685000000002,0.16116622500000002,0.164047475,0.4444444444444444,0.6666666666666666,0.3333333333333333,0.7540760869565217
7555066,30.0,15.0,8,339,4,4,20.0,63.75,0.0024251999999999998,0.0023972,0.003754800000000001,6,6,22.166666666666668,33.333333333333336,0.15200135,0.15174647500000002,0.152256225,0.8,1.0,0.6666666666666666,0.8473615756224452
7557391,30.0,15.0,8,302,1,1,16.0,285.0,0.0018175,0.0017189,0.0018958000000000002,4,4,17.25,57.25,0.0765407,0.07517235,0.07790905,0.4,1.0,0.25,1.0
7563440,30.0,15.0,8,591,4,4,24.25,122.5,0.0054487,0.0052257,0.0054797000000000005,13,10,20.846153846153847,30.7,0.24114460000000001,0.2407121,0.2415771,0.47058823529411764,1.0,0.3076923076923077,0.8910714285714285
7564587,30.0,15.0,8,242,3,3,35.333333333333336,44.333333333333336,0.0023858,0.0022298,0.0024565,4,4,20.25,39.25,0.14572775,0.14414462500000003,0.147310875,0.5714285714285715,0.6666666666666666,0.5,0.8461538461538461
7583768,30.0,15.0,8,236,3,3,32.333333333333336,45.333333333333336,0.0019715,0.0018898,0.0020662,3,4,18.666666666666668,44.25,0.10443915000000001,0.104264675,0.10461362500000002,0.3333333333333333,0.3333333333333333,0.3333333333333333,0.8181818181818182
7598344,30.0,15.0,8,219,2,3,21.0,58.333333333333336,0.0018078,0.0017518,0.0019941,3,3,27.333333333333332,44.666666666666664,0.08305934999999999,0.082164625,0.083954075,0.8,1.0,0.6666666666666666,0.6739811912225706
7613495,30.0,15.0,8,612,9,10,27.0,36.0,0.007137,0.0068671999999999995,0.007692399999999999,11,12,22.90909090909091,29.083333333333332,0.49632355000000006,0.465503425,0.527143675,0.5,0.5555555555555556,0.45454545454545453,0.8284514290965903
7613518,30.0,15.0,8,285,3,3,45.0,49.0,0.007455400000000001,0.0069974,0.0082334,6,6,21.833333333333332,24.666666666666668,0.1703006,0.16558015000000004,0.17502104999999998,0.2222222222222222,0.3333333333333333,0.16666666666666666,0.926829268292683
7613731,30.0,15.0,8,271,3,3,32.666666666666664,56.666666666666664,0.0027697,0.0024166,0.0029103,4,3,21.0,61.0,0.13527504999999998,0.132566875,0.13798322500000001,0.5714285714285715,0.6666666666666666,0.5,0.790045766590389
7691124,30.0,15.0,8,255,4,4,33.0,29.75,0.0026216,0.0025655,0.002873,6,5,20.0,25.8,0.1860234,0.1834045,0.1886423,0.2,0.25,0.16666666666666666,0.9473684210526315
7691163,30.0,15.0,8,301,5,5,34.8,24.4,0.0055759,0.0036824,0.006294200000000001,6,3,23.833333333333332,50.666666666666664,0.15970695000000001,0.15936042500000003,0.16005347499999997,0.5454545454545454,0.6,0.5,0.8546059933407325
7691232,30.0,15.0,8,601,1,1,19.0,581.0,0.00373,0.0030193000000000004,0.004335899999999999,1,1,22.0,578.0,0.05125165,0.050427875,0.052075425,1.0,1.0,1.0,0.8636363636363636
7691423,30.0,15.0,8,303,3,3,32.0,68.0,0.0040458000000000004,0.0039473,0.0043948,5,5,22.2,37.4,0.14347210000000002,0.1372514,0.14969280000000001,0.5,0.6666666666666666,0.4,0.7816091954022988
7691435,30.0,15.0,8,343,3,3,18.333333333333332,95.0,0.0028134,0.0024504,0.0029685,3,3,21.0,92.33333333333333,0.12136644999999999,0.12097607499999999,0.121756825,1.0,1.0,1.0,0.8763955342902711
7691520,30.0,15.0,8,608,3,4,82.33333333333333,89.5,0.0121439,0.0120009,0.0127943,15,11,20.066666666666666,26.545454545454547,0.8207667999999999,0.7402153999999999,0.9013182000000001,0.2222222222222222,0.6666666666666666,0.13333333333333333,0.880701754385965
7691542,30.0,15.0,8,368,6,6,32.0,28.333333333333332,0.012572700000000001,0.011894100000000001,0.013156600000000003,9,9,23.444444444444443,16.444444444444443,0.41092179999999995,0.35856625,0.46327735,0.6666666666666667,0.8333333333333334,0.5555555555555556,0.8410128581096323
7691885,30.0,15.0,8,251,4,4,30.0,31.75,0.0029914,0.0028194,0.0031156,6,6,23.833333333333332,17.0,0.3153934,0.28527825,0.34550855,0.6,0.75,0.5,0.8605248917748919
7691909,30.0,15.0,8,624,8,8,29.5,47.5,0.010166,0.0094469,0.0104877,13,11,24.923076923076923,26.09090909090909,0.41095945000000006,0.38749667500000007,0.434422225,0.761904761904762,1.0,0.6153846153846154,0.7333236889809739
7795968,30.0,15.0,8,252,1,1,71.0,180.0,0.0024475,0.002419,0.002503,1,2,17.0,117.0,0.10517215,0.09617867499999999,0.114165625,0.0,0.0,0.0,0.0
7797310,30.0,15.0,8,601,1,2,26.0,287.0,0.0079781,0.0075753,0.0084496,2,3,23.0,184.33333333333334,0.05126560000000001,0.050905849999999996,0.05162535,0.6666666666666666,1.0,0.5,0.8387096774193549
7799046,30.0,15.0,8,454,8,7,28.0,31.714285714285715,0.0071124,0.0070499,0.0083124,8,7,25.375,34.714285714285715,0.28432155,0.27116627499999996,0.29747682499999994,0.625,0.625,0.625,0.8371048834206729
7799135,30.0,15.0,8,329,3,3,28.0,80.66666666666667,0.0040094,0.0037927,0.0046455,8,8,20.25,19.875,0.1779169,0.1693165,0.18651730000000002,0.36363636363636365,0.6666666666666666,0.25,0.9399641577060931
7799180,30.0,15.0,8,645,9,9,40.55555555555556,30.11111111111111,0.0077751999999999995,0.0076647,0.007863199999999999,11,9,26.727272727272727,37.77777777777778,0.45523244999999996,0.427141375,0.483323525,0.6,0.6666666666666666,0.5454545454545454,0.8734208548001651
7799209,30.0,15.0,8,525,6,6,25.0,61.5,0.0049622,0.0048858999999999994,0.0051275,11,9,22.818181818181817,29.22222222222222,0.28302940000000004,0.28126560000000006,0.2847932,0.7058823529411764,1.0,0.5454545454545454,0.8398702195303073
7799211,30.0,15.0,8,232,3,3,36.0,40.333333333333336,0.0023211,0.0022405,0.0024518,3,3,24.666666666666668,51.666666666666664,0.14660555,0.134824225,0.158386875,0.6666666666666666,0.6666666666666666,0.6666666666666666,0.7522727272727273
7799420,30.0,15.0,8,317,3,3,36.0,68.66666666666667,0.0029735000000000004,0.002848699999999999,0.0032439,6,7,22.166666666666668,25.428571428571427,0.19644669999999997,0.19606354999999995,0.19682985,0.2222222222222222,0.3333333333333333,0.16666666666666666,0.8421052631578947
7799507,30.0,15.0,8,310,1,1,207.0,102.0,0.0094218,0.0091292,0.0096495,4,4,27.0,49.5,0.20945370000000002,0.2006135,0.2182939,0.0,0.0,0.0,0.0
7852277,30.0,15.0,8,247,2,2,40.0,82.5,0.0023554,0.0023124,0.0025059,2,2,15.5,107.0,0.10856145000000002,0.105026775,0.112096125,0.0,0.0,0.0,0.0
7852403,30.0,15.0,8,290,4,4,24.25,47.25,0.0026062000000000004,0.0024113000000000003,0.0029915,6,5,28.166666666666668,23.0,0.14598565,0.143922475,0.14804882500000002,0.8,1.0,0.6666666666666666,0.8656099708731287
7852411,30.0,15.0,8,607,3,3,54.666666666666664,146.66666666666666,0.006751600000000002,0.005912500000000001,0.0069506,11,10,17.818181818181817,40.0,0.27815215000000004,0.271315875,0.284988425,0.0,0.0,0.0,0.0
7852420,30.0,15.0,8,606,4,5,37.25,90.6,0.010203099999999998,0.0087131,0.0102726,16,15,19.625,18.4,0.3283058,0.32245714999999997,0.33415445000000005,0.3,0.75,0.1875,0.7481116584564861
7852422,30.0,15.0,8,216,3,2,26.666666666666668,66.5,0.0020968000000000002,0.0020575,0.002115,4,3,26.0,36.0,0.09807770000000002,0.09384115000000001,0.10231425000000001,0.8571428571428571,1.0,0.75,0.8519323671497584
7852445,30.0,15.0,8,307,5,4,28.6,39.75,0.0031777000000000003,0.0031234000000000006,0.0033145,7,7,24.0,18.857142857142858,0.17599479999999998,0.17354985,0.17843975000000004,0.6666666666666666,0.8,0.5714285714285714,0.8284610215053764
7852451,30.0,15.0,8,314,4,3,33.5,58.666666666666664,0.0032841999999999997,0.0032021999999999997,0.0033772,5,4,23.4,48.0,0.27357525,0.271088375,0.276062125,0.4444444444444445,0.5,0.4,0.9007692307692308
8354596,30.0,15.0,8,385,0,1,0.0,385.0,0.0042904,0.0037759,0.0045578,0,1,0.0,385.0,0.018844549999999998,0.017832825,0.019856275000000003,nan,nan,nan,nan
10752853,30.0,30.0,15,615,1,2,54.0,280.0,0.010848700000000001,0.0099895,0.012363099999999998,0,1,0.0,615.0,0.06728669999999999,0.06240885,0.07216455000000001,0.0,0.0,0.0,0.0
10752864,30.0,30.0,15,232,1,2,49.0,91.0,0.0027570999999999997,0.0025261,0.0034159,2,2,39.0,76.0,0.169585,0.16708715,0.17208285,0.6666666666666666,1.0,0.5,0.94
10752951,30.0,30.0,15,610,0,1,0.0,610.0,0.0035869,0.0034104,0.0038579,0,1,0.0,610.0,0.0126239,0.0123916,0.0128562,nan,nan,nan,nan
10892045,30.0,30.0,15,323,1,2,61.0,130.5,0.0038844,0.0037302000000000004,0.0038976999999999996,3,4,38.0,51.5,0.16533940000000003,0.1627409,0.1679379,0.5,1.0,0.3333333333333333,0.7704918032786885
10934834,30.0,30.0,15,242,1,2,36.0,102.5,0.0028671,0.0021481,0.003063,1,2,41.0,100.0,0.14036695000000002,0.13333762499999996,0.147396275,1.0,1.0,1.0,0.8780487804878049
10934933,30.0,30.0,15,423,1,2,32.0,195.0,0.0044033,0.0043943,0.0044744,3,4,36.333333333333336,77.75,0.18583275,0.17052992500000003,0.20113557499999998,0.5,1.0,0.3333333333333333,0.8888888888888888
10935081,30.0,30.0,15,278,1,2,35.0,121.0,0.0045584,0.0042513,0.0047022,3,4,36.333333333333336,41.5,0.09499305000000001,0.093251625,0.096734475,0.5,1.0,0.3333333333333333,0.8974358974358975
10935136,30.0,30.0,15,308,1,1,49.0,258.0,0.0053405,0.0051938,0.0063925,1,1,52.0,255.0,0.11955134999999999,0.107600875,0.131501825,1.0,1.0,1.0,0.9423076923076923
10935148,30.0,30.0,15,237,1,1,179.0,57.0,0.0105492,0.0099871,0.011734399999999999,2,2,41.5,76.0,0.19830494999999998,0.185561625,0.211048275,0.0,0.0,0.0,0.0
10935358,30.0,30.0,15,636,4,5,44.5,90.8,0.0093689,0.009161899999999999,0.0093705,3,4,39.0,129.0,0.29883805,0.296598725,0.301077375,0.5714285714285715,0.5,0.6666666666666666,0.93140589569161
10935638,30.0,30.0,15,228,0,1,0.0,228.0,0.0017821,0.0017745999999999999,0.0018427999999999997,0,1,0.0,228.0,0.0539786,0.0529519,0.05500529999999999,nan,nan,nan,nan
10935844,30.0,30.0,15,607,0,1,0.0,607.0,0.0034300999999999997,0.0033715999999999998,0.005271700000000001,1,2,31.0,287.5,0.06427085,0.058245925,0.070295775,0.0,0.0,0.0,0.0
10969051,30.0,30.0,15,601,0,1,0.0,601.0,0.0057961,0.0055584,0.006030300000000001,1,2,32.0,284.0,0.07616415,0.07456657500000001,0.077761725,0.0,0.0,0.0,0.0
11058912,30.0,30.0,15,601,0,1,0.0,601.0,0.0125925,0.0106996,0.0128338,0,1,0.0,601.0,0.0510389,0.04544365,0.056634149999999994,nan,nan,nan,nan
11071635,30.0,30.0,15,423,1,2,53.0,184.5,0.0046777,0.0045458,0.0048969,3,4,33.333333333333336,80.0,0.1551144,0.15292755000000002,0.15730125000000003,0.0,0.0,0.0,0.0
11071677,30.0,30.0,15,459,2,3,44.0,123.0,0.0040177,0.0040052,0.0044326,1,2,37.0,210.5,0.15271045000000003,0.14876022499999997,0.15666067500000003,0.6666666666666666,0.5,1.0,0.8378378378378378
11071727,30.0,30.0,15,411,0,1,0.0,411.0,0.0031201,0.0030521999999999997,0.0034981,0,1,0.0,411.0,0.057367649999999985,0.053473425,0.061261875,nan,nan,nan,nan
11071733,30.0,30.0,15,257,0,1,0.0,257.0,0.0026301999999999996,0.0026022,0.0029005999999999997,3,3,34.666666666666664,50.0,0.1043761,0.10337505,0.10537714999999999,0.0,0.0,0.0,0.0
11071965,30.0,30.0,15,535,4,4,42.0,90.75,0.0051192,0.0049955,0.0056581999999999995,4,4,38.5,94.25,0.18081570000000002,0.1709978,0.1906336,0.75,0.75,0.75,0.8872377622377622
11092058,30.0,30.0,15,446,1,1,76.0,369.0,0.003979600000000001,0.0036934,0.00407,3,3,38.0,109.66666666666667,0.15414360000000002,0.1464145,0.16187269999999998,0.5,1.0,0.3333333333333333,0.631578947368421
11092072,30.0,30.0,15,247,0,1,0.0,247.0,0.0015815999999999998,0.0015765999999999998,0.0017161,0,1,0.0,247.0,0.017232799999999996,0.016623399999999997,0.0178422,nan,nan,nan,nan
4300268,30.0,30.0,15,961,5,5,118.6,72.6,0.037295800000000004,0.0367676,0.038877699999999994,9,9,74.55555555555556,31.22222222222222,1.0314763,0.9337599999999999,1.1291925999999999,0.7142857142857143,1.0,0.5555555555555556,0.8333652382185036
4303167,30.0,30.0,15,610,3,4,43.333333333333336,119.25,0.0097835,0.009312,0.011552,3,4,38.666666666666664,122.75,0.1687107,0.16848570000000002,0.1689357,0.6666666666666666,0.6666666666666666,0.6666666666666666,0.9388198757763975
4303201,30.0,30.0,15,600,0,1,0.0,600.0,0.0056251,0.0049707,0.006724399999999999,2,3,31.5,178.33333333333334,0.12894175,0.128552575,0.129330925,0.0,0.0,0.0,0.0
4326816,30.0,30.0,15,606,6,6,40.0,60.0,0.013863299999999999,0.0129035,0.0161035,8,8,39.5,35.25,0.2860568,0.27117055,0.30094305,0.8571428571428571,1.0,0.75,0.9275832049969188
4453473,30.0,30.0,15,610,3,4,45.0,118.0,0.0046718,0.0046288,0.004717,1,2,39.0,285.0,0.11436779999999999,0.113828,0.11490759999999998,0.5,0.3333333333333333,1.0,0.8461538461538461
4636267,30.0,30.0,15,624,5,6,49.2,62.166666666666664,0.0082404,0.0080893,0.0083867,7,8,45.57142857142857,37.25,0.3837589,0.36929225,0.39822555,0.8333333333333333,1.0,0.7142857142857143,0.8030156041361647
4652239,30.0,30.0,15,601,4,4,48.0,101.25,0.0123486,0.011984799999999999,0.012385600000000002,5,6,38.6,67.16666666666667,0.3249508,0.31878490000000004,0.3311167,0.6666666666666665,0.75,0.6,0.8591265275860307
4660369,30.0,30.0,15,640,2,3,63.5,170.33333333333334,0.0076696,0.0075777,0.007789300000000001,2,3,31.5,191.66666666666666,0.1686505,0.16479295,0.17250805,0.5,0.5,0.5,0.5081967213114754
4748312,30.0,30.0,15,624,4,5,53.75,81.0,0.0085744,0.008357100000000001,0.0091461,4,5,55.75,79.4,0.3112898,0.31026105,0.31231855,1.0,1.0,1.0,0.9152772591384253
4748313,30.0,30.0,15,770,3,4,117.33333333333333,103.75,0.017214,0.0169641,0.0172871,5,6,56.6,80.33333333333333,0.40160809999999997,0.39012759999999996,0.4130886,0.25,0.3333333333333333,0.2,0.7708333333333334
4779685,30.0,30.0,15,669,4,5,71.0,76.2,0.011088800000000001,0.010477700000000001,0.0114354,6,7,55.166666666666664,47.42857142857143,0.38436805000000007,0.377563875,0.39117222500000004,0.8,1.0,0.6666666666666666,0.8520117142846775
4792372,30.0,30.0,15,609,3,3,55.666666666666664,146.33333333333334,0.0068944,0.0065327,0.006984300000000001,4,4,47.0,104.25,0.33132629999999996,0.28976015000000005,0.37289244999999993,0.8571428571428571,1.0,0.75,0.8150912106135987
4793806,30.0,30.0,15,609,3,4,62.333333333333336,104.75,0.0163237,0.0133759,0.0171679,2,3,48.0,170.33333333333334,0.3608137,0.3104612,0.4111661999999999,0.4,0.3333333333333333,0.5,0.873015873015873
4798549,30.0,30.0,15,661,5,6,54.6,63.833333333333336,0.0097079,0.009604399999999999,0.010200299999999999,6,7,39.166666666666664,60.0,0.8049052000000001,0.8009902500000001,0.8088201500000001,0.7272727272727272,0.8,0.6666666666666666,0.7914177620278797
4944723,30.0,30.0,15,650,6,5,74.0,40.0,0.031240599999999997,0.0283919,0.034164400000000004,5,5,43.8,85.2,0.7232147499999999,0.6333450749999999,0.813084425,0.5454545454545454,0.5,0.6,0.90041928721174
4981908,30.0,30.0,15,251,0,1,0.0,251.0,0.00253,0.0023022,0.0026676,1,2,30.0,110.0,0.0669926,0.0667355,0.0672497,0.0,0.0,0.0,0.0
5084249,30.0,30.0,15,600,0,1,0.0,600.0,0.0090486,0.0070469,0.0095052,0,1,0.0,600.0,0.0799608,0.0783114,0.08161020000000001,nan,nan,nan,nan
5133027,30.0,30.0,15,628,5,4,66.4,72.75,0.0109468,0.010852999999999998,0.011218,4,4,49.5,106.5,0.28763004999999997,0.28010372499999997,0.2951563750000001,0.6666666666666665,0.6,0.75,0.9164189077081063
5285957,30.0,30.0,15,387,1,2,36.0,175.0,0.0033085,0.0030714,0.0043754,2,2,39.5,153.0,0.11444965,0.114255325,0.11464397500000001,0.6666666666666666,1.0,0.5,0.9
5286334,30.0,30.0,15,342,0,1,0.0,342.0,0.0021613,0.0021319,0.0022541999999999996,0,1,0.0,342.0,0.0225413,0.022164450000000002,0.022918149999999998,nan,nan,nan,nan
5395622,30.0,30.0,15,231,1,2,36.0,97.0,0.0015783,0.0015355,0.0021614,1,2,39.0,95.5,0.05610825,0.056099724999999996,0.056116775,1.0,1.0,1.0,0.9230769230769231
5538668,30.0,30.0,15,617,0,1,0.0,617.0,0.0035816999999999997,0.0034194,0.003631,0,1,0.0,617.0,0.008223,0.0079851,0.008460899999999999,nan,nan,nan,nan
5670672,30.0,30.0,15,264,2,2,110.0,21.0,0.0072906,0.0070202,0.0072917,3,3,46.666666666666664,40.333333333333336,0.19741665,0.19620492500000003,0.19862837499999997,0.4,0.5,0.3333333333333333,0.8
5729758,30.0,30.0,15,253,1,2,36.0,108.0,0.0038271,0.0038047,0.0042326,0,1,0.0,253.0,0.11233054999999999,0.109743725,0.11491737499999999,0.0,0.0,0.0,0.0
5763820,30.0,30.0,15,989,5,4,132.2,80.75,0.03618,0.0360717,0.0380482,4,3,142.5,138.33333333333334,0.5873986500000001,0.545558925,0.629238375,0.888888888888889,0.8,1.0,0.9281352617462
5917923,30.0,30.0,15,272,0,1,0.0,272.0,0.003288,0.0028171999999999997,0.003486,1,2,34.0,118.5,0.09184759999999999,0.09151449999999998,0.09218069999999999,0.0,0.0,0.0,0.0
5936666,30.0,30.0,15,602,1,2,33.0,284.0,0.0064998,0.006293,0.0067485999999999996,3,4,40.0,119.75,0.21427935,0.208011625,0.220547075,0.5,1.0,0.3333333333333333,0.7857142857142857
6014730,30.0,30.0,15,219,0,1,0.0,219.0,0.0013317000000000001,0.0013146,0.0013399,0,1,0.0,219.0,0.03490385,0.033056575,0.036751125,nan,nan,nan,nan
6051512,30.0,30.0,15,601,2,3,36.5,175.33333333333334,0.005577899999999999,0.005344899999999999,0.0057168,1,2,41.0,279.5,0.19326915,0.188758975,0.19777932499999998,0.6666666666666666,0.5,1.0,0.9024390243902439
6053686,30.0,30.0,15,602,0,1,0.0,602.0,0.0094019,0.009136799999999999,0.0099597,0,1,0.0,602.0,0.19806855,0.191765625,0.204371475,nan,nan,nan,nan
6171971,30.0,30.0,15,372,1,2,42.0,164.5,0.0052669,0.005254,0.006084600000000002,2,2,38.5,146.5,0.10156715000000001,0.10039367499999999,0.10274062500000002,0.6666666666666666,1.0,0.5,0.8541666666666666
6172561,30.0,30.0,15,239,2,2,32.5,86.0,0.0021818000000000002,0.0020482,0.0022402,2,2,40.0,78.5,0.16748280000000001,0.14233255000000003,0.19263305,1.0,1.0,1.0,0.8164160401002507
6357847,30.0,30.0,15,716,7,8,59.285714285714285,36.75,0.0209755,0.0184756,0.021015700000000002,6,7,48.666666666666664,59.714285714285715,0.37021175,0.367499075,0.372924425,0.923076923076923,0.8571428571428571,1.0,0.7976598580028503
6358495,30.0,30.0,15,308,1,2,44.0,131.5,0.0024657,0.0023615999999999997,0.0032015,2,2,41.0,112.0,0.11021790000000001,0.10138175000000002,0.11905405000000001,0.6666666666666666,1.0,0.5,0.8461538461538461
6422329,30.0,30.0,15,269,0,1,0.0,269.0,0.003325,0.0032272,0.0035763,3,4,47.666666666666664,30.75,0.15209435000000002,0.150802675,0.15338602500000004,0.0,0.0,0.0,0.0
6547817,30.0,30.0,15,320,1,1,37.0,282.0,0.0034895,0.0034338999999999997,0.0037232,2,2,32.5,126.5,0.14822385000000002,0.144233225,0.15221447500000002,0.6666666666666666,1.0,0.5,0.8918918918918919
6547822,30.0,30.0,15,341,5,6,45.8,17.833333333333332,0.0052871,0.0051157,0.005833,4,4,46.0,38.25,0.35341715,0.344635225,0.36219907500000004,0.888888888888889,0.8,1.0,0.8842022600848018
6756778,30.0,30.0,15,498,3,3,55.333333333333336,109.66666666666667,0.011340600000000001,0.0102539,0.0116054,6,6,34.666666666666664,47.333333333333336,0.28988715,0.285827675,0.293946625,0.4444444444444444,0.6666666666666666,0.3333333333333333,0.7417711598746082
6896919,30.0,30.0,15,619,2,3,48.0,173.66666666666666,0.0052128,0.005064600000000001,0.0059713000000000006,3,4,39.666666666666664,124.25,0.154675,0.15013575,0.15921425,0.8,1.0,0.6666666666666666,0.743778801843318
6920600,30.0,30.0,15,225,0,1,0.0,225.0,0.0014797,0.0014588,0.0023534000000000003,0,1,0.0,225.0,0.019042,0.018477,0.019607,nan,nan,nan,nan
6922501,30.0,30.0,15,273,1,1,35.0,237.0,0.0023157,0.0021937,0.0024,3,3,36.333333333333336,53.666666666666664,0.105898,0.10309775,0.10869824999999998,0.5,1.0,0.3333333333333333,0.9210526315789473
6922622,30.0,30.0,15,453,1,2,75.0,188.5,0.0052823,0.0049038,0.0053402,2,3,32.5,128.66666666666666,0.16211585,0.158618025,0.16561367500000002,0.0,0.0,0.0,0.0
6941418,30.0,30.0,15,282,2,3,36.0,69.33333333333333,0.0035731,0.0027606999999999996,0.004270100000000001,2,3,40.0,66.66666666666667,0.10573165000000001,0.100373125,0.111090175,1.0,1.0,1.0,0.8734643734643734
6984632,30.0,30.0,15,617,1,2,45.0,285.5,0.005285399999999999,0.005109,0.005331600000000001,1,2,50.0,283.0,0.0946279,0.09422085,0.09503495,1.0,1.0,1.0,0.9
7555066,30.0,30.0,15,339,0,1,0.0,339.0,0.0036783,0.0034379,0.0038942,2,2,33.5,135.0,0.0784503,0.07785394999999999,0.07904665000000001,0.0,0.0,0.0,0.0
7557391,30.0,30.0,15,302,0,1,0.0,302.0,0.0020735,0.0019232000000000001,0.0023553000000000003,0,1,0.0,302.0,0.0480452,0.04340775,0.052682650000000004,nan,nan,nan,nan
7563440,30.0,30.0,15,591,0,1,0.0,591.0,0.004895399999999999,0.0047649,0.0060302,2,3,30.0,176.33333333333334,0.19631210000000004,0.19448905000000002,0.19813514999999998,0.0,0.0,0.0,0.0
7564587,30.0,30.0,15,242,2,3,40.5,53.0,0.0025643000000000003,0.0023375,0.0036815999999999997,1,2,46.0,97.5,0.09036924999999998,0.086265975,0.09447252499999999,0.6666666666666666,0.5,1.0,0.717391304347826
7583768,30.0,30.0,15,236,2,2,38.5,78.5,0.002353,0.0022741,0.0024238000000000003,1,2,40.0,97.5,0.07322265000000001,0.071438075,0.07500722500000001,0.6666666666666666,0.5,1.0,0.925
7598344,30.0,30.0,15,219,0,1,0.0,219.0,0.0013935999999999998,0.0013916,0.0014104,0,1,0.0,219.0,0.03847845,0.037715725,0.039241175,nan,nan,nan,nan
7613495,30.0,30.0,15,612,1,2,40.0,285.5,0.007518100000000001,0.007264,0.009607200000000002,3,4,43.333333333333336,119.75,0.24680835,0.243103175,0.250513525,0.5,1.0,0.3333333333333333,0.8636363636363636
7613518,30.0,30.0,15,285,3,3,36.0,58.0,0.0024235999999999997,0.0024216,0.0024844,3,3,38.333333333333336,55.666666666666664,0.11578659999999999,0.11224215,0.11933105,1.0,1.0,1.0,0.9044616849494899
7613731,30.0,30.0,15,271,1,1,39.0,231.0,0.0026849,0.0023378,0.002861,2,2,42.5,92.0,0.0732325,0.0721257,0.0743393,0.6666666666666666,1.0,0.5,0.975
7691124,30.0,30.0,15,255,3,3,39.333333333333336,44.666666666666664,0.0024249000000000002,0.0023925,0.0029786,2,2,41.5,85.0,0.11751035,0.117321225,0.11769947500000001,0.8,0.6666666666666666,1.0,0.8423344947735192
7691163,30.0,30.0,15,301,3,4,35.333333333333336,48.0,0.0029418000000000005,0.0029241999999999996,0.0031428000000000003,4,5,34.75,31.6,0.1372769,0.1343014,0.1402524,0.8571428571428571,1.0,0.75,0.9201480443858493
7691232,30.0,30.0,15,601,0,1,0.0,601.0,0.0035701,0.0034253,0.0040643,0,1,0.0,601.0,0.0241772,0.023783349999999998,0.024571050000000007,nan,nan,nan,nan
7691423,30.0,30.0,15,303,1,2,46.0,128.0,0.0024708,0.0023968,0.0025789000000000003,0,1,0.0,303.0,0.08511504999999998,0.08436147499999999,0.085868625,0.0,0.0,0.0,0.0
7691435,30.0,30.0,15,343,0,1,0.0,343.0,0.0023021,0.0020501,0.0024461,0,1,0.0,343.0,0.05194535,0.047960775,0.055929925,nan,nan,nan,nan
7691520,30.0,30.0,15,608,3,4,63.0,104.0,0.0087974,0.0084529,0.0088616,3,4,33.0,126.5,0.23140785,0.229971525,0.232844175,0.3333333333333333,0.3333333333333333,0.3333333333333333,0.9210526315789473
7691542,30.0,30.0,15,368,1,2,75.0,146.0,0.0043865,0.0042442,0.0044105,3,4,32.333333333333336,67.0,0.2152812,0.204125,0.22643739999999998,0.0,0.0,0.0,0.0
7691885,30.0,30.0,15,251,1,2,48.0,101.0,0.0032091999999999997,0.0030693,0.003392,1,2,32.0,109.0,0.11794435,0.11742607499999999,0.118462625,0.0,0.0,0.0,0.0
7691909,30.0,30.0,15,624,3,4,40.0,125.25,0.0063835,0.006333800000000001,0.007214800000000001,4,5,41.25,91.0,0.25054955,0.24330912500000004,0.257789975,0.8571428571428571,1.0,0.75,0.8970778233774129
7795968,30.0,30.0,15,252,1,1,65.0,186.0,0.0026651,0.0025739,0.0026874,1,1,73.0,178.0,0.0499157,0.0498657,0.049965699999999995,1.0,1.0,1.0,0.8904109589041096
7797310,30.0,30.0,15,601,0,1,0.0,601.0,0.0033804,0.0029952,0.0034779,0,1,0.0,601.0,0.023850399999999997,0.023286249999999998,0.02441455,nan,nan,nan,nan
7799046,30.0,30.0,15,454,1,2,32.0,210.5,0.0041398,0.004003400000000001,0.0043991,4,5,33.75,63.0,0.19124075,0.190708525,0.191772975,0.0,0.0,0.0,0.0
7799135,30.0,30.0,15,329,1,2,36.0,146.0,0.0026282,0.0025899,0.0028765,2,3,37.5,84.0,0.10783759999999999,0.10661345000000001,0.10906174999999999,0.6666666666666666,1.0,0.5,0.8571428571428571
7799180,30.0,30.0,15,645,7,8,40.857142857142854,44.0,0.0074095,0.0073298999999999994,0.0076075,7,7,37.42857142857143,53.714285714285715,0.32437235000000003,0.322562175,0.326182525,0.8571428571428571,0.8571428571428571,0.8571428571428571,0.8605709307161212
7799209,30.0,30.0,15,525,0,1,0.0,525.0,0.0052106999999999995,0.004130399999999999,0.0067941,3,4,34.333333333333336,104.75,0.12026730000000001,0.11965325,0.12088134999999998,0.0,0.0,0.0,0.0
7799211,30.0,30.0,15,232,2,3,42.0,48.666666666666664,0.0021153,0.0021106,0.0021889,2,3,46.5,45.666666666666664,0.0830774,0.08261079999999998,0.083544,1.0,1.0,1.0,0.9033613445378151
7799420,30.0,30.0,15,317,2,2,36.5,121.0,0.0031626,0.0029191,0.0031789,3,2,39.666666666666664,97.5,0.11770999999999998,0.1137321,0.12168789999999997,0.8,1.0,0.6666666666666666,0.8934573829531813
7799507,30.0,30.0,15,310,1,1,187.0,122.0,0.0083696,0.0082656,0.0089395,3,4,38.0,48.25,0.18494655000000002,0.17860652500000002,0.19128657500000001,0.0,0.0,0.0,0.0
7852277,30.0,30.0,15,247,1,1,48.0,198.0,0.0023078,0.0022826,0.0023669,2,2,44.5,78.0,0.06957355,0.067683425,0.071463675,0.6666666666666666,1.0,0.5,0.8888888888888888
7852403,30.0,30.0,15,290,0,1,0.0,290.0,0.0024306999999999996,0.0023524,0.002485,2,3,35.5,72.33333333333333,0.094091,0.0922597,0.09592230000000002,0.0,0.0,0.0,0.0
7852411,30.0,30.0,15,607,3,3,51.333333333333336,150.0,0.005937,0.0059143,0.0060686,2,3,59.0,162.33333333333334,0.1958999,0.1923558,0.19944400000000004,0.8,0.6666666666666666,1.0,0.8518130056937369
7852420,30.0,30.0,15,606,2,3,48.5,169.0,0.0065809,0.0064819,0.0074571,3,4,39.666666666666664,121.0,0.19600905000000002,0.195086175,0.196931925,0.8,1.0,0.6666666666666666,0.7269503546099291
7852422,30.0,30.0,15,216,1,2,32.0,91.5,0.0017856999999999999,0.001757,0.0018462,2,2,34.0,73.0,0.07330555,0.072204925,0.07440617500000002,0.6666666666666666,1.0,0.5,0.8421052631578947
7852445,30.0,30.0,15,307,2,3,37.5,76.66666666666667,0.0033932,0.0033288000000000002,0.0037181,2,2,42.5,110.0,0.1512255,0.15112725,0.15132375,1.0,1.0,1.0,0.8382352941176471
7852451,30.0,30.0,15,314,1,2,57.0,128.0,0.0050128,0.0048822,0.0053211000000000005,3,3,45.666666666666664,58.0,0.17641299999999996,0.17001880000000003,0.18280719999999998,0.5,1.0,0.3333333333333333,0.9193548387096774
8354596,30.0,30.0,15,385,0,1,0.0,385.0,0.0019611,0.0019582000000000002,0.0023759000000000002,0,1,0.0,385.0,0.0048689,0.00473765,0.005000149999999999,nan,nan,nan,nan
10752853,30.0,60.0,30,615,0,1,0.0,615.0,0.0042561000000000005,0.0038654,0.004447899999999999,0,1,0.0,615.0,0.04604285,0.045185424999999994,0.046900275,nan,nan,nan,nan
10752864,30.0,60.0,30,232,0,1,0.0,232.0,0.002408,0.0022971,0.0025169000000000003,0,1,0.0,232.0,0.06347925,0.061504575,0.065453925,nan,nan,nan,nan
10752951,30.0,60.0,30,610,0,1,0.0,610.0,0.0032718,0.0030729,0.0033216,0,1,0.0,610.0,0.0079527,0.00784575,0.00805965,nan,nan,nan,nan
10892045,30.0,60.0,30,323,0,1,0.0,323.0,0.0033283,0.0032458,0.0034792,1,2,65.0,128.5,0.07609275,0.07500707499999999,0.07717842500000001,0.0,0.0,0.0,0.0
10934834,30.0,60.0,30,242,0,1,0.0,242.0,0.0021973,0.0019556,0.0022113000000000002,0,1,0.0,242.0,0.0282308,0.02776095,0.028700649999999998,nan,nan,nan,nan
10934933,30.0,60.0,30,423,0,1,0.0,423.0,0.0037285,0.0036841,0.004525100000000001,0,1,0.0,423.0,0.05364415,0.05325607500000001,0.054032225,nan,nan,nan,nan
10935081,30.0,60.0,30,278,0,1,0.0,278.0,0.0027093,0.0023381,0.0027356999999999998,0,1,0.0,278.0,0.06461599999999999,0.06432685,0.06490515,nan,nan,nan,nan
10935136,30.0,60.0,30,308,0,1,0.0,308.0,0.0023855,0.0023719,0.0024929,0,1,0.0,308.0,0.038397099999999997,0.03783589999999999,0.038958299999999994,nan,nan,nan,nan
10935148,30.0,60.0,30,237,1,2,135.0,50.5,0.0064637,0.0063086,0.0067012,0,1,0.0,237.0,0.12333810000000002,0.12154985000000001,0.12512635000000003,0.0,0.0,0.0,0.0
10935358,30.0,60.0,30,636,0,1,0.0,636.0,0.0067726999999999996,0.006471100000000001,0.006898100000000001,1,2,61.0,287.0,0.19859860000000001,0.19549375,0.20170345,0.0,0.0,0.0,0.0
10935638,30.0,60.0,30,228,0,1,0.0,228.0,0.0015954,0.0015812,0.0016275,0,1,0.0,228.0,0.004085500000000001,0.0040447,0.0041263,nan,nan,nan,nan
10935844,30.0,60.0,30,607,0,1,0.0,607.0,0.0035494999999999997,0.0031036,0.0035999,0,1,0.0,607.0,0.025388400000000002,0.024767400000000002,0.0260094,nan,nan,nan,nan
10969051,30.0,60.0,30,601,0,1,0.0,601.0,0.0034935,0.0031923000000000008,0.0042019,0,1,0.0,601.0,0.01086775,0.010755575000000002,0.010979925,nan,nan,nan,nan
11058912,30.0,60.0,30,601,0,1,0.0,601.0,0.0041773999999999995,0.0038411000000000005,0.0041828,0,1,0.0,601.0,0.01030415,0.010173125,0.010435175,nan,nan,nan,nan
11071635,30.0,60.0,30,423,0,1,0.0,423.0,0.0046106,0.0044477,0.004800100000000001,1,1,70.0,352.0,0.09095460000000002,0.09048385,0.09142535,0.0,0.0,0.0,0.0
11071677,30.0,60.0,30,459,0,1,0.0,459.0,0.0041064,0.0041005,0.0046373000000000004,1,2,89.0,184.5,0.08599635,0.085723925,0.08626877499999999,0.0,0.0,0.0,0.0
11071727,30.0,60.0,30,411,0,1,0.0,411.0,0.0027728,0.0026658000000000003,0.0036274000000000002,0,1,0.0,411.0,0.0057360499999999995,0.005644974999999999,0.005827125,nan,nan,nan,nan
11071733,30.0,60.0,30,257,0,1,0.0,257.0,0.0028079,0.002401,0.0029583,0,1,0.0,257.0,0.0423631,0.042330599999999996,0.0423956,nan,nan,nan,nan
11071965,30.0,60.0,30,535,0,1,0.0,535.0,0.004527,0.0045166,0.0045565,1,2,62.0,236.0,0.10737205,0.10472282499999999,0.11002127499999999,0.0,0.0,0.0,0.0
11092058,30.0,60.0,30,446,0,1,0.0,446.0,0.0038509000000000004,0.0035961000000000005,0.0039484,1,1,78.0,367.0,0.05979105,0.059735474999999996,0.059846624999999994,0.0,0.0,0.0,0.0
11092072,30.0,60.0,30,247,0,1,0.0,247.0,0.0014275,0.0014171,0.0014938,0,1,0.0,247.0,0.0035537999999999998,0.0033641,0.0037434999999999994,nan,nan,nan,nan
4300268,30.0,60.0,30,961,3,3,173.0,146.33333333333334,0.0334067,0.0331443,0.033589,3,3,175.66666666666666,143.66666666666666,0.3717879,0.36898909999999996,0.3745867,1.0,1.0,1.0,0.9602797303365908
4303167,30.0,60.0,30,610,0,1,0.0,610.0,0.005385399999999999,0.0052215,0.0058671,0,1,0.0,610.0,0.09827219999999998,0.09753845,0.09900595,nan,nan,nan,nan
4303201,30.0,60.0,30,600,0,1,0.0,600.0,0.0046293,0.0041573,0.0049503,0,1,0.0,600.0,0.01077135,0.010656525000000002,0.010886175,nan,nan,nan,nan
4326816,30.0,60.0,30,606,0,1,0.0,606.0,0.0058502,0.0053468000000000005,0.006279600000000001,0,1,0.0,606.0,0.140313,0.13947055000000003,0.14115545,nan,nan,nan,nan
4453473,30.0,60.0,30,610,0,1,0.0,610.0,0.0047588000000000005,0.004104399999999999,0.0047768,0,1,0.0,610.0,0.08295105,0.08247732499999999,0.083424775,nan,nan,nan,nan
4636267,30.0,60.0,30,624,0,1,0.0,624.0,0.007525,0.0072331,0.0078254,3,4,64.33333333333333,107.0,0.17183179999999998,0.17136375,0.17229985,0.0,0.0,0.0,0.0
4652239,30.0,60.0,30,601,0,1,0.0,601.0,0.0060305,0.005558700000000001,0.0064583,1,1,65.0,535.0,0.1502039,0.14666375,0.15374405000000002,0.0,0.0,0.0,0.0
4660369,30.0,60.0,30,640,1,2,64.0,287.5,0.0061345,0.005736300000000001,0.0063487,2,3,69.0,166.66666666666666,0.08076885,0.080256625,0.081281075,0.6666666666666666,1.0,0.5,0.8888888888888888
4748312,30.0,60.0,30,624,1,2,71.0,276.0,0.0066165,0.0064762,0.0069209,2,3,68.5,161.66666666666666,0.14461870000000002,0.14460945,0.14462795,0.6666666666666666,1.0,0.5,0.9342105263157895
4748313,30.0,60.0,30,770,2,3,156.5,151.66666666666666,0.014716700000000003,0.0143866,0.0148731,3,4,91.0,123.5,0.20962355,0.209505075,0.20974202499999997,0.4,0.5,0.3333333333333333,0.9240506329113924
4779685,30.0,60.0,30,669,2,3,84.5,166.0,0.009408,0.009097200000000001,0.0096923,3,4,82.33333333333333,104.75,0.18570830000000002,0.18501400000000004,0.1864026,0.8,1.0,0.6666666666666666,0.9307541865297642
4792372,30.0,60.0,30,609,1,2,65.0,271.5,0.0059149,0.0057441,0.0066531,2,3,66.5,158.0,0.11863489999999999,0.1180307,0.1192391,0.6666666666666666,1.0,0.5,0.9154929577464789
4793806,30.0,60.0,30,609,1,2,72.0,268.0,0.0065467,0.0060508,0.006766100000000001,3,4,68.66666666666667,100.0,0.1316879,0.1308762,0.1324996,0.5,1.0,0.3333333333333333,0.9473684210526315
4798549,30.0,60.0,30,661,2,3,79.5,166.66666666666666,0.0087009,0.0080832,0.0092079,2,3,92.5,158.0,0.19909849999999998,0.19496305,0.20323395000000002,1.0,1.0,1.0,0.8761261261261262
4944723,30.0,60.0,30,650,3,3,98.33333333333333,117.33333333333333,0.014239799999999999,0.013093400000000002,0.0161561,2,3,76.0,165.33333333333334,0.3543059,0.3491186,0.3594932,0.4,0.3333333333333333,0.5,0.9518072289156626
4981908,30.0,60.0,30,251,0,1,0.0,251.0,0.0030558,0.0028908000000000002,0.0033614,0,1,0.0,251.0,0.00939145,0.008983675,0.009799224999999998,nan,nan,nan,nan
5084249,30.0,60.0,30,600,0,1,0.0,600.0,0.0077776,0.0075556,0.0083856,0,1,0.0,600.0,0.0137642,0.0131555,0.0143729,nan,nan,nan,nan
5133027,30.0,60.0,30,628,2,2,89.5,223.5,0.0141265,0.0134118,0.0148199,2,2,78.5,234.5,0.29563215000000004,0.283663625,0.307600675,1.0,1.0,1.0,0.8434889434889434
5285957,30.0,60.0,30,387,0,1,0.0,387.0,0.0033124000000000005,0.0028936,0.0035962000000000004,0,1,0.0,387.0,0.046204300000000004,0.0440378,0.048370800000000005,nan,nan,nan,nan
5286334,30.0,60.0,30,342,0,1,0.0,342.0,0.0018702999999999999,0.0018381,0.0019525,0,1,0.0,342.0,0.0050029,0.0048303,0.0051755,nan,nan,nan,nan
5395622,30.0,60.0,30,231,0,1,0.0,231.0,0.0014675,0.0013885,0.0015535,0,1,0.0,231.0,0.02441,0.024193199999999998,0.0246268,nan,nan,nan,nan
5538668,30.0,60.0,30,617,0,1,0.0,617.0,0.0028242,0.0027922999999999997,0.0031839,0,1,0.0,617.0,0.007757549999999999,0.007601875,0.007913225,nan,nan,nan,nan
5670672,30.0,60.0,30,264,1,2,95.0,84.0,0.0071367,0.0067024,0.0076262,2,2,70.5,60.5,0.15116305,0.145961325,0.15636477499999998,0.6666666666666666,1.0,0.5,0.6421052631578947
5729758,30.0,60.0,30,253,0,1,0.0,253.0,0.0028585999999999998,0.0028373,0.0029678,1,2,75.0,88.5,0.0601925,0.05954175,0.06084325,0.0,0.0,0.0,0.0
5763820,30.0,60.0,30,989,2,2,268.0,225.5,0.0481079,0.034113300000000006,0.0512611,0,1,0.0,989.0,0.4032246,0.40076030000000007,0.40568889999999996,0.0,0.0,0.0,0.0
5917923,30.0,60.0,30,272,0,1,0.0,272.0,0.0023472,0.0022986,0.0024846,0,1,0.0,272.0,0.0172095,0.01664345,0.017775549999999998,nan,nan,nan,nan
5936666,30.0,60.0,30,602,0,1,0.0,602.0,0.0053802,0.0046838,0.0054136,0,1,0.0,602.0,0.06720305,0.066857425,0.067548675,nan,nan,nan,nan
6014730,30.0,60.0,30,219,0,1,0.0,219.0,0.0014114000000000002,0.0012713,0.0014853,0,1,0.0,219.0,0.0041345,0.0040516499999999995,0.004217350000000001,nan,nan,nan,nan
6051512,30.0,60.0,30,601,0,1,0.0,601.0,0.0047943000000000005,0.0046258,0.0051052,1,2,86.0,257.0,0.0740012,0.07357555,0.07442684999999999,0.0,0.0,0.0,0.0
6053686,30.0,60.0,30,602,0,1,0.0,602.0,0.0044938,0.0044248000000000004,0.004542399999999999,0,1,0.0,602.0,0.044055649999999995,0.043882125,0.044229175,nan,nan,nan,nan
6171971,30.0,60.0,30,372,0,1,0.0,372.0,0.002706,0.0025626,0.0028986999999999997,0,1,0.0,372.0,0.0377945,0.0368537,0.0387353,nan,nan,nan,nan
6172561,30.0,60.0,30,239,0,1,0.0,239.0,0.0019015999999999998,0.0017805,0.001981,0,1,0.0,239.0,0.058933099999999995,0.0570605,0.0608057,nan,nan,nan,nan
6357847,30.0,60.0,30,716,3,4,75.66666666666667,121.5,0.0096,0.0093746,0.0098173,4,5,74.5,82.8,0.34479740000000003,0.31072740000000004,0.3788674,0.8571428571428571,1.0,0.75,0.9562398533647553
6358495,30.0,60.0,30,308,0,1,0.0,308.0,0.0044762,0.0040406,0.004832899999999999,0,1,0.0,308.0,0.05936745,0.058280725,0.060454175000000006,nan,nan,nan,nan
6422329,30.0,60.0,30,269,0,1,0.0,269.0,0.0043946,0.0043782,0.0048046,0,1,0.0,269.0,0.028147349999999998,0.026414025,0.029880675,nan,nan,nan,nan
6547817,30.0,60.0,30,320,0,1,0.0,320.0,0.0028731,0.0028640999999999996,0.0029787,0,1,0.0,320.0,0.043712600000000004,0.043320599999999994,0.0441046,nan,nan,nan,nan
6547822,30.0,60.0,30,341,0,1,0.0,341.0,0.0062056,0.0058872,0.0066296,0,1,0.0,341.0,0.14665090000000003,0.14509325,0.14820855000000002,nan,nan,nan,nan
6756778,30.0,60.0,30,498,0,1,0.0,498.0,0.0066139,0.006580600000000001,0.0067843,2,3,71.5,117.66666666666667,0.19365705000000003,0.190903325,0.196410775,0.0,0.0,0.0,0.0
6896919,30.0,60.0,30,619,0,1,0.0,619.0,0.0070722,0.006667,0.0073557,1,2,68.0,275.0,0.0880172,0.0871834,0.088851,0.0,0.0,0.0,0.0
6920600,30.0,60.0,30,225,0,1,0.0,225.0,0.001318,0.0012925,0.0014322999999999998,0,1,0.0,225.0,0.0033865,0.0032307,0.0035423000000000004,nan,nan,nan,nan
6922501,30.0,60.0,30,273,0,1,0.0,273.0,0.0020708000000000002,0.0020533,0.0022309000000000005,0,1,0.0,273.0,0.0629521,0.06265635,0.06324785,nan,nan,nan,nan
6922622,30.0,60.0,30,453,0,1,0.0,453.0,0.0046605,0.0046518,0.0048773,0,1,0.0,453.0,0.06253355,0.061973625000000004,0.063093475,nan,nan,nan,nan
6941418,30.0,60.0,30,282,0,1,0.0,282.0,0.0022616,0.0022186999999999997,0.0022987,0,1,0.0,282.0,0.04678675000000001,0.046505975,0.047067525,nan,nan,nan,nan
6984632,30.0,60.0,30,617,0,1,0.0,617.0,0.0042124,0.0041992,0.0042205,0,1,0.0,617.0,0.03397065,0.033313474999999995,0.034627825,nan,nan,nan,nan
7555066,30.0,60.0,30,339,0,1,0.0,339.0,0.0025184,0.0021920999999999998,0.0025458,0,1,0.0,339.0,0.010138600000000001,0.010062399999999999,0.0102148,nan,nan,nan,nan
7557391,30.0,60.0,30,302,0,1,0.0,302.0,0.0017297,0.0016672,0.0019792,0,1,0.0,302.0,0.0044297,0.00436075,0.004498650000000001,nan,nan,nan,nan
7563440,30.0,60.0,30,591,0,1,0.0,591.0,0.0041889,0.0040255,0.004326399999999999,0,1,0.0,591.0,0.0076708,0.0074714000000000004,0.007870199999999999,nan,nan,nan,nan
7564587,30.0,60.0,30,242,0,1,0.0,242.0,0.0021754,0.0019685,0.00219,0,1,0.0,242.0,0.0537335,0.053444900000000004,0.054022099999999997,nan,nan,nan,nan
7583768,30.0,60.0,30,236,0,1,0.0,236.0,0.0016455999999999999,0.001595,0.0017899,0,1,0.0,236.0,0.0482567,0.0481092,0.048404199999999994,nan,nan,nan,nan
7598344,30.0,60.0,30,219,0,1,0.0,219.0,0.0014516,0.0014198,0.0014648,0,1,0.0,219.0,0.00345,0.0031986,0.0037014,nan,nan,nan,nan
7613495,30.0,60.0,30,612,0,1,0.0,612.0,0.005548300000000001,0.0055095,0.005872100000000001,0,1,0.0,612.0,0.1122774,0.1119213,0.1126335,nan,nan,nan,nan
7613518,30.0,60.0,30,285,0,1,0.0,285.0,0.0023422,0.0022923000000000006,0.0024465999999999997,0,1,0.0,285.0,0.06830815000000001,0.06814532499999999,0.068470975,nan,nan,nan,nan
7613731,30.0,60.0,30,271,0,1,0.0,271.0,0.0023288000000000002,0.0020377999999999998,0.0025796,0,1,0.0,271.0,0.05607524999999999,0.055083925000000006,0.057066574999999994,nan,nan,nan,nan
7691124,30.0,60.0,30,255,0,1,0.0,255.0,0.0034199,0.0025261999999999997,0.003753,0,1,0.0,255.0,0.07809614999999999,0.07198657499999998,0.08420572500000001,nan,nan,nan,nan
7691163,30.0,60.0,30,301,0,1,0.0,301.0,0.0034217,0.0032179999999999995,0.0035735999999999997,0,1,0.0,301.0,0.0882736,0.0876568,0.0888904,nan,nan,nan,nan
7691232,30.0,60.0,30,601,0,1,0.0,601.0,0.0029878,0.0029241999999999996,0.0031685999999999997,0,1,0.0,601.0,0.007751900000000001,0.0076383,0.0078655,nan,nan,nan,nan
7691423,30.0,60.0,30,303,0,1,0.0,303.0,0.0023559,0.0023203,0.0027334,0,1,0.0,303.0,0.032076600000000004,0.0318552,0.032298,nan,nan,nan,nan
7691435,30.0,60.0,30,343,0,1,0.0,343.0,0.0020415,0.0020159,0.002282,0,1,0.0,343.0,0.0046762,0.0046248,0.004727599999999999,nan,nan,nan,nan
7691520,30.0,60.0,30,608,1,2,62.0,272.5,0.0077095,0.0075835,0.0081007,1,2,99.0,254.0,0.15447125,0.146223975,0.162718525,1.0,1.0,1.0,0.6262626262626263
7691542,30.0,60.0,30,368,1,2,75.0,146.0,0.0043356,0.0040229,0.004376,1,2,79.0,144.0,0.06607065,0.065601775,0.06653952499999999,1.0,1.0,1.0,0.9493670886075949
7691885,30.0,60.0,30,251,0,1,0.0,251.0,0.0022316999999999997,0.0021345,0.0026086,0,1,0.0,251.0,0.04875845,0.048707225,0.048809675000000004,nan,nan,nan,nan
7691909,30.0,60.0,30,624,0,1,0.0,624.0,0.0078655,0.0072228000000000014,0.0091465,0,1,0.0,624.0,0.08475744999999998,0.08290367499999998,0.086611225,nan,nan,nan,nan
7795968,30.0,60.0,30,252,1,1,63.0,188.0,0.002077,0.0020365999999999995,0.0022963000000000003,1,1,66.0,185.0,0.0431188,0.042859299999999996,0.0433783,1.0,1.0,1.0,0.9545454545454546
7797310,30.0,60.0,30,601,0,1,0.0,601.0,0.0030177,0.0027205,0.0035669,0,1,0.0,601.0,0.0078008,0.0075485,0.008053099999999999,nan,nan,nan,nan
7799046,30.0,60.0,30,454,0,1,0.0,454.0,0.0038567,0.0037519999999999997,0.0040688,0,1,0.0,454.0,0.08977864999999999,0.08970892500000001,0.089848375,nan,nan,nan,nan
7799135,30.0,60.0,30,329,0,1,0.0,329.0,0.0026963000000000004,0.0025303,0.0027781999999999998,0,1,0.0,329.0,0.0383936,0.03827285,0.038514349999999996,nan,nan,nan,nan
7799180,30.0,60.0,30,645,0,1,0.0,645.0,0.0071351999999999995,0.0070545,0.007418,1,2,67.0,288.5,0.3063598,0.2950183,0.31770129999999996,0.0,0.0,0.0,0.0
7799209,30.0,60.0,30,525,0,1,0.0,525.0,0.0069209,0.0044737,0.0071813,0,1,0.0,525.0,0.05676565,0.056334125,0.057197174999999996,nan,nan,nan,nan
7799211,30.0,60.0,30,232,0,1,0.0,232.0,0.0035095,0.0033984,0.0038703999999999995,0,1,0.0,232.0,0.05362355,0.052813725,0.054433375,nan,nan,nan,nan
7799420,30.0,60.0,30,317,0,1,0.0,317.0,0.0029681,0.0029565,0.0037541999999999996,0,1,0.0,317.0,0.0667768,0.06645820000000001,0.0670954,nan,nan,nan,nan
7799507,30.0,60.0,30,310,1,2,120.0,94.5,0.0072633,0.007198500000000001,0.0079224,1,1,107.0,202.0,0.1220751,0.12107960000000001,0.1230706,1.0,1.0,1.0,0.6940298507462687
7852277,30.0,60.0,30,247,0,1,0.0,247.0,0.0020226,0.0019197,0.0021341,0,1,0.0,247.0,0.04957025,0.049210975,0.049929525,nan,nan,nan,nan
7852403,30.0,60.0,30,290,0,1,0.0,290.0,0.00229,0.0022583,0.0023234,0,1,0.0,290.0,0.0368112,0.03653825,0.03708415,nan,nan,nan,nan
7852411,30.0,60.0,30,607,1,2,61.0,272.5,0.0062155,0.0059907,0.0062857,1,2,65.0,270.5,0.12203625,0.121935175,0.122137325,1.0,1.0,1.0,0.8805970149253731
7852420,30.0,60.0,30,606,1,2,60.0,272.5,0.0063248,0.0062293,0.0066470999999999995,1,2,70.0,267.5,0.07975535,0.07925367500000001,0.080257025,1.0,1.0,1.0,0.8309859154929577
7852422,30.0,60.0,30,216,0,1,0.0,216.0,0.0017354,0.001574,0.0019712,1,2,67.0,74.0,0.032979800000000004,0.03286000000000001,0.03309960000000001,0.0,0.0,0.0,0.0
7852445,30.0,60.0,30,307,0,1,0.0,307.0,0.003035,0.0027344,0.0032259000000000003,0,1,0.0,307.0,0.051883549999999994,0.050939075,0.052828024999999994,nan,nan,nan,nan
7852451,30.0,60.0,30,314,0,1,0.0,314.0,0.0030905,0.0030255,0.0036574,1,2,62.0,125.5,0.06462835,0.064196475,0.065060225,0.0,0.0,0.0,0.0
8354596,30.0,60.0,30,385,0,1,0.0,385.0,0.0019437999999999999,0.0019126,0.0019748,0,1,0.0,385.0,0.00542715,0.0051499250000000005,0.005704375,nan,nan,nan,nan
10752853,50.0,10.0,5,615,4,4,24.75,128.0,0.0048475,0.0048433,0.0050604000000000005,11,11,15.727272727272727,39.18181818181818,0.28331245,0.277193325,0.289431575,0.39999999999999997,0.75,0.2727272727272727,0.8571428571428572
10752864,50.0,10.0,5,232,7,3,31.0,2.6666666666666665,0.0049455,0.0048015,0.0049465,9,9,15.222222222222221,9.555555555555555,0.15989395,0.155632425,0.16415547499999997,0.375,0.42857142857142855,0.3333333333333333,0.7522893772893773
10752951,50.0,10.0,5,610,1,1,22.0,587.0,0.0033128000000000003,0.00327,0.0037783,6,6,18.0,82.66666666666667,0.17881539999999999,0.17055830000000002,0.1870725,0.0,0.0,0.0,0.0
10892045,50.0,10.0,5,323,5,4,45.6,22.5,0.0061796,0.0060842000000000005,0.0062293,10,8,20.2,13.875,0.20101894999999997,0.20014117499999995,0.20189672500000003,0.4,0.6,0.3,0.9137218045112782
10934834,50.0,10.0,5,242,5,5,28.4,19.0,0.0037938000000000004,0.0035344,0.0039288000000000005,8,8,18.625,10.625,0.1460938,0.14298850000000002,0.14919909999999997,0.7692307692307693,1.0,0.625,0.7796292551398719
10934933,50.0,10.0,5,423,9,9,33.77777777777778,12.222222222222221,0.0045455,0.0043133,0.005475600000000001,10,10,23.8,17.5,0.24648104999999998,0.244812125,0.248149975,0.7368421052631577,0.7777777777777778,0.7,0.8391405232419059
10935081,50.0,10.0,5,278,7,6,28.857142857142858,11.5,0.0028481,0.0027816,0.0032929,7,7,20.571428571428573,18.142857142857142,0.17788015,0.177185575,0.17857472499999993,0.42857142857142855,0.42857142857142855,0.42857142857142855,0.9149122807017545
10935136,50.0,10.0,5,308,7,6,28.285714285714285,17.166666666666668,0.0038298000000000004,0.0028694000000000002,0.00394,8,8,16.25,21.25,0.18331370000000002,0.1826763,0.1839511,0.6666666666666666,0.7142857142857143,0.625,0.7557894736842105
10935148,50.0,10.0,5,237,2,1,112.0,11.0,0.008826299999999999,0.0087403,0.009013799999999999,9,5,15.666666666666666,17.4,0.1410241,0.13932055000000002,0.14272765,0.1818181818181818,0.5,0.1111111111111111,0.9166666666666666
10935358,50.0,10.0,5,636,11,11,40.45454545454545,16.363636363636363,0.0080313,0.0075745,0.008062699999999999,15,16,13.733333333333333,25.9375,0.4248944,0.42187405,0.42791475000000007,0.23076923076923075,0.2727272727272727,0.2,0.75267094017094
10935638,50.0,10.0,5,228,8,5,18.0,15.2,0.0020235999999999995,0.0019152999999999998,0.002183,12,12,12.75,5.25,0.14393204999999998,0.139452975,0.148411125,0.7000000000000001,0.875,0.5833333333333334,0.7493313641245972
10935844,50.0,10.0,5,607,3,4,21.333333333333332,135.0,0.004028,0.0035884999999999997,0.0045594,7,7,18.285714285714285,67.42857142857143,0.1452663,0.14329585,0.14723675,0.6,1.0,0.42857142857142855,0.8075187969924812
10969051,50.0,10.0,5,601,3,3,21.666666666666668,177.66666666666666,0.0036799000000000003,0.0036014999999999997,0.0039837,6,5,18.166666666666668,97.2,0.13185270000000002,0.131325,0.13238040000000004,0.4444444444444444,0.6666666666666666,0.3333333333333333,0.6550802139037433
11058912,50.0,10.0,5,601,4,4,23.0,126.25,0.004632600000000001,0.0045032,0.0047167,9,9,18.88888888888889,46.888888888888886,0.23669065,0.23569852500000002,0.23768277499999999,0.46153846153846156,0.75,0.3333333333333333,0.826867816091954
11071635,50.0,10.0,5,423,8,8,36.375,15.5,0.0052368,0.0052252,0.0056416999999999995,13,12,16.692307692307693,16.083333333333332,0.2516239,0.24971775,0.25353005,0.4761904761904762,0.625,0.38461538461538464,0.7166363022941971
11071677,50.0,10.0,5,459,7,6,35.0,34.5,0.0063812,0.0062467,0.0066213999999999995,14,13,20.071428571428573,12.615384615384615,0.27906895000000004,0.277974025,0.280163875,0.5714285714285714,0.8571428571428571,0.42857142857142855,0.8719576719576718
11071727,50.0,10.0,5,411,5,4,21.0,75.25,0.0034917999999999998,0.0034580000000000006,0.0035516,10,9,15.5,27.333333333333332,0.24173119999999998,0.24081415,0.24264825,0.5333333333333333,0.8,0.4,0.8476851851851852
11071733,50.0,10.0,5,257,6,5,31.0,13.0,0.0027778,0.0027644,0.0035283000000000003,8,7,17.75,15.285714285714286,0.17108695000000002,0.16513577499999998,0.177038125,0.7142857142857143,0.8333333333333334,0.625,0.7564428625147495
11071965,50.0,10.0,5,535,10,9,33.9,20.666666666666668,0.0087885,0.0087461,0.008848100000000001,17,16,16.294117647058822,15.0625,0.37106700000000004,0.35227854999999997,0.38985545,0.4444444444444445,0.6,0.35294117647058826,0.8595942881657167
11092058,50.0,10.0,5,446,9,8,30.555555555555557,20.25,0.005448199999999999,0.0053385,0.0059107,10,10,20.1,23.5,0.2721423,0.2695854,0.27469920000000003,0.631578947368421,0.6666666666666666,0.6,0.741753181143633
11092072,50.0,10.0,5,247,6,5,16.5,28.4,0.0020864,0.0019613,0.0021265999999999998,11,10,14.545454545454545,7.6,0.15214660000000005,0.1484098,0.15588340000000003,0.7058823529411764,1.0,0.5454545454545454,0.8306525985680313
4300268,50.0,10.0,5,961,10,9,85.9,10.222222222222221,0.0329306,0.0321515,0.0330486,15,14,40.46666666666667,24.214285714285715,0.5892313,0.5887665,0.5896961,0.48,0.6,0.4,0.7610762551890277
4303167,50.0,10.0,5,610,9,10,31.555555555555557,31.7,0.0061231,0.0060614,0.0063323,14,15,18.714285714285715,22.266666666666666,0.43079249999999997,0.42305634999999997,0.43852865,0.5217391304347826,0.6666666666666666,0.42857142857142855,0.7994495540691194
4303201,50.0,10.0,5,600,10,9,29.9,32.333333333333336,0.0061267000000000005,0.0059324,0.0061741,15,15,15.466666666666667,23.533333333333335,0.3638055,0.36059155,0.3670194500000001,0.4,0.5,0.3333333333333333,0.6376266870384517
4326816,50.0,10.0,5,606,10,9,45.3,15.88888888888889,0.008122,0.0076038,0.008164600000000001,7,8,16.714285714285715,60.25,0.37082984999999996,0.369260975,0.372398725,0.3529411764705882,0.3,0.42857142857142855,0.6413690476190476
4453473,50.0,10.0,5,610,3,4,60.0,106.75,0.0059347,0.0056125,0.0060993,12,12,15.833333333333334,34.0,0.3544082,0.3526371,0.35617930000000003,0.0,0.0,0.0,0.0
4636267,50.0,10.0,5,624,10,9,51.7,10.777777777777779,0.00976,0.0092805,0.010940700000000001,17,16,13.294117647058824,23.8125,0.38346705,0.38287362500000005,0.384060475,0.14814814814814817,0.2,0.11764705882352941,0.7976190476190477
4652239,50.0,10.0,5,601,11,11,38.63636363636363,15.0,0.008188500000000001,0.007775600000000001,0.0084593,18,18,14.333333333333334,18.055555555555557,0.36637875000000003,0.36454172500000004,0.368215775,0.27586206896551724,0.36363636363636365,0.2222222222222222,0.8623774509803922
4660369,50.0,10.0,5,640,6,6,47.5,58.166666666666664,0.0078821,0.0072417,0.0082491,10,10,18.8,44.2,0.34697285000000005,0.345432125,0.34851357499999996,0.37499999999999994,0.5,0.3,0.928343586238323
4748312,50.0,10.0,5,624,7,7,64.28571428571429,23.857142857142858,0.009981799999999999,0.0098134,0.0101796,14,15,15.071428571428571,26.6,0.37407715,0.373786075,0.374368225,0.2857142857142857,0.42857142857142855,0.21428571428571427,0.7861220904699165
4748313,50.0,10.0,5,770,8,9,68.625,23.666666666666668,0.0187539,0.0187257,0.019848900000000003,12,13,28.166666666666668,32.30769230769231,0.46110530000000005,0.4609149,0.4612957,0.4,0.5,0.3333333333333333,0.7661396574440054
4779685,50.0,10.0,5,669,7,6,88.28571428571429,7.333333333333333,0.01214,0.0118531,0.0122376,17,16,16.88235294117647,22.8125,0.40468165,0.404071275,0.405292025,0.08333333333333333,0.14285714285714285,0.058823529411764705,0.7058823529411765
4792372,50.0,10.0,5,609,10,8,41.7,22.75,0.0084849,0.0082519,0.008993200000000002,15,15,18.133333333333333,21.466666666666665,0.3697497,0.36905955000000007,0.37043985,0.48,0.6,0.4,0.7971796634613099
4793806,50.0,10.0,5,609,6,7,54.166666666666664,39.714285714285715,0.008987299999999998,0.0081885,0.0090008,11,11,12.454545454545455,41.90909090909091,0.39928585000000005,0.38430852499999996,0.414263175,0.23529411764705885,0.3333333333333333,0.18181818181818182,0.8066502463054187
4798549,50.0,10.0,5,661,9,7,64.33333333333333,10.428571428571429,0.0113483,0.011277800000000001,0.011677799999999999,14,14,18.0,28.214285714285715,0.39419460000000006,0.3928690000000001,0.3955202,0.2608695652173913,0.3333333333333333,0.21428571428571427,0.8579419563401257
4944723,50.0,10.0,5,650,5,4,119.6,11.75,0.0161849,0.0159878,0.0176237,12,12,18.0,35.166666666666664,0.41783770000000003,0.41411610000000004,0.4215593,0.0,0.0,0.0,0.0
4981908,50.0,10.0,5,251,3,3,28.333333333333332,54.333333333333336,0.0019648,0.0018529,0.0023346,9,9,14.88888888888889,12.0,0.15449680000000002,0.15254255,0.15645104999999998,0.5,1.0,0.3333333333333333,0.750873440285205
5084249,50.0,10.0,5,600,6,7,33.833333333333336,55.857142857142854,0.005076300000000001,0.0049772,0.005620399999999999,10,10,16.2,42.8,0.30832445,0.3072558250000001,0.309393075,0.25,0.3333333333333333,0.2,0.7463369963369964
5133027,50.0,10.0,5,628,13,11,42.61538461538461,5.545454545454546,0.012201100000000003,0.0120063,0.0124163,17,18,16.176470588235293,18.666666666666668,0.3767293,0.37564925,0.37780935000000004,0.4000000000000001,0.46153846153846156,0.35294117647058826,0.7898937908496731
5285957,50.0,10.0,5,387,8,7,30.375,19.428571428571427,0.00419,0.004096600000000001,0.004488600000000001,9,8,19.555555555555557,25.25,0.23222830000000003,0.23159079999999999,0.2328658,0.5882352941176471,0.625,0.5555555555555556,0.6695795166096457
5286334,50.0,10.0,5,342,2,2,21.0,149.0,0.0025561,0.0023166999999999997,0.0025598,7,7,13.142857142857142,34.714285714285715,0.20398494999999997,0.203142225,0.204827675,0.22222222222222224,0.5,0.14285714285714285,1.0
5395622,50.0,10.0,5,231,3,3,29.0,47.0,0.0018530999999999997,0.0018362,0.0018876,5,4,27.6,22.0,0.14179894999999998,0.140302275,0.143295625,0.7499999999999999,1.0,0.6,0.7900184979652239
5538668,50.0,10.0,5,617,1,2,16.0,300.0,0.0035036999999999993,0.0033658000000000004,0.0039315,6,7,21.333333333333332,69.0,0.26462505,0.25897872499999997,0.270271375,0.2857142857142857,1.0,0.16666666666666666,0.7619047619047619
5670672,50.0,10.0,5,264,1,0,263.0,0.0,0.0093077,0.0092631,0.009841299999999999,4,5,17.5,38.0,0.16022769999999997,0.1602011,0.1602543,0.0,0.0,0.0,0.0
5729758,50.0,10.0,5,253,5,5,38.6,11.0,0.0043094,0.0041654,0.0045769,11,10,14.818181818181818,7.9,0.15053185,0.15021747500000002,0.15084622500000003,0.5000000000000001,0.8,0.36363636363636365,0.8012106357694593
5763820,50.0,10.0,5,989,5,4,156.0,51.0,0.039971099999999996,0.0399611,0.0400982,12,13,44.916666666666664,33.69230769230769,0.6157378,0.6105758500000001,0.62089975,0.11764705882352941,0.2,0.08333333333333333,0.8738532110091743
5917923,50.0,10.0,5,272,6,5,28.833333333333332,18.6,0.0035456,0.0032508000000000003,0.0036394,5,5,17.2,36.2,0.16684160000000003,0.16653415000000002,0.16714905,0.3636363636363636,0.3333333333333333,0.4,0.7993730407523512
5936666,50.0,10.0,5,602,13,13,35.69230769230769,9.615384615384615,0.0074852,0.0074621,0.0075689,13,14,16.53846153846154,26.714285714285715,0.4398836,0.42647275,0.45329444999999996,0.6153846153846154,0.6153846153846154,0.6153846153846154,0.7269679881521987
6014730,50.0,10.0,5,219,4,4,17.5,36.25,0.0015587,0.0015213,0.0019957,7,6,18.857142857142858,13.333333333333334,0.15254135,0.143006775,0.162075925,0.7272727272727273,1.0,0.5714285714285714,0.7374233716475095
6051512,50.0,10.0,5,601,6,5,46.333333333333336,63.4,0.0063542,0.0061856,0.0068752,11,11,15.636363636363637,38.0,0.3430835,0.33533055,0.35083645,0.4705882352941177,0.6666666666666666,0.36363636363636365,0.8256614509246087
6053686,50.0,10.0,5,602,6,7,49.5,42.714285714285715,0.0064103,0.0062584,0.0067852,14,15,19.285714285714285,21.2,0.4253596,0.3945174,0.4562018,0.4,0.6666666666666666,0.2857142857142857,0.8355125321954406
6171971,50.0,10.0,5,372,4,3,39.75,69.66666666666667,0.005989199999999999,0.0059668,0.0072639,5,6,17.6,46.5,0.3050448,0.29612105,0.31396855,0.22222222222222224,0.25,0.2,0.6333333333333333
6172561,50.0,10.0,5,239,5,4,32.8,17.5,0.0048218,0.0047513,0.0051078,7,6,18.285714285714285,17.333333333333332,0.20012454999999998,0.194573875,0.20567522500000002,0.5,0.6,0.42857142857142855,0.9013636363636364
6357847,50.0,10.0,5,716,9,9,59.333333333333336,19.22222222222222,0.0145857,0.0129138,0.015475000000000003,6,7,13.833333333333334,89.57142857142857,0.50404185,0.47910497500000004,0.528978725,0.13333333333333333,0.1111111111111111,0.16666666666666666,0.9230769230769231
6358495,50.0,10.0,5,308,4,2,29.5,93.0,0.002767,0.0026483,0.0036025,5,5,16.8,43.8,0.21704995000000002,0.20967232500000002,0.22442757500000002,0.4444444444444445,0.5,0.4,0.8157894736842105
6422329,50.0,10.0,5,269,4,2,61.5,9.5,0.0036195999999999997,0.003372,0.0036968,6,5,15.833333333333334,33.6,0.23376945,0.205603925,0.261934975,0.4,0.5,0.3333333333333333,0.8068181818181819
6547817,50.0,10.0,5,320,9,4,31.666666666666668,6.5,0.0040365999999999996,0.0038607,0.0041394,11,10,16.272727272727273,13.0,0.2312605,0.22573589999999996,0.23678510000000003,0.6,0.6666666666666666,0.5454545454545454,0.7818117290371295
6547822,50.0,10.0,5,341,2,1,167.0,5.0,0.0092825,0.0087901,0.010732700000000001,9,9,20.0,16.88888888888889,0.36998854999999997,0.362264825,0.377712275,0.1818181818181818,0.5,0.1111111111111111,0.9545454545454546
6756778,50.0,10.0,5,498,8,5,56.75,7.2,0.0113299,0.010918299999999999,0.0116051,12,10,14.333333333333334,31.4,0.5276187999999999,0.5042094,0.5510282,0.4,0.5,0.3333333333333333,0.9124580353233105
6896919,50.0,10.0,5,619,2,2,116.0,192.5,0.0077057,0.0065477,0.0078257,15,16,17.066666666666666,21.75,0.4624977,0.45493485,0.47006055,0.11764705882352941,0.5,0.06666666666666667,0.6296296296296297
6920600,50.0,10.0,5,225,4,4,19.0,36.25,0.0020011,0.001876,0.002166,5,6,17.2,22.333333333333332,0.1892035,0.17985420000000002,0.1985528,0.888888888888889,1.0,0.8,0.8295300878972278
6922501,50.0,10.0,5,273,5,4,30.8,28.5,0.0028419,0.002792,0.0028786,7,7,18.428571428571427,19.571428571428573,0.22358024999999998,0.21608512499999996,0.231075375,0.5,0.6,0.42857142857142855,0.8213768115942028
6922622,50.0,10.0,5,453,8,6,38.625,22.666666666666668,0.0066637,0.0064132,0.0069658,13,11,15.76923076923077,21.363636363636363,0.51799225,0.503693525,0.5322909749999999,0.6666666666666667,0.875,0.5384615384615384,0.7853100331041507
6941418,50.0,10.0,5,282,3,3,59.666666666666664,33.333333333333336,0.0056201,0.005594399999999999,0.0062535,5,4,19.2,45.25,0.34219089999999996,0.33002305,0.35435874999999994,0.25,0.3333333333333333,0.2,0.7647058823529411
6984632,50.0,10.0,5,617,4,4,36.5,116.75,0.0127135,0.012208600000000002,0.012939200000000001,12,13,18.916666666666668,29.076923076923077,0.6786142,0.66277745,0.6944509500000001,0.375,0.75,0.25,0.8478835978835978
7555066,50.0,10.0,5,339,7,6,26.857142857142858,24.0,0.0067365,0.0043981,0.0072343,10,11,15.1,16.181818181818183,0.31875370000000003,0.30698955000000006,0.33051785,0.588235294117647,0.7142857142857143,0.5,0.8215384615384614
7557391,50.0,10.0,5,302,4,4,17.75,56.75,0.00374,0.0035808,0.0037850000000000006,7,7,16.142857142857142,26.0,0.21586329999999998,0.21112504999999998,0.22060154999999998,0.7272727272727273,1.0,0.5714285714285714,0.790922619047619
7563440,50.0,10.0,5,591,14,10,20.5,29.0,0.0064355,0.0061727,0.006928800000000001,20,20,16.8,11.75,0.43688474999999993,0.429949825,0.44381967499999997,0.7647058823529412,0.9285714285714286,0.65,0.8433784125197311
7564587,50.0,10.0,5,242,4,4,34.25,25.25,0.0031030999999999997,0.0029703000000000004,0.0032776,10,9,14.3,9.88888888888889,0.22492744999999997,0.221829425,0.228025475,0.4285714285714285,0.75,0.3,0.7841107457475743
7583768,50.0,10.0,5,236,3,3,46.0,31.666666666666668,0.0025371,0.002495,0.002902,8,6,14.125,19.166666666666668,0.2565249,0.22110329999999997,0.29194649999999994,0.18181818181818182,0.3333333333333333,0.125,0.9090909090909091
7598344,50.0,10.0,5,219,5,4,19.0,29.75,0.001961,0.0018905999999999999,0.0021126,7,6,20.571428571428573,11.333333333333334,0.18797919999999999,0.1843393,0.1916191,0.6666666666666666,0.8,0.5714285714285714,0.8718392718392718
7613495,50.0,10.0,5,612,12,12,41.083333333333336,8.916666666666666,0.0128463,0.008662,0.0131121,18,18,17.27777777777778,15.722222222222221,0.49860965,0.48727152500000004,0.509947775,0.33333333333333337,0.4166666666666667,0.2777777777777778,0.881890756302521
7613518,50.0,10.0,5,285,5,4,41.8,17.75,0.003924,0.003268,0.0042603,10,9,15.5,13.333333333333334,0.2012321,0.20043405000000003,0.20203015000000002,0.4,0.6,0.3,0.7971479500891266
7613731,50.0,10.0,5,271,4,2,38.0,57.5,0.0032086999999999997,0.0028696,0.003353,8,8,17.125,15.75,0.2174102,0.21360600000000002,0.2212144,0.5,0.75,0.375,0.7074074074074074
7691124,50.0,10.0,5,255,4,3,49.75,17.333333333333332,0.0033710999999999997,0.0033012,0.0035509,5,4,17.4,40.75,0.24076319999999996,0.22789,0.2536364,0.4444444444444445,0.5,0.4,1.0
7691163,50.0,10.0,5,301,6,4,39.166666666666664,15.0,0.0054705,0.004838,0.005594,7,7,22.428571428571427,19.571428571428573,0.3671567,0.3611826,0.37313080000000004,0.7692307692307692,0.8333333333333334,0.7142857142857143,0.6801872166154747
7691232,50.0,10.0,5,601,1,1,21.0,579.0,0.0037521,0.0037145,0.0044414,5,5,19.6,99.6,0.31576955,0.302945275,0.328593825,0.33333333333333337,1.0,0.2,0.65625
7691423,50.0,10.0,5,303,5,5,30.4,29.2,0.0052075,0.0049728,0.005285300000000001,9,7,19.444444444444443,17.0,0.29562859999999996,0.2872443,0.30401290000000003,0.5714285714285714,0.8,0.4444444444444444,0.7669410201520632
7691435,50.0,10.0,5,343,3,3,22.333333333333332,91.0,0.0056776000000000005,0.005306,0.0059089,7,6,16.571428571428573,36.666666666666664,0.3051733,0.28630919999999993,0.32403740000000003,0.6,1.0,0.42857142857142855,0.89
7691520,50.0,10.0,5,608,10,10,49.1,10.7,0.0132844,0.013204,0.013898200000000001,20,19,14.05,16.157894736842106,0.437579,0.43516239999999995,0.43999560000000004,0.5333333333333333,0.8,0.4,0.7733513075618338
7691542,50.0,10.0,5,368,10,6,30.8,8.333333333333334,0.005405699999999999,0.005290899999999999,0.005876800000000001,11,8,17.636363636363637,20.375,0.26191765,0.257712675,0.266122625,0.6666666666666666,0.7,0.6363636363636364,0.788586929987306
7691885,50.0,10.0,5,251,6,6,30.166666666666668,10.666666666666666,0.0037684,0.0032954,0.0044925,8,6,18.875,15.333333333333334,0.19207079999999999,0.18828190000000003,0.19585970000000003,0.5714285714285715,0.6666666666666666,0.5,0.8973233695652174
7691909,50.0,10.0,5,624,14,11,32.57142857142857,14.0,0.0108544,0.010802200000000001,0.0111769,18,18,19.166666666666668,14.5,0.41441145,0.408457925,0.42036497500000003,0.5,0.5714285714285714,0.4444444444444444,0.8226340639647092
7795968,50.0,10.0,5,252,1,1,75.0,176.0,0.0031561,0.0029109,0.0032445,7,5,12.714285714285714,31.2,0.17254465,0.17039787500000003,0.17469142499999998,0.0,0.0,0.0,0.0
7797310,50.0,10.0,5,601,2,3,22.0,185.0,0.0042211,0.0041376,0.004365600000000001,5,6,18.2,84.16666666666667,0.10758274999999999,0.107154425,0.108011075,0.5714285714285715,1.0,0.4,0.7785714285714285
7799046,50.0,10.0,5,454,10,9,33.9,11.666666666666666,0.0055933,0.0051928,0.0062738,11,11,19.181818181818183,21.09090909090909,0.48542335,0.484410425,0.48643627500000003,0.47619047619047616,0.5,0.45454545454545453,0.8856143058691786
7799135,50.0,10.0,5,329,8,8,26.5,13.625,0.005641199999999999,0.0050275,0.0064273,10,10,17.9,14.0,0.2945661,0.2891234,0.30000879999999996,0.6666666666666665,0.75,0.6,0.882842399146747
7799180,50.0,10.0,5,645,9,9,55.666666666666664,15.0,0.014482799999999999,0.014306,0.0155827,14,13,16.428571428571427,30.846153846153847,0.44574214999999995,0.44479367500000005,0.44669062499999995,0.08695652173913043,0.1111111111111111,0.07142857142857142,0.7272727272727273
7799209,50.0,10.0,5,525,13,11,22.615384615384617,19.818181818181817,0.005247600000000001,0.0052382,0.0052917,17,17,17.705882352941178,12.176470588235293,0.34275345,0.341616925,0.343889975,0.7333333333333334,0.8461538461538461,0.6470588235294118,0.8333263131852473
7799211,50.0,10.0,5,232,4,4,41.0,16.0,0.002684,0.0026434,0.0031023,8,5,17.25,17.2,0.1683995,0.1668385,0.1699605,0.5,0.75,0.375,0.6784511784511785
7799420,50.0,10.0,5,317,9,7,28.11111111111111,7.857142857142857,0.0043485,0.0040925,0.004650100000000001,13,11,15.307692307692308,9.545454545454545,0.206084,0.2053518,0.2068162,0.6363636363636364,0.7777777777777778,0.5384615384615384,0.8188157081014223
7799507,50.0,10.0,5,310,1,1,208.0,101.0,0.0119687,0.0117618,0.0119873,9,7,15.333333333333334,23.285714285714285,0.2292082,0.2181486,0.24026779999999998,0.0,0.0,0.0,0.0
7852277,50.0,10.0,5,247,2,2,55.0,67.5,0.0028701,0.0027916,0.0030231,4,5,21.75,31.2,0.18735509999999997,0.18603849999999997,0.18867169999999997,0.3333333333333333,0.5,0.25,0.9459459459459459
7852403,50.0,10.0,5,290,6,4,31.166666666666668,24.25,0.004947600000000001,0.0048401,0.005319800000000001,6,6,22.666666666666668,24.666666666666668,0.18433555,0.18398917499999998,0.184681925,0.5,0.5,0.5,0.8362068965517242
7852411,50.0,10.0,5,607,9,8,38.22222222222222,31.75,0.0074088999999999995,0.007219199999999999,0.0082505,21,21,14.142857142857142,13.761904761904763,0.6367539,0.57856885,0.6949389499999999,0.2,0.3333333333333333,0.14285714285714285,0.8854256854256853
7852420,50.0,10.0,5,606,10,9,33.6,28.88888888888889,0.0074196999999999996,0.0073965,0.007763100000000001,19,20,16.94736842105263,13.25,0.56075685,0.5546331750000001,0.5668805249999999,0.41379310344827586,0.6,0.3157894736842105,0.8160710964309166
7852422,50.0,10.0,5,216,3,3,39.0,32.0,0.003146,0.0031096,0.0035987,5,5,22.6,19.6,0.19166165,0.18911072499999998,0.194212575,0.5,0.6666666666666666,0.4,0.7571428571428571
7852445,50.0,10.0,5,307,5,5,44.4,16.0,0.0064006,0.005149,0.0064902,6,6,19.333333333333332,30.833333333333332,0.22388770000000002,0.22114195,0.22663345000000001,0.5454545454545454,0.6,0.5,0.8917607447019211
7852451,50.0,10.0,5,314,8,6,33.75,6.0,0.0042166,0.0041541,0.0042822,7,8,16.428571428571427,24.0,0.23102314999999998,0.22796497500000001,0.234081325,0.26666666666666666,0.25,0.2857142857142857,0.8391666666666666
8354596,50.0,10.0,5,385,0,1,0.0,385.0,0.0032890999999999997,0.002672,0.0033978000000000003,5,5,17.0,59.0,0.2769956,0.2694369,0.2845543,0.0,0.0,0.0,0.0
10752853,50.0,15.0,8,615,1,2,61.0,276.5,0.0054346,0.0048854,0.005485,7,6,19.857142857142858,78.16666666666667,0.332435,0.3205525,0.34431749999999994,0.0,0.0,0.0,0.0
10752864,50.0,15.0,8,232,6,5,29.333333333333332,10.0,0.0039387,0.0036945,0.0049143,6,6,21.0,16.666666666666668,0.175158,0.16800465,0.18231135,0.8333333333333334,0.8333333333333334,0.8333333333333334,0.835768492377188
10752951,50.0,15.0,8,610,0,1,0.0,610.0,0.003785,0.0035637,0.0047408,4,4,22.0,129.5,0.10123015,0.099830175,0.102630125,0.0,0.0,0.0,0.0
10892045,50.0,15.0,8,323,4,3,51.75,37.333333333333336,0.0056676999999999995,0.0047193,0.0058271999999999985,10,9,23.7,8.444444444444445,0.2127379,0.20909695,0.21637884999999998,0.4285714285714285,0.75,0.3,0.8912412412412412
10934834,50.0,15.0,8,242,4,4,26.75,32.75,0.0029859,0.0027497,0.0035625,5,5,24.4,23.0,0.173307,0.1714759,0.17513809999999996,0.888888888888889,1.0,0.8,0.894584582084582
10934933,50.0,15.0,8,423,9,9,29.555555555555557,16.444444444444443,0.0052799,0.0052191,0.0054578000000000005,10,9,28.8,13.88888888888889,0.28565145000000003,0.283736175,0.287566725,0.8421052631578948,0.8888888888888888,0.8,0.8299747949419002
10935081,50.0,15.0,8,278,4,4,35.25,33.25,0.0032549000000000002,0.0028586999999999996,0.0039585,6,6,35.166666666666664,10.166666666666666,0.18002664999999998,0.179330475,0.18072282499999998,0.8,1.0,0.6666666666666666,0.7780740093240093
10935136,50.0,15.0,8,308,4,2,28.5,95.0,0.0030114,0.0029588,0.0031866,8,8,20.75,16.75,0.20138094999999998,0.19855817499999998,0.204203725,0.5,0.75,0.375,0.8388543823326432
10935148,50.0,15.0,8,237,2,1,111.0,13.0,0.0093744,0.0090577,0.0102152,4,4,21.0,37.25,0.165609,0.1619702,0.16924779999999998,0.3333333333333333,0.5,0.25,0.75
10935358,50.0,15.0,8,636,8,8,44.5,34.0,0.0111875,0.0082475,0.011249700000000001,10,9,24.1,42.77777777777778,0.42079859999999997,0.41621045,0.42538675,0.5555555555555556,0.625,0.5,0.7983663003663004
10935638,50.0,15.0,8,228,4,3,19.5,48.666666666666664,0.0031193,0.0027883,0.0035146,7,5,18.571428571428573,18.2,0.16566145000000002,0.165385225,0.16593767499999998,0.7272727272727273,1.0,0.5714285714285714,0.8647015265436319
10935844,50.0,15.0,8,607,2,3,25.5,184.66666666666666,0.0044632,0.0043755,0.0047624,5,6,23.4,80.83333333333333,0.11278664999999999,0.112191325,0.11338197500000001,0.5714285714285715,1.0,0.4,0.8675213675213675
10969051,50.0,15.0,8,601,1,2,32.0,284.0,0.0039035,0.003466,0.0039139,3,3,27.333333333333332,172.0,0.09441044999999999,0.090034775,0.098786125,0.5,1.0,0.3333333333333333,0.8
11058912,50.0,15.0,8,601,2,3,25.0,183.0,0.0049495,0.0046936,0.0052883999999999995,6,4,25.833333333333332,110.0,0.23606405000000003,0.214255875,0.257872225,0.5,1.0,0.3333333333333333,0.7397321428571428
11071635,50.0,15.0,8,423,5,5,44.0,39.6,0.0065369,0.0059099,0.007415199999999999,12,11,19.416666666666668,16.181818181818183,0.30199489999999996,0.29448785,0.30950195,0.35294117647058826,0.6,0.25,0.7630718954248366
11071677,50.0,15.0,8,459,6,6,38.333333333333336,37.166666666666664,0.0070052,0.0068865,0.008339200000000001,12,8,26.75,15.75,0.30704054999999997,0.30235747500000004,0.311723625,0.5555555555555556,0.8333333333333334,0.4166666666666667,0.793882856893085
11071727,50.0,15.0,8,411,3,3,24.0,112.0,0.0037136,0.0034504,0.0041678,8,7,22.875,31.428571428571427,0.2437994,0.24297339999999998,0.2446254,0.36363636363636365,0.6666666666666666,0.25,0.6994047619047619
11071733,50.0,15.0,8,257,6,5,27.0,17.8,0.0038181,0.0030168,0.0038585,7,6,25.142857142857142,12.333333333333334,0.17133410000000002,0.17083665000000003,0.17183155000000003,0.7692307692307692,0.8333333333333334,0.7142857142857143,0.8859533776115793
11071965,50.0,15.0,8,535,6,5,40.333333333333336,57.4,0.0062496,0.0061159,0.007077399999999999,11,8,24.818181818181817,31.375,0.4715949,0.4570018,0.486188,0.4705882352941177,0.6666666666666666,0.36363636363636365,0.8745130228451605
11092058,50.0,15.0,8,446,6,6,35.666666666666664,37.666666666666664,0.0079366,0.007619199999999999,0.0082629,10,8,23.2,25.5,0.30792245000000007,0.28841467500000006,0.32743022499999996,0.5,0.6666666666666666,0.4,0.7935650077891457
11092072,50.0,15.0,8,247,1,1,22.0,224.0,0.0026113,0.0022597,0.0026254,8,5,18.0,19.0,0.1583767,0.15536925,0.16138415,0.2222222222222222,1.0,0.125,0.9565217391304348
4300268,50.0,15.0,8,961,8,7,102.0,19.571428571428573,0.0370105,0.0354314,0.0375491,12,10,57.75,25.6,0.6312956999999999,0.62860145,0.6339899499999999,0.6,0.75,0.5,0.7327449659923886
4303167,50.0,15.0,8,610,7,8,36.714285714285715,43.25,0.009445700000000001,0.0073051,0.010101,16,13,23.3125,17.0,0.38591460000000005,0.38584365000000004,0.38598555,0.43478260869565216,0.7142857142857143,0.3125,0.8333377404864819
4303201,50.0,15.0,8,600,6,6,28.333333333333332,70.66666666666667,0.006009,0.0058281999999999995,0.0070033000000000005,12,12,22.666666666666668,26.333333333333332,0.5733116500000001,0.5576160750000001,0.589007225,0.5555555555555556,0.8333333333333334,0.4166666666666667,0.6981646423751686
4326816,50.0,15.0,8,606,10,9,40.3,21.444444444444443,0.0122569,0.0105203,0.0126522,13,10,24.923076923076923,26.9,0.5480619499999999,0.535203075,0.560920825,0.608695652173913,0.7,0.5384615384615384,0.7922760696183501
4453473,50.0,15.0,8,610,4,5,44.5,85.6,0.006933600000000001,0.0062916000000000005,0.0075501000000000006,8,8,21.875,53.375,0.31167575,0.31075027499999996,0.31260122500000004,0.3333333333333333,0.5,0.25,0.9065934065934066
4636267,50.0,15.0,8,624,9,8,50.666666666666664,19.875,0.013047,0.0126105,0.0156757,10,9,22.5,43.22222222222222,0.6651535,0.6630351000000001,0.6672719,0.4210526315789474,0.4444444444444444,0.4,0.7638457296794315
4652239,50.0,15.0,8,601,9,9,39.888888888888886,25.88888888888889,0.0082448,0.008122,0.0085703,10,8,22.4,45.875,0.81460335,0.772758675,0.856448025,0.3157894736842105,0.3333333333333333,0.3,0.8609523809523809
4660369,50.0,15.0,8,640,4,5,61.0,78.4,0.020851300000000003,0.0188624,0.021369700000000005,13,13,24.307692307692307,23.923076923076923,0.6358896499999999,0.5977987250000001,0.673980575,0.23529411764705882,0.5,0.15384615384615385,0.8981900452488687
4748312,50.0,15.0,8,624,5,5,78.0,45.8,0.015053799999999999,0.0143288,0.0156075,7,7,22.714285714285715,65.42857142857143,0.5150648999999999,0.4832982,0.5468316,0.3333333333333333,0.4,0.2857142857142857,0.8472222222222223
4748313,50.0,15.0,8,770,8,9,64.75,27.11111111111111,0.020417,0.019748099999999998,0.021015799999999998,17,17,28.352941176470587,15.941176470588236,0.6016036,0.5818075000000001,0.6213997,0.48,0.75,0.35294117647058826,0.7375036011406061
4779685,50.0,15.0,8,669,6,7,94.16666666666667,14.0,0.0136717,0.013656200000000002,0.013761899999999999,12,13,24.25,28.153846153846153,0.59017175,0.561281425,0.619062075,0.1111111111111111,0.16666666666666666,0.08333333333333333,0.78
4792372,50.0,15.0,8,609,7,6,50.857142857142854,41.0,0.0147558,0.014423799999999999,0.015114299999999999,13,11,27.923076923076923,21.181818181818183,0.55215845,0.5408985749999999,0.563418325,0.6,0.8571428571428571,0.46153846153846156,0.7214570687550425
4793806,50.0,15.0,8,609,5,6,60.4,50.333333333333336,0.0131135,0.0117594,0.014309200000000001,10,11,23.8,32.81818181818182,0.9226251000000001,0.9104707,0.9347795000000001,0.26666666666666666,0.4,0.2,0.85453216374269
4798549,50.0,15.0,8,661,10,7,49.3,22.571428571428573,0.0223617,0.021860099999999997,0.023284200000000005,14,12,26.0,23.583333333333332,1.6855851499999999,1.5222053249999998,1.8489649750000003,0.5,0.6,0.42857142857142855,0.795948863009439
4944723,50.0,15.0,8,650,4,3,138.5,30.666666666666668,0.0383469,0.0383287,0.0391542,11,10,20.545454545454547,41.3,0.66507875,0.6270466749999999,0.7031108250000001,0.0,0.0,0.0,0.0
4981908,50.0,15.0,8,251,2,2,35.5,89.0,0.0039924,0.0033601,0.0040139,6,5,20.666666666666668,24.2,0.38072085,0.356188025,0.405253675,0.5,1.0,0.3333333333333333,0.6588888888888889
5084249,50.0,15.0,8,600,1,2,44.0,277.5,0.010666799999999999,0.0100284,0.0112172,9,9,18.11111111111111,47.55555555555556,0.44393164999999996,0.437308225,0.450555075,0.0,0.0,0.0,0.0
5133027,50.0,15.0,8,628,7,6,58.142857142857146,35.666666666666664,0.0168188,0.015582600000000002,0.0171867,15,11,21.2,26.818181818181817,0.5423699000000001,0.49324204999999993,0.59149775,0.18181818181818182,0.2857142857142857,0.13333333333333333,0.7928571428571429
5285957,50.0,15.0,8,387,4,3,37.25,78.0,0.007327,0.006407300000000001,0.0117382,10,8,24.8,16.125,0.26187420000000006,0.25262345,0.27112495000000003,0.4285714285714285,0.75,0.3,0.688888888888889
5286334,50.0,15.0,8,342,1,1,27.0,314.0,0.0025393,0.0023971,0.0026929000000000002,4,3,18.75,87.66666666666667,0.14638234999999997,0.142944625,0.14982007500000002,0.4,1.0,0.25,0.9310344827586207
5395622,50.0,15.0,8,231,3,3,29.0,47.0,0.002207,0.0020879,0.0022615,3,3,38.333333333333336,37.666666666666664,0.08571524999999998,0.084870325,0.086560175,1.0,1.0,1.0,0.7717355090939996
5538668,50.0,15.0,8,617,1,2,16.0,300.0,0.0035326999999999997,0.0033633,0.0038099,2,3,24.5,188.66666666666666,0.09120044999999999,0.088997225,0.09340367499999999,0.6666666666666666,1.0,0.5,0.6153846153846154
5670672,50.0,15.0,8,264,1,0,263.0,0.0,0.010701299999999999,0.0097554,0.0107215,5,6,24.6,22.666666666666668,0.24269834999999998,0.22520337499999998,0.260193325,0.0,0.0,0.0,0.0
5729758,50.0,15.0,8,253,2,2,74.5,51.0,0.0067165,0.006268800000000001,0.007347899999999999,7,7,18.142857142857142,17.0,0.16742830000000003,0.16537040000000003,0.1694862,0.22222222222222224,0.5,0.14285714285714285,0.9090909090909091
5763820,50.0,15.0,8,989,6,5,120.5,52.0,0.0431464,0.0430195,0.0450511,6,7,18.833333333333332,124.28571428571429,0.7673897499999999,0.7290134249999999,0.805766075,0.0,0.0,0.0,0.0
5917923,50.0,15.0,8,272,2,3,58.0,51.333333333333336,0.0040625999999999995,0.0039959,0.0050626,7,7,23.571428571428573,14.285714285714286,0.19207495000000002,0.19062877500000003,0.193521125,0.22222222222222224,0.5,0.14285714285714285,0.9024390243902439
5936666,50.0,15.0,8,602,11,11,29.727272727272727,24.0,0.0076761,0.007427199999999999,0.0079146,13,11,24.307692307692307,24.818181818181817,0.43049685000000004,0.42344167499999996,0.437552025,0.7500000000000001,0.8181818181818182,0.6923076923076923,0.7835765686095403
6014730,50.0,15.0,8,219,2,2,22.0,86.5,0.0018507,0.0017831,0.0018834,4,3,24.5,39.0,0.12269230000000002,0.12225265,0.12313195000000002,0.6666666666666666,1.0,0.5,0.7646356033452808
6051512,50.0,15.0,8,601,3,4,68.0,98.5,0.0069626,0.0063548,0.0069977,7,8,21.714285714285715,55.25,0.23581735,0.233811675,0.237823025,0.4,0.6666666666666666,0.2857142857142857,0.7042824074074074
6053686,50.0,15.0,8,602,7,8,38.142857142857146,41.0,0.006393899999999999,0.0062964,0.0066529,10,9,24.9,38.111111111111114,0.2939105,0.29302740000000005,0.2947936,0.47058823529411764,0.5714285714285714,0.4,0.7343197195728377
6171971,50.0,15.0,8,372,3,2,36.333333333333336,130.0,0.0035586,0.0035304,0.0040297,8,8,22.625,22.875,0.21229615,0.205989275,0.218603025,0.36363636363636365,0.6666666666666666,0.25,0.7503501400560224
6172561,50.0,15.0,8,239,4,3,37.0,29.0,0.0030026,0.0026875,0.0031041,5,4,30.4,20.5,0.19991479999999998,0.1798075,0.2200221,0.6666666666666665,0.75,0.6,0.8315277777777778
6357847,50.0,15.0,8,716,9,9,58.77777777777778,19.77777777777778,0.0116912,0.0116387,0.0121891,8,8,26.125,62.375,0.49667490000000003,0.4948947,0.49845510000000004,0.5882352941176471,0.5555555555555556,0.625,0.8084894815329597
6358495,50.0,15.0,8,308,3,2,35.333333333333336,99.5,0.0027191999999999997,0.0026596999999999997,0.0028691999999999997,6,6,24.166666666666668,26.166666666666668,0.20647485000000002,0.202841725,0.210107975,0.4444444444444444,0.6666666666666666,0.3333333333333333,0.7351233671988389
6422329,50.0,15.0,8,269,5,5,36.4,16.4,0.0039402,0.0036095999999999997,0.0039855,7,6,23.142857142857142,16.666666666666668,0.2085641,0.1995478,0.21758040000000003,0.6666666666666666,0.8,0.5714285714285714,0.8115584415584416
6547817,50.0,15.0,8,320,5,4,37.4,32.0,0.0040881,0.0036415999999999996,0.0045552,10,9,20.0,12.222222222222221,0.22562105,0.22353227500000003,0.22770982499999998,0.4,0.6,0.3,0.8531746031746033
6547822,50.0,15.0,8,341,2,1,158.0,23.0,0.0091269,0.0080828,0.0094191,8,8,27.25,14.375,0.25339605000000004,0.243984125,0.262807975,0.2,0.5,0.125,1.0
6756778,50.0,15.0,8,498,6,6,66.5,15.5,0.0100075,0.009546200000000001,0.0103277,9,10,24.11111111111111,27.2,0.34499715000000003,0.339634025,0.350360275,0.5333333333333333,0.6666666666666666,0.4444444444444444,0.881403318903319
6896919,50.0,15.0,8,619,1,2,209.0,204.5,0.0067121,0.006418800000000001,0.0068786,11,10,21.90909090909091,36.7,0.3368377,0.3281932,0.3454822,0.0,0.0,0.0,0.0
6920600,50.0,15.0,8,225,1,2,27.0,98.5,0.0020538,0.0019895,0.0021645,5,4,21.4,28.25,0.15246215,0.15091757499999997,0.154006725,0.33333333333333337,1.0,0.2,0.8064516129032258
6922501,50.0,15.0,8,273,5,4,30.6,28.75,0.0027011,0.0026245,0.0031719,6,5,25.833333333333332,22.4,0.1895921,0.1882762,0.190908,0.7272727272727272,0.8,0.6666666666666666,0.9176727302390081
6922622,50.0,15.0,8,453,6,5,39.5,42.0,0.0076771999999999995,0.0072114,0.007689300000000001,13,11,24.384615384615383,11.181818181818182,0.33615295,0.333152425,0.33915347500000004,0.5263157894736842,0.8333333333333334,0.38461538461538464,0.9028829235280849
6941418,50.0,15.0,8,282,2,2,66.0,74.0,0.003271,0.0030328,0.0040354,4,3,30.0,52.666666666666664,0.19645495000000002,0.19127042500000002,0.20163947499999998,0.3333333333333333,0.5,0.25,0.782608695652174
6984632,50.0,15.0,8,617,4,5,30.75,98.0,0.0066694,0.0061298,0.007095800000000001,7,8,26.142857142857142,53.375,0.3622449,0.35883794999999996,0.36565185,0.5454545454545454,0.75,0.42857142857142855,0.6693376068376068
7555066,50.0,15.0,8,339,4,4,31.25,52.5,0.0058,0.005685,0.005966999999999999,9,9,20.77777777777778,15.88888888888889,0.44473559999999995,0.40653075,0.48294045,0.6153846153846153,1.0,0.4444444444444444,0.7895073927682623
7557391,50.0,15.0,8,302,2,2,19.0,131.0,0.0041736,0.0039177,0.0048305,8,8,19.125,17.625,0.44172115,0.426583575,0.45685872499999997,0.4,1.0,0.25,0.8185117967332123
7563440,50.0,15.0,8,591,5,5,27.0,90.2,0.01103,0.009722100000000001,0.0110616,16,13,22.375,16.692307692307693,0.38615239999999995,0.3795567,0.39274810000000004,0.47619047619047616,1.0,0.3125,0.856396598051577
7564587,50.0,15.0,8,242,3,3,40.0,39.666666666666664,0.0028991999999999998,0.0028747,0.0029089000000000003,4,4,20.25,39.25,0.27822955,0.263064075,0.293395025,0.5714285714285715,0.6666666666666666,0.5,0.7458592132505176
7583768,50.0,15.0,8,236,3,3,41.0,36.666666666666664,0.0036824,0.00307,0.0038526999999999997,3,4,19.333333333333332,43.75,0.3787679,0.36574160000000006,0.39179420000000004,0.3333333333333333,0.3333333333333333,0.3333333333333333,0.9166666666666666
7598344,50.0,15.0,8,219,2,3,28.0,53.666666666666664,0.0042575,0.004042,0.0050453,6,4,28.666666666666668,10.25,0.1604887,0.15593435,0.16504305,0.5,1.0,0.3333333333333333,0.6342229199372056
7613495,50.0,15.0,8,612,9,9,38.44444444444444,28.555555555555557,0.0087016,0.0080464,0.009135299999999999,14,13,21.642857142857142,22.692307692307693,0.4161770000000001,0.4141115000000001,0.4182425000000001,0.43478260869565216,0.5555555555555556,0.35714285714285715,0.824588707127225
7613518,50.0,15.0,8,285,3,3,48.333333333333336,45.666666666666664,0.003683,0.0034617999999999997,0.0039366,7,7,23.0,16.714285714285715,0.21455450000000004,0.20812925,0.22097975,0.2,0.3333333333333333,0.14285714285714285,0.9302325581395349
7613731,50.0,15.0,8,271,4,3,32.25,46.0,0.0047935,0.004507,0.0052668,5,4,21.6,39.5,0.23154719999999998,0.21526645,0.24782795000000002,0.6666666666666665,0.75,0.6,0.7584052103502904
7691124,50.0,15.0,8,255,5,4,39.0,13.75,0.0055738,0.0052545,0.0064722,6,5,21.0,24.6,0.2872916,0.28492319999999993,0.28966,0.5454545454545454,0.6,0.5,0.8673160173160174
7691163,50.0,15.0,8,301,7,4,33.142857142857146,15.5,0.0057535,0.005231899999999999,0.006090099999999999,6,3,24.833333333333332,48.666666666666664,0.38694354999999997,0.354827525,0.419059575,0.7692307692307692,0.7142857142857143,0.8333333333333334,0.8034259683412225
7691232,50.0,15.0,8,601,1,1,21.0,579.0,0.0087276,0.0069435,0.008991,2,2,24.0,275.5,0.09893595000000001,0.098170225,0.099701675,0.6666666666666666,1.0,0.5,0.7777777777777778
7691423,50.0,15.0,8,303,4,4,32.5,42.25,0.0055808,0.0049786000000000006,0.0064814,5,5,24.8,34.8,0.20030055,0.18977057499999997,0.210830525,0.4444444444444445,0.5,0.4,0.8421717171717171
7691435,50.0,15.0,8,343,3,3,22.333333333333332,91.0,0.0027891,0.0027095,0.0032468,5,4,21.8,57.25,0.25077715,0.24296357500000004,0.25859072499999997,0.7499999999999999,1.0,0.6,0.8408748114630468
7691520,50.0,15.0,8,608,3,4,109.66666666666667,69.0,0.0122338,0.0119907,0.0122725,17,9,20.529411764705884,26.88888888888889,0.43492245,0.430465525,0.439379375,0.1,0.3333333333333333,0.058823529411764705,0.875
7691542,50.0,15.0,8,368,5,5,44.6,28.0,0.0053861000000000004,0.0048865,0.0054441,9,9,24.11111111111111,15.777777777777779,0.2733563,0.26495559999999996,0.281757,0.5714285714285714,0.8,0.4444444444444444,0.7959436924637229
7691885,50.0,15.0,8,251,6,6,29.666666666666668,11.166666666666666,0.0028143,0.002762,0.0031541,6,4,25.666666666666668,22.75,0.1680531,0.16651665,0.16958955,0.8333333333333334,0.8333333333333334,0.8333333333333334,0.8670322545494169
7691909,50.0,15.0,8,624,11,11,29.727272727272727,26.0,0.008815100000000001,0.008214299999999999,0.0094784,13,11,25.384615384615383,25.545454545454547,0.562785,0.5612109000000001,0.5643591,0.7500000000000001,0.8181818181818182,0.6923076923076923,0.7969852888758413
7795968,50.0,15.0,8,252,1,1,74.0,177.0,0.0061041,0.0056478000000000006,0.0063623,4,5,21.25,32.6,0.21634084999999997,0.21543037499999998,0.21725132500000002,0.0,0.0,0.0,0.0
7797310,50.0,15.0,8,601,1,2,30.0,285.0,0.0049298,0.0045665,0.0051414,3,3,25.666666666666668,173.66666666666666,0.09946805,0.09476352499999999,0.10417257500000002,0.5,1.0,0.3333333333333333,0.8108108108108109
7799046,50.0,15.0,8,454,11,9,28.545454545454547,14.333333333333334,0.007819000000000001,0.0071583,0.0084677,8,7,27.5,32.285714285714285,0.36684235000000004,0.36182737500000006,0.371857325,0.631578947368421,0.5454545454545454,0.75,0.8550081199786835
7799135,50.0,15.0,8,329,5,5,27.2,37.6,0.0046962,0.0046636,0.0049778999999999995,9,8,22.77777777777778,14.375,0.36950465000000005,0.33811802500000004,0.400891275,0.5714285714285714,0.8,0.4444444444444444,0.8528816526610644
7799180,50.0,15.0,8,645,7,7,60.42857142857143,30.714285714285715,0.0164989,0.013797199999999999,0.0183462,12,10,26.166666666666668,31.9,0.4440327499999999,0.43984032500000003,0.448225175,0.3157894736842105,0.42857142857142855,0.25,0.7917267917267917
7799209,50.0,15.0,8,525,7,7,28.571428571428573,45.42857142857143,0.005435199999999999,0.0052172,0.0054435,13,10,24.153846153846153,19.8,0.354591,0.34654605000000005,0.36263594999999993,0.7000000000000001,1.0,0.5384615384615384,0.7807151808091657
7799211,50.0,15.0,8,232,3,3,46.666666666666664,29.666666666666668,0.0025867,0.0025147,0.0027107,5,4,24.0,26.75,0.15107565000000003,0.150155125,0.151996175,0.5,0.6666666666666666,0.4,0.5294117647058824
7799420,50.0,15.0,8,317,4,4,40.5,37.75,0.0037721999999999994,0.0034294,0.0038463,7,8,21.428571428571427,20.0,0.208667,0.208268,0.209066,0.36363636363636365,0.5,0.2857142857142857,0.8422619047619048
7799507,50.0,15.0,8,310,1,1,209.0,100.0,0.010933499999999999,0.0106316,0.011562,4,4,27.0,49.5,0.198003,0.178981,0.217025,0.0,0.0,0.0,0.0
7852277,50.0,15.0,8,247,2,2,46.5,76.0,0.0050158,0.0039745,0.0056611000000000005,4,4,18.5,42.25,0.2056561,0.19678010000000004,0.21453209999999998,0.0,0.0,0.0,0.0
7852403,50.0,15.0,8,290,4,4,35.5,36.0,0.0040271,0.0037588999999999995,0.004553300000000001,7,6,28.857142857142858,13.5,0.21137370000000003,0.20907135,0.21367605,0.5454545454545454,0.75,0.42857142857142855,0.8002380952380953
7852411,50.0,15.0,8,607,6,6,42.666666666666664,57.5,0.007841899999999999,0.0078103999999999995,0.008109199999999999,14,12,18.571428571428573,27.75,0.43288175000000007,0.40209462500000004,0.463668875,0.1,0.16666666666666666,0.07142857142857142,0.8695652173913043
7852420,50.0,15.0,8,606,8,8,37.375,37.375,0.007381399999999999,0.0072555,0.008196799999999999,19,18,20.789473684210527,10.666666666666666,0.411639,0.41144179999999997,0.4118362,0.44444444444444436,0.75,0.3157894736842105,0.7668196502090888
7852422,50.0,15.0,8,216,2,2,45.5,61.5,0.002311,0.0023014,0.0024815,4,3,30.25,30.333333333333332,0.14367545,0.141148075,0.146202825,0.3333333333333333,0.5,0.25,0.5263157894736842
7852445,50.0,15.0,8,307,4,4,41.5,34.25,0.0041551999999999995,0.0038444,0.0041912,7,7,25.142857142857142,17.714285714285715,0.20152049999999996,0.1978923,0.20514870000000002,0.5454545454545454,0.75,0.42857142857142855,0.8796471993815448
7852451,50.0,15.0,8,314,5,4,36.0,32.25,0.0055594,0.0050335,0.0056953,5,4,23.4,48.0,0.20464865,0.20460342499999998,0.204693875,0.6,0.6,0.6,0.7637426900584795
8354596,50.0,15.0,8,385,0,1,0.0,385.0,0.002824,0.0028006999999999997,0.0030332,5,5,22.0,54.0,0.20811164999999998,0.196538675,0.21968462499999997,0.0,0.0,0.0,0.0
10752853,50.0,30.0,15,615,1,2,60.0,277.0,0.006325,0.0057452,0.0063641999999999995,1,2,39.0,287.5,0.13407485,0.131695875,0.13645382499999997,0.0,0.0,0.0,0.0
10752864,50.0,30.0,15,232,2,3,43.0,48.0,0.0027264,0.0027119,0.00276,2,2,42.0,73.0,0.14889529999999998,0.1479163,0.1498743,0.5,0.5,0.5,0.8888888888888888
10752951,50.0,30.0,15,610,0,1,0.0,610.0,0.0038187,0.0036829000000000002,0.0045677,1,2,31.0,289.0,0.033296099999999995,0.0329246,0.0336676,0.0,0.0,0.0,0.0
10892045,50.0,30.0,15,323,2,2,61.0,99.5,0.0043634,0.0043013999999999995,0.0046467,4,5,37.5,33.8,0.16862205,0.167159875,0.170084225,0.6666666666666666,1.0,0.5,0.7144138755980861
10934834,50.0,30.0,15,242,1,2,43.0,99.0,0.0028324,0.0025597,0.0029809000000000003,1,2,41.0,100.0,0.14738055000000003,0.13504052500000002,0.159720575,1.0,1.0,1.0,0.9090909090909091
10934933,50.0,30.0,15,423,2,3,36.5,116.0,0.0049533,0.0046929,0.0053076,6,6,37.5,32.0,0.2241175,0.22409605,0.22413895,0.5,1.0,0.3333333333333333,0.8643292682926829
10935081,50.0,30.0,15,278,2,3,38.5,66.33333333333333,0.0028229,0.00278,0.003148,3,4,44.0,35.75,0.14382825,0.14367202499999998,0.143984475,0.8,1.0,0.6666666666666666,0.8194444444444444
10935136,50.0,30.0,15,308,1,1,51.0,256.0,0.003366,0.0028745999999999997,0.0034186,1,1,52.0,255.0,0.14993415000000002,0.144820575,0.155047725,1.0,1.0,1.0,0.9807692307692307
10935148,50.0,30.0,15,237,1,1,182.0,54.0,0.0087583,0.0085097,0.0089123,2,2,41.5,76.0,0.162556,0.16223510000000005,0.1628769,0.0,0.0,0.0,0.0
10935358,50.0,30.0,15,636,5,6,48.6,64.66666666666667,0.0084928,0.0081204,0.0086339,4,5,38.5,95.6,0.46927845,0.442565625,0.49599127499999995,0.6666666666666665,0.6,0.75,0.9072789493155753
10935638,50.0,30.0,15,228,0,1,0.0,228.0,0.0023609,0.0020603,0.0025174,2,2,35.0,78.0,0.1265509,0.12392580000000002,0.129176,0.0,0.0,0.0,0.0
10935844,50.0,30.0,15,607,0,1,0.0,607.0,0.0044166000000000006,0.0039719,0.004477699999999999,1,2,36.0,285.0,0.055065100000000006,0.052633,0.0574972,0.0,0.0,0.0,0.0
10969051,50.0,30.0,15,601,0,1,0.0,601.0,0.0070463999999999995,0.005952,0.0075056,1,2,40.0,280.0,0.06132685000000001,0.06121407500000001,0.061439625,0.0,0.0,0.0,0.0
11058912,50.0,30.0,15,601,0,1,0.0,601.0,0.0046398,0.0041959,0.0061843,3,3,33.0,166.33333333333334,0.08324569999999999,0.08126645,0.08522495,0.0,0.0,0.0,0.0
11071635,50.0,30.0,15,423,2,2,55.0,155.5,0.005743600000000001,0.0055717,0.0060956000000000005,3,4,39.333333333333336,75.5,0.22295875,0.22115527499999998,0.224762225,0.4,0.5,0.3333333333333333,0.8333333333333334
11071677,50.0,30.0,15,459,2,3,64.0,109.66666666666667,0.0064571,0.0061891,0.0066313000000000006,4,5,34.5,63.4,0.18995884999999998,0.188664725,0.19125297500000002,0.3333333333333333,0.5,0.25,0.926829268292683
11071727,50.0,30.0,15,411,0,1,0.0,411.0,0.0041123,0.0038257,0.004536,1,2,43.0,183.5,0.11310705,0.11268132500000003,0.11353277499999999,0.0,0.0,0.0,0.0
11071733,50.0,30.0,15,257,2,2,35.0,92.5,0.0029432,0.002917,0.003052,4,4,37.25,26.0,0.15524725000000003,0.15289917500000003,0.157595325,0.6666666666666666,1.0,0.5,0.8244565217391304
11071965,50.0,30.0,15,535,4,4,47.25,85.5,0.006282,0.0057505,0.0063582,5,3,44.4,102.66666666666667,0.30021559999999997,0.2880487,0.3123825,0.6666666666666665,0.75,0.6,0.9132275132275133
11092058,50.0,30.0,15,446,2,2,57.0,165.0,0.0068517,0.0062658,0.007296000000000001,4,4,42.25,68.25,0.2436682,0.22480814999999998,0.26252825,0.6666666666666666,1.0,0.5,0.6344944363812288
11092072,50.0,30.0,15,247,0,1,0.0,247.0,0.003033,0.0026512,0.0030380999999999997,1,2,45.0,100.5,0.10549829999999999,0.10197534999999999,0.10902125,0.0,0.0,0.0,0.0
4300268,50.0,30.0,15,961,7,7,99.0,37.285714285714285,0.0363435,0.0356838,0.037387699999999996,10,10,72.2,22.9,0.65073775,0.6432934750000001,0.658182025,0.8235294117647058,1.0,0.7,0.848182562951026
4303167,50.0,30.0,15,610,4,5,44.25,85.8,0.0077698,0.0073858000000000005,0.0079489,4,5,41.5,88.0,0.2083467,0.20736799999999997,0.20932540000000002,0.75,0.75,0.75,0.8786181139122315
4303201,50.0,30.0,15,600,0,1,0.0,600.0,0.0080288,0.006430900000000001,0.008181899999999999,4,5,38.5,88.4,0.21272755000000002,0.211195975,0.214259125,0.0,0.0,0.0,0.0
4326816,50.0,30.0,15,606,6,6,44.5,55.5,0.007815899999999999,0.007691600000000001,0.0081579,9,7,42.111111111111114,31.142857142857142,0.33946494999999993,0.338911625,0.34001827500000004,0.8,1.0,0.6666666666666666,0.9136505874210794
4453473,50.0,30.0,15,610,3,4,50.333333333333336,114.0,0.0056289,0.0055204,0.0063005000000000005,1,2,41.0,284.0,0.19369655,0.18806117500000002,0.199331925,0.5,0.3333333333333333,1.0,0.8863636363636364
4636267,50.0,30.0,15,624,7,7,51.42857142857143,36.714285714285715,0.010873200000000001,0.0105559,0.0116034,8,8,46.125,30.875,0.37776665,0.37677077499999995,0.378762525,0.9333333333333333,1.0,0.875,0.798598793315349
4652239,50.0,30.0,15,601,5,5,49.4,69.8,0.0082835,0.0080923,0.008320899999999999,5,6,42.8,63.666666666666664,0.3018343,0.3017786,0.30189,0.8000000000000002,0.8,0.8,0.8463391396283225
4660369,50.0,30.0,15,640,2,3,73.0,164.0,0.0085596,0.008475100000000001,0.0087761,2,3,37.0,188.0,0.24925490000000003,0.2470775,0.25143230000000005,0.0,0.0,0.0,0.0
4748312,50.0,30.0,15,624,4,5,73.0,65.6,0.012320600000000001,0.0115059,0.012654499999999997,6,6,49.833333333333336,53.166666666666664,0.3664315000000001,0.3632416,0.36962140000000004,0.8,1.0,0.6666666666666666,0.7763187340153452
4748313,50.0,30.0,15,770,4,5,100.75,72.6,0.026397500000000004,0.0262775,0.027177299999999998,5,6,62.8,75.16666666666667,0.67099975,0.612745525,0.729253975,0.4444444444444445,0.5,0.4,0.6738801452784504
4779685,50.0,30.0,15,669,6,7,62.833333333333336,40.857142857142854,0.0348194,0.0339964,0.0365745,6,5,60.0,60.6,0.8302181000000001,0.70397185,0.9564643500000002,0.8333333333333334,0.8333333333333334,0.8333333333333334,0.8076795574892379
4792372,50.0,30.0,15,609,4,4,55.0,96.25,0.0119221,0.01187,0.011924699999999998,6,6,43.166666666666664,57.333333333333336,0.36571399999999993,0.3610092,0.37041879999999994,0.8,1.0,0.6666666666666666,0.803676628419779
4793806,50.0,30.0,15,609,4,5,61.0,72.2,0.0099947,0.0096574,0.0103269,3,4,44.666666666666664,118.0,0.3182456,0.3175955,0.3188957,0.5714285714285715,0.5,0.6666666666666666,0.8622291021671826
4798549,50.0,30.0,15,661,6,7,57.833333333333336,44.0,0.0133204,0.0129756,0.0136074,6,7,41.0,58.42857142857143,0.3888175,0.37738345,0.40025155,0.5,0.5,0.5,0.912652598312817
4944723,50.0,30.0,15,650,6,5,81.0,31.6,0.0158364,0.0142605,0.0167342,5,5,44.4,84.6,0.35450419999999994,0.3530138999999999,0.3559945,0.5454545454545454,0.5,0.6,0.9222049689440993
4981908,50.0,30.0,15,251,0,1,0.0,251.0,0.0018979,0.0017867999999999998,0.0019485,1,2,30.0,110.0,0.0568054,0.055231850000000006,0.05837895,0.0,0.0,0.0,0.0
5084249,50.0,30.0,15,600,0,1,0.0,600.0,0.0050596,0.0049384,0.0085308,1,2,32.0,283.5,0.16444600000000004,0.16375610000000004,0.1651359,0.0,0.0,0.0,0.0
5133027,50.0,30.0,15,628,5,4,71.6,66.25,0.0114836,0.0111791,0.012376799999999999,5,5,49.8,74.8,0.35543274999999996,0.35185987499999993,0.359005625,0.6,0.6,0.6,0.871943371943372
5285957,50.0,30.0,15,387,2,2,38.0,154.5,0.0041017,0.0040238,0.0044993,2,2,44.5,148.0,0.19108955,0.187059625,0.19511947500000001,1.0,1.0,1.0,0.8140096618357487
5286334,50.0,30.0,15,342,0,1,0.0,342.0,0.0042565,0.0028339000000000003,0.0046048999999999994,1,1,42.0,299.0,0.05054505,0.049534575,0.05155552499999999,0.0,0.0,0.0,0.0
5395622,50.0,30.0,15,231,1,2,41.0,94.5,0.0018637999999999997,0.0017775999999999998,0.0018700999999999998,1,2,45.0,92.5,0.05716145,0.056934625,0.057388275,1.0,1.0,1.0,0.9111111111111111
5538668,50.0,30.0,15,617,0,1,0.0,617.0,0.0035713000000000003,0.0034391,0.004267399999999999,1,2,30.0,293.0,0.037639599999999995,0.0359469,0.0393323,0.0,0.0,0.0,0.0
5670672,50.0,30.0,15,264,2,1,130.5,1.0,0.008598799999999998,0.008587200000000001,0.0094623,3,3,46.666666666666664,40.333333333333336,0.16123739999999998,0.16092314999999996,0.16155165,0.4,0.5,0.3333333333333333,0.5581395348837209
5729758,50.0,30.0,15,253,1,1,124.0,128.0,0.004369100000000001,0.0040715,0.0045394,0,1,0.0,253.0,0.14154505,0.131491475,0.151598625,0.0,0.0,0.0,0.0
5763820,50.0,30.0,15,989,5,4,139.2,72.0,0.0491242,0.0443366,0.0493393,5,4,127.4,86.75,0.5904668999999999,0.5683679999999999,0.6125657999999999,0.8000000000000002,0.8,0.8,0.8576397331515866
5917923,50.0,30.0,15,272,1,2,31.0,120.0,0.0029562,0.0028880999999999998,0.0038111,1,2,49.0,111.0,0.13468985,0.12913142500000002,0.140248275,1.0,1.0,1.0,0.6326530612244898
5936666,50.0,30.0,15,602,3,4,41.666666666666664,118.5,0.0073575,0.007328899999999999,0.0076278000000000006,6,7,38.666666666666664,52.0,0.3089398,0.30443644999999997,0.31344315,0.6666666666666666,1.0,0.5,0.8940012368583797
6014730,50.0,30.0,15,219,0,1,0.0,219.0,0.0015451,0.00153,0.0015495,0,1,0.0,219.0,0.051241699999999994,0.0487692,0.0537142,nan,nan,nan,nan
6051512,50.0,30.0,15,601,2,3,67.0,155.0,0.0063213,0.006194600000000001,0.006957100000000001,3,4,37.666666666666664,121.25,0.18953000000000003,0.1884991,0.1905609,0.4,0.5,0.3333333333333333,0.9111111111111111
6053686,50.0,30.0,15,602,2,3,43.5,171.0,0.006470399999999999,0.0062556,0.0066367,2,3,32.5,178.33333333333334,0.20961935,0.205436475,0.213802225,0.0,0.0,0.0,0.0
6171971,50.0,30.0,15,372,2,2,40.5,144.5,0.006213000000000001,0.0062122,0.00627,4,3,39.25,70.33333333333333,0.1523239,0.1501767,0.1544711,0.6666666666666666,1.0,0.5,0.9357940446650124
6172561,50.0,30.0,15,239,2,2,42.0,76.5,0.0028698,0.0026843,0.0032718,2,2,43.0,75.5,0.1541722,0.152038,0.15630639999999998,1.0,1.0,1.0,0.9318181818181819
6357847,50.0,30.0,15,716,6,7,75.0,37.142857142857146,0.0116999,0.0116535,0.0123734,8,9,48.75,35.333333333333336,0.47546559999999993,0.44085235,0.51007885,0.5714285714285715,0.6666666666666666,0.5,0.7642211955314814
6358495,50.0,30.0,15,308,1,2,51.0,128.0,0.0027289000000000002,0.0025786,0.0027748,2,2,44.5,108.5,0.09493085,0.092866875,0.096994825,0.6666666666666666,1.0,0.5,0.9272727272727272
6422329,50.0,30.0,15,269,1,2,40.0,114.0,0.0037067,0.0036204,0.0037776,3,4,47.0,31.25,0.16216370000000002,0.15950059999999996,0.16482680000000002,0.5,1.0,0.3333333333333333,0.7843137254901961
6547817,50.0,30.0,15,320,1,1,49.0,270.0,0.0039904,0.0037563,0.004306600000000001,2,2,33.5,125.5,0.244649,0.24061695000000002,0.24868105,0.6666666666666666,1.0,0.5,0.673469387755102
6547822,50.0,30.0,15,341,2,3,135.0,23.0,0.0073598,0.007253299999999999,0.007649899999999999,4,4,46.0,38.25,0.22402655000000002,0.22380157499999997,0.224251525,0.0,0.0,0.0,0.0
6756778,50.0,30.0,15,498,3,3,90.66666666666667,74.33333333333333,0.009027,0.0086264,0.009358799999999999,6,6,35.666666666666664,46.333333333333336,0.32681920000000003,0.3122152000000001,0.3414231999999999,0.2222222222222222,0.3333333333333333,0.16666666666666666,0.9230769230769231
6896919,50.0,30.0,15,619,2,3,78.0,153.66666666666666,0.0074134,0.0068934,0.007473100000000002,4,5,38.75,92.0,0.20689780000000002,0.20551814999999998,0.20827744999999998,0.3333333333333333,0.5,0.25,0.9038461538461539
6920600,50.0,30.0,15,225,0,1,0.0,225.0,0.0021728000000000003,0.0018834000000000001,0.0027245999999999998,0,1,0.0,225.0,0.058910699999999996,0.05850365,0.05931775,nan,nan,nan,nan
6922501,50.0,30.0,15,273,3,3,37.333333333333336,52.666666666666664,0.002539,0.0025374,0.0026758000000000003,4,4,41.0,26.25,0.11835845,0.115830175,0.120886725,0.8571428571428571,1.0,0.75,0.8604147790194302
6922622,50.0,30.0,15,453,1,2,86.0,183.0,0.0063051999999999995,0.005949899999999999,0.0071586,3,4,33.666666666666664,87.25,0.2014465,0.20002665000000003,0.20286635,0.0,0.0,0.0,0.0
6941418,50.0,30.0,15,282,2,2,44.0,96.0,0.003514,0.0032978000000000005,0.0038625,2,3,40.5,66.33333333333333,0.12319904999999999,0.123153375,0.123244725,1.0,1.0,1.0,0.88
6984632,50.0,30.0,15,617,1,2,51.0,282.5,0.0056178,0.0051584,0.0060791000000000005,3,4,40.666666666666664,123.0,0.12642125,0.125499325,0.127343175,0.5,1.0,0.3333333333333333,0.9245283018867925
7555066,50.0,30.0,15,339,0,1,0.0,339.0,0.0035261999999999997,0.0033098999999999997,0.0036486,2,2,36.0,132.5,0.13304175,0.13274897500000002,0.13333452499999998,0.0,0.0,0.0,0.0
7557391,50.0,30.0,15,302,0,1,0.0,302.0,0.0022386999999999997,0.0020477,0.0023741,1,2,34.0,133.5,0.0717724,0.06999335000000001,0.07355144999999999,0.0,0.0,0.0,0.0
7563440,50.0,30.0,15,591,0,1,0.0,591.0,0.006268,0.0050363000000000005,0.0063869,3,4,33.0,122.25,0.21111185000000002,0.21009067499999998,0.21213302500000003,0.0,0.0,0.0,0.0
7564587,50.0,30.0,15,242,2,3,45.5,49.666666666666664,0.0029481999999999998,0.0027035,0.0035445,2,3,46.5,49.0,0.12847435000000001,0.127785025,0.12916367499999998,0.5,0.5,0.5,0.7222222222222222
7583768,50.0,30.0,15,236,2,2,42.5,74.5,0.0026879,0.0023450999999999997,0.0028483000000000002,1,2,44.0,95.5,0.09242505000000001,0.092203575,0.092646525,0.6666666666666666,0.5,1.0,0.8888888888888888
7598344,50.0,30.0,15,219,0,1,0.0,219.0,0.001617,0.0016025999999999998,0.0019657999999999998,1,2,37.0,90.5,0.06180309999999999,0.06110379999999999,0.0625024,0.0,0.0,0.0,0.0
7613495,50.0,30.0,15,612,3,4,40.666666666666664,121.75,0.008072600000000001,0.007864,0.009719700000000001,4,5,42.0,88.0,0.33185095000000003,0.33136722500000004,0.33233467499999997,0.5714285714285715,0.6666666666666666,0.5,0.8136170212765957
7613518,50.0,30.0,15,285,3,3,41.0,53.0,0.0033062,0.0031121,0.0036854999999999995,3,3,38.666666666666664,55.333333333333336,0.13608355000000003,0.135692325,0.136474775,1.0,1.0,1.0,0.8841219209640263
7613731,50.0,30.0,15,271,2,2,42.0,92.5,0.0028874,0.0027457,0.0035751,2,2,49.0,85.5,0.0985595,0.09843780000000002,0.0986812,1.0,1.0,1.0,0.875
7691124,50.0,30.0,15,255,2,2,65.0,61.5,0.0030716999999999997,0.0029929,0.0030776999999999996,2,2,45.0,81.5,0.13120294999999998,0.130457625,0.13194827500000003,0.5,0.5,0.5,0.7021276595744681
7691163,50.0,30.0,15,301,4,5,41.75,26.0,0.0053455,0.0045065,0.0056866,4,4,36.75,37.5,0.15302435,0.15196952500000002,0.154079175,1.0,1.0,1.0,0.8345166338587391
7691232,50.0,30.0,15,601,0,1,0.0,601.0,0.0035145,0.0033456,0.0039811,0,1,0.0,601.0,0.022620150000000002,0.022552375,0.022687925000000005,nan,nan,nan,nan
7691423,50.0,30.0,15,303,1,2,51.0,125.5,0.0034919,0.0030069000000000003,0.0035238,3,3,32.333333333333336,67.66666666666667,0.11960975,0.118134425,0.12108507499999999,0.0,0.0,0.0,0.0
7691435,50.0,30.0,15,343,0,1,0.0,343.0,0.0026781,0.0026695,0.0031109,0,1,0.0,343.0,0.051225999999999994,0.05102595000000001,0.051426049999999994,nan,nan,nan,nan
7691520,50.0,30.0,15,608,2,3,115.5,125.0,0.0128083,0.0124136,0.014187700000000001,4,5,33.0,94.4,0.5090214500000001,0.49307192499999997,0.524970975,0.3333333333333333,0.5,0.25,0.8444444444444444
7691542,50.0,30.0,15,368,1,2,82.0,142.5,0.0079256,0.0075504,0.0080678,5,5,32.6,40.0,0.3156177,0.31013355,0.32110185,0.0,0.0,0.0,0.0
7691885,50.0,30.0,15,251,1,2,55.0,97.5,0.0035915,0.003562,0.0038417,2,3,35.5,59.333333333333336,0.1697333,0.15279465,0.18667194999999998,0.0,0.0,0.0,0.0
7691909,50.0,30.0,15,624,3,4,45.666666666666664,121.0,0.0091751,0.0083708,0.0112756,6,7,44.833333333333336,49.857142857142854,0.37485865,0.360399575,0.389317725,0.6666666666666666,1.0,0.5,0.8625805152979066
7795968,50.0,30.0,15,252,1,1,73.0,178.0,0.004767899999999999,0.0046213,0.004799899999999999,1,1,75.0,176.0,0.05700115,0.056618575,0.057383725000000003,1.0,1.0,1.0,0.9733333333333334
7797310,50.0,30.0,15,601,0,1,0.0,601.0,0.0037171,0.0036344000000000003,0.0037399,1,2,33.0,283.5,0.0474465,0.045720899999999995,0.049172099999999996,0.0,0.0,0.0,0.0
7799046,50.0,30.0,15,454,2,3,40.5,123.66666666666667,0.0062784,0.0055822,0.006987800000000001,4,5,39.25,58.6,0.4048774,0.39062435,0.41913045,0.3333333333333333,0.5,0.25,0.9
7799135,50.0,30.0,15,329,1,2,43.0,142.5,0.0046191999999999995,0.0038216,0.0053127,3,4,40.0,51.5,0.17322585,0.16831992499999998,0.17813177500000002,0.5,1.0,0.3333333333333333,0.9130434782608695
7799180,50.0,30.0,15,645,7,8,53.0,33.375,0.009808200000000001,0.0095466,0.010486700000000002,7,7,37.42857142857143,53.714285714285715,0.5135167500000001,0.485599325,0.541434175,0.7142857142857143,0.7142857142857143,0.7142857142857143,0.8583913003431967
7799209,50.0,30.0,15,525,2,3,34.0,151.66666666666666,0.0094,0.008341,0.0094065,5,5,35.6,68.4,0.28332110000000005,0.2685232,0.298119,0.5714285714285715,1.0,0.4,0.8022727272727272
7799211,50.0,30.0,15,232,2,3,48.0,44.666666666666664,0.0043077,0.0041925,0.0043771,2,3,49.5,43.666666666666664,0.14488830000000003,0.13919634999999997,0.15058025000000003,1.0,1.0,1.0,0.9108796296296297
7799420,50.0,30.0,15,317,3,3,39.333333333333336,65.33333333333333,0.0032594,0.0032205,0.0042078,3,2,41.333333333333336,95.0,0.17186225,0.17056867499999998,0.173155825,1.0,1.0,1.0,0.9529729729729729
7799507,50.0,30.0,15,310,1,1,211.0,98.0,0.011909099999999999,0.010933799999999999,0.0126467,3,4,38.0,48.25,0.1464565,0.14475519999999997,0.14815779999999998,0.0,0.0,0.0,0.0
7852277,50.0,30.0,15,247,2,2,46.0,76.5,0.0028087,0.002745,0.0029996999999999997,2,2,49.0,73.5,0.17657180000000003,0.17391320000000005,0.17923039999999998,1.0,1.0,1.0,0.9285714285714286
7852403,50.0,30.0,15,290,1,2,37.0,126.0,0.0051948,0.0050682,0.0052555,4,5,33.75,30.2,0.1853143,0.185193,0.18543559999999998,0.4,1.0,0.25,0.9
7852411,50.0,30.0,15,607,3,3,57.666666666666664,143.66666666666666,0.0104471,0.010282,0.012775799999999997,2,3,62.0,160.33333333333334,0.28894285,0.281654825,0.296230875,0.8,0.6666666666666666,1.0,0.9081849588094606
7852420,50.0,30.0,15,606,2,3,57.5,163.0,0.0078809,0.0075537,0.0093287,4,5,38.0,90.0,0.3402325499999999,0.33770892499999994,0.34275617500000005,0.6666666666666666,1.0,0.5,0.7198550724637681
7852422,50.0,30.0,15,216,1,2,42.0,86.5,0.003106,0.0026771,0.0031344000000000003,2,2,34.0,73.0,0.1534035,0.1342838,0.17252320000000002,0.6666666666666666,1.0,0.5,0.8604651162790697
7852445,50.0,30.0,15,307,1,2,93.0,106.5,0.0083002,0.007520300000000001,0.0085595,4,3,38.0,50.333333333333336,0.21221650000000003,0.20649915,0.21793385000000004,0.4,1.0,0.25,0.5483870967741935
7852451,50.0,30.0,15,314,3,2,42.666666666666664,91.5,0.005673200000000001,0.0037156,0.005731399999999999,3,3,47.333333333333336,56.333333333333336,0.27257164999999994,0.266254325,0.278888975,0.6666666666666666,0.6666666666666666,0.6666666666666666,0.8754313319530711
8354596,50.0,30.0,15,385,0,1,0.0,385.0,0.004806899999999999,0.0047725,0.0049892,0,1,0.0,385.0,0.010673,0.010622399999999999,0.0107236,nan,nan,nan,nan
10752853,50.0,60.0,30,615,0,1,0.0,615.0,0.0093323,0.0092531,0.0107311,1,2,64.0,275.0,0.061068750000000005,0.058768275,0.063369225,0.0,0.0,0.0,0.0
10752864,50.0,60.0,30,232,0,1,0.0,232.0,0.0028171,0.0026376,0.0029653,0,1,0.0,232.0,0.11172470000000001,0.110197,0.1132524,nan,nan,nan,nan
10752951,50.0,60.0,30,610,0,1,0.0,610.0,0.0045926000000000005,0.0034443,0.0051156000000000005,0,1,0.0,610.0,0.008514450000000002,0.008363124999999999,0.008665774999999999,nan,nan,nan,nan
10892045,50.0,60.0,30,323,1,2,63.0,129.5,0.005842,0.0049784,0.007267099999999999,1,2,65.0,128.5,0.1125433,0.11210575,0.11298085,1.0,1.0,1.0,0.9692307692307692
10934834,50.0,60.0,30,242,0,1,0.0,242.0,0.0025421,0.0025129,0.0030733,0,1,0.0,242.0,0.08991759999999999,0.0873675,0.0924677,nan,nan,nan,nan
10934933,50.0,60.0,30,423,0,1,0.0,423.0,0.005786899999999999,0.0044932,0.007394000000000001,0,1,0.0,423.0,0.11970875,0.117699375,0.121718125,nan,nan,nan,nan
10935081,50.0,60.0,30,278,0,1,0.0,278.0,0.0031506999999999998,0.0028225999999999998,0.0034128,0,1,0.0,278.0,0.0920899,0.0906936,0.0934862,nan,nan,nan,nan
10935136,50.0,60.0,30,308,0,1,0.0,308.0,0.0034433000000000003,0.0028999,0.0040244,1,1,65.0,242.0,0.05186205,0.050527274999999996,0.053196824999999996,0.0,0.0,0.0,0.0
10935148,50.0,60.0,30,237,1,1,180.0,56.0,0.0106291,0.0092569,0.0106785,0,1,0.0,237.0,0.14140145,0.13937332500000002,0.143429575,0.0,0.0,0.0,0.0
10935358,50.0,60.0,30,636,0,1,0.0,636.0,0.008889,0.008828899999999999,0.009010200000000001,4,5,69.25,71.0,0.23595264999999999,0.234415275,0.237490025,0.0,0.0,0.0,0.0
10935638,50.0,60.0,30,228,0,1,0.0,228.0,0.001958,0.0019552000000000003,0.0020953,0,1,0.0,228.0,0.00384045,0.0036754750000000005,0.004005424999999999,nan,nan,nan,nan
10935844,50.0,60.0,30,607,0,1,0.0,607.0,0.0043944,0.0039691,0.004569800000000001,0,1,0.0,607.0,0.030101549999999998,0.029737725,0.030465375,nan,nan,nan,nan
10969051,50.0,60.0,30,601,0,1,0.0,601.0,0.0044154,0.0039718,0.0046831,0,1,0.0,601.0,0.025139249999999995,0.024996925,0.025281575,nan,nan,nan,nan
11058912,50.0,60.0,30,601,0,1,0.0,601.0,0.0044351,0.00441,0.0044779,0,1,0.0,601.0,0.02775595,0.027193625,0.028318274999999997,nan,nan,nan,nan
11071635,50.0,60.0,30,423,1,1,67.0,355.0,0.0069881,0.00604,0.0070697,1,1,72.0,350.0,0.13165345,0.130656925,0.132649975,1.0,1.0,1.0,0.9305555555555556
11071677,50.0,60.0,30,459,1,2,79.0,189.5,0.0062191,0.0061368,0.0069493,1,2,96.0,181.0,0.0922468,0.0910683,0.0934253,1.0,1.0,1.0,0.8229166666666666
11071727,50.0,60.0,30,411,0,1,0.0,411.0,0.0041115,0.0038045,0.0043452,0,1,0.0,411.0,0.0241213,0.0234668,0.0247758,nan,nan,nan,nan
11071733,50.0,60.0,30,257,0,1,0.0,257.0,0.003007,0.0027086,0.0033747,0,1,0.0,257.0,0.07284184999999999,0.071194025,0.07448967499999999,nan,nan,nan,nan
11071965,50.0,60.0,30,535,0,1,0.0,535.0,0.0063083,0.0057754,0.006673699999999999,1,2,68.0,233.0,0.17319524999999997,0.17054342500000003,0.175847075,0.0,0.0,0.0,0.0
11092058,50.0,60.0,30,446,1,1,80.0,365.0,0.0067358,0.0062437,0.0068687,1,1,92.0,353.0,0.11086415000000001,0.11030072499999999,0.11142757500000001,1.0,1.0,1.0,0.8695652173913043
11092072,50.0,60.0,30,247,0,1,0.0,247.0,0.0019746,0.0018671,0.0020245000000000003,0,1,0.0,247.0,0.004687299999999999,0.004549849999999999,0.004824749999999999,nan,nan,nan,nan
4300268,50.0,60.0,30,961,3,3,177.66666666666666,141.66666666666666,0.0361669,0.0357462,0.036256300000000005,3,3,181.0,138.33333333333334,0.5203196,0.5196588,0.5209804,1.0,1.0,1.0,0.9608717782167889
4303167,50.0,60.0,30,610,0,1,0.0,610.0,0.0067193,0.0062398,0.0072363,1,2,62.0,273.5,0.15066264999999998,0.14494802499999998,0.15637727499999998,0.0,0.0,0.0,0.0
4303201,50.0,60.0,30,600,0,1,0.0,600.0,0.006676899999999999,0.006270699999999999,0.0073752,0,1,0.0,600.0,0.0671683,0.06686635,0.06747025,nan,nan,nan,nan
4326816,50.0,60.0,30,606,0,1,0.0,606.0,0.0100453,0.0083874,0.0127443,2,3,61.5,160.33333333333334,0.26116480000000003,0.2557942,0.26653540000000003,0.0,0.0,0.0,0.0
4453473,50.0,60.0,30,610,0,1,0.0,610.0,0.0059285,0.0054586,0.006008999999999999,1,2,61.0,274.0,0.1070307,0.10685515000000001,0.10720625,0.0,0.0,0.0,0.0
4636267,50.0,60.0,30,624,1,2,69.0,277.0,0.0106747,0.010094,0.0108035,3,4,72.66666666666667,100.75,0.24506465,0.244632225,0.24549707499999998,0.5,1.0,0.3333333333333333,0.8414634146341463
4652239,50.0,60.0,30,601,1,1,63.0,537.0,0.0082785,0.0082303,0.008361700000000001,2,2,80.0,219.5,0.19611390000000004,0.1949571,0.1972707,0.6666666666666666,1.0,0.5,0.6494845360824743
4660369,50.0,60.0,30,640,2,3,70.5,165.66666666666666,0.0081978,0.007962,0.009281600000000001,2,3,87.0,154.66666666666666,0.12536759999999997,0.12490529999999998,0.1258299,1.0,1.0,1.0,0.8093287526427061
4748312,50.0,60.0,30,624,1,2,81.0,271.0,0.009589700000000001,0.009353700000000001,0.009606799999999999,3,4,71.33333333333333,101.75,0.22912365,0.22851642500000002,0.22973087500000003,0.5,1.0,0.3333333333333333,0.9382716049382716
4748313,50.0,60.0,30,770,2,3,162.0,148.0,0.0185072,0.017756400000000002,0.0186769,3,4,93.0,122.0,0.27799785000000005,0.27794077500000003,0.278054925,0.4,0.5,0.3333333333333333,0.9176470588235294
4779685,50.0,60.0,30,669,3,4,81.66666666666667,105.25,0.0126426,0.012197600000000001,0.012652,4,5,89.25,61.6,0.3537535,0.3527475,0.35475949999999995,0.8571428571428571,1.0,0.75,0.8422146009268477
4792372,50.0,60.0,30,609,1,2,72.0,268.0,0.0091509,0.0087234,0.0092177,2,3,88.0,143.66666666666666,0.18494890000000003,0.1836971,0.18620070000000002,0.6666666666666666,1.0,0.5,0.9230769230769231
4793806,50.0,60.0,30,609,1,2,77.0,265.5,0.008604299999999999,0.0084564,0.0088807,3,4,77.66666666666667,93.25,0.17475795000000002,0.17253892499999998,0.176976975,0.5,1.0,0.3333333333333333,0.927710843373494
4798549,50.0,60.0,30,661,2,3,88.5,160.66666666666666,0.0124198,0.0115264,0.012568300000000001,2,3,100.5,152.66666666666666,0.32655580000000006,0.32389425,0.32921735,1.0,1.0,1.0,0.8840106187461712
4944723,50.0,60.0,30,650,4,4,98.0,63.5,0.017027900000000002,0.0165813,0.0170916,2,3,98.5,150.33333333333334,0.3702642500000001,0.36841927500000005,0.37210922500000004,0.6666666666666666,0.5,1.0,0.730219111381619
4981908,50.0,60.0,30,251,0,1,0.0,251.0,0.0019587,0.0018002,0.0022314,0,1,0.0,251.0,0.023786050000000003,0.023784975000000003,0.023787125000000003,nan,nan,nan,nan
5084249,50.0,60.0,30,600,0,1,0.0,600.0,0.005364,0.0051714,0.005988899999999999,0,1,0.0,600.0,0.020202449999999997,0.019798024999999997,0.020606875,nan,nan,nan,nan
5133027,50.0,60.0,30,628,2,2,104.0,209.0,0.013211,0.012608400000000002,0.0133106,2,2,83.5,229.5,0.23580750000000003,0.23405060000000003,0.23756439999999998,1.0,1.0,1.0,0.733718487394958
5285957,50.0,60.0,30,387,0,1,0.0,387.0,0.004466,0.003740699999999999,0.005187300000000001,0,1,0.0,387.0,0.07043044999999999,0.06996282499999999,0.07089807499999998,nan,nan,nan,nan
5286334,50.0,60.0,30,342,0,1,0.0,342.0,0.0027337,0.0027298,0.0028084,0,1,0.0,342.0,0.011062500000000001,0.0107885,0.011336499999999998,nan,nan,nan,nan
5395622,50.0,60.0,30,231,0,1,0.0,231.0,0.0019764,0.0017955,0.0020315,0,1,0.0,231.0,0.0294791,0.029333400000000003,0.029624799999999996,nan,nan,nan,nan
5538668,50.0,60.0,30,617,0,1,0.0,617.0,0.0038707,0.0035811999999999997,0.006063600000000001,0,1,0.0,617.0,0.0091835,0.0089065,0.0094605,nan,nan,nan,nan
5670672,50.0,60.0,30,264,2,1,123.5,15.0,0.0096983,0.009641700000000001,0.0099152,2,2,69.5,61.5,0.16608750000000003,0.1659603,0.1662147,0.5,0.5,0.5,0.975
5729758,50.0,60.0,30,253,0,1,0.0,253.0,0.0041181,0.0039581,0.0045197,1,2,75.0,88.5,0.08293565000000001,0.08282537500000002,0.08304592499999999,0.0,0.0,0.0,0.0
5763820,50.0,60.0,30,989,2,2,278.5,215.0,0.0403547,0.039734900000000004,0.0428637,0,1,0.0,989.0,0.5066890500000001,0.499231775,0.5141463249999999,0.0,0.0,0.0,0.0
5917923,50.0,60.0,30,272,0,1,0.0,272.0,0.0042482,0.0032839,0.0043651,1,2,79.0,96.0,0.07949475,0.078067825,0.080921675,0.0,0.0,0.0,0.0
5936666,50.0,60.0,30,602,0,1,0.0,602.0,0.007624,0.0072385,0.0078811,0,1,0.0,602.0,0.1085188,0.10823725,0.10880035,nan,nan,nan,nan
6014730,50.0,60.0,30,219,0,1,0.0,219.0,0.0018029,0.0017463,0.0027381999999999997,0,1,0.0,219.0,0.00394115,0.0038593749999999995,0.004022925,nan,nan,nan,nan
6051512,50.0,60.0,30,601,0,1,0.0,601.0,0.0068966,0.0068289,0.0077708000000000005,1,2,103.0,248.5,0.12718015,0.126010775,0.12834952500000002,0.0,0.0,0.0,0.0
6053686,50.0,60.0,30,602,0,1,0.0,602.0,0.0069627,0.0067585,0.0071797,1,2,71.0,265.0,0.11910290000000001,0.11750100000000001,0.1207048,0.0,0.0,0.0,0.0
6171971,50.0,60.0,30,372,0,1,0.0,372.0,0.0036760999999999994,0.0036742,0.0044605,0,1,0.0,372.0,0.0717103,0.07022020000000001,0.07320040000000001,nan,nan,nan,nan
6172561,50.0,60.0,30,239,0,1,0.0,239.0,0.0027072,0.0025694,0.0031859,1,1,61.0,177.0,0.06288085,0.061512225,0.064249475,0.0,0.0,0.0,0.0
6357847,50.0,60.0,30,716,3,4,80.33333333333333,118.0,0.0122334,0.0120509,0.015353799999999999,4,5,80.0,78.4,0.33172455,0.324112875,0.33933622500000005,0.8571428571428571,1.0,0.75,0.9479797979797979
6358495,50.0,60.0,30,308,0,1,0.0,308.0,0.0030513999999999997,0.0027144,0.0034839999999999997,0,1,0.0,308.0,0.05488775,0.054737025,0.055038475,nan,nan,nan,nan
6422329,50.0,60.0,30,269,0,1,0.0,269.0,0.0035616999999999997,0.0032708000000000004,0.0040222,1,2,69.0,99.5,0.06456375,0.06424172499999999,0.064885775,0.0,0.0,0.0,0.0
6547817,50.0,60.0,30,320,0,1,0.0,320.0,0.0042088,0.0035775,0.0047558999999999995,1,1,84.0,235.0,0.0690085,0.0689417,0.0690753,0.0,0.0,0.0,0.0
6547822,50.0,60.0,30,341,0,1,0.0,341.0,0.0077156,0.0068787,0.0077779,1,2,61.0,139.5,0.18607600000000002,0.184653,0.187499,0.0,0.0,0.0,0.0
6756778,50.0,60.0,30,498,0,1,0.0,498.0,0.0096804,0.0094044,0.010025899999999999,2,3,71.5,117.66666666666667,0.2597809,0.252819,0.26674280000000006,0.0,0.0,0.0,0.0
6896919,50.0,60.0,30,619,1,2,68.0,275.0,0.0079268,0.007750399999999999,0.0084875,1,2,69.0,274.5,0.21930595,0.20191137500000003,0.236700525,1.0,1.0,1.0,0.9571428571428572
6920600,50.0,60.0,30,225,0,1,0.0,225.0,0.0029541,0.0029279,0.0034575,0,1,0.0,225.0,0.0045794,0.0038780000000000004,0.0052807999999999996,nan,nan,nan,nan
6922501,50.0,60.0,30,273,0,1,0.0,273.0,0.0038134,0.0037411999999999996,0.0038685,0,1,0.0,273.0,0.0824433,0.0811159,0.0837707,nan,nan,nan,nan
6922622,50.0,60.0,30,453,1,2,72.0,190.0,0.006067899999999999,0.0059476,0.0070215,0,1,0.0,453.0,0.12565005,0.12536707500000002,0.125933025,0.0,0.0,0.0,0.0
6941418,50.0,60.0,30,282,0,1,0.0,282.0,0.0037197,0.0035801,0.0040669,0,1,0.0,282.0,0.07024935,0.07005052499999999,0.070448175,nan,nan,nan,nan
6984632,50.0,60.0,30,617,0,1,0.0,617.0,0.0067633,0.0051718,0.007039800000000001,0,1,0.0,617.0,0.070634,0.0688611,0.07240690000000001,nan,nan,nan,nan
7555066,50.0,60.0,30,339,0,1,0.0,339.0,0.0033918000000000004,0.0032448000000000004,0.0040221,0,1,0.0,339.0,0.038585,0.0374546,0.039715400000000005,nan,nan,nan,nan
7557391,50.0,60.0,30,302,0,1,0.0,302.0,0.0024374000000000006,0.0022205,0.0024469,0,1,0.0,302.0,0.00659725,0.006474125,0.006720374999999999,nan,nan,nan,nan
7563440,50.0,60.0,30,591,0,1,0.0,591.0,0.009184,0.0077023000000000005,0.0109293,0,1,0.0,591.0,0.07995,0.07694435,0.08295564999999999,nan,nan,nan,nan
7564587,50.0,60.0,30,242,0,1,0.0,242.0,0.0044688,0.0041215,0.0045134,1,2,62.0,89.5,0.08913135000000001,0.087647425,0.090615275,0.0,0.0,0.0,0.0
7583768,50.0,60.0,30,236,0,1,0.0,236.0,0.003356,0.0033559,0.0034062,0,1,0.0,236.0,0.06231805000000001,0.060696025,0.063940075,nan,nan,nan,nan
7598344,50.0,60.0,30,219,0,1,0.0,219.0,0.0020658,0.0018130999999999998,0.0024378000000000004,0,1,0.0,219.0,0.022779849999999997,0.022451025,0.023108675000000002,nan,nan,nan,nan
7613495,50.0,60.0,30,612,0,1,0.0,612.0,0.008397,0.0083517,0.008760299999999999,1,2,64.0,273.5,0.20456145,0.201444225,0.20767867499999998,0.0,0.0,0.0,0.0
7613518,50.0,60.0,30,285,0,1,0.0,285.0,0.0033375,0.0030603,0.0035609,1,1,65.0,219.0,0.11469615000000001,0.114399775,0.114992525,0.0,0.0,0.0,0.0
7613731,50.0,60.0,30,271,0,1,0.0,271.0,0.0031294,0.0027301,0.0031349,0,1,0.0,271.0,0.06593654999999998,0.06556672499999999,0.066306375,nan,nan,nan,nan
7691124,50.0,60.0,30,255,0,1,0.0,255.0,0.0037013000000000002,0.0032082,0.0037263,0,1,0.0,255.0,0.09953075,0.09860037499999999,0.10046112500000001,nan,nan,nan,nan
7691163,50.0,60.0,30,301,0,1,0.0,301.0,0.004555,0.0041005,0.005715100000000001,1,2,60.0,120.0,0.11991410000000001,0.11777855000000001,0.12204965000000001,0.0,0.0,0.0,0.0
7691232,50.0,60.0,30,601,0,1,0.0,601.0,0.0047961,0.0037604,0.0050026,0,1,0.0,601.0,0.011080100000000002,0.010511300000000001,0.0116489,nan,nan,nan,nan
7691423,50.0,60.0,30,303,0,1,0.0,303.0,0.004065,0.0040281,0.0049405,0,1,0.0,303.0,0.07679195,0.075290775,0.078293125,nan,nan,nan,nan
7691435,50.0,60.0,30,343,0,1,0.0,343.0,0.0029765000000000004,0.0028664000000000003,0.0032651,0,1,0.0,343.0,0.00706425,0.006686125,0.007442375,nan,nan,nan,nan
7691520,50.0,60.0,30,608,1,2,104.0,251.5,0.013277,0.011898299999999999,0.0132805,2,3,93.0,140.0,0.1943222,0.19173410000000002,0.19691029999999998,0.6666666666666666,1.0,0.5,0.9519230769230769
7691542,50.0,60.0,30,368,1,2,82.0,142.5,0.004928699999999999,0.0049231000000000006,0.0055004,1,2,79.0,144.0,0.11753545000000001,0.11718797499999999,0.117882925,1.0,1.0,1.0,0.9634146341463414
7691885,50.0,60.0,30,251,0,1,0.0,251.0,0.0032572,0.0027065,0.0032911999999999998,0,1,0.0,251.0,0.07849704999999998,0.078427975,0.078566125,nan,nan,nan,nan
7691909,50.0,60.0,30,624,0,1,0.0,624.0,0.0081588,0.0076095,0.008532,1,2,64.0,279.5,0.19545995,0.195000625,0.195919275,0.0,0.0,0.0,0.0
7795968,50.0,60.0,30,252,1,1,73.0,178.0,0.003186,0.002768,0.0033844,1,1,73.0,178.0,0.050912149999999996,0.049512074999999996,0.052312225,1.0,1.0,1.0,1.0
7797310,50.0,60.0,30,601,0,1,0.0,601.0,0.0035459000000000003,0.0033742,0.0039476,0,1,0.0,601.0,0.027085050000000003,0.026100875000000003,0.028069225000000003,nan,nan,nan,nan
7799046,50.0,60.0,30,454,0,1,0.0,454.0,0.0051321000000000006,0.0048025,0.0056043,1,2,92.0,180.5,0.14204395,0.14015327500000002,0.143934625,0.0,0.0,0.0,0.0
7799135,50.0,60.0,30,329,0,1,0.0,329.0,0.0032033,0.0031963,0.0037268,0,1,0.0,329.0,0.05582345,0.055321975,0.056324925,nan,nan,nan,nan
7799180,50.0,60.0,30,645,2,3,70.5,167.33333333333334,0.0092973,0.009165600000000001,0.0101092,2,2,78.5,243.0,0.30626970000000003,0.30571875,0.30682065,0.5,0.5,0.5,0.8
7799209,50.0,60.0,30,525,0,1,0.0,525.0,0.0050133,0.0048448,0.0051803000000000005,0,1,0.0,525.0,0.09169945,0.091285125,0.09211377500000001,nan,nan,nan,nan
7799211,50.0,60.0,30,232,0,1,0.0,232.0,0.0023404000000000003,0.0022344,0.0028558000000000004,1,1,76.0,155.0,0.06721674999999999,0.066532975,0.06790052499999999,0.0,0.0,0.0,0.0
7799420,50.0,60.0,30,317,0,1,0.0,317.0,0.0035531,0.0032244,0.0038028000000000003,0,1,0.0,317.0,0.082244,0.08156885000000001,0.08291915000000001,nan,nan,nan,nan
7799507,50.0,60.0,30,310,1,1,190.0,119.0,0.011505399999999997,0.011482,0.0115276,1,1,107.0,202.0,0.15305475,0.150708375,0.155401125,1.0,1.0,1.0,0.5631578947368421
7852277,50.0,60.0,30,247,0,1,0.0,247.0,0.0031746,0.0027957,0.0034318,0,1,0.0,247.0,0.0726107,0.07036055000000001,0.07486085,nan,nan,nan,nan
7852403,50.0,60.0,30,290,0,1,0.0,290.0,0.0031895,0.0028668,0.0033835,0,1,0.0,290.0,0.052577650000000004,0.051855375,0.053299925000000005,nan,nan,nan,nan
7852411,50.0,60.0,30,607,2,2,65.0,237.5,0.0075278,0.0072162,0.007766899999999999,2,2,65.5,237.0,0.16127705,0.15921052500000002,0.163343575,1.0,1.0,1.0,0.9626358695652174
7852420,50.0,60.0,30,606,1,2,71.0,267.0,0.0071988,0.006566,0.007306,1,2,73.0,266.0,0.1203134,0.1174952,0.12313160000000001,1.0,1.0,1.0,0.8947368421052632
7852422,50.0,60.0,30,216,0,1,0.0,216.0,0.0023607,0.002151,0.0026161,1,2,80.0,67.5,0.047788950000000004,0.047589875,0.047988025,0.0,0.0,0.0,0.0
7852445,50.0,60.0,30,307,0,1,0.0,307.0,0.0038594999999999996,0.0037173,0.004077,0,1,0.0,307.0,0.06835859999999999,0.06700565,0.06971154999999998,nan,nan,nan,nan
7852451,50.0,60.0,30,314,1,2,64.0,124.5,0.0040663,0.0039045,0.0051908,1,2,64.0,124.5,0.1417136,0.14058665000000004,0.14284054999999998,1.0,1.0,1.0,0.9692307692307692
8354596,50.0,60.0,30,385,0,1,0.0,385.0,0.0028754,0.0027633000000000002,0.0031152,0,1,0.0,385.0,0.00604285,0.005947775,0.006137925,nan,nan,nan,nan
