trajectory,dp_epsilon_m,n_points,n_moves,n_stops,n_move_points,n_move_keypoints,move_cr,move_mean_sed_m,move_max_sed_m,move_latency_us_per_point,move_latency_p25_us_per_point,move_latency_p75_us_per_point
10752853,1.0,615,1,0,615,84,7.321428571428571,11.92410068253816,75.3255676280186,5.786341463414634,5.427479674796748,6.1552845528455284
10752864,1.0,232,2,1,184,22,8.363636363636363,9.074389086762,35.58865983548256,4.186413043478261,3.898369565217391,6.366847826086956
10752951,1.0,610,1,0,610,98,6.224489795918367,2.479366036165296,18.940316012038103,6.721475409836066,6.622622950819673,6.837704918032787
10892045,1.0,323,2,1,275,26,10.576923076923077,20.628961919290273,98.99625858652576,4.140363636363636,4.127272727272727,4.143999999999999
10934834,1.0,242,2,1,208,24,8.666666666666666,4.777640531267635,28.879218060943764,3.7173076923076924,3.675480769230769,3.808653846153846
10934933,1.0,423,2,1,391,29,13.482758620689655,14.160433106228645,76.02134725468272,3.8352941176470585,3.806649616368287,4.002046035805627
10935081,1.0,278,2,1,244,16,15.25,42.23477037972978,143.8669481117084,3.6561475409836066,3.140573770491803,3.8938524590163937
10935136,1.0,308,1,1,258,10,25.8,34.174725182179415,88.39992522942718,2.625581395348837,2.5961240310077516,2.9027131782945736
10935148,1.0,237,2,2,152,6,25.333333333333332,9.09450104599395,29.85036235846576,2.0539473684210527,1.5381578947368422,2.1769736842105263
10935358,1.0,636,4,3,526,72,7.305555555555555,6.044310893985806,44.21707958888882,4.700380228136883,4.216920152091254,6.220722433460076
10935638,1.0,228,1,0,228,16,14.25,8.424088203344429,39.27356569651374,4.85701754385965,4.846052631578948,4.860964912280702
10935844,1.0,607,1,0,607,94,6.457446808510638,10.49836639176846,133.274923112427,6.600494233937397,6.258154859967051,6.683855024711697
10969051,1.0,601,1,0,601,153,3.9281045751633985,2.570218484719573,22.5156258795101,7.3430948419301165,7.0,7.493011647254576
11058912,1.0,601,1,0,601,119,5.050420168067227,5.835541171771418,65.03546415477406,7.471880199667222,7.3783693843594005,7.530116472545758
11071635,1.0,423,1,0,423,45,9.4,17.748387637518004,103.31028953082811,5.047044917257684,5.014420803782506,5.267848699763594
11071677,1.0,459,2,1,427,22,19.40909090909091,16.781719461049402,94.78176693302113,4.259016393442622,3.982669789227166,4.567447306791569
11071727,1.0,411,1,0,411,39,10.538461538461538,10.474569938911317,66.11625296100564,5.507299270072993,5.5,6.800000000000001
11071733,1.0,257,1,0,257,37,6.945945945945946,4.023222349012849,27.007524636376715,7.900778210116732,7.627626459143968,8.028015564202335
11071965,1.0,535,4,3,431,40,10.775,17.329699860449853,96.74978660013917,6.816705336426915,3.7758700696055687,6.862877030162413
11092058,1.0,446,1,1,397,37,10.72972972972973,20.65815794882578,85.51341118006587,4.726700251889169,4.63249370277078,5.756423173803527
11092072,1.0,247,1,0,247,48,5.145833333333333,10.670611671212276,49.07660939741478,4.576113360323887,4.5744939271255065,4.6230769230769235
4300268,1.0,961,5,5,439,34,12.911764705882353,10.194846376716669,65.67050640578618,3.002733485193622,2.932118451025057,3.077220956719818
4303167,1.0,610,4,3,503,44,11.431818181818182,11.528234598209707,92.42744372971593,4.394433399602386,4.292842942345925,4.936978131212724
4303201,1.0,600,1,0,600,128,4.6875,8.1626891885788,106.27490692160676,6.971166666666666,6.909833333333332,8.349
4326816,1.0,606,6,6,373,43,8.674418604651162,7.3856327065586775,40.68068839803109,2.9906166219839143,2.981769436997319,3.4273458445040217
4453473,1.0,610,2,1,577,100,5.77,6.364702506155468,42.58275014603388,4.9145580589254765,4.87053726169844,4.978856152512998
4636267,1.0,624,5,4,438,65,6.7384615384615385,6.7851165450811886,45.826636797053766,4.126940639269407,3.984703196347032,4.136529680365297
4652239,1.0,601,4,3,481,63,7.634920634920635,7.380357627779723,50.90995093049689,4.177338877338877,4.165280665280665,4.263201663201663
4660369,1.0,640,2,1,608,110,5.527272727272727,5.953662354432188,66.57962460465498,6.521052631578947,5.910032894736842,6.688486842105263
4748312,1.0,624,5,4,418,35,11.942857142857143,9.161365498056435,54.61243880463529,2.691148325358852,2.6339712918660285,2.757655502392345
4748313,1.0,770,5,4,528,78,6.769230769230769,5.202785993602571,59.10614565425715,3.951325757575758,3.9202651515151516,5.022348484848485
4779685,1.0,669,6,5,397,64,6.203125,2.208189995611847,18.859609667673173,4.848362720403022,3.909823677581864,5.372292191435768
4792372,1.0,609,3,3,468,35,13.371428571428572,10.518154321071602,70.32526240489365,3.6538461538461537,3.6213675213675214,4.039102564102564
4793806,1.0,609,2,1,556,46,12.08695652173913,11.256191197383535,61.83715047964583,4.665827338129496,4.64910071942446,4.950179856115108
4798549,1.0,661,6,5,471,66,7.136363636363637,3.9563366083331317,28.59444148794513,3.5354564755838642,3.5097664543524414,3.814225053078556
4944723,1.0,650,5,5,449,85,5.2823529411764705,0.9678405391365963,13.573693524885012,4.097550111358575,4.083741648106904,4.116703786191537
4981908,1.0,251,1,0,251,17,14.764705882352942,8.604923674881043,51.4442736913737,4.4904382470119515,4.4760956175298805,5.0123505976095615
5084249,1.0,600,1,0,600,71,8.450704225352112,5.5858249953064725,55.823241166551085,8.431666666666667,5.7941666666666665,8.593666666666666
5133027,1.0,628,4,4,444,57,7.7894736842105265,3.5191558908785887,23.798573266823592,4.54054054054054,4.521396396396397,4.6058558558558556
5285957,1.0,387,2,1,352,26,13.538461538461538,10.187322341703627,54.73088311888259,3.461647727272727,3.4463068181818177,3.474715909090909
5286334,1.0,342,1,0,342,53,6.452830188679245,11.85272476501811,67.58804086555172,5.260818713450292,5.19093567251462,5.720175438596491
5395622,1.0,231,2,1,196,31,6.32258064516129,17.031906616579224,88.27487697131379,3.8244897959183675,3.7653061224489797,3.829081632653061
5538668,1.0,617,1,0,617,132,4.674242424242424,2.474442979360824,73.67137506611992,8.50680713128039,8.046677471636952,8.531442463533224
5670672,1.0,264,3,3,121,25,4.84,0.7027938071824313,3.1859973118075295,3.0983471074380162,3.0950413223140494,3.1355371900826445
5729758,1.0,253,1,0,253,43,5.883720930232558,3.884317578187115,29.76475121576773,5.660869565217391,5.291304347826087,6.476284584980237
5763820,1.0,989,3,4,447,52,8.596153846153847,6.554549133468195,50.51024655850777,4.285906040268456,4.160402684563758,4.300223713646533
5917923,1.0,272,1,0,272,84,3.238095238095238,0.6910664332876628,6.6994109380624645,6.029411764705882,6.013602941176471,6.136764705882353
5936666,1.0,602,3,2,536,46,11.652173913043478,15.978271275033515,105.2987823796528,3.9716417910447763,3.9128731343283585,4.69794776119403
6014730,1.0,219,1,0,219,15,14.6,16.701100560562004,116.34685668717353,4.085388127853881,4.043835616438356,4.146575342465754
6051512,1.0,601,2,1,565,79,7.151898734177215,10.505950868454098,86.39395886880213,4.939646017699115,4.863185840707964,5.388495575221239
6053686,1.0,602,1,0,602,116,5.189655172413793,8.123854373450035,66.99692026753495,7.173588039867109,7.043023255813953,7.285714285714286
6171971,1.0,372,2,1,333,72,4.625,9.064825433897793,69.39397685886124,5.189489489489489,4.9324324324324325,5.356756756756757
6172561,1.0,239,2,2,173,20,8.65,18.56301341376848,91.24149236436205,3.066473988439306,3.032369942196532,4.361271676300578
6357847,1.0,716,7,6,442,38,11.631578947368421,24.31024684236942,139.88615392403167,3.4289592760180994,3.257239819004525,3.6941176470588233
6358495,1.0,308,2,1,263,19,13.842105263157896,8.80599665556937,38.292687690008094,3.1254752851711025,3.109505703422053,3.1665399239543723
6422329,1.0,269,2,1,237,13,18.23076923076923,7.568148536876091,47.52770491013457,2.7932489451476794,2.761603375527426,2.79831223628692
6547817,1.0,320,1,1,287,17,16.88235294117647,10.836931636421044,51.01210128813639,4.477700348432055,4.136933797909408,4.578397212543554
6547822,1.0,341,5,4,175,15,11.666666666666666,10.210214426852536,42.96435951123213,1.6988571428571428,1.5662857142857145,2.6834285714285717
6756778,1.0,498,4,4,352,13,27.076923076923077,21.390333015544297,92.95049896990886,2.0917613636363637,2.0448863636363637,2.103125
6896919,1.0,619,4,3,521,80,6.5125,4.6750801294281565,34.94149189202838,5.323416506717851,4.81573896353167,5.400575815738963
6920600,1.0,225,1,0,225,14,16.071428571428573,12.959519067032321,66.98773785701624,3.9204444444444446,3.5195555555555553,4.4062222222222225
6922501,1.0,273,3,3,175,18,9.722222222222221,4.222047839022738,21.036648573470735,2.745142857142857,2.741142857142857,2.7862857142857145
6922622,1.0,453,1,0,453,56,8.089285714285714,13.895325644259216,69.05641952935666,5.232008830022075,5.2167770419426045,5.240397350993378
6941418,1.0,282,3,2,210,15,14.0,13.547196284709791,50.00092258000387,1.9061904761904762,1.900952380952381,1.9447619047619047
6984632,1.0,617,2,1,576,69,8.347826086956522,7.086117490100249,60.877351227520336,6.087847222222222,5.861111111111111,6.908854166666667
7555066,1.0,339,1,0,339,29,11.689655172413794,13.54027752021725,75.80314908982083,4.928023598820059,4.3268436578171094,5.019174041297935
7557391,1.0,302,1,0,302,22,13.727272727272727,18.037994099467305,88.07758108536865,4.711920529801325,4.696026490066226,4.72251655629139
7563440,1.0,591,1,0,591,43,13.744186046511627,13.215957503348173,85.64853428588363,5.170727580372251,5.143485617597293,5.5082910321489
7564587,1.0,242,2,1,195,26,7.5,9.523253737707952,37.86388699384629,6.821538461538462,5.644102564102564,7.111282051282052
7583768,1.0,236,2,1,200,36,5.555555555555555,6.778999466216357,47.66528880103528,5.815499999999999,4.102,6.941
7598344,1.0,219,1,0,219,16,13.6875,8.895476630974493,42.06535835341197,4.205022831050228,4.141552511415525,4.787214611872146
7613495,1.0,612,2,1,574,53,10.830188679245284,11.466320753566013,78.0309486057746,5.993728222996515,4.998780487804878,6.193902439024391
7613518,1.0,285,3,3,178,27,6.592592592592593,11.939781046050005,55.07366648974937,3.4359550561797754,3.3853932584269666,3.4926966292134836
7613731,1.0,271,2,2,200,14,14.285714285714286,6.0122863620083935,32.06160779838309,3.2289999999999996,3.222,3.236
7691124,1.0,255,2,1,217,24,9.041666666666666,13.004609052671574,62.43725456100953,3.4599078341013825,3.444700460829493,3.4631336405529956
7691163,1.0,301,5,4,169,34,4.970588235294118,2.483575425660273,9.06543993539241,3.3970414201183434,3.3390532544378697,3.411242603550296
7691232,1.0,601,1,0,601,158,3.8037974683544302,7.776732844176507,77.69590136058571,6.856405990016639,6.549750415973378,7.13810316139767
7691423,1.0,303,1,0,303,20,15.15,21.26117318363482,77.657994988854,4.4498349834983495,4.423432343234324,6.893399339933993
7691435,1.0,343,1,0,343,33,10.393939393939394,14.86204478792319,95.26201283465831,5.011078717201166,4.922740524781341,5.226822157434402
7691520,1.0,608,4,3,511,38,13.447368421052632,8.767487552881228,45.16542250225205,3.6199608610567515,3.5735812133072407,4.780821917808219
7691542,1.0,368,2,1,332,35,9.485714285714286,11.834078688630216,70.5406020887209,3.9015060240963853,3.8448795180722892,4.104216867469879
7691885,1.0,251,1,0,251,16,15.6875,23.54510705667589,76.41322707559418,4.955776892430279,4.62191235059761,5.575298804780877
7691909,1.0,624,4,3,505,69,7.318840579710145,7.144325469885,84.02958172753674,4.755445544554456,4.641584158415841,8.003960396039604
7795968,1.0,252,1,1,188,11,17.09090909090909,14.151473597338448,44.30185880611465,4.929787234042553,3.575531914893617,5.022340425531915
7797310,1.0,601,1,0,601,146,4.116438356164384,3.2785962987483517,49.48256271048285,10.207154742096506,8.433277870216305,13.368219633943427
7799046,1.0,454,2,1,422,32,13.1875,19.094602120912302,97.27937592877846,3.9454976303317535,3.937914691943128,4.267535545023697
7799135,1.0,329,2,1,293,16,18.3125,13.333790151172359,50.45247636234244,4.5976109215017065,3.9027303754266214,4.66962457337884
7799180,1.0,645,8,7,398,46,8.652173913043478,8.715821152316396,50.10069693841074,3.721608040201005,3.2939698492462313,5.105276381909548
7799209,1.0,525,2,1,493,44,11.204545454545455,10.122205199030665,79.96095020150247,4.667139959432049,4.421906693711968,5.731440162271805
7799211,1.0,232,3,2,149,15,9.933333333333334,17.283910846899538,45.95399287912406,2.0093959731543625,1.9825503355704697,2.0409395973154365
7799420,1.0,317,2,2,245,28,8.75,8.720683223802686,42.67892507245941,5.3710204081632655,4.10734693877551,6.347755102040817
7799507,1.0,310,4,3,193,23,8.391304347826088,2.7611330157807745,25.612414143866808,5.436269430051814,2.8585492227979277,5.471502590673575
7852277,1.0,247,2,2,171,17,10.058823529411764,5.974530998682023,19.754846951940234,3.6842105263157894,3.6783625730994154,3.6982456140350877
7852403,1.0,290,2,1,259,14,18.5,20.587679720599173,113.0225996189359,5.236679536679537,5.0926640926640925,5.382239382239383
7852411,1.0,607,3,2,504,68,7.411764705882353,8.349575485391442,58.12942236029972,4.570238095238095,4.441071428571429,4.8787698412698415
7852420,1.0,606,3,2,528,54,9.777777777777779,8.048567736859617,52.34887594943498,4.0562499999999995,4.0219696969696965,4.1125
7852422,1.0,216,2,1,184,15,12.266666666666667,20.461344400685412,99.09067743993141,2.696195652173913,2.695108695652174,2.697282608695652
7852445,1.0,307,2,1,259,16,16.1875,14.24017576695803,63.20205743692224,2.937065637065637,2.893822393822394,3.101930501930502
7852451,1.0,314,2,1,258,16,16.125,10.968548285496652,58.126768187921975,2.974418604651163,2.873255813953488,3.854263565891473
8354596,1.0,385,1,0,385,30,12.833333333333334,12.507714277305348,68.60339495718081,5.770909090909091,4.475064935064935,7.056883116883117
10752853,2.5,615,1,0,615,49,12.551020408163266,27.961028251775108,129.68956925673209,5.227479674796748,4.9312195121951214,5.515121951219513
10752864,2.5,232,2,1,184,12,15.333333333333334,20.009390845723686,59.21975742405411,3.628804347826087,3.4880434782608694,3.677717391304348
10752951,2.5,610,1,0,610,59,10.338983050847459,5.597450048157408,27.31304887801043,7.670327868852459,6.8919672131147545,8.231147540983606
10892045,2.5,323,2,1,275,14,19.642857142857142,28.752810526043127,97.35508908621483,2.925818181818182,2.8625454545454545,3.034909090909091
10934834,2.5,242,2,1,208,14,14.857142857142858,17.834645504331966,79.86403679107248,2.6235576923076924,2.6158653846153848,2.639423076923077
10934933,2.5,423,2,1,391,14,27.928571428571427,25.288024625273927,106.92200686019928,2.5946291560102304,2.548849104859335,2.657289002557545
10935081,2.5,278,2,1,244,11,22.181818181818183,47.10754602669542,161.18335961459283,2.3651639344262296,2.360655737704918,2.404098360655738
10935136,2.5,308,1,1,258,5,51.6,54.27807575629805,138.36283216062105,1.8786821705426355,1.8724806201550388,1.9027131782945736
10935148,2.5,237,2,2,152,4,38.0,16.61107045189612,48.29752297059735,0.7671052631578947,0.7651315789473684,0.7697368421052632
10935358,2.5,636,4,3,526,44,11.954545454545455,12.919321840040485,82.7150989232117,3.976045627376426,3.717680608365019,5.4600760456273765
10935638,2.5,228,1,0,228,7,32.57142857142857,18.394358040795957,62.876007586175085,3.759649122807018,3.3289473684210527,4.5135964912280695
10935844,2.5,607,1,0,607,57,10.649122807017545,13.33362229321836,138.60224048413548,5.567710049423393,5.5660626029654034,6.342998352553542
10969051,2.5,601,1,0,601,92,6.532608695652174,4.797358326593964,39.85447675332679,6.7810316139767055,6.05657237936772,6.857237936772046
11058912,2.5,601,1,0,601,74,8.121621621621621,7.999165938741453,65.03546415477406,6.903660565723794,6.124792013311148,6.996173044925125
11071635,2.5,423,1,0,423,26,16.26923076923077,33.64605763873876,176.75013450198142,5.319385342789598,4.670212765957447,5.54113475177305
11071677,2.5,459,2,1,427,10,42.7,52.47540818187981,209.88184244051027,2.459953161592506,2.4421545667447306,2.492271662763466
11071727,2.5,411,1,0,411,23,17.869565217391305,17.687518395831113,106.31894130258378,4.785644768856448,4.67007299270073,4.934306569343065
11071733,2.5,257,1,0,257,22,11.681818181818182,6.912260025353163,41.70406066164103,4.492217898832685,4.37431906614786,4.624513618677042
11071965,2.5,535,4,3,431,24,17.958333333333332,36.24671237957479,241.41862451455083,3.292111368909513,2.617401392111369,3.8064965197215774
11092058,2.5,446,1,1,397,27,14.703703703703704,25.204401047360456,106.48152862414456,4.396725440806045,4.19647355163728,4.444332493702771
11092072,2.5,247,1,0,247,32,7.71875,10.893860023275037,47.5214194747012,4.587854251012146,4.280161943319838,4.901214574898785
4300268,2.5,961,5,5,439,19,23.105263157894736,21.968808303586833,102.55935557542934,2.6840546697038725,1.948974943052392,3.194077448747153
4303167,2.5,610,4,3,503,25,20.12,23.94504355668491,124.30673169283158,2.8584493041749504,2.755666003976143,2.8884691848906563
4303201,2.5,600,1,0,600,73,8.219178082191782,16.386891652460935,125.11379402149649,5.315666666666667,5.094333333333333,5.350666666666667
4326816,2.5,606,6,6,373,27,13.814814814814815,12.720323102605828,74.2712494566882,2.221179624664879,2.188739946380697,2.2627345844504023
4453473,2.5,610,2,1,577,61,9.459016393442623,18.92977523105392,114.36263628109963,5.94263431542461,4.254419410745235,8.629462738301559
4636267,2.5,624,5,4,438,32,13.6875,15.417815225402705,69.15798556026928,2.8347031963470317,2.77648401826484,2.8826484018264837
4652239,2.5,601,4,3,481,30,16.033333333333335,18.736859622811313,96.39617167856449,3.112889812889813,3.075051975051975,3.1548856548856548
4660369,2.5,640,2,1,608,62,9.806451612903226,12.052433219765618,86.07496082522918,4.939802631578948,4.900493421052632,5.4965460526315795
4748312,2.5,624,5,4,418,21,19.904761904761905,12.090654484587883,54.61243880463529,2.443062200956938,1.986842105263158,2.940909090909091
4748313,2.5,770,5,4,528,42,12.571428571428571,9.223374979277018,60.3927768277979,3.3075757575757576,3.157007575757576,4.129166666666666
4779685,2.5,669,6,5,397,36,11.027777777777779,6.746185295732984,38.70670655033948,3.2307304785894204,3.0458438287153653,3.586146095717884
4792372,2.5,609,3,3,468,11,42.54545454545455,42.569965370393305,155.0430398719643,1.2155982905982905,1.2134615384615384,1.2209401709401708
4793806,2.5,609,2,1,556,25,22.24,16.61083810188779,71.05228887948901,3.6233812949640285,3.5883093525179857,3.7276978417266187
4798549,2.5,661,6,5,471,48,9.8125,5.423472670842398,37.48943500412041,3.223779193205945,3.1885350318471337,3.4494692144373675
4944723,2.5,650,5,5,449,44,10.204545454545455,4.505332587197222,29.154264964170945,3.263251670378619,3.2630289532293983,3.361024498886414
4981908,2.5,251,1,0,251,9,27.88888888888889,21.68348784783426,97.66231405388633,3.594820717131474,3.3529880478087652,4.378884462151394
5084249,2.5,600,1,0,600,40,15.0,38.134348568718764,306.09847681685676,5.349833333333334,5.142833333333333,6.1738333333333335
5133027,2.5,628,4,4,444,33,13.454545454545455,7.804039755820212,58.54621865349189,3.8903153153153154,3.5547297297297296,4.098873873873874
5285957,2.5,387,2,1,352,16,22.0,19.94800753004654,138.9728782850978,2.725,2.7076704545454544,2.7573863636363636
5286334,2.5,342,1,0,342,30,11.4,11.798116781656647,62.47103165891354,4.118713450292398,4.076608187134503,4.27719298245614
5395622,2.5,231,2,1,196,25,7.84,17.257773422363556,88.27487697131379,3.7653061224489797,3.7632653061224492,3.79234693877551
5538668,2.5,617,1,0,617,77,8.012987012987013,4.875918962556117,80.25447642050683,6.090923824959481,5.871636952998379,6.227228525121555
5670672,2.5,264,3,3,121,13,9.307692307692308,1.9332104837234003,6.093895694252744,2.479338842975207,2.463636363636364,2.481818181818182
5729758,2.5,253,1,0,253,21,12.047619047619047,6.542861791201113,32.16912857816815,5.096837944664031,4.773517786561265,6.122529644268774
5763820,2.5,989,3,4,447,30,14.9,12.895644772548815,97.80061599469764,3.5715883668903805,3.1069351230425055,4.07069351230425
5917923,2.5,272,1,0,272,46,5.913043478260869,2.1926083306560584,10.408376082470925,5.895955882352942,5.3691176470588236,6.069117647058824
5936666,2.5,602,3,2,536,25,21.44,19.78158783347509,95.56885005078354,2.7509328358208953,2.7457089552238805,2.797574626865672
6014730,2.5,219,1,0,219,6,36.5,41.266177056996334,150.29424717831063,2.6794520547945204,2.6474885844748854,2.6794520547945204
6051512,2.5,601,2,1,565,49,11.53061224489796,18.87246752117086,117.74796317529287,4.277699115044248,4.230088495575221,4.6070796460176995
6053686,2.5,602,1,0,602,67,8.985074626865671,20.31296914857845,135.3756757184425,5.574750830564784,5.535714285714286,6.651993355481728
6171971,2.5,372,2,1,333,45,7.4,9.719780300104732,65.89027395843547,4.33993993993994,4.2318318318318315,4.598498498498499
6172561,2.5,239,2,2,173,13,13.307692307692308,24.16868236691821,103.31194618747173,2.6774566473988437,2.622543352601156,2.683815028901734
6357847,2.5,716,7,6,442,21,21.047619047619047,43.219210604954164,247.3345416642329,2.2391402714932127,2.2187782805429865,2.2429864253393665
6358495,2.5,308,2,1,263,8,32.875,68.24591542450388,204.00994688627952,1.7999999999999998,1.6220532319391636,2.1437262357414446
6422329,2.5,269,2,1,237,11,21.545454545454547,7.849049362363778,47.52770491013457,2.3767932489451473,2.376371308016878,2.378481012658228
6547817,2.5,320,1,1,287,6,47.833333333333336,22.855762961183995,80.72355288669036,2.6094076655052265,2.4498257839721256,2.77979094076655
6547822,2.5,341,5,4,175,13,13.461538461538462,11.891998157912258,42.96435951123213,1.4114285714285715,1.409142857142857,1.4148571428571428
6756778,2.5,498,4,4,352,8,44.0,57.411592491327546,178.49231284154746,0.81875,0.8173295454545454,0.8258522727272727
6896919,2.5,619,4,3,521,47,11.085106382978724,5.852199464556127,38.12412023490798,4.3069097888675625,4.201919385796545,4.516314779270633
6920600,2.5,225,1,0,225,8,28.125,24.39395097349566,98.9192726428137,2.4853333333333336,2.48,2.486666666666667
6922501,2.5,273,3,3,175,12,14.583333333333334,10.215468304551333,64.76637529003575,2.1765714285714286,2.1645714285714286,2.341142857142857
6922622,2.5,453,1,0,453,33,13.727272727272727,25.998166001948476,104.21647363554085,5.156953642384106,4.859602649006622,5.182560706401766
6941418,2.5,282,3,2,210,8,26.25,48.47237853896151,134.1342707957913,1.789047619047619,1.1395238095238096,1.8623809523809525
6984632,2.5,617,2,1,576,40,14.4,11.575828004980485,60.877351227520336,7.19201388888889,5.551215277777778,7.461111111111112
7555066,2.5,339,1,0,339,14,24.214285714285715,20.202637592630143,109.90225982725616,3.3946902654867257,3.388200589970501,3.513864306784661
7557391,2.5,302,1,0,302,11,27.454545454545453,56.397128807687515,164.3248582379388,4.38841059602649,3.5129139072847684,4.498344370860927
7563440,2.5,591,1,0,591,19,31.105263157894736,39.48477941965282,207.67378060366573,3.7228426395939085,3.6840947546531306,3.9522842639593914
7564587,2.5,242,2,1,195,14,13.928571428571429,29.4684837895095,114.78538137322768,2.4507692307692306,2.42,2.632820512820513
7583768,2.5,236,2,1,200,20,10.0,9.910382111175167,47.66528880103528,3.0795,3.0515,3.0875
7598344,2.5,219,1,0,219,8,27.375,27.18425404642433,98.92037804489453,2.893607305936073,2.8091324200913244,3.8255707762557076
7613495,2.5,612,2,1,574,32,17.9375,12.714376297681179,68.93797209974232,4.907839721254355,4.176306620209059,5.027700348432056
7613518,2.5,285,3,3,178,17,10.470588235294118,13.88536520500119,48.757857098991515,2.703932584269663,2.698876404494382,2.7337078651685394
7613731,2.5,271,2,2,200,8,25.0,14.81232536354947,42.59267472769234,3.4935,2.3765,4.114
7691124,2.5,255,2,1,217,13,16.692307692307693,44.629135235536694,179.73081699918214,2.647004608294931,2.597235023041475,2.680184331797235
7691163,2.5,301,5,4,169,20,8.45,15.600003214103092,66.95123421119109,3.716568047337278,3.1544378698224853,3.7449704142011835
7691232,2.5,601,1,0,601,98,6.13265306122449,9.081889777123719,65.28715922648472,5.638768718801997,5.504825291181365,5.995840266222961
7691423,2.5,303,1,0,303,8,37.875,52.98977522120133,162.4688248128583,2.9188118811881187,2.9158415841584158,2.9300330033003297
7691435,2.5,343,1,0,343,19,18.05263157894737,19.65844301694056,95.26201283465831,4.447230320699709,4.439650145772594,5.200291545189504
7691520,2.5,608,4,3,511,23,22.217391304347824,15.096007272599074,58.741789049589954,3.4270058708414872,3.076320939334638,3.4643835616438357
7691542,2.5,368,2,1,332,19,17.473684210526315,22.03175899686212,81.2401200155268,2.5746987951807228,2.4683734939759034,2.7397590361445783
7691885,2.5,251,1,0,251,10,25.1,53.00047329376166,166.93299718842368,2.6573705179282867,2.5868525896414343,2.747011952191235
7691909,2.5,624,4,3,505,42,12.023809523809524,9.37167958412468,84.02958172753674,3.5122772277227723,3.487920792079208,4.765544554455445
7795968,2.5,252,1,1,188,5,37.6,42.57130603145921,118.98250970108695,3.3632978723404254,3.307978723404255,3.398936170212766
7797310,2.5,601,1,0,601,91,6.604395604395604,4.588602900248481,49.48256271048285,6.591680532445923,6.41198003327787,6.749916805324459
7799046,2.5,454,2,1,422,18,23.444444444444443,29.038513152418712,124.22385492354402,4.642890995260664,3.6033175355450235,5.891706161137441
7799135,2.5,329,2,1,293,10,29.3,25.186939390264214,81.59256518157095,3.089419795221843,3.0774744027303758,3.1368600682593857
7799180,2.5,645,8,7,398,32,12.4375,13.49672874968652,57.00523525109685,2.4123115577889447,2.4075376884422113,2.7105527638190954
7799209,2.5,525,2,1,493,21,23.476190476190474,23.943190710053667,111.4288611083863,3.4559837728194727,3.417444219066937,3.4908722109533468
7799211,2.5,232,3,2,149,11,13.545454545454545,16.740308442967045,52.952413332795416,1.4697986577181208,1.4697986577181208,1.4738255033557046
7799420,2.5,317,2,2,245,15,16.333333333333332,15.715055809792798,66.67101405580844,2.7518367346938777,2.7179591836734693,2.7518367346938777
7799507,2.5,310,4,3,193,20,9.65,5.2815120769615875,42.12953788826034,2.980829015544041,2.7834196891191714,3.7927461139896375
7852277,2.5,247,2,2,171,6,28.5,39.54584067513934,104.38325323514735,1.483625730994152,1.4824561403508771,1.488888888888889
7852403,2.5,290,2,1,259,10,25.9,21.03696085224307,113.0225996189359,2.3196911196911194,2.318146718146718,2.3467181467181466
7852411,2.5,607,3,2,504,39,12.923076923076923,21.32821464473267,122.78785857395613,3.5563492063492066,3.515079365079365,3.6240079365079363
7852420,2.5,606,3,2,528,25,21.12,12.674796909415136,54.72222576415015,3.157007575757576,3.14469696969697,3.949621212121212
7852422,2.5,216,2,1,184,11,16.727272727272727,22.011502028817308,99.09067743993141,2.2505434782608695,2.247826086956522,2.275
7852445,2.5,307,2,1,259,11,23.545454545454547,15.961711378404573,63.20205743692224,2.343243243243243,2.3420849420849423,2.379150579150579
7852451,2.5,314,2,1,258,10,25.8,34.87460820278346,99.62232083903712,1.8147286821705426,1.811627906976744,2.031395348837209
8354596,2.5,385,1,0,385,16,24.0625,29.94422212761087,68.60339495718081,2.74025974025974,2.7194805194805194,3.4574025974025973
10752853,5.0,615,1,0,615,31,19.838709677419356,70.76749278843168,244.97566953631528,3.937235772357724,3.895284552845528,4.887479674796748
10752864,5.0,232,2,1,184,9,20.444444444444443,19.36770034271978,59.21975742405411,5.672826086956522,5.657608695652174,5.742391304347826
10752951,5.0,610,1,0,610,39,15.64102564102564,24.472020643193964,190.65768688614662,5.600983606557377,5.081147540983607,5.871803278688525
10892045,5.0,323,2,1,275,11,25.0,29.130794910265653,97.35508908621483,2.7381818181818183,2.728,2.744
10934834,5.0,242,2,1,208,10,20.8,21.021076739780938,84.71139623224774,5.137019230769231,3.5913461538461537,5.399038461538462
10934933,5.0,423,2,1,391,9,43.44444444444444,27.056718988705693,106.92200686019928,1.9,1.89923273657289,2.285166240409207
10935081,5.0,278,2,1,244,8,30.5,39.79874245542138,122.54393153771836,1.8307377049180327,1.8237704918032787,1.8627049180327868
10935136,5.0,308,1,1,258,3,86.0,61.41021629602962,138.36283216062105,1.5011627906976746,1.4988372093023254,1.501937984496124
10935148,5.0,237,2,2,152,4,38.0,16.61107045189612,48.29752297059735,0.7361842105263158,0.7361842105263158,1.0434210526315788
10935358,5.0,636,4,3,526,28,18.785714285714285,20.090387012075805,85.61173753845598,2.941634980988593,2.868250950570342,3.103802281368821
10935638,5.0,228,1,0,228,4,57.0,58.1990607481123,112.67885165823557,1.5596491228070177,1.5517543859649123,1.5916666666666666
10935844,5.0,607,1,0,607,34,17.852941176470587,16.306085526741477,142.48671479738425,5.712355848434926,5.351894563426688,6.175453047775948
10969051,5.0,601,1,0,601,60,10.016666666666667,7.234437213676579,39.85447675332679,6.397670549084858,5.737437603993344,6.999168053244592
11058912,5.0,601,1,0,601,49,12.26530612244898,12.925024581550458,83.38484316090218,5.809650582362728,5.728452579034942,7.878535773710483
11071635,5.0,423,1,0,423,16,26.4375,45.9803333736797,189.97141010550564,3.562884160756501,3.512529550827423,4.26595744680851
11071677,5.0,459,2,1,427,7,61.0,58.62021518041201,210.2289244676195,1.4320843091334894,1.4255269320843091,1.4540983606557376
11071727,5.0,411,1,0,411,10,41.1,43.98123354859352,172.9202998774528,3.205109489051095,3.190754257907543,4.076642335766423
11071733,5.0,257,1,0,257,13,19.76923076923077,17.165937222050864,64.19776314201546,3.812451361867704,3.7992217898832683,4.332684824902723
11071965,5.0,535,4,3,431,18,23.944444444444443,46.04549646557232,241.41862451455083,2.7208816705336427,2.4048723897911835,2.7584686774941996
11092058,5.0,446,1,1,397,13,30.53846153846154,56.66282107036955,256.85620012607563,3.403022670025189,3.292947103274559,3.710579345088161
11092072,5.0,247,1,0,247,18,13.722222222222221,14.1314911352421,53.84396506223313,3.5927125506072874,3.5866396761133603,3.594331983805668
4300268,5.0,961,5,5,439,16,27.4375,31.817282625134393,102.55935557542934,1.9123006833712983,1.7403189066059226,2.4835990888382686
4303167,5.0,610,4,3,503,16,31.4375,36.29749970776024,114.23799322102164,1.7650099403578527,1.7606361829025845,1.7761431411530815
4303201,5.0,600,1,0,600,49,12.244897959183673,17.367593121860633,125.11379402149649,5.3068333333333335,5.109666666666667,5.7315000000000005
4326816,5.0,606,6,6,373,22,16.954545454545453,16.949312318071325,77.91394915220629,2.0343163538873994,1.8804289544235924,2.233243967828418
4453473,5.0,610,2,1,577,41,14.073170731707316,66.16778344984456,283.6852863738436,3.8800693240901216,3.432582322357019,4.047660311958405
4636267,5.0,624,5,4,438,25,17.52,16.22246832597901,74.1958909837735,2.522374429223744,2.4972602739726026,2.9561643835616436
4652239,5.0,601,4,3,481,20,24.05,24.904337881743178,126.04616503938539,2.1145530145530147,2.112889812889813,2.122037422037422
4660369,5.0,640,2,1,608,41,14.829268292682928,16.82268378362569,86.07496082522918,4.717105263157895,4.515460526315789,4.785361842105263
4748312,5.0,624,5,4,418,13,32.15384615384615,18.125843397731757,53.78683021978937,2.7490430622009567,2.7366028708133974,2.831578947368421
4748313,5.0,770,5,4,528,28,18.857142857142858,29.129413572911478,149.50491511941294,2.7863636363636366,2.4981060606060606,3.1768939393939397
4779685,5.0,669,6,5,397,25,15.88,14.012792051554932,103.37663704878372,2.82544080604534,2.681360201511335,2.8836272040302267
4792372,5.0,609,3,3,468,10,46.8,42.581823320874136,155.0430398719643,1.3664529914529915,1.3457264957264956,1.3713675213675214
4793806,5.0,609,2,1,556,16,34.75,27.465911547451306,130.00936986780772,3.0820143884892084,3.013309352517986,3.5053956834532376
4798549,5.0,661,6,5,471,32,14.71875,12.046294811429085,135.86342511559042,3.3365180467091293,2.6991507430997874,3.4450106157112526
4944723,5.0,650,5,5,449,27,16.62962962962963,10.091233554579485,60.23784787600764,2.650779510022272,2.5080178173719374,3.2198218262806235
4981908,5.0,251,1,0,251,5,50.2,102.74645328163959,231.0615049495124,1.8374501992031873,1.7876494023904381,1.8386454183266931
5084249,5.0,600,1,0,600,29,20.689655172413794,43.32233657875685,306.09847681685676,4.548166666666667,4.38,5.401166666666667
5133027,5.0,628,4,4,444,24,18.5,9.985278128249792,58.54621865349189,3.342792792792793,3.3231981981981984,3.364864864864865
5285957,5.0,387,2,1,352,11,32.0,20.583142687235775,138.9728782850978,2.727556818181818,2.5889204545454545,4.910795454545454
5286334,5.0,342,1,0,342,22,15.545454545454545,15.988631137799727,81.99466553299006,3.7991228070175436,3.741812865497076,4.048538011695906
5395622,5.0,231,2,1,196,16,12.25,21.91124894577391,114.14708398116879,3.364795918367347,3.354591836734694,3.4040816326530616
5538668,5.0,617,1,0,617,53,11.641509433962264,7.577900834656757,103.61570576985979,6.26612641815235,6.010048622366289,6.788816855753646
5670672,5.0,264,3,3,121,10,12.1,3.377659972462274,11.17049400722078,1.9280991735537192,1.9247933884297521,1.9322314049586777
5729758,5.0,253,1,0,253,14,18.071428571428573,10.031816209677693,53.85917704594395,4.169169960474308,4.09604743083004,4.232806324110673
5763820,5.0,989,3,4,447,22,20.318181818181817,30.359141770420027,121.65036704514822,2.8668903803131993,2.7277404921700223,3.4149888143176734
5917923,5.0,272,1,0,272,30,9.066666666666666,3.87527634195577,16.448315214076732,4.731985294117647,4.680147058823529,4.7562500000000005
5936666,5.0,602,3,2,536,18,29.77777777777778,22.203801923343935,95.56885005078354,3.498320895522388,2.5707089552238807,3.5444029850746266
6014730,5.0,219,1,0,219,3,73.0,67.6696656311852,151.94915730731535,1.4771689497716896,1.452054794520548,2.1232876712328768
6051512,5.0,601,2,1,565,33,17.12121212121212,55.37698475091819,269.14302447311917,2.7587610619469025,2.709203539823009,3.28141592920354
6053686,5.0,602,1,0,602,44,13.681818181818182,27.41003812387113,191.55424403598548,7.2644518272425245,5.925249169435216,8.540199335548172
6171971,5.0,372,2,1,333,30,11.1,17.56744034529436,120.62100583798441,3.683783783783784,3.6153153153153155,3.77057057057057
6172561,5.0,239,2,2,173,11,15.727272727272727,27.581955837657656,103.31194618747173,2.269364161849711,2.267052023121387,2.286705202312139
6357847,5.0,716,7,6,442,21,21.047619047619047,43.219210604954164,247.3345416642329,2.118552036199095,2.0929864253393666,2.2332579185520363
6358495,5.0,308,2,1,263,6,43.833333333333336,83.63371182701239,204.00994688627952,1.1726235741444866,1.1539923954372624,1.1749049429657794
6422329,5.0,269,2,1,237,7,33.857142857142854,18.8872633565574,88.70006067683103,1.6561181434599157,1.6147679324894515,1.6637130801687765
6547817,5.0,320,1,1,287,5,57.4,22.878504619038356,80.72355288669036,2.189198606271777,2.1045296167247387,2.6313588850174217
6547822,5.0,341,5,4,175,12,14.583333333333334,14.166840157299898,58.26667115666396,2.2502857142857144,2.249142857142857,2.313142857142857
6756778,5.0,498,4,4,352,8,44.0,57.411592491327546,178.49231284154746,1.4559659090909092,1.4468750000000001,1.4852272727272726
6896919,5.0,619,4,3,521,36,14.472222222222221,6.376756640597359,38.12412023490798,6.0337811900191936,5.120921305182342,6.123992322456814
6920600,5.0,225,1,0,225,6,37.5,25.020856377625577,98.9192726428137,2.3586666666666667,2.278666666666667,3.558222222222222
6922501,5.0,273,3,3,175,9,19.444444444444443,20.65291464005077,100.14439005683815,1.5171428571428571,1.5114285714285713,1.52
6922622,5.0,453,1,0,453,23,19.695652173913043,27.110587411679248,104.21647363554085,4.996688741721854,4.149668874172185,5.495805739514348
6941418,5.0,282,3,2,210,7,30.0,78.84161976078352,160.79967662204743,0.6971428571428572,0.6957142857142857,0.6995238095238095
6984632,5.0,617,2,1,576,32,18.0,18.928641496545293,75.1012537179376,4.540104166666667,4.443576388888889,5.992708333333334
7555066,5.0,339,1,0,339,9,37.666666666666664,22.643313221995697,109.90225982725616,2.9530973451327434,2.8799410029498524,4.093510324483776
7557391,5.0,302,1,0,302,7,43.142857142857146,40.96093499767856,125.03640855839512,2.555960264900662,2.5182119205298013,2.568543046357616
7563440,5.0,591,1,0,591,13,45.46153846153846,43.863022505441116,207.67378060366573,3.1297800338409476,3.1082910321489003,3.717597292724196
7564587,5.0,242,2,1,195,12,16.25,29.603175233391394,114.78538137322768,2.690769230769231,2.4953846153846153,4.381538461538462
7583768,5.0,236,2,1,200,15,13.333333333333334,17.981147850096022,109.64830180971572,2.8,2.779,2.8205
7598344,5.0,219,1,0,219,5,43.8,29.165957938052525,98.92037804489453,2.4305936073059358,2.3593607305936075,2.521461187214612
7613495,5.0,612,2,1,574,24,23.916666666666668,16.523508453453772,94.1612989980847,4.077003484320557,3.330487804878049,4.639198606271777
7613518,5.0,285,3,3,178,12,14.833333333333334,27.704014110178086,101.51577038800006,2.391573033707865,1.9443820224719102,3.0606741573033704
7613731,5.0,271,2,2,200,6,33.333333333333336,21.7449385057696,63.80701524143519,1.4955,1.4945,1.5685
7691124,5.0,255,2,1,217,10,21.7,46.32035785672375,179.73081699918214,2.0285714285714285,2.0285714285714285,2.0423963133640552
7691163,5.0,301,5,4,169,17,9.941176470588236,17.296784493293497,66.95123421119109,2.778698224852071,2.2639053254437873,3.289940828402367
7691232,5.0,601,1,0,601,66,9.106060606060606,19.86588705338878,194.20671555967215,4.848086522462562,4.784525790349417,4.937603993344426
7691423,5.0,303,1,0,303,7,43.285714285714285,53.35942046294387,162.4688248128583,2.6211221122112214,2.613201320132013,3.095379537953795
7691435,5.0,343,1,0,343,14,24.5,19.918108424690256,95.26201283465831,3.771137026239067,3.7125364431486885,3.7784256559766765
7691520,5.0,608,4,3,511,13,39.30769230769231,85.83302825569713,273.2890509603233,1.5318982387475537,1.5293542074363993,1.55146771037182
7691542,5.0,368,2,1,332,12,27.666666666666668,21.904637494282696,73.47053266701127,2.39789156626506,2.262650602409639,2.605421686746988
7691885,5.0,251,1,0,251,6,41.833333333333336,57.14946952428924,166.93299718842368,2.4119521912350597,2.395617529880478,2.4223107569721116
7691909,5.0,624,4,3,505,27,18.703703703703702,21.14252049813609,146.3409520557371,2.6348514851485145,2.5332673267326733,2.658811881188119
7795968,5.0,252,1,1,188,5,37.6,42.57130603145921,118.98250970108695,1.6936170212765955,1.6547872340425533,1.7186170212765959
7797310,5.0,601,1,0,601,63,9.53968253968254,9.151476792921496,72.03065745347301,8.783028286189685,7.913976705490849,8.867886855241265
7799046,5.0,454,2,1,422,11,38.36363636363637,43.324608749030475,176.9126531680886,2.5649289099526067,2.3981042654028437,2.6511848341232227
7799135,5.0,329,2,1,293,9,32.55555555555556,26.40942449009954,81.59256518157095,3.0023890784982936,2.638225255972696,3.2866894197952217
7799180,5.0,645,8,7,398,24,16.583333333333332,20.728303708696284,107.18707787139023,2.041959798994975,2.026884422110553,2.517085427135678
7799209,5.0,525,2,1,493,14,35.214285714285715,30.216382958419878,102.82318924550097,2.5981744421906696,2.5803245436105473,4.239959432048682
7799211,5.0,232,3,2,149,9,16.555555555555557,16.793913456562866,52.952413332795416,1.3503355704697986,1.3456375838926173,1.351006711409396
7799420,5.0,317,2,2,245,9,27.22222222222222,19.884541547868324,66.67101405580844,1.9338775510204083,1.922857142857143,1.9751020408163265
7799507,5.0,310,4,3,193,13,14.846153846153847,14.773534820524109,68.17106179385803,1.8481865284974093,1.844041450777202,1.878756476683938
7852277,5.0,247,2,2,171,6,28.5,39.54584067513934,104.38325323514735,1.5210526315789474,1.4736842105263157,1.656140350877193
7852403,5.0,290,2,1,259,5,51.8,27.531282760242288,89.95200602948063,1.011196911196911,1.0038610038610039,1.042084942084942
7852411,5.0,607,3,2,504,26,19.384615384615383,26.006981349554636,122.78785857395613,3.0390873015873017,3.0097222222222224,3.159920634920635
7852420,5.0,606,3,2,528,20,26.4,16.16261916180203,59.13767357839732,2.434280303030303,2.347537878787879,2.8861742424242425
7852422,5.0,216,2,1,184,9,20.444444444444443,23.249079811232086,99.09067743993141,2.1288043478260867,2.1282608695652177,2.197282608695652
7852445,5.0,307,2,1,259,5,51.8,50.71977109415964,121.67274390555193,1.1150579150579152,1.06988416988417,1.3498069498069498
7852451,5.0,314,2,1,258,7,36.857142857142854,38.805455377499385,99.62232083903712,1.5972868217054264,1.5748062015503876,1.7821705426356589
8354596,5.0,385,1,0,385,11,35.0,32.27885243790537,75.75652534545962,4.068831168831169,4.019740259740259,4.644415584415584
10752853,6.0,615,1,0,615,28,21.964285714285715,70.84544717309733,244.97566953631528,3.783577235772358,3.74260162601626,4.334959349593496
10752864,6.0,232,2,1,184,9,20.444444444444443,19.36770034271978,59.21975742405411,2.7815217391304348,2.7266304347826087,2.791847826086957
10752951,6.0,610,1,0,610,36,16.944444444444443,24.538635254928007,190.65768688614662,5.367540983606557,4.939508196721311,5.652950819672132
10892045,6.0,323,2,1,275,10,27.5,29.435135377909678,97.35508908621483,2.864,2.8494545454545457,2.8643636363636364
10934834,6.0,242,2,1,208,9,23.11111111111111,21.68157386119129,84.71139623224774,2.2048076923076922,2.1908653846153845,2.224038461538462
10934933,6.0,423,2,1,391,9,43.44444444444444,27.056718988705693,106.92200686019928,2.50613810741688,1.9751918158567774,2.686445012787724
10935081,6.0,278,2,1,244,7,34.857142857142854,40.41949097896671,122.54393153771836,1.4422131147540982,1.4331967213114754,1.4811475409836066
10935136,6.0,308,1,1,258,3,86.0,61.41021629602962,138.36283216062105,1.525968992248062,1.524031007751938,1.557751937984496
10935148,6.0,237,2,2,152,4,38.0,16.61107045189612,48.29752297059735,0.7598684210526315,0.7598684210526315,0.7631578947368421
10935358,6.0,636,4,3,526,25,21.04,23.833358893121883,98.57684452551555,2.7264258555133076,2.700570342205323,3.4847908745247147
10935638,6.0,228,1,0,228,4,57.0,58.1990607481123,112.67885165823557,1.5793859649122808,1.5241228070175439,1.6035087719298247
10935844,6.0,607,1,0,607,33,18.393939393939394,16.341844144553026,142.48671479738425,6.50658978583196,5.390609555189457,6.557825370675453
10969051,6.0,601,1,0,601,53,11.339622641509434,7.643306860925676,39.85447675332679,5.841597337770383,5.356905158069884,7.618469217970049
11058912,6.0,601,1,0,601,46,13.065217391304348,13.034010918374843,83.38484316090218,6.1093178036605655,5.870216306156406,6.921963394342763
11071635,6.0,423,1,0,423,14,30.214285714285715,56.19971326465355,229.80320787550093,3.160520094562648,3.1484633569739953,3.4399527186761225
11071677,6.0,459,2,1,427,7,61.0,58.62021518041201,210.2289244676195,1.426463700234192,1.4098360655737705,2.7473067915690863
11071727,6.0,411,1,0,411,9,45.666666666666664,44.2004052398178,172.9202998774528,4.11654501216545,4.113381995133819,5.940632603406326
11071733,6.0,257,1,0,257,13,19.76923076923077,17.165937222050864,64.19776314201546,5.796108949416342,3.6774319066147863,6.033852140077821
11071965,6.0,535,4,3,431,16,26.9375,66.5577507389302,241.85350265010942,2.0438515081206496,2.01554524361949,2.125986078886311
11092058,6.0,446,1,1,397,12,33.083333333333336,58.40926388705831,256.85620012607563,3.491183879093199,3.2010075566750626,4.116624685138539
11092072,6.0,247,1,0,247,17,14.529411764705882,14.183511058010156,53.84396506223313,4.61578947368421,4.053846153846154,4.753846153846154
4300268,6.0,961,5,5,439,16,27.4375,31.817282625134393,102.55935557542934,1.6785876993166287,1.4845102505694763,2.3560364464692483
4303167,6.0,610,4,3,503,16,31.4375,36.29749970776024,114.23799322102164,2.9157057654075547,2.5910536779324054,3.6351888667992047
4303201,6.0,600,1,0,600,43,13.953488372093023,17.95388430692039,125.11379402149649,8.5095,5.2058333333333335,9.915166666666668
4326816,6.0,606,6,6,373,21,17.761904761904763,17.088181217491606,77.91394915220629,1.9115281501340482,1.9101876675603218,1.9855227882037534
4453473,6.0,610,2,1,577,39,14.794871794871796,71.92260134425656,259.5485470921057,3.0967071057192372,3.033622183708839,3.448873483535529
4636267,6.0,624,5,4,438,21,20.857142857142858,20.24675938170742,75.32346750112889,2.536986301369863,2.1748858447488586,4.68013698630137
4652239,6.0,601,4,3,481,19,25.31578947368421,26.140827833330626,126.04616503938539,2.0735966735966738,2.058004158004158,2.3997920997920996
4660369,6.0,640,2,1,608,36,16.88888888888889,18.28023826600106,86.07496082522918,6.074342105263158,4.245888157894737,7.616447368421053
4748312,6.0,624,5,4,418,12,34.833333333333336,18.608171718933594,53.78683021978937,2.0720095693779905,1.6313397129186602,2.104784688995215
4748313,6.0,770,5,4,528,26,20.307692307692307,29.365562549474145,149.50491511941294,3.5479166666666666,3.2751893939393937,4.15625
4779685,6.0,669,6,5,397,25,15.88,14.012792051554932,103.37663704878372,2.2566750629722923,2.256171284634761,2.2765743073047857
4792372,6.0,609,3,3,468,10,46.8,42.581823320874136,155.0430398719643,1.123076923076923,1.1106837606837605,1.125
4793806,6.0,609,2,1,556,15,37.06666666666667,32.76822944216851,131.40659595369604,2.82068345323741,2.785431654676259,2.8946043165467628
4798549,6.0,661,6,5,471,30,15.7,12.411249116149362,135.86342511559042,2.59171974522293,2.586624203821656,2.9609341825902336
4944723,6.0,650,5,5,449,22,20.40909090909091,11.663315062518357,60.23784787600764,2.4661469933184854,2.312249443207127,2.7247216035634745
4981908,6.0,251,1,0,251,5,50.2,102.74645328163959,231.0615049495124,1.763346613545817,1.7290836653386454,1.9103585657370519
5084249,6.0,600,1,0,600,24,25.0,44.896421740110625,306.09847681685676,4.576666666666667,4.481833333333333,4.580666666666667
5133027,6.0,628,4,4,444,22,20.181818181818183,10.641537769181923,58.54621865349189,3.242792792792793,3.0527027027027027,3.852027027027027
5285957,6.0,387,2,1,352,10,35.2,21.578050054804898,138.9728782850978,2.703125,2.4511363636363637,4.163068181818182
5286334,6.0,342,1,0,342,18,19.0,17.57541910590051,81.99466553299006,6.526315789473684,6.149122807017544,6.77280701754386
5395622,6.0,231,2,1,196,16,12.25,21.91124894577391,114.14708398116879,3.50765306122449,3.441326530612245,3.5581632653061224
5538668,6.0,617,1,0,617,49,12.591836734693878,9.030946354394816,103.61570576985979,6.7298217179902755,6.245380875202593,6.984764991896273
5670672,6.0,264,3,3,121,8,15.125,4.196317619054359,11.17049400722078,1.3380165289256198,1.3338842975206613,1.3553719008264462
5729758,6.0,253,1,0,253,13,19.46153846153846,10.995627238231023,83.76956809340213,6.568379446640316,6.423320158102767,6.691699604743083
5763820,6.0,989,3,4,447,21,21.285714285714285,31.605487143728237,127.37191383927491,2.48255033557047,2.4214765100671145,2.9957494407158833
5917923,6.0,272,1,0,272,28,9.714285714285714,4.289882353182447,16.448315214076732,4.645588235294118,4.611397058823529,5.4698529411764705
5936666,6.0,602,3,2,536,15,35.733333333333334,22.88837289944735,95.56885005078354,2.144402985074627,2.138805970149254,2.1776119402985077
6014730,6.0,219,1,0,219,3,73.0,67.6696656311852,151.94915730731535,1.6662100456621003,1.6187214611872147,1.6748858447488586
6051512,6.0,601,2,1,565,30,18.833333333333332,55.456512084359765,269.14302447311917,3.0741592920353984,2.7561061946902656,3.392920353982301
6053686,6.0,602,1,0,602,38,15.842105263157896,27.681521562708163,191.55424403598548,5.009468438538206,4.613621262458472,5.2161129568106315
6171971,6.0,372,2,1,333,24,13.875,17.833625742480418,120.62100583798441,3.6579579579579575,3.626726726726727,3.6939939939939936
6172561,6.0,239,2,2,173,7,24.714285714285715,32.3532200111044,106.22054390010531,1.5988439306358382,1.5976878612716763,1.601734104046243
6357847,6.0,716,7,6,442,20,22.1,44.91195553136232,247.3345416642329,3.1368778280542986,2.7782805429864252,3.1423076923076927
6358495,6.0,308,2,1,263,6,43.833333333333336,83.63371182701239,204.00994688627952,1.3136882129277567,1.3102661596958176,1.3140684410646388
6422329,6.0,269,2,1,237,7,33.857142857142854,18.8872633565574,88.70006067683103,1.8696202531645572,1.8561181434599154,1.930801687763713
6547817,6.0,320,1,1,287,5,57.4,22.878504619038356,80.72355288669036,2.286062717770035,2.2822299651567945,2.3435540069686414
6547822,6.0,341,5,4,175,12,14.583333333333334,14.166840157299898,58.26667115666396,1.2154285714285713,1.1708571428571428,1.3302857142857143
6756778,6.0,498,4,4,352,8,44.0,57.411592491327546,178.49231284154746,0.7363636363636363,0.734375,0.7366477272727273
6896919,6.0,619,4,3,521,34,15.323529411764707,6.547087789143363,38.12412023490798,3.8335892514395393,3.772936660268714,4.520153550863723
6920600,6.0,225,1,0,225,5,45.0,30.772403983264162,98.9192726428137,2.176888888888889,2.172,2.228
6922501,6.0,273,3,3,175,8,21.875,20.465843601047414,100.14439005683815,1.4108571428571428,1.4108571428571428,1.4142857142857144
6922622,6.0,453,1,0,453,21,21.571428571428573,28.772513672828836,90.88361253120937,4.339735099337749,4.290286975717439,4.597130242825607
6941418,6.0,282,3,2,210,7,30.0,78.84161976078352,160.79967662204743,0.8114285714285715,0.8052380952380952,0.8195238095238095
6984632,6.0,617,2,1,576,30,19.2,19.555452301260672,75.1012537179376,4.429513888888889,4.373611111111111,4.472222222222222
7555066,6.0,339,1,0,339,8,42.375,22.675600634512517,109.90225982725616,3.350737463126844,2.8616519174041297,3.9283185840707966
7557391,6.0,302,1,0,302,7,43.142857142857146,40.96093499767856,125.03640855839512,2.495364238410596,2.4778145695364238,2.5165562913907285
7563440,6.0,591,1,0,591,11,53.72727272727273,45.312040642547224,207.67378060366573,3.065482233502538,3.049746192893401,3.1138747884940776
7564587,6.0,242,2,1,195,11,17.727272727272727,29.828469739848178,114.78538137322768,2.7671794871794875,2.2415384615384615,2.7707692307692304
7583768,6.0,236,2,1,200,13,15.384615384615385,22.113337641954548,109.64830180971572,2.616,2.6055,2.637
7598344,6.0,219,1,0,219,4,54.75,28.954409800632266,95.20547527736721,2.0191780821917806,1.9899543378995435,2.8493150684931505
7613495,6.0,612,2,1,574,23,24.956521739130434,16.565261786353304,94.1612989980847,3.968989547038327,3.8346689895470383,4.3287456445993024
7613518,6.0,285,3,3,178,11,16.181818181818183,27.744679766902046,101.51577038800006,1.804494382022472,1.803370786516854,2.9865168539325846
7613731,6.0,271,2,2,200,6,33.333333333333336,21.7449385057696,63.80701524143519,1.4825,1.472,1.4965000000000002
7691124,6.0,255,2,1,217,9,24.11111111111111,46.543477445937384,179.73081699918214,2.001382488479263,1.9986175115207372,2.0161290322580645
7691163,6.0,301,5,4,169,16,10.5625,17.44519181361326,66.95123421119109,2.591715976331361,2.131360946745562,2.7384615384615385
7691232,6.0,601,1,0,601,60,10.016666666666667,21.498187151779025,197.49521039771295,4.940931780366056,4.589351081530782,5.170881863560732
7691423,6.0,303,1,0,303,5,60.6,78.40656892710238,251.7016435138009,2.108250825082508,2.084818481848185,2.122772277227723
7691435,6.0,343,1,0,343,10,34.3,23.438985683125132,98.11266911117505,3.5291545189504374,3.5282798833819244,3.5784256559766767
7691520,6.0,608,4,3,511,11,46.45454545454545,97.68016779269122,273.2890509603233,1.2743639921722114,1.2694716242661448,1.290802348336595
7691542,6.0,368,2,1,332,12,27.666666666666668,21.904637494282696,73.47053266701127,2.155421686746988,2.152710843373494,2.156024096385542
7691885,6.0,251,1,0,251,6,41.833333333333336,57.14946952428924,166.93299718842368,2.5055776892430277,2.489243027888446,2.5446215139442234
7691909,6.0,624,4,3,505,26,19.423076923076923,21.251978658884383,146.3409520557371,2.6954455445544556,2.6877227722772274,2.7388118811881186
7795968,6.0,252,1,1,188,4,47.0,42.625095416538436,118.98250970108695,1.6372340425531915,1.6367021276595743,1.6409574468085106
7797310,6.0,601,1,0,601,56,10.732142857142858,9.425994745230678,72.03065745347301,6.323793677204659,6.144758735440932,6.369384359400998
7799046,6.0,454,2,1,422,10,42.2,43.83951302305029,176.9126531680886,2.361611374407583,2.355924170616114,2.950947867298578
7799135,6.0,329,2,1,293,7,41.857142857142854,44.209664147074704,148.05909448897148,1.6088737201365186,1.5716723549488054,1.997952218430034
7799180,6.0,645,8,7,398,22,18.09090909090909,20.94544838794827,107.18707787139023,1.8844221105527639,1.8695979899497488,1.9258793969849246
7799209,6.0,525,2,1,493,12,41.083333333333336,30.447696383881613,102.82318924550097,2.739350912778905,2.667139959432049,2.7496957403651114
7799211,6.0,232,3,2,149,9,16.555555555555557,16.793913456562866,52.952413332795416,1.3536912751677852,1.351006711409396,1.3543624161073826
7799420,6.0,317,2,2,245,9,27.22222222222222,19.884541547868324,66.67101405580844,1.9918367346938775,1.9889795918367348,2.115918367346939
7799507,6.0,310,4,3,193,12,16.083333333333332,18.24401674745838,68.17106179385803,1.7766839378238342,1.7678756476683937,1.8196891191709843
7852277,6.0,247,2,2,171,6,28.5,39.54584067513934,104.38325323514735,1.4608187134502926,1.4532163742690059,1.4619883040935673
7852403,6.0,290,2,1,259,5,51.8,27.531282760242288,89.95200602948063,1.0231660231660231,1.022007722007722,2.2057915057915056
7852411,6.0,607,3,2,504,25,20.16,26.081319925131186,122.78785857395613,3.2543650793650793,2.9998015873015875,4.381746031746032
7852420,6.0,606,3,2,528,18,29.333333333333332,16.539487372415376,59.13767357839732,2.399242424242424,2.349621212121212,3.113257575757576
7852422,6.0,216,2,1,184,5,36.8,30.40880930581184,99.09067743993141,1.1527173913043478,1.1510869565217392,1.1581521739130434
7852445,6.0,307,2,1,259,5,51.8,50.71977109415964,121.67274390555193,0.9899613899613898,0.9884169884169884,1.0038610038610039
7852451,6.0,314,2,1,258,7,36.857142857142854,38.805455377499385,99.62232083903712,1.437596899224806,1.433720930232558,1.5670542635658915
8354596,6.0,385,1,0,385,11,35.0,32.27885243790537,75.75652534545962,2.645194805194805,2.414805194805195,2.762857142857143
10752853,7.0,615,1,0,615,26,23.653846153846153,71.57503304398638,247.38825703214854,3.3609756097560974,3.269756097560976,3.991219512195122
10752864,7.0,232,2,1,184,8,23.0,20.85325763641569,59.21975742405411,3.3532608695652173,3.3304347826086955,4.726630434782609
10752951,7.0,610,1,0,610,35,17.428571428571427,24.579532706101762,190.65768688614662,6.350491803278689,4.882950819672131,6.793934426229509
10892045,7.0,323,2,1,275,9,30.555555555555557,30.62872595541441,83.51539322786823,2.432363636363636,2.404,2.438909090909091
10934834,7.0,242,2,1,208,7,29.714285714285715,22.960980908253493,84.71139623224774,1.8317307692307692,1.779326923076923,2.166826923076923
10934933,7.0,423,2,1,391,7,55.857142857142854,37.22626163421912,126.38802888197448,1.3258312020460357,1.3214833759590794,1.337084398976982
10935081,7.0,278,2,1,244,6,40.666666666666664,40.127190221667725,120.59131451090776,2.392622950819672,2.0471311475409837,2.4991803278688525
10935136,7.0,308,1,1,258,3,86.0,61.41021629602962,138.36283216062105,1.5093023255813953,1.5069767441860467,1.5127906976744185
10935148,7.0,237,2,2,152,4,38.0,16.61107045189612,48.29752297059735,0.7559210526315789,0.7532894736842105,0.8881578947368421
10935358,7.0,636,4,3,526,19,27.68421052631579,26.4583195780811,122.2646190658222,3.3530418250950573,3.0138783269961977,3.466730038022814
10935638,7.0,228,1,0,228,4,57.0,58.1990607481123,112.67885165823557,2.0425438596491228,1.8232456140350877,2.68640350877193
10935844,7.0,607,1,0,607,31,19.580645161290324,25.114682306319224,143.43300099960166,5.452059308072488,5.363261943986821,6.457825370675454
10969051,7.0,601,1,0,601,49,12.26530612244898,9.204620008540314,79.92763086022647,5.37820299500832,5.19351081530782,5.780698835274542
11058912,7.0,601,1,0,601,42,14.30952380952381,13.335378601418789,83.38484316090218,6.688851913477538,6.475207986688852,8.209816971713812
11071635,7.0,423,1,0,423,14,30.214285714285715,56.19971326465355,229.80320787550093,3.925768321513002,3.7011820330969263,4.373049645390071
11071677,7.0,459,2,1,427,6,71.16666666666667,60.12663216135898,210.2289244676195,1.3594847775175645,1.3353629976580796,1.4173302107728338
11071727,7.0,411,1,0,411,9,45.666666666666664,44.2004052398178,172.9202998774528,3.137956204379562,3.079075425790754,4.842579075425791
11071733,7.0,257,1,0,257,11,23.363636363636363,20.32374698698226,62.42600495477309,3.259922178988327,3.1929961089494165,3.837354085603113
11071965,7.0,535,4,3,431,16,26.9375,66.5577507389302,241.85350265010942,2.1473317865429236,2.1271461716937354,2.808584686774942
11092058,7.0,446,1,1,397,12,33.083333333333336,58.40926388705831,256.85620012607563,5.275566750629723,4.25264483627204,6.649622166246852
11092072,7.0,247,1,0,247,16,15.4375,14.250991809306509,53.84396506223313,3.58502024291498,3.567611336032389,3.6603238866396763
4300268,7.0,961,5,5,439,14,31.357142857142858,32.01343916712747,102.55935557542934,2.277220956719818,1.8671981776765376,2.388838268792711
4303167,7.0,610,4,3,503,16,31.4375,36.29749970776024,114.23799322102164,1.9238568588469185,1.8866799204771372,3.482902584493042
4303201,7.0,600,1,0,600,41,14.634146341463415,18.05353670656211,125.11379402149649,4.8486666666666665,4.7255,5.3205
4326816,7.0,606,6,6,373,20,18.65,17.232453587982846,77.91394915220629,3.2289544235924934,1.8597855227882039,3.5101876675603214
4453473,7.0,610,2,1,577,36,16.02777777777778,72.09291920536234,259.5485470921057,2.8766031195840553,2.8746967071057195,3.0587521663778166
4636267,7.0,624,5,4,438,21,20.857142857142858,20.24675938170742,75.32346750112889,2.33310502283105,2.1591324200913244,2.4794520547945207
4652239,7.0,601,4,3,481,18,26.72222222222222,26.337045269246016,126.04616503938539,2.1621621621621623,2.113929313929314,2.811850311850312
4660369,7.0,640,2,1,608,33,18.424242424242426,20.569477135609272,86.07496082522918,4.228947368421053,4.172039473684211,4.399671052631579
4748312,7.0,624,5,4,418,11,38.0,34.11744201233581,155.83039118940323,1.3736842105263158,0.9834928229665072,1.790909090909091
4748313,7.0,770,5,4,528,24,22.0,29.847318120494254,149.50491511941294,2.3257575757575757,2.310416666666667,2.609090909090909
4779685,7.0,669,6,5,397,22,18.045454545454547,14.844478178616386,103.37663704878372,2.2939546599496223,2.2710327455919397,2.3256926952141055
4792372,7.0,609,3,3,468,10,46.8,42.581823320874136,155.0430398719643,1.214957264957265,1.2130341880341882,1.245940170940171
4793806,7.0,609,2,1,556,14,39.714285714285715,32.87588412631454,131.40659595369604,3.2133093525179857,2.8951438848920863,5.066007194244604
4798549,7.0,661,6,5,471,28,16.821428571428573,12.233603372903548,109.31950463193047,2.621443736730361,2.597876857749469,2.665817409766454
4944723,7.0,650,5,5,449,22,20.40909090909091,11.663315062518357,60.23784787600764,2.4596881959910917,2.363028953229399,2.485523385300668
4981908,7.0,251,1,0,251,4,62.75,103.13707121137882,231.0615049495124,1.80398406374502,1.7517928286852589,1.8561752988047808
5084249,7.0,600,1,0,600,23,26.08695652173913,45.26919830434147,306.09847681685676,5.034666666666667,4.732333333333333,5.411
5133027,7.0,628,4,4,444,21,21.142857142857142,10.81536371254685,58.54621865349189,3.6281531531531535,3.4941441441441445,4.000900900900901
5285957,7.0,387,2,1,352,7,50.285714285714285,27.56876675496702,140.22983996423613,2.0116477272727273,1.8704545454545454,2.1360795454545456
5286334,7.0,342,1,0,342,18,19.0,17.57541910590051,81.99466553299006,3.4491228070175435,3.389766081871345,3.477777777777778
5395622,7.0,231,2,1,196,14,14.0,23.637000769695817,118.19185948268692,5.405102040816327,3.398469387755102,5.431632653061224
5538668,7.0,617,1,0,617,44,14.022727272727273,10.210879290103952,103.61570576985979,5.3764991896272285,5.375850891410049,6.490923824959482
5670672,7.0,264,3,3,121,6,20.166666666666668,4.789613501193061,11.824371031541965,1.496694214876033,1.4429752066115702,2.1066115702479338
5729758,7.0,253,1,0,253,12,21.083333333333332,12.456445945933716,83.76956809340213,3.605138339920949,3.591304347826087,3.606324110671937
5763820,7.0,989,3,4,447,20,22.35,31.68653823008465,127.37191383927491,2.5201342281879193,2.4847874720357943,2.5210290827740494
5917923,7.0,272,1,0,272,23,11.826086956521738,6.701141555345177,37.78769404843104,4.545955882352941,4.507720588235294,4.765073529411764
5936666,7.0,602,3,2,536,15,35.733333333333334,22.88837289944735,95.56885005078354,2.2722014925373135,2.198134328358209,2.386380597014925
6014730,7.0,219,1,0,219,2,109.5,92.47101103424123,178.71555917864254,1.2570776255707763,1.008675799086758,1.2908675799086757
6051512,7.0,601,2,1,565,28,20.178571428571427,55.58950343833682,269.14302447311917,2.7775221238938053,2.641946902654867,2.926725663716814
6053686,7.0,602,1,0,602,34,17.705882352941178,27.894527204612825,191.55424403598548,4.868604651162791,4.833056478405315,5.019102990033223
6171971,7.0,372,2,1,333,24,13.875,17.833625742480418,120.62100583798441,3.732132132132132,3.7285285285285283,3.866966966966967
6172561,7.0,239,2,2,173,7,24.714285714285715,32.3532200111044,106.22054390010531,1.5901734104046243,1.585549132947977,1.5971098265895955
6357847,7.0,716,7,6,442,20,22.1,44.91195553136232,247.3345416642329,2.5538461538461537,2.3782805429864253,2.587556561085973
6358495,7.0,308,2,1,263,6,43.833333333333336,83.63371182701239,204.00994688627952,1.2304182509505703,1.2269961977186312,1.2444866920152091
6422329,7.0,269,2,1,237,7,33.857142857142854,18.8872633565574,88.70006067683103,1.7417721518987341,1.7367088607594938,1.7464135021097045
6547817,7.0,320,1,1,287,5,57.4,22.878504619038356,80.72355288669036,2.424390243902439,2.35993031358885,2.815679442508711
6547822,7.0,341,5,4,175,12,14.583333333333334,14.166840157299898,58.26667115666396,1.1868571428571428,1.18,1.4908571428571427
6756778,7.0,498,4,4,352,8,44.0,57.411592491327546,178.49231284154746,0.7491477272727273,0.7488636363636364,0.7525568181818181
6896919,7.0,619,4,3,521,30,17.366666666666667,7.359825612547216,38.12412023490798,3.9833013435700577,3.8284069097888676,4.052975047984645
6920600,7.0,225,1,0,225,5,45.0,30.772403983264162,98.9192726428137,2.176888888888889,2.1653333333333333,2.2253333333333334
6922501,7.0,273,3,3,175,8,21.875,20.465843601047414,100.14439005683815,1.4160000000000001,1.4074285714285715,1.5474285714285716
6922622,7.0,453,1,0,453,20,22.65,28.823203297172196,90.88361253120937,4.865121412803532,4.205077262693157,4.914128035320088
6941418,7.0,282,3,2,210,7,30.0,78.84161976078352,160.79967662204743,0.8266666666666667,0.82,0.8285714285714286
6984632,7.0,617,2,1,576,27,21.333333333333332,20.20169515903505,75.1012537179376,4.6428819444444445,4.426215277777778,4.701041666666667
7555066,7.0,339,1,0,339,7,48.42857142857143,25.88696612307092,104.48490956439417,2.691740412979351,2.4766961651917403,3.1734513274336282
7557391,7.0,302,1,0,302,6,50.333333333333336,41.109210326951406,125.03640855839512,2.419867549668874,2.403973509933775,2.4311258278145695
7563440,7.0,591,1,0,591,11,53.72727272727273,45.312040642547224,207.67378060366573,2.990016920473773,2.968527918781726,3.0840947546531305
7564587,7.0,242,2,1,195,11,17.727272727272727,29.828469739848178,114.78538137322768,2.2687179487179487,2.2666666666666666,2.276923076923077
7583768,7.0,236,2,1,200,13,15.384615384615385,22.113337641954548,109.64830180971572,5.4475,3.235,5.6075
7598344,7.0,219,1,0,219,3,73.0,33.11047614540647,95.20547527736721,3.3278538812785388,3.2520547945205482,3.372146118721461
7613495,7.0,612,2,1,574,18,31.88888888888889,18.011995847067055,94.1612989980847,3.27979094076655,3.1501742160278745,3.3235191637630663
7613518,7.0,285,3,3,178,11,16.181818181818183,27.744679766902046,101.51577038800006,1.9426966292134833,1.9168539325842695,1.9617977528089887
7613731,7.0,271,2,2,200,6,33.333333333333336,21.7449385057696,63.80701524143519,1.59,1.589,1.5919999999999999
7691124,7.0,255,2,1,217,8,27.125,47.68920223889852,179.73081699918214,1.9912442396313366,1.9870967741935484,2.0847926267281105
7691163,7.0,301,5,4,169,15,11.266666666666667,23.865174864483716,91.72386798308493,1.8846153846153846,1.8674556213017752,1.8852071005917161
7691232,7.0,601,1,0,601,56,10.732142857142858,21.618324134148832,197.49521039771295,5.026788685524126,4.784193011647255,5.598169717138103
7691423,7.0,303,1,0,303,3,101.0,90.8378397618038,273.4584056740712,1.7102310231023103,1.476897689768977,1.9244224422442244
7691435,7.0,343,1,0,343,10,34.3,23.438985683125132,98.11266911117505,3.5705539358600586,3.496793002915452,3.5897959183673467
7691520,7.0,608,4,3,511,11,46.45454545454545,97.68016779269122,273.2890509603233,1.286692759295499,1.2761252446183953,1.289628180039139
7691542,7.0,368,2,1,332,12,27.666666666666668,21.904637494282696,73.47053266701127,2.4295180722891567,2.189156626506024,2.824096385542169
7691885,7.0,251,1,0,251,6,41.833333333333336,57.14946952428924,166.93299718842368,2.4183266932270917,2.3888446215139445,2.4474103585657367
7691909,7.0,624,4,3,505,22,22.954545454545453,24.36151782579589,146.3409520557371,2.453861386138614,2.392871287128713,2.602772277227723
7795968,7.0,252,1,1,188,4,47.0,42.625095416538436,118.98250970108695,1.6531914893617021,1.6196808510638299,1.7888297872340426
7797310,7.0,601,1,0,601,52,11.557692307692308,11.076403172438742,81.64603739290455,5.39234608985025,5.190349417637272,5.675540765391015
7799046,7.0,454,2,1,422,10,42.2,43.83951302305029,176.9126531680886,2.387440758293839,2.3817535545023696,2.5402843601895735
7799135,7.0,329,2,1,293,7,41.857142857142854,44.209664147074704,148.05909448897148,1.6081911262798634,1.6075085324232081,1.6098976109215017
7799180,7.0,645,8,7,398,21,18.952380952380953,21.135215550123245,107.18707787139023,1.8711055276381912,1.742964824120603,1.9311557788944724
7799209,7.0,525,2,1,493,11,44.81818181818182,30.576242183204332,102.82318924550097,2.4480730223123732,2.43448275862069,2.8275862068965516
7799211,7.0,232,3,2,149,9,16.555555555555557,16.793913456562866,52.952413332795416,1.7261744966442951,1.5060402684563758,1.7651006711409396
7799420,7.0,317,2,2,245,9,27.22222222222222,19.884541547868324,66.67101405580844,1.9187755102040818,1.9126530612244899,1.9338775510204083
7799507,7.0,310,4,3,193,12,16.083333333333332,18.24401674745838,68.17106179385803,1.754922279792746,1.7419689119170985,3.1202072538860106
7852277,7.0,247,2,2,171,6,28.5,39.54584067513934,104.38325323514735,1.4497076023391813,1.449122807017544,1.4543859649122806
7852403,7.0,290,2,1,259,5,51.8,27.531282760242288,89.95200602948063,1.0347490347490347,1.0281853281853282,1.1671814671814673
7852411,7.0,607,3,2,504,22,22.90909090909091,28.47780715704175,131.79699417302797,2.8029761904761905,2.7813492063492062,2.8087301587301585
7852420,7.0,606,3,2,528,17,31.058823529411764,19.661404508705292,83.89270821359884,2.3498106060606063,2.147159090909091,2.398674242424242
7852422,7.0,216,2,1,184,4,46.0,39.4979573265305,99.09067743993141,0.7293478260869565,0.7288043478260869,0.7358695652173913
7852445,7.0,307,2,1,259,5,51.8,50.71977109415964,121.67274390555193,1.018146718146718,1.0096525096525097,1.2166023166023168
7852451,7.0,314,2,1,258,6,43.0,38.795504704100985,99.62232083903712,1.3275193798449612,1.3271317829457363,1.3333333333333333
8354596,7.0,385,1,0,385,11,35.0,32.27885243790537,75.75652534545962,2.4358441558441557,2.4207792207792207,2.692727272727273
10752853,7.5,615,1,0,615,26,23.653846153846153,71.57503304398638,247.38825703214854,3.556747967479675,3.5056910569105693,3.5634146341463415
10752864,7.5,232,2,1,184,8,23.0,20.85325763641569,59.21975742405411,2.901086956521739,2.7896739130434782,3.1885869565217395
10752951,7.5,610,1,0,610,34,17.941176470588236,24.63456618308194,190.65768688614662,5.380819672131148,5.27,5.822459016393442
10892045,7.5,323,2,1,275,9,30.555555555555557,30.62872595541441,83.51539322786823,2.429818181818182,2.428363636363636,2.4694545454545453
10934834,7.5,242,2,1,208,7,29.714285714285715,22.960980908253493,84.71139623224774,1.725,1.7235576923076923,1.729326923076923
10934933,7.5,423,2,1,391,7,55.857142857142854,37.22626163421912,126.38802888197448,1.3191815856777493,1.3168797953964193,1.3337595907928388
10935081,7.5,278,2,1,244,6,40.666666666666664,40.127190221667725,120.59131451090776,1.2204918032786887,1.207377049180328,1.2381147540983608
10935136,7.5,308,1,1,258,3,86.0,61.41021629602962,138.36283216062105,1.5073643410852713,1.5034883720930232,1.5496124031007752
10935148,7.5,237,2,2,152,4,38.0,16.61107045189612,48.29752297059735,0.7348684210526316,0.7342105263157894,0.7374999999999999
10935358,7.5,636,4,3,526,19,27.68421052631579,26.4583195780811,122.2646190658222,2.3572243346007604,2.338022813688213,2.3619771863117873
10935638,7.5,228,1,0,228,4,57.0,58.1990607481123,112.67885165823557,1.9640350877192982,1.667982456140351,2.164035087719298
10935844,7.5,607,1,0,607,31,19.580645161290324,25.114682306319224,143.43300099960166,5.571828665568369,5.516474464579901,5.62833607907743
10969051,7.5,601,1,0,601,48,12.520833333333334,9.789860943838715,79.92763086022647,5.239434276206323,5.137104825291182,5.272545757071548
11058912,7.5,601,1,0,601,41,14.658536585365853,13.835862872565022,83.38484316090218,5.69567387687188,5.355740432612313,6.8394342762063225
11071635,7.5,423,1,0,423,13,32.53846153846154,56.52355087126931,229.80320787550093,4.35531914893617,4.118676122931443,4.445390070921986
11071677,7.5,459,2,1,427,6,71.16666666666667,60.12663216135898,210.2289244676195,1.3185011709601873,1.3159250585480093,1.3201405152224825
11071727,7.5,411,1,0,411,9,45.666666666666664,44.2004052398178,172.9202998774528,3.124817518248175,3.1236009732360097,3.1871046228710465
11071733,7.5,257,1,0,257,9,28.555555555555557,20.325108921456188,64.37024327429289,3.009727626459144,2.9785992217898833,3.0101167315175097
11071965,7.5,535,4,3,431,16,26.9375,66.5577507389302,241.85350265010942,2.2735498839907193,2.2470997679814384,3.004872389791183
11092058,7.5,446,1,1,397,12,33.083333333333336,58.40926388705831,256.85620012607563,3.4508816120906802,3.338539042821159,3.516624685138539
11092072,7.5,247,1,0,247,16,15.4375,14.250991809306509,53.84396506223313,3.672064777327935,3.661943319838057,3.8356275303643725
4300268,7.5,961,5,5,439,14,31.357142857142858,32.01343916712747,102.55935557542934,1.4095671981776765,1.4068337129840547,1.416628701594533
4303167,7.5,610,4,3,503,15,33.53333333333333,36.65437761168541,114.23799322102164,1.792644135188867,1.7755467196819086,1.8059642147117296
4303201,7.5,600,1,0,600,38,15.789473684210526,18.907130158661808,125.11379402149649,4.743,4.629666666666667,5.060666666666667
4326816,7.5,606,6,6,373,20,18.65,17.232453587982846,77.91394915220629,1.8613941018766755,1.8184986595174262,1.8788203753351205
4453473,7.5,610,2,1,577,33,17.484848484848484,72.44014307553897,259.5485470921057,2.8802426343154246,2.8228769497400346,3.6389948006932404
4636267,7.5,624,5,4,438,18,24.333333333333332,21.068467195134634,75.32346750112889,1.9885844748858448,1.9488584474885846,2.015068493150685
4652239,7.5,601,4,3,481,18,26.72222222222222,26.337045269246016,126.04616503938539,2.1195426195426195,2.043866943866944,2.168814968814969
4660369,7.5,640,2,1,608,32,19.0,20.675434297597043,86.07496082522918,4.707401315789474,4.1875,4.935526315789474
4748312,7.5,624,5,4,418,10,41.8,45.324972074580366,155.83039118940323,0.7875598086124401,0.7870813397129187,0.7921052631578948
4748313,7.5,770,5,4,528,24,22.0,29.847318120494254,149.50491511941294,2.72594696969697,2.606439393939394,3.168939393939394
4779685,7.5,669,6,5,397,22,18.045454545454547,14.844478178616386,103.37663704878372,2.312594458438287,2.306549118387909,2.3193954659949623
4792372,7.5,609,3,3,468,10,46.8,42.581823320874136,155.0430398719643,1.2183760683760685,1.1786324786324787,1.619230769230769
4793806,7.5,609,2,1,556,14,39.714285714285715,32.87588412631454,131.40659595369604,2.729676258992806,2.662410071942446,2.8363309352517985
4798549,7.5,661,6,5,471,28,16.821428571428573,12.233603372903548,109.31950463193047,2.492356687898089,2.486836518046709,2.4963906581740978
4944723,7.5,650,5,5,449,22,20.40909090909091,11.663315062518357,60.23784787600764,2.4073496659242766,2.2596881959910915,3.3229398663697105
4981908,7.5,251,1,0,251,4,62.75,103.13707121137882,231.0615049495124,3.1729083665338647,3.152191235059761,3.1908366533864543
5084249,7.5,600,1,0,600,22,27.272727272727273,45.5463596264495,306.09847681685676,4.24,4.120500000000001,4.4495
5133027,7.5,628,4,4,444,21,21.142857142857142,10.81536371254685,58.54621865349189,2.9216216216216218,2.9085585585585587,2.9630630630630628
5285957,7.5,387,2,1,352,7,50.285714285714285,27.56876675496702,140.22983996423613,1.6602272727272727,1.640056818181818,1.6681818181818182
5286334,7.5,342,1,0,342,17,20.11764705882353,17.678154247114822,81.99466553299006,3.524561403508772,3.467543859649123,3.6359649122807016
5395622,7.5,231,2,1,196,13,15.076923076923077,24.241140427841952,118.19185948268692,2.995918367346939,2.9857142857142858,3.0132653061224492
5538668,7.5,617,1,0,617,43,14.348837209302326,10.33712047342313,103.61570576985979,5.784927066450567,5.247974068071313,5.893030794165316
5670672,7.5,264,3,3,121,6,20.166666666666668,4.789613501193061,11.824371031541965,0.7776859504132231,0.7776859504132231,0.7801652892561984
5729758,7.5,253,1,0,253,12,21.083333333333332,12.456445945933716,83.76956809340213,3.8474308300395257,3.815415019762846,4.11501976284585
5763820,7.5,989,3,4,447,20,22.35,31.68653823008465,127.37191383927491,2.4176733780760626,2.412975391498881,2.4626398210290827
5917923,7.5,272,1,0,272,21,12.952380952380953,7.003140003430333,37.78769404843104,4.167279411764706,4.141911764705882,4.285661764705883
5936666,7.5,602,3,2,536,14,38.285714285714285,23.012181015438607,95.56885005078354,2.023507462686567,2.019589552238806,2.0261194029850746
6014730,7.5,219,1,0,219,2,109.5,92.47101103424123,178.71555917864254,0.7785388127853882,0.765296803652968,0.8068493150684931
6051512,7.5,601,2,1,565,28,20.178571428571427,55.58950343833682,269.14302447311917,2.6578761061946903,2.638230088495575,3.411858407079646
6053686,7.5,602,1,0,602,33,18.242424242424242,28.53069550306723,191.55424403598548,5.302159468438538,5.003820598006645,7.0813953488372094
6171971,7.5,372,2,1,333,22,15.136363636363637,19.5807195108423,120.62100583798441,3.4801801801801804,3.3864864864864868,3.7972972972972974
6172561,7.5,239,2,2,173,6,28.833333333333332,32.535567718463035,106.22054390010531,1.4450867052023122,1.4410404624277457,1.445664739884393
6357847,7.5,716,7,6,442,20,22.1,44.91195553136232,247.3345416642329,2.1346153846153846,2.103846153846154,2.1789592760181
6358495,7.5,308,2,1,263,6,43.833333333333336,83.63371182701239,204.00994688627952,1.4220532319391634,1.3288973384030418,1.9920152091254753
6422329,7.5,269,2,1,237,7,33.857142857142854,18.8872633565574,88.70006067683103,1.7367088607594938,1.7147679324894514,1.7527426160337551
6547817,7.5,320,1,1,287,5,57.4,22.878504619038356,80.72355288669036,2.225087108013937,2.1550522648083623,2.2668989547038327
6547822,7.5,341,5,4,175,12,14.583333333333334,14.166840157299898,58.26667115666396,1.0737142857142858,1.068,1.0811428571428572
6756778,7.5,498,4,4,352,8,44.0,57.411592491327546,178.49231284154746,0.7806818181818183,0.6821022727272728,0.8264204545454544
6896919,7.5,619,4,3,521,29,17.96551724137931,7.612097884029509,38.12412023490798,3.715163147792706,3.4727447216890592,3.8694817658349328
6920600,7.5,225,1,0,225,5,45.0,30.772403983264162,98.9192726428137,2.3555555555555556,2.2386666666666666,2.4431111111111115
6922501,7.5,273,3,3,175,8,21.875,20.465843601047414,100.14439005683815,1.341142857142857,1.34,1.3417142857142859
6922622,7.5,453,1,0,453,19,23.842105263157894,28.892032601931806,90.88361253120937,4.2247240618101545,4.072626931567329,4.694039735099338
6941418,7.5,282,3,2,210,7,30.0,78.84161976078352,160.79967662204743,0.7538095238095238,0.7452380952380953,0.7590476190476191
6984632,7.5,617,2,1,576,22,26.181818181818183,22.626083546256268,74.39356169164883,3.789409722222222,3.768923611111111,4.063368055555555
7555066,7.5,339,1,0,339,7,48.42857142857143,25.88696612307092,104.48490956439417,2.4601769911504423,2.4436578171091443,2.487315634218289
7557391,7.5,302,1,0,302,6,50.333333333333336,41.109210326951406,125.03640855839512,2.7039735099337747,2.6774834437086095,3.0420529801324503
7563440,7.5,591,1,0,591,9,65.66666666666667,46.23776405178442,207.67378060366573,2.786802030456853,2.7800338409475467,3.2341793570219965
7564587,7.5,242,2,1,195,11,17.727272727272727,29.828469739848178,114.78538137322768,2.22974358974359,2.2046153846153844,2.2666666666666666
7583768,7.5,236,2,1,200,13,15.384615384615385,22.113337641954548,109.64830180971572,2.6705,2.647,2.6719999999999997
7598344,7.5,219,1,0,219,3,73.0,33.11047614540647,95.20547527736721,1.5337899543378994,1.532420091324201,1.5429223744292235
7613495,7.5,612,2,1,574,18,31.88888888888889,18.011995847067055,94.1612989980847,3.288327526132404,3.271602787456446,3.5367595818815327
7613518,7.5,285,3,3,178,11,16.181818181818183,27.744679766902046,101.51577038800006,1.9679775280898877,1.95561797752809,2.001123595505618
7613731,7.5,271,2,2,200,6,33.333333333333336,21.7449385057696,63.80701524143519,1.636,1.6325,1.6395
7691124,7.5,255,2,1,217,8,27.125,47.68920223889852,179.73081699918214,2.4235023041474655,2.194009216589862,2.870967741935484
7691163,7.5,301,5,4,169,15,11.266666666666667,23.865174864483716,91.72386798308493,2.017159763313609,2.017159763313609,2.0207100591715976
7691232,7.5,601,1,0,601,55,10.927272727272728,21.67169036059781,197.49521039771295,5.667221297836939,5.320798668885192,7.26955074875208
7691423,7.5,303,1,0,303,3,101.0,90.8378397618038,273.4584056740712,1.5838283828382838,1.5834983498349835,1.6
7691435,7.5,343,1,0,343,9,38.111111111111114,24.459886013935012,98.11266911117505,3.6032069970845484,3.6002915451895046,3.826530612244898
7691520,7.5,608,4,3,511,11,46.45454545454545,97.68016779269122,273.2890509603233,1.350880626223092,1.3403131115459883,1.4119373776908024
7691542,7.5,368,2,1,332,12,27.666666666666668,21.904637494282696,73.47053266701127,2.164156626506024,2.1626506024096384,2.1683734939759036
7691885,7.5,251,1,0,251,6,41.833333333333336,57.14946952428924,166.93299718842368,2.470916334661355,2.4533864541832666,2.5318725099601593
7691909,7.5,624,4,3,505,21,24.047619047619047,24.44969106122849,146.3409520557371,2.597227722772277,2.473861386138614,2.636039603960396
7795968,7.5,252,1,1,188,4,47.0,42.625095416538436,118.98250970108695,1.601595744680851,1.5494680851063831,1.650531914893617
7797310,7.5,601,1,0,601,49,12.26530612244898,11.19730049352274,81.64603739290455,5.457903494176373,5.375207986688852,5.576372712146423
7799046,7.5,454,2,1,422,10,42.2,43.83951302305029,176.9126531680886,2.2225118483412323,2.2049763033175354,2.2824644549763033
7799135,7.5,329,2,1,293,7,41.857142857142854,44.209664147074704,148.05909448897148,1.5733788395904438,1.5522184300341297,1.6208191126279863
7799180,7.5,645,8,7,398,21,18.952380952380953,21.135215550123245,107.18707787139023,1.7560301507537688,1.742964824120603,1.757286432160804
7799209,7.5,525,2,1,493,11,44.81818181818182,30.576242183204332,102.82318924550097,2.5533468559837726,2.383367139959432,2.640973630831643
7799211,7.5,232,3,2,149,9,16.555555555555557,16.793913456562866,52.952413332795416,1.2919463087248322,1.2852348993288591,1.3073825503355705
7799420,7.5,317,2,2,245,9,27.22222222222222,19.884541547868324,66.67101405580844,1.8599999999999999,1.856326530612245,1.863265306122449
7799507,7.5,310,4,3,193,12,16.083333333333332,18.24401674745838,68.17106179385803,1.672020725388601,1.6683937823834196,1.6787564766839378
7852277,7.5,247,2,2,171,6,28.5,39.54584067513934,104.38325323514735,1.4187134502923977,1.408187134502924,1.4385964912280702
7852403,7.5,290,2,1,259,5,51.8,27.531282760242288,89.95200602948063,1.8262548262548262,1.1841698841698842,2.473745173745174
7852411,7.5,607,3,2,504,22,22.90909090909091,28.47780715704175,131.79699417302797,2.6942460317460317,2.6904761904761907,3.1587301587301586
7852420,7.5,606,3,2,528,16,33.0,19.918531259331793,83.89270821359884,2.0981060606060606,2.0585227272727273,2.223295454545455
7852422,7.5,216,2,1,184,4,46.0,39.4979573265305,99.09067743993141,0.7641304347826087,0.7635869565217391,0.7652173913043478
7852445,7.5,307,2,1,259,5,51.8,50.71977109415964,121.67274390555193,1.071814671814672,1.0648648648648649,1.138996138996139
7852451,7.5,314,2,1,258,6,43.0,38.795504704100985,99.62232083903712,1.4333333333333333,1.432170542635659,1.436434108527132
8354596,7.5,385,1,0,385,11,35.0,32.27885243790537,75.75652534545962,2.586493506493506,2.5828571428571427,2.586493506493506
10752853,8.0,615,1,0,615,26,23.653846153846153,71.57503304398638,247.38825703214854,3.462926829268292,3.3687804878048784,3.4822764227642273
10752864,8.0,232,2,1,184,8,23.0,20.85325763641569,59.21975742405411,2.6277173913043477,2.6190217391304347,2.6309782608695653
10752951,8.0,610,1,0,610,34,17.941176470588236,24.63456618308194,190.65768688614662,4.9860655737704915,4.832131147540983,6.3624590163934425
10892045,8.0,323,2,1,275,9,30.555555555555557,30.62872595541441,83.51539322786823,2.566909090909091,2.369090909090909,2.7359999999999998
10934834,8.0,242,2,1,208,7,29.714285714285715,22.960980908253493,84.71139623224774,2.5182692307692305,1.683173076923077,2.7211538461538463
10934933,8.0,423,2,1,391,7,55.857142857142854,37.22626163421912,126.38802888197448,1.654475703324808,1.6194373401534528,1.760613810741688
10935081,8.0,278,2,1,244,6,40.666666666666664,40.127190221667725,120.59131451090776,1.3565573770491803,1.2577868852459015,1.3618852459016393
10935136,8.0,308,1,1,258,3,86.0,61.41021629602962,138.36283216062105,1.6736434108527132,1.6042635658914728,1.6926356589147287
10935148,8.0,237,2,2,152,4,38.0,16.61107045189612,48.29752297059735,0.7361842105263158,0.7328947368421053,0.7368421052631579
10935358,8.0,636,4,3,526,19,27.68421052631579,26.4583195780811,122.2646190658222,2.2773764258555134,2.2701520912547526,2.3093155893536124
10935638,8.0,228,1,0,228,4,57.0,58.1990607481123,112.67885165823557,1.5587719298245613,1.5574561403508773,1.5912280701754387
10935844,8.0,607,1,0,607,31,19.580645161290324,25.114682306319224,143.43300099960166,6.241021416803954,5.511037891268534,6.575288303130148
10969051,8.0,601,1,0,601,48,12.520833333333334,9.789860943838715,79.92763086022647,5.125457570715474,5.080366056572379,5.906156405990017
11058912,8.0,601,1,0,601,40,15.025,13.914814012350465,83.38484316090218,5.559400998336106,5.285690515806988,6.546089850249584
11071635,8.0,423,1,0,423,12,35.25,56.7577880867544,229.80320787550093,3.3106382978723405,3.298108747044917,4.5626477541371155
11071677,8.0,459,2,1,427,6,71.16666666666667,60.12663216135898,210.2289244676195,1.385480093676815,1.3831381733021078,1.3901639344262295
11071727,8.0,411,1,0,411,9,45.666666666666664,44.2004052398178,172.9202998774528,3.191727493917275,3.191727493917275,3.202433090024331
11071733,8.0,257,1,0,257,9,28.555555555555557,20.325108921456188,64.37024327429289,3.0443579766536963,2.9782101167315176,3.1350194552529183
11071965,8.0,535,4,3,431,16,26.9375,66.5577507389302,241.85350265010942,2.2148491879350347,2.2032482598607888,2.323665893271462
11092058,8.0,446,1,1,397,11,36.09090909090909,58.642643679832595,256.85620012607563,3.12191435768262,3.099244332493703,3.1239294710327457
11092072,8.0,247,1,0,247,16,15.4375,14.250991809306509,53.84396506223313,3.9408906882591093,3.645748987854251,4.3076923076923075
4300268,8.0,961,5,5,439,13,33.76923076923077,32.94008261053246,102.55935557542934,1.5357630979498862,1.476993166287016,1.6387243735763097
4303167,8.0,610,4,3,503,15,33.53333333333333,36.65437761168541,114.23799322102164,1.8262425447316104,1.80675944333996,1.8294234592445329
4303201,8.0,600,1,0,600,35,17.142857142857142,19.227013442424393,125.11379402149649,4.721666666666667,4.681666666666667,4.734666666666667
4326816,8.0,606,6,6,373,20,18.65,17.232453587982846,77.91394915220629,1.867024128686327,1.8482573726541554,2.104289544235925
4453473,8.0,610,2,1,577,30,19.233333333333334,72.5791678088082,259.5485470921057,2.781629116117851,2.754592720970537,2.966377816291161
4636267,8.0,624,5,4,438,18,24.333333333333332,21.068467195134634,75.32346750112889,2.0228310502283104,1.919406392694064,2.4595890410958905
4652239,8.0,601,4,3,481,18,26.72222222222222,26.337045269246016,126.04616503938539,2.5218295218295217,2.0185031185031184,3.52952182952183
4660369,8.0,640,2,1,608,29,20.96551724137931,21.853441298869644,86.55054636647485,4.458059210526316,4.069078947368421,4.752138157894737
4748312,8.0,624,5,4,418,10,41.8,45.324972074580366,155.83039118940323,0.7516746411483254,0.7514354066985647,0.7516746411483254
4748313,8.0,770,5,4,528,24,22.0,29.847318120494254,149.50491511941294,2.331818181818182,2.3291666666666666,2.3488636363636366
4779685,8.0,669,6,5,397,22,18.045454545454547,14.844478178616386,103.37663704878372,2.1609571788413096,2.154911838790932,2.171788413098237
4792372,8.0,609,3,3,468,10,46.8,42.581823320874136,155.0430398719643,1.1493589743589743,1.1354700854700854,1.264957264957265
4793806,8.0,609,2,1,556,14,39.714285714285715,32.87588412631454,131.40659595369604,2.899820143884892,2.8275179856115105,3.2327338129496406
4798549,8.0,661,6,5,471,26,18.115384615384617,12.597019215425375,109.31950463193047,2.429936305732484,2.4078556263269637,2.4437367303609343
4944723,8.0,650,5,5,449,22,20.40909090909091,11.663315062518357,60.23784787600764,2.320044543429844,2.2859688195991095,3.1349665924276167
4981908,8.0,251,1,0,251,4,62.75,103.13707121137882,231.0615049495124,1.7199203187250995,1.7151394422310757,1.7286852589641433
5084249,8.0,600,1,0,600,21,28.571428571428573,46.38567747025158,306.09847681685676,4.395,4.317833333333333,4.807166666666667
5133027,8.0,628,4,4,444,21,21.142857142857142,10.81536371254685,58.54621865349189,3.198648648648649,3.097972972972973,3.237162162162162
5285957,8.0,387,2,1,352,7,50.285714285714285,27.56876675496702,140.22983996423613,1.736931818181818,1.7335227272727274,1.7588068181818182
5286334,8.0,342,1,0,342,17,20.11764705882353,17.678154247114822,81.99466553299006,3.6505847953216373,3.625146198830409,3.7935672514619885
5395622,8.0,231,2,1,196,13,15.076923076923077,24.241140427841952,118.19185948268692,3.173469387755102,3.108673469387755,3.9581632653061223
5538668,8.0,617,1,0,617,43,14.348837209302326,10.33712047342313,103.61570576985979,5.792382495948137,5.724149108589952,6.020907617504052
5670672,8.0,264,3,3,121,6,20.166666666666668,4.789613501193061,11.824371031541965,0.7892561983471075,0.7884297520661158,0.7892561983471075
5729758,8.0,253,1,0,253,12,21.083333333333332,12.456445945933716,83.76956809340213,3.8584980237154154,3.8102766798418974,4.6561264822134385
5763820,8.0,989,3,4,447,19,23.526315789473685,50.6710701636319,186.07671362267234,2.1201342281879194,2.1038031319910515,2.127964205816555
5917923,8.0,272,1,0,272,20,13.6,7.078983108268287,37.78769404843104,7.938235294117646,5.375,9.359191176470588
5936666,8.0,602,3,2,536,14,38.285714285714285,23.012181015438607,95.56885005078354,2.221641791044776,2.1975746268656717,2.6190298507462684
6014730,8.0,219,1,0,219,2,109.5,92.47101103424123,178.71555917864254,0.7963470319634703,0.7963470319634703,0.7990867579908676
6051512,8.0,601,2,1,565,28,20.178571428571427,55.58950343833682,269.14302447311917,2.6904424778761062,2.6201769911504424,2.7741592920353986
6053686,8.0,602,1,0,602,33,18.242424242424242,28.53069550306723,191.55424403598548,4.96312292358804,4.691029900332226,5.094850498338871
6171971,8.0,372,2,1,333,22,15.136363636363637,19.5807195108423,120.62100583798441,3.3873873873873874,3.367567567567568,3.3939939939939943
6172561,8.0,239,2,2,173,6,28.833333333333332,32.535567718463035,106.22054390010531,1.4791907514450868,1.4786127167630059,1.4832369942196533
6357847,8.0,716,7,6,442,20,22.1,44.91195553136232,247.3345416642329,4.748868778280543,4.623529411764705,4.853167420814479
6358495,8.0,308,2,1,263,6,43.833333333333336,83.63371182701239,204.00994688627952,1.2695817490494297,1.2692015209125476,1.4437262357414449
6422329,8.0,269,2,1,237,7,33.857142857142854,18.8872633565574,88.70006067683103,2.221518987341772,2.140928270042194,2.5843881856540083
6547817,8.0,320,1,1,287,5,57.4,22.878504619038356,80.72355288669036,2.2630662020905925,2.251219512195122,2.273170731707317
6547822,8.0,341,5,4,175,12,14.583333333333334,14.166840157299898,58.26667115666396,1.149142857142857,1.1485714285714286,1.1531428571428572
6756778,8.0,498,4,4,352,8,44.0,57.411592491327546,178.49231284154746,0.7289772727272728,0.7258522727272727,0.7306818181818181
6896919,8.0,619,4,3,521,28,18.607142857142858,7.907044615622168,38.12412023490798,3.4904030710172744,3.420153550863724,3.8113243761996163
6920600,8.0,225,1,0,225,5,45.0,30.772403983264162,98.9192726428137,2.502666666666667,2.1164444444444444,2.721333333333333
6922501,8.0,273,3,3,175,8,21.875,20.465843601047414,100.14439005683815,1.6285714285714286,1.3971428571428572,1.7234285714285715
6922622,8.0,453,1,0,453,19,23.842105263157894,28.892032601931806,90.88361253120937,4.156512141280354,4.1483443708609276,4.324061810154525
6941418,8.0,282,3,2,210,7,30.0,78.84161976078352,160.79967662204743,0.7871428571428571,0.7857142857142857,0.7880952380952381
6984632,8.0,617,2,1,576,22,26.181818181818183,22.626083546256268,74.39356169164883,3.8467013888888886,3.830208333333333,5.349131944444444
7555066,8.0,339,1,0,339,7,48.42857142857143,25.88696612307092,104.48490956439417,2.507079646017699,2.505309734513274,2.5129793510324485
7557391,8.0,302,1,0,302,6,50.333333333333336,41.109210326951406,125.03640855839512,2.439735099337748,2.437748344370861,2.51158940397351
7563440,8.0,591,1,0,591,9,65.66666666666667,46.23776405178442,207.67378060366573,2.7245346869712352,2.6830795262267344,2.8507614213197967
7564587,8.0,242,2,1,195,10,19.5,29.890356870890734,114.78538137322768,2.0584615384615383,2.0441025641025643,2.0964102564102567
7583768,8.0,236,2,1,200,13,15.384615384615385,22.113337641954548,109.64830180971572,2.5735,2.55,2.5765
7598344,8.0,219,1,0,219,3,73.0,33.11047614540647,95.20547527736721,1.5356164383561643,1.532876712328767,1.568036529680365
7613495,8.0,612,2,1,574,18,31.88888888888889,18.011995847067055,94.1612989980847,3.5374564459930316,3.4054006968641115,3.951219512195122
7613518,8.0,285,3,3,178,11,16.181818181818183,27.744679766902046,101.51577038800006,1.8786516853932582,1.8719101123595505,1.8797752808988766
7613731,8.0,271,2,2,200,6,33.333333333333336,21.7449385057696,63.80701524143519,3.3405,3.3289999999999997,3.4225
7691124,8.0,255,2,1,217,8,27.125,47.68920223889852,179.73081699918214,4.336866359447004,4.332258064516129,4.3506912442396315
7691163,8.0,301,5,4,169,15,11.266666666666667,23.865174864483716,91.72386798308493,1.9449704142011834,1.9349112426035502,1.962130177514793
7691232,8.0,601,1,0,601,52,11.557692307692308,21.86809071011054,197.49521039771295,4.768718801996672,4.764226289517471,4.8459234608985025
7691423,8.0,303,1,0,303,3,101.0,90.8378397618038,273.4584056740712,1.5834983498349835,1.5785478547854785,1.5858085808580857
7691435,8.0,343,1,0,343,9,38.111111111111114,24.459886013935012,98.11266911117505,3.6040816326530614,3.6040816326530614,3.6349854227405247
7691520,8.0,608,4,3,511,11,46.45454545454545,97.68016779269122,273.2890509603233,1.3172211350293543,1.3107632093933463,1.320743639921722
7691542,8.0,368,2,1,332,12,27.666666666666668,21.904637494282696,73.47053266701127,2.2542168674698795,2.2506024096385544,2.543975903614458
7691885,8.0,251,1,0,251,6,41.833333333333336,57.14946952428924,166.93299718842368,2.458964143426295,2.445816733067729,2.470916334661355
7691909,8.0,624,4,3,505,21,24.047619047619047,24.44969106122849,146.3409520557371,2.344158415841584,2.3374257425742577,2.47980198019802
7795968,8.0,252,1,1,188,4,47.0,42.625095416538436,118.98250970108695,1.504787234042553,1.4994680851063829,1.5473404255319148
7797310,8.0,601,1,0,601,49,12.26530612244898,11.19730049352274,81.64603739290455,5.059234608985025,4.960732113144759,5.460732113144759
7799046,8.0,454,2,1,422,10,42.2,43.83951302305029,176.9126531680886,2.2490521327014217,2.243127962085308,2.2549763033175356
7799135,8.0,329,2,1,293,7,41.857142857142854,44.209664147074704,148.05909448897148,1.9887372013651878,1.9109215017064847,2.0382252559726965
7799180,8.0,645,8,7,398,20,19.9,23.73775562469645,107.18707787139023,2.738190954773869,2.5914572864321612,2.8987437185929648
7799209,8.0,525,2,1,493,10,49.3,30.928056425639184,106.5406350150179,2.1778904665314403,2.1476673427991884,2.182555780933063
7799211,8.0,232,3,2,149,9,16.555555555555557,16.793913456562866,52.952413332795416,1.6080536912751677,1.3798657718120806,1.8671140939597315
7799420,8.0,317,2,2,245,9,27.22222222222222,19.884541547868324,66.67101405580844,1.9942857142857144,1.9942857142857144,2.0351020408163265
7799507,8.0,310,4,3,193,12,16.083333333333332,18.24401674745838,68.17106179385803,1.7362694300518136,1.7238341968911917,1.7860103626943005
7852277,8.0,247,2,2,171,6,28.5,39.54584067513934,104.38325323514735,2.9502923976608186,1.4321637426900584,3.0040935672514624
7852403,8.0,290,2,1,259,5,51.8,27.531282760242288,89.95200602948063,2.2173745173745174,2.193822393822394,2.227799227799228
7852411,8.0,607,3,2,504,22,22.90909090909091,28.47780715704175,131.79699417302797,2.9117063492063493,2.8345238095238092,2.9831349206349205
7852420,8.0,606,3,2,528,16,33.0,19.918531259331793,83.89270821359884,2.09375,2.0327651515151515,2.18125
7852422,8.0,216,2,1,184,4,46.0,39.4979573265305,99.09067743993141,1.1614130434782608,1.1407608695652174,1.1880434782608695
7852445,8.0,307,2,1,259,5,51.8,50.71977109415964,121.67274390555193,1.7606177606177607,1.7540540540540541,1.9613899613899615
7852451,8.0,314,2,1,258,6,43.0,38.795504704100985,99.62232083903712,2.636046511627907,2.567441860465116,2.860077519379845
8354596,8.0,385,1,0,385,11,35.0,32.27885243790537,75.75652534545962,2.6174025974025974,2.613246753246753,2.6254545454545455
10752853,9.0,615,1,0,615,25,24.6,71.61504198441537,247.38825703214854,3.2760975609756096,3.1915447154471543,3.5907317073170733
10752864,9.0,232,2,1,184,8,23.0,20.85325763641569,59.21975742405411,2.491304347826087,2.4907608695652175,2.492391304347826
10752951,9.0,610,1,0,610,33,18.484848484848484,24.707111188975293,190.65768688614662,5.1472131147540985,5.039344262295082,5.580655737704918
10892045,9.0,323,2,1,275,7,39.285714285714285,29.448469381243612,83.51539322786823,2.089090909090909,2.0803636363636366,2.0945454545454547
10934834,9.0,242,2,1,208,7,29.714285714285715,22.960980908253493,84.71139623224774,2.176923076923077,1.830769230769231,2.3836538461538463
10934933,9.0,423,2,1,391,7,55.857142857142854,37.22626163421912,126.38802888197448,1.3867007672634273,1.3774936061381076,1.4071611253196932
10935081,9.0,278,2,1,244,5,48.8,40.55599969669032,120.59131451090776,1.1188524590163935,1.1155737704918032,1.1188524590163935
10935136,9.0,308,1,1,258,3,86.0,61.41021629602962,138.36283216062105,2.6476744186046512,1.565503875968992,2.821317829457364
10935148,9.0,237,2,2,152,4,38.0,16.61107045189612,48.29752297059735,0.7842105263157895,0.7631578947368421,1.2111842105263158
10935358,9.0,636,4,3,526,19,27.68421052631579,26.4583195780811,122.2646190658222,4.2768060836501895,2.363878326996198,4.6545627376425855
10935638,9.0,228,1,0,228,4,57.0,58.1990607481123,112.67885165823557,1.7052631578947368,1.6960526315789473,1.7057017543859647
10935844,9.0,607,1,0,607,29,20.93103448275862,37.445487390063306,210.77945204450305,5.743163097199341,5.38500823723229,6.353871499176277
10969051,9.0,601,1,0,601,44,13.659090909090908,10.196551266393996,79.92763086022647,4.788186356073211,4.723793677204659,5.101996672212978
11058912,9.0,601,1,0,601,39,15.41025641025641,15.131927276345207,83.38484316090218,5.367054908485857,5.221297836938436,5.39783693843594
11071635,9.0,423,1,0,423,11,38.45454545454545,56.85964559254703,229.80320787550093,3.069976359338061,3.056028368794326,3.077777777777778
11071677,9.0,459,2,1,427,6,71.16666666666667,60.12663216135898,210.2289244676195,1.3105386416861826,1.3023419203747073,1.3653395784543325
11071727,9.0,411,1,0,411,8,51.375,43.39659166622926,170.03774624892796,2.90632603406326,2.855961070559611,3.5267639902676398
11071733,9.0,257,1,0,257,8,32.125,20.54190394910386,64.37024327429289,2.7299610894941635,2.7217898832684826,2.7568093385214008
11071965,9.0,535,4,3,431,16,26.9375,66.5577507389302,241.85350265010942,2.0250580046403712,2.0238979118329463,2.1496519721577725
11092058,9.0,446,1,1,397,11,36.09090909090909,58.642643679832595,256.85620012607563,3.161460957178841,3.1546599496221663,3.2559193954659946
11092072,9.0,247,1,0,247,16,15.4375,14.250991809306509,53.84396506223313,3.7781376518218623,3.761943319838057,5.1485829959514176
4300268,9.0,961,5,5,439,13,33.76923076923077,32.94008261053246,102.55935557542934,2.8248291571753983,2.5316628701594537,2.854897494305239
4303167,9.0,610,4,3,503,13,38.69230769230769,38.063335520414746,115.7696897930536,1.6244532803180916,1.6204771371769384,1.6335984095427436
4303201,9.0,600,1,0,600,33,18.181818181818183,19.792966725989476,125.11379402149649,4.7988333333333335,4.535166666666666,6.092666666666666
4326816,9.0,606,6,6,373,19,19.63157894736842,17.285252423750972,77.91394915220629,3.573994638069705,3.561930294906166,3.5804289544235925
4453473,9.0,610,2,1,577,27,21.37037037037037,72.84361086857533,259.5485470921057,2.652859618717504,2.605372616984402,4.978856152512998
4636267,9.0,624,5,4,438,18,24.333333333333332,21.068467195134634,75.32346750112889,1.9070776255707762,1.8746575342465754,1.9134703196347032
4652239,9.0,601,4,3,481,18,26.72222222222222,26.337045269246016,126.04616503938539,2.4519750519750523,2.04989604989605,2.555925155925156
4660369,9.0,640,2,1,608,26,23.384615384615383,33.16030481369702,160.63605688735248,3.6338815789473684,3.580098684210526,4.046875
4748312,9.0,624,5,4,418,10,41.8,45.324972074580366,155.83039118940323,0.7313397129186603,0.7229665071770335,0.788755980861244
4748313,9.0,770,5,4,528,22,24.0,30.04154028104734,149.50491511941294,2.185037878787879,2.1700757575757574,2.2638257575757574
4779685,9.0,669,6,5,397,22,18.045454545454547,14.844478178616386,103.37663704878372,2.2236775818639796,2.2045340050377833,2.2408060453400505
4792372,9.0,609,3,3,468,9,52.0,42.717776943313694,155.0430398719643,1.2794871794871794,1.1756410256410257,1.4694444444444446
4793806,9.0,609,2,1,556,14,39.714285714285715,32.87588412631454,131.40659595369604,2.731834532374101,2.7305755395683455,3.4160071942446044
4798549,9.0,661,6,5,471,25,18.84,12.780593800556963,109.31950463193047,2.5636942675159236,2.543736730360934,2.5639065817409765
4944723,9.0,650,5,5,449,14,32.07142857142857,23.89588810512047,94.55477653553352,1.5516703786191537,1.5202672605790646,1.6641425389755011
4981908,9.0,251,1,0,251,4,62.75,103.13707121137882,231.0615049495124,1.749003984063745,1.7394422310756974,1.7557768924302788
5084249,9.0,600,1,0,600,21,28.571428571428573,46.38567747025158,306.09847681685676,5.302833333333333,4.399666666666667,6.525166666666666
5133027,9.0,628,4,4,444,19,23.36842105263158,25.958504887076955,140.9739636983234,3.3335585585585585,3.0364864864864867,4.622747747747748
5285957,9.0,387,2,1,352,7,50.285714285714285,27.56876675496702,140.22983996423613,2.4261363636363638,2.138352272727273,3.0551136363636364
5286334,9.0,342,1,0,342,15,22.8,18.144480070345164,81.99466553299006,3.385672514619883,3.3771929824561404,3.391812865497076
5395622,9.0,231,2,1,196,12,16.333333333333332,25.412792738330804,118.19185948268692,2.9433673469387753,2.901530612244898,2.947448979591837
5538668,9.0,617,1,0,617,40,15.425,10.658559999525439,103.61570576985979,5.676661264181523,5.291572123176661,6.020097244732577
5670672,9.0,264,3,3,121,6,20.166666666666668,4.789613501193061,11.824371031541965,0.7462809917355372,0.7446280991735537,0.7495867768595041
5729758,9.0,253,1,0,253,3,84.33333333333333,90.1072673517754,222.70602102417766,1.814624505928854,1.4980237154150198,1.8960474308300395
5763820,9.0,989,3,4,447,17,26.294117647058822,50.83691902727527,186.07671362267234,1.9809843400447427,1.9711409395973154,1.9879194630872483
5917923,9.0,272,1,0,272,16,17.0,10.819884495973051,38.04638965337639,3.7099264705882353,3.6867647058823527,3.7261029411764706
5936666,9.0,602,3,2,536,14,38.285714285714285,23.012181015438607,95.56885005078354,1.916231343283582,1.9044776119402984,1.9326492537313436
6014730,9.0,219,1,0,219,2,109.5,92.47101103424123,178.71555917864254,0.6945205479452055,0.6940639269406392,0.6945205479452055
6051512,9.0,601,2,1,565,26,21.73076923076923,56.21300162569012,269.14302447311917,2.296991150442478,2.2709734513274333,2.3100884955752212
6053686,9.0,602,1,0,602,32,18.8125,28.70804131126963,191.55424403598548,4.522259136212624,4.406810631229236,4.805315614617941
6171971,9.0,372,2,1,333,20,16.65,20.03768557757945,120.62100583798441,3.4354354354354353,3.4108108108108106,3.4621621621621625
6172561,9.0,239,2,2,173,6,28.833333333333332,32.535567718463035,106.22054390010531,1.6416184971098267,1.5878612716763005,1.6439306358381502
6357847,9.0,716,7,6,442,18,24.555555555555557,46.37863956138745,247.3345416642329,2.1226244343891403,2.116289592760181,2.1445701357466063
6358495,9.0,308,2,1,263,6,43.833333333333336,83.63371182701239,204.00994688627952,1.2665399239543726,1.2634980988593156,1.3422053231939164
6422329,9.0,269,2,1,237,7,33.857142857142854,18.8872633565574,88.70006067683103,3.7569620253164557,3.186497890295359,3.8253164556962025
6547817,9.0,320,1,1,287,5,57.4,22.878504619038356,80.72355288669036,2.933449477351916,2.413937282229965,3.760975609756098
6547822,9.0,341,5,4,175,11,15.909090909090908,14.436861254170463,58.26667115666396,1.0737142857142858,1.070857142857143,1.1177142857142857
6756778,9.0,498,4,4,352,8,44.0,57.411592491327546,178.49231284154746,0.709659090909091,0.7090909090909091,0.7275568181818183
6896919,9.0,619,4,3,521,27,19.296296296296298,8.558706485501935,38.5270211480233,3.3725527831094047,3.334165067178503,3.7790786948176587
6920600,9.0,225,1,0,225,4,56.25,30.786350726383315,98.9192726428137,1.8555555555555556,1.8519999999999999,1.8613333333333333
6922501,9.0,273,3,3,175,8,21.875,20.465843601047414,100.14439005683815,1.3542857142857143,1.3417142857142859,1.3828571428571428
6922622,9.0,453,1,0,453,19,23.842105263157894,28.892032601931806,90.88361253120937,3.91523178807947,3.886092715231788,4.376379690949228
6941418,9.0,282,3,2,210,7,30.0,78.84161976078352,160.79967662204743,0.74,0.7380952380952381,0.748095238095238
6984632,9.0,617,2,1,576,19,30.31578947368421,22.563770651798766,74.39356169164883,5.334027777777778,3.875347222222222,6.748958333333333
7555066,9.0,339,1,0,339,7,48.42857142857143,25.88696612307092,104.48490956439417,2.3858407079646016,2.382005899705015,2.4584070796460176
7557391,9.0,302,1,0,302,6,50.333333333333336,41.109210326951406,125.03640855839512,3.9996688741721855,3.9655629139072843,4.099006622516557
7563440,9.0,591,1,0,591,9,65.66666666666667,46.23776405178442,207.67378060366573,2.9047377326565145,2.7944162436548226,3.3489001692047378
7564587,9.0,242,2,1,195,10,19.5,29.890356870890734,114.78538137322768,2.1656410256410257,2.1656410256410257,2.203076923076923
7583768,9.0,236,2,1,200,11,18.181818181818183,22.31482626474373,109.64830180971572,2.481,2.458,2.5625
7598344,9.0,219,1,0,219,3,73.0,33.11047614540647,95.20547527736721,1.5561643835616439,1.4949771689497715,2.798630136986301
7613495,9.0,612,2,1,574,18,31.88888888888889,18.011995847067055,94.1612989980847,3.3426829268292684,3.0921602787456446,3.5036585365853656
7613518,9.0,285,3,3,178,11,16.181818181818183,27.744679766902046,101.51577038800006,1.801685393258427,1.797752808988764,1.8859550561797753
7613731,9.0,271,2,2,200,6,33.333333333333336,21.7449385057696,63.80701524143519,2.5295,2.2,2.556
7691124,9.0,255,2,1,217,8,27.125,47.68920223889852,179.73081699918214,2.004147465437788,1.980184331797235,2.0202764976958525
7691163,9.0,301,5,4,169,14,12.071428571428571,38.274077386698096,121.24348180175728,1.496449704142012,1.4893491124260354,1.4976331360946746
7691232,9.0,601,1,0,601,48,12.520833333333334,22.067727113382418,197.49521039771295,4.589018302828619,4.517470881863561,4.645757071547421
7691423,9.0,303,1,0,303,3,101.0,90.8378397618038,273.4584056740712,1.5867986798679867,1.5630363036303632,1.6
7691435,9.0,343,1,0,343,7,49.0,30.76789631820073,170.75349813172295,3.439067055393586,3.4195335276967933,3.8346938775510204
7691520,9.0,608,4,3,511,11,46.45454545454545,97.68016779269122,273.2890509603233,1.3240704500978473,1.3117416829745596,1.340508806262231
7691542,9.0,368,2,1,332,11,30.181818181818183,22.222219881487803,73.47053266701127,2.283132530120482,2.1454819277108435,2.3590361445783135
7691885,9.0,251,1,0,251,6,41.833333333333336,57.14946952428924,166.93299718842368,2.422709163346614,2.4215139442231073,3.0796812749003983
7691909,9.0,624,4,3,505,21,24.047619047619047,24.44969106122849,146.3409520557371,2.4863366336633663,2.462178217821782,2.8819801980198023
7795968,9.0,252,1,1,188,4,47.0,42.625095416538436,118.98250970108695,1.551595744680851,1.547872340425532,1.5691489361702127
7797310,9.0,601,1,0,601,48,12.520833333333334,11.300642950782771,81.64603739290455,5.322462562396007,5.252579034941764,6.62828618968386
7799046,9.0,454,2,1,422,10,42.2,43.83951302305029,176.9126531680886,4.635308056872038,3.441706161137441,4.675829383886256
7799135,9.0,329,2,1,293,7,41.857142857142854,44.209664147074704,148.05909448897148,1.5965870307167236,1.5945392491467576,1.6034129692832766
7799180,9.0,645,8,7,398,20,19.9,23.73775562469645,107.18707787139023,1.5866834170854272,1.586180904522613,1.5934673366834171
7799209,9.0,525,2,1,493,10,49.3,30.928056425639184,106.5406350150179,2.1677484787018257,2.1511156186612577,2.176267748478702
7799211,9.0,232,3,2,149,9,16.555555555555557,16.793913456562866,52.952413332795416,1.3711409395973155,1.3691275167785235,1.3718120805369127
7799420,9.0,317,2,2,245,8,30.625,19.992590620544046,66.67101405580844,2.28734693877551,2.0281632653061226,2.4110204081632656
7799507,9.0,310,4,3,193,12,16.083333333333332,18.24401674745838,68.17106179385803,1.7212435233160621,1.717098445595855,1.7404145077720206
7852277,9.0,247,2,2,171,6,28.5,39.54584067513934,104.38325323514735,1.4292397660818714,1.428654970760234,1.4339181286549707
7852403,9.0,290,2,1,259,5,51.8,27.531282760242288,89.95200602948063,1.3285714285714287,1.2965250965250965,1.3289575289575288
7852411,9.0,607,3,2,504,20,25.2,28.607101161816008,131.79699417302797,2.7615079365079365,2.725992063492064,2.8265873015873013
7852420,9.0,606,3,2,528,15,35.2,20.023362094593427,83.89270821359884,2.1729166666666666,2.157007575757576,2.1795454545454547
7852422,9.0,216,2,1,184,4,46.0,39.4979573265305,99.09067743993141,0.7755434782608696,0.7711956521739131,1.0559782608695654
7852445,9.0,307,2,1,259,5,51.8,50.71977109415964,121.67274390555193,1.0555984555984554,1.0544401544401545,1.0563706563706565
7852451,9.0,314,2,1,258,6,43.0,38.795504704100985,99.62232083903712,1.5775193798449612,1.4604651162790698,1.9248062015503877
8354596,9.0,385,1,0,385,10,38.5,32.49373913718249,75.75652534545962,2.551428571428571,2.5459740259740262,2.5623376623376624
10752853,10.0,615,1,0,615,24,25.625,71.84324503120806,247.38825703214854,3.5611382113821137,3.5469918699186995,3.8494308943089433
10752864,10.0,232,2,1,184,7,26.285714285714285,22.494630866741762,59.21975742405411,2.653260869565217,2.651086956521739,2.6869565217391305
10752951,10.0,610,1,0,610,31,19.677419354838708,25.009538012625203,190.87601909728724,4.834262295081968,4.819180327868852,5.594426229508197
10892045,10.0,323,2,1,275,7,39.285714285714285,29.448469381243612,83.51539322786823,2.0443636363636366,2.0378181818181815,2.0814545454545454
10934834,10.0,242,2,1,208,7,29.714285714285715,22.960980908253493,84.71139623224774,1.8129807692307693,1.8048076923076921,1.8442307692307693
10934933,10.0,423,2,1,391,6,65.16666666666667,41.09371581653261,126.38802888197448,1.2360613810741687,1.2355498721227622,1.2398976982097187
10935081,10.0,278,2,1,244,5,48.8,40.55599969669032,120.59131451090776,1.1188524590163935,1.0946721311475411,1.2024590163934425
10935136,10.0,308,1,1,258,3,86.0,61.41021629602962,138.36283216062105,1.968217054263566,1.5724806201550388,2.725968992248062
10935148,10.0,237,2,2,152,4,38.0,16.61107045189612,48.29752297059735,0.7098684210526316,0.7092105263157894,0.7144736842105263
10935358,10.0,636,4,3,526,19,27.68421052631579,26.4583195780811,122.2646190658222,2.513688212927757,2.2872623574144484,2.9000000000000004
10935638,10.0,228,1,0,228,4,57.0,58.1990607481123,112.67885165823557,1.5657894736842106,1.5530701754385965,1.642982456140351
10935844,10.0,607,1,0,607,28,21.678571428571427,37.49091815269588,210.77945204450305,5.0958813838550245,5.008731466227348,5.675453047775948
10969051,10.0,601,1,0,601,42,14.30952380952381,10.49699601898116,79.92763086022647,4.994342762063228,4.980532445923461,6.672878535773711
11058912,10.0,601,1,0,601,38,15.81578947368421,16.109006067151192,83.38484316090218,5.408985024958403,5.357737104825291,5.43144758735441
11071635,10.0,423,1,0,423,10,42.3,56.975500132209454,229.80320787550093,3.318439716312057,3.308983451536643,3.4125295508274234
11071677,10.0,459,2,1,427,6,71.16666666666667,60.12663216135898,210.2289244676195,1.396487119437939,1.3936768149882905,1.4283372365339577
11071727,10.0,411,1,0,411,8,51.375,43.39659166622926,170.03774624892796,3.021411192214112,2.981265206812652,3.0223844282238446
11071733,10.0,257,1,0,257,8,32.125,20.54190394910386,64.37024327429289,3.056420233463035,3.0089494163424124,3.349416342412451
11071965,10.0,535,4,3,431,16,26.9375,66.5577507389302,241.85350265010942,2.0651972157772622,2.0406032482598606,2.4201856148491876
11092058,10.0,446,1,1,397,10,39.7,59.14698263239585,256.85620012607563,2.8962216624685135,2.882367758186398,3.0196473551637277
11092072,10.0,247,1,0,247,16,15.4375,14.250991809306509,53.84396506223313,3.5635627530364373,3.5619433198380563,3.574493927125506
4300268,10.0,961,5,5,439,13,33.76923076923077,32.94008261053246,102.55935557542934,1.3956719817767655,1.3216400911161732,2.4389521640091116
4303167,10.0,610,4,3,503,12,41.916666666666664,38.28104066781008,115.7696897930536,1.5630218687872763,1.5548707753479125,1.5705765407554673
4303201,10.0,600,1,0,600,33,18.181818181818183,19.792966725989476,125.11379402149649,4.731,4.684,4.9031666666666665
4326816,10.0,606,6,6,373,18,20.72222222222222,17.753482325180737,77.91394915220629,1.5428954423592494,1.5372654155495977,1.5509383378016086
4453473,10.0,610,2,1,577,25,23.08,74.2774071431192,290.27470306189866,2.4415944540727903,2.158752166377816,2.7967071057192374
4636267,10.0,624,5,4,438,17,25.764705882352942,21.42183556111718,75.32346750112889,1.8577625570776257,1.849771689497717,1.8700913242009134
4652239,10.0,601,4,3,481,17,28.294117647058822,28.42845607120229,126.04616503938539,1.9022869022869022,1.8937629937629936,1.9353430353430352
4660369,10.0,640,2,1,608,24,25.333333333333332,33.385245089604965,160.63605688735248,4.819243421052631,3.6955592105263158,5.099671052631579
4748312,10.0,624,5,4,418,10,41.8,45.324972074580366,155.83039118940323,1.2141148325358853,1.0239234449760766,1.4696172248803827
4748313,10.0,770,5,4,528,21,25.142857142857142,30.095325281906124,149.50491511941294,2.3571969696969695,2.355681818181818,2.38655303030303
4779685,10.0,669,6,5,397,22,18.045454545454547,14.844478178616386,103.37663704878372,2.5596977329974813,2.4367758186397985,4.1047858942065485
4792372,10.0,609,3,3,468,9,52.0,42.717776943313694,155.0430398719643,1.083119658119658,1.0681623931623931,1.1055555555555554
4793806,10.0,609,2,1,556,13,42.76923076923077,33.02998873284605,131.40659595369604,2.9902877697841723,2.609892086330935,3.065827338129496
4798549,10.0,661,6,5,471,23,20.47826086956522,13.054544480330636,109.31950463193047,2.218471337579618,2.177707006369427,2.3424628450106155
4944723,10.0,650,5,5,449,13,34.53846153846154,22.805166052302088,86.63484835565824,1.230512249443207,1.2293986636971046,1.2394209354120267
4981908,10.0,251,1,0,251,4,62.75,103.13707121137882,231.0615049495124,1.7302788844621515,1.7243027888446216,1.7334661354581675
5084249,10.0,600,1,0,600,20,30.0,46.7716522222558,306.09847681685676,4.310833333333333,4.264833333333334,5.1113333333333335
5133027,10.0,628,4,4,444,17,26.11764705882353,26.332416934420806,140.9739636983234,2.7054054054054055,2.697522522522523,3.0252252252252254
5285957,10.0,387,2,1,352,7,50.285714285714285,27.56876675496702,140.22983996423613,1.6875,1.6767045454545455,1.688068181818182
5286334,10.0,342,1,0,342,14,24.428571428571427,18.238789567620035,81.99466553299006,3.5347953216374273,3.4324561403508773,4.208187134502924
5395622,10.0,231,2,1,196,12,16.333333333333332,25.412792738330804,118.19185948268692,2.7515306122448977,2.7479591836734696,3.045918367346939
5538668,10.0,617,1,0,617,38,16.236842105263158,10.818439988735857,103.61570576985979,5.313938411669367,5.060129659643436,6.027714748784441
5670672,10.0,264,3,3,121,6,20.166666666666668,4.789613501193061,11.824371031541965,0.7272727272727273,0.7264462809917356,0.728099173553719
5729758,10.0,253,1,0,253,3,84.33333333333333,90.1072673517754,222.70602102417766,1.4612648221343874,1.458893280632411,1.4612648221343874
5763820,10.0,989,3,4,447,17,26.294117647058822,50.83691902727527,186.07671362267234,1.928187919463087,1.913199105145414,1.9870246085011187
5917923,10.0,272,1,0,272,16,17.0,10.819884495973051,38.04638965337639,3.833455882352941,3.801470588235294,3.8404411764705877
5936666,10.0,602,3,2,536,14,38.285714285714285,23.012181015438607,95.56885005078354,2.0292910447761194,1.9919776119402985,2.1561567164179105
6014730,10.0,219,1,0,219,2,109.5,92.47101103424123,178.71555917864254,0.7442922374429224,0.7442922374429224,0.7461187214611873
6051512,10.0,601,2,1,565,24,23.541666666666668,56.5633938342123,269.14302447311917,2.7676106194690266,2.5929203539823007,2.845840707964602
6053686,10.0,602,1,0,602,30,20.066666666666666,29.073577540232748,191.55424403598548,4.622259136212625,4.609302325581396,4.7548172757475085
6171971,10.0,372,2,1,333,20,16.65,20.03768557757945,120.62100583798441,3.5351351351351354,3.3210210210210214,3.6813813813813816
6172561,10.0,239,2,2,173,6,28.833333333333332,32.535567718463035,106.22054390010531,1.7161849710982657,1.4670520231213873,1.8601156069364162
6357847,10.0,716,7,6,442,18,24.555555555555557,46.37863956138745,247.3345416642329,2.3113122171945704,2.1126696832579186,2.3502262443438915
6358495,10.0,308,2,1,263,6,43.833333333333336,83.63371182701239,204.00994688627952,1.2266159695817491,1.226235741444867,1.2269961977186312
6422329,10.0,269,2,1,237,6,39.5,20.298775022581204,88.70006067683103,1.4362869198312236,1.4358649789029536,1.4957805907172996
6547817,10.0,320,1,1,287,4,71.75,22.901647436310494,80.72355288669036,2.028571428571429,2.0278745644599305,2.4348432055749125
6547822,10.0,341,5,4,175,11,15.909090909090908,14.436861254170463,58.26667115666396,1.0942857142857143,1.0914285714285714,1.0965714285714285
6756778,10.0,498,4,4,352,8,44.0,57.411592491327546,178.49231284154746,0.7241477272727272,0.7232954545454545,0.7335227272727273
6896919,10.0,619,4,3,521,27,19.296296296296298,8.558706485501935,38.5270211480233,3.361228406909789,3.3550863723608444,3.3952015355086376
6920600,10.0,225,1,0,225,4,56.25,30.786350726383315,98.9192726428137,1.8986666666666667,1.8973333333333333,1.9804444444444445
6922501,10.0,273,3,3,175,8,21.875,20.465843601047414,100.14439005683815,1.3977142857142857,1.3908571428571428,1.461142857142857
6922622,10.0,453,1,0,453,19,23.842105263157894,28.892032601931806,90.88361253120937,4.28962472406181,4.249006622516556,4.590286975717439
6941418,10.0,282,3,2,210,6,35.0,79.03776130314105,160.79967662204743,1.036190476190476,0.97,1.4257142857142857
6984632,10.0,617,2,1,576,18,32.0,22.743790402490138,74.39356169164883,3.8140625000000004,3.4847222222222225,4.336979166666667
7555066,10.0,339,1,0,339,7,48.42857142857143,25.88696612307092,104.48490956439417,2.9563421828908556,2.497345132743363,3.06165191740413
7557391,10.0,302,1,0,302,6,50.333333333333336,41.109210326951406,125.03640855839512,2.3397350993377484,2.3380794701986756,2.412582781456954
7563440,10.0,591,1,0,591,9,65.66666666666667,46.23776405178442,207.67378060366573,3.4272419627749575,2.855160744500846,3.707445008460237
7564587,10.0,242,2,1,195,9,21.666666666666668,30.044158987033846,114.78538137322768,2.0487179487179485,2.045128205128205,2.0953846153846154
7583768,10.0,236,2,1,200,11,18.181818181818183,22.31482626474373,109.64830180971572,2.508,2.5065,2.533
7598344,10.0,219,1,0,219,3,73.0,33.11047614540647,95.20547527736721,2.1881278538812783,2.0671232876712327,2.375342465753425
7613495,10.0,612,2,1,574,18,31.88888888888889,18.011995847067055,94.1612989980847,3.2132404181184673,3.1677700348432056,3.3588850174216027
7613518,10.0,285,3,3,178,11,16.181818181818183,27.744679766902046,101.51577038800006,1.8516853932584272,1.85,1.8859550561797753
7613731,10.0,271,2,2,200,6,33.333333333333336,21.7449385057696,63.80701524143519,1.579,1.5675,1.581
7691124,10.0,255,2,1,217,6,36.166666666666664,50.25060484161929,137.15276814185353,1.4737327188940093,1.4691244239631336,1.4820276497695855
7691163,10.0,301,5,4,169,14,12.071428571428571,38.274077386698096,121.24348180175728,1.4905325443786983,1.48698224852071,1.4911242603550297
7691232,10.0,601,1,0,601,46,13.065217391304348,22.167818960854184,197.49521039771295,4.727787021630616,4.437603993344426,4.8286189683860234
7691423,10.0,303,1,0,303,3,101.0,90.8378397618038,273.4584056740712,1.6042904290429043,1.577887788778878,1.6062706270627063
7691435,10.0,343,1,0,343,6,57.166666666666664,37.08802221782432,170.75349813172295,3.057725947521866,3.046064139941691,3.381632653061225
7691520,10.0,608,4,3,511,11,46.45454545454545,97.68016779269122,273.2890509603233,1.3172211350293543,1.3148727984344422,1.3221135029354207
7691542,10.0,368,2,1,332,9,36.888888888888886,23.508082330679063,73.47053266701127,2.028313253012048,2.0186746987951807,2.0451807228915664
7691885,10.0,251,1,0,251,5,50.2,56.92178574217975,166.93299718842368,2.5338645418326693,2.4780876494023905,2.543824701195219
7691909,10.0,624,4,3,505,21,24.047619047619047,24.44969106122849,146.3409520557371,2.806732673267327,2.6631683168316833,3.3586138613861385
7795968,10.0,252,1,1,188,4,47.0,42.625095416538436,118.98250970108695,1.6164893617021276,1.6079787234042553,3.0180851063829786
7797310,10.0,601,1,0,601,47,12.787234042553191,11.349016016006251,81.64603739290455,9.096505823627288,5.516139767054908,9.9630615640599
7799046,10.0,454,2,1,422,10,42.2,43.83951302305029,176.9126531680886,2.4402843601895734,2.2786729857819905,2.6016587677725123
7799135,10.0,329,2,1,293,7,41.857142857142854,44.209664147074704,148.05909448897148,1.5880546075085324,1.5726962457337885,1.6023890784982935
7799180,10.0,645,8,7,398,20,19.9,23.73775562469645,107.18707787139023,1.5826633165829145,1.572361809045226,1.5944723618090453
7799209,10.0,525,2,1,493,10,49.3,30.928056425639184,106.5406350150179,2.099188640973631,2.0900608519269777,2.1004056795131847
7799211,10.0,232,3,2,149,9,16.555555555555557,16.793913456562866,52.952413332795416,1.5395973154362417,1.3758389261744965,2.4791946308724833
7799420,10.0,317,2,2,245,7,35.0,17.153831186914438,60.52692726426016,1.6522448979591837,1.6073469387755102,1.6640816326530612
7799507,10.0,310,4,3,193,11,17.545454545454547,18.45610390184274,68.17106179385803,1.7227979274611398,1.6528497409326426,1.8259067357512953
7852277,10.0,247,2,2,171,6,28.5,39.54584067513934,104.38325323514735,1.4058479532163743,1.4035087719298245,1.5157894736842104
7852403,10.0,290,2,1,259,5,51.8,27.531282760242288,89.95200602948063,0.97992277992278,0.9783783783783784,0.9822393822393822
7852411,10.0,607,3,2,504,20,25.2,28.607101161816008,131.79699417302797,2.847420634920635,2.7589285714285716,3.272619047619048
7852420,10.0,606,3,2,528,15,35.2,20.023362094593427,83.89270821359884,2.1465909090909094,2.1170454545454547,2.1613636363636366
7852422,10.0,216,2,1,184,4,46.0,39.4979573265305,99.09067743993141,1.6657608695652173,1.659782608695652,1.6788043478260868
7852445,10.0,307,2,1,259,5,51.8,50.71977109415964,121.67274390555193,1.123938223938224,1.1216216216216217,1.1243243243243244
7852451,10.0,314,2,1,258,6,43.0,38.795504704100985,99.62232083903712,1.438372093023256,1.435658914728682,1.449612403100775
8354596,10.0,385,1,0,385,9,42.77777777777778,32.59294350630591,75.75652534545962,2.602597402597403,2.601298701298701,2.7651948051948048
10752853,15.0,615,1,0,615,21,29.285714285714285,72.2083556214321,247.38825703214854,3.387479674796748,3.382439024390244,3.4508943089430897
10752864,15.0,232,2,1,184,5,36.8,25.065030670836208,65.35958363924762,1.4913043478260868,1.4885869565217391,1.4918478260869565
10752951,15.0,610,1,0,610,25,24.4,27.145462814995724,190.87601909728724,4.654754098360656,4.630491803278688,4.835901639344263
10892045,15.0,323,2,1,275,6,45.833333333333336,36.30797276867239,127.50341316955807,1.678909090909091,1.678909090909091,1.6890909090909092
10934834,15.0,242,2,1,208,6,34.666666666666664,23.32512401362749,84.7670678542005,1.4427884615384616,1.4408653846153845,1.4543269230769231
10934933,15.0,423,2,1,391,6,65.16666666666667,41.09371581653261,126.38802888197448,1.19846547314578,1.1797953964194374,1.2138107416879795
10935081,15.0,278,2,1,244,5,48.8,40.55599969669032,120.59131451090776,1.2807377049180328,1.056967213114754,1.9196721311475409
10935136,15.0,308,1,1,258,2,129.0,63.328125801396254,148.9432215779624,1.5108527131782947,1.5023255813953489,1.5263565891472868
10935148,15.0,237,2,2,152,4,38.0,16.61107045189612,48.29752297059735,1.2585526315789475,1.2256578947368422,1.5394736842105263
10935358,15.0,636,4,3,526,16,32.875,30.07222423546053,122.2646190658222,1.9245247148288973,1.9209125475285171,1.9471482889733842
10935638,15.0,228,1,0,228,3,76.0,58.87168411005367,112.67885165823557,1.4614035087719297,1.4574561403508772,1.4653508771929826
10935844,15.0,607,1,0,607,23,26.391304347826086,38.3339928439696,210.77945204450305,5.529489291598023,5.244481054365734,5.549752883031301
10969051,15.0,601,1,0,601,33,18.21212121212121,12.302050601297898,79.92763086022647,4.764725457570715,4.715474209650583,4.9858569051580695
11058912,15.0,601,1,0,601,28,21.464285714285715,18.20265379869134,83.38484316090218,5.006655574043261,4.892179700499168,5.792346089850249
11071635,15.0,423,1,0,423,9,47.0,57.28018333339298,229.80320787550093,3.1936170212765957,3.1858156028368794,3.194089834515366
11071677,15.0,459,2,1,427,6,71.16666666666667,60.12663216135898,210.2289244676195,1.3278688524590163,1.3243559718969555,1.3344262295081966
11071727,15.0,411,1,0,411,6,68.5,45.30915449566583,170.03774624892796,2.735523114355231,2.7343065693430657,2.7399026763990264
11071733,15.0,257,1,0,257,5,51.4,36.39895647720651,136.7528435235636,2.2202334630350196,2.217120622568093,2.272373540856031
11071965,15.0,535,4,3,431,13,33.15384615384615,79.2320828030903,434.93525796539325,1.593967517401392,1.5844547563805105,1.597679814385151
11092058,15.0,446,1,1,397,9,44.111111111111114,59.840086618296,256.85620012607563,2.7463476070528965,2.729219143576826,3.577329974811083
11092072,15.0,247,1,0,247,13,19.0,15.38773696434232,53.84396506223313,3.642105263157895,3.32914979757085,3.7874493927125505
4300268,15.0,961,5,5,439,12,36.583333333333336,33.08933652695365,102.55935557542934,1.2464692482915718,1.2323462414578588,1.2535307517084282
4303167,15.0,610,4,3,503,12,41.916666666666664,38.28104066781008,115.7696897930536,1.4403578528827037,1.434990059642147,1.476938369781312
4303201,15.0,600,1,0,600,29,20.689655172413794,20.252590180856174,125.11379402149649,4.342166666666667,4.101999999999999,4.828333333333333
4326816,15.0,606,6,6,373,17,21.941176470588236,18.365069000763384,79.16637802149832,1.4292225201072386,1.4193029490616622,1.4447721179624664
4453473,15.0,610,2,1,577,22,26.227272727272727,74.78525625204989,290.27470306189866,2.092374350086655,2.072270363951473,2.111785095320624
4636267,15.0,624,5,4,438,16,27.375,22.275411420490492,75.32346750112889,1.6757990867579908,1.6557077625570777,1.6815068493150684
4652239,15.0,601,4,3,481,13,37.0,30.40306417690496,123.21996622208485,1.4108108108108108,1.3885654885654886,1.5058212058212057
4660369,15.0,640,2,1,608,22,27.636363636363637,34.086573558721746,160.63605688735248,3.792434210526316,3.3082236842105264,4.705098684210526
4748312,15.0,624,5,4,418,10,41.8,45.324972074580366,155.83039118940323,0.714354066985646,0.7119617224880384,0.7258373205741626
4748313,15.0,770,5,4,528,20,26.4,30.5987076198051,149.50491511941294,2.3106060606060606,2.2602272727272728,2.3776515151515154
4779685,15.0,669,6,5,397,21,18.904761904761905,15.041436346198653,103.37663704878372,2.187153652392947,2.1750629722921913,2.196221662468514
4792372,15.0,609,3,3,468,8,58.5,42.987825823943396,155.0430398719643,1.1241452991452991,1.1151709401709402,1.1412393162393162
4793806,15.0,609,2,1,556,8,69.5,74.0007045013716,323.3401999510267,2.0053956834532376,1.9532374100719425,2.04136690647482
4798549,15.0,661,6,5,471,21,22.428571428571427,14.036266228984037,109.31950463193047,1.943312101910828,1.9235668789808917,1.978343949044586
4944723,15.0,650,5,5,449,11,40.81818181818182,33.60739992199302,98.53759527862758,0.8525612472160357,0.8521158129175948,0.8536748329621381
4981908,15.0,251,1,0,251,4,62.75,103.13707121137882,231.0615049495124,1.796812749003984,1.6828685258964142,2.192430278884462
5084249,15.0,600,1,0,600,18,33.333333333333336,46.946295282258305,306.09847681685676,4.353833333333333,4.100333333333333,4.385666666666666
5133027,15.0,628,4,4,444,16,27.75,26.428894042496076,140.9739636983234,2.484459459459459,2.4585585585585585,2.8934684684684684
5285957,15.0,387,2,1,352,7,50.285714285714285,27.56876675496702,140.22983996423613,1.6105113636363635,1.60625,1.6167613636363638
5286334,15.0,342,1,0,342,13,26.307692307692307,18.333552345076974,81.99466553299006,3.904970760233918,3.443859649122807,4.303801169590644
5395622,15.0,231,2,1,196,12,16.333333333333332,25.412792738330804,118.19185948268692,3.0678571428571426,3.05,3.907142857142857
5538668,15.0,617,1,0,617,33,18.696969696969695,11.698833270143384,103.61570576985979,5.831442463533225,5.481361426256078,6.091734197730956
5670672,15.0,264,3,3,121,6,20.166666666666668,4.789613501193061,11.824371031541965,0.7504132231404959,0.7495867768595041,0.7520661157024794
5729758,15.0,253,1,0,253,3,84.33333333333333,90.1072673517754,222.70602102417766,1.483794466403162,1.4723320158102766,1.4877470355731224
5763820,15.0,989,3,4,447,14,31.928571428571427,51.475196537738924,186.07671362267234,1.9360178970917226,1.909619686800895,1.9389261744966444
5917923,15.0,272,1,0,272,14,19.428571428571427,11.824346157176597,38.04638965337639,3.8419117647058822,3.715441176470588,4.443014705882353
5936666,15.0,602,3,2,536,12,44.666666666666664,23.195857603494414,95.56885005078354,2.0725746268656717,2.005223880597015,2.303731343283582
6014730,15.0,219,1,0,219,2,109.5,92.47101103424123,178.71555917864254,0.7511415525114156,0.7502283105022831,0.7520547945205479
6051512,15.0,601,2,1,565,21,26.904761904761905,57.559849924665805,269.14302447311917,2.2665486725663717,2.2483185840707964,2.2923893805309734
6053686,15.0,602,1,0,602,28,21.5,29.771090264249537,191.55424403598548,4.45514950166113,4.424086378737542,7.0197674418604645
6171971,15.0,372,2,1,333,17,19.58823529411765,21.470720770479456,120.62100583798441,3.190990990990991,3.081681681681682,3.360960960960961
6172561,15.0,239,2,2,173,6,28.833333333333332,32.535567718463035,106.22054390010531,1.6416184971098267,1.4208092485549133,1.870520231213873
6357847,15.0,716,7,6,442,16,27.625,58.293589008680975,283.7458503767072,1.5015837104072398,1.4914027149321267,1.5350678733031675
6358495,15.0,308,2,1,263,5,52.6,83.91950912666321,204.00994688627952,1.1566539923954373,1.1547528517110266,1.1589353612167301
6422329,15.0,269,2,1,237,6,39.5,20.298775022581204,88.70006067683103,1.4763713080168774,1.4675105485232067,1.521097046413502
6547817,15.0,320,1,1,287,3,95.66666666666667,26.05184076507463,75.12246820028355,1.4317073170731707,1.4317073170731707,1.4320557491289199
6547822,15.0,341,5,4,175,11,15.909090909090908,14.436861254170463,58.26667115666396,1.1834285714285715,1.1382857142857141,1.7165714285714284
6756778,15.0,498,4,4,352,8,44.0,57.411592491327546,178.49231284154746,0.7198863636363636,0.7173295454545454,0.743465909090909
6896919,15.0,619,4,3,521,26,20.03846153846154,8.689916040355097,38.5270211480233,3.6151631477927064,3.5132437619961614,3.6756238003838773
6920600,15.0,225,1,0,225,4,56.25,30.786350726383315,98.9192726428137,1.8733333333333333,1.8728888888888888,1.8853333333333333
6922501,15.0,273,3,3,175,7,25.0,26.215039242288793,100.14439005683815,1.1308571428571428,1.1302857142857143,1.1348571428571428
6922622,15.0,453,1,0,453,16,28.3125,32.489155996851835,90.88361253120937,3.666887417218543,3.658719646799117,3.705960264900662
6941418,15.0,282,3,2,210,6,35.0,79.03776130314105,160.79967662204743,0.7085714285714286,0.7076190476190476,0.71
6984632,15.0,617,2,1,576,16,36.0,23.07094453183897,74.39356169164883,3.330034722222222,3.261979166666667,3.558506944444444
7555066,15.0,339,1,0,339,6,56.5,26.500719774521556,104.48490956439417,2.1536873156342184,2.0132743362831858,2.1746312684365785
7557391,15.0,302,1,0,302,5,60.4,47.01615742368426,125.03640855839512,1.9917218543046358,1.985430463576159,2.3142384105960265
7563440,15.0,591,1,0,591,9,65.66666666666667,46.23776405178442,207.67378060366573,2.765651438240271,2.7529610829103217,3.1291032148900166
7564587,15.0,242,2,1,195,8,24.375,30.726018160560702,114.78538137322768,1.933846153846154,1.9333333333333333,1.958974358974359
7583768,15.0,236,2,1,200,10,20.0,22.84346127734611,109.64830180971572,2.6010000000000004,2.5645,2.612
7598344,15.0,219,1,0,219,3,73.0,33.11047614540647,95.20547527736721,1.6365296803652967,1.6205479452054794,1.939269406392694
7613495,15.0,612,2,1,574,16,35.875,19.033367568437434,94.1612989980847,3.257665505226481,3.1932055749128923,3.877526132404181
7613518,15.0,285,3,3,178,10,17.8,28.46845503734157,101.51577038800006,1.84438202247191,1.8348314606741574,1.8814606741573032
7613731,15.0,271,2,2,200,6,33.333333333333336,21.7449385057696,63.80701524143519,1.598,1.5959999999999999,1.6019999999999999
7691124,15.0,255,2,1,217,6,36.166666666666664,50.25060484161929,137.15276814185353,1.576036866359447,1.5064516129032257,2.6211981566820275
7691163,15.0,301,5,4,169,13,13.0,38.548340465323676,121.24348180175728,2.6568047337278107,2.6414201183431953,2.715384615384615
7691232,15.0,601,1,0,601,38,15.81578947368421,22.9516428620358,197.49521039771295,5.779700499168053,5.192845257903494,6.598835274542429
7691423,15.0,303,1,0,303,3,101.0,90.8378397618038,273.4584056740712,1.6567656765676568,1.6171617161716172,1.6811881188118811
7691435,15.0,343,1,0,343,6,57.166666666666664,37.08802221782432,170.75349813172295,2.991836734693878,2.8440233236151604,3.3317784256559766
7691520,15.0,608,4,3,511,10,51.1,97.91788370991402,273.2890509603233,1.1567514677103719,1.1373776908023485,1.1681017612524462
7691542,15.0,368,2,1,332,9,36.888888888888886,23.508082330679063,73.47053266701127,1.9707831325301204,1.892469879518072,2.206024096385542
7691885,15.0,251,1,0,251,4,62.75,60.26083607701359,182.51637350940436,1.6737051792828685,1.6625498007968127,1.745816733067729
7691909,15.0,624,4,3,505,19,26.57894736842105,24.767296763076164,146.3409520557371,2.216831683168317,2.1916831683168314,2.2956435643564355
7795968,15.0,252,1,1,188,3,62.666666666666664,42.76156687514074,118.98250970108695,1.4111702127659576,1.4074468085106384,1.4148936170212767
7797310,15.0,601,1,0,601,37,16.243243243243242,12.92835820160528,81.64603739290455,5.0905158069883525,4.926455906821964,5.787021630615641
7799046,15.0,454,2,1,422,8,52.75,44.84437787580995,176.9126531680886,2.140047393364929,2.1393364928909953,2.5831753554502366
7799135,15.0,329,2,1,293,5,58.6,46.74054074509503,148.05909448897148,1.7716723549488056,1.4648464163822525,2.2235494880546076
7799180,15.0,645,8,7,398,19,20.94736842105263,23.7480098769343,107.18707787139023,1.5773869346733667,1.5708542713567841,1.5796482412060302
7799209,15.0,525,2,1,493,9,54.77777777777778,31.03656746708893,106.5406350150179,2.129817444219067,2.1247464503042597,2.178296146044625
7799211,15.0,232,3,2,149,8,18.625,18.436339661868615,52.952413332795416,1.2181208053691275,1.2174496644295303,1.2201342281879195
7799420,15.0,317,2,2,245,7,35.0,17.153831186914438,60.52692726426016,1.6428571428571428,1.6073469387755102,1.6975510204081632
7799507,15.0,310,4,3,193,9,21.444444444444443,59.01612169125669,183.39527850688185,1.145077720207254,1.1430051813471502,1.1927461139896371
7852277,15.0,247,2,2,171,5,34.2,39.949959059305336,104.38325323514735,1.3935672514619883,1.3923976608187134,1.3941520467836257
7852403,15.0,290,2,1,259,4,64.75,31.217297359491603,89.95200602948063,1.2204633204633206,1.0664092664092664,1.2613899613899613
7852411,15.0,607,3,2,504,18,28.0,30.477737365128093,131.79699417302797,2.5424603174603178,2.528373015873016,2.654960317460317
7852420,15.0,606,3,2,528,13,40.61538461538461,20.279971115009797,83.89270821359884,1.9549242424242426,1.9543560606060608,1.9625000000000001
7852422,15.0,216,2,1,184,4,46.0,39.4979573265305,99.09067743993141,0.7690217391304348,0.7657608695652174,0.7717391304347826
7852445,15.0,307,2,1,259,5,51.8,50.71977109415964,121.67274390555193,1.2,1.0528957528957528,1.2223938223938224
7852451,15.0,314,2,1,258,6,43.0,38.795504704100985,99.62232083903712,1.346124031007752,1.3445736434108526,1.3465116279069766
8354596,15.0,385,1,0,385,9,42.77777777777778,32.59294350630591,75.75652534545962,2.366753246753247,2.3457142857142856,2.372207792207792
10752853,20.0,615,1,0,615,16,38.4375,73.42945490640008,247.38825703214854,3.176910569105691,3.1370731707317074,3.4393495934959346
10752864,20.0,232,2,1,184,5,36.8,25.065030670836208,65.35958363924762,1.672826086956522,1.548913043478261,1.7554347826086956
10752951,20.0,610,1,0,610,20,30.5,31.120008486988624,190.87601909728724,4.831639344262295,4.497540983606557,4.889672131147541
10892045,20.0,323,2,1,275,6,45.833333333333336,36.30797276867239,127.50341316955807,1.7494545454545456,1.7385454545454546,1.8112727272727274
10934834,20.0,242,2,1,208,6,34.666666666666664,23.32512401362749,84.7670678542005,1.6091346153846153,1.5504807692307692,1.8096153846153844
10934933,20.0,423,2,1,391,5,78.2,40.79578450851453,126.38802888197448,1.0736572890025575,1.067774936061381,1.0746803069053708
10935081,20.0,278,2,1,244,5,48.8,40.55599969669032,120.59131451090776,1.0938524590163934,1.0938524590163934,1.6245901639344262
10935136,20.0,308,1,1,258,2,129.0,63.328125801396254,148.9432215779624,1.4085271317829458,1.3949612403100775,1.4240310077519378
10935148,20.0,237,2,2,152,4,38.0,16.61107045189612,48.29752297059735,0.7486842105263157,0.7427631578947369,0.7532894736842105
10935358,20.0,636,4,3,526,16,32.875,30.07222423546053,122.2646190658222,2.0480988593155893,2.0292775665399243,2.179467680608365
10935638,20.0,228,1,0,228,3,76.0,58.87168411005367,112.67885165823557,1.518421052631579,1.513157894736842,1.5499999999999998
10935844,20.0,607,1,0,607,18,33.72222222222222,40.675394111834095,210.77945204450305,5.1807248764415155,4.687149917627677,5.226029654036243
10969051,20.0,601,1,0,601,29,20.724137931034484,13.104749715916258,79.92763086022647,4.756073211314476,4.52495840266223,5.23810316139767
11058912,20.0,601,1,0,601,24,25.041666666666668,23.8884033170089,107.34484887840884,4.836439267886855,4.54891846921797,5.338602329450915
11071635,20.0,423,1,0,423,9,47.0,57.28018333339298,229.80320787550093,3.1198581560283687,3.0900709219858156,3.6886524822695033
11071677,20.0,459,2,1,427,6,71.16666666666667,60.12663216135898,210.2289244676195,1.3016393442622949,1.2625292740046838,1.3878220140515223
11071727,20.0,411,1,0,411,6,68.5,45.30915449566583,170.03774624892796,2.5961070559610704,2.591970802919708,2.638929440389294
11071733,20.0,257,1,0,257,5,51.4,36.39895647720651,136.7528435235636,2.206614785992218,2.106614785992218,2.2474708171206226
11071965,20.0,535,4,3,431,13,33.15384615384615,79.2320828030903,434.93525796539325,1.5893271461716938,1.58584686774942,1.6006960556844547
11092058,20.0,446,1,1,397,7,56.714285714285715,60.335337041465685,256.85620012607563,2.6735516372795973,2.6722921914357687,2.7010075566750626
11092072,20.0,247,1,0,247,10,24.7,25.629921214430507,104.22821785984273,3.825101214574899,3.065182186234818,4.625101214574899
4300268,20.0,961,5,5,439,12,36.583333333333336,33.08933652695365,102.55935557542934,1.2209567198177675,1.2077448747152622,1.2252847380410021
4303167,20.0,610,4,3,503,11,45.72727272727273,38.572224950903994,115.7696897930536,1.4266401590457256,1.4190854870775347,1.4558648111332007
4303201,20.0,600,1,0,600,22,27.272727272727273,23.493346094243357,125.11379402149649,4.1033333333333335,4.085666666666667,4.1626666666666665
4326816,20.0,606,6,6,373,17,21.941176470588236,18.365069000763384,79.16637802149832,1.5892761394101875,1.5546916890080429,1.8932975871313673
4453473,20.0,610,2,1,577,20,28.85,75.3099032489093,290.27470306189866,2.2532062391681107,2.2093587521663776,2.5538994800693238
4636267,20.0,624,5,4,438,16,27.375,22.275411420490492,75.32346750112889,2.1292237442922377,1.8917808219178083,2.328310502283105
4652239,20.0,601,4,3,481,11,43.72727272727273,31.288960591874112,123.21996622208485,1.2958419958419958,1.2896049896049895,1.2985446985446987
4660369,20.0,640,2,1,608,18,33.77777777777778,35.040988062095046,160.63605688735248,3.4850328947368423,3.4690789473684207,3.972697368421053
4748312,20.0,624,5,4,418,10,41.8,45.324972074580366,155.83039118940323,0.7583732057416268,0.749043062200957,0.7717703349282298
4748313,20.0,770,5,4,528,18,29.333333333333332,36.289821519422915,149.50491511941294,2.274242424242424,2.1914772727272727,2.628409090909091
4779685,20.0,669,6,5,397,20,19.85,15.508089711410273,103.37663704878372,2.2269521410579345,2.184382871536524,2.245088161209068
4792372,20.0,609,3,3,468,8,58.5,42.987825823943396,155.0430398719643,1.0858974358974358,1.0835470085470087,1.0858974358974358
4793806,20.0,609,2,1,556,8,69.5,74.0007045013716,323.3401999510267,2.039568345323741,1.958453237410072,2.110791366906475
4798549,20.0,661,6,5,471,19,24.789473684210527,15.528352330647143,109.31950463193047,1.9161358811040339,1.9006369426751593,1.9205944798301486
4944723,20.0,650,5,5,449,10,44.9,41.70096942032448,147.0569399845191,0.7574610244988864,0.7467706013363029,0.7681514476614699
4981908,20.0,251,1,0,251,4,62.75,103.13707121137882,231.0615049495124,1.7195219123505976,1.7123505976095619,2.7697211155378487
5084249,20.0,600,1,0,600,14,42.857142857142854,53.22391489253672,306.09847681685676,3.9105000000000003,3.720666666666667,4.260166666666667
5133027,20.0,628,4,4,444,14,31.714285714285715,38.050092352980855,140.9739636983234,2.4966216216216215,2.4407657657657658,2.6641891891891896
5285957,20.0,387,2,1,352,6,58.666666666666664,31.823819310001166,140.22983996423613,1.5417613636363638,1.499431818181818,1.6511363636363638
5286334,20.0,342,1,0,342,13,26.307692307692307,18.333552345076974,81.99466553299006,3.532748538011696,3.457017543859649,3.94766081871345
5395622,20.0,231,2,1,196,9,21.77777777777778,39.210368435556006,134.41368818365063,2.3173469387755103,2.2979591836734694,2.320408163265306
5538668,20.0,617,1,0,617,30,20.566666666666666,21.529192591700358,173.23349426960178,4.602106969205835,4.591085899513776,4.9735818476499185
5670672,20.0,264,3,3,121,6,20.166666666666668,4.789613501193061,11.824371031541965,0.7041322314049587,0.6983471074380165,0.752892561983471
5729758,20.0,253,1,0,253,3,84.33333333333333,90.1072673517754,222.70602102417766,1.4237154150197628,1.4023715415019764,1.5193675889328062
5763820,20.0,989,3,4,447,13,34.38461538461539,51.61371176196178,186.07671362267234,1.7646532438478746,1.752572706935123,1.7682326621923936
5917923,20.0,272,1,0,272,9,30.22222222222222,19.334135674025134,57.15977518890607,4.424632352941177,4.408088235294118,4.525735294117647
5936666,20.0,602,3,2,536,12,44.666666666666664,23.195857603494414,95.56885005078354,1.8822761194029851,1.8807835820895522,2.260634328358209
6014730,20.0,219,1,0,219,2,109.5,92.47101103424123,178.71555917864254,0.7579908675799086,0.7515981735159817,0.7812785388127854
6051512,20.0,601,2,1,565,18,31.38888888888889,58.16807107340673,269.14302447311917,2.3031858407079646,2.1913274336283184,2.7235398230088497
6053686,20.0,602,1,0,602,24,25.083333333333332,30.371634492155856,191.55424403598548,4.344850498338871,4.309634551495017,4.714950166112957
6171971,20.0,372,2,1,333,16,20.8125,22.603916269689233,126.24501313319429,2.9780780780780782,2.943243243243243,2.98978978978979
6172561,20.0,239,2,2,173,6,28.833333333333332,32.535567718463035,106.22054390010531,1.423699421965318,1.4173410404624276,1.545664739884393
6357847,20.0,716,7,6,442,16,27.625,58.293589008680975,283.7458503767072,1.4963800904977376,1.4882352941176469,1.5088235294117647
6358495,20.0,308,2,1,263,5,52.6,83.91950912666321,204.00994688627952,1.1813688212927755,1.179467680608365,1.1954372623574143
6422329,20.0,269,2,1,237,4,59.25,30.887901368630818,104.84232726720053,0.9139240506329114,0.9084388185654009,0.9793248945147679
6547817,20.0,320,1,1,287,3,95.66666666666667,26.05184076507463,75.12246820028355,1.6390243902439023,1.4317073170731707,1.6881533101045296
6547822,20.0,341,5,4,175,11,15.909090909090908,14.436861254170463,58.26667115666396,1.1017142857142859,1.0994285714285714,1.1045714285714285
6756778,20.0,498,4,4,352,8,44.0,57.411592491327546,178.49231284154746,0.7190340909090909,0.7142045454545455,0.7269886363636364
6896919,20.0,619,4,3,521,21,24.80952380952381,13.032272914135207,65.22830809717482,3.2355086372360846,3.2040307101727445,3.2595009596928985
6920600,20.0,225,1,0,225,4,56.25,30.786350726383315,98.9192726428137,1.999111111111111,1.999111111111111,2.017777777777778
6922501,20.0,273,3,3,175,7,25.0,26.215039242288793,100.14439005683815,1.2045714285714286,1.2028571428571428,1.2057142857142857
6922622,20.0,453,1,0,453,13,34.84615384615385,51.81713878974085,189.91751222929716,3.9624724061810155,3.6803532008830024,4.506181015452539
6941418,20.0,282,3,2,210,6,35.0,79.03776130314105,160.79967662204743,0.719047619047619,0.7152380952380952,0.7204761904761905
6984632,20.0,617,2,1,576,13,44.30769230769231,36.285304877377314,128.88231054717824,3.1097222222222225,3.0640625000000004,3.6241319444444446
7555066,20.0,339,1,0,339,6,56.5,26.500719774521556,104.48490956439417,2.2309734513274333,2.2176991150442475,2.2380530973451327
7557391,20.0,302,1,0,302,5,60.4,47.01615742368426,125.03640855839512,2.2519867549668873,2.2089403973509936,2.279139072847682
7563440,20.0,591,1,0,591,7,84.42857142857143,64.62389224574439,207.67378060366573,2.8934010152284264,2.5741116751269035,3.14585448392555
7564587,20.0,242,2,1,195,7,27.857142857142858,34.55573704574123,114.78538137322768,1.7953846153846156,1.7943589743589743,1.8092307692307692
7583768,20.0,236,2,1,200,10,20.0,22.84346127734611,109.64830180971572,2.423,2.3745,2.4345
7598344,20.0,219,1,0,219,3,73.0,33.11047614540647,95.20547527736721,1.4397260273972603,1.438812785388128,1.6013698630136985
7613495,20.0,612,2,1,574,16,35.875,19.033367568437434,94.1612989980847,3.0461672473867596,3.017247386759582,3.989024390243902
7613518,20.0,285,3,3,178,10,17.8,28.46845503734157,101.51577038800006,1.7584269662921348,1.756179775280899,1.7769662921348315
7613731,20.0,271,2,2,200,6,33.333333333333336,21.7449385057696,63.80701524143519,1.5290000000000001,1.5245,1.5294999999999999
7691124,20.0,255,2,1,217,6,36.166666666666664,50.25060484161929,137.15276814185353,2.4695852534562213,1.4861751152073732,2.7857142857142856
7691163,20.0,301,5,4,169,12,14.083333333333334,39.07428042972789,121.24348180175728,2.1923076923076925,1.6526627218934913,2.2934911242603553
7691232,20.0,601,1,0,601,30,20.033333333333335,25.24748418586952,197.49521039771295,4.322462562396007,4.100998336106489,4.599667221297837
7691423,20.0,303,1,0,303,3,101.0,90.8378397618038,273.4584056740712,1.5683168316831684,1.524092409240924,2.6313531353135313
7691435,20.0,343,1,0,343,6,57.166666666666664,37.08802221782432,170.75349813172295,2.893002915451895,2.877551020408163,2.91865889212828
7691520,20.0,608,4,3,511,10,51.1,97.91788370991402,273.2890509603233,1.2021526418786692,1.2021526418786692,1.4082191780821918
7691542,20.0,368,2,1,332,9,36.888888888888886,23.508082330679063,73.47053266701127,1.8701807228915661,1.8129518072289157,2.1225903614457833
7691885,20.0,251,1,0,251,4,62.75,60.26083607701359,182.51637350940436,1.6625498007968127,1.6529880478087648,1.6665338645418326
7691909,20.0,624,4,3,505,19,26.57894736842105,24.767296763076164,146.3409520557371,2.5297029702970297,2.3358415841584157,3.492871287128713
7795968,20.0,252,1,1,188,3,62.666666666666664,42.76156687514074,118.98250970108695,1.4287234042553192,1.4074468085106384,1.4430851063829788
7797310,20.0,601,1,0,601,30,20.033333333333335,14.944181537132847,81.64603739290455,4.9209650582362725,4.918302828618969,7.207820299500831
7799046,20.0,454,2,1,422,7,60.285714285714285,44.65414239251787,140.2157799149008,2.0229857819905215,2.0158767772511847,2.391706161137441
7799135,20.0,329,2,1,293,5,58.6,46.74054074509503,148.05909448897148,1.456655290102389,1.447098976109215,1.4638225255972694
7799180,20.0,645,8,7,398,19,20.94736842105263,23.7480098769343,107.18707787139023,1.587437185929648,1.5829145728643217,1.6482412060301508
7799209,20.0,525,2,1,493,9,54.77777777777778,31.03656746708893,106.5406350150179,2.237525354969574,2.1815415821501016,2.684584178498986
7799211,20.0,232,3,2,149,8,18.625,18.436339661868615,52.952413332795416,1.2503355704697987,1.2463087248322147,1.2583892617449663
7799420,20.0,317,2,2,245,7,35.0,17.153831186914438,60.52692726426016,1.6938775510204083,1.6714285714285715,1.7338775510204083
7799507,20.0,310,4,3,193,8,24.125,61.46488551817254,193.54571057760725,1.4891191709844558,1.4533678756476685,1.5932642487046633
7852277,20.0,247,2,2,171,4,42.75,68.89674198299815,149.28679038781013,1.327485380116959,1.2812865497076023,1.3666666666666667
7852403,20.0,290,2,1,259,4,64.75,31.217297359491603,89.95200602948063,0.7351351351351352,0.7293436293436294,0.7606177606177607
7852411,20.0,607,3,2,504,15,33.6,41.984553661276564,135.10079526111957,2.255952380952381,2.2523809523809524,2.3162698412698415
7852420,20.0,606,3,2,528,12,44.0,26.650066247957486,108.33998369055398,1.843939393939394,1.8431818181818183,1.8990530303030304
7852422,20.0,216,2,1,184,4,46.0,39.4979573265305,99.09067743993141,0.8309782608695653,0.7603260869565218,1.2309782608695652
7852445,20.0,307,2,1,259,5,51.8,50.71977109415964,121.67274390555193,1.0362934362934362,1.0277992277992278,1.0366795366795367
7852451,20.0,314,2,1,258,6,43.0,38.795504704100985,99.62232083903712,1.4003875968992248,1.3922480620155038,1.417829457364341
8354596,20.0,385,1,0,385,7,55.0,33.161081359261324,75.75652534545962,2.538961038961039,2.507012987012987,3.134805194805195
10752853,30.0,615,1,0,615,14,43.92857142857143,74.21963871057865,247.38825703214854,3.68390243902439,3.5900813008130084,4.645203252032521
10752864,30.0,232,2,1,184,4,46.0,98.76906793460819,247.94824496113037,0.7597826086956523,0.7576086956521739,0.7646739130434782
10752951,30.0,610,1,0,610,17,35.88235294117647,32.56571505878372,190.87601909728724,5.324426229508197,4.243114754098361,8.457540983606558
10892045,30.0,323,2,1,275,6,45.833333333333336,36.30797276867239,127.50341316955807,1.7578181818181817,1.7276363636363636,1.8109090909090908
10934834,30.0,242,2,1,208,6,34.666666666666664,23.32512401362749,84.7670678542005,1.5004807692307693,1.487019230769231,1.8692307692307693
10934933,30.0,423,2,1,391,5,78.2,40.79578450851453,126.38802888197448,1.0705882352941176,1.046547314578005,1.1058823529411763
10935081,30.0,278,2,1,244,5,48.8,40.55599969669032,120.59131451090776,1.006967213114754,0.9987704918032786,1.026639344262295
10935136,30.0,308,1,1,258,2,129.0,63.328125801396254,148.9432215779624,0.6794573643410853,0.6751937984496124,0.6825581395348836
10935148,30.0,237,2,2,152,4,38.0,16.61107045189612,48.29752297059735,0.6828947368421052,0.6802631578947369,0.6828947368421052
10935358,30.0,636,4,3,526,16,32.875,30.07222423546053,122.2646190658222,1.994296577946768,1.9589353612167302,2.112357414448669
10935638,30.0,228,1,0,228,2,114.0,44.61620870094502,87.07567128224514,0.7162280701754387,0.7118421052631579,0.7192982456140351
10935844,30.0,607,1,0,607,16,37.9375,42.08030940190273,210.77945204450305,4.919604612850082,4.627182866556836,7.3645799011532125
10969051,30.0,601,1,0,601,25,24.04,14.728383292983203,79.92763086022647,5.455407653910149,5.38585690515807,6.36738768718802
11058912,30.0,601,1,0,601,18,33.388888888888886,27.828699126050232,107.34484887840884,5.4267886855241265,4.133777038269551,6.374376039933444
11071635,30.0,423,1,0,423,9,47.0,57.28018333339298,229.80320787550093,4.882505910165485,3.1122931442080377,5.482978723404256
11071677,30.0,459,2,1,427,6,71.16666666666667,60.12663216135898,210.2289244676195,1.282903981264637,1.243559718969555,1.2903981264637003
11071727,30.0,411,1,0,411,6,68.5,45.30915449566583,170.03774624892796,3.130170316301703,2.7240875912408757,3.643065693430657
11071733,30.0,257,1,0,257,5,51.4,36.39895647720651,136.7528435235636,2.195330739299611,2.115953307392996,2.4287937743190664
11071965,30.0,535,4,3,431,13,33.15384615384615,79.2320828030903,434.93525796539325,1.808816705336427,1.680046403712297,2.0241299303944316
11092058,30.0,446,1,1,397,7,56.714285714285715,60.335337041465685,256.85620012607563,3.3811083123425694,2.716624685138539,4.533753148614609
11092072,30.0,247,1,0,247,8,30.875,27.05815739827305,104.22821785984273,3.182186234817814,2.731174089068826,3.4210526315789473
4300268,30.0,961,5,5,439,12,36.583333333333336,33.08933652695365,102.55935557542934,1.1252847380410023,1.1195899772209568,1.1455580865603645
4303167,30.0,610,4,3,503,11,45.72727272727273,38.572224950903994,115.7696897930536,1.8646123260437375,1.8208747514910537,2.1198807157057655
4303201,30.0,600,1,0,600,17,35.294117647058826,27.136859319758198,125.11379402149649,3.95,3.8833333333333333,4.040666666666667
4326816,30.0,606,6,6,373,17,21.941176470588236,18.365069000763384,79.16637802149832,1.5900804289544237,1.5327077747989277,2.560053619302949
4453473,30.0,610,2,1,577,15,38.46666666666667,79.18356032168633,290.27470306189866,2.332062391681109,2.0913344887348355,2.568804159445407
4636267,30.0,624,5,4,438,16,27.375,22.275411420490492,75.32346750112889,1.9226027397260275,1.9203196347031963,2.0773972602739725
4652239,30.0,601,4,3,481,10,48.1,33.40784052868271,123.21996622208485,1.298128898128898,1.2694386694386695,1.3047817047817047
4660369,30.0,640,2,1,608,18,33.77777777777778,35.040988062095046,160.63605688735248,3.6458881578947366,3.6197368421052634,4.800986842105263
4748312,30.0,624,5,4,418,10,41.8,45.324972074580366,155.83039118940323,0.8287081339712918,0.8229665071770335,0.838755980861244
4748313,30.0,770,5,4,528,16,33.0,42.238755033838615,149.50491511941294,2.01155303030303,1.9937500000000001,2.869128787878788
4779685,30.0,669,6,5,397,19,20.894736842105264,17.051226868202487,103.37663704878372,2.714357682619647,2.2468513853904284,2.804030226700252
4792372,30.0,609,3,3,468,7,66.85714285714286,53.07185525850989,166.62760218028703,0.8566239316239316,0.8553418803418804,0.8638888888888889
4793806,30.0,609,2,1,556,8,69.5,74.0007045013716,323.3401999510267,2.009892086330935,1.981115107913669,2.8715827338129496
4798549,30.0,661,6,5,471,19,24.789473684210527,15.528352330647143,109.31950463193047,2.1902335456475583,2.0089171974522295,3.045435244161359
4944723,30.0,650,5,5,449,10,44.9,41.70096942032448,147.0569399845191,0.6997772828507794,0.699109131403118,0.700890868596882
4981908,30.0,251,1,0,251,4,62.75,103.13707121137882,231.0615049495124,1.6776892430278885,1.6123505976095618,2.560956175298805
5084249,30.0,600,1,0,600,10,60.0,69.91572685099169,306.09847681685676,3.432166666666667,3.3688333333333333,3.5643333333333334
5133027,30.0,628,4,4,444,13,34.15384615384615,39.41644820479149,140.9739636983234,2.471621621621622,2.405855855855856,3.2533783783783785
5285957,30.0,387,2,1,352,6,58.666666666666664,31.823819310001166,140.22983996423613,3.2548295454545455,3.1892045454545452,3.2826704545454546
5286334,30.0,342,1,0,342,8,42.75,28.306289268960214,97.06895011968024,2.98859649122807,2.8552631578947367,3.22953216374269
5395622,30.0,231,2,1,196,8,24.5,40.25661878118403,134.41368818365063,2.1408163265306124,2.135204081632653,2.1683673469387754
5538668,30.0,617,1,0,617,20,30.85,46.24457370470328,272.7323577369775,4.524311183144246,4.4413290113452195,5.479254457050243
5670672,30.0,264,3,3,121,6,20.166666666666668,4.789613501193061,11.824371031541965,1.518181818181818,1.4983471074380166,1.5636363636363635
5729758,30.0,253,1,0,253,3,84.33333333333333,90.1072673517754,222.70602102417766,1.5877470355731225,1.5233201581027667,1.591304347826087
5763820,30.0,989,3,4,447,12,37.25,52.32243242109456,186.07671362267234,2.451901565995526,1.9118568232662192,2.9384787472035794
5917923,30.0,272,1,0,272,7,38.857142857142854,27.828440082662453,94.92137697342571,2.804411764705882,2.7205882352941178,2.876470588235294
5936666,30.0,602,3,2,536,12,44.666666666666664,23.195857603494414,95.56885005078354,1.959141791044776,1.9434701492537314,2.0192164179104477
6014730,30.0,219,1,0,219,2,109.5,92.47101103424123,178.71555917864254,0.7155251141552511,0.7105022831050228,0.730593607305936
6051512,30.0,601,2,1,565,14,40.357142857142854,62.399365263091134,269.14302447311917,2.0805309734513275,2.0467256637168143,2.1116814159292034
6053686,30.0,602,1,0,602,20,30.1,32.64662125350066,191.55424403598548,4.821594684385382,4.192691029900332,4.894019933554817
6171971,30.0,372,2,1,333,11,30.272727272727273,25.280712518500646,126.24501313319429,2.7672672672672673,2.7639639639639637,2.832132132132132
6172561,30.0,239,2,2,173,5,34.6,37.00545632068809,106.22054390010531,1.4265895953757226,1.4213872832369943,1.7190751445086705
6357847,30.0,716,7,6,442,16,27.625,58.293589008680975,283.7458503767072,1.6968325791855203,1.6773755656108598,1.7226244343891401
6358495,30.0,308,2,1,263,5,52.6,83.91950912666321,204.00994688627952,1.4167300380228138,1.3403041825095057,1.465399239543726
6422329,30.0,269,2,1,237,4,59.25,30.887901368630818,104.84232726720053,0.7611814345991561,0.7561181434599156,0.7687763713080168
6547817,30.0,320,1,1,287,3,95.66666666666667,26.05184076507463,75.12246820028355,1.5414634146341462,1.540766550522648,1.5508710801393728
6547822,30.0,341,5,4,175,11,15.909090909090908,14.436861254170463,58.26667115666396,1.1622857142857144,1.1617142857142857,1.1628571428571428
6756778,30.0,498,4,4,352,8,44.0,57.411592491327546,178.49231284154746,0.7698863636363636,0.765625,0.837215909090909
6896919,30.0,619,4,3,521,15,34.733333333333334,37.63849147284255,189.91554839981035,2.582725527831094,2.57447216890595,2.8813819577735127
6920600,30.0,225,1,0,225,4,56.25,30.786350726383315,98.9192726428137,1.8404444444444445,1.835111111111111,1.8466666666666667
6922501,30.0,273,3,3,175,7,25.0,26.215039242288793,100.14439005683815,1.1674285714285715,1.1645714285714286,1.2537142857142858
6922622,30.0,453,1,0,453,7,64.71428571428571,53.63045675742694,189.91751222929716,2.9512141280353203,2.926710816777042,3.0130242825607065
6941418,30.0,282,3,2,210,6,35.0,79.03776130314105,160.79967662204743,1.5671428571428572,1.535238095238095,1.5833333333333333
6984632,30.0,617,2,1,576,10,57.6,39.44865805361718,128.88231054717824,3.333854166666667,2.8723958333333335,3.5557291666666666
7555066,30.0,339,1,0,339,6,56.5,26.500719774521556,104.48490956439417,2.285250737463127,2.1982300884955754,2.3339233038348084
7557391,30.0,302,1,0,302,4,75.5,48.2991639463858,125.03640855839512,1.9509933774834438,1.9503311258278146,1.966887417218543
7563440,30.0,591,1,0,591,7,84.42857142857143,64.62389224574439,207.67378060366573,2.235363790186125,2.2346869712351944,2.2367174280879865
7564587,30.0,242,2,1,195,7,27.857142857142858,34.55573704574123,114.78538137322768,1.9266666666666665,1.8784615384615386,2.2051282051282053
7583768,30.0,236,2,1,200,10,20.0,22.84346127734611,109.64830180971572,2.362,2.31,2.3935
7598344,30.0,219,1,0,219,3,73.0,33.11047614540647,95.20547527736721,1.4794520547945205,1.4744292237442922,1.4808219178082191
7613495,30.0,612,2,1,574,16,35.875,19.033367568437434,94.1612989980847,3.5963414634146345,3.5777003484320558,3.785365853658537
7613518,30.0,285,3,3,178,9,19.77777777777778,29.620783238880545,101.51577038800006,1.7955056179775282,1.7926966292134834,1.7955056179775282
7613731,30.0,271,2,2,200,6,33.333333333333336,21.7449385057696,63.80701524143519,1.6105,1.599,1.839
7691124,30.0,255,2,1,217,6,36.166666666666664,50.25060484161929,137.15276814185353,1.5589861751152074,1.5516129032258064,2.2889400921658987
7691163,30.0,301,5,4,169,11,15.363636363636363,40.85913234550089,121.24348180175728,1.3254437869822486,1.288757396449704,1.33905325443787
7691232,30.0,601,1,0,601,25,24.04,28.952026660163014,197.49521039771295,4.184525790349418,4.163893510815308,4.220299500831947
7691423,30.0,303,1,0,303,3,101.0,90.8378397618038,273.4584056740712,1.9092409240924093,1.5313531353135315,2.6046204620462046
7691435,30.0,343,1,0,343,6,57.166666666666664,37.08802221782432,170.75349813172295,3.0300291545189504,3.0137026239067057,3.086880466472303
7691520,30.0,608,4,3,511,10,51.1,97.91788370991402,273.2890509603233,1.2250489236790607,1.2217221135029352,1.2266144814090019
7691542,30.0,368,2,1,332,7,47.42857142857143,35.954250859297325,120.68154171791144,1.6852409638554218,1.633433734939759,1.7295180722891568
7691885,30.0,251,1,0,251,4,62.75,60.26083607701359,182.51637350940436,2.292430278884462,1.699203187250996,3.359362549800797
7691909,30.0,624,4,3,505,17,29.705882352941178,28.735793601726193,146.3409520557371,2.245940594059406,2.206930693069307,2.6681188118811883
7795968,30.0,252,1,1,188,3,62.666666666666664,42.76156687514074,118.98250970108695,1.4755319148936168,1.475,1.4946808510638299
7797310,30.0,601,1,0,601,24,25.041666666666668,18.82586031415073,97.6264788687736,4.89783693843594,4.287188019966722,8.037104825291182
7799046,30.0,454,2,1,422,7,60.285714285714285,44.65414239251787,140.2157799149008,2.445734597156398,2.0139810426540286,2.459004739336493
7799135,30.0,329,2,1,293,5,58.6,46.74054074509503,148.05909448897148,1.4505119453924915,1.437542662116041,1.4532423208191128
7799180,30.0,645,8,7,398,19,20.94736842105263,23.7480098769343,107.18707787139023,1.57713567839196,1.5713567839195979,1.579899497487437
7799209,30.0,525,2,1,493,9,54.77777777777778,31.03656746708893,106.5406350150179,2.160446247464503,2.130020283975659,2.632657200811359
7799211,30.0,232,3,2,149,7,21.285714285714285,19.156271189229884,52.952413332795416,1.080536912751678,1.0751677852348993,1.085234899328859
7799420,30.0,317,2,2,245,6,40.833333333333336,18.492125095183027,61.6541686180291,2.6342857142857143,2.4261224489795916,2.6616326530612247
7799507,30.0,310,4,3,193,8,24.125,61.46488551817254,193.54571057760725,0.7352331606217617,0.7336787564766839,0.7383419689119171
7852277,30.0,247,2,2,171,4,42.75,68.89674198299815,149.28679038781013,0.7421052631578948,0.7397660818713451,0.743859649122807
7852403,30.0,290,2,1,259,4,64.75,31.217297359491603,89.95200602948063,1.4934362934362935,0.7741312741312741,1.7965250965250965
7852411,30.0,607,3,2,504,14,36.0,42.44710120030267,135.10079526111957,3.71984126984127,2.2817460317460316,4.392063492063492
7852420,30.0,606,3,2,528,11,48.0,31.908725763045553,108.33998369055398,1.7159090909090908,1.7087121212121212,2.268181818181818
7852422,30.0,216,2,1,184,4,46.0,39.4979573265305,99.09067743993141,0.7070652173913043,0.7032608695652174,0.7168478260869565
7852445,30.0,307,2,1,259,5,51.8,50.71977109415964,121.67274390555193,0.9667953667953668,0.9656370656370656,0.9694980694980695
7852451,30.0,314,2,1,258,6,43.0,38.795504704100985,99.62232083903712,1.314341085271318,1.3073643410852713,1.32015503875969
8354596,30.0,385,1,0,385,6,64.16666666666667,35.04633805082113,75.75652534545962,2.3046753246753244,2.2833766233766233,2.371168831168831
10752853,50.0,615,1,0,615,10,61.5,76.82448610580991,247.38825703214854,2.9039024390243906,2.8559349593495935,4.61219512195122
10752864,50.0,232,2,1,184,4,46.0,98.76906793460819,247.94824496113037,1.5711956521739132,1.5532608695652175,1.5739130434782609
10752951,50.0,610,1,0,610,13,46.92307692307692,120.93848908465174,566.4322821812247,3.6598360655737703,3.4363934426229505,3.694754098360656
10892045,50.0,323,2,1,275,6,45.833333333333336,36.30797276867239,127.50341316955807,2.885090909090909,2.686909090909091,3.3825454545454545
10934834,50.0,242,2,1,208,6,34.666666666666664,23.32512401362749,84.7670678542005,2.5149038461538464,2.1100961538461536,2.7990384615384616
10934933,50.0,423,2,1,391,5,78.2,40.79578450851453,126.38802888197448,1.414833759590793,1.2496163682864452,2.3910485933503836
10935081,50.0,278,2,1,244,5,48.8,40.55599969669032,120.59131451090776,1.1352459016393444,1.1340163934426228,1.139344262295082
10935136,50.0,308,1,1,258,2,129.0,63.328125801396254,148.9432215779624,0.7848837209302325,0.7844961240310078,0.7852713178294574
10935148,50.0,237,2,2,152,4,38.0,16.61107045189612,48.29752297059735,0.7763157894736842,0.7743421052631579,0.780921052631579
10935358,50.0,636,4,3,526,15,35.06666666666667,31.05487014577842,122.2646190658222,2.088593155893536,2.070152091254753,2.0891634980988596
10935638,50.0,228,1,0,228,2,114.0,44.61620870094502,87.07567128224514,0.7947368421052631,0.7929824561403509,0.8192982456140352
10935844,50.0,607,1,0,607,12,50.583333333333336,69.0011137438387,319.58864810316663,3.9245469522240524,3.8990115321252055,3.9426688632619435
10969051,50.0,601,1,0,601,20,30.05,19.292816379022888,84.23186332923052,4.983860232945092,4.535940099833611,5.128119800332779
11058912,50.0,601,1,0,601,15,40.06666666666667,37.37251961932109,111.30078169333662,4.302828618968386,4.15540765391015,4.659567387687188
11071635,50.0,423,1,0,423,9,47.0,57.28018333339298,229.80320787550093,5.606855791962174,3.089598108747045,6.393144208037826
11071677,50.0,459,2,1,427,6,71.16666666666667,60.12663216135898,210.2289244676195,1.285480093676815,1.2765807962529274,1.2892271662763466
11071727,50.0,411,1,0,411,6,68.5,45.30915449566583,170.03774624892796,2.670316301703163,2.651581508515815,2.6875912408759124
11071733,50.0,257,1,0,257,5,51.4,36.39895647720651,136.7528435235636,2.612062256809338,2.1766536964980543,4.144747081712063
11071965,50.0,535,4,3,431,11,39.18181818181818,82.44915301798514,434.93525796539325,1.5580046403712298,1.4473317865429234,1.6524361948955917
11092058,50.0,446,1,1,397,7,56.714285714285715,60.335337041465685,256.85620012607563,2.6926952141057936,2.6544080604534006,2.7853904282115867
11092072,50.0,247,1,0,247,7,35.285714285714285,32.2853507322553,104.22821785984273,2.6526315789473687,2.5919028340080974,2.691497975708502
4300268,50.0,961,5,5,439,12,36.583333333333336,33.08933652695365,102.55935557542934,1.1724373576309797,1.1687927107061504,1.1804100227790433
4303167,50.0,610,4,3,503,11,45.72727272727273,38.572224950903994,115.7696897930536,1.4634194831013918,1.4184890656063618,1.5178926441351888
4303201,50.0,600,1,0,600,15,40.0,33.55007084621882,125.11379402149649,3.7726666666666664,3.6984999999999997,3.846833333333333
4326816,50.0,606,6,6,373,17,21.941176470588236,18.365069000763384,79.16637802149832,1.4994638069705093,1.4991957104557643,1.5024128686327076
4453473,50.0,610,2,1,577,13,44.38461538461539,80.74847870474993,290.27470306189866,2.0043327556325825,1.9859618717504335,2.0150779896013864
4636267,50.0,624,5,4,438,15,29.2,28.676554844791216,98.66932549467644,1.851826484018265,1.8315068493150686,1.8723744292237443
4652239,50.0,601,4,3,481,10,48.1,33.40784052868271,123.21996622208485,1.2301455301455302,1.2257796257796258,1.2413721413721415
4660369,50.0,640,2,1,608,15,40.53333333333333,36.73828699499663,160.63605688735248,3.5447368421052627,3.4324013157894737,3.736842105263158
4748312,50.0,624,5,4,418,10,41.8,45.324972074580366,155.83039118940323,0.7614832535885168,0.7555023923444977,0.7636363636363636
4748313,50.0,770,5,4,528,15,35.2,43.391328523421706,149.50491511941294,1.9617424242424242,1.9450757575757576,2.562121212121212
4779685,50.0,669,6,5,397,16,24.8125,20.896886582478153,103.37663704878372,1.7471032745591941,1.73727959697733,1.7473551637279598
4792372,50.0,609,3,3,468,6,78.0,56.037638455266084,166.62760218028703,0.7591880341880343,0.7485042735042735,0.7602564102564103
4793806,50.0,609,2,1,556,8,69.5,74.0007045013716,323.3401999510267,2.027877697841727,1.9455035971223023,2.102517985611511
4798549,50.0,661,6,5,471,17,27.705882352941178,23.151474322247815,109.31950463193047,1.6452229299363057,1.623566878980892,1.932271762208068
4944723,50.0,650,5,5,449,10,44.9,41.70096942032448,147.0569399845191,0.712249443207127,0.7120267260579064,0.7149220489977728
4981908,50.0,251,1,0,251,3,83.66666666666667,104.88993334499256,231.0615049495124,1.4764940239043827,1.4637450199203186,1.4880478087649402
5084249,50.0,600,1,0,600,8,75.0,140.94230773113765,339.5806190220323,3.5816666666666666,3.427166666666667,3.6973333333333334
5133027,50.0,628,4,4,444,12,37.0,40.62659146115794,140.9739636983234,3.0265765765765766,2.863288288288288,3.9664414414414413
5285957,50.0,387,2,1,352,6,58.666666666666664,31.823819310001166,140.22983996423613,1.5471590909090909,1.5335227272727272,1.5485795454545455
5286334,50.0,342,1,0,342,8,42.75,28.306289268960214,97.06895011968024,3.16812865497076,2.741228070175439,3.4678362573099415
5395622,50.0,231,2,1,196,6,32.666666666666664,44.617582042351486,134.41368818365063,2.2173469387755103,1.8147959183673468,3.0775510204081633
5538668,50.0,617,1,0,617,13,47.46153846153846,54.423546321758316,272.7323577369775,3.924149108589951,3.8719611021069693,3.96839546191248
5670672,50.0,264,3,3,121,6,20.166666666666668,4.789613501193061,11.824371031541965,1.5925619834710742,0.9859504132231405,1.8322314049586776
5729758,50.0,253,1,0,253,3,84.33333333333333,90.1072673517754,222.70602102417766,1.5430830039525691,1.4893280632411068,2.391699604743083
5763820,50.0,989,3,4,447,11,40.63636363636363,53.15219286761613,186.07671362267234,1.8366890380313199,1.7847874720357941,1.8420581655480983
5917923,50.0,272,1,0,272,6,45.333333333333336,30.870712323876447,94.92137697342571,2.9051470588235295,2.7227941176470587,3.5036764705882355
5936666,50.0,602,3,2,536,10,53.6,29.247087619541297,117.55312388581973,1.7483208955223881,1.7475746268656718,1.7572761194029851
6014730,50.0,219,1,0,219,2,109.5,92.47101103424123,178.71555917864254,1.0420091324200913,0.8689497716894977,1.4913242009132421
6051512,50.0,601,2,1,565,12,47.083333333333336,63.94853100340612,269.14302447311917,2.0506194690265485,2.0405309734513275,2.0791150442477875
6053686,50.0,602,1,0,602,14,43.0,65.61983197568402,239.88380894845042,3.649169435215947,3.5579734219269104,3.744518272425249
6171971,50.0,372,2,1,333,9,37.0,29.373507908441425,126.24501313319429,2.9018018018018017,2.503303303303303,3.3405405405405406
6172561,50.0,239,2,2,173,5,34.6,37.00545632068809,106.22054390010531,1.30635838150289,1.300578034682081,1.3710982658959536
6357847,50.0,716,7,6,442,14,31.571428571428573,70.46880970223239,274.05636031327526,1.0592760180995475,0.8902714932126696,1.12420814479638
6358495,50.0,308,2,1,263,5,52.6,83.91950912666321,204.00994688627952,1.2212927756653993,1.1859315589353612,1.4965779467680609
6422329,50.0,269,2,1,237,4,59.25,30.887901368630818,104.84232726720053,0.7257383966244726,0.7248945147679325,0.7257383966244726
6547817,50.0,320,1,1,287,3,95.66666666666667,26.05184076507463,75.12246820028355,3.018118466898955,3.0020905923344947,3.0505226480836236
6547822,50.0,341,5,4,175,10,17.5,21.904014507341117,58.26667115666396,0.8205714285714285,0.7525714285714286,0.9057142857142857
6756778,50.0,498,4,4,352,8,44.0,57.411592491327546,178.49231284154746,0.7573863636363637,0.7545454545454546,0.7582386363636363
6896919,50.0,619,4,3,521,14,37.214285714285715,87.90529608686846,292.2431402994974,2.2804222648752397,2.277351247600768,2.5289827255278308
6920600,50.0,225,1,0,225,4,56.25,30.786350726383315,98.9192726428137,1.875111111111111,1.8604444444444446,1.8906666666666665
6922501,50.0,273,3,3,175,7,25.0,26.215039242288793,100.14439005683815,1.1737142857142857,1.1685714285714286,1.1748571428571428
6922622,50.0,453,1,0,453,6,75.5,62.83606386476189,179.83044978916502,3.16401766004415,2.6869757174392936,3.465121412803532
6941418,50.0,282,3,2,210,6,35.0,79.03776130314105,160.79967662204743,0.7523809523809524,0.7452380952380953,0.7538095238095238
6984632,50.0,617,2,1,576,9,64.0,43.13635370491549,131.2541669128712,2.8725694444444443,2.8666666666666667,2.934548611111111
7555066,50.0,339,1,0,339,6,56.5,26.500719774521556,104.48490956439417,2.2117994100294984,2.2094395280235988,2.2144542772861358
7557391,50.0,302,1,0,302,4,75.5,48.2991639463858,125.03640855839512,2.1417218543046355,2.0864238410596028,2.6874172185430463
7563440,50.0,591,1,0,591,5,118.2,67.30048722006941,207.67378060366573,2.4150592216582063,2.1543147208121827,3.0313028764805416
7564587,50.0,242,2,1,195,6,32.5,97.0887908079222,274.2247644190264,1.3800000000000001,1.3784615384615386,1.383076923076923
7583768,50.0,236,2,1,200,8,25.0,28.419465239318857,109.64830180971572,2.1555,2.1115,2.2655000000000003
7598344,50.0,219,1,0,219,3,73.0,33.11047614540647,95.20547527736721,1.4958904109589042,1.4945205479452055,1.5031963470319634
7613495,50.0,612,2,1,574,13,44.15384615384615,24.540708774402667,94.1612989980847,2.9041811846689893,2.8965156794425084,2.9806620209059234
7613518,50.0,285,3,3,178,8,22.25,32.34992182093895,101.51577038800006,1.7174157303370785,1.7151685393258427,1.7252808988764046
7613731,50.0,271,2,2,200,5,40.0,23.373331083995645,63.80701524143519,1.5585,1.444,1.7825
7691124,50.0,255,2,1,217,5,43.4,57.78967938158478,137.80702299513968,1.012442396313364,1.0110599078341014,1.023041474654378
7691163,50.0,301,5,4,169,11,15.363636363636363,40.85913234550089,121.24348180175728,1.2236686390532545,1.2224852071005916,1.227810650887574
7691232,50.0,601,1,0,601,20,30.05,37.43721987307357,197.49521039771295,3.9354409317803656,3.6935108153078207,5.758901830282862
7691423,50.0,303,1,0,303,3,101.0,90.8378397618038,273.4584056740712,1.6016501650165016,1.600990099009901,1.6019801980198018
7691435,50.0,343,1,0,343,6,57.166666666666664,37.08802221782432,170.75349813172295,3.108454810495627,3.066180758017493,3.125947521865889
7691520,50.0,608,4,3,511,9,56.77777777777778,99.12762364746892,273.2890509603233,1.186692759295499,1.1818003913894324,1.187866927592955
7691542,50.0,368,2,1,332,6,55.333333333333336,35.64322263194544,96.25392002074207,1.3177710843373494,1.3024096385542168,1.3629518072289157
7691885,50.0,251,1,0,251,4,62.75,60.26083607701359,182.51637350940436,1.80199203187251,1.7788844621513944,2.2215139442231076
7691909,50.0,624,4,3,505,15,33.666666666666664,30.474118896239297,146.3409520557371,1.9376237623762376,1.9231683168316833,1.9386138613861386
7795968,50.0,252,1,1,188,3,62.666666666666664,42.76156687514074,118.98250970108695,2.0654255319148938,1.7085106382978723,3.021808510638298
7797310,50.0,601,1,0,601,19,31.63157894736842,23.12479614490865,97.6264788687736,4.544259567387687,4.377537437603993,4.582695507487521
7799046,50.0,454,2,1,422,7,60.285714285714285,44.65414239251787,140.2157799149008,2.172037914691943,1.9277251184834123,2.528436018957346
7799135,50.0,329,2,1,293,5,58.6,46.74054074509503,148.05909448897148,1.3641638225255972,1.3597269624573378,1.3781569965870308
7799180,50.0,645,8,7,398,18,22.11111111111111,27.116101285507348,107.18707787139023,1.427386934673367,1.4271356783919598,1.4304020100502512
7799209,50.0,525,2,1,493,9,54.77777777777778,31.03656746708893,106.5406350150179,2.1022312373225156,2.0681541582150103,2.1040567951318456
7799211,50.0,232,3,2,149,6,24.833333333333332,24.224750542086696,68.36293384479121,0.736241610738255,0.7288590604026846,0.7476510067114094
7799420,50.0,317,2,2,245,6,40.833333333333336,18.492125095183027,61.6541686180291,1.486530612244898,1.4848979591836735,1.493061224489796
7799507,50.0,310,4,3,193,8,24.125,61.46488551817254,193.54571057760725,0.7331606217616581,0.7326424870466322,0.7352331606217617
7852277,50.0,247,2,2,171,4,42.75,68.89674198299815,149.28679038781013,0.9596491228070175,0.8567251461988304,1.1333333333333333
7852403,50.0,290,2,1,259,4,64.75,31.217297359491603,89.95200602948063,0.7625482625482626,0.761003861003861,0.8115830115830115
7852411,50.0,607,3,2,504,13,38.76923076923077,42.632088639750435,135.10079526111957,2.1837301587301585,2.165277777777778,2.287301587301587
7852420,50.0,606,3,2,528,10,52.8,33.19376660068641,108.33998369055398,1.6410984848484849,1.637121212121212,1.6723484848484849
7852422,50.0,216,2,1,184,4,46.0,39.4979573265305,99.09067743993141,0.7190217391304349,0.7168478260869565,0.7206521739130435
7852445,50.0,307,2,1,259,5,51.8,50.71977109415964,121.67274390555193,0.9861003861003861,0.9722007722007723,1.016988416988417
7852451,50.0,314,2,1,258,6,43.0,38.795504704100985,99.62232083903712,1.3395348837209302,1.3240310077519382,1.339922480620155
8354596,50.0,385,1,0,385,6,64.16666666666667,35.04633805082113,75.75652534545962,2.5420779220779224,2.3314285714285714,2.918701298701299
