trajectory,eps_m,t_s,min_samples,n_points,step_n_stops,step_n_moves,step_mean_stop_s,step_mean_move_pts,step_wall_s,step_wall_p25_s,step_wall_p75_s,stss_n_stops,stss_n_moves,stss_mean_stop_s,stss_mean_move_pts,stss_wall_s,stss_wall_p25_s,stss_wall_p75_s,f1,precision,recall,matched_iou_mean
4216956,10.0,10.0,5,910,6,6,94.83333333333333,55.833333333333336,0.042009,0.0396798,0.044653,10,11,35.5,49.54545454545455,0.5979191500000001,0.5956571749999999,0.600181125,0.125,0.16666666666666666,0.1,0.5763688760806917
4272243,10.0,10.0,5,646,4,4,25.5,135.0,0.0066308999999999995,0.0060983,0.0069687,5,5,14.8,113.4,0.12459255,0.12202017500000001,0.12716492499999998,0.22222222222222224,0.25,0.2,1.0
4344977,10.0,10.0,5,1187,8,8,110.0,37.375,0.07633569999999999,0.0702655,0.09039140000000001,14,14,50.07142857142857,33.714285714285715,0.71869505,0.6946318749999999,0.7427582250000001,0.45454545454545453,0.625,0.35714285714285715,0.7266403647273364
4350946,10.0,10.0,5,690,11,11,37.63636363636363,24.09090909090909,0.009346799999999999,0.009048,0.0093714,12,13,15.416666666666666,37.92307692307692,0.4048003,0.40124025,0.40836035000000004,0.2608695652173913,0.2727272727272727,0.25,0.7746031746031745
4351935,10.0,10.0,5,775,10,10,49.3,27.2,0.0235952,0.0235345,0.0236537,11,12,23.818181818181817,41.833333333333336,0.43604225,0.421072725,0.451011775,0.380952380952381,0.4,0.36363636363636365,0.8164466873706004
4352377,10.0,10.0,5,716,10,10,37.1,33.5,0.015878200000000002,0.0137896,0.0179373,10,9,26.1,49.44444444444444,0.3270181,0.32433480000000003,0.32970140000000003,0.6,0.6,0.6,0.8547071002313968
4358853,10.0,10.0,5,666,8,8,34.75,47.5,0.0101434,0.009900299999999999,0.0103601,8,9,14.125,60.55555555555556,0.34080585,0.337072325,0.344539375,0.25,0.25,0.25,0.6964912280701754
4359232,10.0,10.0,5,681,4,5,33.5,108.6,0.006263600000000001,0.0062388999999999995,0.0067494,4,5,14.5,123.8,0.1369645,0.13672954999999998,0.13719944999999997,0.25,0.25,0.25,0.9166666666666666
4370045,10.0,10.0,5,720,6,7,51.833333333333336,57.57142857142857,0.012462099999999999,0.0117712,0.013896200000000001,6,7,25.0,80.57142857142857,0.26153580000000004,0.26034945,0.26272215000000004,0.3333333333333333,0.3333333333333333,0.3333333333333333,0.6785714285714286
4389353,10.0,10.0,5,650,8,9,31.0,43.77777777777778,0.0088112,0.0086575,0.008868899999999999,6,6,24.5,82.83333333333333,0.22281079999999998,0.21775869999999997,0.22786290000000003,0.5714285714285715,0.5,0.6666666666666666,0.8988387021475257
4389414,10.0,10.0,5,645,7,7,35.142857142857146,56.0,0.0074273,0.0071467,0.0077303,6,7,13.0,80.14285714285714,0.198231,0.19773469999999999,0.19872730000000002,0.15384615384615383,0.14285714285714285,0.16666666666666666,0.7647058823529411
4392729,10.0,10.0,5,652,8,9,33.75,41.55555555555556,0.007769100000000001,0.0055352,0.0100399,9,10,15.222222222222221,50.6,0.27953935,0.277431625,0.281647075,0.23529411764705882,0.25,0.2222222222222222,0.8095238095238095
4393045,10.0,10.0,5,936,6,7,95.33333333333333,51.142857142857146,0.0623592,0.0509843,0.06528750000000001,11,12,38.45454545454545,41.833333333333336,0.50321825,0.4971285750000001,0.509307925,0.23529411764705885,0.3333333333333333,0.18181818181818182,0.7269793459552496
4440451,10.0,10.0,5,657,4,5,36.25,101.6,0.0051666,0.0039702,0.005523800000000001,5,5,17.2,113.2,0.1209888,0.1202287,0.12174890000000001,0.22222222222222224,0.25,0.2,0.9473684210526315
4443744,10.0,10.0,5,710,7,8,45.857142857142854,47.75,0.011118600000000001,0.010994799999999999,0.0112146,10,11,16.2,48.90909090909091,0.2506083,0.24517875,0.25603785,0.11764705882352941,0.14285714285714285,0.1,0.8823529411764706
4448887,10.0,10.0,5,666,9,8,42.111111111111114,34.75,0.0100886,0.0097655,0.0101221,8,8,17.0,65.25,0.30581765,0.304252325,0.307382975,0.23529411764705882,0.2222222222222222,0.25,0.7922705314009661
4469551,10.0,10.0,5,670,7,7,35.0,59.714285714285715,0.006022,0.005949000000000001,0.0073428,9,7,16.77777777777778,72.85714285714286,0.216158,0.21530765,0.21700835000000004,0.25,0.2857142857142857,0.2222222222222222,0.5890700483091788
4472905,10.0,10.0,5,816,9,10,51.666666666666664,34.2,0.0148278,0.0144485,0.0165035,10,11,34.0,42.36363636363637,0.32363115000000003,0.32300802500000003,0.32425427500000004,0.631578947368421,0.6666666666666666,0.6,0.8018337587391295
4473229,10.0,10.0,5,673,6,6,43.5,67.66666666666667,0.0052502,0.0050434,0.0054213,4,5,21.25,116.8,0.17533364999999995,0.169667325,0.18099997499999998,0.2,0.16666666666666666,0.25,0.9047619047619048
4481970,10.0,10.0,5,642,10,11,26.6,33.27272727272727,0.0053177,0.004932199999999999,0.0054284,6,7,19.666666666666668,74.0,0.2642273,0.26146325,0.26699135,0.37499999999999994,0.3,0.5,0.6342345018815606
4482888,10.0,10.0,5,647,1,1,27.0,619.0,0.0028696,0.0025634,0.0030044,2,3,12.0,207.0,0.03598345000000001,0.035566525,0.036400375,0.0,0.0,0.0,0.0
4487550,10.0,10.0,5,653,9,9,30.11111111111111,41.44444444444444,0.0062952,0.006075399999999999,0.0075109,10,9,18.6,50.77777777777778,0.22836185,0.223795175,0.23292852499999997,0.631578947368421,0.6666666666666666,0.6,0.791933031772213
4487946,10.0,10.0,5,710,2,3,251.5,68.33333333333333,0.0434215,0.041780199999999997,0.0478446,3,4,153.33333333333334,61.75,0.46032080000000003,0.44045154999999997,0.4801900499999999,0.8,1.0,0.6666666666666666,0.898042273042273
4504164,10.0,10.0,5,649,10,10,38.4,25.5,0.0102917,0.009225299999999999,0.012657900000000001,9,10,15.0,50.5,0.3609233,0.35525515,0.36659144999999993,0.3157894736842105,0.3,0.3333333333333333,0.558531746031746
4527487,10.0,10.0,5,671,2,1,314.0,41.0,0.0191343,0.0187935,0.019665,10,11,12.6,48.63636363636363,0.5375189,0.5162429000000001,0.5587948999999999,0.0,0.0,0.0,0.0
4544584,10.0,10.0,5,672,9,10,32.44444444444444,37.1,0.0063363000000000004,0.005812699999999999,0.006694899999999999,8,9,19.875,56.111111111111114,0.282579,0.27211275,0.29304525,0.35294117647058826,0.3333333333333333,0.375,0.7701465201465202
4547202,10.0,10.0,5,696,11,11,38.18181818181818,24.09090909090909,0.0195437,0.019304,0.020015900000000003,13,12,19.23076923076923,36.083333333333336,0.43424015000000005,0.42767367500000003,0.44080662499999995,0.24999999999999994,0.2727272727272727,0.23076923076923078,0.7606541606541607
4559519,10.0,10.0,5,991,10,10,72.5,25.6,0.0751286,0.0633929,0.0806803,11,10,46.90909090909091,46.4,0.5789732999999999,0.5751531,0.5827935,0.47619047619047616,0.5,0.45454545454545453,0.7746563008217837
4575701,10.0,10.0,5,700,7,8,23.857142857142858,65.75,0.0047285,0.0047173,0.005241399999999999,5,6,16.0,102.5,0.24254930000000002,0.23718404999999998,0.24791454999999998,0.5,0.42857142857142855,0.6,0.8302469135802468
4579744,10.0,10.0,5,678,9,10,42.44444444444444,28.7,0.0132561,0.013226799999999999,0.0133,9,9,13.222222222222221,61.111111111111114,0.3264838,0.32484304999999997,0.32812455,0.2222222222222222,0.2222222222222222,0.2222222222222222,0.6528571428571428
4605892,10.0,10.0,5,678,3,2,224.0,1.5,0.021267,0.0192046,0.0229007,13,11,13.692307692307692,44.27272727272727,0.45928395000000005,0.4438204250000001,0.47474747500000003,0.0,0.0,0.0,0.0
4668185,10.0,10.0,5,641,8,8,37.75,41.375,0.0100166,0.0083677,0.0100485,8,8,15.25,63.875,0.26139585,0.257055725,0.26573597499999996,0.125,0.125,0.125,0.5757575757575758
4705097,10.0,10.0,5,659,8,8,33.875,47.5,0.0081122,0.006251,0.0127782,5,6,16.8,95.0,0.2904111,0.28905535,0.29176685,0.4615384615384615,0.375,0.6,0.8636111111111111
4724133,10.0,10.0,5,650,6,6,38.166666666666664,69.16666666666667,0.004943100000000001,0.0048628000000000005,0.005028899999999999,5,5,16.2,112.8,0.20178335000000003,0.20132927500000003,0.202237425,0.1818181818181818,0.16666666666666666,0.2,0.8636363636363636
4749525,10.0,10.0,5,805,4,5,80.0,96.2,0.0210495,0.0161024,0.0213065,8,9,35.75,56.77777777777778,0.33408575,0.33255822500000004,0.335613275,0.5,0.75,0.375,0.7890834111422347
4754626,10.0,10.0,5,1144,9,9,89.0,37.111111111111114,0.0896441,0.08910280000000001,0.0899555,12,12,58.916666666666664,35.416666666666664,0.6742738499999998,0.660189975,0.688357725,0.5714285714285715,0.6666666666666666,0.5,0.8173243089455694
4754956,10.0,10.0,5,647,8,8,37.5,42.375,0.012974999999999999,0.012292899999999999,0.013285100000000001,6,6,23.333333333333332,83.5,0.27338730000000006,0.26540645,0.28136815000000004,0.42857142857142855,0.375,0.5,0.6999398073836276
4775763,10.0,10.0,5,718,10,10,35.8,35.0,0.0173605,0.0169637,0.0178498,10,11,20.0,46.18181818181818,0.3886602,0.38219480000000006,0.3951256,0.20000000000000004,0.2,0.2,0.7539525691699605
4785421,10.0,10.0,5,773,11,11,40.63636363636363,28.636363636363637,0.024153400000000002,0.0208496,0.0256425,13,13,23.23076923076923,35.23076923076923,0.44471095,0.44375927499999995,0.44566262500000003,0.41666666666666663,0.45454545454545453,0.38461538461538464,0.7184836979107635
4789937,10.0,10.0,5,678,11,10,30.363636363636363,33.3,0.0117364,0.0108239,0.012638,9,9,13.333333333333334,61.0,0.3552252,0.34204949999999995,0.3684009,0.39999999999999997,0.36363636363636365,0.4444444444444444,0.6559027777777777
4792515,10.0,10.0,5,705,9,9,65.22222222222223,12.11111111111111,0.024315800000000002,0.0226227,0.024427599999999997,11,11,13.454545454545455,49.63636363636363,0.4744366,0.4657390999999999,0.4831341,0.09999999999999999,0.1111111111111111,0.09090909090909091,0.9230769230769231
4811115,10.0,10.0,5,643,6,6,33.833333333333336,72.33333333333333,0.0094896,0.0094124,0.009518700000000001,10,10,15.6,47.7,0.28405145000000004,0.272957075,0.29514582500000003,0.37499999999999994,0.5,0.3,0.85
4824328,10.0,10.0,5,688,7,6,58.142857142857146,45.666666666666664,0.011798200000000002,0.010354299999999999,0.0189287,15,16,14.4,28.5625,0.4213174499999999,0.417831875,0.4248030249999999,0.18181818181818182,0.2857142857142857,0.13333333333333333,0.8897435897435897
4861227,10.0,10.0,5,710,8,9,65.125,20.11111111111111,0.0200538,0.020008400000000003,0.0201695,11,12,16.636363636363637,43.0,0.48528469999999996,0.47239784999999995,0.4981715500000001,0.10526315789473685,0.125,0.09090909090909091,0.9642857142857143
4861687,10.0,10.0,5,746,9,8,53.0,32.5,0.019002599999999998,0.0188436,0.019019099999999997,11,11,17.363636363636363,49.45454545454545,0.4204806,0.41576675,0.42519445,0.19999999999999998,0.2222222222222222,0.18181818181818182,0.7731481481481481
4862222,10.0,10.0,5,670,4,4,48.5,118.0,0.0099629,0.009889,0.010128799999999999,2,3,11.0,215.33333333333334,0.1685649,0.16787240000000003,0.1692574,0.0,0.0,0.0,0.0
4862380,10.0,10.0,5,660,8,9,30.25,45.55555555555556,0.008941600000000001,0.0084651,0.0090414,8,8,15.0,66.5,0.2676798,0.26536475,0.26999485,0.625,0.625,0.625,0.7974796942188246
4865550,10.0,10.0,5,642,8,8,36.875,42.375,0.0081448,0.0069694,0.010968,5,6,16.0,92.83333333333333,0.35226769999999996,0.3231344,0.381401,0.15384615384615385,0.125,0.2,0.875
4865558,10.0,10.0,5,649,6,7,36.5,60.57142857142857,0.008936399999999999,0.0088237,0.0104198,9,9,14.222222222222221,56.888888888888886,0.4242309,0.3904142,0.45804760000000005,0.0,0.0,0.0,0.0
4912927,10.0,10.0,5,674,2,2,31.0,305.0,0.0055668,0.005136399999999999,0.005662999999999999,2,2,11.5,324.5,0.0797409,0.07850555000000001,0.08097625,0.0,0.0,0.0,0.0
4915833,10.0,10.0,5,675,10,10,32.7,33.8,0.008946899999999999,0.0085261,0.0090285,5,5,25.6,108.4,0.3094174,0.308443,0.3103918,0.26666666666666666,0.2,0.4,0.8281086729362591
4940890,10.0,10.0,5,683,7,7,36.714285714285715,59.857142857142854,0.0131975,0.012649,0.013348700000000002,6,7,23.5,76.57142857142857,0.26214725,0.260909175,0.263385325,0.4615384615384615,0.42857142857142855,0.5,0.7816993464052288
5244934,10.0,10.0,5,656,10,10,47.5,17.1,0.0093508,0.0090395,0.014427,9,10,15.88888888888889,50.4,0.41132669999999993,0.4008777499999999,0.42177565,0.10526315789473685,0.1,0.1111111111111111,0.8275862068965517
5351422,10.0,10.0,5,654,8,8,36.0,44.75,0.011759700000000001,0.0116639,0.011801299999999999,11,12,13.909090909090908,40.833333333333336,0.33425285,0.331770575,0.336735125,0.2105263157894737,0.25,0.18181818181818182,0.696078431372549
5477477,10.0,10.0,5,678,3,3,38.666666666666664,186.33333333333334,0.0035456999999999997,0.0034938,0.0036383,2,3,12.5,217.0,0.10232530000000001,0.1002937,0.10435689999999999,0.0,0.0,0.0,0.0
5499001,10.0,10.0,5,670,5,6,27.8,87.66666666666667,0.0037800999999999998,0.0037628,0.0038096999999999996,2,3,15.5,212.33333333333334,0.1197576,0.1148234,0.1246918,0.28571428571428575,0.2,0.5,0.9047619047619048
5503058,10.0,10.0,5,916,10,9,60.7,33.22222222222222,0.0368544,0.0361915,0.0368613,6,7,16.166666666666668,116.14285714285714,0.5459022500000001,0.5431319250000001,0.5486725750000001,0.25,0.2,0.3333333333333333,0.7138047138047138
5503168,10.0,10.0,5,695,9,9,52.0,24.22222222222222,0.0142195,0.013957299999999997,0.0178712,14,13,14.285714285714286,37.0,0.3860387,0.36785780000000007,0.40421959999999996,0.43478260869565216,0.5555555555555556,0.35714285714285715,0.7513725490196078
5503359,10.0,10.0,5,716,8,7,56.25,36.857142857142854,0.0129949,0.012699799999999999,0.0156267,10,10,17.0,53.6,0.43298765,0.414436525,0.451538775,0.33333333333333326,0.375,0.3,0.6522164786967419
5540718,10.0,10.0,5,663,11,12,37.0,20.416666666666668,0.0070012,0.006915800000000001,0.007264,12,11,14.333333333333334,43.54545454545455,0.36995405000000003,0.360807725,0.379100375,0.34782608695652173,0.36363636363636365,0.3333333333333333,0.7824177438307873
5540722,10.0,10.0,5,691,8,8,45.875,39.5,0.0109286,0.010710899999999999,0.013040399999999997,10,8,21.9,57.75,0.25241945,0.250143825,0.254695075,0.33333333333333326,0.375,0.3,0.7943521330194366
5540733,10.0,10.0,5,641,10,10,33.1,30.0,0.006053600000000001,0.0058452999999999995,0.0067745,8,8,20.5,58.625,0.25189599999999995,0.24382225,0.25996975,0.6666666666666665,0.6,0.75,0.6743343847510515
5540847,10.0,10.0,5,869,10,9,55.5,33.77777777777778,0.026252599999999997,0.0246428,0.026982799999999998,10,9,20.7,72.44444444444444,0.37900960000000006,0.3788957,0.3791235,0.6,0.6,0.6,0.775853829765397
5547018,10.0,10.0,5,649,5,6,50.4,65.33333333333333,0.005378399999999999,0.005266,0.0054906,8,9,12.625,60.0,0.19553385,0.19041717500000002,0.20065052500000002,0.0,0.0,0.0,0.0
5565253,10.0,10.0,5,670,9,9,39.111111111111114,34.333333333333336,0.0087274,0.0081931,0.0088525,11,12,14.545454545454545,41.583333333333336,0.26972025,0.26858407500000003,0.270856425,0.3,0.3333333333333333,0.2727272727272727,0.875
5615881,10.0,10.0,5,1051,9,9,82.88888888888889,32.888888888888886,0.0329274,0.0316486,0.038622,8,9,40.875,79.55555555555556,0.48431709999999994,0.47389259999999994,0.4947416,0.23529411764705882,0.2222222222222222,0.25,0.6912990196078431
5615968,10.0,10.0,5,642,7,8,39.57142857142857,44.75,0.0067173,0.006409100000000001,0.008517700000000001,10,11,16.8,42.18181818181818,0.19837919999999998,0.19358389999999998,0.2031745,0.23529411764705882,0.2857142857142857,0.2,0.71875
5615986,10.0,10.0,5,685,8,8,49.0,35.625,0.0087128,0.008124300000000001,0.009551299999999999,10,10,16.4,51.1,0.2874856,0.28742605,0.28754515,0.11111111111111112,0.125,0.1,0.5
5615988,10.0,10.0,5,671,8,9,46.875,32.0,0.007812,0.007658600000000001,0.008684,12,13,15.333333333333334,36.53846153846154,0.26578435,0.26545032499999993,0.2661183750000001,0.2,0.25,0.16666666666666666,0.8614718614718615
5616015,10.0,10.0,5,657,3,3,25.666666666666668,192.33333333333334,0.0031848000000000007,0.0031655,0.0034532,5,5,11.4,119.0,0.0856445,0.08496240000000001,0.08632659999999999,0.25,0.3333333333333333,0.2,0.5
5633515,10.0,10.0,5,663,12,11,32.666666666666664,23.545454545454547,0.0080143,0.0077852,0.0083564,11,12,17.90909090909091,37.916666666666664,0.30909245,0.306395625,0.311789275,0.34782608695652173,0.3333333333333333,0.36363636363636365,0.8539303308325048
5692189,10.0,10.0,5,1527,7,8,166.71428571428572,44.125,0.2440288,0.24181629999999998,0.24586129999999998,5,6,193.8,92.16666666666667,0.85266525,0.831929125,0.8734013750000001,0.3333333333333333,0.2857142857142857,0.4,0.828919691268531
5705278,10.0,10.0,5,643,8,9,41.125,34.0,0.0061989,0.0061915,0.006278,7,8,17.428571428571427,64.25,0.23963969999999998,0.23599245000000002,0.24328694999999997,0.13333333333333333,0.125,0.14285714285714285,0.9512195121951219
5705752,10.0,10.0,5,682,7,8,46.142857142857146,44.0,0.0085518,0.0080588,0.0092969,8,9,20.25,56.888888888888886,0.25096290000000004,0.25052009999999997,0.2514057,0.5333333333333333,0.5714285714285714,0.5,0.6846131140628294
5706077,10.0,10.0,5,656,6,6,49.0,59.333333333333336,0.006482900000000001,0.0064575,0.0065572,9,10,18.11111111111111,48.4,0.21914305,0.216452525,0.22183357500000003,0.13333333333333333,0.16666666666666666,0.1111111111111111,0.875
5706137,10.0,10.0,5,737,11,8,56.09090909090909,13.625,0.013637100000000001,0.013475499999999998,0.015119600000000002,16,16,17.25,27.8125,0.7215034,0.6570023500000001,0.7860044500000001,0.2962962962962963,0.36363636363636365,0.25,0.7047034291010195
5715345,10.0,10.0,5,923,6,7,81.5,61.142857142857146,0.0288312,0.0285306,0.0361155,4,5,91.75,110.4,0.34122825,0.33461252500000005,0.34784397499999997,0.2,0.16666666666666666,0.25,0.9138888888888889
5771585,10.0,10.0,5,720,8,9,52.125,32.77777777777778,0.0101115,0.0099372,0.010713,10,11,20.2,46.18181818181818,0.31327019999999994,0.3126678,0.3138726,0.33333333333333326,0.375,0.3,0.6127935203210999
5771621,10.0,10.0,5,675,11,11,36.81818181818182,23.545454545454547,0.007892,0.0077448000000000005,0.0081071,13,13,15.846153846153847,35.07692307692308,0.3824032,0.36377460000000006,0.40103180000000005,0.41666666666666663,0.45454545454545453,0.38461538461538464,0.7587079653593186
5772092,10.0,10.0,5,729,10,10,44.3,27.6,0.0096855,0.009469100000000001,0.0097564,16,14,15.5,33.214285714285715,0.40240515000000004,0.4014107249999999,0.403399575,0.23076923076923075,0.3,0.1875,0.6632846320346321
5772102,10.0,10.0,5,725,9,8,52.0,31.0,0.0114517,0.0112885,0.012176600000000001,9,8,21.88888888888889,64.875,0.4535005999999999,0.43949285,0.46750834999999996,0.5555555555555556,0.5555555555555556,0.5555555555555556,0.728615785110746
5772192,10.0,10.0,5,706,8,9,53.375,30.11111111111111,0.011284,0.010516600000000001,0.0138334,13,13,12.307692307692308,41.0,0.35807140000000004,0.3580096,0.3581332,0.0,0.0,0.0,0.0
5874746,10.0,10.0,5,729,9,8,49.333333333333336,34.5,0.0106841,0.0104958,0.010892,10,10,23.3,48.6,0.3235565,0.31687460000000006,0.33023840000000004,0.4210526315789474,0.4444444444444444,0.4,0.6583333333333333
5874767,10.0,10.0,5,1278,9,9,127.33333333333333,13.666666666666666,0.04534199999999999,0.044890900000000004,0.0501856,12,10,59.333333333333336,55.4,0.7114493500000001,0.7064355750000001,0.716463125,0.28571428571428575,0.3333333333333333,0.25,0.5615870288041245
5874769,10.0,10.0,5,649,10,10,39.4,24.5,0.007596600000000001,0.007230899999999999,0.0090706,13,13,14.23076923076923,34.69230769230769,0.33456589999999997,0.33285309999999996,0.3362787,0.17391304347826086,0.2,0.15384615384615385,0.7020460358056266
5874787,10.0,10.0,5,1064,8,8,114.875,17.125,0.0532974,0.0514809,0.0536771,13,13,45.38461538461539,35.46153846153846,0.67596465,0.634719375,0.7172099249999999,0.380952380952381,0.5,0.3076923076923077,0.6329629325897983
5875173,10.0,10.0,5,712,4,2,172.0,10.0,0.023450200000000004,0.0229672,0.023916800000000002,11,11,13.454545454545455,50.27272727272727,0.41419420000000007,0.40738660000000004,0.42100180000000004,0.13333333333333333,0.25,0.09090909090909091,0.9473684210526315
5882173,10.0,10.0,5,665,8,9,49.625,28.88888888888889,0.007726600000000001,0.0076496,0.007926,11,10,14.818181818181818,49.1,0.29633645000000003,0.293915075,0.29875782500000003,0.10526315789473685,0.125,0.09090909090909091,0.5714285714285714
5969330,10.0,10.0,5,721,10,10,36.7,34.4,0.0082156,0.0077491,0.0094176,12,12,17.583333333333332,41.5,0.2912032,0.29065805000000006,0.29174835000000005,0.5454545454545454,0.6,0.5,0.7969373739834098
5969331,10.0,10.0,5,706,6,7,79.33333333333333,32.0,0.012471399999999999,0.011558200000000001,0.0147435,16,15,16.8125,28.066666666666666,0.36413920000000005,0.3632502,0.3650282,0.0,0.0,0.0,0.0
5969362,10.0,10.0,5,672,9,9,39.111111111111114,34.55555555555556,0.0086151,0.0068068,0.010014799999999999,9,8,15.444444444444445,65.5,0.3107507,0.3086125,0.3128889,0.1111111111111111,0.1111111111111111,0.1111111111111111,0.7692307692307693
6058407,10.0,10.0,5,696,7,7,50.857142857142854,47.57142857142857,0.00896,0.0085097,0.009069899999999999,9,7,22.333333333333332,69.42857142857143,0.25575505000000004,0.252087125,0.25942297500000006,0.25,0.2857142857142857,0.2222222222222222,0.7790866255889815
6062407,10.0,10.0,5,666,9,10,39.888888888888886,29.8,0.0081828,0.0081551,0.0084278,12,13,18.25,33.46153846153846,0.29162004999999996,0.29093577499999995,0.29230432500000003,0.28571428571428575,0.3333333333333333,0.25,0.7615231990231991
6109129,10.0,10.0,5,721,8,9,40.25,43.44444444444444,0.010954700000000001,0.0091304,0.0119144,8,9,27.25,55.0,0.2370871,0.23622415,0.23795005000000002,0.375,0.375,0.375,0.8091418385536033
6148097,10.0,10.0,5,725,9,9,44.55555555555556,35.0,0.0102702,0.009993,0.0103137,8,9,29.5,53.44444444444444,0.32602865,0.318524875,0.33353242499999997,0.23529411764705882,0.2222222222222222,0.25,0.6746350751004866
6148143,10.0,10.0,5,677,5,6,51.2,69.33333333333333,0.0100005,0.0069143999999999985,0.0100335,7,7,14.142857142857142,81.57142857142857,0.16473430000000003,0.1642375,0.16523110000000002,0.0,0.0,0.0,0.0
6148208,10.0,10.0,5,646,7,7,59.57142857142857,31.714285714285715,0.0107477,0.0100861,0.0108132,13,14,17.692307692307693,28.785714285714285,0.2910938,0.28405035000000006,0.29813725,0.2,0.2857142857142857,0.15384615384615385,0.575
6190357,10.0,10.0,5,710,7,7,46.142857142857146,54.285714285714285,0.0110942,0.0109301,0.0120671,7,8,27.285714285714285,64.0,0.23092144999999997,0.229375125,0.232467775,0.42857142857142855,0.42857142857142855,0.42857142857142855,0.718424413524232
6193396,10.0,10.0,5,658,12,11,36.166666666666664,19.272727272727273,0.0089503,0.008868200000000001,0.0095732,14,12,17.071428571428573,33.75,0.40539634999999996,0.376655625,0.43413707500000004,0.3846153846153846,0.4166666666666667,0.35714285714285715,0.6802487633849525
6193436,10.0,10.0,5,666,5,5,115.2,17.0,0.013958100000000003,0.013647,0.014124,12,12,18.833333333333332,35.666666666666664,0.33951060000000005,0.33736825000000004,0.34165295,0.11764705882352941,0.2,0.08333333333333333,0.9166666666666666
4216956,10.0,15.0,8,910,6,6,92.5,58.166666666666664,0.033787300000000006,0.033241400000000004,0.0345776,7,6,47.285714285714285,95.33333333333333,0.37010305,0.36472452499999997,0.375481575,0.30769230769230765,0.3333333333333333,0.2857142857142857,0.7478980557015239
4272243,10.0,15.0,8,646,3,3,29.0,185.33333333333334,0.0041128,0.0036897,0.0047378,3,3,19.666666666666668,194.66666666666666,0.10667219999999998,0.10546769999999998,0.10787669999999999,0.6666666666666666,0.6666666666666666,0.6666666666666666,0.8111111111111111
4344977,10.0,15.0,8,1187,7,7,123.0,45.57142857142857,0.0485962,0.0480608,0.0505608,7,6,91.14285714285714,90.33333333333333,0.58198345,0.5748440249999999,0.589122875,0.5714285714285714,0.5714285714285714,0.5714285714285714,0.7105124163520573
4350946,10.0,15.0,8,690,7,7,46.42857142857143,51.142857142857146,0.0100201,0.008857700000000001,0.0110729,10,11,26.5,37.72727272727273,0.31383835,0.30345697499999996,0.32421972499999996,0.47058823529411764,0.5714285714285714,0.4,0.7201881949974804
4351935,10.0,15.0,8,775,7,7,61.57142857142857,48.142857142857146,0.0134343,0.0134325,0.0134702,11,11,21.363636363636363,48.09090909090909,0.36922855000000004,0.364032175,0.37442492499999996,0.2222222222222222,0.2857142857142857,0.18181818181818182,0.7817213842058562
4352377,10.0,15.0,8,716,6,6,51.833333333333336,66.5,0.015633700000000004,0.0135734,0.0160461,8,8,23.625,64.875,0.26949819999999997,0.26836049999999995,0.2706359,0.5714285714285715,0.6666666666666666,0.5,0.9358564474369581
4358853,10.0,15.0,8,666,6,6,37.333333333333336,72.66666666666667,0.0096491,0.0095859,0.009955700000000001,7,8,26.714285714285715,59.0,0.25057795,0.244666625,0.256489275,0.4615384615384615,0.5,0.42857142857142855,0.7577681577681578
4359232,10.0,15.0,8,681,4,5,33.25,108.8,0.0058155,0.0043888,0.0062436,3,4,30.0,147.0,0.11179120000000001,0.11153065000000001,0.11205175000000002,0.8571428571428571,0.75,1.0,0.9138481338481338
4370045,10.0,15.0,8,720,5,6,57.6,71.16666666666667,0.0087093,0.008500200000000001,0.008820399999999999,4,5,21.5,126.0,0.20393085,0.202537175,0.20532452500000004,0.4444444444444445,0.4,0.5,0.8814814814814815
4389353,10.0,15.0,8,650,5,6,40.4,73.83333333333333,0.0071782,0.0057793,0.0073044,6,7,18.0,76.57142857142857,0.16527109999999998,0.16357875,0.16696345,0.1818181818181818,0.2,0.16666666666666666,0.7931034482758621
4389414,10.0,15.0,8,645,6,6,39.0,67.5,0.0050398000000000005,0.004863,0.0050908,6,7,23.333333333333332,71.28571428571429,0.17250510000000002,0.1686821,0.17632810000000002,0.6666666666666666,0.6666666666666666,0.6666666666666666,0.6964512373616174
4392729,10.0,15.0,8,652,6,7,40.0,58.0,0.0064643,0.0058403000000000005,0.0066762,8,8,22.625,57.875,0.23234519999999997,0.22906305,0.23562735,0.42857142857142855,0.5,0.375,0.8116013071895426
4393045,10.0,15.0,8,936,6,7,95.33333333333333,51.142857142857146,0.0496061,0.043518,0.0515738,4,4,26.75,206.25,0.3929987,0.38626764999999996,0.39972975,0.6,0.5,0.75,0.8434841021047917
4440451,10.0,15.0,8,657,3,4,41.666666666666664,132.25,0.0039334,0.0039191,0.0039349,5,4,20.8,137.0,0.10213269999999999,0.10025685,0.10400854999999999,0.25,0.3333333333333333,0.2,0.9
4443744,10.0,15.0,8,710,7,8,45.142857142857146,48.375,0.0065786,0.0063842000000000005,0.006619600000000001,7,8,21.285714285714285,69.25,0.21612820000000002,0.21548275,0.21677364999999998,0.42857142857142855,0.42857142857142855,0.42857142857142855,0.5392857142857143
4448887,10.0,15.0,8,666,8,7,44.375,43.285714285714285,0.0071536,0.0070249,0.00735,7,8,21.285714285714285,63.75,0.2750221,0.26997940000000004,0.28006480000000006,0.26666666666666666,0.25,0.2857142857142857,0.7362132352941176
4469551,10.0,15.0,8,670,7,7,34.285714285714285,60.42857142857143,0.0057543,0.0055601,0.0066555,7,7,27.571428571428573,67.14285714285714,0.15685680000000002,0.15685445,0.15685915,0.8571428571428571,0.8571428571428571,0.8571428571428571,0.8269036146909711
4472905,10.0,15.0,8,816,7,8,61.857142857142854,47.0,0.014440700000000002,0.014147600000000001,0.014623800000000001,9,10,41.333333333333336,43.5,0.30351880000000003,0.29857354999999997,0.30846405000000005,0.75,0.8571428571428571,0.6666666666666666,0.8007095561443388
4473229,10.0,15.0,8,673,6,6,43.5,67.66666666666667,0.0056233,0.005386800000000001,0.005682100000000001,6,7,25.5,73.42857142857143,0.1757901,0.17430995,0.17727025000000002,0.6666666666666666,0.6666666666666666,0.6666666666666666,0.75906279178338
4481970,10.0,15.0,8,642,6,7,34.0,61.714285714285715,0.005484,0.0054759,0.0060547,8,8,18.75,60.5,0.20245735,0.19114352500000004,0.21377117499999998,0.28571428571428575,0.3333333333333333,0.25,0.9536842105263157
4482888,10.0,15.0,8,647,1,1,26.0,620.0,0.0026316,0.0026041999999999997,0.002754,0,1,0.0,647.0,0.039216,0.03907,0.039362,0.0,0.0,0.0,0.0
4487550,10.0,15.0,8,653,6,6,38.0,69.83333333333333,0.0092719,0.008974,0.0097106,7,7,25.571428571428573,66.71428571428571,0.1856731,0.18281855000000002,0.18852765,0.6153846153846153,0.6666666666666666,0.5714285714285714,0.8623868009832922
4487946,10.0,15.0,8,710,2,3,244.5,73.0,0.0467093,0.0450755,0.050486,3,3,155.66666666666666,80.0,0.39350735000000003,0.38132582499999995,0.40568887500000006,0.8,1.0,0.6666666666666666,0.9332929894795643
4504164,10.0,15.0,8,649,9,9,39.44444444444444,31.666666666666668,0.007429699999999999,0.0073104,0.0075113,10,11,22.8,37.36363636363637,0.25917095,0.25636557500000007,0.261976325,0.5263157894736842,0.5555555555555556,0.5,0.7235441176470588
4527487,10.0,15.0,8,671,6,4,99.83333333333333,16.5,0.0195555,0.0184831,0.0214317,9,10,19.11111111111111,49.0,0.45884974999999995,0.4520292749999999,0.46567022500000005,0.13333333333333333,0.16666666666666666,0.1111111111111111,0.7272727272727273
4544584,10.0,15.0,8,672,7,8,29.142857142857142,57.625,0.006589100000000001,0.0059708999999999995,0.006625099999999999,7,7,22.142857142857142,72.85714285714286,0.20664144999999998,0.20432682500000002,0.208956075,0.5714285714285714,0.5714285714285714,0.5714285714285714,0.7036776061776062
4547202,10.0,15.0,8,696,9,9,40.666666666666664,35.666666666666664,0.010021799999999999,0.0095461,0.0100467,6,5,19.666666666666668,114.4,0.34814205000000004,0.338323325,0.357960775,0.26666666666666666,0.2222222222222222,0.3333333333333333,0.786923076923077
4559519,10.0,15.0,8,991,9,10,78.88888888888889,27.2,0.0467064,0.0465161,0.0504396,8,7,63.125,68.28571428571429,0.5003563000000001,0.47325154999999997,0.5274610500000001,0.5882352941176471,0.5555555555555556,0.625,0.8174546887312845
4575701,10.0,15.0,8,700,4,5,30.25,115.0,0.0044546,0.0044408,0.006315899999999999,6,6,21.666666666666668,94.0,0.172249,0.1631508,0.18134720000000001,0.6,0.75,0.5,0.8022440392706872
4579744,10.0,15.0,8,678,8,9,45.75,33.77777777777778,0.0069955,0.0069443000000000005,0.0070272,7,5,23.142857142857142,101.8,0.28967355,0.283474525,0.295872575,0.26666666666666666,0.25,0.2857142857142857,0.7474457215836526
4605892,10.0,15.0,8,678,4,3,163.25,7.0,0.021493400000000003,0.0192103,0.021700800000000003,6,7,18.0,80.57142857142857,0.45592914999999995,0.451599875,0.46025842499999997,0.0,0.0,0.0,0.0
4668185,10.0,15.0,8,641,8,8,37.75,41.375,0.0064953,0.0061039,0.0074446,7,8,27.285714285714285,55.375,0.25092570000000003,0.24725345,0.25459795,0.6666666666666666,0.625,0.7142857142857143,0.8792180702068061
4705097,10.0,15.0,8,659,7,7,35.57142857142857,57.57142857142857,0.007315999999999999,0.0060061,0.007783600000000001,5,5,22.8,108.0,0.2505714,0.2400753,0.2610675,0.6666666666666666,0.5714285714285714,0.8,0.8743426916221034
4724133,10.0,15.0,8,650,6,6,37.833333333333336,69.5,0.0060972,0.005806,0.0074252,3,4,20.333333333333332,146.5,0.1555793,0.15403419999999998,0.1571244,0.6666666666666666,0.5,1.0,0.6450216450216449
4749525,10.0,15.0,8,805,3,4,99.0,126.25,0.0117436,0.0117258,0.0126201,4,5,70.75,103.6,0.2768825,0.27079610000000004,0.28296889999999997,0.8571428571428571,1.0,0.75,0.8985972683647102
4754626,10.0,15.0,8,1144,7,7,108.85714285714286,53.57142857142857,0.053835,0.0514618,0.059399999999999994,8,9,85.5,50.22222222222222,0.5162373,0.5055947000000001,0.5268799000000001,0.7999999999999999,0.8571428571428571,0.75,0.860313632605673
4754956,10.0,15.0,8,647,7,7,41.42857142857143,50.0,0.0065517,0.006314500000000001,0.0066588,6,5,25.666666666666668,97.4,0.20078885000000002,0.196813775,0.20476392499999999,0.7692307692307692,0.7142857142857143,0.8333333333333334,0.822454665777855
4775763,10.0,15.0,8,718,8,8,38.125,50.625,0.0091412,0.009042399999999999,0.009351700000000001,10,10,29.5,41.3,0.27645929999999996,0.2754235,0.2774951,0.5555555555555556,0.625,0.5,0.7723499741848365
4785421,10.0,15.0,8,773,6,6,59.166666666666664,68.66666666666667,0.0175716,0.0170129,0.0182514,5,6,49.2,87.0,0.29556665000000004,0.29453632499999993,0.29659697500000004,0.3636363636363636,0.3333333333333333,0.4,0.8506839945280438
4789937,10.0,15.0,8,678,9,7,30.77777777777778,56.0,0.0108302,0.0101361,0.0108512,7,7,24.285714285714285,71.57142857142857,0.2604746,0.2532902,0.267659,0.375,0.3333333333333333,0.42857142857142855,0.7245455162121829
4792515,10.0,15.0,8,705,9,9,57.77777777777778,19.555555555555557,0.0183659,0.0168909,0.01914,9,10,20.77777777777778,50.9,0.36230789999999996,0.36193015,0.36268565,0.3333333333333333,0.3333333333333333,0.3333333333333333,0.8218723893065998
4811115,10.0,15.0,8,643,4,5,42.75,93.6,0.0055241000000000005,0.0047096,0.005637,7,7,18.285714285714285,72.57142857142857,0.17044725000000002,0.16925357500000002,0.171640925,0.18181818181818182,0.25,0.14285714285714285,0.8571428571428571
4824328,10.0,15.0,8,688,5,5,69.4,67.2,0.009772,0.009263200000000001,0.011697299999999999,10,11,22.6,41.09090909090909,0.2854845,0.2811025,0.2898665,0.0,0.0,0.0,0.0
4861227,10.0,15.0,8,710,9,9,57.333333333333336,20.555555555555557,0.011438,0.0108924,0.014248700000000001,7,8,22.428571428571427,68.25,0.35344855,0.350578225,0.356318875,0.375,0.3333333333333333,0.42857142857142855,0.8309193121693123
4861687,10.0,15.0,8,746,9,8,52.888888888888886,32.625,0.009407200000000001,0.0093281,0.009906,5,4,22.6,157.0,0.35058285000000006,0.344201075,0.356964625,0.5714285714285714,0.4444444444444444,0.8,0.7661871693121693
4862222,10.0,15.0,8,670,4,4,47.75,118.75,0.0053249,0.005162399999999999,0.005461199999999999,4,4,16.75,149.75,0.165113,0.16323965,0.16698635,0.25,0.25,0.25,0.9411764705882353
4862380,10.0,15.0,8,660,5,6,39.0,76.66666666666667,0.0061584,0.0055788,0.006659600000000002,5,6,20.0,92.5,0.17886485000000002,0.177726725,0.180002975,0.6,0.6,0.6,0.8866666666666667
4865550,10.0,15.0,8,642,6,6,44.333333333333336,61.666666666666664,0.006144800000000001,0.0058963,0.006271,6,7,18.0,75.42857142857143,0.18614865,0.18469897500000002,0.18759832499999998,0.3333333333333333,0.3333333333333333,0.3333333333333333,0.6897058823529412
4865558,10.0,15.0,8,649,6,7,35.333333333333336,61.57142857142857,0.0046763,0.0045032,0.0047708,5,6,19.2,91.33333333333333,0.1864257,0.18268310000000001,0.19016829999999998,0.3636363636363636,0.3333333333333333,0.4,0.7810685249709639
4912927,10.0,15.0,8,674,2,2,31.0,305.0,0.003243,0.0029564,0.0032771999999999996,0,1,0.0,674.0,0.060754800000000005,0.06042930000000001,0.061080300000000004,0.0,0.0,0.0,0.0
4915833,10.0,15.0,8,675,8,9,37.25,41.0,0.007289100000000001,0.0071116,0.007825,7,8,28.857142857142858,58.25,0.21372839999999999,0.2094696,0.2179872,0.6666666666666666,0.625,0.7142857142857143,0.8794759929976532
4940890,10.0,15.0,8,683,5,5,44.4,91.2,0.007705399999999999,0.0074118,0.0082384,5,6,18.8,97.33333333333333,0.21213055000000003,0.20871102500000002,0.215550075,0.20000000000000004,0.2,0.2,0.9090909090909091
5244934,10.0,15.0,8,656,10,10,47.2,17.4,0.009353,0.009155,0.009384700000000001,7,7,21.285714285714285,71.42857142857143,0.28941239999999996,0.288569,0.2902558,0.3529411764705882,0.3,0.42857142857142855,0.7562024264151924
5351422,10.0,15.0,8,654,6,6,42.5,65.5,0.006838399999999999,0.0067521000000000005,0.008711,7,8,23.0,60.75,0.22801724999999998,0.221353675,0.234680825,0.4615384615384615,0.5,0.42857142857142855,0.7154018128356542
5477477,10.0,15.0,8,678,3,3,38.333333333333336,186.66666666666666,0.005124699999999999,0.0047571,0.0052813999999999995,1,2,22.0,327.5,0.09539955000000001,0.09156027500000001,0.099238825,0.0,0.0,0.0,0.0
5499001,10.0,15.0,8,670,5,6,25.6,89.5,0.0035250999999999998,0.0033259,0.0042068,5,6,21.0,93.33333333333333,0.11088245000000001,0.10623362500000001,0.11553127499999999,0.8000000000000002,0.8,0.8,0.8190830721003135
5503058,10.0,15.0,8,916,9,8,65.22222222222223,40.0,0.0581482,0.0390399,0.0591791,7,7,26.714285714285715,103.14285714285714,0.4173277,0.4067642,0.4278912,0.6250000000000001,0.5555555555555556,0.7142857142857143,0.831510382333553
5503168,10.0,15.0,8,695,4,5,90.5,65.8,0.0113007,0.0112777,0.0122265,10,10,20.6,47.9,0.34819980000000006,0.34744225,0.34895735000000005,0.28571428571428575,0.5,0.2,0.5867346938775511
5503359,10.0,15.0,8,716,7,6,61.142857142857146,46.833333333333336,0.016466400000000003,0.0146188,0.016811299999999998,6,5,25.166666666666668,111.8,0.33089525,0.32655747500000004,0.33523302499999996,0.4615384615384615,0.42857142857142855,0.5,0.6696541211101766
5540718,10.0,15.0,8,663,7,8,48.285714285714285,39.75,0.007134500000000001,0.0071151,0.0071499,8,9,19.75,55.22222222222222,0.289377,0.2845583,0.2941957,0.26666666666666666,0.2857142857142857,0.25,0.6485042735042735
5540722,10.0,15.0,8,691,8,8,45.0,40.375,0.008283,0.0075807,0.0097891,5,6,32.6,87.16666666666667,0.30091429999999997,0.29383835,0.30799025,0.4615384615384615,0.375,0.6,0.8182905982905982
5540733,10.0,15.0,8,641,9,9,33.666666666666664,36.55555555555556,0.006464800000000001,0.0063403999999999995,0.006634,8,9,19.75,52.77777777777778,0.2777887,0.27316814999999994,0.28240925,0.7058823529411765,0.6666666666666666,0.75,0.6312383449044067
5540847,10.0,15.0,8,869,8,8,65.5,42.125,0.023875,0.0209951,0.0276591,7,7,24.428571428571427,98.71428571428571,0.35336985,0.35147172499999996,0.35526797499999996,0.39999999999999997,0.375,0.42857142857142855,0.8808808808808809
5547018,10.0,15.0,8,649,5,6,50.0,65.66666666666667,0.004956100000000001,0.004761100000000001,0.0059549,5,6,18.8,91.66666666666667,0.1801407,0.17952335,0.18075804999999998,0.0,0.0,0.0,0.0
5565253,10.0,15.0,8,670,7,7,46.0,48.714285714285715,0.0093493,0.009018700000000001,0.0097687,8,9,21.625,54.333333333333336,0.24159595,0.238073375,0.245118525,0.39999999999999997,0.42857142857142855,0.375,0.7377184867812453
5615881,10.0,15.0,8,1051,9,9,81.11111111111111,34.666666666666664,0.026135,0.025448400000000003,0.0276378,9,10,21.88888888888889,84.5,0.5548941500000001,0.5458229750000001,0.563965325,0.5555555555555556,0.5555555555555556,0.5555555555555556,0.7365656565656565
5615968,10.0,15.0,8,642,5,6,50.6,64.0,0.005966600000000001,0.005848399999999999,0.0070174,4,5,17.0,114.0,0.21666329999999998,0.20656445,0.22676215,0.0,0.0,0.0,0.0
5615986,10.0,15.0,8,685,7,8,51.714285714285715,39.5,0.010939200000000001,0.0096194,0.014334399999999999,9,9,20.77777777777778,54.333333333333336,0.2687862000000001,0.26711105000000007,0.27046135000000004,0.25,0.2857142857142857,0.2222222222222222,0.8973684210526316
5615988,10.0,15.0,8,671,8,9,46.0,32.77777777777778,0.0073615,0.0073269,0.007578,8,8,24.125,58.75,0.25880925000000005,0.247479875,0.270138625,0.375,0.375,0.375,0.7282430213464696
5616015,10.0,15.0,8,657,3,3,25.333333333333332,192.66666666666666,0.0032006,0.0031955999999999994,0.0033464000000000002,2,3,29.0,199.0,0.08240045,0.081391575,0.08340932499999999,0.8,0.6666666666666666,1.0,0.8882211538461539
5633515,10.0,15.0,8,663,9,9,34.666666666666664,38.0,0.0117411,0.0081755,0.012514100000000002,12,9,20.75,44.666666666666664,0.3031569,0.29364965000000004,0.31266415000000003,0.4761904761904762,0.5555555555555556,0.4166666666666667,0.7972194472194473
5692189,10.0,15.0,8,1527,7,8,166.57142857142858,44.25,0.2574031,0.2416916,0.2755882,3,4,294.3333333333333,160.25,0.8260381000000001,0.81176475,0.8403114500000001,0.6,0.42857142857142855,1.0,0.8442332294571101
5705278,10.0,15.0,8,643,8,9,41.125,34.0,0.0069186000000000004,0.0068537,0.0070368,6,7,26.666666666666668,68.14285714285714,0.20128325,0.19955742499999998,0.20300907499999998,0.7142857142857143,0.625,0.8333333333333334,0.7099525810084428
5705752,10.0,15.0,8,682,6,7,46.5,56.714285714285715,0.0078886,0.007853200000000001,0.008097799999999999,8,9,24.625,53.0,0.23146215,0.22571537500000002,0.237208925,0.7142857142857143,0.8333333333333334,0.625,0.8203699048413204
5706077,10.0,15.0,8,656,6,6,48.833333333333336,59.5,0.006548599999999999,0.0065485,0.0068071,8,7,26.625,62.142857142857146,0.18840169999999998,0.1875883,0.18921509999999997,0.5714285714285715,0.6666666666666666,0.5,0.7518573593946729
5706137,10.0,15.0,8,737,10,9,58.3,16.0,0.013311799999999999,0.013216199999999999,0.014773599999999998,8,9,24.5,59.22222222222222,0.4133980499999999,0.394033425,0.432762675,0.11111111111111112,0.1,0.125,0.6144578313253012
5715345,10.0,15.0,8,923,6,7,81.5,61.142857142857146,0.0245285,0.0242193,0.027369599999999997,5,6,81.6,85.0,0.3306213,0.31737425,0.34386835000000004,0.7272727272727272,0.6666666666666666,0.8,0.8339651211361737
5771585,10.0,15.0,8,720,7,8,56.57142857142857,39.625,0.014716300000000002,0.0131362,0.0148829,7,6,24.857142857142858,89.83333333333333,0.24683980000000003,0.24087915000000001,0.25280045,0.2857142857142857,0.2857142857142857,0.2857142857142857,0.5800346095608911
5771621,10.0,15.0,8,675,7,8,45.0,44.125,0.008153800000000001,0.0080055,0.0083149,8,9,20.0,56.333333333333336,0.29579725,0.28962577500000003,0.301968725,0.26666666666666666,0.2857142857142857,0.25,0.8818181818181818
5772092,10.0,15.0,8,729,9,9,45.44444444444444,34.55555555555556,0.0128532,0.012831299999999999,0.0160162,10,8,29.6,52.875,0.3096224,0.30918055,0.31006425,0.631578947368421,0.6666666666666666,0.6,0.8514753615560067
5772102,10.0,15.0,8,725,7,7,61.857142857142854,40.714285714285715,0.0097782,0.0096489,0.009878399999999999,12,11,23.75,38.90909090909091,0.31093434999999997,0.309643625,0.312225075,0.3157894736842105,0.42857142857142855,0.25,0.8024691358024691
5772192,10.0,15.0,8,706,9,10,44.333333333333336,29.8,0.0083122,0.0082864,0.0085792,8,8,19.0,68.25,0.33069839999999995,0.32125775,0.34013905,0.35294117647058826,0.3333333333333333,0.375,0.7031425364758698
5874746,10.0,15.0,8,729,8,7,51.875,43.714285714285715,0.0100984,0.0100956,0.0111435,6,7,31.166666666666668,76.57142857142857,0.26606535000000003,0.26529327499999994,0.26683742499999996,0.28571428571428575,0.25,0.3333333333333333,0.7785145888594165
5874767,10.0,15.0,8,1278,10,10,108.1,18.7,0.0451675,0.0446552,0.04526589999999999,10,10,27.0,99.8,0.6938753500000001,0.684925175,0.702825525,0.5,0.5,0.5,0.7421400107060013
5874769,10.0,15.0,8,649,7,7,49.42857142857143,42.285714285714285,0.0073624,0.007255,0.0076209,8,9,18.625,54.666666666666664,0.29112630000000006,0.29002960000000005,0.292223,0.13333333333333333,0.14285714285714285,0.125,0.5111111111111111
5874787,10.0,15.0,8,1064,7,7,124.85714285714286,26.142857142857142,0.0492181,0.048769599999999996,0.0507926,9,9,72.66666666666667,44.55555555555556,0.6991995499999999,0.684668625,0.7137304750000001,0.375,0.42857142857142855,0.3333333333333333,0.8776361768165047
5875173,10.0,15.0,8,712,6,6,100.0,17.666666666666668,0.024141099999999995,0.023501900000000003,0.024646900000000003,14,11,17.285714285714285,41.45454545454545,0.3977611,0.3972946,0.39822759999999996,0.1,0.16666666666666666,0.07142857142857142,0.9473684210526315
5882173,10.0,15.0,8,665,8,9,49.25,29.22222222222222,0.007976,0.0079208,0.0079942,7,7,22.857142857142858,71.14285714285714,0.269072,0.2633325000000001,0.2748115,0.26666666666666666,0.25,0.2857142857142857,0.926043557168784
5969330,10.0,15.0,8,721,8,9,39.5,44.111111111111114,0.007429,0.0066953,0.0077464000000000005,11,11,23.09090909090909,41.45454545454545,0.23206980000000002,0.2320191,0.2321205,0.631578947368421,0.75,0.5454545454545454,0.7120603932613863
5969331,10.0,15.0,8,706,7,7,55.57142857142857,44.285714285714285,0.010246100000000001,0.0100938,0.010254899999999999,11,12,25.363636363636363,34.666666666666664,0.32898765,0.32382977500000004,0.334145525,0.4444444444444444,0.5714285714285714,0.36363636363636365,0.6420261483918035
5969362,10.0,15.0,8,672,9,8,31.444444444444443,47.5,0.0072271,0.007129900000000001,0.0080503,9,9,23.333333333333332,50.333333333333336,0.24972175,0.245496875,0.253946625,0.5555555555555556,0.5555555555555556,0.5555555555555556,0.9123039215686273
6058407,10.0,15.0,8,696,7,7,50.42857142857143,48.0,0.0078097,0.0077759,0.0081398,6,7,18.0,83.14285714285714,0.2179566,0.2160688,0.2198444,0.30769230769230765,0.2857142857142857,0.3333333333333333,0.5720766129032258
6062407,10.0,15.0,8,666,7,8,47.285714285714285,41.0,0.0069832,0.0069609,0.007084399999999999,9,10,25.77777777777778,42.5,0.2419715,0.23998580000000003,0.24395719999999999,0.375,0.42857142857142855,0.3333333333333333,0.9285714285714285
6109129,10.0,15.0,8,721,5,6,53.2,75.0,0.007684399999999999,0.007454800000000001,0.0088827,9,9,19.333333333333332,59.77777777777778,0.21455195,0.212661625,0.216442275,0.2857142857142857,0.4,0.2222222222222222,0.7421052631578948
6148097,10.0,15.0,8,725,9,9,42.888888888888886,36.666666666666664,0.0104049,0.0101795,0.0122561,7,7,42.57142857142857,60.0,0.25581175,0.25434012500000003,0.257283375,0.75,0.6666666666666666,0.8571428571428571,0.8704812717770034
6148143,10.0,15.0,8,677,6,6,42.333333333333336,69.5,0.0064085,0.0062556,0.006524899999999999,2,3,17.5,213.33333333333334,0.17675870000000002,0.1725652,0.1809522,0.25,0.16666666666666666,0.5,0.9
6148208,10.0,15.0,8,646,6,6,59.333333333333336,47.333333333333336,0.010306200000000001,0.010253799999999999,0.0115818,8,9,22.625,50.77777777777778,0.33090125,0.32512757499999995,0.336674925,0.14285714285714288,0.16666666666666666,0.125,0.5294117647058824
6190357,10.0,15.0,8,710,6,6,50.0,67.33333333333333,0.011236,0.0108224,0.011385100000000002,5,5,37.4,103.6,0.21827315,0.21807127500000004,0.21847502499999996,0.5454545454545454,0.5,0.6,0.788865668176013
6193396,10.0,15.0,8,658,9,9,41.22222222222222,30.88888888888889,0.008790200000000001,0.008786,0.0101937,9,9,21.22222222222222,50.888888888888886,0.31565764999999996,0.314544475,0.316770825,0.5555555555555556,0.5555555555555556,0.5555555555555556,0.7599078341013825
6193436,10.0,15.0,8,666,6,6,94.16666666666667,15.833333333333334,0.013660300000000002,0.0132032,0.019324099999999997,10,11,25.0,36.90909090909091,0.42357835,0.41654412500000004,0.43061257499999994,0.125,0.16666666666666666,0.1,0.918918918918919
4216956,10.0,30.0,15,910,4,5,120.0,85.2,0.037267699999999994,0.035096800000000004,0.0441677,5,6,70.2,92.33333333333333,0.35896645000000005,0.357730325,0.360202575,0.6666666666666665,0.75,0.6,0.6207749971168263
4272243,10.0,30.0,15,646,1,2,30.0,307.5,0.0036490999999999997,0.0034940999999999995,0.0037309999999999995,1,2,47.0,299.0,0.0723889,0.06990795,0.07486985,1.0,1.0,1.0,0.6382978723404256
4344977,10.0,30.0,15,1187,5,6,156.0,67.0,0.050788099999999996,0.0493097,0.05308109999999999,5,6,134.0,85.33333333333333,0.55546925,0.539264025,0.571674475,1.0,1.0,1.0,0.8226868115162429
4350946,10.0,30.0,15,690,5,5,50.0,87.0,0.0084617,0.008185000000000001,0.008472700000000001,5,5,47.0,90.0,0.22468095000000002,0.22409127500000003,0.22527062499999997,0.8000000000000002,0.8,0.8,0.7987921293590493
4351935,10.0,30.0,15,775,4,5,84.25,86.8,0.013534899999999999,0.013417399999999998,0.015029299999999999,1,2,51.0,361.5,0.27795020000000004,0.2764861,0.27941430000000006,0.4,0.25,1.0,0.9411764705882353
4352377,10.0,30.0,15,716,3,4,80.0,118.25,0.0099094,0.009798399999999999,0.0101245,3,4,39.666666666666664,148.5,0.22636314999999999,0.21934727499999998,0.233379025,0.6666666666666666,0.6666666666666666,0.6666666666666666,0.941860465116279
4358853,10.0,30.0,15,666,2,3,41.0,194.0,0.007315300000000001,0.006591,0.0097321,1,2,36.0,314.5,0.16898934999999998,0.16773882499999998,0.17023987499999996,0.0,0.0,0.0,0.0
4359232,10.0,30.0,15,681,2,3,42.5,198.0,0.0036973999999999996,0.0036953000000000003,0.0037193000000000005,1,2,37.0,321.5,0.08124120000000001,0.08095625000000002,0.08152614999999999,0.6666666666666666,0.5,1.0,0.972972972972973
4370045,10.0,30.0,15,720,3,4,81.0,118.5,0.0073038,0.007270799999999999,0.0073419,2,3,46.5,208.33333333333334,0.1783471,0.177526,0.1791682,0.8,0.6666666666666666,1.0,0.9555023923444976
4389353,10.0,30.0,15,650,3,4,48.333333333333336,125.5,0.004997,0.0049774,0.0064858,3,4,37.333333333333336,133.75,0.1423539,0.13989520000000003,0.14481259999999999,0.6666666666666666,0.6666666666666666,0.6666666666666666,0.9594771241830065
4389414,10.0,30.0,15,645,5,5,40.6,87.4,0.0047422,0.004698399999999999,0.0048433,4,4,41.25,119.0,0.13706120000000002,0.13564915,0.13847325,0.888888888888889,0.8,1.0,0.9286498708010336
4392729,10.0,30.0,15,652,3,4,53.666666666666664,122.0,0.0055363999999999995,0.0053788,0.0057002,1,2,30.0,310.5,0.15524295000000002,0.154913525,0.155572375,0.0,0.0,0.0,0.0
4393045,10.0,30.0,15,936,3,4,162.0,111.75,0.0389502,0.038726199999999995,0.039666099999999996,3,4,121.33333333333333,142.25,0.35495720000000003,0.3538745,0.35603989999999996,0.6666666666666666,0.6666666666666666,0.6666666666666666,0.7715215215215215
4440451,10.0,30.0,15,657,2,3,52.5,183.33333333333334,0.0039237,0.0037904,0.0039715,0,1,0.0,657.0,0.09226764999999999,0.092096575,0.092438725,0.0,0.0,0.0,0.0
4443744,10.0,30.0,15,710,5,6,49.4,76.33333333333333,0.0067171999999999996,0.0066529,0.006823,1,2,48.0,330.5,0.21381789999999998,0.2125572,0.21507859999999998,0.33333333333333337,0.2,1.0,0.9375
4448887,10.0,30.0,15,666,6,6,51.833333333333336,58.166666666666664,0.008154,0.0069299,0.0085144,5,5,45.0,87.2,0.21279175,0.21176177499999999,0.21382172500000002,0.9090909090909091,0.8333333333333334,1.0,0.7679696047153353
4469551,10.0,30.0,15,670,2,3,46.5,191.66666666666666,0.0057299000000000004,0.0056289999999999995,0.006853000000000001,4,5,32.5,107.2,0.14231319999999997,0.14132535000000002,0.14330104999999999,0.3333333333333333,0.5,0.25,0.723404255319149
4472905,10.0,30.0,15,816,3,4,112.33333333333333,119.0,0.017186200000000002,0.0169588,0.0205585,3,4,104.66666666666667,124.75,0.26194155,0.261216775,0.26266632500000003,1.0,1.0,1.0,0.8886052303860522
4473229,10.0,30.0,15,673,4,4,54.5,112.75,0.0051135,0.0050853999999999995,0.0051855,3,3,55.333333333333336,168.0,0.1497479,0.1496856,0.1498102,0.8571428571428571,0.75,1.0,0.9687970450234601
4481970,10.0,30.0,15,642,2,3,57.5,175.0,0.0057223000000000005,0.0057111,0.0069993,1,2,39.0,301.0,0.1580821,0.15528329999999999,0.16088090000000002,0.6666666666666666,0.5,1.0,0.5909090909090909
4482888,10.0,30.0,15,647,0,1,0.0,647.0,0.002459,0.0024209,0.0025480999999999998,0,1,0.0,647.0,0.0224987,0.0218463,0.023151099999999997,0.0,0.0,0.0,0.0
4487550,10.0,30.0,15,653,3,4,54.666666666666664,121.5,0.005413800000000001,0.0052411,0.0054334,3,4,56.333333333333336,120.25,0.15706885,0.15683177500000003,0.157305925,1.0,1.0,1.0,0.9721400771314713
4487946,10.0,30.0,15,710,1,2,466.0,121.5,0.0395967,0.0395925,0.0400084,1,2,429.0,140.0,0.30758935,0.30691747500000005,0.30826122499999997,1.0,1.0,1.0,0.9206008583690987
4504164,10.0,30.0,15,649,5,5,52.8,76.0,0.0067715,0.0064576,0.006870899999999998,2,3,34.0,193.0,0.21761599999999998,0.21515394999999998,0.22007805,0.28571428571428575,0.2,0.5,0.5454545454545454
4527487,10.0,30.0,15,671,4,5,87.0,63.8,0.0271817,0.0202412,0.0291078,3,4,38.333333333333336,138.25,0.38830309999999996,0.38418159999999996,0.39242459999999996,0.5714285714285715,0.5,0.6666666666666666,0.9033927544565843
4544584,10.0,30.0,15,672,2,3,44.0,194.0,0.005493200000000001,0.0052171000000000006,0.0079608,3,4,42.333333333333336,135.5,0.1751375,0.17495844999999996,0.17531655000000002,0.4,0.5,0.3333333333333333,0.775
4547202,10.0,30.0,15,696,4,5,58.5,91.6,0.009389799999999998,0.0089619,0.011589700000000001,4,5,64.25,87.0,0.25651795,0.254944775,0.258091125,0.75,0.75,0.75,0.8844233034879266
4559519,10.0,30.0,15,991,5,6,122.8,62.0,0.0419205,0.041519099999999996,0.0451375,2,3,196.0,199.0,0.41317239999999994,0.40903930000000005,0.41730549999999994,0.5714285714285715,0.4,1.0,0.8999286967968407
4575701,10.0,30.0,15,700,1,2,34.0,332.5,0.004351600000000001,0.0041228,0.0049134,1,2,39.0,330.0,0.109894,0.1095178,0.1102702,0.0,0.0,0.0,0.0
4579744,10.0,30.0,15,678,5,6,53.4,67.66666666666667,0.0069046,0.0068433999999999995,0.0087297,3,4,39.333333333333336,139.25,0.22567224999999996,0.223473925,0.227870575,0.7499999999999999,0.6,1.0,0.8491363543995124
4605892,10.0,30.0,15,678,5,4,111.0,29.5,0.0183707,0.0182414,0.0183755,6,6,35.5,76.5,0.38067929999999994,0.3787274,0.38263119999999995,0.1818181818181818,0.2,0.16666666666666666,0.9696969696969697
4668185,10.0,30.0,15,641,6,7,42.166666666666664,54.57142857142857,0.0052357,0.0051193,0.0052715,6,6,38.166666666666664,67.66666666666667,0.17921979999999998,0.17513999999999996,0.1832996,0.8333333333333334,0.8333333333333334,0.8333333333333334,0.906040445293459
4705097,10.0,30.0,15,659,4,4,47.0,116.75,0.006463299999999999,0.0062125,0.0070578,4,4,51.25,112.5,0.14874405000000002,0.14814752500000003,0.149340575,1.0,1.0,1.0,0.9071769077345986
4724133,10.0,30.0,15,650,3,3,50.666666666666664,165.0,0.0047378,0.0045758000000000005,0.0048407,3,4,37.333333333333336,133.75,0.1378685,0.13540554999999999,0.14033144999999997,0.6666666666666666,0.6666666666666666,0.6666666666666666,0.7391304347826086
4749525,10.0,30.0,15,805,2,3,134.0,178.33333333333334,0.010482100000000001,0.010375700000000002,0.0113276,3,4,102.33333333333333,123.75,0.18043755,0.180041175,0.18083392499999998,0.8,1.0,0.6666666666666666,0.9670421360033374
4754626,10.0,30.0,15,1144,3,4,220.33333333333334,120.0,0.040962900000000003,0.0403984,0.041559599999999995,3,4,203.33333333333334,132.75,0.45320485,0.447723875,0.458685825,0.6666666666666666,0.6666666666666666,0.6666666666666666,0.8972026355334644
4754956,10.0,30.0,15,647,4,5,54.0,85.4,0.006881,0.0059746,0.0096925,4,5,35.75,100.0,0.17530695000000002,0.17228232500000001,0.178331575,0.75,0.75,0.75,0.8392503015144525
4775763,10.0,30.0,15,718,3,4,63.333333333333336,131.25,0.0081093,0.0081048,0.0098341,6,7,45.5,62.714285714285715,0.27618165,0.274696675,0.277666625,0.6666666666666666,1.0,0.5,0.8225581903742823
4785421,10.0,30.0,15,773,4,4,73.25,119.0,0.012690600000000002,0.0123391,0.013329499999999998,4,4,70.5,121.75,0.24904415000000002,0.24808622499999997,0.250002075,0.75,0.75,0.75,0.9375698985020996
4789937,10.0,30.0,15,678,3,3,34.0,191.0,0.007658199999999999,0.0071877,0.0077263,5,4,34.6,125.0,0.18947149999999996,0.1891659,0.1897771,0.5,0.6666666666666666,0.4,0.9714285714285714
4792515,10.0,30.0,15,705,5,6,75.2,54.0,0.0111912,0.0110628,0.0112905,6,5,42.5,88.8,0.31842880000000007,0.31704560000000004,0.31981200000000004,0.3636363636363636,0.4,0.3333333333333333,0.69
4811115,10.0,30.0,15,643,2,3,59.5,174.0,0.0053599,0.0047889,0.0064096000000000005,3,4,52.0,121.0,0.12188845,0.12136862500000001,0.122408275,0.8,1.0,0.6666666666666666,0.9751143395211191
4824328,10.0,30.0,15,688,3,4,73.33333333333333,116.25,0.0092681,0.009146399999999999,0.0094336,2,3,87.0,170.66666666666666,0.22824525000000004,0.224775025,0.23171547500000003,0.8,0.6666666666666666,1.0,0.9779647435897436
4861227,10.0,30.0,15,710,7,8,59.714285714285715,35.625,0.0097827,0.009084700000000001,0.011218299999999999,7,8,51.142857142857146,43.125,0.3292397,0.32241559999999997,0.33606379999999997,0.7142857142857143,0.7142857142857143,0.7142857142857143,0.9628402420119275
4861687,10.0,30.0,15,746,6,7,59.333333333333336,54.857142857142854,0.0088316,0.0086409,0.0090825,5,6,37.0,92.66666666666667,0.2719656,0.27121290000000003,0.27271829999999997,0.5454545454545454,0.5,0.6,0.7133080808080807
4862222,10.0,30.0,15,670,3,4,58.0,123.25,0.005117600000000001,0.0050333,0.005644,3,4,51.666666666666664,128.0,0.12407510000000002,0.11987305000000002,0.12827715,1.0,1.0,1.0,0.8754047884482667
4862380,10.0,30.0,15,660,3,4,36.666666666666664,136.75,0.0058561,0.0056605,0.0079701,2,3,35.0,196.0,0.14925705,0.14765207500000002,0.15086202499999998,0.8,0.6666666666666666,1.0,0.8625
4865550,10.0,30.0,15,642,5,5,48.6,78.8,0.0064763,0.0064034999999999995,0.0068775,3,4,38.0,131.25,0.1859858,0.18509335,0.18687825000000002,0.5,0.4,0.6666666666666666,0.9759001161440186
4865558,10.0,30.0,15,649,1,2,30.0,309.0,0.00514,0.005017,0.0051949,4,5,36.0,100.2,0.13848324999999997,0.13466622499999997,0.142300275,0.4,1.0,0.25,0.9090909090909091
4912927,10.0,30.0,15,674,1,2,33.0,320.0,0.0028393000000000003,0.0028333,0.0028479,1,2,36.0,318.5,0.04493054999999999,0.044068875,0.045792225,1.0,1.0,1.0,0.9166666666666666
4915833,10.0,30.0,15,675,3,4,61.666666666666664,121.75,0.0064218999999999995,0.006283700000000001,0.0066015,2,3,54.0,188.33333333333334,0.19597834999999997,0.19557757499999995,0.196379125,0.8,0.6666666666666666,1.0,0.9069119286510591
4940890,10.0,30.0,15,683,2,3,66.0,183.0,0.0067667,0.006703,0.0068805,2,3,44.0,197.66666666666666,0.15585295000000002,0.154165475,0.15754042499999998,0.5,0.5,0.5,0.9622641509433962
5244934,10.0,30.0,15,656,5,6,62.2,56.666666666666664,0.0084971,0.0084399,0.0084971,5,6,41.2,74.16666666666667,0.2714742,0.2698035,0.27314489999999997,0.8000000000000002,0.8,0.8,0.7462167070217918
5351422,10.0,30.0,15,654,3,4,49.0,126.0,0.0063938,0.006294599999999999,0.0067577,3,3,33.333333333333336,183.66666666666666,0.1683293,0.1681836,0.16847500000000004,0.3333333333333333,0.3333333333333333,0.3333333333333333,0.8648648648648649
5477477,10.0,30.0,15,678,2,2,43.5,294.5,0.0033499999999999997,0.0033355999999999998,0.0033696999999999998,0,1,0.0,678.0,0.07156014999999999,0.07117602499999999,0.07194427499999999,0.0,0.0,0.0,0.0
5499001,10.0,30.0,15,670,1,2,35.0,317.0,0.0035648000000000003,0.0035542,0.0036088,2,3,36.0,198.66666666666666,0.0857191,0.08519665,0.08624155,0.6666666666666666,1.0,0.5,0.9722222222222222
5503058,10.0,30.0,15,916,4,5,112.5,92.4,0.034025900000000005,0.0340255,0.0343495,4,4,35.75,192.25,0.36805319999999997,0.3635906,0.3725158,0.25,0.25,0.25,0.868421052631579
5503168,10.0,30.0,15,695,4,5,59.25,90.8,0.011800800000000002,0.0116723,0.0118136,5,6,41.2,80.66666666666667,0.2728976,0.27123980000000003,0.2745554,0.4444444444444445,0.5,0.4,0.6751962323390894
5503359,10.0,30.0,15,716,4,5,72.0,84.8,0.0125133,0.012312499999999999,0.012728999999999999,4,4,39.5,138.5,0.26432144999999996,0.261441525,0.267201375,0.5,0.5,0.5,0.6386071670047329
5540718,10.0,30.0,15,663,6,7,47.0,53.57142857142857,0.0074961,0.007363,0.0078201,6,7,48.166666666666664,52.57142857142857,0.2296426,0.22909490000000002,0.2301903,0.8333333333333334,0.8333333333333334,0.8333333333333334,0.9212337662337662
5540722,10.0,30.0,15,691,4,4,44.5,127.25,0.0075702,0.0075219,0.007829200000000001,4,5,42.25,103.6,0.21296189999999998,0.20888350000000003,0.2170403,0.5,0.5,0.5,0.9415384615384615
5540733,10.0,30.0,15,641,2,3,52.5,178.0,0.0060593999999999995,0.005698399999999999,0.0062231000000000005,6,7,37.0,59.0,0.18927729999999998,0.18902725,0.18952734999999998,0.5,1.0,0.3333333333333333,0.73397212543554
5540847,10.0,30.0,15,869,6,6,75.5,68.33333333333333,0.0181781,0.017875,0.018509,5,5,45.4,127.4,0.30411015,0.30091647499999996,0.30730382500000003,0.7272727272727272,0.6666666666666666,0.8,0.8536804851964427
5547018,10.0,30.0,15,649,5,6,49.4,66.16666666666667,0.0053353,0.0052566,0.0053712,3,4,52.333333333333336,122.25,0.14954455000000003,0.146629475,0.152459625,0.7499999999999999,0.6,1.0,0.9561602418745276
5565253,10.0,30.0,15,670,3,4,60.666666666666664,121.25,0.0078578,0.007714100000000001,0.008083499999999999,4,4,41.0,125.5,0.19412785000000002,0.192306625,0.195949075,0.28571428571428575,0.3333333333333333,0.25,0.8367346938775511
5615881,10.0,30.0,15,1051,5,5,128.4,80.8,0.0260178,0.0259799,0.0265382,3,4,123.66666666666667,169.25,0.4414872,0.4312256,0.45174880000000006,0.5,0.4,0.6666666666666666,0.9789204545454546
5615968,10.0,30.0,15,642,5,6,47.8,66.33333333333333,0.0058679,0.005838899999999999,0.006032399999999999,3,4,50.0,122.25,0.17525629999999998,0.16297479999999998,0.18753779999999998,0.7499999999999999,0.6,1.0,0.8825151787415938
5615986,10.0,30.0,15,685,5,6,61.8,61.833333333333336,0.0093829,0.0092311,0.00992,5,6,38.6,81.16666666666667,0.27614079999999996,0.25952109999999995,0.29276050000000003,0.6,0.6,0.6,0.743174603174603
5615988,10.0,30.0,15,671,4,5,51.5,92.2,0.011100700000000002,0.0102901,0.0114973,3,4,41.666666666666664,135.75,0.23624794999999998,0.236213025,0.236282875,0.28571428571428575,0.25,0.3333333333333333,0.7777777777777778
5616015,10.0,30.0,15,657,0,1,0.0,657.0,0.0032566,0.0032129000000000003,0.003706,1,2,32.0,312.0,0.05678650000000001,0.05555425,0.05801875,0.0,0.0,0.0,0.0
5633515,10.0,30.0,15,663,5,6,43.2,73.66666666666667,0.0092813,0.0084803,0.0114731,6,6,40.5,69.0,0.2917476,0.28920070000000003,0.2942945,0.7272727272727272,0.8,0.6666666666666666,0.8195779220779221
5692189,10.0,30.0,15,1527,5,6,222.2,68.5,0.268001,0.26570459999999996,0.2801957,4,5,238.0,114.2,0.7433391500000001,0.738367825,0.748310475,0.888888888888889,0.8,1.0,0.9498870185272731
5705278,10.0,30.0,15,643,7,8,42.285714285714285,42.5,0.0068888000000000005,0.0065859,0.0093373,7,8,39.0,45.375,0.21710215,0.211068325,0.223135975,0.8571428571428571,0.8571428571428571,0.8571428571428571,0.8927716841185277
5705752,10.0,30.0,15,682,3,4,63.0,122.5,0.0081859,0.0080411,0.008227100000000001,4,5,42.0,102.0,0.20383465,0.202944825,0.204724475,0.5714285714285715,0.6666666666666666,0.5,0.8323798627002288
5706077,10.0,30.0,15,656,4,4,51.25,111.75,0.006708100000000001,0.0066625,0.0067868,4,4,41.75,121.25,0.19658465,0.194611525,0.198557775,0.75,0.75,0.75,0.8389729442361021
5706137,10.0,30.0,15,737,8,9,61.5,26.333333333333332,0.014185200000000002,0.0141174,0.0170657,9,9,42.666666666666664,38.22222222222222,0.45862130000000007,0.43781149999999996,0.4794311000000001,0.5882352941176471,0.625,0.5555555555555556,0.7600536559946351
5715345,10.0,30.0,15,923,3,4,141.33333333333334,124.0,0.0291724,0.026601200000000002,0.029949800000000002,3,4,133.0,130.25,0.333101,0.33248409999999995,0.33371789999999996,1.0,1.0,1.0,0.9550254304473541
5771585,10.0,30.0,15,720,5,6,69.4,61.333333333333336,0.0110072,0.0109774,0.011692600000000001,4,5,44.0,108.0,0.33589425,0.319902425,0.351886075,0.6666666666666665,0.6,0.75,0.7343244990303814
5771621,10.0,30.0,15,675,4,5,43.25,99.6,0.016145299999999998,0.0158226,0.0166923,5,6,36.8,81.0,0.33144440000000003,0.32660490000000003,0.3362839,0.6666666666666665,0.75,0.6,0.9029304029304029
5772092,10.0,30.0,15,729,6,7,54.333333333333336,56.714285714285715,0.019154599999999997,0.0191105,0.0193773,7,8,46.714285714285715,49.375,0.37263825,0.36950497499999996,0.37577152500000005,0.6153846153846153,0.6666666666666666,0.5714285714285714,0.8812210648148148
5772102,10.0,30.0,15,725,5,6,63.2,67.33333333333333,0.0177936,0.0097554,0.0200357,3,3,42.0,198.66666666666666,0.38065990000000005,0.37759700000000007,0.3837228,0.5,0.4,0.6666666666666666,0.9028301886792454
5772192,10.0,30.0,15,706,4,5,40.5,108.0,0.017115400000000003,0.0170226,0.0173052,5,5,40.6,99.6,0.3203955,0.31509064999999997,0.32570035,0.4444444444444445,0.5,0.4,0.7235772357723578
5874746,10.0,30.0,15,729,5,5,59.6,85.2,0.0209909,0.0191102,0.021065599999999997,4,5,51.0,104.2,0.3481418,0.34023295000000003,0.35605064999999997,0.6666666666666665,0.6,0.75,0.7724223438509153
5874767,10.0,30.0,15,1278,8,9,119.75,34.666666666666664,0.0866253,0.08545810000000001,0.089367,7,8,110.57142857142857,62.125,0.9163752999999999,0.90664295,0.9261076500000001,0.6666666666666666,0.625,0.7142857142857143,0.7327113455246035
5874769,10.0,30.0,15,649,5,5,49.0,79.8,0.012987400000000001,0.011911300000000001,0.013294100000000001,7,6,43.57142857142857,56.166666666666664,0.29416665000000003,0.286169575,0.302163725,0.8333333333333333,1.0,0.7142857142857143,0.8216324284666177
5874787,10.0,30.0,15,1064,6,7,123.33333333333333,45.42857142857143,0.05074610000000001,0.049928,0.0585887,6,6,106.16666666666667,70.16666666666667,0.7509904,0.7442295,0.7577513,0.5,0.5,0.5,0.8744565376144324
5875173,10.0,30.0,15,712,5,6,110.4,25.833333333333332,0.0420875,0.0404382,0.046689699999999994,5,5,49.6,91.8,0.5148658,0.5008412000000001,0.5288904,0.6,0.6,0.6,0.794380796508456
5882173,10.0,30.0,15,665,7,8,50.57142857142857,38.0,0.015095,0.0150754,0.0151334,6,7,45.333333333333336,55.285714285714285,0.30325145000000003,0.3021124250000001,0.304390475,0.7692307692307692,0.7142857142857143,0.8333333333333334,0.9176078781200261
5969330,10.0,30.0,15,721,4,5,39.0,112.2,0.010719600000000001,0.008661700000000001,0.013329299999999999,5,5,41.8,101.4,0.287232,0.2857939,0.28867010000000004,0.888888888888889,1.0,0.8,0.8263809914992264
5969331,10.0,30.0,15,706,5,6,54.4,71.5,0.010047700000000001,0.0096886,0.0102375,6,7,43.833333333333336,62.42857142857143,0.36573374999999997,0.362064625,0.369402875,0.9090909090909091,1.0,0.8333333333333334,0.7724191838897722
5969362,10.0,30.0,15,672,4,5,41.5,100.4,0.011571399999999999,0.0109115,0.011809,4,4,47.25,119.75,0.28933825,0.28221697500000004,0.296459525,0.75,0.75,0.75,0.8564879564879565
6058407,10.0,30.0,15,696,5,5,50.4,87.8,0.0143845,0.0133028,0.0151294,5,6,38.2,83.33333333333333,0.3152399,0.31483980000000006,0.31564,0.6,0.6,0.6,0.9105582155342757
6062407,10.0,30.0,15,666,5,6,54.4,64.83333333333333,0.0076038,0.007571800000000001,0.0077559000000000005,5,6,44.0,73.5,0.27284165000000005,0.267307525,0.27837577500000005,0.6,0.6,0.6,0.903922409173722
6109129,10.0,30.0,15,721,3,4,76.66666666666667,122.0,0.0135986,0.012398400000000002,0.014763100000000001,2,3,47.5,208.0,0.2606674,0.25440094999999996,0.26693385000000003,0.8,0.6666666666666666,1.0,0.9514652014652014
6148097,10.0,30.0,15,725,2,3,97.5,176.0,0.020525099999999998,0.0189929,0.0205735,6,6,51.166666666666664,68.66666666666667,0.33877465,0.336371525,0.341177775,0.5,1.0,0.3333333333333333,0.8662917575961054
6148143,10.0,30.0,15,677,4,5,52.0,93.0,0.0125056,0.0122264,0.012693799999999998,1,2,31.0,322.5,0.224111,0.2226216,0.2256004,0.4,0.25,1.0,0.5344827586206896
6148208,10.0,30.0,15,646,4,5,74.25,69.0,0.020887499999999996,0.020358099999999997,0.0210914,4,5,41.25,95.4,0.3145456,0.30186015000000005,0.32723104999999997,0.5,0.5,0.5,0.6502403846153846
6190357,10.0,30.0,15,710,2,2,105.5,248.5,0.010668799999999999,0.0105457,0.0107212,4,4,55.75,120.75,0.24387974999999998,0.236100675,0.251658825,0.6666666666666666,1.0,0.5,0.7990716180371353
6193396,10.0,30.0,15,658,4,5,52.25,89.0,0.0084195,0.0084155,0.0087252,5,5,47.0,83.6,0.31910985,0.308638825,0.329580875,0.4444444444444445,0.5,0.4,0.7547619047619047
6193436,10.0,30.0,15,666,7,7,67.28571428571429,26.857142857142858,0.024363,0.023926700000000006,0.0255365,5,5,39.2,93.0,0.4389977,0.4288857,0.44910970000000006,0.5,0.42857142857142855,0.6,0.7818507127225409
4216956,10.0,60.0,30,910,2,3,193.5,173.66666666666666,0.033668800000000006,0.032207200000000005,0.0433008,3,4,108.33333333333333,145.5,0.3951491,0.38811975000000004,0.40217844999999997,0.8,1.0,0.6666666666666666,0.8019052155275066
4272243,10.0,60.0,30,646,0,1,0.0,646.0,0.005873300000000001,0.0056748,0.00606,0,1,0.0,646.0,0.0295983,0.0295874,0.0296092,0.0,0.0,0.0,0.0
4344977,10.0,60.0,30,1187,3,4,220.0,131.0,0.089428,0.0799623,0.08965630000000001,4,5,187.25,86.8,0.5604634000000001,0.5537598,0.567167,0.8571428571428571,1.0,0.75,0.9617393346209826
4350946,10.0,60.0,30,690,0,1,0.0,690.0,0.009792700000000001,0.008074399999999999,0.013990299999999999,2,3,60.5,189.0,0.17822054999999998,0.16934402500000004,0.187097075,0.0,0.0,0.0,0.0
4351935,10.0,60.0,30,775,2,3,113.5,182.0,0.0264862,0.026344700000000002,0.0265815,2,3,70.0,211.0,0.23340374999999997,0.222777075,0.24403042500000002,0.5,0.5,0.5,0.9705882352941176
4352377,10.0,60.0,30,716,1,2,157.0,279.0,0.019756,0.0108181,0.0198983,0,1,0.0,716.0,0.2274419,0.22668715,0.22819665,0.0,0.0,0.0,0.0
4358853,10.0,60.0,30,666,0,1,0.0,666.0,0.0117638,0.0116484,0.0117723,0,1,0.0,666.0,0.10287310000000001,0.09799864999999999,0.10774755,0.0,0.0,0.0,0.0
4359232,10.0,60.0,30,681,0,1,0.0,681.0,0.007473800000000001,0.0073616,0.0074887,0,1,0.0,681.0,0.07771775,0.076423425,0.079012075,0.0,0.0,0.0,0.0
4370045,10.0,60.0,30,720,1,2,154.0,282.5,0.015196600000000001,0.0151476,0.015261799999999999,2,2,72.5,286.5,0.19275555000000003,0.19126127500000004,0.194249825,0.6666666666666666,1.0,0.5,0.5324675324675324
4389353,10.0,60.0,30,650,1,2,65.0,292.0,0.0067354,0.0051093,0.0095523,1,2,70.0,289.5,0.15094725,0.149884875,0.152009625,1.0,1.0,1.0,0.9285714285714286
4389414,10.0,60.0,30,645,0,1,0.0,645.0,0.009574299999999999,0.0095529,0.0097411,0,1,0.0,645.0,0.16619579999999998,0.15724725,0.17514435,0.0,0.0,0.0,0.0
4392729,10.0,60.0,30,652,0,1,0.0,652.0,0.0113055,0.011161799999999998,0.0115405,1,2,60.0,295.5,0.16030675,0.159482775,0.16113072499999997,0.0,0.0,0.0,0.0
4393045,10.0,60.0,30,936,2,3,217.0,166.66666666666666,0.07502930000000001,0.0595702,0.075386,1,2,103.0,416.0,0.38644059999999997,0.3861522,0.386729,0.6666666666666666,0.5,1.0,0.9902912621359223
4440451,10.0,60.0,30,657,0,1,0.0,657.0,0.0074976999999999995,0.006749099999999999,0.0075584,0,1,0.0,657.0,0.08513175,0.079758975,0.09050452499999999,0.0,0.0,0.0,0.0
4443744,10.0,60.0,30,710,0,1,0.0,710.0,0.005778800000000001,0.0057545,0.0059233,0,1,0.0,710.0,0.22192945000000003,0.21270932500000003,0.23114957500000002,0.0,0.0,0.0,0.0
4448887,10.0,60.0,30,666,1,2,61.0,302.0,0.013138,0.012294700000000002,0.0137494,3,4,64.33333333333333,117.5,0.236419,0.23174319999999998,0.24109480000000005,0.5,1.0,0.3333333333333333,0.9682539682539683
4469551,10.0,60.0,30,670,0,1,0.0,670.0,0.0053028,0.0052447,0.0053876,0,1,0.0,670.0,0.1095747,0.104918,0.11423140000000001,0.0,0.0,0.0,0.0
4472905,10.0,60.0,30,816,2,3,149.0,172.0,0.027228899999999997,0.026366100000000003,0.028191599999999997,2,3,152.5,169.66666666666666,0.28372664999999997,0.281211675,0.28624162499999994,1.0,1.0,1.0,0.9771474110450591
4473229,10.0,60.0,30,673,1,1,62.0,610.0,0.0103727,0.009865700000000002,0.011192299999999999,1,1,62.0,610.0,0.1846734,0.1818086,0.1875382,1.0,1.0,1.0,1.0
4481970,10.0,60.0,30,642,0,1,0.0,642.0,0.0053318,0.0053154,0.005474500000000001,1,2,95.0,273.0,0.1270069,0.12623485,0.12777895,0.0,0.0,0.0,0.0
4482888,10.0,60.0,30,647,0,1,0.0,647.0,0.0051303,0.0051278999999999995,0.0051311,0,1,0.0,647.0,0.013291200000000001,0.0132185,0.013363900000000001,0.0,0.0,0.0,0.0
4487550,10.0,60.0,30,653,1,2,78.0,287.0,0.0107744,0.010414,0.0107939,1,2,82.0,285.0,0.14741454999999998,0.14651477499999999,0.14831432499999997,1.0,1.0,1.0,0.9512195121951219
4487946,10.0,60.0,30,710,1,2,465.0,122.0,0.06201260000000001,0.053303199999999995,0.07417760000000001,1,2,485.0,112.0,0.4026682000000001,0.3963445500000001,0.40899185,1.0,1.0,1.0,0.9587628865979382
4504164,10.0,60.0,30,649,1,2,67.0,290.5,0.0071254,0.0071137,0.0114211,2,3,69.0,169.66666666666666,0.22480370000000002,0.22460054999999998,0.22500685,0.6666666666666666,1.0,0.5,0.9852941176470589
4527487,10.0,60.0,30,671,2,3,130.5,136.0,0.035166800000000005,0.0349482,0.0354784,2,3,87.0,165.0,0.3658672,0.34621185,0.38552254999999996,0.5,0.5,0.5,0.8229166666666666
4544584,10.0,60.0,30,672,0,1,0.0,672.0,0.0101406,0.009874,0.0103087,0,1,0.0,672.0,0.09423795,0.08525402500000001,0.103221875,0.0,0.0,0.0,0.0
4547202,10.0,60.0,30,696,1,2,94.0,300.5,0.008816,0.0087355,0.0088753,1,2,99.0,298.0,0.21593049999999997,0.21324194999999999,0.21861905,1.0,1.0,1.0,0.9494949494949495
4559519,10.0,60.0,30,991,2,3,242.0,168.33333333333334,0.0773988,0.0462256,0.0821314,2,3,227.5,178.0,0.43783735,0.423810125,0.451864575,1.0,1.0,1.0,0.930597443630619
4575701,10.0,60.0,30,700,0,1,0.0,700.0,0.0074236,0.007412899999999998,0.007424300000000001,0,1,0.0,700.0,0.07431480000000001,0.06975465000000002,0.07887495000000001,0.0,0.0,0.0,0.0
4579744,10.0,60.0,30,678,2,3,69.0,179.33333333333334,0.0067275,0.00663,0.0069448,2,3,70.5,178.33333333333334,0.18772239999999998,0.18651815000000002,0.18892664999999997,1.0,1.0,1.0,0.9792429792429792
4605892,10.0,60.0,30,678,5,5,79.8,54.8,0.0253603,0.017288099999999997,0.0276832,5,4,77.2,71.75,0.4487890500000001,0.44420562500000005,0.45337247500000005,1.0,1.0,1.0,0.8624238013522667
4668185,10.0,60.0,30,641,0,1,0.0,641.0,0.0054692,0.0053603999999999995,0.0055079,0,1,0.0,641.0,0.20152865000000003,0.19142257499999998,0.211634725,0.0,0.0,0.0,0.0
4705097,10.0,60.0,30,659,1,2,63.0,297.5,0.005598300000000001,0.0055296,0.0057031,1,2,67.0,295.5,0.16508645000000002,0.16442667500000002,0.165746225,1.0,1.0,1.0,0.9402985074626866
4724133,10.0,60.0,30,650,1,2,67.0,291.0,0.0085862,0.008439299999999999,0.0087998,1,2,71.0,289.0,0.13247989999999998,0.12123489999999999,0.1437249,1.0,1.0,1.0,0.9436619718309859
4749525,10.0,60.0,30,805,2,3,133.0,179.0,0.0106531,0.0104989,0.0107324,1,2,129.0,337.5,0.21624079999999998,0.21360675000000004,0.21887484999999998,0.6666666666666666,0.5,1.0,0.9767441860465116
4754626,10.0,60.0,30,1144,2,3,310.5,173.66666666666666,0.0809332,0.073078,0.0817071,2,3,313.5,171.66666666666666,0.5132147499999999,0.501721825,0.524707675,1.0,1.0,1.0,0.9893586929465277
4754956,10.0,60.0,30,647,1,2,87.0,279.5,0.0112053,0.0094939,0.0113934,1,2,90.0,278.0,0.19130699999999998,0.18990730000000003,0.19270669999999998,1.0,1.0,1.0,0.9666666666666667
4775763,10.0,60.0,30,718,1,2,107.0,305.0,0.008586100000000001,0.0081333,0.010082299999999999,1,2,109.0,304.0,0.19328135000000005,0.19271817500000002,0.193844525,1.0,1.0,1.0,0.981651376146789
4785421,10.0,60.0,30,773,1,2,159.0,306.5,0.022395400000000003,0.0220421,0.0231906,2,3,117.0,179.0,0.23961784999999997,0.230752375,0.248483325,0.6666666666666666,1.0,0.5,0.9408284023668639
4789937,10.0,60.0,30,678,0,1,0.0,678.0,0.0089134,0.008844399999999999,0.0090381,0,1,0.0,678.0,0.14787055000000002,0.14675032500000001,0.14899077500000002,0.0,0.0,0.0,0.0
4792515,10.0,60.0,30,705,4,5,72.0,82.6,0.023850700000000002,0.0225559,0.0241171,2,3,64.0,191.66666666666666,0.3421422,0.34127645,0.34300795,0.6666666666666666,0.5,1.0,0.8415775401069518
4811115,10.0,60.0,30,643,1,2,61.0,290.5,0.0095346,0.0094389,0.009615700000000001,1,2,63.0,289.5,0.11484335,0.111075525,0.11861117499999999,1.0,1.0,1.0,0.9682539682539683
4824328,10.0,60.0,30,688,2,3,75.0,178.66666666666666,0.015581200000000003,0.0095519,0.0160435,4,5,83.75,69.8,0.20207650000000002,0.19090995000000002,0.21324305,0.6666666666666666,1.0,0.5,0.7077399380804954
4861227,10.0,60.0,30,710,2,3,74.5,186.33333333333334,0.0093341,0.0093197,0.0093681,4,4,77.5,99.0,0.35849325,0.357597125,0.359389375,0.6666666666666666,1.0,0.5,0.851782363977486
4861687,10.0,60.0,30,746,3,4,66.66666666666667,135.75,0.015012200000000003,0.011199200000000001,0.015853700000000002,4,5,67.25,94.6,0.31703875,0.31418547500000005,0.31989202499999997,0.8571428571428571,1.0,0.75,0.9629076086956522
4862222,10.0,60.0,30,670,1,2,68.0,300.5,0.0046118999999999995,0.004594399999999999,0.004634699999999999,1,2,70.0,299.5,0.1543549,0.15343245,0.15527734999999998,1.0,1.0,1.0,0.9714285714285714
4862380,10.0,60.0,30,660,0,1,0.0,660.0,0.0104291,0.0099224,0.0104697,0,1,0.0,660.0,0.107315,0.10546235,0.10916764999999999,0.0,0.0,0.0,0.0
4865550,10.0,60.0,30,642,0,1,0.0,642.0,0.0115411,0.0114882,0.0115859,0,1,0.0,642.0,0.17665095000000003,0.172723575,0.18057832500000004,0.0,0.0,0.0,0.0
4865558,10.0,60.0,30,649,0,1,0.0,649.0,0.0085032,0.007898200000000001,0.0088532,0,1,0.0,649.0,0.1240548,0.12361305,0.12449655,0.0,0.0,0.0,0.0
4912927,10.0,60.0,30,674,0,1,0.0,674.0,0.005393899999999998,0.0052591999999999995,0.005425,0,1,0.0,674.0,0.04164895,0.041527125,0.041770775,0.0,0.0,0.0,0.0
4915833,10.0,60.0,30,675,2,3,75.0,174.33333333333334,0.0125869,0.012584,0.012611099999999998,2,3,77.0,173.0,0.15442004999999998,0.150690375,0.15814972499999996,1.0,1.0,1.0,0.9718648138617259
4940890,10.0,60.0,30,683,1,2,89.0,296.5,0.0115538,0.0067209,0.0135992,0,1,0.0,683.0,0.12354235000000002,0.12100112500000001,0.126083575,0.0,0.0,0.0,0.0
5244934,10.0,60.0,30,656,2,3,72.0,170.0,0.010924,0.0100024,0.0156905,2,2,85.0,242.0,0.21659085000000003,0.207146975,0.22603472500000005,1.0,1.0,1.0,0.8568412162162162
5351422,10.0,60.0,30,654,0,1,0.0,654.0,0.0065117,0.0062279,0.0065132,2,3,62.0,176.0,0.15485425,0.154425075,0.15528342500000003,0.0,0.0,0.0,0.0
5477477,10.0,60.0,30,678,0,1,0.0,678.0,0.0055995,0.0055297,0.0056473999999999995,0,1,0.0,678.0,0.07661185,0.073400875,0.079822825,0.0,0.0,0.0,0.0
5499001,10.0,60.0,30,670,0,1,0.0,670.0,0.0034105999999999997,0.003339,0.0035982999999999996,0,1,0.0,670.0,0.04086545,0.037430824999999994,0.04430007499999999,0.0,0.0,0.0,0.0
5503058,10.0,60.0,30,916,1,2,325.0,295.0,0.0637906,0.0627789,0.0661064,0,1,0.0,916.0,0.36957219999999996,0.36037389999999997,0.3787705,0.0,0.0,0.0,0.0
5503168,10.0,60.0,30,695,1,2,109.0,292.5,0.021203700000000002,0.019507,0.021758700000000002,1,2,61.0,316.5,0.2328884,0.2197862,0.2459906,0.0,0.0,0.0,0.0
5503359,10.0,60.0,30,716,1,2,140.0,287.5,0.0129893,0.0127079,0.0130746,4,5,65.0,90.4,0.30552405,0.304664225,0.306383875,0.4,1.0,0.25,0.5285714285714286
5540718,10.0,60.0,30,663,1,2,63.0,299.5,0.0125054,0.012399400000000001,0.0143461,2,3,64.5,177.33333333333334,0.22924329999999998,0.22349175,0.23499485,0.6666666666666666,1.0,0.5,0.9402985074626866
5540722,10.0,60.0,30,691,0,1,0.0,691.0,0.0127557,0.0127339,0.012888700000000001,1,2,78.0,306.0,0.22070520000000005,0.21891745000000004,0.22249295000000002,0.0,0.0,0.0,0.0
5540733,10.0,60.0,30,641,1,2,70.0,285.0,0.0054825,0.0052805,0.0059019,1,2,72.0,284.0,0.18274300000000002,0.18249900000000002,0.182987,1.0,1.0,1.0,0.9722222222222222
5540847,10.0,60.0,30,869,2,3,148.0,190.33333333333334,0.028023899999999997,0.023829700000000002,0.0337209,2,3,86.5,231.33333333333334,0.36861055,0.355755675,0.38146542499999997,0.5,0.5,0.5,0.7801418439716312
5547018,10.0,60.0,30,649,0,1,0.0,649.0,0.009695200000000001,0.0091459,0.010159399999999999,0,1,0.0,649.0,0.2071907,0.20633110000000002,0.20805030000000002,0.0,0.0,0.0,0.0
5565253,10.0,60.0,30,670,2,3,73.0,174.0,0.0114312,0.007568,0.0134784,2,2,77.0,257.0,0.19854205000000003,0.18817587500000002,0.208908225,1.0,1.0,1.0,0.9484797297297297
5615881,10.0,60.0,30,1051,3,4,178.0,128.5,0.0498674,0.0318724,0.051755199999999994,2,3,64.0,307.0,0.5529636999999998,0.5507922,0.5551351999999998,0.4,0.3333333333333333,0.5,0.9375
5615968,10.0,60.0,30,642,0,1,0.0,642.0,0.0093844,0.0088658,0.00964,1,2,62.0,289.5,0.17099579999999998,0.16764959999999998,0.174342,0.0,0.0,0.0,0.0
5615986,10.0,60.0,30,685,2,3,75.5,177.33333333333334,0.0146616,0.0085976,0.0170248,3,4,69.0,118.75,0.23485240000000004,0.22941080000000005,0.240294,0.8,1.0,0.6666666666666666,0.9084934277047523
5615988,10.0,60.0,30,671,1,2,68.0,301.0,0.013008,0.007178,0.0144477,0,1,0.0,671.0,0.20838455,0.197140775,0.219628325,0.0,0.0,0.0,0.0
5616015,10.0,60.0,30,657,0,1,0.0,657.0,0.006316899999999999,0.006312,0.0063177,0,1,0.0,657.0,0.037602449999999996,0.037184025,0.038020875,0.0,0.0,0.0,0.0
5633515,10.0,60.0,30,663,0,1,0.0,663.0,0.0144375,0.014390400000000001,0.0144669,1,2,82.0,290.0,0.1830016,0.17867950000000002,0.18732369999999995,0.0,0.0,0.0,0.0
5692189,10.0,60.0,30,1527,2,3,503.5,172.66666666666666,0.3591508,0.3055692,0.3993665,2,3,505.5,171.33333333333334,0.8800801500000001,0.8715172250000001,0.8886430750000001,1.0,1.0,1.0,0.9916589664048577
5705278,10.0,60.0,30,643,0,1,0.0,643.0,0.0062388,0.0061998999999999995,0.0062622,0,1,0.0,643.0,0.2000056,0.18910754999999999,0.21090365000000005,0.0,0.0,0.0,0.0
5705752,10.0,60.0,30,682,1,2,116.0,282.5,0.0157383,0.0156969,0.0158068,1,2,75.0,303.0,0.19458345000000005,0.19457732500000002,0.19458957500000004,1.0,1.0,1.0,0.646551724137931
5706077,10.0,60.0,30,656,1,2,64.0,295.5,0.012364100000000001,0.012328299999999999,0.012378399999999998,1,2,67.0,294.0,0.22555404999999998,0.219154275,0.231953825,1.0,1.0,1.0,0.9552238805970149
5706137,10.0,60.0,30,737,3,4,88.0,117.5,0.0255878,0.0252154,0.025645,4,4,92.25,91.0,0.3854137,0.37326775,0.39755965,0.8571428571428571,1.0,0.75,0.9185308289008133
5715345,10.0,60.0,30,923,1,2,359.0,281.5,0.0454392,0.0438184,0.0458814,1,2,360.0,281.0,0.29317855,0.289289825,0.29706727499999996,1.0,1.0,1.0,0.9972222222222222
5771585,10.0,60.0,30,720,3,4,70.33333333333333,126.5,0.0182934,0.016833900000000002,0.018480200000000002,4,5,74.75,83.4,0.2534403,0.2479813,0.2588993,0.8571428571428571,1.0,0.75,0.9689042552071822
5771621,10.0,60.0,30,675,0,1,0.0,675.0,0.0078303,0.0077994,0.0078579,1,2,83.0,295.5,0.21152065000000003,0.21133437500000002,0.211706925,0.0,0.0,0.0,0.0
5772092,10.0,60.0,30,729,1,2,84.0,322.0,0.015805700000000002,0.015606799999999999,0.017984,3,4,70.66666666666667,128.5,0.31231585000000006,0.306059925,0.318571775,0.5,1.0,0.3333333333333333,0.9880952380952381
5772102,10.0,60.0,30,725,1,2,63.0,330.5,0.0161993,0.009172,0.018246099999999998,3,4,65.0,131.75,0.2740998,0.26701825000000007,0.28118135000000005,0.0,0.0,0.0,0.0
5772192,10.0,60.0,30,706,0,1,0.0,706.0,0.0124516,0.012129799999999998,0.0125702,1,2,65.0,320.0,0.26030735000000005,0.260097275,0.260517425,0.0,0.0,0.0,0.0
5874746,10.0,60.0,30,729,2,2,83.0,280.5,0.0197675,0.019016599999999998,0.020201900000000002,1,2,120.0,304.0,0.28024895,0.274993175,0.285504725,0.6666666666666666,0.5,1.0,0.7833333333333333
5874767,10.0,60.0,30,1278,3,4,234.66666666666666,142.75,0.0674142,0.063019,0.085759,3,4,70.0,266.25,0.8182842500000002,0.814683775,0.8218847250000001,0.3333333333333333,0.3333333333333333,0.3333333333333333,0.9452054794520548
5874769,10.0,60.0,30,649,0,1,0.0,649.0,0.0149453,0.014907299999999997,0.0149898,0,1,0.0,649.0,0.25523339999999994,0.24915734999999997,0.26130945,0.0,0.0,0.0,0.0
5874787,10.0,60.0,30,1064,2,3,259.5,181.0,0.056682,0.0566409,0.0814917,4,5,179.5,68.4,0.6122192,0.59876245,0.62567595,0.6666666666666666,1.0,0.5,0.8822137626563037
5875173,10.0,60.0,30,712,3,4,139.0,73.0,0.0422991,0.0298565,0.0431709,2,2,94.0,261.0,0.41110834999999996,0.40710037499999996,0.415116325,0.8,0.6666666666666666,1.0,0.736401179941003
5882173,10.0,60.0,30,665,1,2,76.0,294.0,0.0147502,0.014079,0.0156139,2,3,72.5,172.66666666666666,0.28719829999999996,0.28356485,0.29083175,0.6666666666666666,1.0,0.5,0.9743589743589743
5969330,10.0,60.0,30,721,0,1,0.0,721.0,0.013059100000000002,0.0085547,0.0132241,0,1,0.0,721.0,0.1872438,0.1848289,0.1896587,0.0,0.0,0.0,0.0
5969331,10.0,60.0,30,706,2,3,71.0,187.33333333333334,0.0200502,0.0186509,0.0203296,4,5,76.75,79.0,0.2722693,0.26528795,0.27925065000000004,0.6666666666666666,1.0,0.5,0.8554216867469879
5969362,10.0,60.0,30,672,1,2,64.0,303.5,0.0090611,0.0058941,0.0098472,1,2,66.0,302.5,0.17173145,0.17037372499999998,0.173089175,1.0,1.0,1.0,0.9696969696969697
6058407,10.0,60.0,30,696,1,1,87.0,608.0,0.009553299999999999,0.0075066,0.0106466,1,1,89.0,606.0,0.2854337,0.2804221,0.2904453000000001,1.0,1.0,1.0,0.9775280898876404
6062407,10.0,60.0,30,666,1,2,60.0,302.5,0.014863,0.013466,0.0155465,2,3,73.0,172.66666666666666,0.2415064,0.23430865000000003,0.24870414999999998,0.6666666666666666,1.0,0.5,0.9375
6109129,10.0,60.0,30,721,1,2,140.0,290.0,0.0131098,0.0118761,0.0151801,1,2,72.0,324.0,0.20372395000000001,0.20217332500000001,0.20527457500000001,1.0,1.0,1.0,0.5142857142857142
6148097,10.0,60.0,30,725,1,2,160.0,282.0,0.021188099999999998,0.0172882,0.0214592,1,2,164.0,280.0,0.24590510000000002,0.24518945,0.24662074999999997,1.0,1.0,1.0,0.975609756097561
6148143,10.0,60.0,30,677,1,2,71.0,302.5,0.0064454,0.0063882999999999995,0.0065553,2,3,66.5,180.66666666666666,0.1882989,0.1858085,0.1907893,0.6666666666666666,1.0,0.5,0.9726027397260274
6148208,10.0,60.0,30,646,1,2,127.0,259.0,0.0100714,0.0099701,0.0103296,2,3,71.0,167.33333333333334,0.24106525,0.230618575,0.251511925,0.0,0.0,0.0,0.0
6190357,10.0,60.0,30,710,1,1,174.0,535.0,0.019630099999999998,0.019308099999999998,0.020934900000000003,0,1,0.0,710.0,0.16232894999999997,0.155938375,0.16871952499999998,0.0,0.0,0.0,0.0
6193396,10.0,60.0,30,658,0,1,0.0,658.0,0.0166661,0.0160556,0.0166843,1,2,64.0,296.5,0.17841934999999998,0.175695575,0.181143125,0.0,0.0,0.0,0.0
6193436,10.0,60.0,30,666,3,4,79.0,106.5,0.023280200000000004,0.019288700000000002,0.0249424,4,3,71.0,126.0,0.41671710000000006,0.40759580000000006,0.4258384,0.5714285714285715,0.6666666666666666,0.5,0.9072079536039768
4216956,15.0,10.0,5,910,8,8,76.375,36.375,0.0685833,0.036387800000000005,0.069321,11,12,34.81818181818182,43.0,0.63460075,0.6220350250000001,0.647166475,0.10526315789473685,0.125,0.09090909090909091,0.5714285714285714
4272243,15.0,10.0,5,646,5,5,24.6,103.6,0.0075678,0.0070614,0.0075978,5,5,16.4,111.8,0.112792,0.10501415000000001,0.12056985,0.4000000000000001,0.4,0.4,0.8421052631578947
4344977,15.0,10.0,5,1187,8,8,113.75,33.625,0.0464849,0.039191199999999995,0.0717727,15,14,48.266666666666666,32.0,0.7294555,0.6990404,0.7598706,0.5217391304347827,0.75,0.4,0.7047404939677326
4350946,15.0,10.0,5,690,11,11,41.90909090909091,19.818181818181817,0.0105947,0.009962299999999999,0.0179419,12,13,15.833333333333334,37.53846153846154,0.45357660000000005,0.44097495000000003,0.46617825,0.2608695652173913,0.2727272727272727,0.25,0.6892623716153129
4351935,15.0,10.0,5,775,11,10,48.18181818181818,23.4,0.026583799999999998,0.0260787,0.027941700000000003,12,13,23.333333333333332,37.15384615384615,0.5030005,0.49325069999999993,0.5127503,0.43478260869565216,0.45454545454545453,0.4166666666666667,0.7691213081658377
4352377,15.0,10.0,5,716,10,9,39.6,34.44444444444444,0.010845700000000002,0.010814299999999999,0.0109619,10,9,28.0,47.333333333333336,0.3366799,0.3307248,0.342635,0.6,0.6,0.6,0.7904327465720096
4358853,15.0,10.0,5,666,9,9,35.77777777777778,37.22222222222222,0.006384600000000001,0.006287,0.0064273,9,10,14.11111111111111,53.0,0.40989905000000004,0.400368375,0.419429725,0.2222222222222222,0.2222222222222222,0.2222222222222222,0.8258928571428572
4359232,15.0,10.0,5,681,4,4,35.75,133.5,0.0084338,0.0084198,0.008540299999999999,4,5,14.75,123.6,0.15596469999999998,0.15005515,0.16187425,0.25,0.25,0.25,0.8846153846153846
4370045,15.0,10.0,5,720,6,7,53.666666666666664,56.0,0.0229419,0.0222527,0.0239935,6,7,26.166666666666668,79.57142857142857,0.3370844,0.3313354,0.3428334,0.16666666666666666,0.16666666666666666,0.16666666666666666,0.8
4389353,15.0,10.0,5,650,8,9,33.0,42.0,0.0103762,0.0096892,0.011263299999999999,7,7,23.428571428571427,68.42857142857143,0.28538240000000004,0.28417434999999996,0.28659045,0.5333333333333333,0.5,0.5714285714285714,0.9068945590327169
4389414,15.0,10.0,5,645,8,8,33.625,46.0,0.0086483,0.008548799999999999,0.0087004,7,8,13.285714285714286,68.125,0.22873249999999998,0.22222580000000003,0.23523919999999998,0.26666666666666666,0.25,0.2857142857142857,0.7738095238095238
4392729,15.0,10.0,5,652,9,9,33.22222222222222,38.22222222222222,0.0059131,0.005897100000000001,0.0059853,11,11,15.363636363636363,42.90909090909091,0.2597296,0.2447865,0.2746727,0.3,0.3333333333333333,0.2727272727272727,0.8412655971479501
4393045,15.0,10.0,5,936,7,8,85.14285714285714,41.625,0.0389507,0.028622,0.0527316,13,14,34.84615384615385,33.57142857142857,0.5815629,0.572752,0.5903738,0.3,0.42857142857142855,0.23076923076923078,0.7312248282397537
4440451,15.0,10.0,5,657,3,4,50.333333333333336,125.75,0.007445200000000001,0.0073571999999999995,0.0074771,5,5,17.2,113.2,0.10272264999999998,0.098868525,0.10657677499999998,0.0,0.0,0.0,0.0
4443744,15.0,10.0,5,710,7,8,48.714285714285715,45.25,0.0066051999999999994,0.0065115,0.006657400000000001,11,12,15.636363636363637,43.916666666666664,0.29731290000000005,0.28894515000000004,0.30568065,0.1111111111111111,0.14285714285714285,0.09090909090909091,0.6521739130434783
4448887,15.0,10.0,5,666,9,7,44.888888888888886,36.142857142857146,0.014839799999999998,0.0137334,0.0148493,10,10,16.0,49.6,0.37177355,0.365723075,0.377824025,0.2105263157894737,0.2222222222222222,0.2,0.8
4469551,15.0,10.0,5,670,7,7,38.142857142857146,56.57142857142857,0.0127162,0.0118271,0.0130427,11,9,17.09090909090909,52.333333333333336,0.37058555,0.36691537500000004,0.374255725,0.2222222222222222,0.2857142857142857,0.18181818181818182,0.5533333333333333
4472905,15.0,10.0,5,816,8,9,61.5,35.111111111111114,0.0196736,0.0156987,0.026305099999999998,11,12,32.90909090909091,36.916666666666664,0.42672025,0.42128442499999996,0.43215607500000003,0.631578947368421,0.75,0.5454545454545454,0.785346109253918
4473229,15.0,10.0,5,673,6,6,44.833333333333336,66.33333333333333,0.010141,0.0099576,0.011145000000000002,4,5,24.0,114.6,0.24322374999999996,0.24313617499999998,0.243311325,0.2,0.16666666666666666,0.25,0.84
4481970,15.0,10.0,5,642,10,11,31.3,29.0,0.0058405,0.005764399999999999,0.0058731,8,8,17.625,61.625,0.3479572,0.34634435,0.34957005,0.33333333333333326,0.3,0.375,0.7586575133485889
4482888,15.0,10.0,5,647,1,1,28.0,618.0,0.0032029000000000003,0.0030959,0.0035876999999999997,2,3,12.5,206.66666666666666,0.046297850000000015,0.04465332500000001,0.04794237500000001,0.0,0.0,0.0,0.0
4487550,15.0,10.0,5,653,10,10,30.2,34.1,0.0118728,0.010327600000000001,0.011906899999999998,11,10,19.454545454545453,42.8,0.32041359999999997,0.31560160000000004,0.3252256,0.6666666666666666,0.7,0.6363636363636364,0.7732011685793198
4487946,15.0,10.0,5,710,2,3,256.5,65.0,0.0766347,0.0726797,0.0770367,3,4,154.0,61.25,0.47178844999999997,0.467556225,0.476020675,0.8,1.0,0.6666666666666666,0.8940537989617745
4504164,15.0,10.0,5,649,9,8,46.44444444444444,27.75,0.012431900000000001,0.012412,0.0124716,9,10,15.222222222222221,50.3,0.37826725000000005,0.377391325,0.37914317500000005,0.2222222222222222,0.2222222222222222,0.2222222222222222,0.6413043478260869
4527487,15.0,10.0,5,671,1,1,643.0,27.0,0.0279286,0.0258915,0.0282714,10,11,12.6,48.63636363636363,0.56095965,0.5605094750000001,0.5614098249999999,0.0,0.0,0.0,0.0
4544584,15.0,10.0,5,672,10,11,34.4,28.90909090909091,0.0099355,0.0097176,0.0122228,9,10,19.444444444444443,48.8,0.3555428,0.3552009,0.35588469999999994,0.4210526315789474,0.4,0.4444444444444444,0.6918715102256583
4547202,15.0,10.0,5,696,9,9,55.22222222222222,21.11111111111111,0.0106184,0.0103378,0.010655600000000001,14,13,18.928571428571427,32.07692307692308,0.49266965,0.48327392500000005,0.5020653749999999,0.08695652173913043,0.1111111111111111,0.07142857142857142,0.52
4559519,15.0,10.0,5,991,10,10,75.3,22.8,0.0895626,0.0537998,0.0976953,11,10,47.36363636363637,45.9,0.67818315,0.6779933749999999,0.6783729249999999,0.47619047619047616,0.5,0.45454545454545453,0.7958263958263958
4575701,15.0,10.0,5,700,7,8,31.0,59.5,0.0049173,0.004797,0.0049281,5,6,16.0,102.5,0.25985605,0.246957025,0.27275507499999996,0.5,0.42857142857142855,0.6,0.7127102288392612
4579744,15.0,10.0,5,678,8,8,50.375,33.375,0.008356299999999999,0.0080409,0.009181,10,10,13.3,53.5,0.36630999999999997,0.36096455,0.37165544999999994,0.11111111111111112,0.125,0.1,0.6111111111111112
4605892,15.0,10.0,5,678,1,0,677.0,0.0,0.047680400000000005,0.037503800000000004,0.0481144,13,11,13.692307692307692,44.27272727272727,0.5292468,0.5287196999999999,0.5297739,0.0,0.0,0.0,0.0
4668185,15.0,10.0,5,641,9,8,36.666666666666664,37.75,0.009385899999999999,0.006089600000000001,0.009423299999999999,9,9,15.222222222222221,55.0,0.3268668,0.314111,0.33962260000000005,0.2222222222222222,0.2222222222222222,0.2222222222222222,0.7047619047619047
4705097,15.0,10.0,5,659,9,9,33.44444444444444,38.77777777777778,0.012768799999999999,0.012548799999999999,0.0127767,6,7,18.333333333333332,77.57142857142857,0.32602594999999995,0.325903875,0.32614802499999995,0.5333333333333333,0.4444444444444444,0.6666666666666666,0.762249373433584
4724133,15.0,10.0,5,650,6,5,40.666666666666664,80.0,0.0087201,0.0085071,0.0091041,5,5,16.2,112.8,0.19509569999999998,0.19262824999999997,0.19756315000000002,0.1818181818181818,0.16666666666666666,0.2,0.8695652173913043
4749525,15.0,10.0,5,805,5,6,70.0,75.0,0.0102089,0.010098600000000001,0.0102357,10,11,32.7,42.54545454545455,0.41595784999999996,0.411575225,0.42034047500000005,0.4,0.6,0.3,0.7805547231378817
4754626,15.0,10.0,5,1144,10,10,85.6,27.8,0.050829400000000004,0.041042699999999994,0.056106699999999995,14,13,52.642857142857146,30.23076923076923,0.7705989,0.7682815,0.7729162999999999,0.5,0.6,0.42857142857142855,0.8568704178387296
4754956,15.0,10.0,5,647,8,8,39.625,40.25,0.0111491,0.010482,0.012679,9,9,20.11111111111111,50.77777777777778,0.34214085000000005,0.33842267500000006,0.345859025,0.35294117647058826,0.375,0.3333333333333333,0.7283432147562583
4775763,15.0,10.0,5,718,10,10,44.5,26.3,0.017093599999999997,0.0162634,0.017357,11,12,19.545454545454547,41.0,0.4187762,0.41787645000000007,0.41967594999999996,0.1904761904761905,0.2,0.18181818181818182,0.771255060728745
4785421,15.0,10.0,5,773,12,12,41.25,22.166666666666668,0.0139869,0.012403299999999999,0.021379,14,14,23.0,31.214285714285715,0.5208270500000001,0.518427175,0.523226925,0.4615384615384615,0.5,0.42857142857142855,0.7529645191409897
4789937,15.0,10.0,5,678,10,9,37.4,32.666666666666664,0.0074759,0.006810600000000001,0.0085754,9,9,14.222222222222221,60.111111111111114,0.41185065000000004,0.41039242500000006,0.41330887499999996,0.2105263157894737,0.2,0.2222222222222222,0.6955128205128205
4792515,15.0,10.0,5,705,8,5,77.375,15.6,0.0251851,0.023279900000000006,0.0275624,11,11,13.454545454545455,49.63636363636363,0.5358259000000001,0.5345434,0.5371084,0.10526315789473685,0.125,0.09090909090909091,0.7058823529411765
4811115,15.0,10.0,5,643,7,7,34.285714285714285,56.57142857142857,0.0065764000000000005,0.005481099999999999,0.0076373000000000005,11,11,16.545454545454547,40.90909090909091,0.32305095,0.31936577499999996,0.326736125,0.4444444444444444,0.5714285714285714,0.36363636363636365,0.7449874686716792
4824328,15.0,10.0,5,688,6,6,72.66666666666667,41.0,0.0133256,0.011169700000000001,0.0190462,16,17,15.0,25.41176470588235,0.4835872,0.47577110000000006,0.49140329999999993,0.18181818181818182,0.3333333333333333,0.125,0.8273026315789473
4861227,15.0,10.0,5,710,7,7,80.28571428571429,20.142857142857142,0.012881400000000001,0.0121112,0.0129587,12,13,16.083333333333332,38.84615384615385,0.5020573500000001,0.494269975,0.509844725,0.10526315789473685,0.14285714285714285,0.08333333333333333,0.9655172413793104
4861687,15.0,10.0,5,746,10,9,50.3,25.88888888888889,0.0186737,0.018537099999999997,0.018830799999999998,11,11,17.90909090909091,48.90909090909091,0.44645065,0.4383328250000001,0.4545684749999999,0.28571428571428564,0.3,0.2727272727272727,0.7719780219780219
4862222,15.0,10.0,5,670,4,4,50.0,116.5,0.0104625,0.0084359,0.010834300000000002,2,3,11.0,215.33333333333334,0.17170115,0.162947425,0.180454875,0.0,0.0,0.0,0.0
4862380,15.0,10.0,5,660,8,9,32.625,43.44444444444444,0.0088174,0.008257,0.0089789,8,8,18.375,63.125,0.3421037,0.34180795,0.34239945,0.5,0.5,0.5,0.810383631713555
4865550,15.0,10.0,5,642,8,8,38.75,40.5,0.0068757,0.006690999999999999,0.010294600000000001,6,7,15.333333333333334,77.71428571428571,0.27965665,0.27671377500000005,0.282599525,0.14285714285714288,0.125,0.16666666666666666,0.8888888888888888
4865558,15.0,10.0,5,649,7,8,35.57142857142857,49.125,0.009717700000000001,0.0092586,0.0099619,9,9,14.88888888888889,56.22222222222222,0.24412649999999997,0.24335159999999997,0.2449014,0.125,0.14285714285714285,0.1111111111111111,0.5789473684210527
4912927,15.0,10.0,5,674,3,2,24.0,299.5,0.006186,0.0061373999999999995,0.0062337,2,2,11.5,324.5,0.08757690000000001,0.08333505000000001,0.09181875,0.4,0.3333333333333333,0.5,0.9090909090909091
4915833,15.0,10.0,5,675,10,10,34.6,31.9,0.0133778,0.0130628,0.0134748,5,5,25.8,108.2,0.3184326,0.3034527,0.33341250000000006,0.26666666666666666,0.2,0.4,0.8276515151515151
4940890,15.0,10.0,5,683,7,7,42.285714285714285,54.285714285714285,0.0133613,0.012522600000000002,0.014617999999999997,6,7,24.5,75.71428571428571,0.2910324,0.28967885,0.29238595,0.30769230769230765,0.2857142857142857,0.3333333333333333,0.7702552719200888
5244934,15.0,10.0,5,656,8,7,63.0,20.571428571428573,0.0181487,0.012280200000000003,0.0192385,9,10,16.88888888888889,49.5,0.46700919999999996,0.4596558,0.4743626,0.11764705882352941,0.125,0.1111111111111111,0.6842105263157895
5351422,15.0,10.0,5,654,8,8,41.25,39.5,0.0143191,0.013932,0.0144761,12,13,14.5,36.0,0.37208905,0.366299875,0.377878225,0.1,0.125,0.08333333333333333,0.8947368421052632
5477477,15.0,10.0,5,678,3,3,40.0,185.0,0.0035023000000000007,0.0034203000000000002,0.0035962000000000004,2,3,12.5,217.0,0.1130257,0.11249340000000001,0.113558,0.0,0.0,0.0,0.0
5499001,15.0,10.0,5,670,6,7,27.666666666666668,71.14285714285714,0.008005000000000002,0.007947000000000001,0.0081302,2,3,16.5,211.66666666666666,0.15536035,0.14923137499999997,0.16148932500000002,0.5,0.3333333333333333,1.0,0.71256038647343
5503058,15.0,10.0,5,916,10,9,63.9,29.666666666666668,0.0387559,0.0367401,0.050895300000000004,8,9,15.5,87.11111111111111,0.61177525,0.611593075,0.6119574249999999,0.11111111111111112,0.1,0.125,0.8888888888888888
5503168,15.0,10.0,5,695,7,8,74.57142857142857,20.75,0.0217435,0.0132551,0.022585100000000004,14,13,14.285714285714286,37.0,0.56344735,0.5375738750000001,0.589320825,0.38095238095238093,0.5714285714285714,0.2857142857142857,0.6695578231292517
5503359,15.0,10.0,5,716,8,6,60.0,38.0,0.0261295,0.0162754,0.0264743,12,12,16.083333333333332,42.583333333333336,0.5276358999999999,0.52593755,0.52933425,0.3,0.375,0.25,0.6824626865671641
5540718,15.0,10.0,5,663,8,8,55.0,26.875,0.014475700000000001,0.0111983,0.0155955,13,12,14.538461538461538,38.416666666666664,0.4743802999999999,0.46565029999999996,0.48311029999999994,0.09523809523809525,0.125,0.07692307692307693,0.5
5540722,15.0,10.0,5,691,8,7,48.375,42.285714285714285,0.0160414,0.0160225,0.016061799999999998,12,10,21.333333333333332,42.3,0.41965759999999996,0.41367135,0.42564385,0.3,0.375,0.25,0.7250046763935654
5540733,15.0,10.0,5,641,10,10,35.1,28.0,0.0100181,0.0096781,0.0112976,9,9,20.555555555555557,49.666666666666664,0.32743575,0.324265925,0.330605575,0.4210526315789474,0.4,0.4444444444444444,0.7009247967479675
5540847,15.0,10.0,5,869,10,9,58.4,30.555555555555557,0.0333784,0.0316906,0.033921099999999996,11,10,21.454545454545453,62.2,0.6062968,0.598068,0.6145256,0.5714285714285713,0.6,0.5454545454545454,0.7779453560703561
5547018,15.0,10.0,5,649,5,6,52.8,63.333333333333336,0.008591399999999999,0.005624199999999999,0.0110514,9,10,12.333333333333334,52.9,0.17204694999999998,0.17030162499999998,0.173792275,0.0,0.0,0.0,0.0
5565253,15.0,10.0,5,670,8,8,49.0,33.75,0.0081651,0.008131300000000001,0.0082521,11,12,15.636363636363637,40.583333333333336,0.3226744,0.3213685,0.3239803,0.3157894736842105,0.375,0.2727272727272727,0.7620448179271708
5615881,15.0,10.0,5,1051,9,9,85.44444444444444,30.333333333333332,0.0252249,0.0247815,0.0252255,9,10,37.55555555555556,70.4,0.5001635999999999,0.49933495,0.50099225,0.2222222222222222,0.2222222222222222,0.2222222222222222,0.6715328467153285
5615968,15.0,10.0,5,642,7,8,41.857142857142854,42.75,0.0060725,0.006049499999999999,0.006114499999999999,10,11,17.4,41.63636363636363,0.2202499,0.2182789,0.2222209,0.23529411764705882,0.2857142857142857,0.2,0.803921568627451
5615986,15.0,10.0,5,685,7,7,61.142857142857146,35.714285714285715,0.0106926,0.010647799999999999,0.010809200000000001,12,12,16.583333333333332,39.5,0.310641,0.3104629,0.31081909999999996,0.10526315789473685,0.14285714285714285,0.08333333333333333,0.5238095238095238
5615988,15.0,10.0,5,671,8,9,49.375,29.77777777777778,0.00846,0.0083811,0.0085757,12,13,16.666666666666668,35.30769230769231,0.30485539999999994,0.3040702,0.30564060000000004,0.2,0.25,0.16666666666666666,0.6643356643356644
5616015,15.0,10.0,5,657,3,3,27.666666666666668,190.33333333333334,0.0037221,0.003703,0.0037709,5,5,11.6,118.8,0.12005345,0.119096375,0.12101052500000001,0.0,0.0,0.0,0.0
5633515,15.0,10.0,5,663,10,9,48.5,18.666666666666668,0.0092171,0.008879799999999998,0.0094357,12,13,17.083333333333332,34.30769230769231,0.33734729999999996,0.33643829999999997,0.3382563,0.1818181818181818,0.2,0.16666666666666666,0.9230769230769231
5692189,15.0,10.0,5,1527,7,8,168.42857142857142,42.625,0.125274,0.1212901,0.1257217,5,6,193.8,92.16666666666667,0.7335991,0.7322401,0.7349581,0.3333333333333333,0.2857142857142857,0.4,0.8228262750624242
5705278,15.0,10.0,5,643,8,9,43.5,31.88888888888889,0.0063816,0.0063801000000000005,0.0066075000000000005,7,8,18.571428571428573,63.25,0.24300460000000002,0.24169125000000002,0.24431794999999998,0.13333333333333333,0.125,0.14285714285714285,0.8367346938775511
5705752,15.0,10.0,5,682,8,9,43.625,36.111111111111114,0.0085222,0.0085021,0.0089766,8,8,21.375,62.875,0.2775595,0.2770277,0.2780913,0.5,0.5,0.5,0.6365006447453256
5706077,15.0,10.0,5,656,7,7,46.857142857142854,45.857142857142854,0.0068039,0.006570600000000001,0.006805899999999999,9,10,19.444444444444443,47.2,0.22984465,0.22962157500000005,0.23006772499999997,0.125,0.14285714285714285,0.1111111111111111,0.7115384615384616
5706137,15.0,10.0,5,737,8,6,83.625,10.0,0.0149802,0.0145649,0.0150809,16,16,17.4375,27.625,0.40779875,0.407779075,0.40781842500000004,0.16666666666666666,0.25,0.125,0.6258467952058364
5715345,15.0,10.0,5,923,6,7,83.16666666666667,59.714285714285715,0.022852900000000002,0.022813200000000002,0.0233362,4,5,92.25,110.0,0.31573814999999994,0.314574175,0.316902125,0.2,0.16666666666666666,0.25,0.9088397790055248
5771585,15.0,10.0,5,720,8,9,54.625,30.555555555555557,0.0101632,0.010118,0.0102135,12,13,19.75,36.23076923076923,0.33280775,0.332770425,0.332845075,0.2,0.25,0.16666666666666666,0.680952380952381
5771621,15.0,10.0,5,675,11,11,44.45454545454545,15.909090909090908,0.0096314,0.009629,0.009772600000000001,13,13,15.846153846153847,35.07692307692308,0.3477787500000001,0.34777527500000005,0.34778222500000006,0.41666666666666663,0.45454545454545453,0.38461538461538464,0.7106246385193753
5772092,15.0,10.0,5,729,11,10,48.27272727272727,18.7,0.009812,0.009755,0.0101794,17,15,15.352941176470589,30.066666666666666,0.40054865,0.3998095750000001,0.401287725,0.2857142857142857,0.36363636363636365,0.23529411764705882,0.6608169934640522
5772102,15.0,10.0,5,725,8,7,64.75,28.428571428571427,0.012924799999999998,0.012839799999999998,0.0131561,9,8,21.88888888888889,64.875,0.380947,0.37976370000000004,0.38213030000000003,0.35294117647058826,0.375,0.3333333333333333,0.6793650793650793
5772192,15.0,10.0,5,706,8,8,63.625,23.625,0.010784,0.010670299999999999,0.010805700000000001,13,13,12.538461538461538,40.76923076923077,0.37315715000000005,0.36979417500000006,0.37652012499999993,0.1904761904761905,0.25,0.15384615384615385,0.8214285714285714
5874746,15.0,10.0,5,729,9,8,52.666666666666664,30.75,0.0110957,0.011035399999999999,0.0111412,13,13,21.53846153846154,33.53846153846154,0.36945145,0.362829175,0.376073725,0.27272727272727276,0.3333333333333333,0.23076923076923078,0.7208745747645177
5874767,15.0,10.0,5,1278,5,5,235.6,19.0,0.06077190000000001,0.0602685,0.0609776,12,10,59.333333333333336,55.4,0.7308361999999999,0.7270903000000001,0.7345821,0.11764705882352941,0.2,0.08333333333333333,0.5767494356659142
5874769,15.0,10.0,5,649,11,11,41.63636363636363,16.363636363636363,0.0089733,0.008842200000000001,0.0089931,14,14,14.285714285714286,31.071428571428573,0.36308680000000004,0.35778730000000003,0.3683863,0.23999999999999996,0.2727272727272727,0.21428571428571427,0.7938808373590982
5874787,15.0,10.0,5,1064,9,8,109.11111111111111,9.125,0.0677166,0.067242,0.0677176,13,13,45.38461538461539,35.46153846153846,0.6181728500000001,0.6144706250000002,0.6218750749999999,0.27272727272727276,0.3333333333333333,0.23076923076923078,0.795278365045807
5875173,15.0,10.0,5,712,2,1,347.0,16.0,0.030346599999999998,0.030100599999999998,0.030354700000000002,11,11,13.545454545454545,50.18181818181818,0.40326354999999997,0.40183947500000006,0.40468762499999994,0.15384615384615385,0.5,0.09090909090909091,0.95
5882173,15.0,10.0,5,665,9,10,47.77777777777778,22.6,0.0085498,0.0085469,0.0086222,12,11,14.583333333333334,43.45454545454545,0.31650205,0.31171097500000006,0.321293125,0.1904761904761905,0.2222222222222222,0.16666666666666666,0.6512820512820513
5969330,15.0,10.0,5,721,9,9,44.111111111111114,35.0,0.0085146,0.008426,0.0086017,12,12,17.583333333333332,41.5,0.28638484999999997,0.285206725,0.287562975,0.28571428571428575,0.3333333333333333,0.25,0.7768582375478927
5969331,15.0,10.0,5,706,5,6,105.8,28.666666666666668,0.012076700000000001,0.0120526,0.0120768,16,15,17.25,27.6,0.35714690000000004,0.3566304,0.3576634,0.09523809523809523,0.2,0.0625,0.65
5969362,15.0,10.0,5,672,8,8,53.0,30.0,0.007342500000000001,0.0072967,0.007393,10,9,15.6,56.22222222222222,0.29567905,0.295299275,0.29605882499999997,0.11111111111111112,0.125,0.1,0.9230769230769231
6058407,15.0,10.0,5,696,7,7,53.0,45.42857142857143,0.0080703,0.0080411,0.008288299999999998,9,7,22.444444444444443,69.28571428571429,0.24449240000000003,0.24432675000000004,0.24465805,0.25,0.2857142857142857,0.2222222222222222,0.7616161616161616
6062407,15.0,10.0,5,666,8,9,50.0,28.666666666666668,0.0102977,0.0098087,0.0114638,12,13,19.0,32.76923076923077,0.3017102,0.2954582,0.3079622,0.2,0.25,0.16666666666666666,0.8682864450127876
6109129,15.0,10.0,5,721,8,9,42.625,41.333333333333336,0.0109135,0.0094412,0.011463,9,10,26.88888888888889,47.0,0.2950295,0.2933102,0.2967488,0.35294117647058826,0.375,0.3333333333333333,0.8014258389845242
6148097,15.0,10.0,5,725,9,8,47.22222222222222,36.375,0.0207887,0.0200961,0.0218691,10,11,26.6,40.81818181818182,0.4711514,0.4686829,0.47361990000000004,0.10526315789473685,0.1111111111111111,0.1,0.7831325301204819
6148143,15.0,10.0,5,677,5,6,53.4,67.5,0.011835400000000001,0.010895700000000001,0.0122034,7,7,14.142857142857142,81.57142857142857,0.30624339999999994,0.2984415,0.31404529999999997,0.0,0.0,0.0,0.0
6148208,15.0,10.0,5,646,6,6,77.16666666666667,29.5,0.013678600000000003,0.013183799999999999,0.0213547,14,15,17.357142857142858,25.933333333333334,0.42598310000000006,0.4196272,0.4323390000000001,0.2,0.3333333333333333,0.14285714285714285,0.7772435897435898
6190357,15.0,10.0,5,710,7,7,48.285714285714285,52.142857142857146,0.0110855,0.010986200000000002,0.0111841,7,8,27.857142857142858,63.5,0.2882194,0.2784051,0.2980337,0.42857142857142855,0.42857142857142855,0.42857142857142855,0.6914285714285714
6193396,15.0,10.0,5,658,9,8,54.111111111111114,20.25,0.0199595,0.0196101,0.021982900000000007,14,12,17.071428571428573,33.75,0.5130519499999999,0.506013325,0.520090575,0.34782608695652173,0.4444444444444444,0.2857142857142857,0.727078107580825
6193436,15.0,10.0,5,666,4,3,148.5,22.666666666666668,0.0218624,0.0166529,0.021902099999999997,12,12,18.833333333333332,35.666666666666664,0.48004459999999993,0.47701509999999997,0.48307409999999995,0.125,0.25,0.08333333333333333,0.8292682926829268
4216956,15.0,15.0,8,910,6,6,96.66666666666667,54.0,0.058291199999999994,0.054627199999999994,0.0680568,8,7,44.625,77.85714285714286,0.51044085,0.49521532499999993,0.525666375,0.28571428571428575,0.3333333333333333,0.25,0.7275
4272243,15.0,15.0,8,646,3,3,31.0,183.33333333333334,0.0038229,0.0038201,0.0039203,4,4,19.75,140.75,0.1305541,0.12965490000000002,0.1314533,0.5714285714285715,0.6666666666666666,0.5,0.7916666666666667
4344977,15.0,15.0,8,1187,6,6,147.16666666666666,49.666666666666664,0.0469453,0.0416956,0.049515300000000005,9,8,74.33333333333333,63.625,0.7652926999999999,0.753154,0.7774313999999999,0.5333333333333333,0.6666666666666666,0.4444444444444444,0.656953244233225
4350946,15.0,15.0,8,690,8,8,49.25,36.0,0.0174107,0.017249,0.017624,12,13,26.75,27.46153846153846,0.39689464999999996,0.393191125,0.40059817499999995,0.4,0.5,0.3333333333333333,0.754374279953917
4351935,15.0,15.0,8,775,8,8,60.0,35.875,0.0242068,0.0147136,0.028880599999999996,13,12,21.076923076923077,40.666666666666664,0.50905235,0.501837875,0.516266825,0.2857142857142857,0.375,0.23076923076923078,0.7546953405017921
4352377,15.0,15.0,8,716,7,6,49.57142857142857,60.333333333333336,0.013713399999999999,0.012701700000000002,0.0187272,9,9,24.666666666666668,53.888888888888886,0.33982785,0.33615327500000003,0.343502425,0.6250000000000001,0.7142857142857143,0.5555555555555556,0.9050341474382396
4358853,15.0,15.0,8,666,7,7,40.42857142857143,53.714285714285715,0.0135411,0.013048299999999999,0.0136801,9,10,27.11111111111111,41.3,0.37584215000000004,0.37191792500000004,0.379766375,0.25,0.2857142857142857,0.2222222222222222,0.8682758620689655
4359232,15.0,15.0,8,681,4,4,35.5,133.75,0.0088251,0.008634600000000001,0.0088611,3,4,31.333333333333332,146.0,0.14120984999999997,0.13928257500000002,0.14313712499999998,0.8571428571428571,0.75,1.0,0.9473504273504273
4370045,15.0,15.0,8,720,6,7,53.166666666666664,56.42857142857143,0.0125779,0.012446,0.021437599999999998,4,5,23.25,124.6,0.27547639999999995,0.2696152499999999,0.28133755000000005,0.6,0.5,0.75,0.8549379156575557
4389353,15.0,15.0,8,650,7,8,34.857142857142854,49.875,0.0093653,0.0087494,0.0093851,6,7,22.5,72.71428571428571,0.23762689999999997,0.23104809999999998,0.2442057,0.4615384615384615,0.42857142857142855,0.5,0.7804977560179518
4389414,15.0,15.0,8,645,6,6,40.666666666666664,65.83333333333333,0.005316,0.0052917,0.0054474,6,7,24.5,70.28571428571429,0.23077565,0.22831842500000005,0.23323287499999998,0.6666666666666666,0.6666666666666666,0.6666666666666666,0.6667701863354036
4392729,15.0,15.0,8,652,7,8,39.0,46.5,0.011632100000000003,0.011540799999999999,0.011694000000000001,9,9,22.77777777777778,48.666666666666664,0.27422409999999997,0.2737757,0.2746725,0.375,0.42857142857142855,0.3333333333333333,0.8965141612200435
4393045,15.0,15.0,8,936,6,7,97.5,49.285714285714285,0.047528,0.044892800000000004,0.0485883,5,5,24.8,161.4,0.53364965,0.5293550249999999,0.5379442750000002,0.5454545454545454,0.5,0.6,0.8383454000221168
4440451,15.0,15.0,8,657,4,4,37.25,126.0,0.0067516999999999985,0.0062464,0.0069928,5,4,20.8,137.0,0.11124435,0.103883925,0.11860477500000001,0.4444444444444445,0.5,0.4,0.9069264069264069
4443744,15.0,15.0,8,710,7,8,48.285714285714285,45.625,0.0069351000000000005,0.0067543,0.007635,7,8,21.714285714285715,68.875,0.28360070000000004,0.27661235000000006,0.29058905,0.2857142857142857,0.2857142857142857,0.2857142857142857,0.6428571428571428
4448887,15.0,15.0,8,666,8,7,47.625,39.57142857142857,0.014057799999999999,0.0135535,0.014850799999999999,7,8,21.857142857142858,63.25,0.31316155,0.311029175,0.315293925,0.26666666666666666,0.25,0.2857142857142857,0.675
4469551,15.0,15.0,8,670,7,7,37.142857142857146,57.57142857142857,0.0068666000000000005,0.006794699999999999,0.006993699999999999,8,8,28.625,54.125,0.26245939999999995,0.26167475,0.26324405,0.7999999999999999,0.8571428571428571,0.75,0.7909849609334735
4472905,15.0,15.0,8,816,7,8,67.14285714285714,42.375,0.028407099999999998,0.0255022,0.0305497,9,10,43.44444444444444,41.6,0.42559730000000007,0.41753084999999995,0.43366375,0.75,0.8571428571428571,0.6666666666666666,0.7505135319984942
4473229,15.0,15.0,8,673,6,6,44.666666666666664,66.5,0.0103246,0.0097181,0.010875,7,8,24.857142857142858,61.5,0.2240615,0.21875025,0.22937275,0.6153846153846153,0.6666666666666666,0.5714285714285714,0.7381815044858523
4481970,15.0,15.0,8,642,8,8,32.375,46.875,0.0115171,0.0114063,0.011527400000000002,8,8,22.0,57.25,0.3116321,0.30918475,0.31407945000000004,0.375,0.375,0.375,0.9017957351290685
4482888,15.0,15.0,8,647,1,1,28.0,618.0,0.0043053,0.0042766,0.0043142,0,1,0.0,647.0,0.0346837,0.0337644,0.035603,0.0,0.0,0.0,0.0
4487550,15.0,15.0,8,653,7,7,36.285714285714285,56.0,0.0106227,0.0104838,0.0112061,8,8,25.625,55.0,0.27366625,0.270993975,0.276338525,0.6666666666666666,0.7142857142857143,0.625,0.8619082914783613
4487946,15.0,15.0,8,710,2,3,254.5,66.33333333333333,0.07993489999999999,0.0789561,0.08030430000000001,3,3,156.66666666666666,79.0,0.42687614999999995,0.42234082500000003,0.43141147499999993,0.8,1.0,0.6666666666666666,0.8996827914353688
4504164,15.0,15.0,8,649,9,8,43.888888888888886,30.625,0.0138864,0.0134386,0.014946899999999999,10,11,24.3,36.0,0.3175174,0.3053077,0.32972710000000005,0.4210526315789474,0.4444444444444444,0.4,0.8759930019305019
4527487,15.0,15.0,8,671,1,1,632.0,38.0,0.037957300000000006,0.0376911,0.0385369,9,10,19.11111111111111,49.0,0.46654815000000005,0.457771975,0.475324325,0.0,0.0,0.0,0.0
4544584,15.0,15.0,8,672,9,10,34.77777777777778,35.0,0.0112277,0.011035299999999998,0.0114461,8,8,21.875,61.125,0.30092365000000004,0.297608225,0.304239075,0.5882352941176471,0.5555555555555556,0.625,0.7416445623342176
4547202,15.0,15.0,8,696,8,8,54.5,31.5,0.0193776,0.018399,0.0195238,6,5,21.0,112.8,0.42681035000000006,0.422479325,0.431141375,0.14285714285714288,0.125,0.16666666666666666,0.8620689655172413
4559519,15.0,15.0,8,991,9,10,81.44444444444444,24.9,0.0812103,0.0623742,0.0916151,8,7,64.125,67.14285714285714,0.61716355,0.6149484749999999,0.619378625,0.5882352941176471,0.5555555555555556,0.625,0.8185848875600288
4575701,15.0,15.0,8,700,5,6,31.4,89.66666666666667,0.0098324,0.009705,0.009866100000000001,7,7,21.428571428571427,77.57142857142857,0.24132895000000004,0.24078427500000002,0.241873625,0.6666666666666666,0.8,0.5714285714285714,0.7810364219322018
4579744,15.0,15.0,8,678,8,9,49.875,30.11111111111111,0.0081028,0.0076088,0.008514299999999999,7,5,23.428571428571427,101.4,0.34602584999999997,0.345008525,0.347043175,0.13333333333333333,0.125,0.14285714285714285,0.8
4605892,15.0,15.0,8,678,1,0,677.0,0.0,0.027425,0.0251005,0.0480757,6,7,18.0,80.57142857142857,0.5139089,0.5066390500000001,0.5211787499999999,0.0,0.0,0.0,0.0
4668185,15.0,15.0,8,641,8,8,39.5,39.625,0.010947799999999997,0.010914799999999997,0.0109795,8,9,26.5,46.77777777777778,0.28969899999999993,0.26669865,0.31269935,0.625,0.625,0.625,0.8768839943839943
4705097,15.0,15.0,8,659,7,7,38.714285714285715,54.42857142857143,0.013869100000000002,0.010986,0.0170137,7,7,22.428571428571427,70.71428571428571,0.298873,0.29636725,0.30137875,0.5714285714285714,0.5714285714285714,0.5714285714285714,0.8077014571579789
4724133,15.0,15.0,8,650,6,5,40.166666666666664,80.6,0.010119399999999999,0.0096035,0.010221899999999999,3,4,21.0,146.0,0.20084640000000004,0.19216765,0.20952515000000002,0.4444444444444444,0.3333333333333333,0.6666666666666666,0.7165697674418605
4749525,15.0,15.0,8,805,4,5,81.75,94.8,0.0218075,0.021640799999999998,0.022992099999999998,5,6,61.2,82.33333333333333,0.32446210000000003,0.3100265,0.3388977,0.888888888888889,1.0,0.8,0.8799820519225191
4754626,15.0,15.0,8,1144,6,7,131.66666666666666,49.714285714285715,0.07432269999999999,0.066627,0.0780239,9,10,78.66666666666667,42.7,0.73716235,0.7259793250000001,0.748345375,0.5333333333333333,0.6666666666666666,0.4444444444444444,0.8729836502639617
4754956,15.0,15.0,8,647,7,7,43.285714285714285,48.142857142857146,0.0125816,0.010869700000000001,0.013515200000000002,7,6,25.285714285714285,77.16666666666667,0.29856685000000005,0.295175975,0.30195772499999995,0.7142857142857143,0.7142857142857143,0.7142857142857143,0.7985281385281385
4775763,15.0,15.0,8,718,10,10,39.1,31.7,0.0163251,0.0162771,0.0164234,10,10,30.9,39.9,0.40786965000000003,0.40784227500000003,0.407897025,0.6,0.6,0.6,0.7954024665193417
4785421,15.0,15.0,8,773,8,8,52.375,43.25,0.012782400000000001,0.0126569,0.0163609,8,7,38.5,65.28571428571429,0.40253969999999994,0.392288,0.4127914,0.375,0.375,0.375,0.8114676932867356
4789937,15.0,15.0,8,678,9,7,36.44444444444444,48.714285714285715,0.014562700000000001,0.0143711,0.0146938,9,9,24.22222222222222,50.111111111111114,0.36090135,0.356838025,0.36496467500000007,0.3333333333333333,0.3333333333333333,0.3333333333333333,0.728352490421456
4792515,15.0,15.0,8,705,8,5,74.25,20.6,0.0163527,0.0161823,0.022070799999999998,9,10,20.88888888888889,50.8,0.48780284999999995,0.476715175,0.49889052500000003,0.11764705882352941,0.125,0.1111111111111111,0.8095238095238095
4811115,15.0,15.0,8,643,6,6,36.0,70.16666666666667,0.0107327,0.0106341,0.0108095,7,6,19.142857142857142,83.66666666666667,0.2852665,0.28158785,0.28894515000000004,0.4615384615384615,0.5,0.42857142857142855,0.7961017740429505
4824328,15.0,15.0,8,688,4,4,96.5,74.5,0.023005400000000002,0.0226237,0.023007700000000002,10,11,22.9,40.81818181818182,0.4118582499999999,0.390039225,0.43367727500000003,0.0,0.0,0.0,0.0
4861227,15.0,15.0,8,710,8,8,68.125,19.625,0.0238539,0.022975399999999997,0.024332799999999998,7,8,24.571428571428573,66.375,0.4850055,0.4840026500000001,0.48600835,0.39999999999999997,0.375,0.42857142857142855,0.7341940958962235
4861687,15.0,15.0,8,746,9,8,54.44444444444444,30.875,0.0184099,0.018390200000000002,0.018595900000000002,5,4,23.6,155.75,0.37696620000000003,0.35779334999999995,0.39613905000000005,0.5714285714285714,0.4444444444444444,0.8,0.7411161833154314
4862222,15.0,15.0,8,670,4,4,49.5,117.0,0.0106171,0.0106002,0.0107305,4,4,17.0,149.5,0.17458024999999996,0.16904977499999999,0.180110725,0.25,0.25,0.25,0.9444444444444444
4862380,15.0,15.0,8,660,6,7,38.166666666666664,60.714285714285715,0.006332699999999999,0.0062204,0.0091537,7,8,21.857142857142858,62.5,0.26264875,0.25390932499999996,0.271388175,0.4615384615384615,0.5,0.42857142857142855,0.7916130416130417
4865550,15.0,15.0,8,642,7,7,41.57142857142857,49.142857142857146,0.0070532,0.0069745,0.007119,6,7,18.833333333333332,74.71428571428571,0.26875129999999997,0.25566809999999995,0.2818345,0.4615384615384615,0.42857142857142855,0.5,0.7518077556923283
4865558,15.0,15.0,8,649,6,7,38.666666666666664,58.714285714285715,0.0121811,0.0121471,0.012221,6,7,19.0,75.57142857142857,0.20617650000000004,0.19608715000000002,0.21626585000000004,0.3333333333333333,0.3333333333333333,0.3333333333333333,0.7867965367965368
4912927,15.0,15.0,8,674,2,2,31.0,305.0,0.0052417,0.004694899999999999,0.0058422000000000005,0,1,0.0,674.0,0.08206835000000001,0.08125792500000001,0.08287877499999999,0.0,0.0,0.0,0.0
4915833,15.0,15.0,8,675,9,10,36.77777777777778,33.5,0.0103929,0.0096984,0.012484099999999998,7,8,30.428571428571427,56.875,0.41991355,0.394718675,0.445108425,0.75,0.6666666666666666,0.8571428571428571,0.8740876747773298
4940890,15.0,15.0,8,683,5,5,51.2,84.4,0.0162453,0.013690299999999997,0.016535,5,6,19.6,96.66666666666667,0.28089220000000004,0.2807819,0.28100249999999993,0.20000000000000004,0.2,0.2,0.5238095238095238
5244934,15.0,15.0,8,656,8,7,62.875,20.714285714285715,0.010023,0.0099309,0.0101108,7,7,22.714285714285715,70.0,0.44752495000000003,0.432174375,0.46287552499999995,0.26666666666666666,0.25,0.2857142857142857,0.8232758620689655
5351422,15.0,15.0,8,654,7,7,41.857142857142854,50.57142857142857,0.0142462,0.013227299999999999,0.01452,8,9,23.0,51.333333333333336,0.34928635,0.348621625,0.349951075,0.5333333333333333,0.5714285714285714,0.5,0.7560869565217392
5477477,15.0,15.0,8,678,3,3,40.0,185.0,0.006248,0.004211100000000001,0.0070377,1,2,22.0,327.5,0.12048040000000002,0.1191592,0.1218016,0.0,0.0,0.0,0.0
5499001,15.0,15.0,8,670,5,6,29.4,86.33333333333333,0.0078637,0.007042100000000001,0.0087919,5,6,23.0,91.66666666666667,0.14945465,0.149243675,0.149665625,0.6,0.6,0.6,0.9211956521739131
5503058,15.0,15.0,8,916,10,9,63.5,30.11111111111111,0.0752637,0.070943,0.0756284,7,7,28.142857142857142,101.71428571428571,0.59184465,0.5889913250000001,0.5946979750000001,0.7058823529411764,0.6,0.8571428571428571,0.863192766142284
5503168,15.0,15.0,8,695,7,8,66.57142857142857,27.75,0.015320000000000002,0.013884299999999999,0.0176493,10,10,20.8,47.7,0.44687095,0.446077725,0.44766417500000005,0.3529411764705882,0.42857142857142855,0.3,0.7833333333333333
5503359,15.0,15.0,8,716,8,7,59.0,33.714285714285715,0.026117599999999998,0.025850400000000003,0.026166199999999997,7,6,23.857142857142858,90.33333333333333,0.45899615,0.44765827499999994,0.47033402500000004,0.26666666666666666,0.25,0.2857142857142857,0.7560606060606061
5540718,15.0,15.0,8,663,8,8,48.5,33.375,0.0154674,0.013864499999999998,0.0176208,9,10,19.77777777777778,47.6,0.3770422,0.35803345000000003,0.39605095,0.23529411764705882,0.25,0.2222222222222222,0.6853070175438596
5540722,15.0,15.0,8,691,8,7,48.25,42.42857142857143,0.008413700000000001,0.0082949,0.0096914,5,6,33.4,86.5,0.34585639999999995,0.33710235,0.35461045,0.4615384615384615,0.375,0.6,0.7931163486719042
5540733,15.0,15.0,8,641,10,10,35.0,28.1,0.012712600000000001,0.0126939,0.012724899999999999,8,9,20.375,52.22222222222222,0.27898605,0.278541375,0.27943072500000005,0.5555555555555556,0.5,0.625,0.6803610096591458
5540847,15.0,15.0,8,869,9,9,63.333333333333336,32.22222222222222,0.0301795,0.028604,0.0320468,7,7,25.857142857142858,97.28571428571429,0.50572285,0.500627125,0.510818575,0.5,0.4444444444444444,0.5714285714285714,0.87744968994969
5547018,15.0,15.0,8,649,5,6,52.6,63.5,0.0113133,0.011270299999999997,0.011348700000000003,5,6,18.8,91.66666666666667,0.2039787,0.2014495,0.2065079,0.0,0.0,0.0,0.0
5565253,15.0,15.0,8,670,7,6,48.714285714285715,53.666666666666664,0.007697199999999999,0.0076392000000000005,0.0144662,9,10,22.444444444444443,45.9,0.34057095000000004,0.324714225,0.35642767500000005,0.25,0.2857142857142857,0.2222222222222222,0.8528571428571429
5615881,15.0,15.0,8,1051,9,9,84.55555555555556,31.22222222222222,0.0501251,0.035702199999999996,0.0504801,9,10,23.77777777777778,82.8,0.6157682000000001,0.6083669,0.6231695,0.4444444444444444,0.4444444444444444,0.4444444444444444,0.7169719827586207
5615968,15.0,15.0,8,642,5,6,52.4,62.5,0.011548899999999997,0.0115374,0.011647800000000002,5,6,19.0,90.33333333333333,0.24434264999999997,0.23589802499999998,0.252787275,0.0,0.0,0.0,0.0
5615986,15.0,15.0,8,685,6,7,68.66666666666667,38.142857142857146,0.0114965,0.011225400000000002,0.011816799999999999,9,9,21.88888888888889,53.22222222222222,0.3856530000000001,0.38071395,0.39059204999999997,0.13333333333333333,0.16666666666666666,0.1111111111111111,0.8636363636363636
5615988,15.0,15.0,8,671,8,9,49.25,29.88888888888889,0.0150869,0.015001700000000001,0.016179799999999998,9,9,23.88888888888889,49.666666666666664,0.40755964999999994,0.3977633749999999,0.41735592499999996,0.35294117647058826,0.375,0.3333333333333333,0.7391647452788757
5616015,15.0,15.0,8,657,3,3,27.0,191.0,0.007705199999999999,0.005708899999999999,0.007968600000000001,4,5,24.5,111.0,0.13483585,0.131371175,0.138300525,0.5714285714285715,0.6666666666666666,0.5,0.8714285714285714
5633515,15.0,15.0,8,663,9,8,44.44444444444444,31.75,0.0166848,0.009163600000000001,0.017433,12,9,20.75,44.666666666666664,0.47940794999999997,0.464904425,0.49391147500000004,0.380952380952381,0.4444444444444444,0.3333333333333333,0.9199275362318841
5692189,15.0,15.0,8,1527,7,8,168.14285714285714,42.875,0.19585170000000002,0.1726789,0.2438466,3,4,295.0,159.75,0.9870618999999999,0.9722921,1.0018317,0.6,0.42857142857142855,1.0,0.8186457935598829
5705278,15.0,15.0,8,643,8,9,43.5,31.88888888888889,0.0066553,0.0062071,0.0066813,6,7,27.333333333333332,67.57142857142857,0.29096465,0.28709207499999995,0.294837225,0.7142857142857143,0.625,0.8333333333333334,0.7022839452905898
5705752,15.0,15.0,8,682,7,8,47.714285714285715,42.625,0.0164685,0.0144956,0.0169197,8,9,26.25,51.55555555555556,0.3406292,0.3377101,0.3435483,0.7999999999999999,0.8571428571428571,0.75,0.792943799593416
5706077,15.0,15.0,8,656,6,6,50.666666666666664,57.666666666666664,0.012868,0.0128632,0.0129079,8,7,27.375,61.285714285714285,0.26517730000000006,0.262397,0.2679576,0.5714285714285715,0.6666666666666666,0.5,0.7324360819456259
5706137,15.0,15.0,8,737,7,7,88.28571428571429,16.0,0.0300388,0.0299538,0.0301533,8,9,24.875,58.888888888888886,0.4968779,0.49184925,0.50190655,0.13333333333333333,0.14285714285714285,0.125,0.5862068965517241
5715345,15.0,15.0,8,923,6,7,83.16666666666667,59.714285714285715,0.0413971,0.0349595,0.045145300000000006,5,6,82.6,84.16666666666667,0.43277035,0.429821025,0.435719675,0.5454545454545454,0.5,0.6,0.9174559326493027
5771585,15.0,15.0,8,720,7,8,59.285714285714285,37.25,0.0200821,0.0161509,0.0201712,8,7,24.0,74.28571428571429,0.36355364999999995,0.35963722500000006,0.36747007499999995,0.26666666666666666,0.2857142857142857,0.25,0.5679089026915114
5771621,15.0,15.0,8,675,7,8,55.285714285714285,35.125,0.0184158,0.0181943,0.0193086,8,8,20.75,62.625,0.37891155000000004,0.378629875,0.379193225,0.26666666666666666,0.2857142857142857,0.25,0.7535612535612535
5772092,15.0,15.0,8,729,10,10,46.9,25.0,0.0106958,0.010583,0.0117278,11,8,29.363636363636363,49.375,0.47261709999999996,0.4672931,0.47794109999999995,0.5714285714285713,0.6,0.5454545454545454,0.8094076118167787
5772102,15.0,15.0,8,725,8,7,61.5,32.142857142857146,0.024808500000000004,0.0217775,0.0263048,12,11,24.166666666666668,38.45454545454545,0.4542795,0.43517494999999995,0.47338405000000006,0.4,0.5,0.3333333333333333,0.8236607142857143
5772192,15.0,15.0,8,706,7,8,65.14285714285714,30.375,0.0108203,0.0107487,0.0112896,8,8,19.0,68.25,0.4411751,0.43075265,0.45159755,0.0,0.0,0.0,0.0
5874746,15.0,15.0,8,729,8,7,56.375,38.57142857142857,0.0215985,0.0206141,0.0216096,6,7,32.0,75.85714285714286,0.40121665,0.387736675,0.41469662500000004,0.28571428571428575,0.25,0.3333333333333333,0.7661007025761124
5874767,15.0,15.0,8,1278,6,5,193.83333333333334,21.8,0.10106810000000001,0.0965275,0.1033623,10,10,27.0,99.8,0.9087810000000001,0.9058000500000001,0.91176195,0.25,0.3333333333333333,0.2,0.6638888888888889
5874769,15.0,15.0,8,649,8,8,48.625,31.5,0.0119112,0.0090906,0.012890200000000001,9,10,19.22222222222222,46.7,0.47672420000000004,0.46299270000000003,0.49045570000000005,0.11764705882352941,0.125,0.1111111111111111,0.8421052631578947
5874787,15.0,15.0,8,1064,8,8,118.625,13.375,0.1113527,0.1029394,0.1135145,9,9,73.11111111111111,44.111111111111114,0.803904,0.8015360000000001,0.806272,0.35294117647058826,0.375,0.3333333333333333,0.7952093661679595
5875173,15.0,15.0,8,712,3,2,227.33333333333334,13.5,0.0423555,0.038122199999999995,0.054873099999999994,14,11,17.428571428571427,41.27272727272727,0.53920695,0.537896125,0.5405177749999999,0.11764705882352941,0.3333333333333333,0.07142857142857142,0.9047619047619048
5882173,15.0,15.0,8,665,8,9,52.0,26.77777777777778,0.017211599999999997,0.017182799999999998,0.0172526,7,7,23.428571428571427,70.57142857142857,0.3347901,0.32986755,0.33971264999999995,0.26666666666666666,0.25,0.2857142857142857,0.9265734265734266
5969330,15.0,15.0,8,721,8,9,44.75,39.44444444444444,0.0166441,0.0163373,0.0173762,11,11,24.363636363636363,40.18181818181818,0.35265565,0.348416825,0.356894475,0.5263157894736842,0.625,0.45454545454545453,0.7567500569605833
5969331,15.0,15.0,8,706,6,7,80.83333333333333,30.714285714285715,0.023061099999999998,0.022577200000000002,0.0233654,11,12,25.90909090909091,34.166666666666664,0.3927085,0.38230835,0.40310864999999996,0.23529411764705885,0.3333333333333333,0.18181818181818182,0.5507017543859649
5969362,15.0,15.0,8,672,9,9,41.888888888888886,31.77777777777778,0.014729100000000002,0.0144459,0.014809,9,9,23.88888888888889,49.77777777777778,0.3698276,0.36699804999999996,0.37265715,0.4444444444444444,0.4444444444444444,0.4444444444444444,0.8411431335959638
6058407,15.0,15.0,8,696,7,7,52.42857142857143,46.0,0.015234200000000002,0.015164200000000003,0.0160407,6,7,18.833333333333332,82.42857142857143,0.31729919999999995,0.31207475,0.32252364999999994,0.30769230769230765,0.2857142857142857,0.3333333333333333,0.546875
6062407,15.0,15.0,8,666,8,9,45.75,32.44444444444444,0.0179445,0.0178556,0.0180011,10,11,25.7,36.27272727272727,0.36634389999999994,0.36505455000000003,0.36763325,0.33333333333333326,0.375,0.3,0.8919982553183052
6109129,15.0,15.0,8,721,7,8,45.42857142857143,49.5,0.016436,0.0164243,0.0164952,9,9,21.22222222222222,57.888888888888886,0.29269364999999997,0.291900375,0.293486925,0.5,0.5714285714285714,0.4444444444444444,0.7348484848484849
6148097,15.0,15.0,8,725,9,8,46.55555555555556,37.125,0.026001,0.0242701,0.026128400000000003,8,8,40.0,49.625,0.39222090000000004,0.38380475,0.40063705,0.7058823529411765,0.6666666666666666,0.75,0.8651345099010762
6148143,15.0,15.0,8,677,5,6,53.2,67.66666666666667,0.0091021,0.0075609,0.0118918,2,3,20.0,211.66666666666666,0.21433715000000003,0.204197075,0.224477225,0.28571428571428575,0.2,0.5,0.8
6148208,15.0,15.0,8,646,5,5,83.6,44.6,0.020129900000000003,0.019068,0.022430099999999998,8,9,23.125,50.333333333333336,0.37395044999999993,0.365900375,0.38200052500000004,0.15384615384615385,0.2,0.125,0.8157894736842105
6190357,15.0,15.0,8,710,7,7,47.42857142857143,53.0,0.0205812,0.020130099999999998,0.0210392,6,6,35.333333333333336,82.0,0.2722984500000001,0.26930817500000004,0.275288725,0.6153846153846153,0.5714285714285714,0.6666666666666666,0.771547619047619
6193396,15.0,15.0,8,658,10,10,44.3,20.5,0.0200323,0.011517100000000002,0.020716400000000003,10,10,23.1,41.7,0.4489646,0.44343164999999996,0.45449755,0.4000000000000001,0.4,0.4,0.8341187218890554
6193436,15.0,15.0,8,666,5,4,117.6,18.25,0.0155743,0.0154034,0.0198746,10,11,25.0,36.90909090909091,0.48251055000000004,0.469087375,0.49593372500000005,0.13333333333333333,0.2,0.1,0.875
4216956,15.0,30.0,15,910,5,6,108.4,60.5,0.0521063,0.0497721,0.0585026,5,6,72.0,90.83333333333333,0.48219339999999994,0.47990079999999996,0.4844860000000001,0.6,0.6,0.6,0.7474275671619125
4272243,15.0,30.0,15,646,1,2,45.0,300.0,0.0072138,0.007103699999999999,0.0075838999999999985,2,3,40.0,188.0,0.1089573,0.10893135,0.10898325000000002,0.6666666666666666,1.0,0.5,0.9
4344977,15.0,30.0,15,1187,5,5,159.6,76.8,0.0689964,0.0677712,0.0777326,5,6,134.8,84.66666666666667,0.7147766000000001,0.7139994500000001,0.71555375,1.0,1.0,1.0,0.8337507131743885
4350946,15.0,30.0,15,690,5,5,58.2,78.8,0.009610299999999999,0.009351700000000001,0.0201591,5,5,50.6,86.4,0.33601375,0.324714825,0.347312675,0.8000000000000002,0.8,0.8,0.7254670965608465
4351935,15.0,30.0,15,775,5,6,80.2,61.5,0.0265987,0.0258374,0.027013699999999998,1,2,55.0,359.5,0.417458,0.4102137,0.4247023,0.33333333333333337,0.2,1.0,0.9272727272727272
4352377,15.0,30.0,15,716,4,5,71.0,85.6,0.021707,0.0204133,0.021728400000000002,3,4,42.333333333333336,146.5,0.34627525,0.345248925,0.34730157500000003,0.8571428571428571,0.75,1.0,0.9374741200828157
4358853,15.0,30.0,15,666,3,4,45.0,132.0,0.0131732,0.012959100000000003,0.013922799999999999,1,2,51.0,307.0,0.24957150000000003,0.24187614999999998,0.25726685000000005,0.0,0.0,0.0,0.0
4359232,15.0,30.0,15,681,2,3,44.5,196.66666666666666,0.0043764,0.0042886999999999995,0.004437399999999999,3,4,34.333333333333336,143.75,0.13307535,0.13098627499999999,0.135164425,0.4,0.5,0.3333333333333333,0.9743589743589743
4370045,15.0,30.0,15,720,3,4,83.33333333333333,116.75,0.0189825,0.0139365,0.0208316,2,3,49.0,206.66666666666666,0.2935504,0.2930273,0.2940735,0.8,0.6666666666666666,1.0,0.9458707744972187
4389353,15.0,30.0,15,650,4,5,46.0,92.4,0.010599299999999999,0.0103795,0.011017299999999999,4,5,38.5,98.4,0.2403187,0.23971995000000001,0.24091744999999998,0.75,0.75,0.75,0.9485449735449736
4389414,15.0,30.0,15,645,5,5,43.6,84.4,0.0092129,0.0069472,0.0096387,4,3,43.0,156.33333333333334,0.2341361,0.23025224999999996,0.23801995,0.888888888888889,0.8,1.0,0.9535379023150763
4392729,15.0,30.0,15,652,3,4,57.0,119.5,0.011439699999999999,0.010207,0.0122183,2,3,32.0,195.33333333333334,0.23748714999999995,0.232440025,0.24253427500000002,0.0,0.0,0.0,0.0
4393045,15.0,30.0,15,936,3,4,165.0,109.5,0.0490873,0.039503199999999995,0.0527406,5,6,85.6,83.83333333333333,0.4963663,0.49331069999999994,0.49942190000000003,0.5,0.6666666666666666,0.4,0.7559523809523809
4440451,15.0,30.0,15,657,2,3,54.5,182.0,0.008043699999999999,0.0066409,0.0081262,0,1,0.0,657.0,0.1290878,0.12179055000000001,0.13638504999999998,0.0,0.0,0.0,0.0
4443744,15.0,30.0,15,710,6,7,50.833333333333336,57.0,0.0129091,0.0122827,0.013453099999999999,1,2,50.0,329.5,0.29107065,0.289041675,0.293099625,0.2857142857142857,0.16666666666666666,1.0,0.94
4448887,15.0,30.0,15,666,6,6,54.5,55.5,0.014990700000000001,0.0149179,0.0150376,5,5,46.8,85.4,0.3242337,0.3213681,0.3270993,0.9090909090909091,0.8333333333333334,1.0,0.7596826083523033
4469551,15.0,30.0,15,670,3,4,51.666666666666664,128.0,0.010424,0.0101571,0.012745600000000003,4,5,34.0,106.0,0.22146015,0.216014575,0.22690572500000003,0.28571428571428575,0.3333333333333333,0.25,0.8857142857142857
4472905,15.0,30.0,15,816,3,4,116.66666666666667,115.75,0.026168600000000004,0.0222623,0.0281643,4,5,88.0,92.0,0.40282005,0.39582947500000004,0.409810625,0.8571428571428571,1.0,0.75,0.9064593301435405
4473229,15.0,30.0,15,673,4,4,55.75,111.5,0.0099851,0.009064899999999999,0.010073,3,3,57.0,166.33333333333334,0.231755,0.2294123,0.23409770000000002,0.8571428571428571,0.75,1.0,0.956959706959707
4481970,15.0,30.0,15,642,2,3,73.0,164.66666666666666,0.012046,0.011977100000000001,0.0120546,2,3,35.5,189.66666666666666,0.33984975000000006,0.334334825,0.345364675,0.0,0.0,0.0,0.0
4482888,15.0,30.0,15,647,0,1,0.0,647.0,0.0047295,0.0046739,0.0048481999999999996,1,1,31.0,615.0,0.04946965000000001,0.04768302500000001,0.05125627500000001,0.0,0.0,0.0,0.0
4487550,15.0,30.0,15,653,3,4,56.666666666666664,120.0,0.0131582,0.0125078,0.013226599999999998,3,4,59.666666666666664,117.75,0.27262719999999996,0.27134105,0.27391335,1.0,1.0,1.0,0.9532828282828283
4487946,15.0,30.0,15,710,1,2,482.0,113.5,0.0779898,0.07626039999999999,0.07814860000000001,1,2,429.0,140.0,0.55447315,0.536700875,0.572245425,1.0,1.0,1.0,0.8900414937759336
4504164,15.0,30.0,15,649,5,5,56.0,72.8,0.0141967,0.012825,0.015118600000000001,2,3,35.0,192.33333333333334,0.42618045,0.42594617500000004,0.426414725,0.28571428571428575,0.2,0.5,0.5217391304347826
4527487,15.0,30.0,15,671,5,4,106.4,33.5,0.0366839,0.0357323,0.0394223,3,4,38.333333333333336,138.25,0.60993905,0.599143325,0.6207347750000001,0.5,0.4,0.6666666666666666,0.7143784485556637
4544584,15.0,30.0,15,672,3,4,43.0,135.0,0.0115415,0.0109241,0.0135645,3,4,46.333333333333336,132.5,0.31774189999999997,0.31723985,0.31824395,0.6666666666666666,0.6666666666666666,0.6666666666666666,0.8825396825396825
4547202,15.0,30.0,15,696,4,5,64.0,87.2,0.0187293,0.0186203,0.0204237,7,7,52.42857142857143,46.0,0.438832,0.43123285000000006,0.44643115,0.5454545454545454,0.75,0.42857142857142855,0.895885114609224
4559519,15.0,30.0,15,991,5,6,125.6,59.666666666666664,0.1066202,0.10202989999999999,0.1156945,3,4,141.66666666666666,140.75,0.6668767999999999,0.6652841,0.6684695,0.5,0.4,0.6666666666666666,0.8878852827107573
4575701,15.0,30.0,15,700,1,2,42.0,328.5,0.010717200000000001,0.0103588,0.0110411,2,3,36.5,208.33333333333334,0.20103509999999997,0.19960069999999996,0.20246950000000002,0.0,0.0,0.0,0.0
4579744,15.0,30.0,15,678,5,6,59.2,62.833333333333336,0.0118948,0.009800399999999999,0.013675900000000001,4,5,38.25,104.2,0.40643985000000005,0.396574425,0.41630527500000003,0.6666666666666665,0.6,0.75,0.7182234432234432
4605892,15.0,30.0,15,678,3,2,211.33333333333334,20.5,0.0454308,0.0453468,0.05209630000000001,6,6,35.5,76.5,0.5948099,0.5930449,0.5965749,0.2222222222222222,0.3333333333333333,0.16666666666666666,0.9428571428571428
4668185,15.0,30.0,15,641,6,7,43.833333333333336,53.142857142857146,0.0115628,0.011345100000000002,0.0116688,6,6,39.5,66.33333333333333,0.29845105,0.298160425,0.298741675,0.8333333333333334,0.8333333333333334,0.8333333333333334,0.8972605024602605
4705097,15.0,30.0,15,659,4,4,51.0,112.75,0.011939799999999997,0.0118796,0.0120671,4,4,54.0,109.75,0.25381875,0.250083125,0.257554375,1.0,1.0,1.0,0.9463573155051124
4724133,15.0,30.0,15,650,4,4,48.0,113.5,0.0050413,0.005011600000000001,0.0057848,3,4,39.0,132.5,0.21826125000000002,0.21555517500000002,0.22096732500000002,0.5714285714285715,0.5,0.6666666666666666,0.9367346938775509
4749525,15.0,30.0,15,805,2,3,138.5,175.33333333333334,0.021132,0.0187277,0.0216017,3,4,106.33333333333333,120.75,0.32303830000000006,0.31811354999999997,0.32796305,0.8,1.0,0.6666666666666666,0.9650835275835277
4754626,15.0,30.0,15,1144,4,5,176.75,86.6,0.0669917,0.0610423,0.075343,4,5,161.0,99.2,0.78341855,0.781081775,0.785755325,0.75,0.75,0.75,0.8341463076128129
4754956,15.0,30.0,15,647,4,5,56.0,83.8,0.012689,0.012412499999999998,0.01282,5,5,35.6,92.8,0.2786009,0.27625405000000003,0.28094775,0.6666666666666665,0.75,0.6,0.8332737030411449
4775763,15.0,30.0,15,718,5,6,52.8,74.83333333333333,0.0175044,0.0174454,0.0183139,8,9,44.625,39.22222222222222,0.38723510000000005,0.38432245000000004,0.39014775,0.7692307692307693,1.0,0.625,0.8063941990771258
4785421,15.0,30.0,15,773,4,4,77.25,115.0,0.026017,0.0241344,0.0265911,5,4,66.0,109.5,0.4030875499999999,0.40032202499999997,0.405853075,0.6666666666666665,0.75,0.6,0.9288313850111604
4789937,15.0,30.0,15,678,4,4,37.5,131.0,0.0079056,0.0073952,0.011286,6,5,36.166666666666664,91.0,0.30294129999999997,0.29564755,0.31023505,0.6,0.75,0.5,0.9544956140350878
4792515,15.0,30.0,15,705,6,7,77.16666666666667,33.714285714285715,0.028726599999999998,0.027781800000000002,0.0290558,7,6,41.714285714285715,67.66666666666667,0.53960215,0.5386229750000001,0.540581325,0.30769230769230765,0.3333333333333333,0.2857142857142857,0.8805120910384068
4811115,15.0,30.0,15,643,3,4,52.333333333333336,120.75,0.0100203,0.009774,0.010715499999999998,4,5,49.75,88.0,0.23651185000000002,0.23578877500000003,0.23723492499999999,0.8571428571428571,1.0,0.75,0.9467429306138984
4824328,15.0,30.0,15,688,3,4,110.0,88.75,0.0216089,0.0205588,0.023497599999999997,2,3,87.0,170.66666666666666,0.3888501,0.38608064999999997,0.39161955000000004,0.8,0.6666666666666666,1.0,0.6641566265060241
4861227,15.0,30.0,15,710,6,7,77.33333333333333,34.285714285714285,0.014028200000000001,0.012576399999999998,0.0155749,8,9,51.375,32.333333333333336,0.4824328,0.4819887500000001,0.48287684999999997,0.42857142857142855,0.5,0.375,0.9309787295199771
4861687,15.0,30.0,15,746,7,8,62.42857142857143,37.75,0.015402800000000001,0.0150836,0.0157586,6,6,36.666666666666664,86.66666666666667,0.43339145,0.426796525,0.43998637500000004,0.6153846153846153,0.5714285714285714,0.6666666666666666,0.7371446672917261
4862222,15.0,30.0,15,670,3,4,60.333333333333336,121.5,0.011037700000000001,0.0105533,0.0112023,3,4,53.666666666666664,126.5,0.17528005000000002,0.171500775,0.17905932500000002,1.0,1.0,1.0,0.8551888945956744
4862380,15.0,30.0,15,660,2,3,68.0,174.0,0.0120207,0.0114001,0.0123824,2,3,36.5,195.0,0.22517415000000002,0.22357407499999998,0.226774225,0.5,0.5,0.5,0.9534883720930233
4865550,15.0,30.0,15,642,5,5,51.0,76.4,0.012212,0.0116429,0.0127174,3,4,39.333333333333336,130.25,0.2502761,0.244159,0.2563932,0.5,0.4,0.6666666666666666,0.9653805496828753
4865558,15.0,30.0,15,649,4,5,35.5,100.6,0.011617,0.0110976,0.011663,4,5,37.75,98.8,0.2123286,0.20766385000000004,0.21699334999999997,0.75,0.75,0.75,0.8223613595706619
4912927,15.0,30.0,15,674,1,2,35.0,319.0,0.0058291,0.0056876999999999995,0.0062351,1,2,36.0,318.5,0.059357650000000005,0.058119225,0.060596075000000006,1.0,1.0,1.0,0.9722222222222222
4915833,15.0,30.0,15,675,3,4,64.33333333333333,119.75,0.011636700000000003,0.011573799999999999,0.0125667,3,4,48.333333333333336,131.75,0.2703813,0.26467275,0.27608985,0.6666666666666666,0.6666666666666666,0.6666666666666666,0.9291680588038758
4940890,15.0,30.0,15,683,2,3,75.5,176.66666666666666,0.0147227,0.0146741,0.015095200000000001,2,3,46.0,196.33333333333334,0.2595154,0.25807455,0.26095625,0.5,0.5,0.5,0.9824561403508771
5244934,15.0,30.0,15,656,6,6,62.666666666666664,45.666666666666664,0.0188891,0.0187588,0.0200685,6,6,40.833333333333336,67.5,0.41018214999999997,0.4076763749999999,0.41268792500000007,0.6666666666666666,0.6666666666666666,0.6666666666666666,0.7163163632190942
5351422,15.0,30.0,15,654,3,4,54.666666666666664,121.75,0.0075314,0.0075011999999999995,0.011186299999999998,4,4,37.0,125.5,0.28166365000000004,0.276314925,0.287012375,0.28571428571428575,0.3333333333333333,0.25,0.7333333333333333
5477477,15.0,30.0,15,678,2,2,45.0,293.0,0.0052369,0.0037208000000000002,0.0067596,1,2,32.0,322.5,0.1028924,0.101925,0.1038598,0.0,0.0,0.0,0.0
5499001,15.0,30.0,15,670,1,2,37.0,316.0,0.0073721,0.007170799999999999,0.0078659,3,4,36.666666666666664,139.25,0.13720805,0.133134225,0.141281875,0.5,1.0,0.3333333333333333,0.9736842105263158
5503058,15.0,30.0,15,916,5,6,99.4,69.0,0.0526594,0.046569400000000004,0.06394230000000001,5,5,37.4,144.8,0.5461179500000001,0.5423437749999999,0.549892125,0.4000000000000001,0.4,0.4,0.9062927496580027
5503168,15.0,30.0,15,695,5,6,70.8,56.0,0.0253832,0.0248325,0.0271101,5,6,44.6,77.83333333333333,0.4083964500000001,0.40681457500000007,0.40997832500000003,0.4000000000000001,0.4,0.4,0.8084682440846824
5503359,15.0,30.0,15,716,6,6,65.16666666666667,53.166666666666664,0.028754400000000006,0.027416700000000002,0.0298003,5,4,38.2,130.0,0.4119663500000001,0.411565425,0.41236727500000003,0.5454545454545454,0.5,0.6,0.8283716587410158
5540718,15.0,30.0,15,663,6,6,54.0,55.5,0.015396900000000002,0.0128497,0.016816900000000003,6,5,50.5,70.8,0.42395984999999997,0.4048046249999999,0.443115075,0.8333333333333334,0.8333333333333334,0.8333333333333334,0.8918078529657478
5540722,15.0,30.0,15,691,5,5,52.0,85.2,0.0150861,0.014980000000000002,0.0156104,4,5,46.25,100.4,0.30931215,0.30162022499999996,0.317004075,0.4444444444444445,0.4,0.5,0.7858006773101113
5540733,15.0,30.0,15,641,3,4,49.333333333333336,122.5,0.009868799999999999,0.0079478,0.011069500000000001,7,8,38.714285714285715,45.375,0.28485839999999996,0.2760463,0.29367049999999995,0.6,1.0,0.42857142857142855,0.7328736078736079
5540847,15.0,30.0,15,869,6,6,81.33333333333333,62.5,0.0293832,0.0274535,0.036110699999999996,6,6,45.0,98.83333333333333,0.4648345,0.4376992,0.49196979999999996,0.6666666666666666,0.6666666666666666,0.6666666666666666,0.9045156351712998
5547018,15.0,30.0,15,649,5,6,51.2,64.66666666666667,0.0089874,0.0070457,0.009018799999999999,3,4,56.0,119.5,0.2137914,0.20475145,0.22283134999999998,0.7499999999999999,0.6,1.0,0.9249398004815962
5565253,15.0,30.0,15,670,5,4,56.0,96.25,0.0101002,0.010001399999999999,0.013293899999999999,4,4,45.25,121.25,0.28345155,0.26211507500000003,0.30478802499999996,0.6666666666666665,0.6,0.75,0.8908859840232389
5615881,15.0,30.0,15,1051,6,6,114.66666666666667,59.5,0.0249196,0.0238135,0.025483999999999996,4,5,102.5,127.4,0.45755335,0.454540925,0.460565775,0.6,0.5,0.75,0.9559881506559459
5615968,15.0,30.0,15,642,5,6,51.8,63.0,0.0056235,0.005558100000000001,0.0057225,3,4,52.666666666666664,120.25,0.17619345,0.17439637499999996,0.17799052499999998,0.7499999999999999,0.6,1.0,0.9385812144432834
5615986,15.0,30.0,15,685,4,5,84.5,68.6,0.0102267,0.0101609,0.010505700000000001,5,6,39.0,80.83333333333333,0.2421419,0.24071214999999999,0.24357164999999997,0.4444444444444445,0.5,0.4,0.722972972972973
5615988,15.0,30.0,15,671,5,6,62.0,59.333333333333336,0.009757100000000001,0.0087311,0.0128941,4,5,40.5,101.0,0.25246235,0.24456117500000002,0.26036352500000004,0.22222222222222224,0.2,0.25,0.8676470588235294
5616015,15.0,30.0,15,657,1,2,32.0,312.0,0.0034976000000000004,0.003467,0.0039229,1,2,35.0,310.5,0.05617965,0.054994924999999986,0.057364375,1.0,1.0,1.0,0.9142857142857143
5633515,15.0,30.0,15,663,5,6,49.6,68.33333333333333,0.0088426,0.008489799999999999,0.0096271,7,6,40.857142857142854,61.666666666666664,0.29707055,0.296822375,0.29731872499999995,0.6666666666666666,0.8,0.5714285714285714,0.8959986772486772
5692189,15.0,30.0,15,1527,5,6,224.2,66.83333333333333,0.1249689,0.12303910000000001,0.12708189999999997,5,6,197.8,88.83333333333333,0.7123724,0.7098451000000001,0.7148996999999999,0.8000000000000002,0.8,0.8,0.9525365174103644
5705278,15.0,30.0,15,643,7,8,44.714285714285715,40.375,0.0062142,0.0060508,0.0078789,7,8,41.285714285714285,43.375,0.20030615,0.196635825,0.20397647500000002,0.8571428571428571,0.8571428571428571,0.8571428571428571,0.878333236761113
5705752,15.0,30.0,15,682,4,5,61.0,86.8,0.008281700000000001,0.0082646,0.00834,6,7,39.666666666666664,62.57142857142857,0.23126185000000002,0.229209125,0.23331457500000002,0.6,0.75,0.5,0.9056445993031358
5706077,15.0,30.0,15,656,5,5,53.8,76.4,0.006302100000000001,0.0061797,0.006543800000000001,4,4,43.75,119.25,0.2218534,0.21345500000000003,0.2302518,0.6666666666666665,0.6,0.75,0.8155228758169933
5706137,15.0,30.0,15,737,7,7,79.57142857142857,24.714285714285715,0.015394799999999997,0.015156500000000002,0.015442099999999999,9,9,43.44444444444444,37.44444444444444,0.38687169999999993,0.38368489999999994,0.3900585000000001,0.6250000000000001,0.7142857142857143,0.5555555555555556,0.7309171075837743
5715345,15.0,30.0,15,923,3,4,143.0,122.75,0.0228346,0.0222331,0.023731,4,5,108.0,97.4,0.29664715,0.295557875,0.29773642499999997,0.8571428571428571,1.0,0.75,0.9438042620363062
5771585,15.0,30.0,15,720,5,6,72.0,59.166666666666664,0.011384100000000001,0.0112177,0.0132826,5,6,42.0,84.16666666666667,0.25840795,0.25366082500000003,0.263155075,0.6,0.6,0.6,0.7158550802618601
5771621,15.0,30.0,15,675,5,6,58.2,63.166666666666664,0.0099023,0.0095439,0.0125013,5,6,39.8,78.5,0.2961753,0.29309689999999994,0.29925369999999996,0.6,0.6,0.6,0.696168582375479
5772092,15.0,30.0,15,729,7,8,55.285714285714285,41.875,0.0104125,0.0101495,0.011517,7,8,49.42857142857143,47.0,0.30408180000000007,0.3036956,0.304468,0.7142857142857143,0.7142857142857143,0.7142857142857143,0.8961246592517453
5772102,15.0,30.0,15,725,4,5,90.5,71.8,0.0124458,0.0122875,0.0124949,4,4,41.0,139.25,0.28973960000000004,0.28730915,0.29217005,0.25,0.25,0.25,0.8545454545454545
5772192,15.0,30.0,15,706,6,7,53.166666666666664,54.42857142857143,0.0105699,0.0104315,0.0107253,5,5,41.8,98.4,0.29387565,0.291093625,0.296657675,0.7272727272727272,0.6666666666666666,0.8,0.8260706018518518
5874746,15.0,30.0,15,729,6,6,59.833333333333336,60.666666666666664,0.012725000000000002,0.011449899999999999,0.0132005,4,5,54.0,101.8,0.27590705,0.26969807500000004,0.28211602500000005,0.8,0.6666666666666666,1.0,0.7892062473256312
5874767,15.0,30.0,15,1278,7,8,146.57142857142858,30.625,0.062869,0.0592499,0.0650042,7,8,111.57142857142857,61.25,0.7138565,0.7119892000000001,0.7157238,0.42857142857142855,0.42857142857142855,0.42857142857142855,0.8482001850768413
5874769,15.0,30.0,15,649,6,6,53.5,53.666666666666664,0.0093811,0.0090936,0.0105336,7,6,48.0,51.0,0.31406435,0.313589075,0.314539625,0.6153846153846153,0.6666666666666666,0.5714285714285714,0.8838731812169313
5874787,15.0,30.0,15,1064,5,5,166.8,45.0,0.06562130000000001,0.0653805,0.08009519999999999,7,7,96.42857142857143,54.57142857142857,0.5436351500000001,0.539055225,0.5482150750000001,0.3333333333333333,0.4,0.2857142857142857,0.896376329787234
5875173,15.0,30.0,15,712,4,4,153.25,23.75,0.0297362,0.0291621,0.0299491,5,5,49.6,91.8,0.38460745,0.381463125,0.38775177499999997,0.4444444444444445,0.5,0.4,0.8389937106918239
5882173,15.0,30.0,15,665,7,8,55.0,34.125,0.008467,0.0084164,0.009714200000000001,7,7,44.42857142857143,49.57142857142857,0.24520974999999998,0.243185375,0.247234125,0.7142857142857143,0.7142857142857143,0.7142857142857143,0.888932477743
5969330,15.0,30.0,15,721,5,6,51.4,76.5,0.0082185,0.0081725,0.0084269,6,6,41.666666666666664,77.5,0.28206985,0.27462627500000003,0.289513425,0.7272727272727272,0.8,0.6666666666666666,0.7875727102435176
5969331,15.0,30.0,15,706,5,6,68.4,59.833333333333336,0.0122793,0.0112024,0.0123827,6,7,43.833333333333336,62.42857142857143,0.31501759999999995,0.3071435,0.3228917,0.9090909090909091,1.0,0.8333333333333334,0.6630738827123137
5969362,15.0,30.0,15,672,5,5,43.6,89.8,0.008292200000000001,0.007113399999999999,0.0098269,4,4,48.5,118.5,0.24227480000000004,0.2386987,0.2458509,0.888888888888889,0.8,1.0,0.9248528738418444
6058407,15.0,30.0,15,696,7,7,51.42857142857143,47.0,0.007767100000000001,0.0077589,0.0078274,5,6,40.2,81.66666666666667,0.21555885,0.21522967499999998,0.21588802500000004,0.8333333333333333,0.7142857142857143,1.0,0.9307692307692307
6062407,15.0,30.0,15,666,6,7,54.5,47.57142857142857,0.008287200000000002,0.0081718,0.0084852,5,6,46.0,71.83333333333333,0.23165225000000003,0.230654975,0.232649525,0.7272727272727272,0.6666666666666666,0.8,0.9009007567714318
6109129,15.0,30.0,15,721,3,4,78.66666666666667,120.5,0.008293100000000001,0.0081249,0.008805,3,4,44.333333333333336,146.25,0.20300980000000005,0.2017912,0.2042284,0.6666666666666666,0.6666666666666666,0.6666666666666666,0.9536016949152541
6148097,15.0,30.0,15,725,4,4,65.75,114.5,0.0121122,0.012006900000000001,0.0121321,8,7,47.75,47.857142857142854,0.27817535,0.263378025,0.292972675,0.6666666666666666,1.0,0.5,0.8885254988913526
6148143,15.0,30.0,15,677,4,5,59.0,87.4,0.0080793,0.0075262,0.008491299999999999,1,2,31.0,322.5,0.19074095,0.182922375,0.198559525,0.4,0.25,1.0,0.5166666666666667
6148208,15.0,30.0,15,646,3,3,108.0,106.33333333333333,0.0134998,0.0134484,0.013501600000000002,5,6,40.8,72.83333333333333,0.35392134999999997,0.347047925,0.360794775,0.25,0.3333333333333333,0.2,0.9090909090909091
6190357,15.0,30.0,15,710,2,2,107.0,247.0,0.011015700000000002,0.0099648,0.0180578,5,5,52.2,88.8,0.2002454,0.1996766,0.20081419999999997,0.5714285714285715,1.0,0.4,0.7984668989547038
6193396,15.0,30.0,15,658,5,6,56.6,61.666666666666664,0.010724899999999999,0.0105221,0.0107298,5,5,49.0,81.6,0.27255504999999997,0.26874202500000005,0.276368075,0.6,0.6,0.6,0.8882244370616462
6193436,15.0,30.0,15,666,6,5,94.33333333333333,18.8,0.0149137,0.0148124,0.015430600000000001,5,5,39.8,92.4,0.3265468,0.32465190000000005,0.3284417,0.5454545454545454,0.5,0.6,0.8460201429499675
4216956,15.0,60.0,30,910,2,3,198.5,170.33333333333334,0.0356056,0.0344827,0.0401537,3,4,110.33333333333333,144.0,0.3097735,0.30738259999999995,0.3121644,0.8,1.0,0.6666666666666666,0.7874089212724364
4272243,15.0,60.0,30,646,0,1,0.0,646.0,0.0035997,0.0035785,0.0036585,0,1,0.0,646.0,0.0499403,0.04834485,0.05153575,0.0,0.0,0.0,0.0
4344977,15.0,60.0,30,1187,4,5,187.0,87.0,0.0376345,0.0375918,0.0388074,4,4,189.75,106.0,0.4669661,0.46601615,0.46791605000000003,1.0,1.0,1.0,0.9745278931158743
4350946,15.0,60.0,30,690,0,1,0.0,690.0,0.009608,0.0094017,0.0100172,4,4,63.25,108.25,0.18617815000000001,0.18615987500000003,0.18619642500000003,0.0,0.0,0.0,0.0
4351935,15.0,60.0,30,775,2,3,115.5,180.66666666666666,0.013563799999999999,0.013546200000000001,0.0138658,2,3,74.5,208.0,0.22288770000000002,0.2213504,0.22442500000000004,0.5,0.5,0.5,0.9315068493150684
4352377,15.0,60.0,30,716,1,2,165.0,275.0,0.010423100000000001,0.0102373,0.0104816,0,1,0.0,716.0,0.1638362,0.1629905,0.1646819,0.0,0.0,0.0,0.0
4358853,15.0,60.0,30,666,0,1,0.0,666.0,0.0065268,0.0064267,0.0065384,1,2,60.0,302.5,0.11123615,0.10954507499999999,0.112927225,0.0,0.0,0.0,0.0
4359232,15.0,60.0,30,681,0,1,0.0,681.0,0.0042826,0.004185100000000001,0.0043295,0,1,0.0,681.0,0.0559124,0.05586995,0.05595485000000001,0.0,0.0,0.0,0.0
4370045,15.0,60.0,30,720,1,2,156.0,281.5,0.011755700000000001,0.011673199999999998,0.0118403,2,2,72.5,286.5,0.1429374,0.1428152,0.14305959999999998,0.6666666666666666,1.0,0.5,0.5256410256410257
4389353,15.0,60.0,30,650,1,2,71.0,289.0,0.0050766000000000006,0.0049915,0.0051213000000000005,1,2,73.0,288.0,0.12062940000000001,0.1160647,0.1251941,1.0,1.0,1.0,0.9726027397260274
4389414,15.0,60.0,30,645,0,1,0.0,645.0,0.0045848,0.0044965,0.004789,0,1,0.0,645.0,0.12467505000000002,0.12328557500000001,0.126064525,0.0,0.0,0.0,0.0
4392729,15.0,60.0,30,652,0,1,0.0,652.0,0.0055345,0.005443,0.0055543,2,3,61.5,175.66666666666666,0.12718265,0.125951125,0.128414175,0.0,0.0,0.0,0.0
4393045,15.0,60.0,30,936,2,3,219.5,165.0,0.027157900000000002,0.0270378,0.0275357,1,2,106.0,414.5,0.33840795,0.33636007500000004,0.340455825,0.6666666666666666,0.5,1.0,0.9811320754716981
4440451,15.0,60.0,30,657,0,1,0.0,657.0,0.0037210999999999998,0.0036224,0.003779,0,1,0.0,657.0,0.06903195,0.06834722500000001,0.069716675,0.0,0.0,0.0,0.0
4443744,15.0,60.0,30,710,0,1,0.0,710.0,0.0069486,0.0066575,0.0089693,2,3,60.0,196.0,0.1793472,0.1773586,0.1813358,0.0,0.0,0.0,0.0
4448887,15.0,60.0,30,666,2,3,64.0,178.66666666666666,0.0072787,0.007222300000000001,0.0073805,3,4,68.0,114.75,0.18691389999999997,0.1851139,0.18871389999999996,0.8,1.0,0.6666666666666666,0.942361863488624
4469551,15.0,60.0,30,670,0,1,0.0,670.0,0.0061311000000000004,0.006125000000000001,0.0063314999999999995,1,1,60.0,609.0,0.11321255,0.111979225,0.11444587499999999,0.0,0.0,0.0,0.0
4472905,15.0,60.0,30,816,2,3,153.5,169.0,0.0149461,0.014874399999999998,0.015021900000000001,3,4,129.0,106.5,0.22539394999999998,0.22177962499999998,0.229008275,0.8,1.0,0.6666666666666666,0.9775525128996871
4473229,15.0,60.0,30,673,1,1,63.0,609.0,0.0056556,0.0054299,0.0057262,2,2,62.0,273.5,0.12992474999999998,0.129757025,0.13009247499999999,0.6666666666666666,1.0,0.5,1.0
4481970,15.0,60.0,30,642,1,2,67.0,287.0,0.0058933000000000015,0.0057443,0.005904,1,2,99.0,271.0,0.09613645000000001,0.09407312500000002,0.098199775,1.0,1.0,1.0,0.6767676767676768
4482888,15.0,60.0,30,647,0,1,0.0,647.0,0.0025104000000000003,0.0025065,0.0025296999999999997,0,1,0.0,647.0,0.00996935,0.009947775,0.009990925,0.0,0.0,0.0,0.0
4487550,15.0,60.0,30,653,1,2,82.0,285.0,0.005564100000000001,0.005518100000000001,0.005791300000000001,1,2,87.0,282.5,0.10038655000000002,0.100277325,0.10049577500000001,1.0,1.0,1.0,0.9425287356321839
4487946,15.0,60.0,30,710,1,2,481.0,114.0,0.039196,0.0383615,0.0404179,1,2,492.0,108.5,0.282953,0.2822065,0.2836995,1.0,1.0,1.0,0.9776422764227642
4504164,15.0,60.0,30,649,2,3,67.0,171.0,0.007593300000000001,0.0074242,0.008272,3,4,71.0,108.25,0.1772143,0.17556939999999996,0.17885920000000002,0.8,1.0,0.6666666666666666,0.9025821596244132
4527487,15.0,60.0,30,671,2,3,153.5,120.66666666666667,0.018254799999999998,0.018198,0.0182735,2,3,87.0,165.0,0.37074019999999996,0.36004064999999996,0.38143974999999997,0.5,0.5,0.5,0.7735849056603774
4544584,15.0,60.0,30,672,0,1,0.0,672.0,0.005836,0.005812,0.0058679,1,2,62.0,304.5,0.11381550000000001,0.11290925,0.11472175000000001,0.0,0.0,0.0,0.0
4547202,15.0,60.0,30,696,1,2,99.0,298.0,0.0091649,0.009149200000000001,0.013276999999999999,2,3,80.5,177.66666666666666,0.20487794999999998,0.20463497500000002,0.205120925,0.6666666666666666,1.0,0.5,0.98
4559519,15.0,60.0,30,991,2,3,245.5,166.0,0.0538822,0.053262800000000006,0.0553522,2,3,228.5,177.33333333333334,0.33949745,0.337990625,0.34100427499999997,1.0,1.0,1.0,0.9429411764705882
4575701,15.0,60.0,30,700,0,1,0.0,700.0,0.0045929,0.0045063,0.0046731,0,1,0.0,700.0,0.07131375,0.07070222500000001,0.071925275,0.0,0.0,0.0,0.0
4579744,15.0,60.0,30,678,2,3,71.0,178.0,0.0071985,0.007195199999999999,0.0072399,4,5,67.5,80.8,0.17097035,0.170849475,0.171091225,0.6666666666666666,1.0,0.5,0.9723484848484849
4605892,15.0,60.0,30,678,3,3,185.33333333333334,39.666666666666664,0.026194099999999998,0.0259718,0.0280197,5,4,77.2,71.75,0.35222295,0.350971975,0.353473925,0.5,0.6666666666666666,0.4,0.9234693877551021
4668185,15.0,60.0,30,641,0,1,0.0,641.0,0.005139899999999999,0.005109600000000001,0.0053232,1,2,61.0,289.5,0.17674485,0.17572522499999998,0.17776447500000003,0.0,0.0,0.0,0.0
4705097,15.0,60.0,30,659,1,2,66.0,296.0,0.0059178,0.005742199999999999,0.005940100000000001,1,2,71.0,293.5,0.1283098,0.12662974999999999,0.12998985,1.0,1.0,1.0,0.9295774647887324
4724133,15.0,60.0,30,650,1,2,71.0,289.0,0.0046983,0.0046434,0.0047624,1,2,99.0,275.0,0.12436710000000001,0.12295749999999998,0.1257767,1.0,1.0,1.0,0.7
4749525,15.0,60.0,30,805,2,3,137.5,176.0,0.0102941,0.0102702,0.010369399999999999,1,2,137.0,333.5,0.20503705000000003,0.201658225,0.20841587500000003,0.6666666666666666,0.5,1.0,0.9708029197080292
4754626,15.0,60.0,30,1144,2,3,313.5,171.66666666666666,0.0421826,0.042126,0.0443381,2,3,326.5,163.0,0.43094659999999996,0.4307541,0.4311391,1.0,1.0,1.0,0.9655219577888601
4754956,15.0,60.0,30,647,1,2,91.0,277.5,0.007289200000000001,0.006046,0.0080912,1,2,93.0,276.5,0.15759185,0.15758627500000003,0.15759742499999999,1.0,1.0,1.0,0.978494623655914
4775763,15.0,60.0,30,718,1,2,110.0,303.5,0.0086559,0.0084134,0.0089068,2,3,87.0,180.66666666666666,0.17656425,0.175028225,0.178100275,0.6666666666666666,1.0,0.5,0.9649122807017544
4785421,15.0,60.0,30,773,1,2,167.0,302.5,0.0133184,0.013266099999999998,0.0136012,2,3,122.0,175.66666666666666,0.21609380000000003,0.21329934999999997,0.21888825,0.6666666666666666,1.0,0.5,0.9488636363636364
4789937,15.0,60.0,30,678,0,1,0.0,678.0,0.0071159,0.0065322,0.0088639,1,2,64.0,306.5,0.16900959999999998,0.16166,0.1763592,0.0,0.0,0.0,0.0
4792515,15.0,60.0,30,705,4,5,88.0,69.8,0.016078500000000003,0.0138938,0.017343400000000002,3,3,66.0,168.0,0.3290314,0.3262307,0.33183209999999996,0.5714285714285715,0.5,0.6666666666666666,0.7182673324817095
4811115,15.0,60.0,30,643,1,2,64.0,289.0,0.0052345,0.005172100000000001,0.0054803000000000004,2,3,63.5,171.33333333333334,0.11307579999999999,0.10965254999999999,0.11649905,0.6666666666666666,1.0,0.5,0.9696969696969697
4824328,15.0,60.0,30,688,2,3,89.0,169.33333333333334,0.0152,0.0142404,0.0165362,4,5,89.75,65.0,0.2185051,0.21546409999999996,0.2215461,0.6666666666666666,1.0,0.5,0.7803958177744585
4861227,15.0,60.0,30,710,3,4,81.0,116.0,0.0125653,0.011883600000000001,0.012697,4,4,80.0,96.5,0.3374144,0.32838615000000004,0.34644265,0.8571428571428571,1.0,0.75,0.8476631618347624
4861687,15.0,60.0,30,746,4,5,67.5,94.4,0.012619,0.011746399999999999,0.013748899999999998,4,5,69.0,93.2,0.3346536,0.32425615,0.34505104999999997,1.0,1.0,1.0,0.964624968146095
4862222,15.0,60.0,30,670,1,2,70.0,299.5,0.0049775,0.0049455,0.0056236,1,2,74.0,297.5,0.12224145,0.11889162499999999,0.12559127500000003,1.0,1.0,1.0,0.9459459459459459
4862380,15.0,60.0,30,660,0,1,0.0,660.0,0.006797600000000001,0.0065376,0.0091208,0,1,0.0,660.0,0.09363085,0.09185417499999998,0.095407525,0.0,0.0,0.0,0.0
4865550,15.0,60.0,30,642,1,1,68.0,573.0,0.0081816,0.0074355,0.008500200000000001,0,1,0.0,642.0,0.18581935,0.17809542500000003,0.193543275,0.0,0.0,0.0,0.0
4865558,15.0,60.0,30,649,0,1,0.0,649.0,0.0061962,0.0056730999999999995,0.006363199999999999,0,1,0.0,649.0,0.1293241,0.12501145,0.13363675,0.0,0.0,0.0,0.0
4912927,15.0,60.0,30,674,0,1,0.0,674.0,0.0028556,0.002848,0.0029530999999999997,0,1,0.0,674.0,0.03209075,0.030562375,0.033619125,0.0,0.0,0.0,0.0
4915833,15.0,60.0,30,675,2,3,78.0,172.33333333333334,0.0061445,0.0060888999999999995,0.006405,2,3,80.5,170.66666666666666,0.1493786,0.1485601,0.1501971,1.0,1.0,1.0,0.9679307116104869
4940890,15.0,60.0,30,683,1,2,100.0,291.0,0.0083081,0.0082789,0.0088618,0,1,0.0,683.0,0.1190351,0.1170008,0.1210694,0.0,0.0,0.0,0.0
5244934,15.0,60.0,30,656,3,4,73.33333333333333,108.25,0.012825,0.0125146,0.0130289,3,3,78.0,139.66666666666666,0.28724585,0.28317632499999995,0.29131537500000004,0.6666666666666666,0.6666666666666666,0.6666666666666666,0.8941414141414141
5351422,15.0,60.0,30,654,1,2,63.0,295.0,0.0079361,0.0073978,0.0104088,2,3,67.0,172.66666666666666,0.1610454,0.15952515,0.16256565,0.6666666666666666,1.0,0.5,0.9545454545454546
5477477,15.0,60.0,30,678,0,1,0.0,678.0,0.0050355,0.0042553,0.0053362,0,1,0.0,678.0,0.0883915,0.08698,0.089803,0.0,0.0,0.0,0.0
5499001,15.0,60.0,30,670,0,1,0.0,670.0,0.004993,0.0048766,0.0055633,0,1,0.0,670.0,0.07154630000000002,0.06839905,0.07469355,0.0,0.0,0.0,0.0
5503058,15.0,60.0,30,916,1,2,329.0,293.0,0.042584699999999996,0.0394279,0.0480348,1,2,61.0,427.0,0.42791125,0.426003375,0.429819125,0.0,0.0,0.0,0.0
5503168,15.0,60.0,30,695,1,2,126.0,284.0,0.0162029,0.0155038,0.0166043,2,3,61.5,190.0,0.2913108,0.28819595000000003,0.29442565000000004,0.0,0.0,0.0,0.0
5503359,15.0,60.0,30,716,1,2,146.0,284.5,0.0198823,0.0192727,0.0216339,6,6,68.83333333333333,49.5,0.4157823,0.390233,0.44133160000000005,0.2857142857142857,1.0,0.16666666666666666,0.5068493150684932
5540718,15.0,60.0,30,663,1,2,68.0,297.0,0.0116008,0.010921700000000001,0.0130621,3,4,66.66666666666667,115.0,0.2613175,0.2541312,0.2685038,0.5,1.0,0.3333333333333333,0.9315068493150684
5540722,15.0,60.0,30,691,0,1,0.0,691.0,0.009489299999999999,0.0089789,0.0099784,2,3,74.5,180.0,0.32036945,0.309804625,0.33093427499999994,0.0,0.0,0.0,0.0
5540733,15.0,60.0,30,641,1,2,72.0,284.0,0.011196,0.0082857,0.011998100000000001,1,2,74.0,283.0,0.1788025,0.17872595,0.17887905,1.0,1.0,1.0,0.972972972972973
5540847,15.0,60.0,30,869,2,3,153.5,186.66666666666666,0.019770799999999998,0.0193218,0.0206761,2,3,86.5,231.33333333333334,0.40548334999999996,0.40305047499999996,0.40791622499999997,0.5,0.5,0.5,0.7333333333333333
5547018,15.0,60.0,30,649,0,1,0.0,649.0,0.006112200000000001,0.0059051,0.0061142,0,1,0.0,649.0,0.2071685,0.1957514,0.21858560000000002,0.0,0.0,0.0,0.0
5565253,15.0,60.0,30,670,2,2,77.0,257.0,0.0102041,0.009772600000000001,0.0106658,2,2,78.0,256.0,0.24204165,0.239306775,0.244776525,1.0,1.0,1.0,0.950142675967026
5615881,15.0,60.0,30,1051,4,5,150.75,88.8,0.027429099999999998,0.0262441,0.0275754,3,3,66.0,283.3333333333333,0.4824479,0.47819149999999994,0.48670430000000003,0.5714285714285715,0.5,0.6666666666666666,0.9402985074626866
5615968,15.0,60.0,30,642,1,2,61.0,290.0,0.006303,0.0060462,0.0074068,1,2,65.0,288.0,0.17898315,0.177614875,0.18035142499999998,1.0,1.0,1.0,0.9384615384615385
5615986,15.0,60.0,30,685,2,2,85.0,256.5,0.011307100000000002,0.0111819,0.0114669,3,4,70.33333333333333,117.75,0.29412389999999994,0.27926625,0.30898155,0.8,1.0,0.6666666666666666,0.8394780447390224
5615988,15.0,60.0,30,671,1,2,71.0,299.5,0.0099779,0.0098872,0.0099897,2,3,61.5,182.0,0.21428465000000002,0.21137277499999998,0.217196525,0.0,0.0,0.0,0.0
5616015,15.0,60.0,30,657,0,1,0.0,657.0,0.0036813,0.0036325999999999997,0.003715,0,1,0.0,657.0,0.028555249999999997,0.028114525,0.028995975,0.0,0.0,0.0,0.0
5633515,15.0,60.0,30,663,1,2,72.0,295.0,0.0090726,0.0089311,0.0092624,1,2,96.0,283.0,0.20013669999999997,0.19858575,0.20168765,1.0,1.0,1.0,0.75
5692189,15.0,60.0,30,1527,2,3,505.5,171.33333333333334,0.1637576,0.1463754,0.1712134,2,3,508.0,169.66666666666666,0.78357395,0.7718555249999999,0.795292375,1.0,1.0,1.0,0.991193515704154
5705278,15.0,60.0,30,643,0,1,0.0,643.0,0.007436,0.0066267,0.0082674,1,2,61.0,290.5,0.195934,0.19591604999999998,0.19595194999999999,0.0,0.0,0.0,0.0
5705752,15.0,60.0,30,682,1,2,123.0,279.0,0.0078516,0.007715,0.0079276,1,2,75.0,303.0,0.19883309999999998,0.1935205,0.20414569999999999,1.0,1.0,1.0,0.6097560975609756
5706077,15.0,60.0,30,656,1,2,67.0,294.0,0.006569499999999999,0.0063615,0.0073581,2,3,65.0,174.66666666666666,0.17726445,0.17616117499999998,0.17836772499999998,0.6666666666666666,1.0,0.5,0.9571428571428572
5706137,15.0,60.0,30,737,4,5,85.5,78.2,0.017814299999999998,0.0176719,0.0189978,4,5,94.0,71.4,0.36118345,0.35998587499999996,0.36238102499999997,1.0,1.0,1.0,0.8924380664104427
5715345,15.0,60.0,30,923,1,2,361.0,280.5,0.0221926,0.0221865,0.0228194,1,2,364.0,279.0,0.23644199999999996,0.23607439999999996,0.2368096,1.0,1.0,1.0,0.9917582417582418
5771585,15.0,60.0,30,720,4,5,73.75,84.2,0.0094036,0.0093652,0.0094165,4,5,78.5,80.4,0.1972573,0.19647,0.19804460000000002,1.0,1.0,1.0,0.9414525035912389
5771621,15.0,60.0,30,675,1,2,62.0,306.0,0.0092741,0.0091793,0.0093455,2,3,82.5,169.33333333333334,0.24340045000000005,0.222884575,0.263916325,0.6666666666666666,1.0,0.5,0.7045454545454546
5772092,15.0,60.0,30,729,2,3,77.5,190.66666666666666,0.0112039,0.01109,0.0116525,3,4,75.0,125.25,0.28727069999999993,0.27458289999999996,0.2999585,0.8,1.0,0.6666666666666666,0.9242936117936118
5772102,15.0,60.0,30,725,3,4,80.66666666666667,120.0,0.012815,0.012789700000000001,0.012945100000000001,4,5,72.0,86.6,0.22945235,0.22769012499999997,0.231214575,0.5714285714285715,0.6666666666666666,0.5,0.7377260981912145
5772192,15.0,60.0,30,706,0,1,0.0,706.0,0.0108255,0.0108152,0.0110564,3,4,70.33333333333333,123.0,0.24119564999999998,0.241160725,0.24123057499999997,0.0,0.0,0.0,0.0
5874746,15.0,60.0,30,729,2,2,94.0,269.5,0.010705,0.010651899999999999,0.0107705,2,3,94.5,179.33333333333334,0.22254960000000004,0.22154780000000002,0.22355139999999998,0.5,0.5,0.5,0.9047619047619048
5874767,15.0,60.0,30,1278,4,5,211.25,85.8,0.05669450000000001,0.056158599999999996,0.0576008,3,4,74.0,263.25,0.6741428500000001,0.647308825,0.7009768750000002,0.5714285714285715,0.5,0.6666666666666666,0.8658714703018501
5874769,15.0,60.0,30,649,0,1,0.0,649.0,0.009548200000000001,0.0095025,0.0096056,1,2,62.0,293.0,0.23211289999999996,0.22829794999999997,0.23592784999999997,0.0,0.0,0.0,0.0
5874787,15.0,60.0,30,1064,3,4,208.0,109.25,0.0706201,0.0693633,0.0710573,4,4,182.75,82.25,0.57897765,0.567787275,0.590168025,0.8571428571428571,1.0,0.75,0.8675277116630075
5875173,15.0,60.0,30,712,3,3,163.0,73.33333333333333,0.0317156,0.0315575,0.0318897,2,2,98.0,257.0,0.4268,0.41743434999999995,0.43616565000000007,0.8,0.6666666666666666,1.0,0.9063332977929417
5882173,15.0,60.0,30,665,2,3,72.5,172.66666666666666,0.008554299999999999,0.0084609,0.0122343,3,4,73.0,110.75,0.26466815000000005,0.258452125,0.27088417500000006,0.8,1.0,0.6666666666666666,0.9162257495590829
5969330,15.0,60.0,30,721,0,1,0.0,721.0,0.0088948,0.008655399999999999,0.00919,2,3,62.0,198.33333333333334,0.213189,0.20553830000000003,0.22083969999999997,0.0,0.0,0.0,0.0
5969331,15.0,60.0,30,706,2,3,77.0,183.33333333333334,0.0126891,0.012496,0.0141485,5,5,78.0,62.2,0.32005459999999997,0.31632004999999996,0.32378915,0.5714285714285715,1.0,0.4,0.8371823069403714
5969362,15.0,60.0,30,672,1,2,66.0,302.5,0.0074702,0.0072606,0.0080892,1,2,68.0,301.5,0.1923143,0.1919578,0.19267079999999998,1.0,1.0,1.0,0.9705882352941176
6058407,15.0,60.0,30,696,2,2,75.5,271.5,0.0085295,0.0083417,0.008758,1,1,90.0,605.0,0.25124735,0.24595472500000004,0.25653997500000003,0.6666666666666666,0.5,1.0,0.9777777777777777
6062407,15.0,60.0,30,666,2,3,70.5,174.33333333333334,0.0097539,0.0091517,0.0098923,3,4,72.66666666666667,111.25,0.2229825,0.21681955,0.22914545,0.8,1.0,0.6666666666666666,0.9154749744637385
6109129,15.0,60.0,30,721,1,2,142.0,289.0,0.0099512,0.0093436,0.0100918,1,2,72.0,324.0,0.16906775,0.162499325,0.17563617499999998,1.0,1.0,1.0,0.5070422535211268
6148097,15.0,60.0,30,725,1,2,164.0,280.0,0.014475,0.013726200000000001,0.0194977,1,2,167.0,278.5,0.2669663,0.2593665,0.27456610000000004,1.0,1.0,1.0,0.9820359281437125
6148143,15.0,60.0,30,677,1,2,74.0,301.0,0.010219299999999999,0.0070828,0.0117025,3,4,66.66666666666667,118.5,0.14132605,0.13935652499999998,0.143295575,0.5,1.0,0.3333333333333333,0.9736842105263158
6148208,15.0,60.0,30,646,3,4,87.66666666666667,95.0,0.0117917,0.0117327,0.0118294,2,3,72.0,166.66666666666666,0.22189415,0.21946242500000002,0.22432587500000004,0.8,0.6666666666666666,1.0,0.8878707727186851
6190357,15.0,60.0,30,710,1,1,175.0,534.0,0.0107911,0.0103369,0.010945799999999999,0,1,0.0,710.0,0.1618678,0.15984015,0.16389545,0.0,0.0,0.0,0.0
6193396,15.0,60.0,30,658,2,3,60.5,178.33333333333334,0.011127799999999998,0.010580899999999999,0.0112262,2,3,68.5,173.0,0.2151709,0.212645,0.21769680000000002,0.5,0.5,0.5,0.8840579710144928
6193436,15.0,60.0,30,666,4,4,99.25,66.25,0.018923099999999998,0.0154424,0.021728900000000002,4,2,73.25,184.5,0.3747023,0.36678384999999997,0.38262075,0.5,0.5,0.5,0.7266666666666666
4216956,20.0,10.0,5,910,8,8,80.0,32.75,0.0370763,0.036790800000000005,0.0376576,11,12,35.0,42.833333333333336,0.50892275,0.5051473750000001,0.512698125,0.2105263157894737,0.25,0.18181818181818182,0.5489188231123715
4272243,20.0,10.0,5,646,6,6,23.333333333333332,83.33333333333333,0.0039057,0.0038745,0.0039788,7,7,16.142857142857142,75.14285714285714,0.123649,0.12124130000000002,0.1260567,0.4615384615384615,0.5,0.42857142857142855,0.7990196078431372
4344977,20.0,10.0,5,1187,8,8,115.625,31.75,0.038764200000000006,0.038605,0.03913069999999999,15,14,48.266666666666666,32.0,0.61553095,0.614608975,0.6164529249999999,0.5217391304347827,0.75,0.4,0.7088323374599576
4350946,20.0,10.0,5,690,12,12,42.416666666666664,14.083333333333334,0.010448,0.0100441,0.010482,12,13,15.833333333333334,37.53846153846154,0.386633,0.3827926,0.3904734,0.3333333333333333,0.3333333333333333,0.3333333333333333,0.6879960317460317
4351935,20.0,10.0,5,775,11,11,51.36363636363637,18.09090909090909,0.014029100000000001,0.013152700000000002,0.0147874,14,15,22.142857142857142,30.066666666666666,0.5047428500000001,0.487114575,0.522371125,0.4,0.45454545454545453,0.35714285714285715,0.715981240981241
4352377,20.0,10.0,5,716,9,8,45.888888888888886,36.75,0.011913700000000003,0.0116709,0.0122512,12,11,26.333333333333332,35.27272727272727,0.3991082,0.3945013,0.4037151,0.4761904761904762,0.5555555555555556,0.4166666666666667,0.7108179608179609
4358853,20.0,10.0,5,666,10,10,36.5,29.1,0.010381,0.0103644,0.0105295,11,12,14.181818181818182,41.583333333333336,0.42020379999999996,0.41230769999999994,0.4280999,0.1904761904761905,0.2,0.18181818181818182,0.9705882352941176
4359232,20.0,10.0,5,681,4,4,40.0,129.25,0.0054281,0.0046933,0.0062943999999999995,6,7,15.5,83.14285714285714,0.18464519999999998,0.18110584999999998,0.18818455,0.2,0.25,0.16666666666666666,0.6153846153846154
4370045,20.0,10.0,5,720,6,7,55.666666666666664,54.285714285714285,0.0139204,0.0131242,0.01503,10,11,19.9,46.45454545454545,0.356639,0.35277535,0.36050265000000004,0.125,0.16666666666666666,0.1,0.88
4389353,20.0,10.0,5,650,8,9,34.875,40.333333333333336,0.0055547,0.0052505,0.0064892,8,8,23.875,56.375,0.25408020000000003,0.24989275,0.25826764999999996,0.5,0.5,0.5,0.8318278943278943
4389414,20.0,10.0,5,645,7,7,40.57142857142857,50.57142857142857,0.005893699999999999,0.0057449,0.0059374,7,8,13.857142857142858,67.625,0.2466585,0.2409218,0.2523952,0.2857142857142857,0.2857142857142857,0.2857142857142857,0.9116541353383458
4392729,20.0,10.0,5,652,10,10,32.5,31.7,0.0066174,0.0065748000000000004,0.006801499999999999,12,12,17.083333333333332,36.25,0.2943812,0.2919042,0.2968582,0.3636363636363636,0.4,0.3333333333333333,0.7417490118577076
4393045,20.0,10.0,5,936,9,10,69.88888888888889,29.8,0.0260156,0.0254677,0.0266434,12,13,37.083333333333336,36.84615384615385,0.45442745,0.445748975,0.46310592500000003,0.4761904761904762,0.5555555555555556,0.4166666666666667,0.7204724486982552
4440451,20.0,10.0,5,657,3,4,51.666666666666664,124.75,0.008250200000000001,0.007965100000000001,0.008580899999999999,6,6,16.666666666666668,91.83333333333333,0.13736155000000003,0.136245475,0.138477625,0.0,0.0,0.0,0.0
4443744,20.0,10.0,5,710,7,8,50.42857142857143,43.75,0.007401,0.007298600000000001,0.0082506,11,12,15.818181818181818,43.75,0.2694200499999999,0.26604792499999996,0.27279217499999997,0.1111111111111111,0.14285714285714285,0.09090909090909091,0.6
4448887,20.0,10.0,5,666,8,7,52.25,34.285714285714285,0.009479399999999999,0.008536799999999999,0.012034399999999999,11,11,16.0,43.54545454545455,0.36018680000000003,0.35402785000000003,0.36634575,0.10526315789473685,0.125,0.09090909090909091,0.76
4469551,20.0,10.0,5,670,6,6,47.333333333333336,63.333333333333336,0.0071952,0.0071193,0.0073047,11,9,17.09090909090909,52.333333333333336,0.29613575,0.29546797500000005,0.29680352499999996,0.11764705882352942,0.16666666666666666,0.09090909090909091,0.5324675324675324
4472905,20.0,10.0,5,816,8,9,63.875,33.0,0.016281399999999998,0.0158097,0.017472900000000003,12,13,32.5,31.846153846153847,0.48003975000000004,0.461954575,0.498124925,0.6,0.75,0.5,0.7154184156556073
4473229,20.0,10.0,5,673,7,7,41.714285714285715,53.42857142857143,0.0060923999999999996,0.005871899999999999,0.0061167,5,6,21.6,93.33333333333333,0.23038025,0.229368075,0.23139242499999998,0.3333333333333333,0.2857142857142857,0.4,0.8171428571428572
4481970,20.0,10.0,5,642,10,11,33.5,27.0,0.008637200000000001,0.0085483,0.0087687,9,9,16.88888888888889,53.44444444444444,0.43348395000000006,0.425589925,0.44137797500000003,0.3157894736842105,0.3,0.3333333333333333,0.800163906142167
4482888,20.0,10.0,5,647,2,2,21.0,301.5,0.0035496,0.0033944,0.004251100000000001,2,3,12.5,206.66666666666666,0.0321296,0.0320374,0.0322218,0.5,0.5,0.5,0.8571428571428571
4487550,20.0,10.0,5,653,10,10,31.9,32.4,0.0061411999999999994,0.005868899999999999,0.0065195,12,11,20.166666666666668,36.27272727272727,0.2991291,0.29800535,0.30025284999999996,0.6363636363636365,0.7,0.5833333333333334,0.7365596210187527
4487946,20.0,10.0,5,710,2,3,263.0,60.666666666666664,0.0398526,0.0396961,0.0407704,3,4,154.0,61.25,0.3475775,0.34511605,0.35003895,0.8,1.0,0.6666666666666666,0.885962962962963
4504164,20.0,10.0,5,649,8,8,55.0,25.125,0.0081205,0.0078183,0.0089855,9,10,15.222222222222221,50.3,0.29927234999999996,0.296404075,0.30214062500000005,0.11764705882352941,0.125,0.1111111111111111,0.9130434782608695
4527487,20.0,10.0,5,671,1,1,645.0,25.0,0.0275899,0.027014200000000002,0.027663199999999995,10,11,12.6,48.63636363636363,0.36490345,0.36194322500000004,0.36786367500000006,0.0,0.0,0.0,0.0
4544584,20.0,10.0,5,672,9,10,41.111111111111114,29.3,0.0068889,0.006737,0.0070804,12,13,18.583333333333332,33.61538461538461,0.2974329,0.29364025,0.30122555,0.28571428571428575,0.3333333333333333,0.25,0.6039591315453384
4547202,20.0,10.0,5,696,10,10,53.2,15.4,0.010504,0.010073799999999999,0.010838200000000001,14,13,18.928571428571427,32.07692307692308,0.35891385,0.357555975,0.360271725,0.08333333333333333,0.1,0.07142857142857142,0.68
4559519,20.0,10.0,5,991,9,9,85.88888888888889,23.22222222222222,0.0583485,0.0576498,0.060568800000000006,12,11,44.5,40.45454545454545,0.4968197,0.49431289999999994,0.4993265,0.380952380952381,0.4444444444444444,0.3333333333333333,0.844275695568799
4575701,20.0,10.0,5,700,7,8,35.142857142857146,55.875,0.0055894,0.0055723000000000005,0.0056178999999999995,5,6,16.0,102.5,0.23528585000000002,0.23068262499999997,0.23988907499999998,0.5,0.42857142857142855,0.6,0.6643280091555953
4579744,20.0,10.0,5,678,8,9,53.125,27.22222222222222,0.007416500000000001,0.0073898,0.0074563,10,10,13.3,53.5,0.31216514999999995,0.30997597499999996,0.314354325,0.0,0.0,0.0,0.0
4605892,20.0,10.0,5,678,1,0,677.0,0.0,0.0327956,0.0325918,0.032817599999999995,13,11,13.692307692307692,44.27272727272727,0.3683738,0.36663665,0.37011095,0.0,0.0,0.0,0.0
4668185,20.0,10.0,5,641,9,9,38.888888888888886,31.333333333333332,0.005452,0.005407699999999999,0.0054595,10,10,15.3,47.8,0.25983300000000004,0.25977245,0.25989355000000003,0.2105263157894737,0.2222222222222222,0.2,0.6567460317460317
4705097,20.0,10.0,5,659,9,9,35.44444444444444,36.77777777777778,0.0063581,0.0061703999999999995,0.0065187000000000005,9,10,16.88888888888889,49.8,0.28570490000000004,0.28563940000000004,0.28577040000000004,0.4444444444444444,0.4444444444444444,0.4444444444444444,0.7455357142857143
4724133,20.0,10.0,5,650,5,5,50.4,78.6,0.005051600000000001,0.0050482,0.0053744,5,5,16.2,112.8,0.16841790000000004,0.16565905,0.17117675000000002,0.20000000000000004,0.2,0.2,0.875
4749525,20.0,10.0,5,805,7,8,55.42857142857143,51.25,0.011060799999999999,0.010929,0.0112318,11,12,32.27272727272727,36.583333333333336,0.3921651,0.3751401,0.4091901,0.5555555555555556,0.7142857142857143,0.45454545454545453,0.7097397185042623
4754626,20.0,10.0,5,1144,9,10,97.44444444444444,25.8,0.0414111,0.0414078,0.0414372,15,13,50.266666666666666,28.846153846153847,0.593627,0.5911081,0.5961458999999999,0.4166666666666667,0.5555555555555556,0.3333333333333333,0.8637372252192552
4754956,20.0,10.0,5,647,8,8,41.0,38.875,0.0065269,0.0063839,0.006694,9,9,20.333333333333332,50.55555555555556,0.25926564999999996,0.25804527499999996,0.260486025,0.35294117647058826,0.375,0.3333333333333333,0.7553460133247367
4775763,20.0,10.0,5,718,10,10,47.7,23.1,0.0092421,0.0091814,0.0094277,12,13,19.25,36.53846153846154,0.35718269999999996,0.35329920000000004,0.3610662,0.1818181818181818,0.2,0.16666666666666666,0.76772030651341
4785421,20.0,10.0,5,773,12,12,43.416666666666664,20.0,0.012455899999999997,0.012196,0.012465099999999998,14,14,23.357142857142858,30.857142857142858,0.39171015000000003,0.38778682499999995,0.395633475,0.4615384615384615,0.5,0.42857142857142855,0.7780768830628381
4789937,20.0,10.0,5,678,11,10,37.0,26.0,0.008589600000000001,0.0078883,0.0089066,9,9,14.666666666666666,59.666666666666664,0.33502455,0.331913625,0.33813547499999996,0.3,0.2727272727272727,0.3333333333333333,0.6598440545808967
4792515,20.0,10.0,5,705,5,5,127.2,12.8,0.016754900000000003,0.0167537,0.016861,11,11,13.454545454545455,49.63636363636363,0.37946615,0.37817837499999996,0.38075392500000005,0.12500000000000003,0.2,0.09090909090909091,0.5714285714285714
4811115,20.0,10.0,5,643,9,9,32.666666666666664,37.77777777777778,0.0060642000000000005,0.005842499999999999,0.006159899999999999,12,12,16.333333333333332,36.25,0.2830538,0.28162525000000005,0.28448235000000005,0.28571428571428575,0.3333333333333333,0.25,0.8065953654188949
4824328,20.0,10.0,5,688,6,6,78.5,35.166666666666664,0.0131536,0.0130627,0.013311100000000001,17,18,14.882352941176471,23.22222222222222,0.35902589999999995,0.3587162,0.3593356,0.1739130434782609,0.3333333333333333,0.11764705882352941,0.7421052631578948
4861227,20.0,10.0,5,710,7,7,82.71428571428571,17.714285714285715,0.013044799999999999,0.0129417,0.0132311,12,13,16.083333333333332,38.84615384615385,0.37836535,0.37795902499999995,0.378771675,0.10526315789473685,0.14285714285714285,0.08333333333333333,0.9032258064516129
4861687,20.0,10.0,5,746,10,9,52.0,24.0,0.010027600000000001,0.009784200000000002,0.010245200000000001,15,15,16.733333333333334,32.0,0.35378060000000006,0.3524512,0.35511,0.24,0.3,0.2,0.7750905844212133
4862222,20.0,10.0,5,670,4,4,51.25,115.25,0.0049023,0.0048955,0.0049411,4,5,12.5,123.2,0.15006914999999998,0.150009675,0.150128625,0.0,0.0,0.0,0.0
4862380,20.0,10.0,5,660,10,10,30.0,35.0,0.006193199999999999,0.0061452,0.0062591,10,10,18.8,46.2,0.30297455,0.299177925,0.306771175,0.6,0.6,0.6,0.7059773798997937
4865550,20.0,10.0,5,642,8,8,40.0,39.25,0.006439800000000001,0.0063548,0.0068037,8,9,15.0,57.111111111111114,0.21807279999999998,0.21803845000000002,0.21810715,0.125,0.125,0.125,0.8571428571428571
4865558,20.0,10.0,5,649,8,9,35.0,40.111111111111114,0.0060501,0.0059005,0.0060641,10,10,15.3,48.6,0.20101509999999997,0.19821115,0.20381905000000003,0.11111111111111112,0.125,0.1,0.7
4912927,20.0,10.0,5,674,3,2,25.0,298.0,0.0032053999999999997,0.0031347,0.0042818000000000005,2,2,12.0,324.0,0.0704488,0.07043895000000001,0.07045865000000001,0.4,0.3333333333333333,0.5,0.8333333333333334
4915833,20.0,10.0,5,675,10,10,36.1,30.4,0.0060967,0.006069100000000001,0.006670199999999999,7,7,23.0,72.42857142857143,0.2523477,0.25026450000000006,0.2544309,0.23529411764705882,0.2,0.2857142857142857,0.8267070008643043
4940890,20.0,10.0,5,683,7,7,45.0,51.57142857142857,0.0074656,0.0073434,0.007518600000000001,10,11,19.8,43.18181818181818,0.2673522,0.26211135,0.27259305000000006,0.23529411764705882,0.2857142857142857,0.2,0.6561996779388084
5244934,20.0,10.0,5,656,7,7,74.28571428571429,18.428571428571427,0.0114515,0.0113349,0.011454200000000001,10,11,16.3,43.90909090909091,0.3485348499999999,0.346493975,0.3505757249999999,0.11764705882352941,0.14285714285714285,0.1,0.7368421052631579
5351422,20.0,10.0,5,654,9,8,42.333333333333336,33.0,0.0075795,0.007556800000000001,0.007595,13,14,14.923076923076923,31.928571428571427,0.29835555,0.297024625,0.299686475,0.09090909090909093,0.1111111111111111,0.07692307692307693,0.8571428571428571
5477477,20.0,10.0,5,678,3,3,41.666666666666664,183.33333333333334,0.0038483000000000007,0.0036539000000000003,0.004061,3,4,11.666666666666666,160.0,0.08658635,0.08559977499999999,0.08757292500000001,0.0,0.0,0.0,0.0
5499001,20.0,10.0,5,670,6,7,29.333333333333332,69.71428571428571,0.0038168,0.0038159,0.0038861,2,3,18.0,210.66666666666666,0.12335765000000003,0.122728575,0.123986725,0.5,0.3333333333333333,1.0,0.6730769230769231
5503058,20.0,10.0,5,916,10,9,66.6,26.666666666666668,0.022817599999999997,0.022409099999999998,0.023189599999999998,10,11,15.2,68.54545454545455,0.48536895,0.47869777500000005,0.492040125,0.10000000000000002,0.1,0.1,0.8918918918918919
5503168,20.0,10.0,5,695,5,5,112.6,25.4,0.0143664,0.014196700000000003,0.0144128,14,13,14.285714285714286,37.0,0.41663089999999997,0.41564175,0.41762004999999996,0.10526315789473682,0.2,0.07142857142857142,1.0
5503359,20.0,10.0,5,716,9,8,59.22222222222222,21.75,0.0153581,0.0153322,0.0154024,12,12,16.083333333333332,42.583333333333336,0.45081875,0.445428375,0.456209125,0.28571428571428575,0.3333333333333333,0.25,0.6231126596980255
5540718,20.0,10.0,5,663,8,8,60.25,21.625,0.013160100000000003,0.0109425,0.013319,13,12,14.538461538461538,38.416666666666664,0.39729115000000004,0.386676425,0.407905875,0.09523809523809525,0.125,0.07692307692307693,0.7647058823529411
5540722,20.0,10.0,5,691,6,6,68.16666666666667,46.0,0.011306100000000001,0.010894299999999999,0.011569699999999999,12,10,21.416666666666668,42.2,0.33274885000000004,0.331493175,0.334004525,0.1111111111111111,0.16666666666666666,0.08333333333333333,0.803030303030303
5540733,20.0,10.0,5,641,10,10,36.9,26.2,0.006319399999999999,0.0063051,0.006476399999999999,10,10,20.4,42.7,0.29920695,0.29749272499999996,0.30092117500000004,0.4000000000000001,0.4,0.4,0.6885213702074168
5540847,20.0,10.0,5,869,9,8,66.88888888888889,32.25,0.018988,0.0187632,0.0190307,12,11,20.5,55.54545454545455,0.43943859999999996,0.43666305,0.44221415,0.4761904761904762,0.5555555555555556,0.4166666666666667,0.7841666666666667
5547018,20.0,10.0,5,649,5,6,55.0,61.5,0.0053658,0.005365399999999999,0.0053798000000000006,10,11,12.6,46.63636363636363,0.18021064999999997,0.17946427499999998,0.180957025,0.0,0.0,0.0,0.0
5565253,20.0,10.0,5,670,8,8,51.75,31.0,0.0086009,0.008549200000000002,0.0088244,12,13,15.75,36.07692307692308,0.35214639999999997,0.34567355,0.35861925,0.3,0.375,0.25,0.8439153439153438
5615881,20.0,10.0,5,1051,9,9,87.44444444444444,28.333333333333332,0.0230372,0.023024700000000002,0.023041,10,11,34.8,63.0,0.4937128,0.4917442,0.49568140000000005,0.10526315789473685,0.1111111111111111,0.1,0.8369565217391305
5615968,20.0,10.0,5,642,8,8,39.5,39.75,0.005790199999999999,0.005699500000000001,0.0058313,10,11,17.4,41.63636363636363,0.2368527,0.2361852,0.23752020000000001,0.33333333333333326,0.375,0.3,0.791005291005291
5615986,20.0,10.0,5,685,7,7,63.0,33.857142857142854,0.0120052,0.011662100000000002,0.012088599999999998,13,13,17.076923076923077,34.61538461538461,0.34356629999999994,0.33676705,0.3503655499999999,0.1,0.14285714285714285,0.07692307692307693,0.6190476190476191
5615988,20.0,10.0,5,671,8,9,51.875,27.555555555555557,0.009180200000000001,0.0090915,0.0093174,13,13,16.46153846153846,34.15384615384615,0.37537655,0.37411907499999997,0.376634025,0.1904761904761905,0.25,0.15384615384615385,0.6108108108108108
5616015,20.0,10.0,5,657,3,3,29.0,189.0,0.0045003000000000005,0.0043529,0.0047827,7,7,12.571428571428571,80.28571428571429,0.18794835000000001,0.18695952500000002,0.188937175,0.0,0.0,0.0,0.0
5633515,20.0,10.0,5,663,9,6,58.22222222222222,21.666666666666668,0.0102429,0.0101765,0.010252,13,14,16.692307692307693,30.928571428571427,0.34992405,0.343228325,0.35661977499999997,0.09090909090909093,0.1111111111111111,0.07692307692307693,0.9444444444444444
5692189,20.0,10.0,5,1527,7,8,169.57142857142858,41.625,0.2725057,0.2580408,0.3270165,7,8,142.71428571428572,65.125,0.7949788999999999,0.7888347999999998,0.801123,0.2857142857142857,0.2857142857142857,0.2857142857142857,0.8217266187050359
5705278,20.0,10.0,5,643,8,9,45.0,30.555555555555557,0.007165,0.0070312000000000005,0.0071875,8,8,18.0,61.375,0.2711122,0.27051745,0.27170695,0.125,0.125,0.125,0.8269230769230769
5705752,20.0,10.0,5,682,9,10,43.77777777777778,27.9,0.009338200000000001,0.0093054,0.0094133,11,11,19.636363636363637,41.36363636363637,0.33006710000000006,0.32677575,0.33335845000000003,0.3,0.3333333333333333,0.2727272727272727,0.5804576376004946
5706077,20.0,10.0,5,656,7,7,48.857142857142854,43.857142857142854,0.0067602999999999995,0.0066545,0.0067821,9,10,21.77777777777778,45.1,0.25026475000000004,0.249332125,0.25119737500000006,0.125,0.14285714285714285,0.1111111111111111,0.5342465753424658
5706137,20.0,10.0,5,737,6,5,115.66666666666667,7.4,0.0156341,0.0156037,0.0157111,16,16,17.4375,27.625,0.43515945000000006,0.435044825,0.43527407500000004,0.09090909090909091,0.16666666666666666,0.0625,0.8421052631578947
5715345,20.0,10.0,5,923,7,8,74.14285714285714,49.625,0.0238235,0.0230112,0.024148299999999998,8,9,52.625,54.888888888888886,0.4878678000000001,0.47095265000000003,0.50478295,0.26666666666666666,0.2857142857142857,0.25,0.875
5771585,20.0,10.0,5,720,8,9,56.75,28.666666666666668,0.011520299999999999,0.0114745,0.0118521,12,13,20.25,35.76923076923077,0.5160930499999999,0.5121488249999999,0.5200372750000001,0.2,0.25,0.16666666666666666,0.7007575757575758
5771621,20.0,10.0,5,675,10,9,53.4,14.555555555555555,0.0172855,0.0169535,0.0175718,13,13,15.846153846153847,35.07692307692308,0.6071203999999999,0.5945147999999999,0.619726,0.2608695652173913,0.3,0.23076923076923078,0.7271552736669017
5772092,20.0,10.0,5,729,9,8,65.11111111111111,16.75,0.0167087,0.0162984,0.017532,17,15,15.352941176470589,30.066666666666666,0.60661775,0.5979440749999999,0.6152914249999999,0.30769230769230765,0.4444444444444444,0.23529411764705882,0.773349358974359
5772102,20.0,10.0,5,725,8,7,68.875,23.714285714285715,0.0168841,0.0165244,0.0169541,9,8,21.88888888888889,64.875,0.5049356500000001,0.49884077500000007,0.511030525,0.47058823529411764,0.5,0.4444444444444444,0.7055183278873793
5772192,20.0,10.0,5,706,6,6,95.0,21.666666666666668,0.0140892,0.014056999999999998,0.0142185,13,13,12.538461538461538,40.76923076923077,0.46968535000000006,0.46282627499999995,0.47654442500000005,0.21052631578947367,0.3333333333333333,0.15384615384615385,0.9333333333333333
5874746,20.0,10.0,5,729,9,8,54.888888888888886,28.25,0.012453200000000001,0.0123003,0.0142474,14,14,20.714285714285715,30.357142857142858,0.4147011,0.41374809999999995,0.41565409999999997,0.2608695652173913,0.3333333333333333,0.21428571428571427,0.7133564814814815
5874767,20.0,10.0,5,1278,5,4,241.2,16.75,0.08276290000000001,0.0820001,0.0864966,12,10,59.333333333333336,55.4,0.8252322,0.8213289999999999,0.8291354000000001,0.11764705882352941,0.2,0.08333333333333333,0.5754504504504504
5874769,20.0,10.0,5,649,12,10,45.583333333333336,9.0,0.0101635,0.010073299999999999,0.0109605,14,14,14.285714285714286,31.071428571428573,0.36548215000000006,0.36454962500000004,0.366414675,0.23076923076923075,0.25,0.21428571428571427,0.8438805346700083
5874787,20.0,10.0,5,1064,9,7,111.33333333333333,7.571428571428571,0.082658,0.0820784,0.0923658,13,13,45.38461538461539,35.46153846153846,0.64771465,0.642069425,0.653359875,0.18181818181818185,0.2222222222222222,0.15384615384615385,0.8946715049656226
5875173,20.0,10.0,5,712,2,1,347.5,15.0,0.0385316,0.0382712,0.0386117,11,11,13.545454545454545,50.18181818181818,0.4330832,0.4313789,0.4347875,0.15384615384615385,0.5,0.09090909090909091,0.95
5882173,20.0,10.0,5,665,8,8,56.625,25.5,0.009190700000000001,0.0090633,0.010178600000000001,12,11,14.583333333333334,43.45454545454545,0.36969805,0.364646825,0.3747492749999999,0.2,0.25,0.16666666666666666,0.53584229390681
5969330,20.0,10.0,5,721,9,10,47.666666666666664,28.3,0.0101771,0.0101724,0.0102023,13,12,17.0,40.583333333333336,0.31959485000000004,0.318727025,0.32046267500000003,0.27272727272727276,0.3333333333333333,0.23076923076923078,0.8895687645687645
5969331,20.0,10.0,5,706,4,5,136.5,31.2,0.0159039,0.014352399999999998,0.0163417,18,16,16.77777777777778,24.125,0.3999177,0.39525645000000004,0.40457895,0.1818181818181818,0.5,0.1111111111111111,0.7683982683982684
5969362,20.0,10.0,5,672,9,9,50.888888888888886,22.77777777777778,0.0082015,0.008032399999999999,0.008260100000000001,10,9,16.5,55.22222222222222,0.34781805,0.34731257499999996,0.348323525,0.2105263157894737,0.2222222222222222,0.2,0.7142857142857143
6058407,20.0,10.0,5,696,8,8,49.25,36.75,0.009378200000000001,0.0087437,0.0096155,11,9,20.272727272727273,51.333333333333336,0.2978418,0.29474235000000004,0.30094125,0.3157894736842105,0.375,0.2727272727272727,0.73004773004773
6062407,20.0,10.0,5,666,9,10,48.333333333333336,22.2,0.0095017,0.0094487,0.0095213,12,13,19.0,32.76923076923077,0.3383841,0.335959,0.34080920000000003,0.28571428571428575,0.3333333333333333,0.25,0.8461328976034858
6109129,20.0,10.0,5,721,9,10,41.888888888888886,33.5,0.0090244,0.008959100000000001,0.0090351,10,11,26.0,41.0,0.37026694999999993,0.36932537499999996,0.3712085249999999,0.4210526315789474,0.4444444444444444,0.4,0.7789421470342524
6148097,20.0,10.0,5,725,10,10,46.5,25.0,0.0122497,0.0120151,0.012727499999999997,11,11,26.363636363636363,38.54545454545455,0.4226545,0.4220259500000001,0.42328305,0.28571428571428564,0.3,0.2727272727272727,0.7467711635552425
6148143,20.0,10.0,5,677,5,6,55.0,66.16666666666667,0.007024399999999999,0.0068262,0.007028100000000001,9,8,13.444444444444445,68.375,0.29830604999999993,0.29008477499999996,0.30652732499999996,0.0,0.0,0.0,0.0
6148208,20.0,10.0,5,646,5,5,96.0,32.2,0.016019600000000002,0.0146488,0.0198065,14,15,17.5,25.8,0.36051065000000004,0.35729102500000004,0.36373027500000005,0.0,0.0,0.0,0.0
6190357,20.0,10.0,5,710,8,8,45.25,42.5,0.0133688,0.0131977,0.0142407,8,9,26.375,54.55555555555556,0.29960570000000003,0.29738715000000004,0.30182424999999996,0.5,0.5,0.5,0.7060276679841897
6193396,20.0,10.0,5,658,9,8,56.77777777777778,17.25,0.0131205,0.0130576,0.0150473,14,12,17.071428571428573,33.75,0.42367360000000004,0.42361915,0.42372805,0.34782608695652173,0.4444444444444444,0.2857142857142857,0.7824474679422961
6193436,20.0,10.0,5,666,2,1,300.5,63.0,0.0212682,0.0203526,0.0243256,12,12,18.833333333333332,35.666666666666664,0.37943815000000003,0.371031625,0.387844675,0.0,0.0,0.0,0.0
4216956,20.0,15.0,8,910,7,7,86.71428571428571,42.285714285714285,0.039052300000000005,0.0383063,0.039429,9,8,43.888888888888886,63.25,0.44897155,0.44595747500000005,0.451985625,0.25,0.2857142857142857,0.2222222222222222,0.7275354107648726
4272243,20.0,15.0,8,646,4,4,28.25,132.25,0.0049584,0.0046201,0.005284100000000001,5,5,19.8,108.4,0.09628045,0.096063125,0.09649777500000001,0.6666666666666665,0.75,0.6,0.7898412698412699
4344977,20.0,15.0,8,1187,6,6,149.16666666666666,47.666666666666664,0.0402405,0.0402178,0.0414344,9,8,75.11111111111111,62.75,0.5686073500000001,0.567378625,0.5698360750000001,0.5333333333333333,0.6666666666666666,0.4444444444444444,0.653819722177785
4350946,20.0,15.0,8,690,9,9,49.55555555555556,26.11111111111111,0.015421200000000001,0.013403700000000001,0.0158386,12,13,29.166666666666668,25.23076923076923,0.34132775,0.337274375,0.345381125,0.380952380952381,0.4444444444444444,0.3333333333333333,0.8001528568416614
4351935,20.0,15.0,8,775,9,9,57.44444444444444,27.666666666666668,0.0131386,0.013075399999999997,0.013241,13,12,21.384615384615383,40.333333333333336,0.37142435,0.365525125,0.377323575,0.3636363636363637,0.4444444444444444,0.3076923076923077,0.8018667256782707
4352377,20.0,15.0,8,716,8,7,49.25,44.857142857142854,0.0107331,0.0106306,0.010998299999999999,10,9,25.9,49.666666666666664,0.28055579999999997,0.27733739999999996,0.2837742,0.6666666666666665,0.75,0.6,0.8634820859859262
4358853,20.0,15.0,8,666,7,7,44.0,50.142857142857146,0.0078883,0.0077843,0.0083483,10,11,26.8,35.27272727272727,0.38248715,0.3804446249999999,0.38452967500000007,0.3529411764705882,0.42857142857142855,0.3,0.7729524254769696
4359232,20.0,15.0,8,681,4,4,37.0,132.25,0.0046023,0.0045393000000000005,0.0054736,3,4,32.666666666666664,145.0,0.11767314999999999,0.11719782499999999,0.11814847499999999,0.8571428571428571,0.75,1.0,0.9300850647395363
4370045,20.0,15.0,8,720,6,7,55.333333333333336,54.57142857142857,0.0134222,0.0131777,0.018338200000000002,5,5,24.0,119.0,0.24942575,0.24735167500000002,0.251499825,0.5454545454545454,0.5,0.6,0.8377538829151733
4389353,20.0,15.0,8,650,7,8,37.142857142857146,47.875,0.0062876,0.006280399999999999,0.0073746,6,7,23.833333333333332,71.57142857142857,0.20505515,0.204054075,0.20605622499999998,0.4615384615384615,0.42857142857142855,0.5,0.810966810966811
4389414,20.0,15.0,8,645,5,5,50.6,77.4,0.0064012,0.0060829000000000005,0.0065215,7,8,23.571428571428573,59.125,0.21001214999999998,0.207631875,0.21239242500000002,0.3333333333333333,0.4,0.2857142857142857,0.7404692082111437
4392729,20.0,15.0,8,652,7,8,41.0,44.75,0.0068822,0.0065718,0.0068863000000000014,9,9,23.444444444444443,48.0,0.21698045,0.21441052500000002,0.219550375,0.375,0.42857142857142855,0.3333333333333333,0.8976190476190475
4393045,20.0,15.0,8,936,6,7,99.33333333333333,47.714285714285715,0.027238,0.026878700000000002,0.0284303,7,7,22.571428571428573,110.14285714285714,0.4666225,0.4638405,0.4694045,0.4615384615384615,0.5,0.42857142857142855,0.819893009037746
4440451,20.0,15.0,8,657,3,4,51.333333333333336,125.0,0.0045103999999999995,0.0044736,0.0045271999999999995,5,4,20.8,137.0,0.1000828,0.09897805,0.10118755000000001,0.25,0.3333333333333333,0.2,0.5116279069767442
4443744,20.0,15.0,8,710,7,8,50.142857142857146,44.0,0.0071168,0.0070829,0.0074318000000000006,7,8,22.0,68.625,0.23194944999999997,0.230831025,0.233067875,0.14285714285714285,0.14285714285714285,0.14285714285714285,0.8
4448887,20.0,15.0,8,666,8,7,51.875,34.714285714285715,0.008224,0.008181,0.0084333,7,8,22.428571428571427,62.75,0.27648290000000003,0.27249805,0.28046775,0.13333333333333333,0.125,0.14285714285714285,0.7037037037037037
4469551,20.0,15.0,8,670,6,6,46.5,64.16666666666667,0.007154100000000001,0.006798899999999999,0.007832800000000001,10,9,27.4,42.888888888888886,0.2346346,0.23373315,0.23553605000000002,0.5,0.6666666666666666,0.4,0.7221451416800254
4472905,20.0,15.0,8,816,7,8,69.85714285714286,40.0,0.0159444,0.015833499999999997,0.016074,9,10,44.333333333333336,40.8,0.4034249000000001,0.39980765,0.40704215000000005,0.75,0.8571428571428571,0.6666666666666666,0.7506603515915394
4473229,20.0,15.0,8,673,6,6,46.0,65.16666666666667,0.0059858,0.005579199999999999,0.0060406999999999995,7,8,25.714285714285715,60.75,0.1978237,0.19550404999999998,0.20014335,0.6153846153846153,0.6666666666666666,0.5714285714285714,0.7331828703703703
4481970,20.0,15.0,8,642,9,10,34.44444444444444,32.3,0.0082235,0.008032899999999999,0.008602700000000001,8,8,25.0,54.25,0.263881,0.2615846,0.2661774,0.47058823529411764,0.4444444444444444,0.5,0.869642857142857
4482888,20.0,15.0,8,647,1,1,29.0,617.0,0.00288,0.0028739,0.0029568000000000003,0,1,0.0,647.0,0.0369701,0.0358613,0.0380789,0.0,0.0,0.0,0.0
4487550,20.0,15.0,8,653,8,8,35.625,45.0,0.0065864,0.0065596000000000005,0.00688,9,9,25.555555555555557,46.0,0.24298035000000004,0.242924725,0.24303597500000002,0.7058823529411765,0.75,0.6666666666666666,0.8647541878031896
4487946,20.0,15.0,8,710,2,3,259.0,63.333333333333336,0.041906599999999995,0.0413573,0.042569800000000005,3,3,157.33333333333334,78.33333333333333,0.36564575,0.364418175,0.366873325,0.8,1.0,0.6666666666666666,0.8961962833914053
4504164,20.0,15.0,8,649,8,8,54.25,25.875,0.0092223,0.0091413,0.0098674,10,11,25.0,35.36363636363637,0.3035168,0.29644355,0.31059005,0.4444444444444445,0.5,0.4,0.8379046320856666
4527487,20.0,15.0,8,671,1,1,639.0,31.0,0.030394400000000002,0.030155599999999998,0.0307995,9,10,19.11111111111111,49.0,0.4021083,0.39578755,0.40842905,0.0,0.0,0.0,0.0
4544584,20.0,15.0,8,672,9,9,38.55555555555556,35.111111111111114,0.0075663,0.0073166,0.007627899999999999,8,8,22.625,60.375,0.27232715,0.26593832500000003,0.27871597499999995,0.47058823529411764,0.4444444444444444,0.5,0.7929734169653525
4547202,20.0,15.0,8,696,8,8,61.125,24.875,0.0117716,0.0115269,0.0120811,6,5,22.166666666666668,111.4,0.3924270000000001,0.38259875000000004,0.40225525,0.14285714285714288,0.125,0.16666666666666666,0.8387096774193549
4559519,20.0,15.0,8,991,9,9,85.66666666666667,23.444444444444443,0.0676953,0.0665405,0.0677945,8,7,65.0,66.14285714285714,0.5270052999999999,0.52666295,0.52734765,0.7058823529411765,0.6666666666666666,0.75,0.8039804076923752
4575701,20.0,15.0,8,700,6,7,34.666666666666664,69.42857142857143,0.006019900000000001,0.0060001,0.006073899999999999,7,7,22.714285714285715,76.28571428571429,0.22150714999999999,0.217224025,0.22579027499999996,0.4615384615384615,0.5,0.42857142857142855,0.7321490769766631
4579744,20.0,15.0,8,678,7,8,59.0,32.25,0.008478600000000001,0.0083453,0.0085637,8,6,22.375,81.83333333333333,0.283959,0.2817988,0.2861192,0.0,0.0,0.0,0.0
4605892,20.0,15.0,8,678,1,0,677.0,0.0,0.0370222,0.0356288,0.038188900000000005,6,7,18.0,80.57142857142857,0.41734709999999997,0.41136059999999997,0.4233336,0.0,0.0,0.0,0.0
4668185,20.0,15.0,8,641,8,8,40.5,38.625,0.0063849,0.0063059,0.006571100000000001,8,9,27.5,45.888888888888886,0.26477585000000003,0.25594307499999996,0.273608625,0.625,0.625,0.625,0.8573642606953303
4705097,20.0,15.0,8,659,7,7,40.857142857142854,52.285714285714285,0.0075528,0.0071714,0.0088851,7,7,23.714285714285715,69.42857142857143,0.2517587,0.24525295000000003,0.25826445000000003,0.5714285714285714,0.5714285714285714,0.5714285714285714,0.847579365079365
4724133,20.0,15.0,8,650,5,5,50.2,78.8,0.0054992,0.0051945,0.0056043,3,4,22.0,145.25,0.17161725,0.168138625,0.17509587500000004,0.5,0.4,0.6666666666666666,0.6986531986531986
4749525,20.0,15.0,8,805,4,5,83.75,93.2,0.0127934,0.012462899999999999,0.013039399999999998,6,7,55.5,66.57142857142857,0.30592394999999994,0.305542675,0.30630522499999996,0.8,1.0,0.6666666666666666,0.8455633462282398
4754626,20.0,15.0,8,1144,6,7,134.33333333333334,47.42857142857143,0.0432164,0.042881,0.0439242,9,10,79.11111111111111,42.3,0.7106528000000001,0.6646075,0.7566980999999999,0.5333333333333333,0.6666666666666666,0.4444444444444444,0.8737843868564692
4754956,20.0,15.0,8,647,8,8,41.125,38.75,0.008596,0.0085789,0.0096015,7,6,27.0,75.16666666666667,0.26632855,0.264074825,0.268582275,0.7999999999999999,0.75,0.8571428571428571,0.7902593155031156
4775763,20.0,15.0,8,718,10,10,45.7,25.1,0.011805800000000002,0.0106386,0.012060499999999998,10,10,31.6,39.2,0.350977,0.34021090000000004,0.36174310000000004,0.6,0.6,0.6,0.7444291358330227
4785421,20.0,15.0,8,773,9,9,51.44444444444444,33.44444444444444,0.0138754,0.0136009,0.0142465,9,8,37.77777777777778,53.0,0.3918994499999999,0.39033187499999994,0.393467025,0.4444444444444444,0.4444444444444444,0.4444444444444444,0.7880388795567367
4789937,20.0,15.0,8,678,9,8,41.0,37.5,0.0093474,0.0088982,0.012670200000000001,11,11,23.636363636363637,37.0,0.31045334999999996,0.306638625,0.31426807500000004,0.3,0.3333333333333333,0.2727272727272727,0.7564466722361459
4792515,20.0,15.0,8,705,5,5,126.0,14.0,0.018001200000000002,0.0173729,0.0186107,9,10,20.88888888888889,50.8,0.39822005000000005,0.39776217499999994,0.39867792500000004,0.14285714285714285,0.2,0.1111111111111111,0.8947368421052632
4811115,20.0,15.0,8,643,7,7,35.285714285714285,55.57142857142857,0.0065207,0.006456600000000002,0.0065373,9,8,19.22222222222222,57.625,0.29229665000000005,0.290114675,0.294478625,0.5,0.5714285714285714,0.4444444444444444,0.8156512605042017
4824328,20.0,15.0,8,688,4,4,102.75,68.25,0.0176515,0.017096200000000002,0.019175400000000002,10,11,23.1,40.63636363636363,0.3732843,0.3729616,0.3736070000000001,0.0,0.0,0.0,0.0
4861227,20.0,15.0,8,710,7,7,82.42857142857143,18.0,0.016691900000000003,0.0162828,0.0168418,7,8,24.714285714285715,66.25,0.3868825999999999,0.38596109999999995,0.38780410000000004,0.42857142857142855,0.42857142857142855,0.42857142857142855,0.7536790694685432
4861687,20.0,15.0,8,746,9,8,56.111111111111114,29.0,0.011633200000000002,0.0104593,0.012470999999999998,6,5,22.5,121.0,0.36788239999999994,0.3636378,0.372127,0.5333333333333333,0.4444444444444444,0.6666666666666666,0.746551724137931
4862222,20.0,15.0,8,670,4,4,51.25,115.25,0.0052946,0.005253399999999999,0.0053518,4,4,17.0,149.5,0.14417875,0.141173075,0.147184425,0.25,0.25,0.25,1.0
4862380,20.0,15.0,8,660,7,8,37.142857142857146,49.125,0.007557399999999999,0.007456299999999999,0.0076721,8,9,23.0,52.0,0.2341781,0.23242199999999996,0.2359342,0.5333333333333333,0.5714285714285714,0.5,0.8058259042832545
4865550,20.0,15.0,8,642,8,8,39.625,39.625,0.00702,0.006705399999999999,0.0071043999999999986,6,7,20.0,73.71428571428571,0.22324324999999998,0.22164402499999997,0.224842475,0.5714285714285715,0.5,0.6666666666666666,0.7822420634920635
4865558,20.0,15.0,8,649,6,7,40.833333333333336,56.857142857142854,0.0093353,0.0088823,0.0093821,7,8,19.0,63.625,0.18988125,0.189403225,0.190359275,0.30769230769230765,0.3333333333333333,0.2857142857142857,0.7606589147286822
4912927,20.0,15.0,8,674,2,2,32.5,303.5,0.0041839,0.0039612,0.00652,0,1,0.0,674.0,0.054909950000000006,0.053517875000000006,0.05630202499999999,0.0,0.0,0.0,0.0
4915833,20.0,15.0,8,675,9,10,38.666666666666664,31.8,0.007987699999999999,0.006966399999999999,0.008745,7,8,32.142857142857146,55.375,0.24753265000000002,0.24161052500000002,0.253454775,0.75,0.6666666666666666,0.8571428571428571,0.8667134062285897
4940890,20.0,15.0,8,683,7,7,43.42857142857143,53.142857142857146,0.0122736,0.0112516,0.0125311,6,7,19.5,80.0,0.22815230000000003,0.22598895000000002,0.23031564999999998,0.4615384615384615,0.42857142857142855,0.5,0.6432098765432098
5244934,20.0,15.0,8,656,7,7,74.28571428571429,18.428571428571427,0.012169200000000002,0.011901499999999999,0.012425,7,7,23.714285714285715,69.0,0.34655260000000004,0.33314059999999995,0.35996459999999997,0.2857142857142857,0.2857142857142857,0.2857142857142857,0.7996031746031746
5351422,20.0,15.0,8,654,8,8,42.75,38.0,0.0078952,0.0078856,0.008179800000000001,8,9,23.75,50.666666666666664,0.2618818,0.26005515,0.26370845000000004,0.5,0.5,0.5,0.9251409017713366
5477477,20.0,15.0,8,678,3,3,41.333333333333336,183.66666666666666,0.0039246,0.0038525,0.0039442,1,2,22.0,327.5,0.07733035,0.076905175,0.07775552499999999,0.0,0.0,0.0,0.0
5499001,20.0,15.0,8,670,6,7,28.666666666666668,70.28571428571429,0.0044398,0.0044052,0.0046673999999999995,5,6,24.4,90.5,0.10801290000000001,0.1068776,0.10914820000000001,0.7272727272727272,0.6666666666666666,0.8,0.8779571611253197
5503058,20.0,15.0,8,916,10,9,65.7,27.666666666666668,0.0242606,0.023660900000000002,0.0244231,7,6,29.714285714285715,116.83333333333333,0.41463235,0.41218777500000003,0.417076925,0.7058823529411764,0.6,0.8571428571428571,0.8368153565827985
5503168,20.0,15.0,8,695,6,6,86.33333333333333,28.5,0.015196299999999998,0.0148023,0.0152595,10,10,20.8,47.7,0.371049,0.36605104999999993,0.37604695,0.37499999999999994,0.5,0.3,0.5585822021116139
5503359,20.0,15.0,8,716,7,6,70.85714285714286,35.5,0.0150009,0.014985599999999998,0.015091300000000002,7,6,24.142857142857142,90.0,0.42647004999999993,0.40975682499999994,0.443183275,0.2857142857142857,0.2857142857142857,0.2857142857142857,0.7296195652173914
5540718,20.0,15.0,8,663,8,7,57.125,28.285714285714285,0.009198600000000001,0.009196,0.0111497,10,11,19.5,41.63636363636363,0.32016295,0.32007457500000003,0.32025132500000003,0.11111111111111112,0.125,0.1,0.5365853658536586
5540722,20.0,15.0,8,691,6,6,66.83333333333333,47.333333333333336,0.0091004,0.008947700000000001,0.009128,5,6,34.4,85.66666666666667,0.2655878,0.26391395,0.26726164999999996,0.1818181818181818,0.16666666666666666,0.2,0.8813559322033898
5540733,20.0,15.0,8,641,10,10,36.7,26.4,0.0066284,0.0065792,0.006848300000000001,8,9,21.125,51.55555555555556,0.21569815,0.21538457500000002,0.216011725,0.5555555555555556,0.5,0.625,0.6710879583249849
5540847,20.0,15.0,8,869,8,8,73.0,34.625,0.019846700000000002,0.0197415,0.0199584,7,7,27.428571428571427,95.71428571428571,0.406155,0.3994529,0.41285710000000003,0.39999999999999997,0.375,0.42857142857142855,0.8136070853462157
5547018,20.0,15.0,8,649,5,6,54.6,61.833333333333336,0.0056793,0.005558899999999999,0.005923,5,6,18.8,91.66666666666667,0.1622486,0.16101179999999998,0.1634854,0.0,0.0,0.0,0.0
5565253,20.0,15.0,8,670,6,6,62.333333333333336,48.333333333333336,0.0091056,0.008907100000000001,0.0095966,9,10,23.88888888888889,44.6,0.2915645,0.2910769,0.2920521,0.26666666666666666,0.3333333333333333,0.2222222222222222,0.8143939393939394
5615881,20.0,15.0,8,1051,9,9,87.11111111111111,28.666666666666668,0.0238127,0.0237263,0.023886900000000003,9,10,24.555555555555557,82.1,0.50679535,0.499994425,0.513596275,0.4444444444444444,0.4444444444444444,0.4444444444444444,0.7200366436100132
5615968,20.0,15.0,8,642,5,6,53.4,61.666666666666664,0.006662700000000001,0.0066216,0.0068429,5,6,22.6,87.33333333333333,0.24975835,0.231144375,0.26837232499999997,0.0,0.0,0.0,0.0
5615986,20.0,15.0,8,685,6,7,70.83333333333333,36.285714285714285,0.0147319,0.0145984,0.0149225,11,11,21.181818181818183,40.09090909090909,0.5084758999999999,0.4912145,0.5257373,0.11764705882352942,0.16666666666666666,0.09090909090909091,0.875
5615988,20.0,15.0,8,671,8,9,51.625,27.77777777777778,0.0163152,0.015054999999999999,0.018121099999999998,9,9,24.666666666666668,48.888888888888886,0.35464985000000004,0.349074025,0.360225675,0.35294117647058826,0.375,0.3333333333333333,0.7478299478299478
5616015,20.0,15.0,8,657,3,3,28.666666666666668,189.33333333333334,0.0047139,0.0045008,0.0047498,5,6,24.2,88.5,0.12523275,0.12131327500000001,0.12915222499999998,0.5,0.6666666666666666,0.4,0.8788142981691369
5633515,20.0,15.0,8,663,10,8,47.9,21.75,0.0114586,0.0108713,0.0117756,12,9,20.75,44.666666666666664,0.35610214999999995,0.350412625,0.361791675,0.3636363636363636,0.4,0.3333333333333333,0.9230465949820789
5692189,20.0,15.0,8,1527,7,8,169.57142857142858,41.625,0.2492413,0.2372075,0.25933510000000004,3,4,295.6666666666667,159.25,0.7512025999999999,0.75083205,0.75157315,0.6,0.42857142857142855,1.0,0.8020272260183273
5705278,20.0,15.0,8,643,8,9,45.0,30.555555555555557,0.007179,0.0069816999999999995,0.007200700000000001,6,7,28.666666666666668,66.42857142857143,0.22420879999999996,0.22384305,0.22457454999999996,0.5714285714285715,0.5,0.6666666666666666,0.719124403080231
5705752,20.0,15.0,8,682,7,8,49.714285714285715,40.875,0.009404,0.0092977,0.0096829,9,10,25.555555555555557,44.3,0.26694694999999996,0.265487375,0.268406525,0.6250000000000001,0.7142857142857143,0.5555555555555556,0.859640788226924
5706077,20.0,15.0,8,656,7,7,47.142857142857146,45.57142857142857,0.0071573999999999995,0.0071213000000000005,0.007537000000000001,8,7,28.375,60.142857142857146,0.21683529999999998,0.2157541,0.21791649999999996,0.5333333333333333,0.5714285714285714,0.5,0.7108825180259919
5706137,20.0,15.0,8,737,6,4,111.66666666666667,15.25,0.0157845,0.015627,0.0158936,8,9,25.125,58.666666666666664,0.47051205,0.470484025,0.470540075,0.0,0.0,0.0,0.0
5715345,20.0,15.0,8,923,6,7,84.66666666666667,58.42857142857143,0.0248222,0.0244858,0.0257696,6,6,72.0,80.83333333333333,0.34600400000000003,0.3437697,0.3482383,0.5,0.5,0.5,0.9206481923873229
5771585,20.0,15.0,8,720,8,9,55.875,29.444444444444443,0.0116814,0.011344700000000001,0.012877,9,8,23.666666666666668,62.25,0.3655348,0.3537117,0.3773579,0.23529411764705882,0.25,0.2222222222222222,0.6533816425120773
5771621,20.0,15.0,8,675,10,10,49.2,17.3,0.013719,0.012841700000000001,0.016156999999999998,8,8,21.125,62.25,0.42969630000000003,0.41676310000000005,0.4426295,0.5555555555555556,0.5,0.625,0.7143401983218917
5772092,20.0,15.0,8,729,8,7,67.625,25.714285714285715,0.0111245,0.01112,0.0111363,12,9,29.5,40.333333333333336,0.43509865000000003,0.427125175,0.443072125,0.5,0.625,0.4166666666666667,0.8320126555126555
5772102,20.0,15.0,8,725,8,7,64.875,28.285714285714285,0.0166824,0.0159662,0.0193108,12,11,24.416666666666668,38.18181818181818,0.39201460000000005,0.3882907500000001,0.39573845,0.4,0.5,0.3333333333333333,0.8964285714285714
5772192,20.0,15.0,8,706,5,6,99.0,34.333333333333336,0.013201700000000002,0.0130418,0.013394399999999999,9,9,18.555555555555557,58.888888888888886,0.38690304999999997,0.38544382499999996,0.388362275,0.0,0.0,0.0,0.0
5874746,20.0,15.0,8,729,8,7,58.875,35.714285714285715,0.012568600000000003,0.0124841,0.0128486,7,8,29.857142857142858,64.125,0.3925287499999999,0.384053775,0.40100372500000003,0.26666666666666666,0.25,0.2857142857142857,0.7577996715927751
5874767,20.0,15.0,8,1278,5,5,238.4,16.2,0.087812,0.08529260000000001,0.0881332,10,10,27.0,99.8,0.8062983000000001,0.79873645,0.81386015,0.13333333333333333,0.2,0.1,0.6901408450704225
5874769,20.0,15.0,8,649,10,10,45.7,18.2,0.0108602,0.0106674,0.0110132,9,10,19.77777777777778,46.2,0.37087289999999995,0.368472,0.3732738,0.3157894736842105,0.3,0.3333333333333333,0.8489553924336533
5874787,20.0,15.0,8,1064,8,7,122.75,10.571428571428571,0.0892747,0.0890355,0.0976521,9,9,73.11111111111111,44.111111111111114,0.7291039500000001,0.6982772250000001,0.7599306749999999,0.35294117647058826,0.375,0.3333333333333333,0.9039876113046845
5875173,20.0,15.0,8,712,2,1,347.5,15.0,0.040533900000000005,0.0402096,0.0414138,14,11,17.5,41.18181818181818,0.48606124999999994,0.483773075,0.488349425,0.125,0.5,0.07142857142857142,0.8636363636363636
5882173,20.0,15.0,8,665,7,8,61.857142857142854,28.125,0.0094624,0.009333200000000002,0.0101759,7,7,23.428571428571427,70.57142857142857,0.34941970000000006,0.34838355,0.35045585,0.14285714285714285,0.14285714285714285,0.14285714285714285,0.9393939393939394
5969330,20.0,15.0,8,721,7,8,56.714285714285715,39.625,0.015131399999999998,0.015098400000000001,0.0155747,11,11,25.09090909090909,39.45454545454545,0.28388095,0.28271447499999997,0.285047425,0.33333333333333326,0.42857142857142855,0.2727272727272727,0.7546296296296297
5969331,20.0,15.0,8,706,2,3,255.0,64.66666666666667,0.015010899999999997,0.014728399999999999,0.0154644,11,12,26.272727272727273,33.833333333333336,0.42311604999999997,0.41500647500000004,0.431225625,0.0,0.0,0.0,0.0
5969362,20.0,15.0,8,672,8,8,51.25,31.75,0.0093974,0.008819200000000001,0.0099605,11,11,23.454545454545453,36.63636363636363,0.37520889999999996,0.36970855,0.38070924999999994,0.4210526315789474,0.5,0.36363636363636365,0.846360153256705
6058407,20.0,15.0,8,696,7,7,54.0,44.42857142857143,0.0137366,0.013495299999999998,0.013878799999999998,6,7,19.333333333333332,82.0,0.29071785,0.289615425,0.291820275,0.15384615384615383,0.14285714285714285,0.16666666666666666,0.5757575757575758
6062407,20.0,15.0,8,666,8,8,49.125,33.125,0.014696299999999999,0.014637299999999999,0.0148645,11,12,25.181818181818183,31.5,0.33946570000000004,0.33871389999999996,0.3402175,0.3157894736842105,0.375,0.2727272727272727,0.8784600389863547
6109129,20.0,15.0,8,721,8,9,43.875,40.22222222222222,0.014345799999999999,0.014007999999999998,0.014373700000000001,9,9,22.555555555555557,56.55555555555556,0.3259415,0.32146104999999997,0.33042195,0.5882352941176471,0.625,0.5555555555555556,0.7412472577106723
6148097,20.0,15.0,8,725,8,8,54.75,34.875,0.015034,0.014395900000000001,0.017246,9,9,37.666666666666664,41.888888888888886,0.3931118,0.39084335000000003,0.39538025,0.47058823529411764,0.5,0.4444444444444444,0.8338110364636581
6148143,20.0,15.0,8,677,5,6,54.8,66.33333333333333,0.011498600000000003,0.010684,0.011548899999999999,2,3,21.5,210.66666666666666,0.184946,0.1840888,0.18580319999999997,0.28571428571428575,0.2,0.5,0.7857142857142857
6148208,20.0,15.0,8,646,5,5,91.2,37.0,0.013855200000000002,0.013516499999999999,0.0139881,8,9,23.125,50.333333333333336,0.30644825,0.303958625,0.308937875,0.3076923076923077,0.4,0.25,0.8319838056680162
6190357,20.0,15.0,8,710,7,7,49.714285714285715,50.714285714285715,0.011853200000000001,0.0116932,0.012147699999999999,6,6,36.5,80.83333333333333,0.25420695000000004,0.24951647500000002,0.25889742500000007,0.6153846153846153,0.5714285714285714,0.6666666666666666,0.8339745670995671
6193396,20.0,15.0,8,658,7,7,67.71428571428571,25.285714285714285,0.014017700000000001,0.013462799999999999,0.0160513,10,9,24.0,45.333333333333336,0.3599079,0.35938240000000005,0.3604334,0.3529411764705882,0.42857142857142855,0.3,0.8577744094985474
6193436,20.0,15.0,8,666,2,1,299.5,65.0,0.0196971,0.0195734,0.020096700000000002,10,11,25.0,36.90909090909091,0.38676550000000004,0.38131125,0.39221975000000003,0.0,0.0,0.0,0.0
4216956,20.0,30.0,15,910,5,6,112.2,57.333333333333336,0.040083,0.0397695,0.0406523,5,6,74.2,89.0,0.39317965,0.388261425,0.398097875,0.6,0.6,0.6,0.7418308702791462
4272243,20.0,30.0,15,646,1,2,49.0,298.0,0.0041255,0.0040631,0.00448,2,3,41.5,187.0,0.0826298,0.0814043,0.0838553,0.6666666666666666,1.0,0.5,0.9423076923076923
4344977,20.0,30.0,15,1187,5,6,173.0,52.833333333333336,0.0414514,0.0413421,0.0415801,5,6,135.4,84.16666666666667,0.54873165,0.543861875,0.553601425,0.8000000000000002,0.8,0.8,0.7513088118197752
4350946,20.0,30.0,15,690,6,6,55.833333333333336,58.166666666666664,0.010746200000000001,0.01047,0.011440700000000002,7,7,46.0,51.57142857142857,0.31099480000000007,0.30993175,0.31205785,0.4615384615384615,0.5,0.42857142857142855,0.7904761904761904
4351935,20.0,30.0,15,775,5,6,83.2,59.0,0.013127400000000001,0.013127400000000001,0.013129700000000003,2,3,45.0,227.66666666666666,0.3367645,0.33208760000000004,0.34144139999999995,0.28571428571428575,0.2,0.5,0.9137931034482759
4352377,20.0,30.0,15,716,4,4,73.5,104.5,0.0108061,0.0107872,0.0109898,3,3,44.666666666666664,193.0,0.24791794999999997,0.247609275,0.248226625,0.8571428571428571,0.75,1.0,0.932396799418076
4358853,20.0,30.0,15,666,2,3,71.5,173.66666666666666,0.0079638,0.0079303,0.0082362,3,3,41.333333333333336,179.66666666666666,0.2412195,0.2403711,0.2420679,0.0,0.0,0.0,0.0
4359232,20.0,30.0,15,681,2,2,45.5,294.0,0.0045417,0.0044122,0.0046199,3,4,37.666666666666664,141.25,0.10121459999999999,0.10115185,0.10127735,0.4,0.5,0.3333333333333333,0.926829268292683
4370045,20.0,30.0,15,720,3,4,85.33333333333333,115.25,0.0127085,0.012685200000000002,0.0131775,3,4,44.333333333333336,146.0,0.20297635,0.201453025,0.20449967500000002,0.6666666666666666,0.6666666666666666,0.6666666666666666,0.9481671265273945
4389353,20.0,30.0,15,650,4,5,47.75,91.0,0.0058447,0.005819899999999999,0.005875999999999999,4,5,41.75,95.8,0.1784472,0.17446160000000002,0.18243279999999998,0.75,0.75,0.75,0.9358212701865952
4389414,20.0,30.0,15,645,4,4,56.0,104.25,0.0059621000000000006,0.0059426999999999995,0.0060673,5,3,41.4,144.33333333333334,0.16368264999999999,0.163214875,0.16415042500000002,0.6666666666666665,0.75,0.6,0.8165609444517864
4392729,20.0,30.0,15,652,3,4,59.0,118.0,0.0068625,0.0064933000000000005,0.006909699999999999,2,3,34.5,193.66666666666666,0.18378394999999997,0.182973875,0.184594025,0.0,0.0,0.0,0.0
4393045,20.0,30.0,15,936,3,4,166.33333333333334,108.5,0.0252925,0.0252579,0.0256934,5,6,86.0,83.5,0.386993,0.38593259999999996,0.3880534,0.5,0.6666666666666666,0.4,0.7491540423759696
4440451,20.0,30.0,15,657,2,3,55.5,181.33333333333334,0.0043284,0.004238100000000001,0.0043306,0,1,0.0,657.0,0.10049789999999999,0.09981815,0.10117764999999998,0.0,0.0,0.0,0.0
4443744,20.0,30.0,15,710,6,7,53.666666666666664,54.57142857142857,0.0074365,0.007251100000000002,0.0074379,1,2,52.0,328.5,0.2111048,0.21109765000000003,0.21111195,0.2857142857142857,0.16666666666666666,1.0,0.9423076923076923
4448887,20.0,30.0,15,666,6,6,56.666666666666664,53.333333333333336,0.0079385,0.007895600000000001,0.0082512,5,5,48.4,83.8,0.28403315,0.2771634250000001,0.290902875,0.9090909090909091,0.8333333333333334,1.0,0.751838668577799
4469551,20.0,30.0,15,670,4,5,49.0,94.0,0.0074874,0.007396400000000001,0.007495399999999998,5,6,34.2,82.33333333333333,0.17412315,0.173550025,0.17469627499999998,0.4444444444444445,0.5,0.4,0.8209459459459459
4472905,20.0,30.0,15,816,3,4,120.33333333333333,113.0,0.0162214,0.0161031,0.0162552,4,5,90.5,90.0,0.31538685,0.31317947499999993,0.31759422499999995,0.8571428571428571,1.0,0.75,0.8871191047771468
4473229,20.0,30.0,15,673,4,4,57.0,110.25,0.0059675,0.0056921,0.0061597,3,3,58.0,165.33333333333334,0.17628965,0.17575147500000002,0.176827825,0.8571428571428571,0.75,1.0,0.9695767195767195
4481970,20.0,30.0,15,642,2,3,76.0,162.66666666666666,0.0082082,0.0080355,0.0083516,4,5,33.75,100.6,0.20889760000000002,0.207697,0.21009819999999998,0.0,0.0,0.0,0.0
4482888,20.0,30.0,15,647,0,1,0.0,647.0,0.002851,0.0028389,0.0029185,1,1,45.0,601.0,0.03160520000000001,0.029896800000000005,0.0333136,0.0,0.0,0.0,0.0
4487550,20.0,30.0,15,653,3,4,58.666666666666664,118.5,0.006537600000000001,0.0064925,0.006639999999999999,3,4,62.0,116.0,0.1921357,0.19172609999999998,0.19254530000000003,1.0,1.0,1.0,0.9452968415232567
4487946,20.0,30.0,15,710,1,2,487.0,111.0,0.0483724,0.0423307,0.048978,1,2,429.0,140.0,0.32664595,0.321415875,0.33187602499999996,1.0,1.0,1.0,0.8809034907597536
4504164,20.0,30.0,15,649,5,5,59.0,69.8,0.0079945,0.007942900000000001,0.0080045,2,3,36.5,191.33333333333334,0.2620835,0.2611086,0.2630584,0.28571428571428575,0.2,0.5,0.5070422535211268
4527487,20.0,30.0,15,671,3,3,208.33333333333334,14.333333333333334,0.0293486,0.028958900000000003,0.029826400000000006,3,4,38.333333333333336,138.25,0.37502,0.3745035,0.37553649999999994,0.3333333333333333,0.3333333333333333,0.3333333333333333,0.631578947368421
4544584,20.0,30.0,15,672,3,4,45.333333333333336,133.25,0.0069952,0.0069852,0.0073139,5,6,40.8,77.16666666666667,0.22648735,0.224184725,0.228789975,0.5,0.6666666666666666,0.4,0.8953089244851258
4547202,20.0,30.0,15,696,4,5,78.5,75.6,0.011005200000000001,0.0108823,0.011200700000000001,8,8,51.75,34.25,0.32788985000000004,0.32312452499999994,0.332655175,0.6666666666666666,1.0,0.5,0.815168826154025
4559519,20.0,30.0,15,991,5,5,127.8,69.4,0.0660605,0.063262,0.068111,5,6,98.6,82.16666666666667,0.46970885,0.466793825,0.472623875,0.4000000000000001,0.4,0.4,0.8859265734265734
4575701,20.0,30.0,15,700,2,3,42.0,204.66666666666666,0.0063142,0.005984600000000001,0.0078517,3,4,39.666666666666664,144.5,0.16233745,0.161492525,0.16318237499999996,0.4,0.5,0.3333333333333333,0.9743589743589743
4579744,20.0,30.0,15,678,5,6,61.0,61.333333333333336,0.007949600000000001,0.0079177,0.0080765,5,6,37.2,81.16666666666667,0.25628704999999996,0.254433425,0.258140675,0.6,0.6,0.6,0.6849206349206348
4605892,20.0,30.0,15,678,2,0,338.0,0.0,0.0375004,0.0365912,0.0406765,6,6,35.5,76.5,0.3961382,0.39537865,0.39689774999999994,0.25,0.5,0.16666666666666666,0.8918918918918919
4668185,20.0,30.0,15,641,7,7,42.857142857142854,47.714285714285715,0.0062753,0.0059808000000000005,0.006468300000000001,6,6,41.0,64.83333333333333,0.20508669999999998,0.20487214999999998,0.20530125,0.923076923076923,0.8571428571428571,1.0,0.8837356447302268
4705097,20.0,30.0,15,659,4,4,53.25,110.5,0.006549699999999999,0.0065212,0.0068315,4,4,56.25,107.5,0.19460235,0.19403527500000003,0.195169425,1.0,1.0,1.0,0.9507422418734136
4724133,20.0,30.0,15,650,4,4,49.75,111.75,0.0052456000000000004,0.0052426,0.0053377,3,4,40.333333333333336,131.5,0.17033065,0.16188597500000002,0.178775325,0.5714285714285715,0.5,0.6666666666666666,0.9433760683760684
4749525,20.0,30.0,15,805,2,3,141.0,173.66666666666666,0.0125274,0.012390100000000001,0.013630499999999999,3,4,108.0,119.5,0.2238453,0.22378684999999998,0.22390375000000004,0.8,1.0,0.6666666666666666,0.9723173515981736
4754626,20.0,30.0,15,1144,4,5,181.0,83.2,0.0431026,0.04287180000000001,0.0441632,5,6,135.8,76.66666666666667,0.5269592999999999,0.5248168500000001,0.52910175,0.6666666666666665,0.75,0.6,0.8703962703962705
4754956,20.0,30.0,15,647,4,5,57.5,82.6,0.007115100000000001,0.007074899999999999,0.007175600000000001,5,5,37.4,91.0,0.20378705000000003,0.20022647500000001,0.207347625,0.6666666666666665,0.75,0.6,0.8238901793779844
4775763,20.0,30.0,15,718,5,6,56.4,71.83333333333333,0.0102019,0.009891700000000002,0.0102968,8,9,48.0,36.22222222222222,0.28955539999999996,0.28897185,0.29013895,0.7692307692307693,1.0,0.625,0.810649799279847
4785421,20.0,30.0,15,773,4,4,79.75,112.5,0.013677700000000001,0.0134884,0.013678,7,6,57.857142857142854,60.166666666666664,0.30831349999999996,0.30780985,0.30881715,0.5454545454545454,0.75,0.42857142857142855,0.9475323730642881
4789937,20.0,30.0,15,678,6,5,43.333333333333336,82.4,0.0086033,0.0080682,0.0091541,6,5,38.333333333333336,88.4,0.24916425000000003,0.247459475,0.25086902499999997,0.6666666666666666,0.6666666666666666,0.6666666666666666,0.8827521155122954
4792515,20.0,30.0,15,705,5,5,106.8,33.2,0.0182025,0.018197099999999997,0.0184057,7,6,42.142857142857146,67.16666666666667,0.38013624999999995,0.379300625,0.380971875,0.3333333333333333,0.4,0.2857142857142857,0.8821428571428571
4811115,20.0,30.0,15,643,3,4,54.666666666666664,119.0,0.0065190000000000005,0.0064711000000000005,0.0066626,5,6,48.6,65.83333333333333,0.2086098,0.20820545000000001,0.20901414999999998,0.7499999999999999,1.0,0.6,0.9491704374057316
4824328,20.0,30.0,15,688,3,3,120.66666666666667,107.66666666666667,0.021490099999999998,0.015815,0.0217948,2,3,87.0,170.66666666666666,0.28813659999999996,0.28779604999999997,0.28847715,0.8,0.6666666666666666,1.0,0.5898004434589801
4861227,20.0,30.0,15,710,6,7,88.5,24.714285714285715,0.0145787,0.0145742,0.0145942,8,9,54.75,29.333333333333332,0.35228115000000004,0.349267925,0.355294375,0.5714285714285715,0.6666666666666666,0.5,0.888721174047261
4861687,20.0,30.0,15,746,7,8,64.42857142857143,36.0,0.011093200000000001,0.0109616,0.0112228,6,6,37.833333333333336,85.5,0.30650384999999997,0.30563127500000004,0.30737642500000006,0.6153846153846153,0.5714285714285714,0.6666666666666666,0.7250041088685819
4862222,20.0,30.0,15,670,3,4,62.333333333333336,120.0,0.0054165,0.005388100000000001,0.005567,3,4,54.666666666666664,125.75,0.1283572,0.12771425,0.12900015,1.0,1.0,1.0,0.8555713608345187
4862380,20.0,30.0,15,660,2,3,70.5,172.33333333333334,0.0071176,0.0070255,0.007277500000000001,4,5,34.0,104.0,0.1708519,0.17009350000000004,0.1716103,0.3333333333333333,0.5,0.25,0.9555555555555556
4865550,20.0,30.0,15,642,5,5,52.2,75.2,0.0067441,0.006587,0.0069455,3,4,40.333333333333336,129.5,0.21530939999999996,0.2124152,0.21820359999999997,0.5,0.4,0.6666666666666666,0.9664031620553359
4865558,20.0,30.0,15,649,4,5,46.25,92.0,0.006602899999999999,0.0065222,0.0066917,4,5,40.25,96.8,0.1944273,0.1926806,0.196174,0.75,0.75,0.75,0.8301054018445323
4912927,20.0,30.0,15,674,1,2,37.0,318.0,0.0034148000000000004,0.0033945,0.0034815,1,2,39.0,317.0,0.0525645,0.0506191,0.0545099,1.0,1.0,1.0,0.9487179487179487
4915833,20.0,30.0,15,675,3,4,66.33333333333333,118.25,0.0102159,0.0101726,0.0104228,4,5,45.5,97.8,0.2544094,0.25292230000000004,0.2558965,0.5714285714285715,0.6666666666666666,0.5,0.9268217054263566
4940890,20.0,30.0,15,683,2,3,81.0,173.0,0.011962099999999998,0.011952299999999999,0.012009599999999999,3,4,42.333333333333336,138.25,0.23106260000000003,0.22977740000000002,0.2323478,0.4,0.5,0.3333333333333333,0.9508196721311475
5244934,20.0,30.0,15,656,4,4,109.5,53.5,0.0186956,0.0186352,0.0187705,8,8,39.0,42.0,0.37231945000000005,0.37085222500000004,0.373786675,0.5,0.75,0.375,0.9400597843795601
5351422,20.0,30.0,15,654,5,5,49.4,80.4,0.0124336,0.0120712,0.012498200000000003,4,4,40.5,122.0,0.2778862,0.27649680000000004,0.27927559999999996,0.6666666666666665,0.6,0.75,0.7161376476630714
5477477,20.0,30.0,15,678,2,2,46.5,291.5,0.0062169,0.0061012,0.0062281,1,2,34.0,321.5,0.09865385,0.098385175,0.098922525,0.0,0.0,0.0,0.0
5499001,20.0,30.0,15,670,2,3,36.0,198.66666666666666,0.0067545,0.0066471,0.007347000000000001,3,4,38.333333333333336,138.0,0.1314237,0.12891565000000002,0.13393175,0.8,1.0,0.6666666666666666,0.8825283243887895
5503058,20.0,30.0,15,916,7,7,83.71428571428571,46.142857142857146,0.0287015,0.0277662,0.030056600000000003,5,4,39.6,178.25,0.44658325,0.428012175,0.4651543250000001,0.6666666666666666,0.5714285714285714,0.8,0.8876314210616536
5503168,20.0,30.0,15,695,4,5,99.75,58.4,0.0159676,0.0159254,0.0163735,5,6,46.8,76.0,0.34857679999999996,0.34440745,0.35274615,0.4444444444444445,0.5,0.4,0.7897467828974678
5503359,20.0,30.0,15,716,7,6,67.0,40.0,0.017142400000000002,0.0164217,0.0171655,5,4,38.8,129.25,0.3281115,0.32690720000000006,0.3293158,0.6666666666666666,0.5714285714285714,0.8,0.8264720257604508
5540718,20.0,30.0,15,663,6,6,56.0,53.5,0.009126299999999999,0.0090775,0.009190700000000001,6,5,51.666666666666664,69.4,0.28196140000000003,0.2812356,0.2826872,0.8333333333333334,0.8333333333333334,0.8333333333333334,0.8794747377958518
5540722,20.0,30.0,15,691,6,6,54.666666666666664,59.5,0.009307600000000001,0.009306100000000001,0.009364299999999999,4,5,48.0,99.0,0.24756049999999996,0.2472863,0.24783470000000002,0.6,0.5,0.75,0.7519106407995296
5540733,20.0,30.0,15,641,5,6,45.4,68.16666666666667,0.0071394,0.0068887,0.0071853,8,9,39.0,35.666666666666664,0.21765920000000002,0.2165823,0.21873610000000002,0.7692307692307693,1.0,0.625,0.8293475293475293
5540847,20.0,30.0,15,869,6,6,84.5,59.333333333333336,0.0211131,0.020664400000000003,0.021832599999999997,6,6,46.833333333333336,97.0,0.36167045000000003,0.360845125,0.36249577499999996,0.6666666666666666,0.6666666666666666,0.6666666666666666,0.9325950950950951
5547018,20.0,30.0,15,649,5,6,54.0,62.333333333333336,0.006127800000000001,0.0060387,0.0062256,3,4,58.0,118.0,0.1704401,0.16700475,0.17387545,0.7499999999999999,0.6,1.0,0.9501855645923443
5565253,20.0,30.0,15,670,5,5,65.6,67.4,0.0093058,0.0090794,0.0095995,4,4,47.75,118.75,0.2620705,0.26084555000000004,0.26329545,0.888888888888889,0.8,1.0,0.869781798661109
5615881,20.0,30.0,15,1051,6,6,117.83333333333333,56.333333333333336,0.0260677,0.025283,0.026070700000000002,4,5,104.75,125.6,0.47203935,0.469675725,0.47440297499999995,0.6,0.5,0.75,0.9532453983158208
5615968,20.0,30.0,15,642,5,6,53.0,62.0,0.0064586,0.0063245,0.006513,3,4,54.0,119.25,0.20563345,0.20562297499999999,0.20564392499999998,0.7499999999999999,0.6,1.0,0.9368459667142912
5615986,20.0,30.0,15,685,4,5,87.25,66.4,0.012928700000000001,0.012906899999999999,0.012985700000000001,5,6,39.4,80.5,0.26933195,0.26902042500000006,0.26964347499999997,0.22222222222222224,0.25,0.2,0.9487179487179487
5615988,20.0,30.0,15,671,5,6,65.4,56.5,0.009894,0.009728200000000001,0.0099291,4,5,42.75,99.2,0.25084870000000004,0.24820315,0.25349425,0.22222222222222224,0.2,0.25,0.9014084507042254
5616015,20.0,30.0,15,657,1,2,34.0,311.0,0.0047831,0.004443,0.00495,2,3,34.5,195.33333333333334,0.0707108,0.07036094999999999,0.07106064999999999,0.6666666666666666,1.0,0.5,0.918918918918919
5633515,20.0,30.0,15,663,6,7,51.166666666666664,50.0,0.0104165,0.0104042,0.0104466,7,7,41.714285714285715,52.0,0.33465435,0.322726275,0.346582425,0.7692307692307692,0.8333333333333334,0.7142857142857143,0.8578029976754344
5692189,20.0,30.0,15,1527,5,6,225.8,65.5,0.2420862,0.23863269999999998,0.26217959999999996,5,6,199.4,87.5,0.8768910500000001,0.818063325,0.935718775,0.8000000000000002,0.8,0.8,0.9538420199175348
5705278,20.0,30.0,15,643,7,8,46.42857142857143,38.875,0.00718,0.007026299999999999,0.0073227,7,8,43.142857142857146,41.75,0.22673279999999998,0.22585175,0.22761385,0.8571428571428571,0.8571428571428571,0.8571428571428571,0.8705021012487156
5705752,20.0,30.0,15,682,4,5,64.25,84.2,0.0091679,0.0089248,0.0094676,6,7,42.0,60.57142857142857,0.2484495,0.2413715,0.2555275,0.6,0.75,0.5,0.8966829927777713
5706077,20.0,30.0,15,656,6,6,51.666666666666664,56.666666666666664,0.0066956,0.006576199999999999,0.0067207,5,5,42.6,87.6,0.22682405,0.22325817499999998,0.230389925,0.7272727272727272,0.6666666666666666,0.8,0.8240143662100552
5706137,20.0,30.0,15,737,6,7,101.83333333333333,17.142857142857142,0.0173321,0.0172516,0.0174015,9,9,44.22222222222222,36.666666666666664,0.44191084999999997,0.434366975,0.44945472499999994,0.5333333333333333,0.6666666666666666,0.4444444444444444,0.7247442759758032
5715345,20.0,30.0,15,923,3,4,144.33333333333334,121.75,0.0260086,0.0257753,0.0284096,4,5,109.25,96.4,0.34707685,0.339213575,0.354940125,0.8571428571428571,1.0,0.75,0.925861662703768
5771585,20.0,30.0,15,720,5,6,74.0,57.5,0.0105984,0.0105093,0.0107281,6,6,41.0,78.0,0.28649284999999997,0.28053777500000004,0.292447925,0.5454545454545454,0.6,0.5,0.7005316347356639
5771621,20.0,30.0,15,675,5,6,63.6,58.666666666666664,0.0120897,0.012060399999999999,0.0122209,5,6,41.8,76.83333333333333,0.3737918,0.35686085,0.39072275,0.6,0.6,0.6,0.6469654528478058
5772092,20.0,30.0,15,729,8,9,54.75,31.444444444444443,0.0109604,0.0103811,0.0109911,7,8,51.0,45.625,0.38763369999999997,0.3782268,0.39704059999999997,0.7999999999999999,0.75,0.8571428571428571,0.9109960849714948
5772102,20.0,30.0,15,725,5,5,84.2,59.8,0.0148397,0.014700700000000002,0.0148622,5,5,42.8,101.2,0.40787380000000006,0.40500295000000003,0.41074465000000004,0.4000000000000001,0.4,0.4,0.7915966386554621
5772192,20.0,30.0,15,706,6,7,68.16666666666667,41.57142857142857,0.0125101,0.0122013,0.0126369,5,5,43.4,96.8,0.35023955,0.348823325,0.35165577499999995,0.7272727272727272,0.6666666666666666,0.8,0.6358459335706839
5874746,20.0,30.0,15,729,6,6,66.0,54.5,0.011968600000000001,0.0118957,0.0120568,5,6,52.6,76.83333333333333,0.4063366500000001,0.40516902500000007,0.407504275,0.7272727272727272,0.6666666666666666,0.8,0.7340470893585465
5874767,20.0,30.0,15,1278,4,5,281.25,29.8,0.1043749,0.10102760000000001,0.1084837,7,8,111.57142857142857,61.25,0.7668037,0.7616670999999999,0.7719402999999999,0.36363636363636365,0.5,0.2857142857142857,0.7295671960620415
5874769,20.0,30.0,15,649,7,7,54.142857142857146,37.57142857142857,0.0097898,0.009727399999999999,0.0101058,8,7,46.875,38.0,0.39816805,0.395683675,0.4006524249999999,0.6666666666666666,0.7142857142857143,0.625,0.8437190351827834
5874787,20.0,30.0,15,1064,5,4,176.4,44.25,0.0817408,0.08162589999999999,0.0836665,7,7,97.85714285714286,53.142857142857146,0.7264602000000001,0.6870825500000001,0.7658378499999999,0.3333333333333333,0.4,0.2857142857142857,0.8777239709443099
5875173,20.0,30.0,15,712,2,2,328.0,27.0,0.047143,0.046256099999999994,0.0473515,5,5,49.6,91.8,0.47258370000000005,0.4652082,0.47995920000000003,0.28571428571428575,0.5,0.2,0.9111111111111111
5882173,20.0,30.0,15,665,6,7,66.33333333333333,37.285714285714285,0.009707799999999999,0.0093463,0.009801200000000001,7,7,45.0,49.0,0.37185234999999994,0.346548975,0.39715572499999996,0.4615384615384615,0.5,0.42857142857142855,0.8683723683723684
5969330,20.0,30.0,15,721,5,6,56.8,72.0,0.013277200000000001,0.0131736,0.0139376,6,6,42.833333333333336,76.33333333333333,0.48536690000000005,0.48210605,0.4886277499999999,0.5454545454545454,0.6,0.5,0.8594420394420395
5969331,20.0,30.0,15,706,4,4,110.5,65.0,0.024013900000000005,0.021825599999999997,0.0269691,6,7,43.833333333333336,62.42857142857143,0.5680054,0.53559895,0.6004118500000001,0.4,0.5,0.3333333333333333,0.7206896551724138
5969362,20.0,30.0,15,672,6,6,46.5,64.5,0.0105464,0.0100406,0.011041200000000001,5,5,46.0,87.4,0.4713737499999999,0.449493375,0.493254125,0.7272727272727272,0.6666666666666666,0.8,0.9637035066382893
6058407,20.0,30.0,15,696,7,7,53.42857142857143,45.0,0.0171385,0.014452900000000001,0.0177524,5,6,41.8,80.33333333333333,0.25433095,0.250826325,0.25783557500000004,0.8333333333333333,0.7142857142857143,1.0,0.9479047168413167
6062407,20.0,30.0,15,666,6,7,57.666666666666664,44.857142857142854,0.009339799999999999,0.0092596,0.009347600000000001,5,6,48.0,70.16666666666667,0.28643215,0.277509725,0.29535457499999995,0.7272727272727272,0.6666666666666666,0.8,0.9200955108026447
6109129,20.0,30.0,15,721,3,4,80.66666666666667,119.0,0.0088144,0.0088103,0.008837,3,4,47.666666666666664,143.75,0.3084183,0.29622205,0.32061455,0.6666666666666666,0.6666666666666666,0.6666666666666666,0.9364216054013503
6148097,20.0,30.0,15,725,6,6,56.5,63.333333333333336,0.0210202,0.018942,0.024589,8,7,49.0,46.42857142857143,0.37806110000000004,0.36331420000000003,0.392808,0.8571428571428571,1.0,0.75,0.8767577307673196
6148143,20.0,30.0,15,677,4,5,62.0,85.0,0.0121732,0.011650899999999997,0.012238299999999999,1,2,31.0,322.5,0.26498944999999996,0.263838525,0.266140375,0.4,0.25,1.0,0.5081967213114754
6148208,20.0,30.0,15,646,3,3,122.66666666666667,91.66666666666667,0.015274600000000001,0.014818199999999998,0.0155472,5,6,41.6,72.16666666666667,0.31198725,0.304505625,0.319468875,0.25,0.3333333333333333,0.2,0.9285714285714286
6190357,20.0,30.0,15,710,3,3,83.0,152.66666666666666,0.0109896,0.010899,0.0110766,5,5,53.6,87.4,0.2671295,0.25188975,0.28236925,0.7499999999999999,1.0,0.6,0.7858128628477465
6193396,20.0,30.0,15,658,6,6,64.0,44.666666666666664,0.015228599999999998,0.014558100000000001,0.0152449,5,5,50.8,79.8,0.3238698,0.32377845,0.32396115,0.7272727272727272,0.6666666666666666,0.8,0.869127293135501
6193436,20.0,30.0,15,666,3,2,199.33333333333334,32.5,0.0210515,0.020586200000000002,0.021313400000000007,5,5,40.0,92.2,0.34243735000000003,0.340882925,0.34399177499999994,0.25,0.3333333333333333,0.2,1.0
4216956,20.0,60.0,30,910,2,3,205.5,165.66666666666666,0.0474282,0.045023099999999996,0.048356,3,4,111.33333333333333,143.25,0.3497864,0.3396717000000001,0.3599011,0.8,1.0,0.6666666666666666,0.7772594752186589
4272243,20.0,60.0,30,646,0,1,0.0,646.0,0.0042912,0.0042783000000000005,0.0042929,0,1,0.0,646.0,0.06005560000000001,0.0598566,0.060254600000000005,0.0,0.0,0.0,0.0
4344977,20.0,60.0,30,1187,3,4,253.66666666666666,105.75,0.037995,0.0377297,0.0393617,5,5,165.0,71.4,0.5452400500000001,0.5258404250000001,0.564639675,0.7499999999999999,1.0,0.6,0.9001133055246285
4350946,20.0,60.0,30,690,0,1,0.0,690.0,0.010388399999999999,0.0102919,0.010559,4,4,66.5,105.0,0.2140274,0.21148005000000003,0.21657475000000004,0.0,0.0,0.0,0.0
4351935,20.0,60.0,30,775,3,4,100.0,118.0,0.013008100000000002,0.012611699999999998,0.013057,2,3,78.5,205.33333333333334,0.28236094999999994,0.277675825,0.287046075,0.8,0.6666666666666666,1.0,0.8601103537812399
4352377,20.0,60.0,30,716,1,2,169.0,273.0,0.014210799999999999,0.0141549,0.0144674,0,1,0.0,716.0,0.21241260000000003,0.20892515,0.21590005000000004,0.0,0.0,0.0,0.0
4358853,20.0,60.0,30,666,0,1,0.0,666.0,0.007679100000000001,0.007478,0.0076896,1,2,63.0,301.0,0.13516655000000002,0.133185475,0.137147625,0.0,0.0,0.0,0.0
4359232,20.0,60.0,30,681,0,1,0.0,681.0,0.0043895,0.0043513,0.0044038,0,1,0.0,681.0,0.0761716,0.075864,0.0764792,0.0,0.0,0.0,0.0
4370045,20.0,60.0,30,720,1,2,158.0,280.5,0.0118101,0.0112845,0.0120223,2,2,72.5,286.5,0.17027245000000002,0.16849497500000002,0.17204992500000002,0.6666666666666666,1.0,0.5,0.5189873417721519
4389353,20.0,60.0,30,650,1,2,73.0,288.0,0.0055605,0.0055065,0.005849000000000001,1,2,75.0,287.0,0.1782028,0.17513925,0.18126635,1.0,1.0,1.0,0.9733333333333334
4389414,20.0,60.0,30,645,0,1,0.0,645.0,0.0061687,0.0061249,0.006231899999999999,0,1,0.0,645.0,0.1524612,0.15227725,0.15264515,0.0,0.0,0.0,0.0
4392729,20.0,60.0,30,652,0,1,0.0,652.0,0.006058600000000002,0.005996899999999999,0.0061985,2,3,63.5,174.33333333333334,0.13845069999999998,0.1380376,0.13886379999999998,0.0,0.0,0.0,0.0
4393045,20.0,60.0,30,936,2,3,220.5,164.33333333333334,0.0234615,0.0230822,0.0235085,1,2,108.0,413.5,0.41699214999999995,0.40423317500000006,0.42975112499999996,0.6666666666666666,0.5,1.0,0.9722222222222222
4440451,20.0,60.0,30,657,0,1,0.0,657.0,0.0046755,0.004669,0.0048064,0,1,0.0,657.0,0.0946795,0.0922488,0.0971102,0.0,0.0,0.0,0.0
4443744,20.0,60.0,30,710,0,1,0.0,710.0,0.0080745,0.0079965,0.0080895,2,3,63.0,194.0,0.2269237,0.2242475,0.2295999,0.0,0.0,0.0,0.0
4448887,20.0,60.0,30,666,3,4,65.0,117.0,0.0089418,0.008844399999999999,0.0092275,3,4,70.33333333333333,113.0,0.22808105,0.223920875,0.232241225,1.0,1.0,1.0,0.9249274861215161
4469551,20.0,60.0,30,670,1,2,70.0,299.5,0.0076655,0.0075973,0.00807,1,1,65.0,604.0,0.12426075,0.123214925,0.125306575,0.0,0.0,0.0,0.0
4472905,20.0,60.0,30,816,2,3,157.5,166.33333333333334,0.015220899999999999,0.0151929,0.015240799999999999,3,4,134.66666666666666,102.25,0.27859375,0.27588297500000003,0.28130452499999997,0.8,1.0,0.6666666666666666,0.9660113734794562
4473229,20.0,60.0,30,673,1,1,63.0,609.0,0.0086596,0.006620700000000001,0.008904299999999999,2,2,62.5,273.0,0.21457269999999998,0.19936265,0.22978274999999998,0.6666666666666666,1.0,0.5,0.984375
4481970,20.0,60.0,30,642,1,2,98.0,271.5,0.0091631,0.0090248,0.0093435,2,3,80.5,159.66666666666666,0.1350507,0.13283414999999998,0.13726724999999998,0.6666666666666666,1.0,0.5,0.9702970297029703
4482888,20.0,60.0,30,647,0,1,0.0,647.0,0.0029166,0.0029142000000000005,0.0029541,0,1,0.0,647.0,0.022981150000000002,0.022934225,0.023028075000000002,0.0,0.0,0.0,0.0
4487550,20.0,60.0,30,653,1,2,85.0,283.5,0.0074309,0.007405,0.0075225,1,2,90.0,281.0,0.10863659999999999,0.10701074999999999,0.11026245,1.0,1.0,1.0,0.9444444444444444
4487946,20.0,60.0,30,710,1,2,485.0,112.0,0.05462979999999999,0.0467638,0.058688800000000006,1,2,498.0,105.5,0.35448775,0.330094225,0.378881275,1.0,1.0,1.0,0.9738955823293173
4504164,20.0,60.0,30,649,2,3,71.5,168.0,0.0087164,0.007547600000000001,0.0101872,3,4,72.33333333333333,107.25,0.4906554000000001,0.4608782,0.5204326000000001,0.8,1.0,0.6666666666666666,0.9234797297297297
4527487,20.0,60.0,30,671,3,4,137.33333333333334,64.0,0.0556183,0.054358199999999995,0.0599139,2,3,87.0,165.0,0.7053398,0.7043009999999998,0.7063786,0.8,0.6666666666666666,1.0,0.8461040362616016
4544584,20.0,60.0,30,672,0,1,0.0,672.0,0.007826399999999999,0.0075588999999999995,0.0078877,1,2,65.0,303.0,0.17765594999999998,0.171966275,0.183345625,0.0,0.0,0.0,0.0
4547202,20.0,60.0,30,696,1,2,104.0,295.5,0.0107662,0.0107601,0.0112847,3,4,75.66666666666667,116.5,0.26608584999999996,0.264497475,0.267674225,0.5,1.0,0.3333333333333333,0.9519230769230769
4559519,20.0,60.0,30,991,2,3,247.5,164.66666666666666,0.074094,0.07321219999999999,0.07659969999999999,2,3,228.5,177.33333333333334,0.744254,0.65518315,0.8333248499999999,1.0,1.0,1.0,0.9410107592573737
4575701,20.0,60.0,30,700,0,1,0.0,700.0,0.006680200000000001,0.0065691000000000005,0.0067245,0,1,0.0,700.0,0.10820165000000001,0.106610975,0.10979232500000001,0.0,0.0,0.0,0.0
4579744,20.0,60.0,30,678,2,3,72.5,177.0,0.0071316999999999995,0.007076600000000001,0.0073101,4,5,79.25,71.4,0.23994140000000003,0.23874684999999998,0.24113595000000002,0.6666666666666666,1.0,0.5,0.9728795049144521
4605892,20.0,60.0,30,678,2,2,302.5,35.5,0.034719099999999996,0.0339341,0.035013199999999994,5,4,77.2,71.75,0.46556469999999994,0.4628297,0.4682997,0.0,0.0,0.0,0.0
4668185,20.0,60.0,30,641,0,1,0.0,641.0,0.0072158000000000005,0.005730600000000001,0.0075474999999999995,1,2,62.0,289.0,0.21670725000000002,0.21345032500000002,0.21996417499999998,0.0,0.0,0.0,0.0
4705097,20.0,60.0,30,659,1,2,68.0,295.0,0.007564100000000001,0.007378,0.0091594,1,2,75.0,291.5,0.1642803,0.15261955,0.17594105,1.0,1.0,1.0,0.9066666666666666
4724133,20.0,60.0,30,650,1,2,72.0,288.5,0.0051809,0.005174300000000001,0.0053588,1,2,102.0,273.5,0.20208420000000002,0.18996275,0.21420565,1.0,1.0,1.0,0.7058823529411765
4749525,20.0,60.0,30,805,2,3,141.0,173.66666666666666,0.013277299999999999,0.012084600000000001,0.018343599999999998,1,2,141.0,331.5,0.29688764999999995,0.291186575,0.302588725,0.6666666666666666,0.5,1.0,0.9787234042553191
4754626,20.0,60.0,30,1144,2,3,316.5,169.66666666666666,0.0715476,0.06435830000000001,0.0743172,2,3,330.0,160.66666666666666,0.4912459,0.47987070000000004,0.5026210999999999,1.0,1.0,1.0,0.9636176129542027
4754956,20.0,60.0,30,647,1,2,93.0,276.5,0.0066838999999999996,0.006608,0.0068021,1,2,95.0,275.5,0.28419890000000003,0.2676179,0.30077990000000004,1.0,1.0,1.0,0.9789473684210527
4775763,20.0,60.0,30,718,1,2,114.0,301.5,0.0166892,0.0147296,0.0179793,3,4,82.0,117.25,0.3510651,0.34231005000000003,0.35982014999999995,0.5,1.0,0.3333333333333333,0.9661016949152542
4785421,20.0,60.0,30,773,2,3,119.5,177.33333333333334,0.0168566,0.016395299999999998,0.0191823,2,3,125.0,173.66666666666666,0.29174105,0.273784275,0.3096978249999999,1.0,1.0,1.0,0.9432539682539682
4789937,20.0,60.0,30,678,0,1,0.0,678.0,0.008129100000000002,0.0078214,0.008534,1,2,67.0,305.0,0.20128664999999998,0.200732825,0.20184047500000002,0.0,0.0,0.0,0.0
4792515,20.0,60.0,30,705,4,5,99.75,60.4,0.0163821,0.016166299999999998,0.0169506,3,3,66.66666666666667,167.33333333333334,0.41280144999999996,0.38148802499999995,0.444114875,0.28571428571428575,0.25,0.3333333333333333,0.8888888888888888
4811115,20.0,60.0,30,643,1,2,65.0,288.5,0.010834799999999999,0.010747699999999999,0.0115789,2,3,66.5,169.33333333333334,0.16623005000000002,0.16280597500000002,0.16965412500000002,0.6666666666666666,1.0,0.5,0.9558823529411765
4824328,20.0,60.0,30,688,2,3,102.0,160.66666666666666,0.022052,0.0187506,0.0227502,4,5,93.5,62.0,0.31293109999999996,0.29611685,0.32974535,0.6666666666666666,1.0,0.5,0.8342451874366767
4861227,20.0,60.0,30,710,3,3,111.66666666666667,124.0,0.013972100000000001,0.013832400000000002,0.014573800000000001,5,5,77.8,63.2,0.3498789,0.3470007,0.35275710000000005,0.5,0.6666666666666666,0.4,0.9183333333333333
4861687,20.0,60.0,30,746,4,5,75.25,88.2,0.0107999,0.010767299999999999,0.0111145,4,5,71.0,91.6,0.34124455000000004,0.32548612500000007,0.35700297500000006,1.0,1.0,1.0,0.895841197637851
4862222,20.0,60.0,30,670,1,2,72.0,298.5,0.005392699999999999,0.0053403999999999995,0.0056338000000000004,2,3,68.5,177.0,0.14405805,0.14368167499999998,0.14443442499999998,0.6666666666666666,1.0,0.5,0.935064935064935
4862380,20.0,60.0,30,660,1,2,60.0,299.5,0.0070919,0.0070425,0.0078522,0,1,0.0,660.0,0.14308210000000002,0.1372749,0.1488893,0.0,0.0,0.0,0.0
4865550,20.0,60.0,30,642,1,1,72.0,569.0,0.0086073,0.0076391,0.0089503,0,1,0.0,642.0,0.1802393,0.17989080000000002,0.1805878,0.0,0.0,0.0,0.0
4865558,20.0,60.0,30,649,0,1,0.0,649.0,0.0080219,0.0073149,0.0083371,0,1,0.0,649.0,0.1967435,0.1851371,0.2083499,0.0,0.0,0.0,0.0
4912927,20.0,60.0,30,674,0,1,0.0,674.0,0.0042118,0.0040854,0.0042753999999999995,0,1,0.0,674.0,0.05545510000000001,0.054982800000000005,0.055927399999999995,0.0,0.0,0.0,0.0
4915833,20.0,60.0,30,675,2,3,80.0,171.0,0.0099306,0.00973,0.010935700000000003,2,3,83.0,169.0,0.23895025,0.23296992500000002,0.244930575,1.0,1.0,1.0,0.9634253819036427
4940890,20.0,60.0,30,683,1,2,104.0,289.0,0.0103309,0.009619899999999999,0.0111775,1,2,61.0,310.5,0.20235705,0.19575052499999998,0.208963575,0.0,0.0,0.0,0.0
5244934,20.0,60.0,30,656,2,3,121.5,137.0,0.0191857,0.0178442,0.019422599999999998,3,3,79.33333333333333,138.33333333333334,0.37559175000000006,0.374805775,0.376377725,0.4,0.5,0.3333333333333333,0.5428571428571428
5351422,20.0,60.0,30,654,1,2,66.0,293.5,0.0099525,0.0099235,0.010011299999999999,3,4,67.66666666666667,112.0,0.28763455,0.264271325,0.31099777500000003,0.5,1.0,0.3333333333333333,0.9565217391304348
5477477,20.0,60.0,30,678,0,1,0.0,678.0,0.0072916000000000005,0.006389300000000001,0.007294,0,1,0.0,678.0,0.1147003,0.11150255,0.11789805,0.0,0.0,0.0,0.0
5499001,20.0,60.0,30,670,0,1,0.0,670.0,0.0076133,0.0073806,0.007683700000000001,0,1,0.0,670.0,0.10392625,0.09768807499999999,0.11016442500000002,0.0,0.0,0.0,0.0
5503058,20.0,60.0,30,916,1,2,333.0,291.0,0.06959660000000001,0.0684325,0.07403710000000001,1,2,64.0,425.5,0.8985247,0.82517065,0.97187875,0.0,0.0,0.0,0.0
5503168,20.0,60.0,30,695,2,3,99.5,164.66666666666666,0.031221499999999996,0.0281724,0.0364736,2,3,64.5,188.0,0.6771988999999999,0.661564,0.6928337999999999,0.0,0.0,0.0,0.0
5503359,20.0,60.0,30,716,1,2,150.0,282.5,0.0334574,0.029503900000000003,0.0339472,6,6,71.16666666666667,47.166666666666664,0.4571221,0.42720959999999997,0.4870346,0.0,0.0,0.0,0.0
5540718,20.0,60.0,30,663,2,3,66.5,176.0,0.0143477,0.013914499999999998,0.0147509,3,4,71.0,111.75,0.2664594,0.26012945,0.27278935,0.8,1.0,0.6666666666666666,0.9098016781083142
5540722,20.0,60.0,30,691,1,2,75.0,307.5,0.0097104,0.009155799999999999,0.0097483,2,3,76.0,179.0,0.26859465000000005,0.265669525,0.271519775,0.6666666666666666,1.0,0.5,0.9259259259259259
5540733,20.0,60.0,30,641,1,2,74.0,283.0,0.0070111999999999996,0.0068007,0.0070423000000000005,1,2,77.0,281.5,0.19785315,0.19722817499999998,0.198478125,1.0,1.0,1.0,0.961038961038961
5540847,20.0,60.0,30,869,2,3,155.5,185.33333333333334,0.0198499,0.0191314,0.0205312,3,4,77.66666666666667,158.25,0.38364895,0.379944725,0.387353175,0.4,0.5,0.3333333333333333,0.7236842105263158
5547018,20.0,60.0,30,649,0,1,0.0,649.0,0.0077647,0.0070709,0.0079515,1,2,61.0,293.5,0.19099224999999997,0.189685175,0.192299325,0.0,0.0,0.0,0.0
5565253,20.0,60.0,30,670,1,2,160.0,254.5,0.011101500000000002,0.011030100000000001,0.011142899999999999,2,2,78.0,256.0,0.22960255,0.223040225,0.23616487499999997,0.0,0.0,0.0,0.0
5615881,20.0,60.0,30,1051,4,5,153.25,86.8,0.0253953,0.0253892,0.0256374,3,3,69.0,280.3333333333333,0.6891697500000001,0.669536625,0.7088028750000002,0.5714285714285715,0.5,0.6666666666666666,0.9362173038229376
5615968,20.0,60.0,30,642,1,2,63.0,289.0,0.0081945,0.0081209,0.0085274,2,3,62.5,171.66666666666666,0.22017994999999999,0.218610675,0.22174922499999997,0.6666666666666666,1.0,0.5,0.9692307692307692
5615986,20.0,60.0,30,685,2,3,126.5,143.33333333333334,0.015474799999999999,0.013553299999999999,0.017803700000000002,3,4,71.0,117.25,0.33161375,0.330707475,0.33252002499999994,0.4,0.5,0.3333333333333333,0.9117647058823529
5615988,20.0,60.0,30,671,2,3,69.0,177.0,0.0154249,0.0134718,0.0167502,3,4,65.0,118.25,0.26799485000000006,0.26210367500000004,0.27388602500000003,0.0,0.0,0.0,0.0
5616015,20.0,60.0,30,657,0,1,0.0,657.0,0.0046997,0.0044545,0.0049512,0,1,0.0,657.0,0.038105150000000004,0.037100375,0.039109925,0.0,0.0,0.0,0.0
5633515,20.0,60.0,30,663,1,2,82.0,290.0,0.0111133,0.0108772,0.0113513,1,2,114.0,274.0,0.5020736499999999,0.433686675,0.5704606249999998,1.0,1.0,1.0,0.7192982456140351
5692189,20.0,60.0,30,1527,2,3,506.5,170.66666666666666,0.290768,0.2854997,0.3077005,2,3,509.5,168.66666666666666,1.0986311500000001,1.072321925,1.124940375,1.0,1.0,1.0,0.9848724335025705
5705278,20.0,60.0,30,643,0,1,0.0,643.0,0.0160303,0.0150402,0.0182897,1,2,64.0,289.0,0.41439525,0.35377377499999996,0.47501672500000003,0.0,0.0,0.0,0.0
5705752,20.0,60.0,30,682,1,2,132.0,274.5,0.0258591,0.024259899999999997,0.026228400000000002,1,2,75.0,303.0,0.29091545,0.285646975,0.296183925,1.0,1.0,1.0,0.5681818181818182
5706077,20.0,60.0,30,656,1,2,68.0,293.5,0.0097138,0.009095,0.012875200000000002,3,3,65.0,152.66666666666666,0.21086169999999999,0.21015775,0.21156564999999997,0.5,1.0,0.3333333333333333,0.9577464788732394
5706137,20.0,60.0,30,737,3,4,124.66666666666667,90.0,0.017141200000000002,0.0171401,0.019007,5,6,87.8,48.833333333333336,0.4935817,0.47154785,0.51561555,0.7499999999999999,1.0,0.6,0.7802399736339997
5715345,20.0,60.0,30,923,1,2,363.0,279.5,0.0302466,0.0301136,0.0303225,1,2,366.0,278.0,0.44598094999999993,0.43171882500000003,0.460243075,1.0,1.0,1.0,0.9918032786885246
5771585,20.0,60.0,30,720,4,5,76.75,81.8,0.0317191,0.0235705,0.0327961,5,6,76.6,55.333333333333336,0.34429760000000004,0.34275215000000003,0.34584305,0.888888888888889,1.0,0.8,0.9510672787397323
5771621,20.0,60.0,30,675,2,3,69.5,178.0,0.0150143,0.0135905,0.0151651,2,3,92.0,163.0,0.4910418,0.47989505,0.5021885500000001,0.5,0.5,0.5,0.7835051546391752
5772092,20.0,60.0,30,729,2,3,80.0,189.0,0.023679200000000004,0.023433,0.0244339,4,5,74.0,85.8,0.40415985000000004,0.37676532499999993,0.43155437500000005,0.6666666666666666,1.0,0.5,0.9271929824561403
5772102,20.0,60.0,30,725,4,5,92.5,70.2,0.0159555,0.015878,0.017807299999999998,4,4,75.0,105.25,0.33931675,0.338950875,0.339682625,0.75,0.75,0.75,0.7460094182600576
5772192,20.0,60.0,30,706,1,2,70.0,317.5,0.013244399999999998,0.013105900000000002,0.013744600000000001,4,5,72.75,82.2,0.3457513,0.33664569999999994,0.35485690000000003,0.0,0.0,0.0,0.0
5874746,20.0,60.0,30,729,2,2,98.0,265.5,0.0115872,0.011257399999999999,0.0119031,2,3,100.5,175.33333333333334,0.2717673,0.2666242,0.2769104,0.5,0.5,0.5,0.9236641221374046
5874767,20.0,60.0,30,1278,4,5,233.0,68.4,0.0851842,0.08121210000000001,0.0898477,4,5,72.25,197.0,0.7436813000000001,0.73590515,0.75145745,0.5,0.5,0.5,0.8050682261208577
5874769,20.0,60.0,30,649,1,2,69.0,289.5,0.0097805,0.0096993,0.0107488,1,2,66.0,291.0,0.2855573,0.27597705,0.29513754999999997,0.0,0.0,0.0,0.0
5874787,20.0,60.0,30,1064,3,3,235.33333333333334,118.33333333333333,0.1378944,0.1163727,0.1623994,4,4,183.75,81.25,0.761426,0.70549365,0.8173583499999999,0.8571428571428571,1.0,0.75,0.8460819408944832
5875173,20.0,60.0,30,712,3,3,170.33333333333334,66.0,0.0457015,0.039420800000000006,0.047830199999999996,2,2,96.5,258.5,0.48081599999999997,0.46867805,0.49295395000000003,0.8,0.6666666666666666,1.0,0.9424540266328472
5882173,20.0,60.0,30,665,2,3,78.0,169.0,0.0097411,0.0093632,0.0104205,3,4,75.66666666666667,108.75,0.275563,0.27037589999999995,0.28075010000000006,0.8,1.0,0.6666666666666666,0.950595238095238
5969330,20.0,60.0,30,721,1,2,64.0,328.0,0.0098671,0.0096335,0.009950299999999999,2,2,66.0,293.5,0.33999595,0.33923147499999995,0.34076042500000003,0.0,0.0,0.0,0.0
5969331,20.0,60.0,30,706,3,3,76.33333333333333,158.0,0.0162316,0.0141959,0.0174132,5,5,78.0,62.2,0.5110025499999999,0.43207787499999994,0.5899272249999999,0.7499999999999999,1.0,0.6,0.8412055780476834
5969362,20.0,60.0,30,672,1,2,67.0,302.0,0.0170014,0.0160442,0.0173006,1,2,69.0,301.0,0.4622865500000001,0.37539617499999994,0.5491769249999999,1.0,1.0,1.0,0.9710144927536232
6058407,20.0,60.0,30,696,2,2,85.5,261.5,0.021893799999999998,0.0199034,0.0259383,1,1,92.0,603.0,0.449206,0.41441435,0.48399765,0.6666666666666666,0.5,1.0,0.967391304347826
6062407,20.0,60.0,30,666,2,3,78.5,169.0,0.0095929,0.0094828,0.009873700000000001,3,4,78.0,107.25,0.2610359,0.25610685,0.26596495,0.8,1.0,0.6666666666666666,0.9379411764705883
6109129,20.0,60.0,30,721,1,2,144.0,288.0,0.0107169,0.009974700000000001,0.012189700000000001,2,3,66.5,195.33333333333334,0.2506219,0.24697535,0.25426845000000003,0.6666666666666666,1.0,0.5,0.5
6148097,20.0,60.0,30,725,1,2,165.0,279.5,0.014863299999999998,0.014193399999999998,0.017401,1,2,169.0,277.5,0.8183263500000001,0.7954099750000001,0.841242725,1.0,1.0,1.0,0.9763313609467456
6148143,20.0,60.0,30,677,1,2,75.0,300.5,0.025065900000000002,0.0215758,0.0267753,3,4,68.33333333333333,117.25,0.2805649,0.2580516,0.3030782,0.5,1.0,0.3333333333333333,0.974025974025974
6148208,20.0,60.0,30,646,2,2,139.5,182.5,0.044862,0.0422216,0.04914399999999999,2,3,72.0,166.66666666666666,0.42363884999999996,0.384499325,0.4627783750000001,0.5,0.5,0.5,0.8765432098765432
6190357,20.0,60.0,30,710,1,1,176.0,533.0,0.0180636,0.015251899999999999,0.018092599999999997,0,1,0.0,710.0,0.2601625,0.25767885,0.26264614999999997,0.0,0.0,0.0,0.0
6193396,20.0,60.0,30,658,3,4,70.33333333333333,111.0,0.0179165,0.0155959,0.019391400000000003,3,4,68.0,112.75,0.5513602499999999,0.541801675,0.5609188249999999,0.6666666666666666,0.6666666666666666,0.6666666666666666,0.909330985915493
6193436,20.0,60.0,30,666,2,2,212.0,120.0,0.053976699999999996,0.0521084,0.0612915,4,2,73.25,184.5,0.4604155,0.43838465,0.48244635,0.3333333333333333,0.5,0.25,0.9342105263157895
4216956,30.0,10.0,5,910,9,9,75.88888888888889,24.22222222222222,0.044909199999999996,0.042723,0.045565,11,12,35.0,42.833333333333336,0.80805865,0.806507575,0.809609725,0.3,0.3333333333333333,0.2727272727272727,0.6899548858636191
4272243,30.0,10.0,5,646,6,6,25.666666666666668,81.0,0.0043768999999999995,0.0043145,0.0046186000000000005,8,8,17.875,61.875,0.35446525,0.35413582499999996,0.354794675,0.42857142857142855,0.5,0.375,0.7542558086036347
4344977,30.0,10.0,5,1187,8,7,122.125,28.857142857142858,0.07546169999999999,0.0732233,0.0785907,17,16,43.76470588235294,26.625,1.0486699,1.0072537000000001,1.0900861,0.4,0.625,0.29411764705882354,0.7673156428676147
4350946,30.0,10.0,5,690,10,9,57.9,11.222222222222221,0.0159923,0.013468400000000002,0.016456400000000003,12,13,15.833333333333334,37.53846153846154,0.61597775,0.5416520749999999,0.690303425,0.1818181818181818,0.2,0.16666666666666666,0.7196796338672768
4351935,30.0,10.0,5,775,9,8,69.88888888888889,17.125,0.0150536,0.014943200000000002,0.015134799999999999,14,15,22.142857142857142,30.066666666666666,0.57318055,0.548488025,0.597873075,0.2608695652173913,0.3333333333333333,0.21428571428571427,0.7912837649679755
4352377,30.0,10.0,5,716,10,9,45.4,28.0,0.0153493,0.0131626,0.0158762,12,11,26.666666666666668,34.90909090909091,0.4820157500000001,0.478907225,0.48512427500000005,0.5454545454545454,0.6,0.5,0.7920879429212763
4358853,30.0,10.0,5,666,8,8,54.875,27.375,0.010532799999999998,0.0101175,0.0115523,11,12,14.181818181818182,41.583333333333336,0.45465855,0.452350025,0.45696707499999994,0.10526315789473685,0.125,0.09090909090909091,0.7368421052631579
4359232,30.0,10.0,5,681,4,4,44.25,125.0,0.0050283,0.004954,0.0051807,8,9,16.375,60.22222222222222,0.2448451,0.24351484999999998,0.24617535000000001,0.0,0.0,0.0,0.0
4370045,30.0,10.0,5,720,6,7,58.666666666666664,51.714285714285715,0.0126201,0.0120299,0.012683,10,11,19.9,46.45454545454545,0.4961900000000001,0.47631604999999994,0.51606395,0.125,0.16666666666666666,0.1,0.9615384615384616
4389353,30.0,10.0,5,650,8,8,38.25,42.0,0.0065355,0.006154199999999999,0.0071573,9,9,22.555555555555557,48.666666666666664,0.3701524,0.3525674999999999,0.3877373,0.47058823529411764,0.5,0.4444444444444444,0.8037309667950836
4389414,30.0,10.0,5,645,6,6,50.166666666666664,56.333333333333336,0.014046,0.013354399999999999,0.014552299999999999,8,9,14.375,58.0,0.38120799999999994,0.378406,0.38401,0.28571428571428575,0.3333333333333333,0.25,0.8875
4392729,30.0,10.0,5,652,10,10,34.9,29.3,0.0070645,0.0069107000000000005,0.007378,14,14,18.857142857142858,26.714285714285715,0.43568525,0.432383525,0.43898697500000006,0.3333333333333333,0.4,0.2857142857142857,0.7436079545454545
4393045,30.0,10.0,5,936,10,9,67.8,27.555555555555557,0.0267548,0.025891599999999997,0.0273329,12,13,37.25,36.69230769230769,0.54909075,0.544003225,0.554178275,0.45454545454545453,0.5,0.4166666666666667,0.8270835176175734
4440451,30.0,10.0,5,657,3,4,54.333333333333336,122.75,0.0047928,0.0047685,0.0049012,9,8,15.777777777777779,63.25,0.20913035,0.20469142499999998,0.213569275,0.0,0.0,0.0,0.0
4443744,30.0,10.0,5,710,7,8,53.714285714285715,40.875,0.0077843999999999995,0.0077616000000000004,0.0079627,12,13,15.833333333333334,39.07692307692308,0.3507666,0.34416985,0.35736335,0.10526315789473685,0.14285714285714285,0.08333333333333333,0.5
4448887,30.0,10.0,5,666,8,7,55.625,30.428571428571427,0.0088944,0.008475700000000001,0.0089243,11,11,16.09090909090909,43.45454545454545,0.3644332,0.36299955000000006,0.3658668499999999,0.10526315789473685,0.125,0.09090909090909091,0.8461538461538461
4469551,30.0,10.0,5,670,8,8,42.0,40.75,0.0076177,0.0075323000000000005,0.00888,12,10,16.583333333333332,45.9,0.35495725,0.354494975,0.35541952499999996,0.3,0.375,0.25,0.771754582865694
4472905,30.0,10.0,5,816,10,9,57.4,25.77777777777778,0.0166891,0.016155799999999998,0.017639400000000003,12,13,32.583333333333336,31.76923076923077,0.444404,0.44199825,0.44680975,0.5454545454545454,0.6,0.5,0.7840579240095592
4473229,30.0,10.0,5,673,7,7,44.57142857142857,50.57142857142857,0.0068306999999999994,0.0061649,0.0069218000000000005,6,7,21.0,77.28571428571429,0.33773854999999997,0.337077925,0.338399175,0.30769230769230765,0.2857142857142857,0.3333333333333333,0.8968253968253967
4481970,30.0,10.0,5,642,11,11,35.0,22.363636363636363,0.008110899999999999,0.008055699999999999,0.0082016,9,9,16.88888888888889,53.44444444444444,0.35752655000000005,0.35584387500000003,0.35920922499999997,0.39999999999999997,0.36363636363636365,0.4444444444444444,0.7739687848383501
4482888,30.0,10.0,5,647,1,1,45.0,601.0,0.0033304000000000003,0.0033003,0.0037315,2,3,12.5,206.66666666666666,0.0436899,0.04353579999999999,0.043844,0.0,0.0,0.0,0.0
4487550,30.0,10.0,5,653,11,11,33.81818181818182,24.545454545454547,0.0072184,0.0071547,0.0074085,12,11,20.583333333333332,35.81818181818182,0.36338794999999996,0.35892622500000004,0.367849675,0.6956521739130435,0.7272727272727273,0.6666666666666666,0.7312408448059171
4487946,30.0,10.0,5,710,2,3,266.0,58.666666666666664,0.0388873,0.038361599999999996,0.0390052,5,6,96.6,37.0,0.48101875,0.457209375,0.504828125,0.5714285714285715,1.0,0.4,0.8839285714285714
4504164,30.0,10.0,5,649,7,7,67.28571428571429,24.428571428571427,0.0112131,0.0103026,0.0113896,10,10,15.3,48.6,0.32490095,0.32240267499999997,0.32739922499999996,0.11764705882352941,0.14285714285714285,0.1,0.9583333333333334
4527487,30.0,10.0,5,671,1,1,649.0,21.0,0.0405283,0.0399913,0.041666,10,11,12.6,48.63636363636363,0.4017775,0.38981025,0.41374475,0.0,0.0,0.0,0.0
4544584,30.0,10.0,5,672,9,9,44.666666666666664,29.0,0.0081186,0.0080422,0.0084458,12,13,18.583333333333332,33.61538461538461,0.338663,0.3385004,0.33882560000000006,0.28571428571428575,0.3333333333333333,0.25,0.6027370478983382
4547202,30.0,10.0,5,696,9,8,64.33333333333333,13.5,0.0135595,0.0134062,0.014078100000000001,14,13,18.928571428571427,32.07692307692308,0.3856863,0.38535655,0.38601605,0.08695652173913043,0.1111111111111111,0.07142857142857142,0.8846153846153846
4559519,30.0,10.0,5,991,9,8,89.44444444444444,22.125,0.053792900000000005,0.0537334,0.054291900000000004,12,11,44.583333333333336,40.36363636363637,0.5546589500000001,0.553105425,0.5562124749999999,0.380952380952381,0.4444444444444444,0.3333333333333333,0.8174761793450432
4575701,30.0,10.0,5,700,7,8,40.285714285714285,51.375,0.0063333999999999994,0.0062074999999999995,0.006406200000000001,5,6,16.0,102.5,0.29155639999999994,0.28943699999999994,0.29367580000000004,0.16666666666666666,0.14285714285714285,0.2,0.5625
4579744,30.0,10.0,5,678,9,10,53.55555555555556,18.7,0.0098543,0.009198,0.009857399999999999,10,10,13.3,53.5,0.38719359999999997,0.3742955,0.40009169999999994,0.10526315789473685,0.1111111111111111,0.1,0.8666666666666667
4605892,30.0,10.0,5,678,1,0,677.0,0.0,0.04925979999999999,0.049143,0.049316000000000006,13,11,13.692307692307692,44.27272727272727,0.406954,0.40582350000000006,0.4080845,0.0,0.0,0.0,0.0
4668185,30.0,10.0,5,641,9,9,41.55555555555556,28.666666666666668,0.006808,0.0066506000000000004,0.0069857999999999995,12,12,15.25,37.166666666666664,0.3758143,0.36926065,0.38236794999999996,0.09523809523809525,0.1111111111111111,0.08333333333333333,0.8125
4705097,30.0,10.0,5,659,10,10,35.9,29.0,0.0110709,0.010923700000000003,0.0116117,9,10,17.11111111111111,49.6,0.42758029999999997,0.42043144999999993,0.43472914999999995,0.5263157894736842,0.5,0.5555555555555556,0.7711508394811479
4724133,30.0,10.0,5,650,5,5,53.6,75.4,0.0109677,0.0095499,0.0109939,6,6,15.666666666666666,91.66666666666667,0.23560925,0.23299072500000004,0.23822777499999997,0.1818181818181818,0.2,0.16666666666666666,0.8461538461538461
4749525,30.0,10.0,5,805,8,9,53.25,41.22222222222222,0.019059200000000002,0.016587599999999997,0.0192068,12,13,31.083333333333332,32.30769230769231,0.5406333999999999,0.5259615,0.5553052999999999,0.6,0.75,0.5,0.7048185046287879
4754626,30.0,10.0,5,1144,7,7,130.57142857142858,31.857142857142858,0.0716805,0.0645352,0.0733132,15,13,50.266666666666666,28.846153846153847,0.6563949499999999,0.6538212749999999,0.658968625,0.27272727272727276,0.42857142857142855,0.2,0.8369016249451032
4754956,30.0,10.0,5,647,10,10,37.5,26.2,0.007034100000000001,0.0067596999999999996,0.0070998,10,10,20.3,43.4,0.37158060000000004,0.36480994999999994,0.37835125,0.5,0.5,0.5,0.7244444444444444
4775763,30.0,10.0,5,718,10,10,51.7,19.1,0.011517499999999998,0.011333,0.0115736,12,13,19.25,36.53846153846154,0.39101684999999997,0.390925425,0.391108275,0.1818181818181818,0.2,0.16666666666666666,0.7634019124891336
4785421,30.0,10.0,5,773,12,10,48.0,18.5,0.014352100000000003,0.014340299999999997,0.014428799999999997,14,14,23.5,30.714285714285715,0.42376135,0.42313107499999997,0.424391625,0.30769230769230765,0.3333333333333333,0.2857142857142857,0.8088467239282456
4789937,30.0,10.0,5,678,11,10,43.0,19.4,0.011630799999999997,0.010399299999999998,0.013832800000000001,9,9,14.666666666666666,59.666666666666664,0.39651110000000006,0.39647365,0.39654855,0.09999999999999999,0.09090909090909091,0.1111111111111111,0.7894736842105263
4792515,30.0,10.0,5,705,2,2,334.0,17.5,0.024384099999999995,0.0239897,0.0246381,11,11,13.454545454545455,49.63636363636363,0.4160812,0.41243979999999997,0.4197226,0.0,0.0,0.0,0.0
4811115,30.0,10.0,5,643,8,7,46.5,37.57142857142857,0.0080725,0.007724600000000001,0.0080867,12,12,16.666666666666668,35.916666666666664,0.3693801,0.3647934,0.37396680000000004,0.2,0.25,0.16666666666666666,0.6909090909090909
4824328,30.0,10.0,5,688,6,6,91.5,22.166666666666668,0.0204897,0.019833299999999998,0.0206998,17,18,14.882352941176471,23.22222222222222,0.44914269999999995,0.43416289999999996,0.4641225,0.3478260869565218,0.6666666666666666,0.23529411764705882,0.8270833333333334
4861227,30.0,10.0,5,710,5,5,125.2,15.8,0.022917600000000003,0.0209517,0.0230148,12,13,16.083333333333332,38.84615384615385,0.48235735,0.463851675,0.500863025,0.0,0.0,0.0,0.0
4861687,30.0,10.0,5,746,10,8,56.2,21.75,0.015255,0.0122609,0.0173594,14,14,17.214285714285715,35.07142857142857,0.46303675,0.44974737500000006,0.47632612499999993,0.25,0.3,0.21428571428571427,0.7577956989247312
4862222,30.0,10.0,5,670,4,4,53.75,112.75,0.006763,0.0066361000000000015,0.0068403000000000005,4,5,15.5,120.8,0.2299911,0.22545195,0.23453025,0.0,0.0,0.0,0.0
4862380,30.0,10.0,5,660,12,12,30.0,24.0,0.0089362,0.0089278,0.0089888,10,10,19.6,45.4,0.48781684999999997,0.472939375,0.502694325,0.6363636363636365,0.5833333333333334,0.7,0.7583717736260244
4865550,30.0,10.0,5,642,9,9,38.888888888888886,31.444444444444443,0.0090274,0.008705200000000001,0.0105267,9,10,16.555555555555557,48.4,0.44641070000000005,0.44632155,0.44649985000000003,0.2222222222222222,0.2222222222222222,0.2222222222222222,0.8712121212121212
4865558,30.0,10.0,5,649,8,9,37.75,37.666666666666664,0.0078319,0.0077136999999999996,0.008302200000000001,13,13,15.692307692307692,33.23076923076923,0.43594995,0.43484402499999997,0.437055875,0.1904761904761905,0.25,0.15384615384615385,0.6538461538461537
4912927,30.0,10.0,5,674,3,2,26.333333333333332,296.0,0.0064521000000000005,0.0061502,0.006543300000000001,4,4,14.5,153.0,0.14430365,0.14260342499999998,0.146003875,0.28571428571428575,0.3333333333333333,0.25,0.55
4915833,30.0,10.0,5,675,10,9,38.9,30.666666666666668,0.0094898,0.009390299999999999,0.011498,8,8,22.125,61.25,0.38075970000000003,0.37621455000000004,0.38530485,0.22222222222222224,0.2,0.25,0.7827956989247312
4940890,30.0,10.0,5,683,8,8,44.875,39.5,0.0109697,0.0104451,0.011348,12,13,19.25,33.84615384615385,0.4434679999999999,0.4339153,0.45302069999999994,0.3,0.375,0.25,0.6445138269402318
5244934,30.0,10.0,5,656,5,5,109.4,20.8,0.0169221,0.0167407,0.0177908,10,11,16.6,43.63636363636363,0.44310125,0.42983222499999996,0.45637027500000005,0.13333333333333333,0.2,0.1,0.8421052631578947
5351422,30.0,10.0,5,654,8,7,56.0,28.285714285714285,0.009115799999999999,0.0089859,0.0095157,13,14,15.23076923076923,31.642857142857142,0.41685749999999994,0.41115595,0.42255904999999994,0.09523809523809525,0.125,0.07692307692307693,0.5483870967741935
5477477,30.0,10.0,5,678,3,3,44.0,181.0,0.0045032,0.0044381,0.0046855,4,5,14.25,123.4,0.16797689999999998,0.16006080000000003,0.17589300000000002,0.0,0.0,0.0,0.0
5499001,30.0,10.0,5,670,6,6,31.666666666666668,79.0,0.0050772,0.0048734,0.0051048000000000005,2,3,19.5,209.66666666666666,0.2347197,0.23387315000000003,0.23556625,0.25,0.16666666666666666,0.5,0.8275862068965517
5503058,30.0,10.0,5,916,7,6,99.57142857142857,35.333333333333336,0.025284599999999997,0.0243736,0.027147900000000003,10,11,15.2,68.54545454545455,0.59509775,0.592510925,0.5976845749999999,0.0,0.0,0.0,0.0
5503168,30.0,10.0,5,695,4,4,147.5,25.25,0.0199616,0.018716200000000002,0.0203998,14,13,14.285714285714286,37.0,0.4549748,0.45025219999999994,0.45969740000000003,0.0,0.0,0.0,0.0
5503359,30.0,10.0,5,716,7,4,87.28571428571429,24.5,0.0165626,0.015982700000000002,0.0170797,12,12,16.083333333333332,42.583333333333336,0.4980113,0.49492965,0.5010929499999999,0.0,0.0,0.0,0.0
5540718,30.0,10.0,5,663,8,7,66.75,17.285714285714285,0.011199299999999999,0.0111064,0.0123816,13,12,14.538461538461538,38.416666666666664,0.45638025,0.443533725,0.46922677500000004,0.1904761904761905,0.25,0.15384615384615385,0.738562091503268
5540722,30.0,10.0,5,691,6,6,74.33333333333333,39.833333333333336,0.015762,0.0152959,0.0159311,12,10,21.416666666666668,42.2,0.44444965,0.442029925,0.446869375,0.1111111111111111,0.16666666666666666,0.08333333333333333,0.8636363636363636
5540733,30.0,10.0,5,641,10,10,39.7,23.4,0.0080124,0.0079156,0.008775799999999999,10,10,20.4,42.7,0.6291522999999999,0.61697435,0.64133025,0.4000000000000001,0.4,0.4,0.6925930191090374
5540847,30.0,10.0,5,869,8,7,79.625,32.0,0.0248389,0.0232986,0.0264298,12,11,20.5,55.54545454545455,0.5974106500000002,0.5945380750000001,0.6002832250000001,0.3,0.375,0.25,0.8659247482776894
5547018,30.0,10.0,5,649,5,6,57.6,59.333333333333336,0.007348,0.0068637,0.007951399999999999,13,14,12.538461538461538,33.785714285714285,0.37317675,0.37208922499999997,0.374264275,0.0,0.0,0.0,0.0
5565253,30.0,10.0,5,670,7,7,68.57142857142857,26.142857142857142,0.0163764,0.0162011,0.0167565,12,13,15.75,36.07692307692308,0.49336779999999997,0.45130475000000003,0.53543085,0.2105263157894737,0.2857142857142857,0.16666666666666666,0.8399014778325123
5615881,30.0,10.0,5,1051,8,7,104.625,29.428571428571427,0.029898,0.0293176,0.031172599999999998,10,11,34.8,63.0,0.64594305,0.6299350749999999,0.6619510249999999,0.0,0.0,0.0,0.0
5615968,30.0,10.0,5,642,7,7,49.142857142857146,41.57142857142857,0.0075304,0.0072115,0.0079185,11,11,16.90909090909091,40.45454545454545,0.3888108,0.388576,0.38904560000000005,0.2222222222222222,0.2857142857142857,0.18181818181818182,0.8365800865800865
5615986,30.0,10.0,5,685,6,5,79.0,41.0,0.019117099999999998,0.019008900000000002,0.0200595,13,13,17.076923076923077,34.61538461538461,0.4274706,0.42179694999999995,0.43314425000000006,0.0,0.0,0.0,0.0
5615988,30.0,10.0,5,671,9,10,52.44444444444444,19.0,0.012264,0.011687,0.0124794,14,13,16.142857142857142,33.15384615384615,0.47489834999999997,0.474531125,0.47526557499999994,0.2608695652173913,0.3333333333333333,0.21428571428571427,0.6997804527216291
5616015,30.0,10.0,5,657,4,4,33.25,130.0,0.0051211,0.004963100000000001,0.0055328999999999995,10,10,13.2,51.5,0.3520879,0.34608169999999994,0.3580941,0.0,0.0,0.0,0.0
5633515,30.0,10.0,5,663,4,3,137.25,36.666666666666664,0.013537600000000002,0.013188499999999999,0.0142829,13,14,16.846153846153847,30.785714285714285,0.45856070000000004,0.45029005,0.46683135000000003,0.0,0.0,0.0,0.0
5692189,30.0,10.0,5,1527,7,8,172.28571428571428,39.25,0.176078,0.17524220000000001,0.1826865,8,8,128.375,61.5,1.14109095,1.120237125,1.1619447749999998,0.26666666666666666,0.2857142857142857,0.25,0.8110731913468516
5705278,30.0,10.0,5,643,8,9,48.375,27.555555555555557,0.010559200000000001,0.0103885,0.0105951,9,9,17.11111111111111,53.333333333333336,0.66186385,0.657980025,0.665747675,0.11764705882352941,0.125,0.1111111111111111,0.8490566037735849
5705752,30.0,10.0,5,682,8,9,53.875,27.0,0.0177788,0.014228,0.018593,12,12,19.25,36.583333333333336,0.5083480499999999,0.5069028250000001,0.5097932749999999,0.2,0.25,0.16666666666666666,0.6497128794093519
5706077,30.0,10.0,5,656,6,6,61.333333333333336,47.0,0.0080818,0.007974799999999999,0.0084475,11,12,20.636363636363637,34.833333333333336,0.43392845,0.42381902499999996,0.444037875,0.11764705882352942,0.16666666666666666,0.09090909090909091,0.5308641975308642
5706137,30.0,10.0,5,737,3,2,238.66666666666666,9.0,0.029624900000000003,0.028366099999999998,0.029828800000000003,16,16,17.4375,27.625,0.57891765,0.576067425,0.581767875,0.10526315789473684,0.3333333333333333,0.0625,0.9
5715345,30.0,10.0,5,923,7,7,77.0,53.857142857142854,0.026269599999999997,0.0255733,0.0263822,8,9,55.25,52.55555555555556,0.76046515,0.709883275,0.811047025,0.26666666666666666,0.2857142857142857,0.25,0.8815622161671208
5771585,30.0,10.0,5,720,9,10,54.333333333333336,22.2,0.012284899999999998,0.011967,0.012839799999999998,12,13,20.25,35.76923076923077,0.50936625,0.5065982250000001,0.512134275,0.1904761904761905,0.2222222222222222,0.16666666666666666,0.7147826086956521
5771621,30.0,10.0,5,675,7,7,81.42857142857143,14.0,0.016841,0.0166934,0.0168752,13,13,15.846153846153847,35.07692307692308,0.4400671000000001,0.42856265000000004,0.45157155,0.0,0.0,0.0,0.0
5772092,30.0,10.0,5,729,6,4,104.16666666666667,24.5,0.015154,0.0148582,0.01544,17,15,15.352941176470589,30.066666666666666,0.71191165,0.697611425,0.726211875,0.1739130434782609,0.3333333333333333,0.11764705882352941,0.7446753246753246
5772102,30.0,10.0,5,725,7,6,86.42857142857143,18.833333333333332,0.021873200000000002,0.021643700000000002,0.0219227,9,8,21.88888888888889,64.875,0.531985,0.5020431499999999,0.56192685,0.375,0.42857142857142855,0.3333333333333333,0.60685988323603
5772192,30.0,10.0,5,706,5,4,125.4,18.5,0.026818599999999995,0.0233884,0.028398200000000005,14,13,12.571428571428571,39.69230769230769,0.76464845,0.742458125,0.786838775,0.10526315789473682,0.2,0.07142857142857142,1.0
5874746,30.0,10.0,5,729,7,5,77.57142857142857,35.8,0.0264155,0.026396299999999998,0.0274032,14,14,20.714285714285715,30.357142857142858,0.7012071499999999,0.662507875,0.7399064249999999,0.09523809523809523,0.14285714285714285,0.07142857142857142,0.6623376623376623
5874767,30.0,10.0,5,1278,4,3,307.25,15.0,0.2081816,0.1512056,0.2086383,12,10,59.333333333333336,55.4,1.8077871,1.6749337,1.9406405,0.125,0.25,0.08333333333333333,0.5741573033707865
5874769,30.0,10.0,5,649,8,6,74.5,7.5,0.0185897,0.016487,0.021053099999999995,14,14,14.285714285714286,31.071428571428573,0.40614805,0.401590525,0.41070557499999993,0.18181818181818182,0.25,0.14285714285714285,0.8625541125541125
5874787,30.0,10.0,5,1064,3,1,351.0,8.0,0.1012829,0.097182,0.1015874,13,13,45.38461538461539,35.46153846153846,0.7846114,0.7574429999999999,0.8117798,0.0,0.0,0.0,0.0
5875173,30.0,10.0,5,712,2,1,350.0,10.0,0.070122,0.0697725,0.0703366,11,11,13.545454545454545,50.18181818181818,0.5988196499999999,0.5705171249999998,0.627122175,0.15384615384615385,0.5,0.09090909090909091,0.9523809523809523
5882173,30.0,10.0,5,665,6,6,82.0,27.833333333333332,0.0286976,0.022670799999999998,0.029715599999999998,13,12,14.384615384615385,38.75,0.9071420499999999,0.8225171249999998,0.9917669749999999,0.0,0.0,0.0,0.0
5969330,30.0,10.0,5,721,7,8,67.28571428571429,30.375,0.0187541,0.0185832,0.0205331,13,12,17.0,40.583333333333336,0.54483995,0.48347417500000006,0.606205725,0.1,0.14285714285714285,0.07692307692307693,0.6363636363636364
5969331,30.0,10.0,5,706,4,5,141.25,27.4,0.0212887,0.0206128,0.0227378,18,16,16.77777777777778,24.125,1.2018026000000002,1.1403093999999998,1.2632958,0.1818181818181818,0.5,0.1111111111111111,0.8297101449275363
5969362,30.0,10.0,5,672,8,8,60.375,22.625,0.0167145,0.0159479,0.016778400000000002,10,9,16.7,55.0,0.64270315,0.5806648249999999,0.7047414750000001,0.22222222222222224,0.25,0.2,0.8463949843260188
6058407,30.0,10.0,5,696,8,8,51.875,34.125,0.0132452,0.012619700000000001,0.013312000000000003,13,11,19.76923076923077,38.72727272727273,0.981674,0.93823475,1.02511325,0.1904761904761905,0.25,0.15384615384615385,0.7571428571428571
6062407,30.0,10.0,5,666,8,9,58.875,20.77777777777778,0.0200123,0.0184722,0.0201223,12,13,19.0,32.76923076923077,0.8979153,0.8207556500000002,0.9750749500000001,0.2,0.25,0.16666666666666666,0.9073684210526316
6109129,30.0,10.0,5,721,9,10,47.666666666666664,28.3,0.025366200000000005,0.025282600000000002,0.0254326,11,12,24.545454545454547,36.666666666666664,0.818721,0.7411298999999999,0.8963121,0.39999999999999997,0.4444444444444444,0.36363636363636365,0.7115917865917866
6148097,30.0,10.0,5,725,9,9,55.666666666666664,23.88888888888889,0.020479900000000002,0.0196831,0.041046,12,12,25.0,34.416666666666664,0.71069085,0.6932540249999999,0.7281276750000001,0.1904761904761905,0.2222222222222222,0.16666666666666666,0.7741830065359477
6148143,30.0,10.0,5,677,4,5,72.5,76.6,0.013320299999999998,0.0130288,0.01595,11,10,13.272727272727273,52.0,0.5929338,0.57082675,0.61504085,0.0,0.0,0.0,0.0
6148208,30.0,10.0,5,646,3,3,167.0,47.333333333333336,0.049841699999999996,0.049568,0.053124300000000006,15,15,17.2,24.866666666666667,0.6097905,0.5884066,0.6311744,0.0,0.0,0.0,0.0
6190357,30.0,10.0,5,710,7,7,55.142857142857146,45.285714285714285,0.018343599999999998,0.014939,0.0186361,11,11,22.636363636363637,40.90909090909091,0.58523275,0.582541575,0.587923925,0.33333333333333326,0.42857142857142855,0.2727272727272727,0.7715215215215215
6193396,30.0,10.0,5,658,6,5,92.33333333333333,19.6,0.014177,0.0141334,0.0151147,14,12,17.071428571428573,33.75,0.49355465,0.46926272500000005,0.517846575,0.3,0.5,0.21428571428571427,0.7636217948717948
6193436,30.0,10.0,5,666,2,1,302.5,59.0,0.0307373,0.0304717,0.03167129999999999,12,12,18.833333333333332,35.666666666666664,0.48234235,0.437411325,0.527273375,0.0,0.0,0.0,0.0
4216956,30.0,15.0,8,910,8,8,82.5,30.25,0.0417654,0.0389421,0.0439579,9,8,45.77777777777778,61.125,0.60822295,0.5623000749999999,0.654145825,0.47058823529411764,0.5,0.4444444444444444,0.6334133902627054
4272243,30.0,15.0,8,646,5,5,27.6,100.6,0.0037736,0.0037368,0.0038039999999999997,5,5,21.6,106.6,0.1563046,0.13806924999999998,0.17453994999999997,0.8000000000000002,0.8,0.8,0.7951885071450289
4344977,30.0,15.0,8,1187,7,6,132.42857142857142,42.166666666666664,0.059679600000000006,0.0566165,0.08384789999999999,10,9,70.7,52.22222222222222,0.7194797,0.7131158000000001,0.7258435999999999,0.588235294117647,0.7142857142857143,0.5,0.61026884023281
4350946,30.0,15.0,8,690,10,10,53.1,14.9,0.013001499999999997,0.0121361,0.013042999999999999,12,12,30.833333333333332,25.666666666666668,0.43993804999999997,0.428758925,0.451117175,0.5454545454545454,0.6,0.5,0.7776543820467969
4351935,30.0,15.0,8,775,9,6,65.11111111111111,30.0,0.0210012,0.0188815,0.021850900000000003,13,12,21.923076923076923,39.75,0.4070414,0.40209169999999994,0.41199110000000005,0.3636363636363637,0.4444444444444444,0.3076923076923077,0.846426410854723
4352377,30.0,15.0,8,716,9,8,48.333333333333336,34.0,0.011303299999999999,0.0108442,0.0113124,10,9,28.4,46.888888888888886,0.43235005,0.4049224249999999,0.45977767500000005,0.7368421052631577,0.7777777777777778,0.7,0.8374110840590505
4358853,30.0,15.0,8,666,9,8,42.333333333333336,34.5,0.0103991,0.0101441,0.0105757,10,11,27.5,34.63636363636363,0.4499808,0.42375414999999994,0.4762074500000001,0.5263157894736842,0.5555555555555556,0.5,0.8415083024056305
4359232,30.0,15.0,8,681,4,4,42.25,127.0,0.005757,0.0057501,0.0063942,3,4,34.0,144.0,0.19068265000000004,0.173257875,0.208107425,0.8571428571428571,0.75,1.0,0.8114802510151348
4370045,30.0,15.0,8,720,6,7,58.333333333333336,52.0,0.013064,0.0107241,0.0156714,6,6,23.0,96.0,0.36849075,0.352841075,0.384140425,0.5,0.5,0.5,0.901724619466555
4389353,30.0,15.0,8,650,8,9,37.75,37.77777777777778,0.006998,0.0069883,0.0072124,6,7,25.166666666666668,70.42857142857143,0.33256220000000003,0.32807625,0.33704815,0.5714285714285715,0.5,0.6666666666666666,0.8310416666666666
4389414,30.0,15.0,8,645,5,5,56.6,71.4,0.013742399999999998,0.0120661,0.0140696,8,9,23.0,50.333333333333336,0.3652128,0.34600505,0.38442055,0.3076923076923077,0.4,0.25,0.7358695652173912
4392729,30.0,15.0,8,652,7,8,43.42857142857143,42.625,0.006508600000000001,0.006452999999999999,0.0067119,11,11,24.272727272727273,34.0,0.34110460000000004,0.3277133,0.35449590000000003,0.33333333333333326,0.42857142857142855,0.2727272727272727,0.9000117827265228
4393045,30.0,15.0,8,936,6,6,103.0,52.0,0.0473047,0.0380697,0.0510196,7,7,23.142857142857142,109.57142857142857,0.6302313999999999,0.6011598,0.6593029999999999,0.4615384615384615,0.5,0.42857142857142855,0.7668038061480683
4440451,30.0,15.0,8,657,3,4,54.333333333333336,122.75,0.0056836000000000005,0.0056792,0.0058553999999999985,5,4,20.8,137.0,0.11694555000000001,0.115176875,0.118714225,0.0,0.0,0.0,0.0
4443744,30.0,15.0,8,710,7,8,53.0,41.5,0.008603,0.0082104,0.0088721,7,8,22.428571428571427,68.25,0.284977,0.26838605,0.3015679500000001,0.14285714285714285,0.14285714285714285,0.14285714285714285,0.8484848484848485
4448887,30.0,15.0,8,666,8,7,55.125,31.0,0.0120879,0.0119897,0.0122134,7,8,24.285714285714285,61.125,0.39198375,0.38032777500000003,0.40363972500000006,0.13333333333333333,0.125,0.14285714285714285,0.575
4469551,30.0,15.0,8,670,6,6,50.333333333333336,60.333333333333336,0.010170700000000001,0.0089137,0.011579499999999998,11,10,27.363636363636363,35.8,0.33399339999999994,0.33077795,0.33720885,0.3529411764705882,0.5,0.2727272727272727,0.8074938140685756
4472905,30.0,15.0,8,816,8,9,67.375,29.88888888888889,0.0175645,0.0171232,0.019082099999999998,10,11,43.3,33.90909090909091,0.44386235,0.4337651250000001,0.45395957499999995,0.7777777777777777,0.875,0.7,0.7451220987768481
4473229,30.0,15.0,8,673,7,7,44.0,51.142857142857146,0.0068237,0.0065436999999999995,0.006878800000000001,7,8,27.142857142857142,59.5,0.2282097,0.21925954999999997,0.23715985,0.7142857142857143,0.7142857142857143,0.7142857142857143,0.6869522752290155
4481970,30.0,15.0,8,642,10,11,37.1,23.727272727272727,0.011533,0.009687600000000001,0.024307,9,8,26.11111111111111,49.75,0.37142995,0.354499125,0.38836077500000005,0.631578947368421,0.6,0.6666666666666666,0.8044154599422831
4482888,30.0,15.0,8,647,1,1,32.0,614.0,0.0039198,0.0037911999999999998,0.0040115,0,1,0.0,647.0,0.0368665,0.03683965,0.03689335,0.0,0.0,0.0,0.0
4487550,30.0,15.0,8,653,9,9,37.111111111111114,34.44444444444444,0.0085378,0.008310399999999999,0.0086308,10,10,26.2,38.1,0.34468459999999995,0.34247245000000004,0.34689675,0.7368421052631577,0.7777777777777778,0.7,0.7942929045681241
4487946,30.0,15.0,8,710,2,3,266.0,58.666666666666664,0.042166699999999994,0.042015699999999996,0.04642519999999999,3,3,157.66666666666666,78.0,0.42904935,0.420295325,0.43780337499999994,0.8,1.0,0.6666666666666666,0.8716269841269841
4504164,30.0,15.0,8,649,8,7,58.5,24.714285714285715,0.0185119,0.015046799999999999,0.018882200000000002,10,11,25.2,35.18181818181818,0.34531150000000005,0.33839365000000005,0.35222935000000005,0.4444444444444445,0.5,0.4,0.915669484969054
4527487,30.0,15.0,8,671,1,1,648.0,22.0,0.0407954,0.040321,0.041282099999999995,9,10,19.11111111111111,49.0,0.4849796,0.47644305,0.49351615000000004,0.0,0.0,0.0,0.0
4544584,30.0,15.0,8,672,8,9,47.375,31.666666666666668,0.011160100000000003,0.009367799999999999,0.0124366,9,9,23.555555555555557,50.111111111111114,0.32465140000000003,0.31930715000000004,0.32999565000000003,0.23529411764705882,0.25,0.2222222222222222,0.8717320261437909
4547202,30.0,15.0,8,696,10,9,56.1,13.88888888888889,0.0135294,0.013311399999999998,0.0136045,6,5,23.166666666666668,110.2,0.47006224999999996,0.44659877499999995,0.49352572499999997,0.25,0.2,0.3333333333333333,0.7367424242424243
4559519,30.0,15.0,8,991,9,8,89.11111111111111,22.5,0.051666699999999996,0.050501199999999996,0.0518941,8,7,65.875,65.14285714285714,1.0446317,0.8369232,1.2523402,0.7058823529411765,0.6666666666666666,0.75,0.7769866601070504
4575701,30.0,15.0,8,700,7,8,38.142857142857146,53.25,0.0302005,0.0284743,0.0364759,7,7,22.714285714285715,76.28571428571429,0.5413616,0.48135235,0.60137085,0.5714285714285714,0.5714285714285714,0.5714285714285714,0.6863630457380457
4579744,30.0,15.0,8,678,7,8,62.0,29.625,0.0230356,0.022211099999999994,0.0303785,8,6,22.5,81.66666666666667,0.37746009999999997,0.35959985,0.39532035,0.0,0.0,0.0,0.0
4605892,30.0,15.0,8,678,1,0,677.0,0.0,0.0525545,0.0525374,0.0534839,6,7,18.0,80.57142857142857,0.48848540000000007,0.4524674000000001,0.5245034000000001,0.0,0.0,0.0,0.0
4668185,30.0,15.0,8,641,8,8,44.625,34.5,0.0060622,0.0060448,0.00616,11,12,25.363636363636363,29.25,0.39522045,0.38689032500000003,0.403550575,0.4210526315789474,0.5,0.36363636363636365,0.9314936418594955
4705097,30.0,15.0,8,659,8,8,40.625,40.75,0.0135169,0.012905200000000002,0.0138529,8,8,24.5,56.875,0.37945019999999996,0.36230525,0.39659514999999995,0.625,0.625,0.625,0.8157551393927509
4724133,30.0,15.0,8,650,5,5,53.4,75.6,0.0122056,0.0119498,0.012321799999999999,3,4,22.0,145.25,0.2808353,0.27629315000000004,0.28537745,0.5,0.4,0.6666666666666666,0.7072981366459627
4749525,30.0,15.0,8,805,6,7,65.0,58.42857142857143,0.0249955,0.022273400000000002,0.027841599999999994,8,9,48.125,45.77777777777778,0.44572475,0.436380825,0.45506867500000003,0.7142857142857143,0.8333333333333334,0.625,0.7823400980457368
4754626,30.0,15.0,8,1144,6,7,147.33333333333334,36.285714285714285,0.069418,0.0662547,0.07433780000000001,11,11,68.72727272727273,34.27272727272727,1.1539915,1.1009431500000002,1.20703985,0.4705882352941177,0.6666666666666666,0.36363636363636365,0.8073246018518976
4754956,30.0,15.0,8,647,8,8,43.875,36.0,0.021169199999999996,0.0173323,0.0227565,9,7,25.88888888888889,57.857142857142854,0.47185749999999993,0.45011789999999996,0.4935971,0.7058823529411765,0.75,0.6666666666666666,0.7556292366637195
4775763,30.0,15.0,8,718,10,10,50.6,20.2,0.0237342,0.023447700000000002,0.0247892,11,11,32.0,32.27272727272727,0.48295905,0.468828925,0.49708917499999994,0.47619047619047616,0.5,0.45454545454545453,0.8282779865531611
4785421,30.0,15.0,8,773,11,9,48.90909090909091,24.88888888888889,0.0139729,0.013514,0.0141259,10,9,37.0,43.666666666666664,0.47551190000000004,0.4594308,0.491593,0.5714285714285713,0.5454545454545454,0.6,0.8541748165962302
4789937,30.0,15.0,8,678,9,8,47.55555555555556,30.125,0.0088126,0.008573299999999999,0.008826299999999999,11,11,24.636363636363637,36.0,0.49910635,0.46431472499999993,0.533897975,0.3,0.3333333333333333,0.2727272727272727,0.6944195539625647
4792515,30.0,15.0,8,705,4,3,164.5,14.333333333333334,0.029846199999999996,0.027875900000000002,0.030821099999999997,9,10,20.88888888888889,50.8,0.58199825,0.566977875,0.597018625,0.0,0.0,0.0,0.0
4811115,30.0,15.0,8,643,7,7,43.57142857142857,47.285714285714285,0.0083228,0.0082284,0.0084969,10,9,19.6,48.55555555555556,0.3743445,0.3679688,0.3807202,0.47058823529411764,0.5714285714285714,0.4,0.6860084995096437
4824328,30.0,15.0,8,688,5,4,101.6,43.75,0.025403500000000002,0.021926400000000002,0.0255553,12,13,22.333333333333332,31.384615384615383,0.37268110000000004,0.36769245,0.37766975,0.11764705882352941,0.2,0.08333333333333333,0.8181818181818182
4861227,30.0,15.0,8,710,6,6,101.33333333333333,16.0,0.0188401,0.0173136,0.019214400000000003,7,8,24.714285714285715,66.25,0.5748586,0.5521416,0.5975756,0.30769230769230765,0.3333333333333333,0.2857142857142857,0.7495098039215686
4861687,30.0,15.0,8,746,9,7,59.0,29.428571428571427,0.0135193,0.013386700000000003,0.013658,6,5,23.0,120.4,0.46088375000000004,0.440139225,0.48162827499999994,0.4,0.3333333333333333,0.5,0.8332022029897718
4862222,30.0,15.0,8,670,4,4,53.75,112.75,0.0102144,0.010080299999999999,0.0143382,4,4,17.25,149.25,0.16560915,0.16111417500000003,0.170104125,0.25,0.25,0.25,1.0
4862380,30.0,15.0,8,660,7,8,40.857142857142854,45.875,0.0099673,0.0098534,0.0100678,9,8,24.555555555555557,53.75,0.36922789999999994,0.36156934999999996,0.37688645,0.5,0.5714285714285714,0.4444444444444444,0.8132691158900837
4865550,30.0,15.0,8,642,8,8,42.0,37.25,0.010910899999999998,0.0102645,0.010944400000000002,7,8,21.142857142857142,60.875,0.31839554999999997,0.31391027499999996,0.32288082500000004,0.39999999999999997,0.375,0.42857142857142855,0.862663906142167
4865558,30.0,15.0,8,649,7,8,40.0,45.25,0.006384399999999999,0.0063543,0.0067855,7,8,21.428571428571427,61.5,0.29430565000000003,0.293295875,0.29531542499999996,0.42857142857142855,0.42857142857142855,0.42857142857142855,0.7221389305347327
4912927,30.0,15.0,8,674,2,2,34.0,302.0,0.0047416,0.0046285,0.0047995,1,2,16.0,328.5,0.0854223,0.08442469999999999,0.0864199,0.0,0.0,0.0,0.0
4915833,30.0,15.0,8,675,9,9,41.666666666666664,32.333333333333336,0.0078558,0.0076701,0.0078901,9,10,30.333333333333332,39.3,0.3104138000000001,0.30082745,0.32000015000000004,0.6666666666666666,0.6666666666666666,0.6666666666666666,0.8573309307180276
4940890,30.0,15.0,8,683,7,7,47.714285714285715,48.857142857142854,0.0113723,0.0112126,0.011610700000000002,6,7,21.0,78.71428571428571,0.27505685,0.25718952500000003,0.292924175,0.30769230769230765,0.2857142857142857,0.3333333333333333,0.771978021978022
5244934,30.0,15.0,8,656,5,5,109.2,21.0,0.014934600000000001,0.0148885,0.014979899999999999,7,7,24.142857142857142,68.57142857142857,0.49945530000000005,0.48048009999999997,0.5184305,0.3333333333333333,0.4,0.2857142857142857,0.8269230769230769
5351422,30.0,15.0,8,654,7,7,55.57142857142857,36.857142857142854,0.0100384,0.0098935,0.0100514,9,10,23.666666666666668,43.2,0.3939666,0.36526970000000003,0.4226635,0.375,0.42857142857142855,0.3333333333333333,0.8170942358134475
5477477,30.0,15.0,8,678,3,3,44.0,181.0,0.0061268,0.005963499999999999,0.006134,1,2,22.0,327.5,0.1101322,0.10696615,0.11329825000000002,0.0,0.0,0.0,0.0
5499001,30.0,15.0,8,670,6,6,31.5,79.16666666666667,0.0059568,0.005905899999999999,0.0067867,5,5,26.2,106.8,0.13706909999999997,0.13665494999999997,0.13748325,0.7272727272727272,0.6666666666666666,0.8,0.9104037267080745
5503058,30.0,15.0,8,916,8,6,86.75,35.666666666666664,0.024152,0.0241514,0.024163900000000002,9,8,29.555555555555557,80.125,0.66470125,0.6530824749999999,0.676320025,0.47058823529411764,0.5,0.4444444444444444,0.8510202135774217
5503168,30.0,15.0,8,695,4,4,142.75,30.0,0.019411900000000003,0.0174295,0.0239615,10,10,20.8,47.7,0.4031483,0.39477389999999996,0.4115227,0.0,0.0,0.0,0.0
5503359,30.0,15.0,8,716,8,7,69.0,22.285714285714285,0.019065400000000003,0.0172005,0.020232,7,6,24.285714285714285,89.83333333333333,0.5501901000000001,0.5247729499999999,0.57560725,0.13333333333333333,0.125,0.14285714285714285,0.9696969696969697
5540718,30.0,15.0,8,663,6,6,81.83333333333333,27.666666666666668,0.0161436,0.015116,0.016469400000000002,10,11,19.8,41.36363636363637,0.39276145,0.387690675,0.397832225,0.0,0.0,0.0,0.0
5540722,30.0,15.0,8,691,6,6,71.83333333333333,42.333333333333336,0.0123174,0.0116646,0.012513799999999999,7,8,31.857142857142858,57.625,0.33458709999999997,0.32878959999999996,0.3403846,0.15384615384615383,0.16666666666666666,0.14285714285714285,0.7567567567567568
5540733,30.0,15.0,8,641,10,10,39.5,23.6,0.0070453,0.0069985,0.007536,9,9,22.555555555555557,47.666666666666664,0.2756464,0.27440355,0.27688925,0.3157894736842105,0.3,0.3333333333333333,0.6733710380582066
5540847,30.0,15.0,8,869,7,7,87.71428571428571,35.42857142857143,0.0149203,0.014892899999999999,0.0150375,9,8,26.555555555555557,77.625,0.51361335,0.497622275,0.529604425,0.25,0.2857142857142857,0.2222222222222222,0.7399874843554444
5547018,30.0,15.0,8,649,5,6,57.2,59.666666666666664,0.0077125,0.0075076000000000006,0.0078325,6,7,19.333333333333332,75.28571428571429,0.25553835,0.24030677500000003,0.27076992499999997,0.0,0.0,0.0,0.0
5565253,30.0,15.0,8,670,6,6,73.0,37.666666666666664,0.013900299999999997,0.0138315,0.014430499999999999,10,11,23.6,38.54545454545455,0.40897164999999996,0.39062007499999996,0.427323225,0.25,0.3333333333333333,0.2,0.8257575757575757
5615881,30.0,15.0,8,1051,9,8,90.55555555555556,28.375,0.0424726,0.0398134,0.0439205,9,9,25.333333333333332,90.44444444444444,0.60003165,0.5990059750000001,0.601057325,0.3333333333333333,0.3333333333333333,0.3333333333333333,0.8555460831675665
5615968,30.0,15.0,8,642,6,7,53.166666666666664,45.285714285714285,0.0061763,0.006146400000000001,0.0062312,5,6,22.6,87.33333333333333,0.24691434999999998,0.23119612499999997,0.26263257500000003,0.1818181818181818,0.16666666666666666,0.2,0.8181818181818182
5615986,30.0,15.0,8,685,7,7,67.0,29.857142857142858,0.016288399999999998,0.0159434,0.0164815,12,12,23.166666666666668,32.916666666666664,0.3558104,0.3492342,0.3623866,0.2105263157894737,0.2857142857142857,0.16666666666666666,0.8059440559440559
5615988,30.0,15.0,8,671,8,9,56.375,23.555555555555557,0.010117200000000002,0.0099976,0.0102691,9,9,26.22222222222222,47.333333333333336,0.32622695,0.321779375,0.330674525,0.23529411764705882,0.25,0.2222222222222222,0.7449324324324325
5616015,30.0,15.0,8,657,3,3,31.666666666666668,186.33333333333334,0.0050168999999999995,0.0049258999999999995,0.0053376000000000005,5,6,28.4,85.0,0.16621060000000001,0.16096665000000002,0.17145455,0.5,0.6666666666666666,0.4,0.8579985905567301
5633515,30.0,15.0,8,663,6,4,89.83333333333333,29.5,0.0133866,0.0131221,0.013727799999999997,12,9,20.75,44.666666666666664,0.3830317999999999,0.36075745,0.40530615000000003,0.0,0.0,0.0,0.0
5692189,30.0,15.0,8,1527,7,8,172.14285714285714,39.375,0.11656380000000001,0.113549,0.1266548,3,4,297.0,158.25,0.8940280500000002,0.8729008250000001,0.915155275,0.6,0.42857142857142855,1.0,0.7842967877175403
5705278,30.0,15.0,8,643,8,9,48.125,27.77777777777778,0.0114974,0.0111574,0.011704800000000001,6,7,31.5,64.0,0.35302264999999994,0.342755275,0.36329002499999996,0.5714285714285715,0.5,0.6666666666666666,0.6634640132365107
5705752,30.0,15.0,8,682,8,9,49.25,31.11111111111111,0.013741399999999999,0.0123321,0.0151034,9,10,27.0,43.0,0.37912455,0.37899402499999996,0.37925507499999994,0.7058823529411765,0.75,0.6666666666666666,0.8010310103333359
5706077,30.0,15.0,8,656,7,7,51.57142857142857,41.142857142857146,0.0090963,0.0085945,0.010420299999999999,8,7,31.25,56.857142857142854,0.40858120000000003,0.40120249999999996,0.41595990000000005,0.39999999999999997,0.42857142857142855,0.375,0.67690930883454
5706137,30.0,15.0,8,737,5,4,141.4,6.25,0.0436245,0.038607800000000005,0.044328400000000004,8,9,25.75,58.111111111111114,0.6068126500000001,0.578973075,0.6346522250000001,0.15384615384615385,0.2,0.125,0.68
5715345,30.0,15.0,8,923,6,7,87.33333333333333,56.142857142857146,0.0357962,0.0356622,0.0361355,6,6,73.16666666666667,79.66666666666667,0.4786367000000001,0.47070720000000005,0.4865662,0.5,0.5,0.5,0.8795664935146285
5771585,30.0,15.0,8,720,8,9,59.125,26.555555555555557,0.0145664,0.0137941,0.0171854,10,9,24.3,51.888888888888886,0.617132,0.6029136500000001,0.63135035,0.22222222222222224,0.25,0.2,0.71
5771621,30.0,15.0,8,675,7,7,80.71428571428571,14.714285714285714,0.024098900000000003,0.019316,0.025935799999999995,8,8,21.125,62.25,0.57022865,0.5476324750000001,0.592824825,0.26666666666666666,0.2857142857142857,0.25,0.6818181818181819
5772092,30.0,15.0,8,729,8,5,75.5,23.4,0.017855700000000002,0.017820799999999998,0.018199,12,9,29.75,40.0,0.4595062,0.45659745000000007,0.46241495,0.5,0.625,0.4166666666666667,0.8279557162483991
5772102,30.0,15.0,8,725,7,6,81.0,25.166666666666668,0.0176476,0.017123299999999998,0.018001700000000002,12,11,24.75,37.81818181818182,0.45019560000000003,0.44470825,0.45568295000000003,0.4210526315789474,0.5714285714285714,0.3333333333333333,0.8290064102564103
5772192,30.0,15.0,8,706,4,5,139.25,29.0,0.0195308,0.0157919,0.020816599999999998,9,9,18.555555555555557,58.888888888888886,0.4612095,0.4528082,0.46961079999999994,0.0,0.0,0.0,0.0
5874746,30.0,15.0,8,729,8,6,65.375,33.0,0.0199147,0.019789900000000003,0.0261544,9,10,29.555555555555557,45.4,0.39088739999999994,0.37988130000000003,0.4018935,0.35294117647058826,0.375,0.3333333333333333,0.7548764115928295
5874767,30.0,15.0,8,1278,4,4,304.5,14.0,0.10753460000000001,0.1025869,0.1237898,10,10,27.0,99.8,0.9333805,0.9108041,0.9559569,0.0,0.0,0.0,0.0
5874769,30.0,15.0,8,649,9,7,63.55555555555556,9.714285714285714,0.0104471,0.010254200000000002,0.011252799999999999,9,10,20.333333333333332,45.7,0.42920489999999994,0.42601830000000007,0.43239149999999993,0.3333333333333333,0.3333333333333333,0.3333333333333333,0.8215217391304348
5874787,30.0,15.0,8,1064,6,5,168.0,10.0,0.1333828,0.1208543,0.1376598,9,9,73.11111111111111,44.111111111111114,0.6690622499999999,0.629142325,0.708982175,0.4,0.5,0.3333333333333333,0.7225690848319367
5875173,30.0,15.0,8,712,2,1,350.0,10.0,0.0632307,0.0581105,0.0690523,14,11,17.5,41.18181818181818,0.4104747,0.41010949999999996,0.41083990000000004,0.125,0.5,0.07142857142857142,0.9545454545454546
5882173,30.0,15.0,8,665,6,7,79.5,26.0,0.010101299999999999,0.010062100000000001,0.0101241,7,7,23.428571428571427,70.57142857142857,0.32211375,0.31852077500000003,0.325706725,0.15384615384615383,0.16666666666666666,0.14285714285714285,0.9705882352941176
5969330,30.0,15.0,8,721,7,8,64.42857142857143,32.875,0.0106864,0.0101837,0.0110667,11,11,25.09090909090909,39.45454545454545,0.34387319999999993,0.34354099999999993,0.34420539999999994,0.33333333333333326,0.42857142857142855,0.2727272727272727,0.7260162601626017
5969331,30.0,15.0,8,706,4,5,138.75,29.4,0.0177488,0.017593599999999997,0.0177522,11,12,26.272727272727273,33.833333333333336,0.49861905,0.45438797500000006,0.5428501249999999,0.26666666666666666,0.5,0.18181818181818182,0.7766798418972332
5969362,30.0,15.0,8,672,7,7,66.71428571428571,28.285714285714285,0.0104558,0.010368700000000002,0.010619799999999999,11,11,25.636363636363637,34.45454545454545,0.4091801,0.3827199,0.4356403,0.4444444444444444,0.5714285714285714,0.36363636363636365,0.8214474251238957
6058407,30.0,15.0,8,696,8,8,51.125,34.875,0.0093457,0.008917,0.010173100000000001,6,7,20.0,81.42857142857143,0.2703815,0.26220614999999997,0.27855684999999997,0.28571428571428575,0.25,0.3333333333333333,0.5380952380952381
6062407,30.0,15.0,8,666,8,9,55.625,23.666666666666668,0.0112994,0.0112794,0.011527299999999999,11,11,26.545454545454547,33.0,0.3477564,0.33914249999999996,0.3563702999999999,0.4210526315789474,0.5,0.36363636363636365,0.8254495766288219
6109129,30.0,15.0,8,721,9,10,44.22222222222222,31.4,0.0108661,0.0108241,0.010866899999999999,12,12,23.916666666666668,35.166666666666664,0.3337892,0.3332316,0.3343468,0.5714285714285715,0.6666666666666666,0.5,0.7431998770372846
6148097,30.0,15.0,8,725,8,8,58.25,31.375,0.0123906,0.012312700000000001,0.012488299999999999,11,8,34.63636363636363,41.625,0.36615895000000004,0.36513307500000003,0.367184825,0.4210526315789474,0.5,0.36363636363636365,0.8006676431437034
6148143,30.0,15.0,8,677,4,5,73.0,76.2,0.0073055,0.0072628,0.007449999999999999,3,4,23.666666666666668,150.75,0.26428225,0.262612075,0.265952425,0.28571428571428575,0.25,0.3333333333333333,0.7714285714285715
6148208,30.0,15.0,8,646,3,3,165.0,49.333333333333336,0.0201284,0.019414,0.0265495,9,10,22.22222222222222,43.7,0.45941584999999996,0.457921225,0.46091047499999993,0.0,0.0,0.0,0.0
6190357,30.0,15.0,8,710,7,6,52.142857142857146,56.333333333333336,0.011280700000000001,0.0108191,0.011490700000000001,6,6,39.333333333333336,78.0,0.35916115,0.341971825,0.376350475,0.6153846153846153,0.5714285714285714,0.6666666666666666,0.8305134207240948
6193396,30.0,15.0,8,658,6,5,91.33333333333333,20.8,0.0190559,0.0165399,0.019397,10,9,24.6,44.666666666666664,0.43472760000000005,0.4215914,0.44786380000000003,0.37499999999999994,0.5,0.3,0.8673054587688735
6193436,30.0,15.0,8,666,2,1,302.0,60.0,0.0321523,0.031588200000000004,0.0325458,10,11,25.0,36.90909090909091,0.5382072,0.51861945,0.5577949500000001,0.0,0.0,0.0,0.0
4216956,30.0,30.0,15,910,5,6,117.8,52.666666666666664,0.0482965,0.043253099999999996,0.0525935,5,5,76.0,105.0,0.54985425,0.547617825,0.5520906750000001,0.6,0.6,0.6,0.7511111111111112
4272243,30.0,30.0,15,646,1,2,51.0,297.0,0.0038333000000000004,0.0037784,0.0038794000000000003,2,3,44.0,185.33333333333334,0.14643894999999998,0.139633975,0.15324392500000003,0.6666666666666666,1.0,0.5,0.9444444444444444
4344977,30.0,30.0,15,1187,5,5,176.4,60.0,0.0385843,0.0385446,0.039385699999999996,5,6,136.0,83.66666666666667,0.7017124,0.6597018499999999,0.74372295,0.8000000000000002,0.8,0.8,0.7463935078187454
4350946,30.0,30.0,15,690,6,6,64.0,50.0,0.010272,0.0102253,0.0104582,8,8,46.375,38.875,0.4075049,0.40733955,0.40767025000000007,0.5714285714285715,0.6666666666666666,0.5,0.818699666131996
4351935,30.0,30.0,15,775,5,6,89.8,53.5,0.014354500000000003,0.0126622,0.0145299,2,3,47.0,226.33333333333334,0.5319609500000001,0.510804625,0.5531172750000001,0.28571428571428575,0.2,0.5,0.9491525423728814
4352377,30.0,30.0,15,716,4,4,79.0,99.0,0.013724400000000001,0.0137176,0.0137645,4,4,44.25,133.75,0.3708747,0.36673659999999997,0.3750128,0.75,0.75,0.75,0.9363940698230513
4358853,30.0,30.0,15,666,4,5,59.0,85.2,0.010941600000000001,0.0101348,0.0112657,4,4,39.75,125.75,0.3782047,0.3433535,0.4130559,0.25,0.25,0.25,0.676923076923077
4359232,30.0,30.0,15,681,2,2,47.5,292.0,0.006104,0.0053803,0.0077639,3,4,43.666666666666664,136.75,0.15118045000000002,0.13195802500000003,0.17040287499999998,0.4,0.5,0.3333333333333333,0.9534883720930233
4370045,30.0,30.0,15,720,3,4,88.33333333333333,113.0,0.017791,0.0173157,0.0189006,4,5,43.5,108.4,0.29548635,0.293404925,0.29756777500000003,0.5714285714285715,0.6666666666666666,0.5,0.9410533658876874
4389353,30.0,30.0,15,650,4,4,50.75,110.75,0.0068454,0.0068185,0.006855199999999999,5,5,43.6,85.4,0.1921879,0.1899701,0.1944057,0.6666666666666665,0.75,0.6,0.9268002322880372
4389414,30.0,30.0,15,645,4,4,58.0,102.25,0.0059533,0.0058049,0.0063547,5,3,42.6,142.33333333333334,0.17072505,0.16989887500000003,0.17155122499999997,0.6666666666666665,0.75,0.6,0.8192857142857143
4392729,30.0,30.0,15,652,5,6,50.4,65.83333333333333,0.0061148,0.006092,0.0063165,3,4,35.0,136.0,0.19302535,0.191065375,0.19498532500000001,0.5,0.4,0.6666666666666666,0.9057017543859649
4393045,30.0,30.0,15,936,6,7,101.83333333333333,45.57142857142857,0.027452599999999997,0.024887799999999998,0.0359576,5,6,86.2,83.33333333333333,0.5209639999999999,0.5171493,0.5247786999999999,0.9090909090909091,0.8333333333333334,1.0,0.829694147929442
4440451,30.0,30.0,15,657,3,4,50.333333333333336,125.75,0.0068526,0.0049258,0.007092899999999999,0,1,0.0,657.0,0.12372325000000002,0.12244912500000002,0.12499737499999998,0.0,0.0,0.0,0.0
4443744,30.0,30.0,15,710,6,7,56.833333333333336,51.857142857142854,0.0108427,0.0095031,0.011365899999999998,2,3,44.0,206.66666666666666,0.27356975,0.27243992499999997,0.27469957500000003,0.25,0.16666666666666666,0.5,0.9285714285714286
4448887,30.0,30.0,15,666,7,6,56.42857142857143,44.0,0.0137018,0.013545399999999999,0.0139175,5,5,50.6,81.6,0.3370074,0.3255519,0.3484629,0.5,0.42857142857142855,0.6,0.9233286252354049
4469551,30.0,30.0,15,670,4,4,60.25,106.25,0.013639700000000001,0.0130322,0.013695599999999999,6,7,35.666666666666664,64.28571428571429,0.27137805,0.27124107499999994,0.271515025,0.4,0.5,0.3333333333333333,0.7246086639970877
4472905,30.0,30.0,15,816,4,5,108.25,75.8,0.0250292,0.0246383,0.025282799999999998,7,8,68.14285714285714,41.5,0.41024415000000003,0.40620967500000005,0.414278625,0.7272727272727273,1.0,0.5714285714285714,0.7770489862881549
4473229,30.0,30.0,15,673,4,4,59.75,107.5,0.009287799999999999,0.009249299999999998,0.0097665,5,5,48.4,85.2,0.23377399999999998,0.23352125,0.23402674999999998,0.6666666666666665,0.75,0.6,0.9600623417105006
4481970,30.0,30.0,15,642,2,3,79.5,160.33333333333334,0.0119575,0.0118318,0.012031999999999998,7,7,36.0,54.714285714285715,0.3145933,0.30079685000000006,0.32838975000000004,0.0,0.0,0.0,0.0
4482888,30.0,30.0,15,647,1,1,30.0,616.0,0.0048611,0.0047126,0.0052478,1,1,47.0,599.0,0.043629799999999996,0.043416550000000005,0.043843049999999995,1.0,1.0,1.0,0.6382978723404256
4487550,30.0,30.0,15,653,3,4,62.666666666666664,115.5,0.0100911,0.0098908,0.010269700000000001,4,5,58.0,83.4,0.23947405,0.22445617499999998,0.254491925,0.8571428571428571,1.0,0.75,0.9535720178188418
4487946,30.0,30.0,15,710,1,2,495.0,107.0,0.0350184,0.0346622,0.0354279,2,3,229.5,83.0,0.31752145000000004,0.31559122500000003,0.319451675,0.6666666666666666,1.0,0.5,0.8666666666666667
4504164,30.0,30.0,15,649,5,5,76.2,52.6,0.0091975,0.0091433,0.009519,5,5,34.0,94.8,0.27065105,0.268627875,0.27267422500000005,0.20000000000000004,0.2,0.2,0.925
4527487,30.0,30.0,15,671,1,1,642.0,28.0,0.029915300000000002,0.0284447,0.0311327,3,4,38.333333333333336,138.25,0.3592714,0.3580974,0.36044539999999997,0.0,0.0,0.0,0.0
4544584,30.0,30.0,15,672,5,6,50.0,69.5,0.007367899999999999,0.007227000000000001,0.0074903999999999995,6,6,41.5,69.5,0.24002905000000002,0.23260552500000004,0.247452575,0.5454545454545454,0.6,0.5,0.9335288823878769
4547202,30.0,30.0,15,696,7,7,69.0,29.428571428571427,0.013341500000000003,0.0130445,0.013383599999999999,8,7,54.125,36.42857142857143,0.368518,0.35143864999999996,0.38559734999999995,0.9333333333333333,1.0,0.875,0.8207322854524712
4559519,30.0,30.0,15,991,4,5,163.0,67.0,0.0496487,0.0494169,0.049983900000000005,6,5,89.66666666666667,89.4,0.8473640499999999,0.8253208249999999,0.8694072749999999,0.4,0.5,0.3333333333333333,0.892798227836169
4575701,30.0,30.0,15,700,4,5,40.75,106.6,0.0094594,0.0093422,0.00952,4,5,40.75,106.6,0.2572912,0.2536718,0.2609106,0.5,0.5,0.5,0.8368055555555556
4579744,30.0,30.0,15,678,6,7,62.333333333333336,42.57142857142857,0.013578100000000001,0.012845,0.014152900000000001,6,7,40.166666666666664,61.57142857142857,0.36146305,0.34629722500000004,0.376628875,0.5,0.5,0.5,0.775865928039841
4605892,30.0,30.0,15,678,1,0,677.0,0.0,0.0614255,0.0573196,0.0625028,6,6,35.5,76.5,0.3836683999999999,0.3764217,0.3909150999999999,0.0,0.0,0.0,0.0
4668185,30.0,30.0,15,641,7,7,45.714285714285715,44.857142857142854,0.0059163,0.0058686,0.0061292,6,5,43.5,74.8,0.23916285,0.23756072499999997,0.24076497500000005,0.923076923076923,0.8571428571428571,1.0,0.8655405505414863
4705097,30.0,30.0,15,659,4,4,56.25,107.5,0.0068631000000000005,0.0067621999999999995,0.007085,6,4,49.833333333333336,88.5,0.21613150000000003,0.2148839,0.21737910000000002,0.8,1.0,0.6666666666666666,0.9514739699573542
4724133,30.0,30.0,15,650,4,4,59.0,102.5,0.0070283,0.006904,0.0075122,3,4,43.0,129.5,0.15547105000000003,0.15386462500000003,0.157077475,0.5714285714285715,0.5,0.6666666666666666,0.9033101045296168
4749525,30.0,30.0,15,805,3,4,107.33333333333333,120.0,0.012978299999999998,0.0120071,0.012987799999999999,3,4,114.0,115.0,0.2519902,0.24894154999999998,0.25503885,1.0,1.0,1.0,0.9118145091299453
4754626,30.0,30.0,15,1144,4,4,189.0,96.0,0.04470760000000001,0.0439623,0.04515980000000001,5,6,136.4,76.16666666666667,0.52675025,0.522576225,0.5309242750000001,0.6666666666666665,0.75,0.6,0.8910541228494905
4754956,30.0,30.0,15,647,6,6,51.0,55.833333333333336,0.0066026999999999995,0.006593100000000001,0.006786899999999999,5,5,40.0,88.4,0.21673955000000003,0.214666975,0.21881212500000002,0.9090909090909091,0.8333333333333334,1.0,0.8408646939721969
4775763,30.0,30.0,15,718,7,6,56.142857142857146,53.0,0.012944299999999999,0.0122239,0.0135958,10,9,47.1,26.333333333333332,0.3000085,0.29450984999999996,0.30550715,0.8235294117647058,1.0,0.7,0.7934793742453221
4785421,30.0,30.0,15,773,5,4,73.6,100.0,0.0138363,0.0135945,0.0140428,7,6,61.857142857142854,55.5,0.34403164999999997,0.343044125,0.345019175,0.6666666666666666,0.8,0.5714285714285714,0.8736438932939947
4789937,30.0,30.0,15,678,7,6,46.0,58.166666666666664,0.008374600000000001,0.0083176,0.0084585,7,6,40.857142857142854,64.16666666666667,0.28583085,0.284034775,0.287626925,0.5714285714285714,0.5714285714285714,0.5714285714285714,0.8932154801720019
4792515,30.0,30.0,15,705,4,4,155.0,20.25,0.0212295,0.02109,0.021440599999999997,7,6,42.142857142857146,67.16666666666667,0.3794361,0.37289075000000005,0.38598145,0.18181818181818182,0.25,0.14285714285714285,0.9833333333333333
4811115,30.0,30.0,15,643,3,4,57.666666666666664,116.75,0.006339,0.0062045,0.006378,6,6,50.666666666666664,55.5,0.24250275,0.22951537500000002,0.255490125,0.6666666666666666,1.0,0.5,0.9197585427612932
4824328,30.0,30.0,15,688,4,4,106.0,65.0,0.0164237,0.0158414,0.0185158,2,3,87.0,170.66666666666666,0.3236247,0.3215507,0.3256987,0.6666666666666666,0.5,1.0,0.5513381995133819
4861227,30.0,30.0,15,710,6,6,100.33333333333333,17.0,0.017767400000000003,0.0174429,0.0177759,8,8,57.5,30.25,0.3367045,0.33477314999999996,0.33863585,0.5714285714285715,0.6666666666666666,0.5,0.8462797619047618
4861687,30.0,30.0,15,746,8,8,63.125,29.125,0.010568600000000001,0.0105132,0.0106804,6,6,40.166666666666664,83.16666666666667,0.30412255,0.30319407499999995,0.30505102500000003,0.7142857142857143,0.625,0.8333333333333334,0.7362398948135238
4862222,30.0,30.0,15,670,3,4,65.33333333333333,117.75,0.005790000000000001,0.0057423000000000005,0.0058647,3,4,56.666666666666664,124.25,0.11939625000000001,0.11913577500000001,0.119656725,1.0,1.0,1.0,0.8484367484367484
4862380,30.0,30.0,15,660,2,3,74.0,170.0,0.010155299999999999,0.01005,0.013776799999999997,5,6,38.8,76.83333333333333,0.19939324999999997,0.19931787499999998,0.199468625,0.28571428571428575,0.5,0.2,0.9
4865550,30.0,30.0,15,642,5,5,54.6,72.8,0.0063779,0.0063381,0.0063942,3,4,42.333333333333336,128.0,0.19572025,0.19359797500000003,0.197842525,0.5,0.4,0.6666666666666666,0.9476769431176726
4865558,30.0,30.0,15,649,5,6,46.6,68.5,0.006047200000000001,0.0059801,0.006796300000000001,4,5,43.0,94.6,0.16755304999999998,0.16563842499999998,0.16946767499999998,0.888888888888889,0.8,1.0,0.8349949175072328
4912927,30.0,30.0,15,674,1,2,39.0,317.0,0.0035120999999999998,0.0035044,0.0035828,1,2,41.0,316.0,0.0432491,0.0432123,0.043285899999999995,1.0,1.0,1.0,0.9512195121951219
4915833,30.0,30.0,15,675,4,4,60.75,107.0,0.0068404,0.0068341,0.0068712,5,6,45.2,74.0,0.210153,0.20888754999999995,0.21141845,0.6666666666666665,0.75,0.6,0.922403381642512
4940890,30.0,30.0,15,683,4,4,60.25,109.5,0.0088772,0.0088431,0.0089102,6,6,37.5,75.33333333333333,0.1994568,0.19885285000000003,0.20006075,0.4,0.5,0.3333333333333333,0.976923076923077
5244934,30.0,30.0,15,656,3,2,151.0,100.0,0.014945899999999998,0.014813100000000001,0.0152126,9,9,40.77777777777778,31.11111111111111,0.2997025,0.296686,0.302719,0.3333333333333333,0.6666666666666666,0.2222222222222222,0.8964604236343368
5351422,30.0,30.0,15,654,5,5,56.6,73.2,0.0088762,0.0087287,0.009641299999999998,5,5,39.2,90.6,0.24407079999999998,0.24351705,0.24462455,0.4000000000000001,0.4,0.4,0.8742296918767507
5477477,30.0,30.0,15,678,3,3,43.666666666666664,181.33333333333334,0.0041915,0.0041313999999999995,0.0043438999999999995,1,2,37.0,320.0,0.07954639999999999,0.07729905000000001,0.08179375,0.5,0.3333333333333333,1.0,0.8918918918918919
5499001,30.0,30.0,15,670,3,4,37.666666666666664,138.5,0.004783,0.0047198000000000006,0.0047831,3,4,40.666666666666664,136.25,0.1083677,0.1080583,0.10867709999999998,1.0,1.0,1.0,0.9254454847478103
5503058,30.0,30.0,15,916,5,4,122.0,75.25,0.0228891,0.0228552,0.022924200000000002,5,4,41.0,176.5,0.42942079999999994,0.41528494999999993,0.44355664999999994,0.6,0.6,0.6,0.901573145051406
5503168,30.0,30.0,15,695,5,5,99.6,38.4,0.0170533,0.0169878,0.0172793,5,6,49.4,73.83333333333333,0.32418525,0.324104225,0.324266275,0.6,0.6,0.6,0.859268852939739
5503359,30.0,30.0,15,716,7,6,72.0,34.166666666666664,0.0144374,0.014135,0.014527399999999998,5,4,39.4,128.5,0.3592181,0.34846014999999997,0.36997605,0.5,0.42857142857142855,0.6,0.9519603907399974
5540718,30.0,30.0,15,663,7,7,63.714285714285715,30.0,0.0100046,0.0098177,0.010555,6,4,52.833333333333336,85.0,0.31290904999999997,0.30362317499999997,0.32219492499999997,0.7692307692307692,0.7142857142857143,0.8333333333333334,0.7926338132152086
5540722,30.0,30.0,15,691,6,6,68.66666666666667,45.5,0.0104251,0.010035700000000002,0.0141022,4,5,50.75,96.8,0.33984735000000005,0.330289675,0.34940502500000004,0.4,0.3333333333333333,0.5,0.8329688354291962
5540733,30.0,30.0,15,641,6,7,47.166666666666664,50.285714285714285,0.0107957,0.0088407,0.0108595,8,8,42.625,36.5,0.21843400000000002,0.21691050000000003,0.2199575,0.8571428571428571,1.0,0.75,0.8467302983962216
5540847,30.0,30.0,15,869,6,6,93.66666666666667,50.166666666666664,0.0154902,0.015458600000000003,0.015810900000000003,7,7,48.285714285714285,74.85714285714286,0.35539790000000004,0.3544344000000001,0.35636140000000005,0.6153846153846153,0.6666666666666666,0.5714285714285714,0.8850160256410257
5547018,30.0,30.0,15,649,5,6,56.8,60.0,0.0062264,0.0060917,0.006483399999999999,3,4,62.0,115.0,0.16257429999999998,0.1602528,0.16489579999999998,0.7499999999999999,0.6,1.0,0.9471069235775117
5565253,30.0,30.0,15,670,5,4,70.8,77.75,0.0136254,0.0132861,0.0139628,5,5,45.2,87.8,0.28431965,0.277117725,0.29152157500000003,0.8000000000000002,0.8,0.8,0.938167113893858
5615881,30.0,30.0,15,1051,6,6,121.66666666666667,52.5,0.0249198,0.0248294,0.0250777,5,6,93.8,96.16666666666667,0.45532920000000005,0.4552803,0.4553781,0.5454545454545454,0.5,0.6,0.9213040380184001
5615968,30.0,30.0,15,642,5,6,56.4,59.166666666666664,0.0066413,0.0065799,0.006716,4,5,48.5,88.8,0.19261569999999997,0.19169229999999998,0.19353909999999996,0.6666666666666665,0.6,0.75,0.9567561205273071
5615986,30.0,30.0,15,685,5,6,85.0,42.5,0.0167621,0.016591099999999998,0.0168315,5,6,40.2,79.83333333333333,0.2704877,0.27013705,0.27083835000000006,0.20000000000000004,0.2,0.2,0.9069767441860465
5615988,30.0,30.0,15,671,6,7,64.83333333333333,39.42857142857143,0.0105871,0.010551399999999999,0.010894299999999999,5,5,42.6,90.6,0.2637259,0.26360940000000005,0.26384240000000003,0.3636363636363636,0.3333333333333333,0.4,0.8912162162162163
5616015,30.0,30.0,15,657,1,2,37.0,309.5,0.004291,0.0042686,0.0044427,2,3,42.0,190.33333333333334,0.0893702,0.08884455,0.08989585,0.6666666666666666,1.0,0.5,0.9024390243902439
5633515,30.0,30.0,15,663,6,6,70.5,39.0,0.0118713,0.0118708,0.0120231,7,7,42.285714285714285,51.42857142857143,0.30324655000000006,0.30304237500000003,0.303450725,0.4615384615384615,0.5,0.42857142857142855,0.8560163850486431
5692189,30.0,30.0,15,1527,6,7,195.66666666666666,49.57142857142857,0.1576814,0.14705970000000002,0.16057529999999998,6,6,173.5,80.0,0.8413942999999999,0.8323828500000001,0.8504057499999998,0.8333333333333334,0.8333333333333334,0.8333333333333334,0.9348810333982117
5705278,30.0,30.0,15,643,8,9,47.875,28.0,0.010912499999999999,0.010767,0.0109359,7,8,47.285714285714285,38.125,0.26554890000000003,0.26312625,0.26797155,0.9333333333333333,0.875,1.0,0.8482216011550454
5705752,30.0,30.0,15,682,5,6,61.2,61.833333333333336,0.0160999,0.0156389,0.0162468,6,7,43.0,59.714285714285715,0.30108795,0.29860617500000003,0.30356972499999996,0.7272727272727272,0.8,0.6666666666666666,0.940360174758247
5706077,30.0,30.0,15,656,6,6,55.166666666666664,53.166666666666664,0.0101598,0.0094281,0.0103358,5,5,45.0,85.2,0.2547703,0.25315885,0.25638175,0.7272727272727272,0.6666666666666666,0.8,0.8204947765144962
5706137,30.0,30.0,15,737,4,4,171.5,11.75,0.038616300000000006,0.0334189,0.0389071,9,9,44.22222222222222,36.666666666666664,0.5048547,0.49668189999999995,0.5130275,0.30769230769230765,0.5,0.2222222222222222,0.9106933019976499
5715345,30.0,30.0,15,923,3,4,147.0,119.75,0.033688800000000005,0.030613,0.0360131,4,5,112.0,94.2,0.3421385,0.32513905,0.35913795000000004,0.8571428571428571,1.0,0.75,0.9100493666852408
5771585,30.0,30.0,15,720,5,6,77.4,54.666666666666664,0.010772200000000001,0.0105924,0.0108653,6,6,42.833333333333336,76.16666666666667,0.29136375,0.28791747500000003,0.294810025,0.5454545454545454,0.6,0.5,0.6991990177927111
5771621,30.0,30.0,15,675,7,7,64.71428571428571,30.714285714285715,0.012818700000000002,0.012788,0.0132052,5,6,42.4,76.33333333333333,0.31763985000000006,0.316378775,0.318900925,0.5,0.42857142857142855,0.6,0.722991057662658
5772092,30.0,30.0,15,729,7,7,77.0,26.142857142857142,0.0131878,0.013187399999999998,0.013393299999999999,7,8,52.142857142857146,44.625,0.3540318,0.35328460000000006,0.354779,0.8571428571428571,0.8571428571428571,0.8571428571428571,0.9152756359543212
5772102,30.0,30.0,15,725,5,5,92.8,51.2,0.0178535,0.0176899,0.0178626,5,5,43.4,100.6,0.36493640000000005,0.35950635,0.37036645,0.4000000000000001,0.4,0.4,0.7380952380952381
5772192,30.0,30.0,15,706,5,6,104.4,29.833333333333332,0.015997499999999998,0.0158805,0.016166000000000003,5,5,43.6,96.6,0.33593615000000004,0.334811925,0.33706037499999997,0.6,0.6,0.6,0.6558746518570403
5874746,30.0,30.0,15,729,6,6,71.66666666666667,48.833333333333336,0.0128897,0.012793,0.0142897,5,6,54.0,75.66666666666667,0.2984481,0.29629285000000005,0.30060335,0.7272727272727272,0.6666666666666666,0.8,0.7688571660595374
5874767,30.0,30.0,15,1278,3,3,391.0,34.0,0.10357519999999999,0.1016247,0.1039452,8,9,102.0,50.44444444444444,0.7459196000000001,0.7285631000000001,0.7632761,0.18181818181818182,0.3333333333333333,0.125,0.572234762979684
5874769,30.0,30.0,15,649,5,5,87.0,41.8,0.0126135,0.011709299999999999,0.013220299999999999,8,7,49.625,34.857142857142854,0.3496034499999999,0.34168897500000006,0.357517925,0.4615384615384615,0.6,0.375,0.915015887778036
5874787,30.0,30.0,15,1064,5,5,186.8,25.0,0.0838697,0.083258,0.084331,7,7,98.0,53.0,0.5886260499999999,0.5829291249999999,0.5943229750000001,0.5,0.6,0.42857142857142855,0.7981675979148067
5875173,30.0,30.0,15,712,1,1,678.0,33.0,0.048864300000000006,0.0484026,0.049358900000000004,5,5,49.6,91.8,0.39070315,0.389206175,0.392200125,0.0,0.0,0.0,0.0
5882173,30.0,30.0,15,665,6,7,75.66666666666667,29.285714285714285,0.0107674,0.0106285,0.010847699999999998,7,7,46.42857142857143,47.57142857142857,0.2725286,0.269038,0.2760192,0.30769230769230765,0.3333333333333333,0.2857142857142857,0.8576492537313434
5969330,30.0,30.0,15,721,7,6,55.57142857142857,54.166666666666664,0.010335,0.0102908,0.010376100000000001,6,6,43.666666666666664,75.5,0.28268940000000004,0.2819135,0.2834653,0.6153846153846153,0.5714285714285714,0.6666666666666666,0.8277632648208537
5969331,30.0,30.0,15,706,2,3,254.5,65.0,0.0182099,0.018141599999999997,0.0184883,7,8,42.285714285714285,50.375,0.4061503,0.383354,0.42894659999999996,0.0,0.0,0.0,0.0
5969362,30.0,30.0,15,672,6,6,62.0,49.0,0.0113335,0.0112695,0.0117966,6,6,45.666666666666664,65.33333333333333,0.3145442,0.31232999999999994,0.31675840000000005,0.5,0.5,0.5,0.9520975056689341
6058407,30.0,30.0,15,696,7,7,55.857142857142854,42.57142857142857,0.0090825,0.0089326,0.009302399999999999,5,6,43.8,78.66666666666667,0.23678025,0.236369425,0.237191075,0.8333333333333333,0.7142857142857143,1.0,0.952028017028017
6062407,30.0,30.0,15,666,6,7,61.666666666666664,41.42857142857143,0.0098907,0.009733,0.009965100000000001,5,6,51.8,67.0,0.28985004999999997,0.284376125,0.295323975,0.7272727272727272,0.6666666666666666,0.8,0.9072756602641057
6109129,30.0,30.0,15,721,4,5,70.75,86.8,0.010242,0.0102233,0.011116299999999999,3,3,52.0,187.33333333333334,0.27590195,0.273778025,0.278025875,0.8571428571428571,0.75,1.0,0.8517651430694909
6148097,30.0,30.0,15,725,6,6,67.0,52.833333333333336,0.015243799999999997,0.0150507,0.0154831,8,6,50.875,51.666666666666664,0.29686229999999997,0.29644239999999994,0.2972822,0.7142857142857143,0.8333333333333334,0.625,0.9068433995671847
6148143,30.0,30.0,15,677,3,4,88.33333333333333,102.25,0.0078795,0.0075625,0.0080555,2,3,31.0,204.33333333333334,0.17404435000000001,0.17291302500000003,0.17517567500000003,0.0,0.0,0.0,0.0
6148208,30.0,30.0,15,646,4,4,110.0,50.5,0.0208276,0.020609799999999998,0.0209996,5,6,42.6,71.33333333333333,0.3383552,0.31409085000000003,0.36261955,0.4444444444444445,0.5,0.4,0.8867171080285834
6190357,30.0,30.0,15,710,4,3,73.0,138.0,0.0201853,0.020183,0.020657099999999998,5,5,55.0,86.0,0.25267945,0.246127025,0.259231875,0.888888888888889,1.0,0.8,0.8325691488124316
6193396,30.0,30.0,15,658,5,5,87.0,43.6,0.0133073,0.0132222,0.0135995,7,7,46.857142857142854,46.142857142857146,0.32667,0.32640295,0.32693705,0.5,0.6,0.42857142857142855,0.8607407407407407
6193436,30.0,30.0,15,666,2,1,302.0,60.0,0.028737900000000004,0.0284978,0.029034599999999997,5,5,40.2,92.0,0.3330505,0.33066019999999996,0.3354408,0.28571428571428575,0.5,0.2,1.0
4216956,30.0,60.0,30,910,3,4,162.66666666666666,104.75,0.0400902,0.040027,0.0402887,3,4,114.33333333333333,141.0,0.3535548,0.34282995,0.36427965,1.0,1.0,1.0,0.8128179764141444
4272243,30.0,60.0,30,646,0,1,0.0,646.0,0.004199100000000001,0.0041246,0.0042591,0,1,0.0,646.0,0.0567465,0.055855100000000005,0.05763789999999999,0.0,0.0,0.0,0.0
4344977,30.0,60.0,30,1187,3,3,257.0,137.66666666666666,0.042962099999999996,0.0427911,0.0431005,5,5,168.2,68.2,0.54484395,0.532796575,0.5568913249999999,0.7499999999999999,1.0,0.6,0.8885363341379097
4350946,30.0,60.0,30,690,2,3,67.5,184.33333333333334,0.012211899999999998,0.0116108,0.016134,6,4,67.83333333333333,69.25,0.27996445000000003,0.27735347499999996,0.28257542500000005,0.5,1.0,0.3333333333333333,0.9303492185992668
4351935,30.0,60.0,30,775,3,4,111.0,109.75,0.0150729,0.0148273,0.0153632,4,4,72.5,120.25,0.29951165,0.29490232499999997,0.30412097499999996,0.5714285714285715,0.6666666666666666,0.5,0.8935574229691876
4352377,30.0,60.0,30,716,1,2,183.0,266.0,0.012225500000000002,0.0120589,0.0122268,0,1,0.0,716.0,0.21268890000000001,0.20942254999999999,0.21595525000000002,0.0,0.0,0.0,0.0
4358853,30.0,60.0,30,666,2,3,75.5,171.0,0.0093834,0.009348200000000001,0.0094079,1,2,67.0,299.0,0.17888845,0.17825117499999998,0.179525725,0.6666666666666666,0.5,1.0,0.8955223880597015
4359232,30.0,60.0,30,681,0,1,0.0,681.0,0.0053088,0.0050748,0.0053606999999999995,0,1,0.0,681.0,0.09987975000000002,0.09959567500000002,0.100163825,0.0,0.0,0.0,0.0
4370045,30.0,60.0,30,720,1,2,162.0,278.5,0.0111954,0.0110121,0.0114692,3,3,68.66666666666667,170.33333333333334,0.17153145,0.170834925,0.172227975,0.5,1.0,0.3333333333333333,0.5061728395061729
4389353,30.0,60.0,30,650,1,2,75.0,287.0,0.0063464,0.0061943,0.0063816,1,2,78.0,285.5,0.15240469999999998,0.1482819,0.1565275,1.0,1.0,1.0,0.9615384615384616
4389414,30.0,60.0,30,645,0,1,0.0,645.0,0.0064251,0.006396299999999999,0.0065138999999999996,0,1,0.0,645.0,0.17548005,0.16608852500000001,0.18487157499999998,0.0,0.0,0.0,0.0
4392729,30.0,60.0,30,652,2,3,61.0,176.0,0.006695199999999999,0.0065864,0.0068143000000000006,2,3,65.5,173.0,0.1523995,0.15238125,0.15241775,1.0,1.0,1.0,0.9314685314685315
4393045,30.0,60.0,30,936,2,3,223.5,162.33333333333334,0.0245285,0.0244707,0.0249692,2,3,86.0,254.0,0.37356124999999996,0.37296907500000004,0.374153425,0.5,0.5,0.5,0.9727272727272728
4440451,30.0,60.0,30,657,0,1,0.0,657.0,0.0049388999999999995,0.004847199999999999,0.0050925,2,3,60.5,178.0,0.09905149999999999,0.09871769999999998,0.09938530000000001,0.0,0.0,0.0,0.0
4443744,30.0,60.0,30,710,0,1,0.0,710.0,0.0076713,0.0076611000000000005,0.007902300000000001,3,4,64.66666666666667,128.25,0.26147515,0.251539525,0.27141077500000005,0.0,0.0,0.0,0.0
4448887,30.0,60.0,30,666,3,4,69.0,114.0,0.0097456,0.0096364,0.009877200000000001,3,4,74.66666666666667,109.75,0.23863695,0.237786975,0.239486925,1.0,1.0,1.0,0.9163542719042809
4469551,30.0,60.0,30,670,1,2,76.0,296.5,0.0078267,0.0077643,0.0080635,2,2,64.5,269.5,0.15732965,0.155182125,0.15947717500000003,0.0,0.0,0.0,0.0
4472905,30.0,60.0,30,816,2,3,163.5,162.33333333333334,0.0163718,0.0162315,0.016479900000000002,3,4,141.0,97.5,0.2699979,0.2687069,0.2712889,0.8,1.0,0.6666666666666666,0.9618127683146378
4473229,30.0,60.0,30,673,1,1,64.0,608.0,0.0062528,0.0062352,0.0064629,2,2,64.5,271.0,0.1410113,0.13970485000000002,0.14231775,0.6666666666666666,1.0,0.5,0.9846153846153847
4481970,30.0,60.0,30,642,1,2,102.0,269.5,0.0085152,0.0082326,0.0085421,2,3,85.5,156.33333333333334,0.1473381,0.14686939999999998,0.14780680000000002,0.6666666666666666,1.0,0.5,0.9622641509433962
4482888,30.0,60.0,30,647,0,1,0.0,647.0,0.0030822,0.0030702,0.0031425,0,1,0.0,647.0,0.024771949999999997,0.024635474999999997,0.024908425,0.0,0.0,0.0,0.0
4487550,30.0,60.0,30,653,1,2,91.0,280.5,0.007055100000000001,0.0070445,0.0071266,1,2,95.0,278.5,0.12230065000000001,0.12188352499999999,0.12271777499999999,1.0,1.0,1.0,0.9578947368421052
4487946,30.0,60.0,30,710,1,2,494.0,107.5,0.039634800000000005,0.0391585,0.040384,1,2,511.0,99.0,0.34409904999999996,0.34036957500000004,0.34782852499999994,1.0,1.0,1.0,0.9667318982387475
4504164,30.0,60.0,30,649,2,3,79.0,163.0,0.0096287,0.0095289,0.0098798,3,4,73.66666666666667,106.25,0.27420915,0.264523375,0.28389492499999996,0.8,1.0,0.6666666666666666,0.9331825037707391
4527487,30.0,60.0,30,671,1,2,485.0,92.5,0.030696,0.0303721,0.030933699999999998,2,3,87.0,165.0,0.39920215000000003,0.381308825,0.417095475,0.0,0.0,0.0,0.0
4544584,30.0,60.0,30,672,1,2,63.0,304.0,0.0100265,0.0073434,0.0120234,1,2,70.0,300.5,0.23673025,0.236056025,0.237404475,1.0,1.0,1.0,0.9
4547202,30.0,60.0,30,696,1,2,113.0,291.0,0.019566,0.019555299999999998,0.019734400000000003,3,4,82.66666666666667,111.25,0.37030849999999993,0.36144155,0.37917545,0.5,1.0,0.3333333333333333,0.8761061946902655
4559519,30.0,60.0,30,991,2,3,252.0,161.66666666666666,0.0740735,0.071216,0.0757621,2,3,228.5,177.33333333333334,0.5581916,0.5552571499999999,0.56112605,1.0,1.0,1.0,0.9170295267457013
4575701,30.0,60.0,30,700,0,1,0.0,700.0,0.0095005,0.0094056,0.009714299999999999,0,1,0.0,700.0,0.1700484,0.1663933,0.1737035,0.0,0.0,0.0,0.0
4579744,30.0,60.0,30,678,3,4,71.33333333333333,115.25,0.0143295,0.013359,0.014645399999999998,4,5,83.75,67.8,0.2917882,0.2898746,0.29370180000000007,0.8571428571428571,1.0,0.75,0.9543195353282847
4605892,30.0,60.0,30,678,1,1,643.0,34.0,0.0659163,0.0648225,0.0673483,5,4,77.2,71.75,0.45391115000000004,0.44860082500000004,0.459221475,0.0,0.0,0.0,0.0
4668185,30.0,60.0,30,641,1,2,61.0,289.5,0.010159,0.0097781,0.010500100000000002,1,2,65.0,287.5,0.22283704999999998,0.220992375,0.22468172499999997,1.0,1.0,1.0,0.9384615384615385
4705097,30.0,60.0,30,659,1,2,74.0,292.0,0.0108016,0.0105969,0.0113973,2,3,69.5,172.66666666666666,0.1695656,0.16645574999999996,0.17267544999999998,0.6666666666666666,1.0,0.5,0.9367088607594937
4724133,30.0,60.0,30,650,1,2,100.0,274.5,0.0070573,0.0070471000000000015,0.007252,1,2,107.0,271.0,0.1343684,0.13424995,0.13448685000000002,1.0,1.0,1.0,0.9345794392523364
4749525,30.0,60.0,30,805,2,3,144.5,171.33333333333334,0.0123475,0.012213100000000001,0.0124416,1,2,151.0,326.5,0.18204500000000004,0.1819601,0.1821299,0.6666666666666666,0.5,1.0,0.9470198675496688
4754626,30.0,60.0,30,1144,2,3,329.5,161.0,0.045716900000000005,0.045567399999999994,0.046785099999999996,2,3,348.0,148.66666666666666,0.51098665,0.505048625,0.516924675,1.0,1.0,1.0,0.9315859677204215
4754956,30.0,60.0,30,647,1,2,96.0,275.0,0.0072763,0.0072482,0.007351600000000001,1,2,100.0,273.0,0.19027615,0.18989042500000003,0.190661875,1.0,1.0,1.0,0.96
4775763,30.0,60.0,30,718,1,2,119.0,299.0,0.011276,0.0112024,0.0112777,3,3,87.0,151.33333333333334,0.35443084999999996,0.344264225,0.364597475,0.5,1.0,0.3333333333333333,0.9754098360655737
4785421,30.0,60.0,30,773,2,3,124.0,174.33333333333334,0.0156909,0.0154167,0.0170786,2,3,130.0,170.33333333333334,0.29394170000000003,0.28588730000000007,0.30199610000000005,1.0,1.0,1.0,0.947399011915141
4789937,30.0,60.0,30,678,1,2,65.0,306.0,0.010956100000000002,0.0094385,0.011079299999999999,3,4,68.33333333333333,117.5,0.22676695000000005,0.224915325,0.22861857500000005,0.5,1.0,0.3333333333333333,0.9285714285714286
4792515,30.0,60.0,30,705,3,4,153.33333333333334,60.5,0.022699699999999996,0.022348299999999998,0.022897700000000003,4,4,68.0,107.25,0.3621399,0.36209615000000006,0.36218364999999997,0.28571428571428575,0.3333333333333333,0.25,0.9518072289156626
4811115,30.0,60.0,30,643,2,3,67.0,169.0,0.007145100000000001,0.0070243,0.007322799999999999,2,3,71.0,166.33333333333334,0.14980780000000002,0.14943925,0.15017635000000001,1.0,1.0,1.0,0.9436619718309859
4824328,30.0,60.0,30,688,3,3,122.66666666666667,105.66666666666667,0.017068,0.016846299999999998,0.017173,4,4,95.0,76.0,0.25544685,0.25431957499999996,0.25657412499999993,0.8571428571428571,1.0,0.75,0.7724461687887779
4861227,30.0,60.0,30,710,2,2,177.0,177.0,0.0189648,0.018953900000000003,0.0189769,6,5,78.16666666666667,47.0,0.34667115,0.34446642499999997,0.34887587499999995,0.25,0.5,0.16666666666666666,0.891566265060241
4861687,30.0,60.0,30,746,4,5,79.25,85.0,0.0113947,0.0113355,0.011668399999999999,6,7,69.5,46.142857142857146,0.3337388,0.33093005,0.33654755,0.8,1.0,0.6666666666666666,0.8657357907896701
4862222,30.0,60.0,30,670,1,2,76.0,296.5,0.0064257,0.006295899999999999,0.006753100000000001,3,4,68.0,115.75,0.11721159999999999,0.1163478,0.1180754,0.5,1.0,0.3333333333333333,0.9382716049382716
4862380,30.0,60.0,30,660,1,2,100.0,279.5,0.0085582,0.0085286,0.0088961,0,1,0.0,660.0,0.12982719999999998,0.12978055,0.12987385,0.0,0.0,0.0,0.0
4865550,30.0,60.0,30,642,1,1,75.0,566.0,0.006595799999999999,0.0065667,0.006603899999999999,0,1,0.0,642.0,0.14818930000000002,0.1472372,0.14914140000000004,0.0,0.0,0.0,0.0
4865558,30.0,60.0,30,649,0,1,0.0,649.0,0.0062403,0.0062194,0.006353799999999999,1,2,60.0,294.0,0.12844545,0.127693975,0.129196925,0.0,0.0,0.0,0.0
4912927,30.0,60.0,30,674,0,1,0.0,674.0,0.0035846999999999997,0.003563,0.003600800000000001,0,1,0.0,674.0,0.042609600000000004,0.04257145,0.042647750000000005,0.0,0.0,0.0,0.0
4915833,30.0,60.0,30,675,2,2,84.0,252.5,0.0068725999999999995,0.0067451,0.00688,2,2,88.5,248.0,0.14939940000000002,0.14911375,0.14968505000000001,1.0,1.0,1.0,0.9491733402221648
4940890,30.0,60.0,30,683,1,2,108.0,287.0,0.0091132,0.0091032,0.009227200000000001,1,2,65.0,308.5,0.15195540000000002,0.150748,0.15316280000000002,0.0,0.0,0.0,0.0
5244934,30.0,60.0,30,656,2,3,182.5,96.33333333333333,0.014930900000000002,0.0147215,0.0151032,3,3,79.33333333333333,138.33333333333334,0.27095575,0.269479625,0.272431875,0.4,0.5,0.3333333333333333,0.9117647058823529
5351422,30.0,60.0,30,654,2,3,67.0,172.66666666666666,0.008562,0.008482799999999999,0.008607,3,4,81.0,102.0,0.17646409999999998,0.17614744999999998,0.17678074999999996,0.8,1.0,0.6666666666666666,0.7916666666666667
5477477,30.0,60.0,30,678,0,1,0.0,678.0,0.0043398,0.004285199999999999,0.004388899999999999,0,1,0.0,678.0,0.0760834,0.07583989999999999,0.07632689999999999,0.0,0.0,0.0,0.0
5499001,30.0,60.0,30,670,0,1,0.0,670.0,0.004720899999999999,0.004689,0.0047555,0,1,0.0,670.0,0.06707384999999999,0.066986925,0.06716077499999999,0.0,0.0,0.0,0.0
5503058,30.0,60.0,30,916,2,3,199.0,172.0,0.023344900000000002,0.0232443,0.023426799999999998,1,2,70.0,422.5,0.3471734,0.34560495,0.34874185,0.6666666666666666,0.5,1.0,0.8571428571428571
5503168,30.0,60.0,30,695,4,5,95.5,61.8,0.0174246,0.0173255,0.017617900000000002,4,5,69.25,82.8,0.287201,0.28589585000000006,0.28850614999999996,0.5,0.5,0.5,0.7925378514780101
5503359,30.0,60.0,30,716,5,5,87.8,54.4,0.014725499999999999,0.014614,0.014769200000000001,6,6,72.83333333333333,45.5,0.28018465000000004,0.279991625,0.28037767500000005,0.7272727272727272,0.8,0.6666666666666666,0.9061809616634178
5540718,30.0,60.0,30,663,2,3,73.0,171.66666666666666,0.010365200000000001,0.0101926,0.0104315,5,6,70.4,51.0,0.27400594999999994,0.260916875,0.28709502499999995,0.5714285714285715,1.0,0.4,0.9033199866533199
5540722,30.0,60.0,30,691,2,3,73.5,180.66666666666666,0.011801200000000001,0.011782,0.011944900000000001,3,4,71.66666666666667,118.25,0.23825615000000003,0.231795625,0.24471667500000002,0.8,1.0,0.6666666666666666,0.9271331902954283
5540733,30.0,60.0,30,641,1,2,76.0,282.0,0.007090100000000001,0.0070555,0.007220800000000001,1,2,80.0,280.0,0.18854220000000002,0.18794880000000003,0.18913560000000001,1.0,1.0,1.0,0.95
5540847,30.0,60.0,30,869,2,3,160.5,182.0,0.015676100000000002,0.0152887,0.015825,4,5,75.0,113.0,0.30817925,0.306202525,0.310155975,0.3333333333333333,0.5,0.25,0.6962025316455697
5547018,30.0,60.0,30,649,0,1,0.0,649.0,0.006211400000000001,0.0061915,0.0063088,3,4,63.333333333333336,114.0,0.1708812,0.16987474999999996,0.17188765000000003,0.0,0.0,0.0,0.0
5565253,30.0,60.0,30,670,1,2,170.0,249.5,0.014557099999999998,0.014404700000000001,0.0147815,4,3,71.5,126.66666666666667,0.23055420000000001,0.22884814999999997,0.23226025,0.0,0.0,0.0,0.0
5615881,30.0,60.0,30,1051,5,5,138.0,71.2,0.0275374,0.0275336,0.0277312,3,3,74.0,275.3333333333333,0.43089879999999997,0.42498465,0.43681295,0.7499999999999999,0.6,1.0,0.9137558611242822
5615968,30.0,60.0,30,642,1,2,65.0,288.0,0.0068109,0.006791500000000001,0.0068691,2,3,72.5,165.0,0.15808495,0.156166525,0.160003375,0.6666666666666666,1.0,0.5,0.9420289855072463
5615986,30.0,60.0,30,685,2,3,130.5,140.66666666666666,0.0178001,0.017241799999999998,0.0184933,5,6,71.6,53.666666666666664,0.23000330000000002,0.22877125,0.23123535,0.28571428571428575,0.5,0.2,0.9295774647887324
5615988,30.0,60.0,30,671,3,4,72.0,113.0,0.0109154,0.010890799999999999,0.011208899999999999,3,4,69.66666666666667,114.75,0.2302822,0.22964980000000002,0.23091459999999997,0.3333333333333333,0.3333333333333333,0.3333333333333333,0.8648648648648649
5616015,30.0,60.0,30,657,0,1,0.0,657.0,0.0044295,0.0042801,0.0044761,0,1,0.0,657.0,0.042126949999999996,0.042015175,0.042238725,0.0,0.0,0.0,0.0
5633515,30.0,60.0,30,663,2,2,83.0,247.5,0.011918799999999998,0.0119077,0.012076299999999998,4,4,80.0,84.75,0.2841811,0.28314175,0.28522045,0.3333333333333333,0.5,0.25,0.7794117647058824
5692189,30.0,60.0,30,1527,2,3,509.0,169.0,0.1146393,0.1125606,0.1148861,2,3,513.0,166.33333333333334,0.6724234,0.6717944,0.6730524,1.0,1.0,1.0,0.9812867126372733
5705278,30.0,60.0,30,643,1,2,62.0,290.0,0.0075187,0.0074769,0.0075801,1,2,68.0,287.0,0.2047304,0.2040435,0.2054173,1.0,1.0,1.0,0.9117647058823529
5705752,30.0,60.0,30,682,1,2,143.0,269.0,0.0103525,0.0103155,0.0103731,1,2,75.0,303.0,0.2109165,0.21050454999999998,0.21132845,1.0,1.0,1.0,0.5244755244755245
5706077,30.0,60.0,30,656,1,2,71.0,292.0,0.0070082,0.0069992,0.0070257,3,3,69.33333333333333,148.33333333333334,0.18067510000000003,0.18035110000000004,0.1809991,0.5,1.0,0.3333333333333333,0.9466666666666667
5706137,30.0,60.0,30,737,2,3,228.0,93.0,0.024394,0.0241854,0.024413500000000005,5,6,88.2,48.5,0.38262995,0.374191325,0.391068575,0.28571428571428575,0.5,0.2,0.6256983240223464
5715345,30.0,60.0,30,923,1,2,366.0,278.0,0.023357,0.0227467,0.0238876,1,2,370.0,276.0,0.27150545000000004,0.270337575,0.272673325,1.0,1.0,1.0,0.9891891891891892
5771585,30.0,60.0,30,720,4,5,80.25,79.0,0.0104494,0.0103059,0.0105614,5,5,80.2,62.8,0.24595229999999998,0.24464639999999996,0.2472582,0.888888888888889,1.0,0.8,0.9475366388243778
5771621,30.0,60.0,30,675,3,3,81.33333333333333,142.66666666666666,0.0130965,0.012490900000000001,0.013968600000000001,4,3,84.25,111.33333333333333,0.30333065000000003,0.302280875,0.304380425,0.5714285714285715,0.6666666666666666,0.5,0.7975147505810836
5772092,30.0,60.0,30,729,2,3,85.0,185.66666666666666,0.0181432,0.0169993,0.0184475,4,5,78.0,82.6,0.3663898,0.3608142,0.3719654,0.6666666666666666,1.0,0.5,0.9108552631578948
5772102,30.0,60.0,30,725,4,5,103.75,61.2,0.019793099999999998,0.0196132,0.0201477,4,4,75.75,104.5,0.35569715,0.347839675,0.363554625,0.75,0.75,0.75,0.8317829457364341
5772192,30.0,60.0,30,706,4,5,75.25,80.2,0.0264437,0.0231776,0.0267097,4,5,78.5,77.6,0.32651280000000005,0.32181475,0.33121085000000006,0.5,0.5,0.5,0.8604902667627974
5874746,30.0,60.0,30,729,3,3,89.0,153.0,0.013195700000000001,0.013018599999999998,0.0132144,2,3,108.5,170.0,0.3450218499999999,0.322070975,0.36797272499999994,0.8,0.6666666666666666,1.0,0.8640375586854461
5874767,30.0,60.0,30,1278,3,3,353.0,72.0,0.1080032,0.10770099999999999,0.1083884,4,5,74.25,195.4,0.7943357500000001,0.7737336749999999,0.8149378250000001,0.5714285714285715,0.6666666666666666,0.5,0.832942097026604
5874769,30.0,60.0,30,649,2,3,69.5,169.33333333333334,0.0177311,0.0167185,0.0247184,1,2,71.0,288.5,0.27162440000000004,0.26776785,0.27548095,0.0,0.0,0.0,0.0
5874787,30.0,60.0,30,1064,3,3,285.3333333333333,68.33333333333333,0.1206159,0.1134829,0.1304382,5,4,163.6,60.25,0.72275565,0.7184805750000001,0.727030725,0.7499999999999999,1.0,0.6,0.743865471973112
5875173,30.0,60.0,30,712,2,2,330.5,24.5,0.069108,0.068742,0.07009639999999999,2,2,96.5,258.5,0.4868070499999999,0.48513842500000004,0.488475675,0.5,0.5,0.5,0.8602150537634409
5882173,30.0,60.0,30,665,3,4,76.0,108.5,0.011704799999999998,0.0116895,0.0117909,3,4,79.33333333333333,106.0,0.37557245,0.363520725,0.387624175,1.0,1.0,1.0,0.9401471602054056
5969330,30.0,60.0,30,721,1,2,75.0,322.5,0.0183515,0.0179258,0.0183826,3,3,65.66666666666667,173.66666666666666,0.31416330000000003,0.312797,0.31552959999999997,0.0,0.0,0.0,0.0
5969331,30.0,60.0,30,706,2,3,171.5,120.33333333333333,0.026051599999999998,0.023555299999999998,0.027305700000000002,5,5,78.0,62.2,0.35162480000000007,0.35064085,0.3526087500000001,0.28571428571428575,0.5,0.2,0.8522727272727273
5969362,30.0,60.0,30,672,1,2,70.0,300.5,0.0125615,0.0119474,0.0147954,3,4,66.0,117.75,0.33182125,0.33116827499999996,0.33247422499999996,0.5,1.0,0.3333333333333333,0.9722222222222222
6058407,30.0,60.0,30,696,2,2,89.0,258.0,0.014066700000000001,0.012539100000000001,0.0147043,1,1,93.0,602.0,0.24212934999999997,0.241431925,0.24282677500000002,0.6666666666666666,0.5,1.0,0.978494623655914
6062407,30.0,60.0,30,666,3,4,77.66666666666667,107.5,0.0112351,0.010733000000000001,0.0112356,3,4,94.33333333333333,95.0,0.23666389999999998,0.2364623,0.23686550000000003,1.0,1.0,1.0,0.8442243613476491
6109129,30.0,60.0,30,721,1,2,147.0,286.5,0.0104053,0.010387799999999999,0.010846399999999999,2,3,68.5,194.0,0.1812622,0.17964215,0.18288224999999997,0.0,0.0,0.0,0.0
6148097,30.0,60.0,30,725,1,2,169.0,277.5,0.0139705,0.0137658,0.014137799999999999,1,2,173.0,275.5,0.29486959999999995,0.275351,0.31438819999999995,1.0,1.0,1.0,0.976878612716763
6148143,30.0,60.0,30,677,3,4,70.33333333333333,115.75,0.0079366,0.007883,0.0082423,3,4,72.0,114.5,0.168533,0.16835345000000002,0.16871255,1.0,1.0,1.0,0.9319965214577519
6148208,30.0,60.0,30,646,2,2,160.0,162.0,0.0223831,0.022256,0.0228134,3,4,68.0,109.75,0.2998004,0.29395920000000003,0.30564159999999996,0.4,0.5,0.3333333333333333,0.7596153846153846
6190357,30.0,60.0,30,710,1,1,178.0,531.0,0.012010700000000001,0.0119203,0.012274799999999999,0,1,0.0,710.0,0.24680595000000002,0.21134672499999999,0.28226517500000003,0.0,0.0,0.0,0.0
6193396,30.0,60.0,30,658,2,3,113.5,143.0,0.0148004,0.0145877,0.0148518,3,4,71.33333333333333,110.25,0.27036114999999994,0.270104925,0.270617375,0.4,0.5,0.3333333333333333,0.9333333333333333
6193436,30.0,60.0,30,666,1,1,507.0,158.0,0.0299958,0.0298785,0.030154,4,2,73.25,184.5,0.3576205,0.3568416,0.35839940000000003,0.0,0.0,0.0,0.0
4216956,50.0,10.0,5,910,10,10,81.0,9.0,0.0404799,0.0404647,0.040814800000000005,11,12,35.0,42.833333333333336,0.56708965,0.5451394249999999,0.589039875,0.380952380952381,0.4,0.36363636363636365,0.7457851215521272
4272243,50.0,10.0,5,646,5,5,34.8,93.4,0.005331199999999999,0.0051116,0.005515999999999999,8,8,18.125,61.625,0.2164884,0.21586284999999997,0.21711395,0.4615384615384615,0.6,0.375,0.8450310559006211
4344977,50.0,10.0,5,1187,6,5,169.33333333333334,33.0,0.0554967,0.055395,0.055619,17,16,43.76470588235294,26.625,0.7479420499999999,0.733655525,0.762228575,0.08695652173913045,0.16666666666666666,0.058823529411764705,0.8453038674033149
4350946,50.0,10.0,5,690,7,6,90.42857142857143,8.333333333333334,0.013625199999999999,0.0135385,0.0139202,12,13,15.833333333333334,37.53846153846154,0.47684399999999993,0.4444620000000001,0.509226,0.0,0.0,0.0,0.0
4351935,50.0,10.0,5,775,7,5,96.14285714285714,19.0,0.0239726,0.018970599999999997,0.0261863,14,15,22.142857142857142,30.066666666666666,0.45722075,0.438229975,0.476211525,0.19047619047619047,0.2857142857142857,0.14285714285714285,0.8267350928641252
4352377,50.0,10.0,5,716,11,10,48.90909090909091,16.7,0.014473399999999999,0.0142382,0.014783400000000002,12,11,26.666666666666668,34.90909090909091,0.7339430999999998,0.64367365,0.8242125499999999,0.43478260869565216,0.45454545454545453,0.4166666666666667,0.9260033670033669
4358853,50.0,10.0,5,666,8,7,68.125,16.142857142857142,0.0169627,0.0159126,0.0181581,11,12,14.181818181818182,41.583333333333336,0.78022125,0.730412275,0.8300302250000001,0.10526315789473685,0.125,0.09090909090909091,0.7333333333333333
4359232,50.0,10.0,5,681,5,5,41.2,94.0,0.0068717,0.0060686,0.0070195,9,10,17.555555555555557,51.4,0.5567539000000001,0.5453549,0.5681529000000001,0.14285714285714285,0.2,0.1111111111111111,0.75
4370045,50.0,10.0,5,720,6,7,72.83333333333333,39.57142857142857,0.0166389,0.0153469,0.018836400000000003,10,11,19.9,46.45454545454545,0.4230369500000001,0.417379725,0.42869417500000007,0.0,0.0,0.0,0.0
4389353,50.0,10.0,5,650,8,8,47.5,32.75,0.0076886,0.007564899999999999,0.0080644,10,10,21.4,42.6,0.47145449999999994,0.4222199,0.5206890999999999,0.4444444444444445,0.5,0.4,0.8099128540305011
4389414,50.0,10.0,5,645,5,5,65.6,62.4,0.0161626,0.013108100000000003,0.0168758,8,9,14.375,58.0,0.49088944999999995,0.456938375,0.524840525,0.0,0.0,0.0,0.0
4392729,50.0,10.0,5,652,9,9,45.22222222222222,26.22222222222222,0.0084865,0.0082459,0.0085799,14,14,18.857142857142858,26.714285714285715,0.51460665,0.5000399750000001,0.5291733249999999,0.2608695652173913,0.3333333333333333,0.21428571428571427,0.7642045454545454
4393045,50.0,10.0,5,936,8,8,96.0,20.0,0.0258653,0.0254666,0.0262145,12,13,37.25,36.69230769230769,0.7156241999999999,0.68406925,0.7471791499999999,0.3,0.375,0.25,0.8221081550028918
4440451,50.0,10.0,5,657,3,4,58.333333333333336,119.75,0.0053308,0.005329499999999999,0.0053755,12,10,17.75,43.2,0.32965219999999995,0.32074289999999994,0.3385615,0.0,0.0,0.0,0.0
4443744,50.0,10.0,5,710,7,8,60.285714285714285,35.125,0.008484799999999999,0.008362399999999999,0.008497,13,14,15.923076923076923,35.0,0.37507945,0.36757502499999994,0.382583875,0.0,0.0,0.0,0.0
4448887,50.0,10.0,5,666,8,7,63.875,21.0,0.011415100000000001,0.011382,0.011790700000000001,11,11,16.09090909090909,43.45454545454545,0.35552395,0.35149502499999996,0.359552875,0.2105263157894737,0.25,0.18181818181818182,0.7400379506641366
4469551,50.0,10.0,5,670,6,6,77.5,33.166666666666664,0.010831299999999999,0.0103863,0.010875899999999999,12,10,16.583333333333332,45.9,0.38288179999999994,0.37975605,0.3860075499999999,0.2222222222222222,0.3333333333333333,0.16666666666666666,0.8055555555555556
4472905,50.0,10.0,5,816,8,8,80.375,20.625,0.0174723,0.0174017,0.017583,12,13,32.583333333333336,31.76923076923077,0.43590245,0.434931825,0.436873075,0.5,0.625,0.4166666666666667,0.7790732720870253
4473229,50.0,10.0,5,673,5,5,71.2,62.4,0.0070015,0.0069451,0.0070241,6,7,21.0,77.28571428571429,0.3786965,0.35555605,0.40183695,0.1818181818181818,0.2,0.16666666666666666,0.7142857142857143
4481970,50.0,10.0,5,642,9,9,51.77777777777778,18.555555555555557,0.0101446,0.0099077,0.0102279,9,9,16.88888888888889,53.44444444444444,0.32673159999999996,0.32653225,0.32693094999999994,0.0,0.0,0.0,0.0
4482888,50.0,10.0,5,647,1,1,47.0,599.0,0.0035031000000000003,0.0034969000000000003,0.0035165,8,9,22.375,51.111111111111114,0.1538711,0.15340049999999997,0.15434169999999997,0.0,0.0,0.0,0.0
4487550,50.0,10.0,5,653,12,11,38.916666666666664,15.818181818181818,0.0090341,0.0089508,0.009289,12,11,20.583333333333332,35.81818181818182,0.34691910000000004,0.346222,0.3476162,0.5833333333333334,0.5833333333333334,0.5833333333333334,0.7578908008255835
4487946,50.0,10.0,5,710,3,3,189.66666666666666,46.0,0.0402425,0.039793199999999994,0.041244199999999995,6,7,82.16666666666667,30.142857142857142,0.39872609999999997,0.3921002,0.40535200000000005,0.4444444444444444,0.6666666666666666,0.3333333333333333,0.7408477842003853
4504164,50.0,10.0,5,649,4,4,128.0,33.25,0.012094200000000001,0.012062499999999999,0.0121212,10,10,16.2,47.7,0.32668265,0.3263738749999999,0.326991425,0.14285714285714288,0.25,0.1,0.6571428571428571
4527487,50.0,10.0,5,671,1,1,654.0,16.0,0.0572746,0.0547315,0.0595463,10,11,12.6,48.63636363636363,0.38398785,0.377021175,0.3909545250000001,0.0,0.0,0.0,0.0
4544584,50.0,10.0,5,672,9,9,54.0,19.666666666666668,0.0103195,0.0100167,0.0107643,13,14,17.923076923076923,30.428571428571427,0.40976000000000007,0.40742235,0.41209765000000004,0.3636363636363637,0.4444444444444444,0.3076923076923077,0.7526612276612277
4547202,50.0,10.0,5,696,6,5,105.33333333333333,11.6,0.0217095,0.0208429,0.0220208,14,13,18.928571428571427,32.07692307692308,0.40051924999999994,0.39936397500000004,0.40167452499999995,0.1,0.16666666666666666,0.07142857142857142,0.8064516129032258
4559519,50.0,10.0,5,991,8,7,108.125,16.857142857142858,0.07075680000000001,0.0683098,0.0710865,12,11,44.583333333333336,40.36363636363637,0.5829193,0.58243275,0.58340585,0.4,0.5,0.3333333333333333,0.8054369904335782
4575701,50.0,10.0,5,700,7,6,47.0,60.666666666666664,0.007698700000000001,0.007684399999999999,0.0078008,8,8,21.0,65.5,0.37888605,0.3782406749999999,0.37953142500000003,0.0,0.0,0.0,0.0
4579744,50.0,10.0,5,678,7,8,77.71428571428571,15.875,0.012005400000000001,0.011808899999999999,0.012246100000000001,10,10,13.3,53.5,0.38568065,0.384451325,0.38690997499999996,0.0,0.0,0.0,0.0
4605892,50.0,10.0,5,678,1,0,677.0,0.0,0.08458189999999999,0.08419339999999999,0.0848705,13,11,13.692307692307692,44.27272727272727,0.42477115,0.398791175,0.450751125,0.0,0.0,0.0,0.0
4668185,50.0,10.0,5,641,10,8,43.5,24.5,0.0074227,0.0073251,0.00773,12,12,15.25,37.166666666666664,0.35659105,0.342806925,0.370375175,0.1818181818181818,0.2,0.16666666666666666,0.7702020202020202
4705097,50.0,10.0,5,659,10,10,47.9,17.0,0.012360399999999997,0.011771500000000002,0.0129255,9,10,17.11111111111111,49.6,0.34408189999999994,0.34215045,0.34601335,0.5263157894736842,0.5,0.5555555555555556,0.7464285714285714
4724133,50.0,10.0,5,650,4,4,71.5,90.0,0.0078826,0.0077683,0.0079035,10,9,17.9,51.22222222222222,0.32815275,0.312065775,0.34423972500000005,0.0,0.0,0.0,0.0
4749525,50.0,10.0,5,805,10,11,54.1,23.09090909090909,0.015923800000000002,0.0155883,0.015969800000000003,12,13,31.083333333333332,32.30769230769231,0.44944985,0.444344375,0.45455532499999995,0.6363636363636365,0.7,0.5833333333333334,0.7012753587903183
4754626,50.0,10.0,5,1144,7,7,141.71428571428572,20.714285714285715,0.048197199999999996,0.0481387,0.0491776,15,13,50.266666666666666,28.846153846153847,0.6096997,0.6091795,0.6102199,0.18181818181818182,0.2857142857142857,0.13333333333333333,0.7146572104018912
4754956,50.0,10.0,5,647,8,7,59.0,23.857142857142858,0.0079843,0.0078712,0.0080799,10,10,20.3,43.4,0.3337417,0.33321175,0.33427165,0.22222222222222224,0.25,0.2,0.8205741626794258
4775763,50.0,10.0,5,718,10,9,58.7,13.444444444444445,0.0111749,0.01114,0.011357899999999999,12,13,19.25,36.53846153846154,0.40237290000000003,0.3899878,0.414758,0.1818181818181818,0.2,0.16666666666666666,0.6847722960151803
4785421,50.0,10.0,5,773,9,8,76.22222222222223,9.75,0.013781100000000001,0.0134565,0.014658400000000002,14,14,23.5,30.714285714285715,0.3981118,0.39708469999999996,0.39913889999999996,0.17391304347826086,0.2222222222222222,0.14285714285714285,0.7211242863416776
4789937,50.0,10.0,5,678,10,6,58.4,14.0,0.0104955,0.0103681,0.0105291,9,9,14.666666666666666,59.666666666666664,0.3614403499999999,0.355121825,0.36775887499999993,0.10526315789473685,0.1,0.1111111111111111,0.8571428571428571
4792515,50.0,10.0,5,705,1,1,688.0,16.0,0.0306697,0.0302567,0.030689400000000002,11,11,13.454545454545455,49.63636363636363,0.36608209999999997,0.3659219,0.3662423,0.0,0.0,0.0,0.0
4811115,50.0,10.0,5,643,6,5,77.0,35.0,0.008003,0.0078627,0.0080902,12,12,16.666666666666668,35.916666666666664,0.32979444999999996,0.32921327499999997,0.330375625,0.1111111111111111,0.16666666666666666,0.08333333333333333,0.8421052631578947
4824328,50.0,10.0,5,688,3,3,193.0,35.333333333333336,0.0197714,0.019758599999999998,0.0200236,17,18,14.882352941176471,23.22222222222222,0.5166824000000001,0.47109464999999995,0.56227015,0.1,0.3333333333333333,0.058823529411764705,0.8333333333333334
4861227,50.0,10.0,5,710,4,3,164.5,16.0,0.027316200000000002,0.026100400000000006,0.029461599999999998,12,13,16.083333333333332,38.84615384615385,0.39982615000000005,0.398435575,0.401216725,0.0,0.0,0.0,0.0
4861687,50.0,10.0,5,746,9,7,69.66666666666667,15.714285714285714,0.012515799999999999,0.012447,0.0126865,14,14,17.214285714285715,35.07142857142857,0.3843903000000001,0.38401785000000005,0.38476275,0.17391304347826086,0.2222222222222222,0.14285714285714285,0.8596153846153847
4862222,50.0,10.0,5,670,5,5,48.8,84.2,0.0056746999999999995,0.0056739,0.0057561,7,8,16.428571428571427,68.5,0.3758898,0.37117315,0.38060645,0.16666666666666666,0.2,0.14285714285714285,0.5384615384615384
4862380,50.0,10.0,5,660,7,7,63.285714285714285,30.0,0.0096283,0.0095579,0.0101261,10,10,19.6,45.4,0.38680935,0.385709725,0.387908975,0.3529411764705882,0.42857142857142855,0.3,0.8766666666666666
4865550,50.0,10.0,5,642,11,11,37.90909090909091,19.454545454545453,0.0082968,0.0082229,0.0083834,9,10,16.555555555555557,48.4,0.38291665,0.379521775,0.38631152500000004,0.39999999999999997,0.36363636363636365,0.4444444444444444,0.8083333333333332
4865558,50.0,10.0,5,649,10,11,35.8,25.545454545454547,0.007465899999999999,0.0074585,0.0074751,14,14,15.285714285714286,30.071428571428573,0.37792465,0.372377675,0.3834716249999999,0.3333333333333333,0.4,0.2857142857142857,0.8083333333333333
4912927,50.0,10.0,5,674,3,2,29.0,292.0,0.0043796,0.0043212,0.0044326999999999995,5,5,15.6,118.2,0.21170650000000002,0.2107269,0.21268610000000002,0.25,0.3333333333333333,0.2,0.7
4915833,50.0,10.0,5,675,10,9,42.8,26.333333333333332,0.0078183,0.0077849,0.0078293,8,8,22.125,61.25,0.35445445000000003,0.35139632500000006,0.357512575,0.22222222222222224,0.2,0.25,0.8350515463917525
4940890,50.0,10.0,5,683,7,7,57.285714285714285,39.285714285714285,0.0092422,0.0091276,0.0092841,12,13,19.25,33.84615384615385,0.4163527,0.38278505,0.44992035,0.2105263157894737,0.2857142857142857,0.16666666666666666,0.7155425219941349
5244934,50.0,10.0,5,656,4,4,149.5,13.5,0.05067939999999999,0.049999,0.0591084,10,11,16.6,43.63636363636363,0.37172114999999994,0.367448325,0.375993975,0.14285714285714288,0.25,0.1,0.7037037037037037
5351422,50.0,10.0,5,654,4,4,126.5,36.0,0.010947700000000001,0.0109205,0.0115228,13,14,15.23076923076923,31.642857142857142,0.3595667,0.35858090000000004,0.3605525,0.11764705882352941,0.25,0.07692307692307693,0.8064516129032258
5477477,50.0,10.0,5,678,3,3,48.333333333333336,176.66666666666666,0.0047829,0.0047423000000000005,0.0048049,8,9,18.375,58.111111111111114,0.37200655,0.37092982499999994,0.37308327500000005,0.0,0.0,0.0,0.0
5499001,50.0,10.0,5,670,5,6,45.0,73.33333333333333,0.0056174,0.0054558,0.0056707,5,6,22.8,91.83333333333333,0.37904804999999997,0.36915827500000004,0.38893782499999996,0.20000000000000004,0.2,0.2,0.9
5503058,50.0,10.0,5,916,8,6,100.375,17.5,0.0452777,0.044601199999999994,0.045539699999999995,10,11,15.2,68.54545454545455,0.53253475,0.5282961749999999,0.536773325,0.22222222222222224,0.25,0.2,0.8109243697478992
5503168,50.0,10.0,5,695,4,4,164.0,8.75,0.025598399999999997,0.025386,0.0258271,14,13,14.285714285714286,37.0,0.40196335,0.396752475,0.407174225,0.0,0.0,0.0,0.0
5503359,50.0,10.0,5,716,4,3,172.25,7.666666666666667,0.0204126,0.0203375,0.020775599999999998,12,12,16.083333333333332,42.583333333333336,0.3946977,0.39301549999999996,0.3963799,0.0,0.0,0.0,0.0
5540718,50.0,10.0,5,663,4,4,146.25,18.5,0.014458299999999999,0.0139671,0.014738600000000001,13,12,14.538461538461538,38.416666666666664,0.37532575000000007,0.373943075,0.376708425,0.0,0.0,0.0,0.0
5540722,50.0,10.0,5,691,5,5,97.6,39.6,0.0123891,0.0121052,0.012498,12,10,21.416666666666668,42.2,0.39553399999999994,0.39241344999999994,0.39865455,0.11764705882352941,0.2,0.08333333333333333,0.9552238805970149
5540733,50.0,10.0,5,641,9,9,50.111111111111114,20.11111111111111,0.010114799999999998,0.00905,0.0104514,10,10,20.4,42.7,0.36782754999999995,0.36580957499999994,0.369845525,0.10526315789473685,0.1111111111111111,0.1,1.0
5540847,50.0,10.0,5,869,8,6,87.25,27.166666666666668,0.0233821,0.0232133,0.0242177,12,11,20.5,55.54545454545455,0.48766225,0.487088425,0.488236075,0.3,0.375,0.25,0.8123306233062331
5547018,50.0,10.0,5,649,5,6,61.6,56.0,0.0066974,0.0066135,0.0070802,13,14,12.615384615384615,33.714285714285715,0.35704625,0.356345275,0.35774722500000006,0.0,0.0,0.0,0.0
5565253,50.0,10.0,5,670,7,6,77.28571428571429,20.333333333333332,0.0198378,0.0192294,0.0198881,12,13,15.75,36.07692307692308,0.34941085000000005,0.34735467500000006,0.35146702500000004,0.3157894736842105,0.42857142857142855,0.25,0.7490196078431373
5615881,50.0,10.0,5,1051,5,5,177.6,31.6,0.032068099999999995,0.028656599999999997,0.03585,12,13,31.916666666666668,50.46153846153846,0.5853348500000001,0.5820485750000001,0.588621125,0.0,0.0,0.0,0.0
5615968,50.0,10.0,5,642,5,6,79.2,40.166666666666664,0.008600700000000001,0.0084521,0.0086249,11,11,16.90909090909091,40.45454545454545,0.3722702,0.36978544999999996,0.3747549500000001,0.0,0.0,0.0,0.0
5615986,50.0,10.0,5,685,8,7,70.625,16.0,0.020962,0.0207619,0.0209933,13,13,17.076923076923077,34.61538461538461,0.46538455,0.46115302499999994,0.469616075,0.1904761904761905,0.25,0.15384615384615385,0.7024886877828054
5615988,50.0,10.0,5,671,4,5,136.25,24.4,0.0143696,0.014119399999999999,0.014472200000000001,14,13,16.142857142857142,33.15384615384615,0.44675675,0.437786875,0.455726625,0.11111111111111112,0.25,0.07142857142857142,0.8648648648648649
5616015,50.0,10.0,5,657,4,4,49.0,114.25,0.0062141,0.006136600000000001,0.006325399999999999,10,10,13.2,51.5,0.37335625,0.372802625,0.373909875,0.14285714285714288,0.25,0.1,0.5454545454545454
5633515,50.0,10.0,5,663,4,3,146.25,24.666666666666668,0.0172127,0.0171346,0.0172287,13,14,16.846153846153847,30.785714285714285,0.3784224,0.3780049,0.3788399,0.0,0.0,0.0,0.0
5692189,50.0,10.0,5,1527,6,7,205.83333333333334,40.857142857142854,0.122494,0.1219174,0.1344658,8,8,128.375,61.5,0.8449243500000001,0.8445121250000002,0.8453365749999999,0.28571428571428575,0.3333333333333333,0.25,0.7976769334601344
5705278,50.0,10.0,5,643,9,9,49.77777777777778,20.666666666666668,0.0080387,0.0079988,0.0080421,9,9,17.11111111111111,53.333333333333336,0.38049589999999994,0.37742454999999997,0.3835672500000001,0.2222222222222222,0.2222222222222222,0.2222222222222222,0.8909090909090909
5705752,50.0,10.0,5,682,9,8,56.666666666666664,20.375,0.011041900000000002,0.0108757,0.0110807,12,12,19.25,36.583333333333336,0.3796173,0.37936240000000004,0.3798722,0.28571428571428575,0.3333333333333333,0.25,0.7857142857142857
5706077,50.0,10.0,5,656,5,5,80.4,49.8,0.0090748,0.008948600000000001,0.009252100000000001,11,12,20.636363636363637,34.833333333333336,0.3573641,0.35550995,0.35921825000000007,0.12500000000000003,0.2,0.09090909090909091,0.6172839506172839
5706137,50.0,10.0,5,737,3,2,242.0,4.0,0.041175199999999995,0.0409478,0.0431896,16,16,17.4375,27.625,0.38378385000000004,0.38186242500000006,0.385705275,0.10526315789473684,0.3333333333333333,0.0625,0.7916666666666666
5715345,50.0,10.0,5,923,5,6,112.6,59.166666666666664,0.022998599999999998,0.0225766,0.023363,8,9,55.25,52.55555555555556,0.50475705,0.500785825,0.5087282750000001,0.15384615384615385,0.2,0.125,0.8867924528301887
5771585,50.0,10.0,5,720,9,9,69.33333333333333,9.666666666666666,0.0129909,0.0128946,0.0130438,12,13,20.25,35.76923076923077,0.39332104999999995,0.392832925,0.39380917499999996,0.1904761904761905,0.2222222222222222,0.16666666666666666,0.873015873015873
5771621,50.0,10.0,5,675,5,4,124.0,12.5,0.015418,0.014583700000000002,0.015510799999999998,13,13,15.846153846153847,35.07692307692308,0.3830817999999999,0.37969479999999994,0.3864688,0.0,0.0,0.0,0.0
5772092,50.0,10.0,5,729,4,3,171.5,13.0,0.0240436,0.023933400000000004,0.0246143,17,15,15.352941176470589,30.066666666666666,0.36835025,0.366819625,0.369880875,0.09523809523809523,0.25,0.058823529411764705,0.9615384615384616
5772102,50.0,10.0,5,725,6,5,112.5,8.8,0.020282900000000003,0.020182,0.0203424,9,8,21.88888888888889,64.875,0.36151325,0.360469425,0.362557075,0.0,0.0,0.0,0.0
5772192,50.0,10.0,5,706,3,3,221.66666666666666,12.666666666666666,0.0243056,0.024292599999999998,0.0246785,14,13,12.571428571428571,39.69230769230769,0.35391815000000004,0.35374147499999997,0.354094825,0.0,0.0,0.0,0.0
5874746,50.0,10.0,5,729,5,4,122.6,27.75,0.0135789,0.0135232,0.013634,14,14,20.714285714285715,30.357142857142858,0.35968145000000007,0.35910267500000004,0.36026022500000005,0.21052631578947364,0.4,0.14285714285714285,0.7282913165266107
5874767,50.0,10.0,5,1278,4,3,314.25,5.666666666666667,0.1820556,0.18059900000000004,0.182246,12,10,59.333333333333336,55.4,0.67426075,0.6730711250000001,0.675450375,0.125,0.25,0.08333333333333333,0.5715883668903803
5874769,50.0,10.0,5,649,3,1,214.0,4.0,0.015193100000000001,0.0151137,0.015365799999999999,14,14,14.285714285714286,31.071428571428573,0.32177745,0.32139547500000004,0.322159425,0.0,0.0,0.0,0.0
5874787,50.0,10.0,5,1064,2,1,530.0,2.0,0.0789049,0.07884519999999999,0.0789338,13,13,45.38461538461539,35.46153846153846,0.54778795,0.5457550250000001,0.549820875,0.0,0.0,0.0,0.0
5875173,50.0,10.0,5,712,1,0,711.0,0.0,0.0725977,0.0721818,0.0727115,11,11,13.545454545454545,50.18181818181818,0.3676716499999999,0.366329925,0.3690133749999999,0.0,0.0,0.0,0.0
5882173,50.0,10.0,5,665,5,4,105.8,32.75,0.0148436,0.0141831,0.018297,13,12,14.384615384615385,38.75,0.33513265000000003,0.33443052500000003,0.33583477500000003,0.0,0.0,0.0,0.0
5969330,50.0,10.0,5,721,5,5,102.6,40.6,0.0131191,0.013118600000000001,0.013174799999999999,15,14,17.4,31.785714285714285,0.3622026,0.3616736,0.3627316,0.0,0.0,0.0,0.0
5969331,50.0,10.0,5,706,2,3,317.0,23.333333333333332,0.0318837,0.0318289,0.0322985,18,16,16.77777777777778,24.125,0.37877190000000005,0.37032245,0.38722134999999996,0.0,0.0,0.0,0.0
5969362,50.0,10.0,5,672,9,8,62.77777777777778,12.25,0.0130163,0.0129042,0.0130241,10,9,16.7,55.0,0.34344405,0.342669625,0.34421847499999997,0.3157894736842105,0.3333333333333333,0.3,0.7911616161616162
6058407,50.0,10.0,5,696,6,6,74.5,40.5,0.0088139,0.0086937,0.0088974,14,12,19.142857142857142,34.5,0.34753745,0.347216425,0.347858475,0.0,0.0,0.0,0.0
6062407,50.0,10.0,5,666,6,7,89.5,17.571428571428573,0.012105399999999999,0.011906799999999999,0.012149399999999998,12,13,19.0,32.76923076923077,0.34130325,0.341093175,0.34151332500000003,0.0,0.0,0.0,0.0
6109129,50.0,10.0,5,721,9,9,56.333333333333336,22.77777777777778,0.011251299999999999,0.0111518,0.0112972,11,12,24.545454545454547,36.666666666666664,0.37100304999999995,0.37078532499999994,0.37122077499999995,0.3,0.3333333333333333,0.2727272727272727,0.8072128851540615
6148097,50.0,10.0,5,725,10,10,61.0,10.5,0.014190399999999999,0.0141265,0.014301199999999998,12,12,25.0,34.416666666666664,0.42073465,0.40958317499999997,0.43188612500000007,0.3636363636363636,0.4,0.3333333333333333,0.8163379050812392
6148143,50.0,10.0,5,677,4,5,81.25,69.6,0.0106454,0.009918100000000001,0.0106951,11,10,13.272727272727273,52.0,0.44042080000000006,0.4240630000000001,0.4567786,0.0,0.0,0.0,0.0
6148208,50.0,10.0,5,646,4,3,132.5,37.333333333333336,0.0339507,0.032196,0.0345554,15,15,17.733333333333334,24.333333333333332,0.37497165000000005,0.37079827500000007,0.379145025,0.10526315789473685,0.25,0.06666666666666667,1.0
6190357,50.0,10.0,5,710,6,6,69.0,48.333333333333336,0.0134734,0.013205899999999998,0.013797,11,11,22.636363636363637,40.90909090909091,0.39771505,0.39643567499999993,0.398994425,0.23529411764705885,0.3333333333333333,0.18181818181818182,0.5722321428571429
6193396,50.0,10.0,5,658,2,1,321.0,14.0,0.022034,0.0219496,0.024022300000000003,14,12,17.071428571428573,33.75,0.38460925,0.381171525,0.388046975,0.125,0.5,0.07142857142857142,0.5277777777777778
6193436,50.0,10.0,5,666,2,1,306.5,51.0,0.0454416,0.044684699999999994,0.0470433,12,12,18.833333333333332,35.666666666666664,0.3720967,0.369184,0.3750093999999999,0.0,0.0,0.0,0.0
4216956,50.0,15.0,8,910,7,7,102.28571428571429,26.714285714285715,0.0375109,0.037445900000000004,0.0378573,9,8,46.333333333333336,60.5,0.48650010000000005,0.48581684999999997,0.48718335,0.5,0.5714285714285714,0.4444444444444444,0.752
4272243,50.0,15.0,8,646,4,4,38.5,122.0,0.0046661,0.0046648,0.0047975,7,5,25.428571428571427,92.2,0.1750149,0.17486665,0.17516314999999996,0.5454545454545454,0.75,0.42857142857142855,0.757091381652785
4344977,50.0,15.0,8,1187,6,6,164.83333333333334,32.0,0.0527923,0.052728800000000006,0.053047699999999996,10,9,70.7,52.22222222222222,0.6258289000000001,0.6235757000000001,0.6280821,0.125,0.16666666666666666,0.1,0.8595505617977528
4350946,50.0,15.0,8,690,8,8,77.375,7.875,0.012997999999999997,0.0129035,0.0131389,12,12,30.833333333333332,25.666666666666668,0.3637007,0.362667,0.36473439999999996,0.5,0.625,0.4166666666666667,0.9030367094206102
4351935,50.0,15.0,8,775,7,5,94.57142857142857,21.2,0.0173615,0.0173372,0.0175366,13,12,21.923076923076923,39.75,0.4374419500000001,0.4363018250000001,0.438582075,0.2,0.2857142857142857,0.15384615384615385,0.70926243567753
4352377,50.0,15.0,8,716,9,8,54.888888888888886,26.625,0.0140763,0.013786199999999998,0.0148075,12,11,27.833333333333332,33.63636363636363,0.42851475000000006,0.424413625,0.432615875,0.6666666666666666,0.7777777777777778,0.5833333333333334,0.8538579377152101
4358853,50.0,15.0,8,666,8,8,62.5,19.75,0.0125416,0.012425099999999998,0.0132896,11,12,26.727272727272727,30.083333333333332,0.39900909999999995,0.38669925000000005,0.41131894999999996,0.4210526315789474,0.5,0.36363636363636365,0.7497196059696061
4359232,50.0,15.0,8,681,4,4,48.0,121.25,0.0068742,0.0063958999999999995,0.007449000000000001,5,6,33.2,85.0,0.21500775000000003,0.212007625,0.218007875,0.4444444444444445,0.5,0.4,0.8873684210526316
4370045,50.0,15.0,8,720,5,6,76.4,55.5,0.014353399999999999,0.013185200000000001,0.0150871,8,8,24.125,64.875,0.41346415,0.406795375,0.42013292500000005,0.15384615384615385,0.2,0.125,0.9117647058823529
4389353,50.0,15.0,8,650,8,8,44.375,35.875,0.0078779,0.0076783,0.0091461,7,8,24.142857142857142,59.25,0.29809035,0.296575225,0.2996054749999999,0.5333333333333333,0.5,0.5714285714285714,0.8037367724867724
4389414,50.0,15.0,8,645,5,5,65.4,62.6,0.0080525,0.0079316,0.0080981,11,12,21.09090909090909,33.5,0.288035,0.2875885,0.2884815,0.12500000000000003,0.2,0.09090909090909091,0.5
4392729,50.0,15.0,8,652,7,8,50.57142857142857,36.375,0.0076785,0.0072834,0.0076929,13,13,25.923076923076923,23.23076923076923,0.32894850000000003,0.32772704999999996,0.33016995,0.4,0.5714285714285714,0.3076923076923077,0.8633184789067142
4393045,50.0,15.0,8,936,6,7,119.0,30.857142857142858,0.026044900000000003,0.026035,0.0261374,8,8,22.5,93.5,0.45256145,0.448440125,0.456682775,0.28571428571428575,0.3333333333333333,0.25,0.6781994047619048
4440451,50.0,15.0,8,657,3,4,58.333333333333336,119.75,0.005752299999999999,0.0057063999999999995,0.0057986999999999995,8,7,18.875,71.14285714285714,0.17486544999999998,0.17391827499999998,0.175812625,0.0,0.0,0.0,0.0
4443744,50.0,15.0,8,710,7,8,57.857142857142854,37.25,0.008861200000000001,0.0088518,0.009364899999999999,8,9,23.0,57.55555555555556,0.3784490999999999,0.37841485,0.37848334999999994,0.13333333333333333,0.14285714285714285,0.125,0.7857142857142857
4448887,50.0,15.0,8,666,7,6,69.0,29.333333333333332,0.0108561,0.010818600000000001,0.0114124,8,9,23.125,52.55555555555556,0.36161505000000005,0.359896825,0.363333275,0.13333333333333333,0.14285714285714285,0.125,0.75
4469551,50.0,15.0,8,670,5,4,78.2,68.5,0.0105144,0.010436200000000001,0.0106235,12,11,26.5,30.90909090909091,0.4537791,0.43992364999999994,0.46763455000000004,0.35294117647058826,0.6,0.25,0.8043478260869565
4472905,50.0,15.0,8,816,8,9,77.125,21.22222222222222,0.024681900000000003,0.0197529,0.0264745,12,12,40.25,26.75,0.4298565000000001,0.42878055,0.43093245,0.5,0.625,0.4166666666666667,0.7695070368386754
4473229,50.0,15.0,8,673,4,4,84.75,82.5,0.0095164,0.0094821,0.0095765,10,11,24.1,38.36363636363637,0.28815435,0.287955875,0.28835282500000003,0.14285714285714288,0.25,0.1,0.5151515151515151
4481970,50.0,15.0,8,642,9,9,48.666666666666664,21.666666666666668,0.008862,0.0088509,0.0089277,10,8,27.0,45.25,0.34523405,0.345038125,0.34542997500000006,0.4210526315789474,0.4444444444444444,0.4,0.8132553606237818
4482888,50.0,15.0,8,647,1,1,47.0,599.0,0.005905600000000001,0.0042007,0.0059235,0,1,0.0,647.0,0.039249599999999996,0.0387836,0.0397156,0.0,0.0,0.0,0.0
4487550,50.0,15.0,8,653,10,10,41.9,22.4,0.0116925,0.0092525,0.0117549,10,10,27.7,36.6,0.3466658,0.33325564999999996,0.36007595000000003,0.5,0.5,0.5,0.8317007823706088
4487946,50.0,15.0,8,710,2,3,273.5,53.666666666666664,0.040983,0.0392799,0.042529,3,3,157.66666666666666,78.0,0.35582359999999996,0.35476095,0.35688625,0.8,1.0,0.6666666666666666,0.8085585585585586
4504164,50.0,15.0,8,649,5,4,99.8,36.25,0.012415299999999997,0.0123365,0.012438600000000001,10,10,25.6,38.3,0.29190855,0.29103932499999996,0.292777775,0.4,0.6,0.3,0.7356143909469414
4527487,50.0,15.0,8,671,1,1,652.0,18.0,0.052272900000000004,0.05177690000000001,0.0523665,9,10,19.11111111111111,49.0,0.37043735,0.36785912499999995,0.373015575,0.0,0.0,0.0,0.0
4544584,50.0,15.0,8,672,7,7,63.42857142857143,31.571428571428573,0.0097001,0.0096325,0.0097114,11,11,22.727272727272727,37.36363636363637,0.32358205,0.321589175,0.325574925,0.2222222222222222,0.2857142857142857,0.18181818181818182,0.8015444015444015
4547202,50.0,15.0,8,696,6,5,103.5,13.8,0.028655999999999997,0.0237077,0.031138300000000004,6,5,23.166666666666668,110.2,0.3743383,0.37342954999999994,0.37524705,0.16666666666666666,0.16666666666666666,0.16666666666666666,0.8787878787878788
4559519,50.0,15.0,8,991,7,6,119.71428571428571,24.333333333333332,0.0682335,0.067767,0.069307,9,8,60.666666666666664,54.5,0.521716,0.52170035,0.52173165,0.375,0.42857142857142855,0.3333333333333333,0.87848968040312
4575701,50.0,15.0,8,700,7,8,45.57142857142857,46.75,0.007530899999999999,0.007479899999999999,0.007711,9,9,22.555555555555557,54.22222222222222,0.26838560000000006,0.26639440000000003,0.2703768,0.25,0.2857142857142857,0.2222222222222222,0.7497086247086246
4579744,50.0,15.0,8,678,8,9,65.5,16.22222222222222,0.0118417,0.011461,0.012006200000000002,8,6,22.5,81.66666666666667,0.35684344999999995,0.352393625,0.36129327499999997,0.0,0.0,0.0,0.0
4605892,50.0,15.0,8,678,1,0,677.0,0.0,0.0884707,0.0862435,0.088643,6,7,18.0,80.57142857142857,0.37090530000000005,0.37022250000000007,0.37158810000000003,0.0,0.0,0.0,0.0
4668185,50.0,15.0,8,641,8,7,51.5,31.571428571428573,0.0078532,0.0077478,0.0081718,13,14,25.153846153846153,21.5,0.2959485,0.2956149,0.2962821,0.380952380952381,0.5,0.3076923076923077,0.8744044039026998
4705097,50.0,15.0,8,659,7,7,54.857142857142854,38.285714285714285,0.0079948,0.007984600000000001,0.008035500000000001,9,9,26.88888888888889,45.333333333333336,0.33130194999999996,0.330931625,0.33167227499999996,0.6250000000000001,0.7142857142857143,0.5555555555555556,0.7352467532467533
4724133,50.0,15.0,8,650,4,4,71.25,90.25,0.0079034,0.0078488,0.008058899999999999,3,4,22.0,145.25,0.18462589999999998,0.18422545,0.18502634999999998,0.28571428571428575,0.25,0.3333333333333333,0.5
4749525,50.0,15.0,8,805,8,9,58.0,37.0,0.013845399999999999,0.013724700000000001,0.014124300000000001,8,9,50.625,43.55555555555556,0.4366216,0.4346891,0.43855410000000006,0.875,0.875,0.875,0.7464515493563445
4754626,50.0,15.0,8,1144,5,5,190.0,37.8,0.05801109999999999,0.057404,0.0582294,11,11,68.72727272727273,34.27272727272727,0.58209285,0.5787097749999999,0.585475925,0.12500000000000003,0.2,0.09090909090909091,0.5418439716312057
4754956,50.0,15.0,8,647,8,8,51.25,28.625,0.0082286,0.008185600000000001,0.00829,10,8,27.4,45.375,0.75742285,0.6857755750000001,0.8290701249999999,0.5555555555555556,0.625,0.5,0.6319295270397589
4775763,50.0,15.0,8,718,9,8,62.44444444444444,18.375,0.0192473,0.0170514,0.019625200000000002,11,11,32.54545454545455,31.727272727272727,0.5110288500000001,0.507463075,0.514594625,0.39999999999999997,0.4444444444444444,0.36363636363636365,0.7269922484383939
4785421,50.0,15.0,8,773,8,6,78.75,22.5,0.0217602,0.0181813,0.023947200000000002,10,9,36.9,43.77777777777778,0.5069838999999999,0.5033786,0.5105892,0.22222222222222224,0.25,0.2,0.8285543057348331
4789937,50.0,15.0,8,678,10,8,50.9,19.875,0.014124299999999998,0.014082100000000002,0.0145456,11,11,24.727272727272727,35.90909090909091,0.4420184,0.43908634999999996,0.44495045,0.1904761904761905,0.2,0.18181818181818182,0.9505882352941176
4792515,50.0,15.0,8,705,1,1,674.0,30.0,0.0417624,0.0415882,0.0420312,9,10,20.88888888888889,50.8,0.39830385,0.39762422500000005,0.3989834749999999,0.0,0.0,0.0,0.0
4811115,50.0,15.0,8,643,6,6,68.0,38.166666666666664,0.009001799999999999,0.0089863,0.0090688,11,10,19.727272727272727,41.5,0.31420445,0.313527675,0.31488122500000004,0.23529411764705885,0.3333333333333333,0.18181818181818182,0.65
4824328,50.0,15.0,8,688,3,3,179.66666666666666,48.666666666666664,0.0221692,0.021847400000000003,0.0224539,12,13,22.833333333333332,30.923076923076923,0.38791555000000005,0.38132447500000005,0.394506625,0.13333333333333333,0.3333333333333333,0.08333333333333333,0.8333333333333334
4861227,50.0,15.0,8,710,4,3,163.75,17.0,0.027168599999999998,0.026676400000000003,0.0278674,7,8,24.714285714285715,66.25,0.38182435,0.380311175,0.383337525,0.0,0.0,0.0,0.0
4861687,50.0,15.0,8,746,8,7,75.125,19.571428571428573,0.012115000000000003,0.011965100000000001,0.0122807,6,5,24.0,119.2,0.39979454999999997,0.39903397500000004,0.40055512499999996,0.14285714285714288,0.125,0.16666666666666666,0.75
4862222,50.0,15.0,8,670,4,4,57.5,109.0,0.006218100000000001,0.005988300000000001,0.0063319,5,5,20.2,112.8,0.19865925000000004,0.197663225,0.19965527500000002,0.22222222222222224,0.25,0.2,0.9130434782608695
4862380,50.0,15.0,8,660,9,9,46.0,26.333333333333332,0.0104106,0.0101802,0.0109021,11,9,25.363636363636363,41.111111111111114,0.35383555000000005,0.353054625,0.35461647500000004,0.6,0.6666666666666666,0.5454545454545454,0.7447274261595753
4865550,50.0,15.0,8,642,8,8,46.25,33.0,0.0078383,0.0076757,0.008040299999999998,10,10,23.6,39.6,0.32095735,0.316927275,0.324987425,0.33333333333333326,0.375,0.3,0.7726862949986684
4865558,50.0,15.0,8,649,8,9,41.0,34.77777777777778,0.0070382,0.0068969999999999995,0.0070427,9,10,22.88888888888889,43.4,0.32797955,0.324164525,0.33179457500000004,0.47058823529411764,0.5,0.4444444444444444,0.6594628255342541
4912927,50.0,15.0,8,674,2,2,37.0,299.0,0.0063344,0.0062523000000000006,0.006375,3,3,19.333333333333332,204.33333333333334,0.12059710000000001,0.11946684999999999,0.12172735000000001,0.0,0.0,0.0,0.0
4915833,50.0,15.0,8,675,9,9,45.77777777777778,28.22222222222222,0.0086099,0.0085519,0.0086515,12,11,31.5,25.90909090909091,0.34741825,0.346323125,0.348513375,0.5714285714285715,0.6666666666666666,0.5,0.773774856011698
4940890,50.0,15.0,8,683,7,7,56.57142857142857,40.0,0.010351299999999999,0.010202200000000002,0.0105919,10,11,19.8,43.18181818181818,0.39071894999999995,0.387319775,0.394118125,0.23529411764705882,0.2857142857142857,0.2,0.625
5244934,50.0,15.0,8,656,4,4,145.25,17.75,0.0399875,0.0394238,0.04444009999999999,8,8,23.125,57.875,0.38524585,0.38220152500000004,0.388290175,0.16666666666666666,0.25,0.125,0.9024390243902439
5351422,50.0,15.0,8,654,5,5,95.6,34.2,0.0109413,0.010732799999999999,0.0109809,12,13,22.666666666666668,28.46153846153846,0.46411034999999995,0.457996425,0.470224275,0.11764705882352941,0.2,0.08333333333333333,0.6774193548387096
5477477,50.0,15.0,8,678,3,3,48.0,177.0,0.0047228999999999995,0.0046614,0.0056722,3,4,18.666666666666668,154.75,0.1397851,0.1396065,0.13996369999999997,0.0,0.0,0.0,0.0
5499001,50.0,15.0,8,670,4,5,53.5,90.4,0.0055973,0.005518200000000001,0.0056319,5,5,27.4,105.6,0.17773859999999997,0.17761894999999997,0.17785825,0.4444444444444445,0.5,0.4,0.6893939393939394
5503058,50.0,15.0,8,916,6,5,121.5,36.2,0.0387375,0.0379307,0.0387866,9,8,30.555555555555557,79.0,0.5267468,0.50869225,0.5448013500000001,0.26666666666666666,0.3333333333333333,0.2222222222222222,0.5778735632183909
5503168,50.0,15.0,8,695,4,4,154.0,18.75,0.0291381,0.0279775,0.029353900000000002,10,10,20.8,47.7,0.3781799,0.37771740000000004,0.37864240000000005,0.0,0.0,0.0,0.0
5503359,50.0,15.0,8,716,4,3,160.0,24.0,0.021098,0.0205387,0.0216019,7,6,24.285714285714285,89.83333333333333,0.41975555,0.4184664249999999,0.42104467500000003,0.18181818181818182,0.25,0.14285714285714285,0.9166666666666666
5540718,50.0,15.0,8,663,4,4,141.25,23.5,0.0156098,0.0139857,0.0196627,10,11,19.8,41.36363636363637,0.37411954999999997,0.37205772499999995,0.376181375,0.0,0.0,0.0,0.0
5540722,50.0,15.0,8,691,5,5,94.6,42.6,0.014126399999999999,0.0126455,0.0161062,8,9,31.0,48.333333333333336,0.36071110000000006,0.35927735,0.36214484999999996,0.15384615384615385,0.2,0.125,0.8513513513513513
5540733,50.0,15.0,8,641,9,9,49.22222222222222,21.0,0.0087843,0.008685,0.0088708,11,11,21.545454545454547,35.72727272727273,0.33713740000000003,0.33401355,0.34026124999999996,0.19999999999999998,0.2222222222222222,0.18181818181818182,0.8563748079877112
5540847,50.0,15.0,8,869,8,6,84.25,31.166666666666668,0.023503,0.0233182,0.023554,10,9,25.4,67.22222222222223,0.4597119,0.4596336,0.45979020000000004,0.33333333333333326,0.375,0.3,0.8448366013071894
5547018,50.0,15.0,8,649,5,6,61.4,56.166666666666664,0.0067167,0.0066999,0.006737600000000001,6,7,20.166666666666668,74.57142857142857,0.25023110000000004,0.24883425,0.25162795,0.0,0.0,0.0,0.0
5565253,50.0,15.0,8,670,6,5,85.5,30.2,0.0186194,0.018565099999999998,0.0186297,10,11,23.8,38.36363636363637,0.35285245,0.352392925,0.35331197500000006,0.25,0.3333333333333333,0.2,0.8983375959079284
5615881,50.0,15.0,8,1051,5,5,175.8,33.4,0.0304147,0.0303341,0.030486700000000002,8,8,26.375,104.0,0.49679945,0.49601012499999997,0.497588775,0.15384615384615385,0.2,0.125,0.85
5615968,50.0,15.0,8,642,6,7,62.833333333333336,37.0,0.0079586,0.007951,0.0080135,5,6,22.6,87.33333333333333,0.27623214999999995,0.275982675,0.276481625,0.1818181818181818,0.16666666666666666,0.2,0.6153846153846154
5615986,50.0,15.0,8,685,6,6,85.83333333333333,27.333333333333332,0.019984400000000003,0.019685,0.0201485,13,12,23.46153846153846,30.583333333333332,0.36172815,0.35946802499999997,0.36398827500000003,0.10526315789473684,0.16666666666666666,0.07692307692307693,0.85
5615988,50.0,15.0,8,671,5,6,103.2,25.0,0.011294599999999998,0.011211200000000001,0.0113155,9,9,27.333333333333332,46.22222222222222,0.36806230000000006,0.35879205000000003,0.37733255,0.14285714285714285,0.2,0.1111111111111111,0.62
5616015,50.0,15.0,8,657,3,3,54.666666666666664,163.33333333333334,0.0056283,0.005570100000000001,0.005672,9,10,25.77777777777778,41.6,0.32725585,0.32316042500000003,0.331351275,0.0,0.0,0.0,0.0
5633515,50.0,15.0,8,663,4,3,140.25,32.666666666666664,0.0166597,0.016603299999999998,0.017072900000000002,13,10,20.307692307692307,38.6,0.3467041,0.3457859,0.34762230000000005,0.0,0.0,0.0,0.0
5692189,50.0,15.0,8,1527,6,7,205.83333333333334,40.857142857142854,0.14066810000000002,0.1384021,0.1524488,8,8,128.75,61.125,0.950071,0.927131,0.9730109999999998,0.28571428571428575,0.3333333333333333,0.25,0.7772985244040862
5705278,50.0,15.0,8,643,8,9,53.5,23.0,0.011363,0.01129,0.0116732,7,8,31.0,52.375,0.35515389999999997,0.35386835000000005,0.35643944999999994,0.26666666666666666,0.25,0.2857142857142857,0.8421495956873315
5705752,50.0,15.0,8,682,7,8,67.85714285714286,25.0,0.0146141,0.013729700000000001,0.0152091,11,12,25.272727272727273,32.75,0.4239930499999999,0.415838375,0.43214772500000004,0.33333333333333326,0.42857142857142855,0.2727272727272727,0.7794705294705295
5706077,50.0,15.0,8,656,6,5,66.5,50.2,0.0082714,0.0081267,0.0104142,9,8,32.55555555555556,44.25,0.3483784,0.34544135000000004,0.35131545000000003,0.4,0.5,0.3333333333333333,0.6671094925063179
5706137,50.0,15.0,8,737,3,2,242.0,4.0,0.0455461,0.0451629,0.04841,8,9,25.75,58.111111111111114,0.4472958,0.44505140000000004,0.44954019999999995,0.18181818181818182,0.3333333333333333,0.125,0.8846153846153846
5715345,50.0,15.0,8,923,5,6,112.2,59.5,0.0325183,0.031766499999999996,0.0333195,9,9,58.22222222222222,43.333333333333336,0.5014379999999999,0.49995354999999997,0.5029224499999999,0.2857142857142857,0.4,0.2222222222222222,0.822598950205703
5771585,50.0,15.0,8,720,7,7,77.28571428571429,24.571428571428573,0.0136545,0.0131736,0.0143934,10,9,25.8,50.22222222222222,0.4180756,0.41661,0.4195412,0.23529411764705882,0.2857142857142857,0.2,0.6648444070647603
5771621,50.0,15.0,8,675,5,5,120.8,13.2,0.0199908,0.0164107,0.020301200000000002,8,8,21.125,62.25,0.35360055,0.349281575,0.35791952499999996,0.15384615384615385,0.2,0.125,0.7777777777777778
5772092,50.0,15.0,8,729,4,3,163.25,24.0,0.0233984,0.023376099999999997,0.023533099999999998,12,9,29.75,40.0,0.38125810000000004,0.3793136,0.38320260000000006,0.25,0.5,0.16666666666666666,0.9042145593869731
5772102,50.0,15.0,8,725,7,6,93.14285714285714,11.0,0.020778099999999997,0.020776,0.0211468,12,11,24.75,37.81818181818182,0.37317710000000004,0.37155805,0.37479615000000005,0.2105263157894737,0.2857142857142857,0.16666666666666666,0.7472527472527473
5772192,50.0,15.0,8,706,3,3,217.66666666666666,16.666666666666668,0.025201599999999998,0.0245374,0.025524,9,9,18.555555555555557,58.888888888888886,0.4064958999999999,0.38570234999999997,0.42728945,0.0,0.0,0.0,0.0
5874746,50.0,15.0,8,729,4,2,143.5,75.5,0.013995599999999999,0.0137529,0.0151899,10,11,28.5,39.45454545454545,0.37112235,0.370452475,0.371792225,0.0,0.0,0.0,0.0
5874767,50.0,15.0,8,1278,4,3,312.0,8.666666666666666,0.1831981,0.18180839999999998,0.18400929999999996,10,10,27.0,99.8,0.6889701500000001,0.687779725,0.6901605749999999,0.0,0.0,0.0,0.0
5874769,50.0,15.0,8,649,6,2,105.5,5.0,0.0148684,0.014800299999999999,0.015561,9,10,20.333333333333332,45.7,0.33354395000000003,0.33297942500000005,0.334108475,0.13333333333333333,0.16666666666666666,0.1111111111111111,0.9230769230769231
5874787,50.0,15.0,8,1064,2,1,529.5,3.0,0.08116889999999999,0.0784581,0.081632,9,9,73.11111111111111,44.111111111111114,0.5566934999999998,0.5559076,0.5574794000000001,0.0,0.0,0.0,0.0
5875173,50.0,15.0,8,712,1,0,711.0,0.0,0.0726464,0.0713043,0.07327,14,11,17.5,41.18181818181818,0.37054009999999993,0.36520335,0.37587685,0.0,0.0,0.0,0.0
5882173,50.0,15.0,8,665,6,4,87.33333333333333,33.75,0.013412,0.0131939,0.013445299999999999,7,7,23.428571428571427,70.57142857142857,0.41601475,0.413596925,0.41843257500000003,0.15384615384615383,0.16666666666666666,0.14285714285714285,0.825
5969330,50.0,15.0,8,721,5,6,100.8,35.333333333333336,0.0145884,0.0138109,0.014841100000000001,11,11,25.09090909090909,39.45454545454545,0.36283345,0.36239667500000006,0.363270225,0.0,0.0,0.0,0.0
5969331,50.0,15.0,8,706,3,3,198.66666666666666,35.666666666666664,0.0325132,0.0325027,0.0326066,12,13,25.666666666666668,29.692307692307693,0.39461809999999997,0.39398430000000007,0.39525190000000004,0.13333333333333333,0.3333333333333333,0.08333333333333333,0.6176470588235294
5969362,50.0,15.0,8,672,7,7,74.0,21.0,0.0133268,0.013213999999999998,0.0136611,12,12,26.25,28.75,0.36254135,0.361742425,0.363340275,0.4210526315789474,0.5714285714285714,0.3333333333333333,0.7799840510366827
6058407,50.0,15.0,8,696,6,6,73.83333333333333,41.166666666666664,0.0089251,0.0087625,0.009171,11,11,19.818181818181817,42.45454545454545,0.33118,0.3271217,0.3352383,0.11764705882352942,0.16666666666666666,0.09090909090909091,0.6136363636363636
6062407,50.0,15.0,8,666,8,8,64.375,17.875,0.012050100000000001,0.011832200000000001,0.0131362,11,11,27.09090909090909,32.45454545454545,0.37182744999999995,0.36657422500000003,0.377080675,0.4210526315789474,0.5,0.36363636363636365,0.7861016949152543
6109129,50.0,15.0,8,721,7,7,66.85714285714286,35.142857142857146,0.0112122,0.011202700000000001,0.0112825,12,12,25.333333333333332,33.75,0.40246250000000006,0.39439120000000005,0.4105338,0.3157894736842105,0.42857142857142855,0.25,0.8044230164552982
6148097,50.0,15.0,8,725,6,6,89.16666666666667,30.666666666666668,0.014829700000000001,0.014797,0.015183,12,9,33.0,35.22222222222222,0.37876909999999997,0.37854835,0.37898984999999996,0.2222222222222222,0.3333333333333333,0.16666666666666666,0.5615822320117474
6148143,50.0,15.0,8,677,4,5,78.5,71.8,0.010058600000000001,0.0099516,0.0102631,6,7,22.166666666666668,76.85714285714286,0.33069689999999996,0.32966195000000004,0.33173185,0.2,0.25,0.16666666666666666,0.8378378378378378
6148208,50.0,15.0,8,646,3,3,170.66666666666666,43.666666666666664,0.025787599999999997,0.025354400000000003,0.0257896,10,11,22.1,37.72727272727273,0.3098175,0.30903215,0.31060285,0.0,0.0,0.0,0.0
6190357,50.0,15.0,8,710,6,6,68.5,48.833333333333336,0.0126662,0.012512299999999999,0.013735200000000001,9,9,35.0,42.888888888888886,0.36185625,0.360646225,0.36306627499999994,0.5333333333333333,0.6666666666666666,0.4444444444444444,0.6832769660894662
6193396,50.0,15.0,8,658,4,2,148.75,29.5,0.0200995,0.0198872,0.0201705,10,9,24.9,44.333333333333336,0.34975230000000007,0.34174109999999996,0.3577635,0.28571428571428575,0.5,0.2,0.820855614973262
6193436,50.0,15.0,8,666,2,1,305.5,53.0,0.0430208,0.041785199999999995,0.0431871,10,11,25.0,36.90909090909091,0.36386375,0.35394382500000005,0.373783675,0.0,0.0,0.0,0.0
4216956,50.0,30.0,15,910,4,5,157.0,55.6,0.037696099999999996,0.0371564,0.0383816,9,8,57.666666666666664,47.75,0.44945115,0.4489795250000001,0.449922775,0.30769230769230765,0.5,0.2222222222222222,0.5452028848255264
4272243,50.0,30.0,15,646,2,3,45.0,184.66666666666666,0.0047334,0.0047262,0.004765800000000001,2,3,47.5,183.0,0.09861875,0.09816717500000001,0.099070325,1.0,1.0,1.0,0.9042792792792793
4344977,50.0,30.0,15,1187,4,5,228.25,54.0,0.0523334,0.051436899999999994,0.052490300000000004,6,6,118.33333333333333,78.5,0.5308527999999999,0.5297541,0.5319515,0.4,0.5,0.3333333333333333,0.9020549970431697
4350946,50.0,30.0,15,690,5,5,93.8,43.2,0.012061700000000002,0.011887599999999998,0.012177200000000001,9,9,46.0,29.666666666666668,0.3318607,0.32961745000000003,0.33410395000000004,0.42857142857142855,0.6,0.3333333333333333,0.9133157547791694
4351935,50.0,30.0,15,775,5,4,109.2,56.0,0.016342100000000002,0.016127,0.0164035,2,3,48.0,225.66666666666666,0.38128829999999997,0.38122589999999995,0.3813507,0.5714285714285715,0.4,1.0,0.9268092105263157
4352377,50.0,30.0,15,716,4,3,90.75,116.33333333333333,0.0131941,0.0131703,0.013271100000000001,5,5,44.4,97.8,0.2872628,0.28717164999999995,0.28735395,0.6666666666666665,0.75,0.6,0.868978000556948
4358853,50.0,30.0,15,666,6,6,56.833333333333336,53.166666666666664,0.010277,0.0102462,0.010415299999999999,4,4,41.25,124.25,0.29683969999999993,0.2943788,0.29930059999999997,0.6,0.5,0.75,0.9323097772784822
4359232,50.0,30.0,15,681,4,4,46.75,122.5,0.0055436999999999995,0.0055124,0.005610899999999999,3,4,51.0,131.25,0.11328325,0.111885625,0.114680875,0.8571428571428571,0.75,1.0,0.8594207379921666
4370045,50.0,30.0,15,720,4,5,79.0,80.0,0.0107522,0.0106626,0.0108349,4,5,50.25,103.0,0.250529,0.24984269999999997,0.25121530000000003,0.75,0.75,0.75,0.8541885713134731
4389353,50.0,30.0,15,650,5,5,52.4,76.6,0.006775,0.0066963000000000005,0.0068567,7,7,46.0,45.857142857142854,0.23115535,0.22277622500000002,0.23953447499999997,0.6666666666666666,0.8,0.5714285714285714,0.8307942132176694
4389414,50.0,30.0,15,645,4,4,69.0,91.25,0.0124845,0.0119196,0.0125135,5,3,44.4,139.33333333333334,0.17858949999999998,0.1777405,0.1794385,0.4444444444444445,0.5,0.4,0.9251748251748252
4392729,50.0,30.0,15,652,4,5,68.0,75.2,0.007022,0.006997199999999999,0.0071287,3,4,37.0,134.5,0.21054800000000004,0.21038854999999998,0.21070745000000002,0.28571428571428575,0.25,0.3333333333333333,0.8666666666666667
4393045,50.0,30.0,15,936,5,6,128.6,48.0,0.025099299999999998,0.0250892,0.0251171,5,6,33.0,127.66666666666667,0.40979885,0.40880422499999997,0.41079347499999996,0.8000000000000002,0.8,0.8,0.7294505795739348
4440451,50.0,30.0,15,657,3,4,57.0,120.75,0.00546,0.005412199999999999,0.0055528999999999995,0,1,0.0,657.0,0.10601295,0.10578722500000001,0.10623867499999999,0.0,0.0,0.0,0.0
4443744,50.0,30.0,15,710,6,7,61.666666666666664,47.714285714285715,0.0085828,0.0084374,0.008633700000000001,2,3,49.0,203.33333333333334,0.22872285,0.224264825,0.23318087499999998,0.25,0.16666666666666666,0.5,0.9333333333333333
4448887,50.0,30.0,15,666,6,5,74.0,43.2,0.0100435,0.010018200000000001,0.0100627,6,6,52.833333333333336,57.166666666666664,0.27331765,0.272542175,0.274093125,0.3333333333333333,0.3333333333333333,0.3333333333333333,0.8593408309903154
4469551,50.0,30.0,15,670,5,5,60.0,73.0,0.0099764,0.009828,0.0100845,6,7,36.5,63.57142857142857,0.2476366,0.24651915000000002,0.24875404999999998,0.3636363636363636,0.4,0.3333333333333333,0.8498942917547568
4472905,50.0,30.0,15,816,5,6,100.2,51.666666666666664,0.016959400000000003,0.016929,0.0169641,7,8,73.42857142857143,36.875,0.3698513,0.358854,0.38084860000000004,0.8333333333333333,1.0,0.7142857142857143,0.7266269778922853
4473229,50.0,30.0,15,673,3,3,83.66666666666667,139.66666666666666,0.0066687,0.006648399999999999,0.006920399999999999,5,5,50.4,83.2,0.18030749999999998,0.17990215,0.18071284999999998,0.5,0.6666666666666666,0.4,0.9402985074626866
4481970,50.0,30.0,15,642,3,4,71.0,106.5,0.0082746,0.0082133,0.0087542,8,8,40.625,38.625,0.2615396,0.259446,0.26363319999999996,0.18181818181818182,0.3333333333333333,0.125,0.7818181818181819
4482888,50.0,30.0,15,647,1,1,46.0,600.0,0.0035513000000000003,0.0035155,0.0035708000000000003,1,1,51.0,595.0,0.029918449999999996,0.029780425,0.030056475000000003,1.0,1.0,1.0,0.9019607843137255
4487550,50.0,30.0,15,653,4,4,58.5,103.75,0.008157600000000001,0.0080614,0.00822,8,8,48.875,31.75,0.25679375000000004,0.25664532500000004,0.256942175,0.6666666666666666,1.0,0.5,0.954025974025974
4487946,50.0,30.0,15,710,2,3,270.0,56.0,0.0366548,0.0363303,0.037130800000000005,2,3,235.5,79.0,0.29912179999999994,0.29800715,0.30023644999999993,1.0,1.0,1.0,0.8031964754405699
4504164,50.0,30.0,15,649,3,3,134.0,81.33333333333333,0.011783700000000001,0.0117693,0.011794,5,5,35.8,93.0,0.2735224,0.2729103,0.2741345,0.25,0.3333333333333333,0.2,0.9069767441860465
4527487,50.0,30.0,15,671,1,1,649.0,21.0,0.049081599999999996,0.0488479,0.04929700000000001,3,4,38.333333333333336,138.25,0.36802939999999995,0.354202,0.3818568,0.0,0.0,0.0,0.0
4544584,50.0,30.0,15,672,6,7,62.333333333333336,41.714285714285715,0.009594,0.009406,0.0096105,6,6,43.666666666666664,67.33333333333333,0.26208845,0.261949425,0.262227475,0.6666666666666666,0.6666666666666666,0.6666666666666666,0.7255681443910151
4547202,50.0,30.0,15,696,6,5,89.0,31.2,0.018774799999999998,0.018335900000000002,0.018853400000000003,9,8,53.666666666666664,25.5,0.34209579999999995,0.33920519999999993,0.34498639999999997,0.6666666666666667,0.8333333333333334,0.5555555555555556,0.8369775700268697
4559519,50.0,30.0,15,991,5,5,156.0,41.2,0.0629943,0.0625834,0.0640023,6,5,92.33333333333333,86.2,0.47908775,0.478542825,0.47963267500000006,0.5454545454545454,0.6,0.5,0.6233295368261199
4575701,50.0,30.0,15,700,5,6,45.8,77.66666666666667,0.0068471999999999995,0.006838,0.0069593,5,5,43.4,95.6,0.2416682,0.2323245,0.2510119,0.6,0.6,0.6,0.7914648910411621
4579744,50.0,30.0,15,678,7,8,66.14285714285714,26.0,0.0112275,0.0111449,0.011278100000000001,6,7,43.166666666666664,59.0,0.29119090000000003,0.28555155,0.29683025,0.6153846153846153,0.5714285714285714,0.6666666666666666,0.7946639312918382
4605892,50.0,30.0,15,678,1,0,677.0,0.0,0.08041039999999999,0.0799478,0.0892504,6,6,35.5,76.5,0.3512104000000001,0.35036555,0.35205525,0.0,0.0,0.0,0.0
4668185,50.0,30.0,15,641,7,6,51.857142857142854,45.166666666666664,0.007586600000000001,0.0075095,0.0076543,7,6,46.285714285714285,51.666666666666664,0.2282651,0.2271293,0.22940090000000002,0.8571428571428571,0.8571428571428571,0.8571428571428571,0.831769619290793
4705097,50.0,30.0,15,659,3,3,81.33333333333333,137.33333333333334,0.008160800000000001,0.0079956,0.0082218,9,7,47.55555555555556,31.714285714285715,0.25323914999999997,0.252572925,0.253905375,0.5,1.0,0.3333333333333333,0.8160191637630662
4724133,50.0,30.0,15,650,4,4,65.0,96.5,0.0077658,0.0076403999999999994,0.00781,3,4,45.0,128.0,0.16159004999999999,0.15928542499999998,0.163894675,0.5714285714285715,0.5,0.6666666666666666,0.8647416413373861
4749525,50.0,30.0,15,805,3,4,114.66666666666667,114.5,0.0127084,0.0125198,0.0133302,5,6,83.8,63.5,0.3029553,0.30113959999999995,0.30477100000000007,0.7499999999999999,1.0,0.6,0.9353389226806949
4754626,50.0,30.0,15,1144,5,5,175.4,52.4,0.04925140000000001,0.048924199999999994,0.0493154,6,6,119.33333333333333,70.33333333333333,0.5454585,0.5395356,0.5513814,0.7272727272727272,0.8,0.6666666666666666,0.7566524613552428
4754956,50.0,30.0,15,647,5,5,67.4,61.0,0.0095215,0.007983299999999999,0.011955799999999999,6,6,41.333333333333336,65.5,0.24644285000000002,0.24589277500000004,0.246992925,0.7272727272727272,0.8,0.6666666666666666,0.8001524236887234
4775763,50.0,30.0,15,718,9,8,60.44444444444444,20.625,0.0108711,0.0106639,0.0109193,10,8,51.4,24.25,0.31271765,0.31187152500000004,0.31356377500000004,0.9473684210526316,1.0,0.9,0.7588524660557137
4785421,50.0,30.0,15,773,8,7,64.0,36.142857142857146,0.013557499999999998,0.013536600000000001,0.013564800000000002,7,6,63.142857142857146,54.0,0.36075575,0.35730237499999995,0.364209125,0.9333333333333333,0.875,1.0,0.9155129276640682
4789937,50.0,30.0,15,678,9,8,51.111111111111114,26.125,0.010118700000000001,0.0100797,0.0103391,7,6,42.857142857142854,61.833333333333336,0.30742935000000005,0.305572175,0.30928652500000003,0.75,0.6666666666666666,0.8571428571428571,0.9056638551078877
4792515,50.0,30.0,15,705,2,1,334.5,34.0,0.032328699999999995,0.0321949,0.0336628,7,6,42.142857142857146,67.16666666666667,0.3880647000000001,0.38528835000000006,0.39084104999999997,0.0,0.0,0.0,0.0
4811115,50.0,30.0,15,643,4,5,57.75,81.6,0.0081636,0.0080681,0.008505200000000001,6,6,54.833333333333336,51.333333333333336,0.26344515,0.262539925,0.2643503749999999,0.8,1.0,0.6666666666666666,0.8877219694039361
4824328,50.0,30.0,15,688,3,3,155.66666666666666,72.66666666666667,0.021462099999999998,0.0213014,0.0225404,2,3,87.0,170.66666666666666,0.34100225,0.340098775,0.341905725,0.4,0.3333333333333333,0.5,0.5133689839572193
4861227,50.0,30.0,15,710,5,4,129.6,14.25,0.0338675,0.0333279,0.0345979,8,8,58.125,29.625,0.3959287,0.37943560000000004,0.4124218,0.4615384615384615,0.6,0.375,0.9312927879236123
4861687,50.0,30.0,15,746,7,7,77.85714285714286,27.714285714285715,0.0117491,0.0114884,0.0174471,6,6,43.166666666666664,80.16666666666667,0.36047994999999994,0.353967225,0.366992675,0.30769230769230765,0.2857142857142857,0.3333333333333333,0.8311390079608083
4862222,50.0,30.0,15,670,3,4,69.66666666666667,114.5,0.0081437,0.007009100000000001,0.008169,3,4,60.0,121.75,0.14330175,0.140701825,0.14590167499999998,1.0,1.0,1.0,0.8107542768621868
4862380,50.0,30.0,15,660,4,4,57.25,106.75,0.011315799999999999,0.0103915,0.0126421,8,9,39.625,37.22222222222222,0.24113384999999998,0.23952982499999997,0.242737875,0.5,0.75,0.375,0.737411540894128
4865550,50.0,30.0,15,642,5,5,59.0,68.4,0.0073712,0.0072498,0.0075762,4,5,41.5,94.4,0.22768280000000002,0.22235550000000004,0.2330101,0.4444444444444445,0.4,0.5,0.9422863485016648
4865558,50.0,30.0,15,649,5,6,50.8,65.0,0.0068611,0.006745799999999999,0.006900199999999999,5,6,44.6,70.16666666666667,0.18754375,0.183939425,0.19114807499999997,0.8000000000000002,0.8,0.8,0.8119742100276026
4912927,50.0,30.0,15,674,2,2,36.5,299.5,0.0040896,0.0040663999999999995,0.0041268,2,2,42.0,294.0,0.05623199999999999,0.055547049999999994,0.056916949999999994,1.0,1.0,1.0,0.8895313451004261
4915833,50.0,30.0,15,675,5,5,59.0,75.0,0.0078607,0.0077132,0.008864200000000001,8,9,43.625,35.333333333333336,0.23992515,0.23668972500000002,0.243160575,0.6153846153846154,0.8,0.5,0.9068142641672053
4940890,50.0,30.0,15,683,5,5,60.2,75.4,0.0092305,0.008932299999999999,0.0094806,6,5,42.5,84.4,0.22018015,0.219735875,0.22062442499999999,0.5454545454545454,0.6,0.5,0.9098591549295775
5244934,50.0,30.0,15,656,4,4,134.0,29.0,0.0275731,0.027516,0.0275757,9,8,45.44444444444444,29.75,0.315157,0.31275614999999996,0.31755785000000003,0.46153846153846156,0.75,0.3333333333333333,0.6970819304152638
5351422,50.0,30.0,15,654,5,5,73.2,56.6,0.010480999999999999,0.01039,0.010552399999999998,5,5,40.0,89.8,0.289108,0.28002934999999995,0.29818665,0.4000000000000001,0.4,0.4,0.8738656987295825
5477477,50.0,30.0,15,678,3,3,48.0,177.0,0.004923899999999999,0.004881,0.004940399999999999,1,2,44.0,316.5,0.08057115000000001,0.08004317500000001,0.081099125,0.5,0.3333333333333333,1.0,0.8863636363636364
5499001,50.0,30.0,15,670,3,4,43.666666666666664,134.0,0.005455000000000001,0.0053203999999999994,0.0058463,4,5,45.25,97.0,0.1199842,0.11879019999999998,0.1211782,0.8571428571428571,1.0,0.75,0.9059941400366932
5503058,50.0,30.0,15,916,5,5,134.6,47.6,0.0364208,0.0362771,0.0388558,6,5,43.666666666666664,129.6,0.43310839999999995,0.4312565,0.43496029999999997,0.5454545454545454,0.6,0.5,0.7595687700367503
5503168,50.0,30.0,15,695,4,5,148.0,19.8,0.0250687,0.024536500000000003,0.026043,5,6,51.2,72.33333333333333,0.37311189999999994,0.36862829999999996,0.3775955,0.22222222222222224,0.25,0.2,0.8068181818181818
5503359,50.0,30.0,15,716,4,3,142.25,47.666666666666664,0.019385799999999998,0.019338900000000003,0.019576200000000002,5,4,39.8,128.0,0.36121190000000003,0.3587053,0.3637185,0.22222222222222224,0.25,0.2,0.9714285714285714
5540718,50.0,30.0,15,663,4,4,130.25,34.5,0.013652000000000003,0.013503600000000003,0.013659899999999999,6,4,53.333333333333336,84.25,0.33692705000000006,0.319239875,0.35461422500000006,0.4,0.5,0.3333333333333333,0.5458573072497124
5540722,50.0,30.0,15,691,5,5,91.8,45.4,0.0176218,0.0173647,0.0187247,4,5,56.75,92.0,0.32180345,0.319386975,0.32421992499999996,0.4444444444444445,0.4,0.5,0.8271428571428572
5540733,50.0,30.0,15,641,6,7,58.833333333333336,40.285714285714285,0.0128648,0.0127429,0.0141535,9,8,46.22222222222222,27.0,0.59335075,0.565738825,0.6209626749999999,0.8,1.0,0.6666666666666666,0.7518238589597432
5540847,50.0,30.0,15,869,6,6,102.66666666666667,41.166666666666664,0.0706127,0.06390530000000001,0.0956012,7,5,51.0,101.0,0.53094875,0.5206228249999999,0.541274675,0.6153846153846153,0.6666666666666666,0.5714285714285714,0.9241470928997239
5547018,50.0,30.0,15,649,5,6,61.0,56.5,0.0090709,0.008968700000000001,0.0093916,3,4,68.0,110.5,0.2276505,0.21820389999999998,0.2370971,0.7499999999999999,0.6,1.0,0.927468180254558
5565253,50.0,30.0,15,670,4,4,100.0,66.5,0.0222724,0.0218009,0.0231233,6,6,44.666666666666664,66.0,0.3687116,0.35521354999999993,0.38220965,0.6,0.75,0.5,0.8688519813519813
5615881,50.0,30.0,15,1051,5,5,164.0,45.2,0.0335376,0.033485,0.0338486,5,5,97.6,111.6,0.5567915499999999,0.5508372749999999,0.5627458249999999,0.6,0.6,0.6,0.7945167315408681
5615968,50.0,30.0,15,642,5,6,64.4,52.5,0.009057299999999999,0.0089057,0.0090717,3,4,56.666666666666664,117.25,0.2608668,0.25962959999999996,0.262104,0.7499999999999999,0.6,1.0,0.850084663763909
5615986,50.0,30.0,15,685,5,6,91.4,37.166666666666664,0.022175200000000006,0.021407799999999998,0.0226932,5,6,41.6,78.66666666666667,0.4329294,0.40740295,0.45845585,0.20000000000000004,0.2,0.2,0.9
5615988,50.0,30.0,15,671,4,5,115.75,40.8,0.0135918,0.013481499999999999,0.013643200000000001,5,5,44.8,88.4,0.3866479,0.3576917,0.4156041,0.22222222222222224,0.25,0.2,0.8863636363636364
5616015,50.0,30.0,15,657,2,3,39.0,192.33333333333334,0.0072873999999999994,0.0065751,0.0094167,3,3,41.333333333333336,176.66666666666666,0.14603984999999997,0.142731125,0.14934857499999998,0.8,1.0,0.6666666666666666,0.8444444444444444
5633515,50.0,30.0,15,663,4,3,139.25,34.0,0.0183903,0.0183887,0.018457099999999997,7,7,44.857142857142854,48.857142857142854,0.5155369,0.5149023,0.5161715,0.36363636363636365,0.5,0.2857142857142857,0.6573412698412698
5692189,50.0,30.0,15,1527,5,6,240.4,53.333333333333336,0.1999839,0.1930905,0.2054464,6,6,176.16666666666666,77.33333333333333,0.8062857000000001,0.7941561,0.8184153000000002,0.7272727272727272,0.8,0.6666666666666666,0.8274880178592682
5705278,50.0,30.0,15,643,8,9,53.0,23.444444444444443,0.0099282,0.009721700000000002,0.011956500000000002,7,8,53.857142857142854,32.375,0.2488441,0.24851905000000002,0.24916915,0.9333333333333333,0.875,1.0,0.8229425588527403
5705752,50.0,30.0,15,682,7,8,60.0,31.875,0.012146499999999998,0.0121232,0.0122217,6,7,46.666666666666664,56.57142857142857,0.300443,0.29900285000000004,0.30188315,0.7692307692307692,0.7142857142857143,0.8333333333333334,0.873730955256379
5706077,50.0,30.0,15,656,6,6,61.166666666666664,47.166666666666664,0.0087726,0.0087043,0.0088034,5,5,48.2,82.0,0.23099785,0.22999042500000003,0.23200527499999998,0.7272727272727272,0.6666666666666666,0.8,0.8050754112538575
5706137,50.0,30.0,15,737,2,1,351.0,33.0,0.0425569,0.0424983,0.0428205,9,9,44.22222222222222,36.666666666666664,0.41334964999999996,0.41249447499999997,0.41420482499999994,0.0,0.0,0.0,0.0
5715345,50.0,30.0,15,923,4,5,122.25,86.0,0.0261027,0.025824,0.026124599999999998,5,5,97.8,85.8,0.35525215000000004,0.34115697500000003,0.369347325,0.888888888888889,1.0,0.8,0.8975833129135016
5771585,50.0,30.0,15,720,7,7,69.28571428571429,32.57142857142857,0.013550199999999998,0.0134555,0.013936,7,7,45.42857142857143,56.42857142857143,0.36038639999999994,0.3580375,0.3627353,0.5714285714285714,0.5714285714285714,0.5714285714285714,0.732321753962825
5771621,50.0,30.0,15,675,4,4,141.75,26.0,0.0167169,0.0166258,0.0183766,6,6,43.666666666666664,67.83333333333333,0.35501019999999994,0.35274649999999996,0.35727390000000003,0.0,0.0,0.0,0.0
5772092,50.0,30.0,15,729,4,5,149.25,25.6,0.0274707,0.026069400000000003,0.027708400000000005,8,8,50.25,39.875,0.4042917,0.40285139999999997,0.4057319999999999,0.3333333333333333,0.5,0.25,0.8723894348894349
5772102,50.0,30.0,15,725,5,4,109.0,43.75,0.021897200000000002,0.021371599999999998,0.0220493,5,5,44.8,99.2,0.39145495,0.391205875,0.39170402499999996,0.4000000000000001,0.4,0.4,0.8355481727574751
5772192,50.0,30.0,15,706,4,5,149.25,21.0,0.026094100000000002,0.0254327,0.0264341,5,5,43.6,96.6,0.3699628,0.36936559999999996,0.37056000000000006,0.4444444444444445,0.5,0.4,0.7028106036410093
5874746,50.0,30.0,15,729,6,4,91.5,43.5,0.0153035,0.0142431,0.0164082,6,7,50.0,60.42857142857143,0.37818005,0.37579152499999996,0.380568575,0.6666666666666666,0.6666666666666666,0.6666666666666666,0.7415016360791008
5874767,50.0,30.0,15,1278,3,2,401.0,36.0,0.19562170000000004,0.19450220000000001,0.1967337,8,9,103.0,49.55555555555556,0.7702961500000002,0.7542972250000001,0.7862950750000001,0.18181818181818182,0.3333333333333333,0.125,0.569023569023569
5874769,50.0,30.0,15,649,5,5,99.2,29.6,0.015542700000000001,0.015184399999999999,0.0162697,8,7,50.25,34.142857142857146,0.38147590000000003,0.37999115,0.38296064999999996,0.4615384615384615,0.6,0.375,0.8917514124293785
5874787,50.0,30.0,15,1064,4,2,262.25,5.5,0.0866005,0.0841235,0.0883037,7,7,98.0,53.0,0.6456842999999999,0.6425011,0.6488675,0.18181818181818182,0.25,0.14285714285714285,0.6563467492260062
5875173,50.0,30.0,15,712,1,1,685.0,26.0,0.0897075,0.0884931,0.0925039,5,5,49.6,91.8,0.4219664,0.42101010000000005,0.4229227,0.0,0.0,0.0,0.0
5882173,50.0,30.0,15,665,6,5,84.33333333333333,30.6,0.015690100000000002,0.015016100000000001,0.018535299999999998,7,7,47.857142857142854,46.142857142857146,0.34616115000000003,0.341997025,0.35032527500000005,0.30769230769230765,0.3333333333333333,0.2857142857142857,0.8787969029184037
5969330,50.0,30.0,15,721,5,6,94.0,41.0,0.014121799999999999,0.0140013,0.014174299999999999,6,6,43.666666666666664,75.5,0.2939613,0.29055854999999997,0.29736405,0.1818181818181818,0.2,0.16666666666666666,0.53125
5969331,50.0,30.0,15,706,2,3,264.0,58.666666666666664,0.0326944,0.032499799999999995,0.0327054,7,8,42.285714285714285,50.375,0.3559616,0.34896305,0.36296015000000004,0.0,0.0,0.0,0.0
5969362,50.0,30.0,15,672,5,5,92.8,40.6,0.0129278,0.0128905,0.012989899999999999,6,4,50.0,91.5,0.31308815,0.311123175,0.315053125,0.5454545454545454,0.6,0.5,0.8567580567580567
6058407,50.0,30.0,15,696,5,5,82.8,55.4,0.0088617,0.0086517,0.009162100000000001,6,7,44.666666666666664,60.285714285714285,0.2449667,0.24236684999999997,0.24756655,0.7272727272727272,0.8,0.6666666666666666,0.835264641019358
6062407,50.0,30.0,15,666,6,7,72.83333333333333,31.857142857142858,0.012957799999999998,0.012834,0.012973700000000003,5,6,57.8,62.0,0.35671475,0.330944175,0.382485325,0.7272727272727272,0.6666666666666666,0.8,0.896648441664523
6109129,50.0,30.0,15,721,3,4,103.0,102.25,0.011895700000000002,0.0116621,0.011957200000000001,6,6,45.0,74.16666666666667,0.31307919999999995,0.30987939999999997,0.3162789999999999,0.4444444444444444,0.6666666666666666,0.3333333333333333,0.7034550662370211
6148097,50.0,30.0,15,725,5,5,96.8,47.2,0.014743699999999998,0.0147141,0.0149875,8,6,52.25,49.833333333333336,0.40075655,0.39567862500000006,0.405834475,0.6153846153846154,0.8,0.5,0.6645037111460328
6148143,50.0,30.0,15,677,3,4,94.66666666666667,97.5,0.011121499999999998,0.011049400000000001,0.011407699999999998,2,3,34.5,202.0,0.2037598,0.20166360000000003,0.205856,0.0,0.0,0.0,0.0
6148208,50.0,30.0,15,646,3,3,168.66666666666666,45.666666666666664,0.0273835,0.0273523,0.0273855,5,6,44.0,70.16666666666667,0.31199025,0.31168102499999994,0.31229947500000005,0.25,0.3333333333333333,0.2,0.9117647058823529
6190357,50.0,30.0,15,710,3,3,102.0,133.66666666666666,0.013544500000000001,0.0134871,0.0136314,7,6,49.285714285714285,59.666666666666664,0.2417134,0.23696399999999998,0.2464628,0.6,1.0,0.42857142857142855,0.752870699561876
6193396,50.0,30.0,15,658,2,2,242.5,85.5,0.0218689,0.0216987,0.0218958,7,7,47.57142857142857,45.42857142857143,0.41953640000000003,0.41599765,0.42307515,0.22222222222222224,0.5,0.14285714285714285,0.8536585365853658
6193436,50.0,30.0,15,666,2,1,305.5,53.0,0.050223199999999996,0.050084699999999996,0.0535369,5,5,40.8,91.4,0.34427785000000005,0.343256725,0.345298975,0.28571428571428575,0.5,0.2,1.0
4216956,50.0,60.0,30,910,3,4,171.66666666666666,98.0,0.040898199999999996,0.0404594,0.0413923,3,4,119.0,137.5,0.417289,0.41349554999999993,0.42108245,1.0,1.0,1.0,0.8007226738934056
4272243,50.0,60.0,30,646,0,1,0.0,646.0,0.0053693000000000005,0.005061899999999999,0.0055185,0,1,0.0,646.0,0.07829385000000001,0.077280925,0.079306775,0.0,0.0,0.0,0.0
4344977,50.0,60.0,30,1187,3,4,283.6666666666667,83.25,0.05929419999999999,0.0586694,0.0623332,6,5,154.33333333333334,51.0,0.5647833500000001,0.554291125,0.575275575,0.4444444444444444,0.6666666666666666,0.3333333333333333,0.9281394654322831
4350946,50.0,60.0,30,690,3,3,95.33333333333333,133.66666666666666,0.014024799999999999,0.014004899999999999,0.014305799999999999,6,3,71.33333333333333,85.33333333333333,0.3503754,0.3469633,0.3537874999999999,0.4444444444444444,0.6666666666666666,0.3333333333333333,0.893859649122807
4351935,50.0,60.0,30,775,2,3,178.5,138.66666666666666,0.0183617,0.017479,0.018469799999999998,4,4,77.75,115.0,0.36858205,0.360880675,0.376283425,0.0,0.0,0.0,0.0
4352377,50.0,60.0,30,716,1,1,190.0,525.0,0.014636399999999997,0.013750799999999999,0.0148431,0,1,0.0,716.0,0.23699194999999998,0.236670175,0.23731372499999998,0.0,0.0,0.0,0.0
4358853,50.0,60.0,30,666,2,3,81.5,167.0,0.0117335,0.011419799999999999,0.011882899999999998,2,3,69.0,175.33333333333334,0.26592575,0.260092425,0.271759075,0.5,0.5,0.5,0.9154929577464789
4359232,50.0,60.0,30,681,0,1,0.0,681.0,0.005846499999999999,0.0058448,0.0058496,0,1,0.0,681.0,0.11955475000000002,0.11660217499999999,0.12250732500000001,0.0,0.0,0.0,0.0
4370045,50.0,60.0,30,720,1,2,168.0,275.5,0.011748399999999997,0.0114646,0.011957599999999999,3,3,70.66666666666667,168.33333333333334,0.21830975000000002,0.21757067500000002,0.219048825,0.0,0.0,0.0,0.0
4389353,50.0,60.0,30,650,1,2,79.0,285.0,0.007508600000000001,0.007410500000000001,0.0075287,1,2,83.0,283.0,0.17732494999999998,0.172694325,0.18195557499999998,1.0,1.0,1.0,0.9518072289156626
4389414,50.0,60.0,30,645,1,1,81.0,563.0,0.0076624,0.0075988,0.0081314,1,2,64.0,290.0,0.17159254999999998,0.167204525,0.175980575,0.0,0.0,0.0,0.0
4392729,50.0,60.0,30,652,2,3,67.5,171.66666666666666,0.0080917,0.0078977,0.008354,3,4,66.33333333333333,112.5,0.19282875,0.186116525,0.199540975,0.8,1.0,0.6666666666666666,0.9565217391304348
4393045,50.0,60.0,30,936,1,2,454.0,240.5,0.0266325,0.0263402,0.0267601,2,3,88.5,252.33333333333334,0.39300375,0.39036552500000005,0.39564197500000003,0.0,0.0,0.0,0.0
4440451,50.0,60.0,30,657,0,1,0.0,657.0,0.0059992,0.005923300000000001,0.0060497,2,3,66.0,174.33333333333334,0.12238204999999999,0.114728975,0.130035125,0.0,0.0,0.0,0.0
4443744,50.0,60.0,30,710,2,3,67.5,191.0,0.009180299999999999,0.0091062,0.0093735,4,4,70.0,106.5,0.24338434999999997,0.23795317500000002,0.24881552499999998,0.6666666666666666,1.0,0.5,0.9137362637362637
4448887,50.0,60.0,30,666,3,4,78.33333333333333,107.0,0.010813599999999998,0.0106017,0.0108539,5,6,74.6,48.0,0.2703498,0.26973294999999997,0.27096665,0.7499999999999999,1.0,0.6,0.9162129461584997
4469551,50.0,60.0,30,670,2,2,74.5,259.5,0.011210699999999999,0.011204700000000001,0.0112229,2,2,68.0,266.0,0.23817744999999999,0.217844475,0.25851042500000004,0.5,0.5,0.5,0.9142857142857143
4472905,50.0,60.0,30,816,3,4,140.66666666666666,97.75,0.0197042,0.0195981,0.020299900000000003,3,4,150.66666666666666,90.25,0.3707034,0.35086455,0.39054225,1.0,1.0,1.0,0.9188633648311068
4473229,50.0,60.0,30,673,2,2,66.5,269.0,0.0080531,0.007864300000000001,0.0084269,3,3,65.0,158.33333333333334,0.24237520000000004,0.24154005,0.24321035000000002,0.8,1.0,0.6666666666666666,0.9776119402985075
4481970,50.0,60.0,30,642,2,3,83.5,157.66666666666666,0.009962200000000001,0.0094845,0.0107814,2,2,88.0,232.0,0.24460905000000002,0.24293037500000003,0.246287725,1.0,1.0,1.0,0.9357142857142857
4482888,50.0,60.0,30,647,0,1,0.0,647.0,0.0040016999999999995,0.003964,0.0040079,0,1,0.0,647.0,0.0345572,0.034476549999999995,0.03463785,0.0,0.0,0.0,0.0
4487550,50.0,60.0,30,653,1,2,98.0,277.0,0.0091968,0.0088951,0.0093861,2,3,100.0,150.33333333333334,0.17889670000000002,0.17721330000000002,0.18058009999999997,0.6666666666666666,1.0,0.5,0.7153284671532847
4487946,50.0,60.0,30,710,1,2,508.0,100.5,0.0412766,0.0412611,0.041418300000000005,1,2,521.0,94.0,0.37636464999999997,0.367449825,0.38527947500000004,1.0,1.0,1.0,0.9750479846449136
4504164,50.0,60.0,30,649,2,3,129.0,129.66666666666666,0.0133499,0.013004700000000003,0.013582799999999999,4,4,70.25,91.0,0.3836195,0.38031040000000005,0.3869286,0.3333333333333333,0.5,0.25,0.9156626506024096
4527487,50.0,60.0,30,671,1,1,648.0,22.0,0.06228340000000001,0.060393100000000005,0.062396400000000005,2,3,87.0,165.0,0.3944163,0.39344315,0.39538945,0.0,0.0,0.0,0.0
4544584,50.0,60.0,30,672,1,2,71.0,300.0,0.010214,0.0099875,0.011736600000000002,1,2,70.0,300.5,0.2502342,0.24979245,0.25067595000000004,1.0,1.0,1.0,0.9583333333333334
4547202,50.0,60.0,30,696,3,3,115.66666666666667,115.33333333333333,0.020865,0.0200586,0.022662900000000003,4,5,80.0,74.4,0.34700064999999997,0.34528202500000005,0.34871927500000005,0.5714285714285715,0.6666666666666666,0.5,0.9314262691377921
4559519,50.0,60.0,30,991,2,3,279.0,143.66666666666666,0.0810831,0.07255439999999999,0.09329939999999999,3,4,172.33333333333334,117.75,0.49569205,0.492261875,0.49912222500000003,0.8,1.0,0.6666666666666666,0.7273972602739727
4575701,50.0,60.0,30,700,0,1,0.0,700.0,0.007715400000000001,0.007494000000000001,0.0079337,1,2,60.0,319.5,0.1914751,0.18993224999999997,0.19301795,0.0,0.0,0.0,0.0
4579744,50.0,60.0,30,678,4,5,84.25,67.4,0.013095200000000003,0.012499799999999998,0.0133243,4,5,91.0,62.0,0.29345494999999994,0.292471375,0.29443852499999995,1.0,1.0,1.0,0.9289333834091099
4605892,50.0,60.0,30,678,1,0,677.0,0.0,0.09749060000000001,0.0876402,0.0982662,5,4,77.2,71.75,0.41026105,0.40252532499999993,0.417996775,0.0,0.0,0.0,0.0
4668185,50.0,60.0,30,641,1,2,66.0,287.0,0.0088084,0.0082459,0.0093877,3,4,65.33333333333333,110.5,0.32939424999999994,0.32896702499999997,0.329821475,0.5,1.0,0.3333333333333333,0.9428571428571428
4705097,50.0,60.0,30,659,1,2,81.0,288.5,0.011283399999999999,0.0103552,0.0116745,3,3,70.33333333333333,148.33333333333334,0.27582205,0.26689542499999996,0.284748675,0.5,1.0,0.3333333333333333,0.9634146341463414
4724133,50.0,60.0,30,650,1,2,106.0,271.5,0.010285200000000001,0.0091379,0.0107274,2,3,102.0,148.0,0.2138881,0.2138863,0.21388990000000002,0.6666666666666666,1.0,0.5,0.9298245614035088
4749525,50.0,60.0,30,805,2,3,151.5,166.66666666666666,0.0159665,0.0152414,0.016469400000000002,1,2,183.0,310.5,0.2977637,0.29768855,0.29783885,0.6666666666666666,0.5,1.0,0.825136612021858
4754626,50.0,60.0,30,1144,2,3,337.5,155.66666666666666,0.06714730000000001,0.0640751,0.0694114,2,1,353.0,436.0,0.5907052999999999,0.5857288500000001,0.59568175,1.0,1.0,1.0,0.9397846780920278
4754956,50.0,60.0,30,647,1,2,106.0,270.0,0.0092354,0.009184,0.0094018,2,3,82.0,160.33333333333334,0.25045144999999996,0.24600152500000003,0.254901375,0.6666666666666666,1.0,0.5,0.9433962264150944
4775763,50.0,60.0,30,718,3,3,86.66666666666667,151.66666666666666,0.0133928,0.0133007,0.0134447,3,3,94.33333333333333,144.0,0.34311785,0.341498375,0.34473732499999993,1.0,1.0,1.0,0.9101861608710924
4785421,50.0,60.0,30,773,2,3,130.0,170.33333333333334,0.0164732,0.015829299999999998,0.016563099999999997,2,3,136.5,166.0,0.36934619999999996,0.36706174999999996,0.37163064999999995,1.0,1.0,1.0,0.9416102668880092
4789937,50.0,60.0,30,678,1,2,71.0,303.0,0.0137051,0.012475799999999999,0.014888299999999998,4,5,75.25,74.6,0.302616,0.30140439999999996,0.30382760000000003,0.4,1.0,0.25,0.922077922077922
4792515,50.0,60.0,30,705,3,3,211.33333333333334,22.666666666666668,0.0352101,0.0344015,0.0360405,4,4,68.0,107.25,0.4039633,0.39607260000000005,0.411854,0.28571428571428575,0.3333333333333333,0.25,0.7792207792207793
4811115,50.0,60.0,30,643,2,3,73.0,165.0,0.009171700000000001,0.0088185,0.009355700000000002,3,4,74.33333333333333,104.25,0.21864060000000005,0.21767635000000002,0.21960485000000002,0.8,1.0,0.6666666666666666,0.9361842105263158
4824328,50.0,60.0,30,688,2,2,203.5,139.5,0.0222985,0.022066099999999998,0.0223233,5,5,89.2,47.4,0.29006025,0.288344325,0.2917761749999999,0.5714285714285715,1.0,0.4,0.6004111321948133
4861227,50.0,60.0,30,710,3,3,146.33333333333334,89.33333333333333,0.0278137,0.027761900000000006,0.0278674,7,5,77.42857142857143,32.2,0.37311515000000006,0.36900447500000005,0.377225825,0.4,0.6666666666666666,0.2857142857142857,0.8744279176201373
4861687,50.0,60.0,30,746,4,5,85.75,79.8,0.0124355,0.0124108,0.012497,6,7,73.66666666666667,42.57142857142857,0.32317325,0.31790542499999996,0.328441075,0.8,1.0,0.6666666666666666,0.8562217192556063
4862222,50.0,60.0,30,670,2,3,72.0,174.66666666666666,0.006231100000000002,0.0061962,0.0063808,3,3,73.33333333333333,149.0,0.12545840000000003,0.12477455,0.12614225,0.8,1.0,0.6666666666666666,0.9205397301349325
4862380,50.0,60.0,30,660,1,2,114.0,272.5,0.010239799999999999,0.01009,0.0104065,0,1,0.0,660.0,0.17882204999999998,0.178617625,0.179026475,0.0,0.0,0.0,0.0
4865550,50.0,60.0,30,642,1,1,84.0,557.0,0.0077957,0.0077711,0.0079224,1,2,63.0,289.0,0.17791815,0.17607742500000004,0.179758875,0.0,0.0,0.0,0.0
4865558,50.0,60.0,30,649,0,1,0.0,649.0,0.007570500000000001,0.007318,0.0079062,2,3,63.5,173.33333333333334,0.16074144999999998,0.16015637499999996,0.161326525,0.0,0.0,0.0,0.0
4912927,50.0,60.0,30,674,0,1,0.0,674.0,0.0043234,0.0041386,0.0043627,0,1,0.0,674.0,0.051031450000000006,0.04972312500000001,0.05233977499999999,0.0,0.0,0.0,0.0
4915833,50.0,60.0,30,675,2,2,88.5,248.0,0.0086203,0.0085041,0.0086436,2,2,94.0,242.5,0.18889575,0.188696475,0.189095025,1.0,1.0,1.0,0.9424900057110223
4940890,50.0,60.0,30,683,2,3,92.0,165.66666666666666,0.0097738,0.00965,0.0099456,1,2,70.0,306.0,0.21216264999999998,0.210967675,0.21335762500000002,0.6666666666666666,0.5,1.0,0.9428571428571428
5244934,50.0,60.0,30,656,1,2,410.0,122.5,0.029443,0.029397299999999998,0.029507500000000002,4,4,74.5,88.5,0.3143957,0.31329029999999997,0.31550110000000003,0.0,0.0,0.0,0.0
5351422,50.0,60.0,30,654,3,4,73.33333333333333,107.75,0.0112959,0.0110734,0.0115004,4,5,83.0,63.6,0.25744855,0.25636322500000003,0.258533875,0.8571428571428571,1.0,0.75,0.8384811794745078
5477477,50.0,60.0,30,678,0,1,0.0,678.0,0.0058118000000000015,0.0053381,0.0059474,0,1,0.0,678.0,0.08473739999999999,0.08420364999999999,0.08527114999999999,0.0,0.0,0.0,0.0
5499001,50.0,60.0,30,670,0,1,0.0,670.0,0.0055377,0.0055132,0.0056878,2,3,71.0,175.33333333333334,0.10888385,0.107609675,0.11015802499999999,0.0,0.0,0.0,0.0
5503058,50.0,60.0,30,916,2,3,250.0,138.0,0.0392404,0.0392324,0.0394587,1,2,78.0,418.5,0.40848265,0.407329475,0.40963582500000006,0.6666666666666666,0.5,1.0,0.9230769230769231
5503168,50.0,60.0,30,695,3,4,159.66666666666666,53.25,0.0267776,0.025898400000000002,0.0270567,4,5,76.25,77.2,0.33679709999999996,0.33538134999999997,0.33821284999999995,0.28571428571428575,0.3333333333333333,0.25,0.8470588235294118
5503359,50.0,60.0,30,716,3,4,161.66666666666666,57.0,0.0206092,0.020514400000000002,0.0206773,6,6,72.83333333333333,45.5,0.34590080000000006,0.34290025,0.34890135000000005,0.2222222222222222,0.3333333333333333,0.16666666666666666,0.9113924050632911
5540718,50.0,60.0,30,663,3,4,109.0,83.25,0.0146786,0.014625899999999997,0.0148882,5,5,76.4,55.2,0.29181965,0.290666375,0.292972925,0.5,0.6666666666666666,0.4,0.9335523913837167
5540722,50.0,60.0,30,691,2,2,131.5,213.0,0.0129853,0.012776899999999999,0.0130564,5,6,70.0,56.0,0.2591785,0.2581202,0.26023679999999993,0.0,0.0,0.0,0.0
5540733,50.0,60.0,30,641,1,2,82.0,279.0,0.0092204,0.008886100000000001,0.009692,1,2,85.0,277.5,0.22000594999999995,0.219681675,0.22033022499999996,1.0,1.0,1.0,0.9418604651162791
5540847,50.0,60.0,30,869,4,4,126.0,90.25,0.0234315,0.0234277,0.024750599999999998,5,5,75.8,97.0,0.3773515,0.37092084999999997,0.38378215000000004,0.6666666666666665,0.75,0.6,0.7873607873607873
5547018,50.0,60.0,30,649,1,2,66.0,291.0,0.007140200000000001,0.0070358,0.0072735,4,5,66.75,75.6,0.1706415,0.1692878,0.17199520000000001,0.4,1.0,0.25,0.8918918918918919
5565253,50.0,60.0,30,670,2,3,136.0,132.0,0.0195455,0.019493299999999998,0.019696400000000003,4,3,73.0,124.66666666666667,0.2604283,0.25932885,0.26152775,0.3333333333333333,0.5,0.25,0.9130434782608695
5615881,50.0,60.0,30,1051,4,3,181.5,107.0,0.0311023,0.0311009,0.0311781,3,3,77.33333333333333,272.0,0.48038195,0.47659092500000005,0.48417297500000006,0.8571428571428571,0.75,1.0,0.920897682872411
5615968,50.0,60.0,30,642,2,3,65.5,169.66666666666666,0.008383700000000001,0.008297,0.0083967,5,6,73.2,45.166666666666664,0.19449574999999997,0.192333175,0.19665832500000002,0.5714285714285715,1.0,0.4,0.7994152046783626
5615986,50.0,60.0,30,685,3,4,111.66666666666667,86.75,0.0199743,0.0196903,0.020075,5,6,80.6,46.166666666666664,0.26147485,0.261113725,0.261835975,0.5,0.6666666666666666,0.4,0.7839369463262116
5615988,50.0,60.0,30,671,4,5,95.5,57.0,0.011802100000000001,0.011707,0.011808800000000001,3,4,70.0,114.5,0.26569889999999996,0.26554855,0.26584925,0.5714285714285715,0.5,0.6666666666666666,0.9263869132290184
5616015,50.0,60.0,30,657,0,1,0.0,657.0,0.0056535,0.0056321,0.0060427,0,1,0.0,657.0,0.07236725,0.072292275,0.07244222499999999,0.0,0.0,0.0,0.0
5633515,50.0,60.0,30,663,2,2,143.0,187.5,0.016925,0.0164393,0.017372,4,4,85.25,79.5,0.30321064999999997,0.302201475,0.304219825,0.3333333333333333,0.5,0.25,0.7083333333333334
5692189,50.0,60.0,30,1527,2,3,514.5,165.33333333333334,0.1375664,0.12533610000000003,0.13919710000000002,2,3,519.5,162.0,0.7586221999999999,0.7397470500000001,0.77749735,1.0,1.0,1.0,0.9720965309200603
5705278,50.0,60.0,30,643,1,2,70.0,286.0,0.009476100000000001,0.0088513,0.0104137,3,4,70.66666666666667,107.0,0.2310763,0.22948659999999999,0.232666,0.5,1.0,0.3333333333333333,0.9333333333333333
5705752,50.0,60.0,30,682,1,2,150.0,265.5,0.011389599999999998,0.0113168,0.011394699999999999,1,2,75.0,303.0,0.24596995,0.245918525,0.246021375,1.0,1.0,1.0,0.5
5706077,50.0,60.0,30,656,3,3,69.33333333333333,148.33333333333334,0.008422200000000001,0.008335200000000001,0.0084263,4,4,70.25,92.75,0.21654779999999998,0.21423985,0.21885575,0.8571428571428571,1.0,0.75,0.9146243722380313
5706137,50.0,60.0,30,737,2,3,307.5,40.0,0.0400175,0.0392385,0.040364,5,6,88.2,48.5,0.387531,0.38583015000000004,0.38923185000000005,0.28571428571428575,0.5,0.2,0.875
5715345,50.0,60.0,30,923,1,2,371.0,275.5,0.0239396,0.023536400000000002,0.0241337,1,2,375.0,273.5,0.28650825,0.28480727499999997,0.288209225,1.0,1.0,1.0,0.9893333333333333
5771585,50.0,60.0,30,720,5,5,82.0,61.0,0.0130979,0.0125968,0.0133488,5,5,88.8,54.2,0.2864375,0.28491165,0.28796335000000006,1.0,1.0,1.0,0.9285555083224655
5771621,50.0,60.0,30,675,4,4,89.25,78.5,0.015455100000000001,0.0154061,0.0160069,4,3,86.5,108.33333333333333,0.3078666,0.30715515000000004,0.30857805,0.75,0.75,0.75,0.8979467279508722
5772092,50.0,60.0,30,729,3,4,148.33333333333334,70.25,0.0241262,0.0232275,0.024620600000000003,4,5,82.25,79.2,0.3346356,0.33175155,0.33751965,0.5714285714285715,0.6666666666666666,0.5,0.8629381371316855
5772102,50.0,60.0,30,725,3,3,153.66666666666666,87.0,0.0216202,0.0212617,0.0216897,4,4,76.0,104.25,0.36215159999999996,0.3583573,0.3659459,0.5714285714285715,0.6666666666666666,0.5,0.7519219396806622
5772192,50.0,60.0,30,706,3,4,171.66666666666666,47.0,0.0248442,0.0245304,0.025228,5,6,80.2,50.0,0.3379428,0.3361201,0.3397655,0.25,0.3333333333333333,0.2,0.927710843373494
5874746,50.0,60.0,30,729,3,3,99.0,143.0,0.013781100000000001,0.013605999999999998,0.0139584,3,4,94.66666666666667,110.5,0.3111554,0.30794415,0.31436665,0.6666666666666666,0.6666666666666666,0.6666666666666666,0.9528658976207642
5874767,50.0,60.0,30,1278,3,2,398.3333333333333,40.0,0.1890845,0.1825777,0.18968640000000003,4,5,77.5,192.8,0.6834551999999999,0.6823280000000002,0.6845823999999999,0.28571428571428575,0.3333333333333333,0.25,0.8554216867469879
5874769,50.0,60.0,30,649,3,4,94.33333333333333,90.75,0.015171299999999999,0.014982,0.015226799999999997,2,3,79.0,163.0,0.31176610000000005,0.30996115,0.31357104999999996,0.4,0.3333333333333333,0.5,0.8941176470588236
5874787,50.0,60.0,30,1064,3,3,295.3333333333333,58.333333333333336,0.0827011,0.0815069,0.0836575,5,4,165.2,58.25,0.5960404,0.5889129999999999,0.6031678,0.7499999999999999,1.0,0.6,0.7286819933878758
5875173,50.0,60.0,30,712,1,1,682.0,29.0,0.0733343,0.07268939999999999,0.07881260000000001,2,2,96.5,258.5,0.4042214499999999,0.395289875,0.41315302499999995,0.0,0.0,0.0,0.0
5882173,50.0,60.0,30,665,4,5,98.0,53.8,0.014411,0.0141918,0.0144406,4,4,82.25,83.0,0.28884735000000006,0.286864775,0.290829925,0.75,0.75,0.75,0.7938050030011244
5969330,50.0,60.0,30,721,2,3,109.5,166.66666666666666,0.0135918,0.0133271,0.0146394,4,4,68.25,111.0,0.2811602,0.27837145,0.28394895000000003,0.3333333333333333,0.5,0.25,0.5037037037037037
5969331,50.0,60.0,30,706,2,3,254.0,65.33333333333333,0.0398395,0.035426099999999995,0.0409331,5,5,78.0,62.2,0.427931,0.41076345,0.44509855,0.28571428571428575,0.5,0.2,0.5700934579439252
5969362,50.0,60.0,30,672,1,2,279.0,196.0,0.0212202,0.020645900000000002,0.0223208,3,4,68.33333333333333,116.0,0.38831289999999996,0.38212430000000003,0.3945015,0.0,0.0,0.0,0.0
6058407,50.0,60.0,30,696,1,1,184.0,511.0,0.0113586,0.010522700000000001,0.0113612,1,1,93.0,602.0,0.30250505,0.292110975,0.312899125,1.0,1.0,1.0,0.5054347826086957
6062407,50.0,60.0,30,666,3,4,88.0,99.75,0.0134509,0.0134389,0.013676500000000001,3,4,109.0,84.0,0.31539265,0.312071025,0.31871427500000005,1.0,1.0,1.0,0.8395209580838324
6109129,50.0,60.0,30,721,2,3,109.0,167.0,0.0140568,0.0136367,0.0172315,2,3,68.5,194.0,0.24480695000000002,0.24227927500000002,0.24733462499999997,0.5,0.5,0.5,0.9846153846153847
6148097,50.0,60.0,30,725,2,3,122.0,159.66666666666666,0.015200899999999998,0.0151102,0.0158622,2,3,118.0,162.33333333333334,0.34360685,0.33148227499999994,0.35573142500000005,0.5,0.5,0.5,0.9885714285714285
6148143,50.0,60.0,30,677,3,4,83.33333333333333,106.0,0.013850600000000001,0.013105,0.0158673,3,4,79.0,109.25,0.23219535,0.231348775,0.23304192499999998,1.0,1.0,1.0,0.8541830065359477
6148208,50.0,60.0,30,646,2,2,183.0,139.0,0.0288817,0.0277399,0.0310721,3,4,70.66666666666667,107.75,0.37102915000000003,0.350984175,0.39107412500000005,0.4,0.5,0.3333333333333333,0.6124031007751938
6190357,50.0,60.0,30,710,1,1,182.0,527.0,0.0157802,0.014062799999999999,0.0162778,0,1,0.0,710.0,0.2277421,0.21186085000000002,0.24362335,0.0,0.0,0.0,0.0
6193396,50.0,60.0,30,658,3,3,142.66666666666666,75.66666666666667,0.0244488,0.0226271,0.024829700000000003,3,4,71.66666666666667,110.0,0.36844184999999996,0.36073022499999996,0.37615347499999996,0.3333333333333333,0.3333333333333333,0.3333333333333333,0.8289473684210527
6193436,50.0,60.0,30,666,1,1,546.0,119.0,0.0479787,0.0466821,0.047981300000000005,4,2,73.25,184.5,0.42591360000000006,0.3904039,0.4614233,0.0,0.0,0.0,0.0
