trajectory,gamma_mps,k,n_points,n_moves,n_stops,n_move_points,n_move_keypoints,move_cr,move_retention_ratio,e_match_rate,v_match_rate,move_latency_us_per_point,move_latency_p25_us_per_point,move_latency_p75_us_per_point
10752853,2.0,2,615,2,1,565,132,12.696629213483146,0.2336283185840708,0.0,0.034782608695652174,3.247079646017699,nan,nan
10752864,2.0,2,232,2,1,187,55,10.788461538461538,0.29411764705882354,0.08695652173913043,1.0,6.749197860962567,nan,nan
10752951,2.0,2,610,1,0,610,145,15.91304347826087,0.23770491803278687,0.0,0.9090909090909091,5.205081967213115,nan,nan
10892045,2.0,2,323,2,1,282,68,14.842105263157896,0.24113475177304963,0.015151515151515152,1.0,4.398581560283688,nan,nan
10934834,2.0,2,242,1,0,242,37,24.2,0.15289256198347106,0.0,1.0,3.4888429752066115,nan,nan
10934933,2.0,2,423,1,0,423,81,21.879310344827587,0.19148936170212766,0.0,1.0,3.7650118203309693,nan,nan
10935081,2.0,2,278,1,0,278,58,19.623529411764707,0.20863309352517986,0.0,1.0,4.738129496402878,nan,nan
10935136,2.0,2,308,1,1,261,53,22.695652173913043,0.20306513409961685,0.16129032258064516,1.0,4.543295019157088,nan,nan
10935148,2.0,2,237,2,3,66,13,12.375,0.19696969696969696,0.08333333333333333,1.0,5.331818181818181,nan,nan
10935358,2.0,2,636,4,3,506,137,14.457142857142857,0.2707509881422925,0.08256880733944955,1.0,6.539723320158102,nan,nan
10935638,2.0,2,228,1,0,228,61,14.869565217391305,0.2675438596491228,0.0,1.0,5.332017543859649,nan,nan
10935844,2.0,2,607,1,0,607,141,18.581632653061224,0.23228995057660626,0.0,0.6111111111111112,3.8008237232289948,nan,nan
10969051,2.0,2,601,1,0,601,99,26.711111111111112,0.16472545757071547,0.0,0.8888888888888888,3.6307820299500833,nan,nan
11058912,2.0,2,601,1,0,601,228,11.1640866873065,0.3793677204658902,0.30357142857142855,1.0,5.041930116472545,nan,nan
11071635,2.0,2,423,2,1,377,84,18.540983606557376,0.22281167108753316,0.04225352112676056,1.0,14.178779840848806,nan,nan
11071677,2.0,2,459,2,1,406,93,18.73846153846154,0.229064039408867,0.011111111111111112,1.0,11.690394088669951,nan,nan
11071727,2.0,2,411,1,0,411,124,14.172413793103448,0.30170316301703165,0.11702127659574468,1.0,12.276642335766423,nan,nan
11071733,2.0,2,257,1,0,257,62,17.325842696629213,0.24124513618677043,0.0,1.0,5.061089494163424,nan,nan
11071965,2.0,2,535,3,2,448,93,19.2,0.20758928571428573,0.02247191011235955,1.0,8.150669642857142,nan,nan
11092058,2.0,2,446,1,1,399,82,22.58490566037736,0.20551378446115287,0.028985507246376812,1.0,6.476441102756892,nan,nan
11092072,2.0,2,247,1,0,247,55,19.246753246753247,0.22267206477732793,0.0,1.0,8.334412955465586,nan,nan
4300268,2.0,2,961,5,4,431,77,19.740458015267176,0.17865429234338748,0.013157894736842105,0.9,7.6496519721577725,nan,nan
4303167,2.0,2,610,3,2,518,134,15.938461538461539,0.25868725868725867,0.0,1.0,10.884169884169884,nan,nan
4303201,2.0,2,600,1,0,600,116,22.085889570552148,0.19333333333333333,0.008771929824561403,1.0,10.459833333333332,nan,nan
4326816,2.0,2,606,4,4,446,85,20.74418604651163,0.1905829596412556,0.02631578947368421,1.0,6.673766816143497,nan,nan
4453473,2.0,2,610,3,2,512,129,14.76923076923077,0.251953125,0.08163265306122448,0.95,10.7111328125,nan,nan
4636267,2.0,2,624,4,3,474,114,15.712707182320441,0.24050632911392406,0.018018018018018018,1.0,9.53396624472574,nan,nan
4652239,2.0,2,601,4,4,432,144,13.157360406091371,0.3333333333333333,0.11,0.9375,11.92523148148148,nan,nan
4660369,2.0,2,640,3,2,523,110,19.134146341463413,0.21032504780114722,0.0898876404494382,1.0,7.361185468451243,nan,nan
4748312,2.0,2,624,5,4,435,72,20.88,0.16551724137931034,0.04918032786885246,0.9090909090909091,16.566206896551723,nan,nan
4748313,2.0,2,770,3,2,465,133,14.607329842931938,0.2860215053763441,0.015503875968992248,1.0,7.3509677419354835,nan,nan
4779685,2.0,2,669,5,4,405,73,18.692307692307693,0.18024691358024691,0.0625,0.9090909090909091,10.428395061728395,nan,nan
4792372,2.0,2,609,3,3,455,93,19.640287769784173,0.2043956043956044,0.022727272727272728,1.0,7.158021978021978,nan,nan
4793806,2.0,2,609,4,3,441,127,14.94915254237288,0.28798185941043086,0.125,0.9333333333333333,7.005442176870749,nan,nan
4798549,2.0,2,661,5,4,447,74,19.720588235294116,0.16554809843400448,0.08064516129032258,0.7857142857142857,7.595973154362416,nan,nan
4944723,2.0,2,650,5,5,292,57,16.846153846153847,0.1952054794520548,0.0,1.0,10.251712328767123,nan,nan
4981908,2.0,2,251,1,0,251,48,22.47761194029851,0.19123505976095617,0.05555555555555555,0.8333333333333334,5.618326693227091,nan,nan
5084249,2.0,2,600,1,0,600,146,14.634146341463415,0.24333333333333335,0.0,0.22807017543859648,4.742,nan,nan
5133027,2.0,2,628,4,4,395,81,18.372093023255815,0.20506329113924052,0.0125,1.0,7.32987341772152,nan,nan
5285957,2.0,2,387,1,0,387,53,29.025,0.13695090439276486,0.0,1.0,5.903100775193798,nan,nan
5286334,2.0,2,342,1,0,342,78,18.825688073394495,0.22807017543859648,0.06153846153846154,0.875,7.271929824561403,nan,nan
5395622,2.0,2,231,2,1,198,47,16.273972602739725,0.23737373737373738,0.0,1.0,7.863636363636363,nan,nan
5538668,2.0,2,617,1,0,617,145,16.453333333333333,0.23500810372771475,0.0782608695652174,0.72,3.886061588330632,nan,nan
5670672,2.0,2,264,3,2,145,19,20.232558139534884,0.1310344827586207,0.05555555555555555,0.75,7.836551724137931,nan,nan
5729758,2.0,2,253,1,0,253,52,20.24,0.20553359683794467,0.0,1.0,6.498418972332016,nan,nan
5763820,2.0,2,989,4,5,347,82,18.263157894736842,0.23631123919308358,0.07407407407407407,1.0,13.005187319884726,nan,nan
5917923,2.0,2,272,1,0,272,70,16.15841584158416,0.25735294117647056,0.0,1.0,7.704044117647059,nan,nan
5936666,2.0,2,602,1,0,602,146,17.282296650717704,0.2425249169435216,0.0,1.0,6.06328903654485,nan,nan
6014730,2.0,2,219,1,0,219,57,15.642857142857142,0.2602739726027397,0.0,1.0,6.023287671232876,nan,nan
6051512,2.0,2,601,2,1,568,98,22.42105263157895,0.17253521126760563,0.0,1.0,4.9864436619718315,nan,nan
6053686,2.0,2,602,1,0,602,144,18.242424242424242,0.23920265780730898,0.014492753623188406,1.0,5.891196013289036,nan,nan
6171971,2.0,2,372,1,0,372,58,25.363636363636363,0.15591397849462366,0.0,1.0,4.844892473118279,nan,nan
6172561,2.0,2,239,1,0,239,51,20.782608695652176,0.21338912133891214,0.0,1.0,6.735146443514645,nan,nan
6357847,2.0,2,716,7,6,358,99,12.488372093023257,0.276536312849162,0.0,1.0,13.811173184357541,nan,nan
6358495,2.0,2,308,1,0,308,45,27.176470588235293,0.1461038961038961,0.08333333333333333,1.0,5.550324675324675,nan,nan
6422329,2.0,2,269,1,0,269,23,44.833333333333336,0.08550185873605948,0.0,0.6666666666666666,6.8405204460966536,nan,nan
6547817,2.0,2,320,1,1,288,62,24.338028169014084,0.2152777777777778,0.022222222222222223,1.0,7.109027777777778,nan,nan
6547822,2.0,2,341,4,3,218,34,20.123076923076923,0.1559633027522936,0.17391304347826086,1.0,17.286238532110094,nan,nan
6756778,2.0,2,498,1,1,457,66,30.466666666666665,0.14442013129102846,0.0,0.8333333333333334,5.919037199124727,nan,nan
6896919,2.0,2,619,2,1,564,90,28.436974789915965,0.1595744680851064,0.13333333333333333,1.0,5.9315602836879435,nan,nan
6920600,2.0,2,225,1,0,225,52,18.0,0.2311111111111111,0.02040816326530612,1.0,6.2506666666666675,nan,nan
6922501,2.0,2,273,1,1,239,48,22.06153846153846,0.200836820083682,0.023255813953488372,1.0,5.617154811715481,nan,nan
6922622,2.0,2,453,1,0,453,79,24.70909090909091,0.17439293598233996,0.0,1.0,5.81766004415011,nan,nan
6941418,2.0,2,282,2,1,251,39,24.29032258064516,0.1553784860557769,0.027777777777777776,0.8,8.774103585657372,nan,nan
6984632,2.0,2,617,2,1,578,197,12.610909090909091,0.3408304498269896,0.041666666666666664,0.7916666666666666,6.518512110726643,nan,nan
7555066,2.0,2,339,1,0,339,79,20.138613861386137,0.23303834808259588,0.09615384615384616,1.0,7.389380530973451,nan,nan
7557391,2.0,2,302,1,0,302,80,16.934579439252335,0.26490066225165565,0.0,1.0,15.7476821192053,nan,nan
7563440,2.0,2,591,1,0,591,145,18.091836734693878,0.24534686971235195,0.0,1.0,8.34399323181049,nan,nan
7564587,2.0,2,242,2,1,197,56,14.414634146341463,0.28426395939086296,0.0,1.0,11.071065989847716,nan,nan
7583768,2.0,2,236,2,2,164,67,9.84,0.40853658536585363,0.10909090909090909,0.8571428571428571,11.146341463414634,nan,nan
7598344,2.0,2,219,1,0,219,51,18.507042253521128,0.2328767123287671,0.0,0.8,10.44337899543379,nan,nan
7613495,2.0,2,612,1,0,612,144,18.927835051546392,0.23529411764705882,0.007142857142857143,1.0,7.690359477124183,nan,nan
7613518,2.0,2,285,2,2,214,56,17.833333333333332,0.2616822429906542,0.28,1.0,8.335514018691589,nan,nan
7613731,2.0,2,271,1,1,233,39,31.066666666666666,0.16738197424892703,0.3125,1.0,9.288412017167381,nan,nan
7691124,2.0,2,255,3,2,178,50,13.518987341772151,0.2808988764044944,0.0,1.0,11.279213483146068,nan,nan
7691163,2.0,2,301,2,1,267,66,16.6875,0.24719101123595505,0.0,1.0,8.008239700374531,nan,nan
7691232,2.0,2,601,1,0,601,125,18.683937823834196,0.2079866888519135,0.08,0.9411764705882353,7.330615640599001,nan,nan
7691423,2.0,2,303,2,1,260,81,15.757575757575758,0.31153846153846154,1.0,1.0,12.911538461538461,nan,nan
7691435,2.0,2,343,1,0,343,107,15.709923664122137,0.3119533527696793,0.1076923076923077,1.0,16.42594752186589,nan,nan
7691520,2.0,2,608,2,1,552,100,23.0,0.18115942028985507,0.010526315789473684,1.0,8.269021739130435,nan,nan
7691542,2.0,2,368,2,1,306,70,21.857142857142858,0.22875816993464052,0.13157894736842105,1.0,12.117647058823529,nan,nan
7691885,2.0,2,251,2,1,208,60,14.344827586206897,0.28846153846153844,0.0,1.0,9.036057692307692,nan,nan
7691909,2.0,2,624,2,1,586,136,18.03076923076923,0.23208191126279865,0.0,1.0,11.676791808873721,nan,nan
7795968,2.0,2,252,1,1,195,31,25.434782608695652,0.15897435897435896,0.0,1.0,15.794358974358975,nan,nan
7797310,2.0,2,601,1,0,601,104,23.415584415584416,0.17304492512479203,0.0,0.5555555555555556,7.73261231281198,nan,nan
7799046,2.0,2,454,1,0,454,98,21.967741935483872,0.21585903083700442,0.13636363636363635,1.0,15.683259911894273,nan,nan
7799135,2.0,2,329,1,0,329,86,16.871794871794872,0.2613981762917933,0.0,1.0,11.191185410334347,nan,nan
7799180,2.0,2,645,4,3,515,111,21.914893617021278,0.21553398058252426,0.28888888888888886,1.0,9.602524271844661,nan,nan
7799209,2.0,2,525,1,0,525,135,17.696629213483146,0.2571428571428571,0.0,1.0,12.612,nan,nan
7799211,2.0,2,232,3,2,155,44,12.077922077922079,0.2838709677419355,0.0,1.0,15.579354838709678,nan,nan
7799420,2.0,2,317,1,1,286,72,21.72151898734177,0.2517482517482518,0.06976744186046512,1.0,13.946153846153846,nan,nan
7799507,2.0,2,310,3,2,196,66,10.990654205607477,0.336734693877551,0.0,0.7777777777777778,7.0158163265306115,nan,nan
7852277,2.0,2,247,1,1,202,37,23.307692307692307,0.18316831683168316,0.0,1.0,7.442079207920792,nan,nan
7852403,2.0,2,290,1,0,290,62,20.714285714285715,0.21379310344827587,0.0,1.0,8.403448275862068,nan,nan
7852411,2.0,2,607,3,2,521,126,17.081967213114755,0.2418426103646833,0.016666666666666666,0.9230769230769231,11.177159309021114,nan,nan
7852420,2.0,2,606,2,1,562,129,19.6046511627907,0.22953736654804271,0.0,1.0,7.088790035587189,nan,nan
7852422,2.0,2,216,1,0,216,43,20.903225806451612,0.19907407407407407,0.0,1.0,11.497685185185185,nan,nan
7852445,2.0,2,307,1,0,307,56,24.236842105263158,0.18241042345276873,0.02,1.0,9.197394136807818,nan,nan
7852451,2.0,2,314,2,1,261,49,21.45205479452055,0.18773946360153257,0.22580645161290322,1.0,9.765900383141762,nan,nan
8354596,2.0,2,385,1,0,385,94,17.5,0.24415584415584415,0.08,1.0,6.92025974025974,nan,nan
10752853,2.0,3,615,2,1,565,132,12.74436090225564,0.2336283185840708,0.0,0.02564102564102564,3.7366371681415926,nan,nan
10752864,2.0,3,232,2,1,187,55,11.56701030927835,0.29411764705882354,0.019230769230769232,0.7272727272727273,4.233689839572193,nan,nan
10752951,2.0,3,610,1,0,610,145,16.266666666666666,0.23770491803278687,0.0,0.4838709677419355,3.486229508196721,nan,nan
10892045,2.0,3,323,2,1,282,68,14.71304347826087,0.24113475177304963,0.015151515151515152,0.8333333333333334,4.6109929078014185,nan,nan
10934834,2.0,3,242,1,0,242,37,24.2,0.15289256198347106,0.0,1.0,3.4809917355371898,nan,nan
10934933,2.0,3,423,1,0,423,81,21.879310344827587,0.19148936170212766,0.0,1.0,3.681323877068558,nan,nan
10935081,2.0,3,278,1,0,278,58,19.623529411764707,0.20863309352517986,0.0,1.0,4.003597122302159,nan,nan
10935136,2.0,3,308,1,1,261,53,23.029411764705884,0.20306513409961685,0.12121212121212122,1.0,4.154789272030651,nan,nan
10935148,2.0,3,237,2,3,66,13,13.655172413793103,0.19696969696969696,0.0,0.2,4.880303030303031,nan,nan
10935358,2.0,3,636,4,3,506,137,14.809756097560976,0.2707509881422925,0.042735042735042736,0.8823529411764706,9.142094861660079,nan,nan
10935638,2.0,3,228,1,0,228,61,14.869565217391305,0.2675438596491228,0.0,1.0,9.925,nan,nan
10935844,2.0,3,607,1,0,607,141,18.581632653061224,0.23228995057660626,0.0,0.6111111111111112,7.731301482701811,nan,nan
10969051,2.0,3,601,1,0,601,99,26.711111111111112,0.16472545757071547,0.0,0.8888888888888888,5.572712146422629,nan,nan
11058912,2.0,3,601,1,0,601,228,11.707792207792208,0.3793677204658902,0.17424242424242425,0.9629629629629629,6.047920133111481,nan,nan
11071635,2.0,3,423,2,1,377,84,18.694214876033058,0.22281167108753316,0.0273972602739726,1.0,5.676392572944297,nan,nan
11071677,2.0,3,459,2,1,406,93,18.73846153846154,0.229064039408867,0.011111111111111112,1.0,5.438177339901478,nan,nan
11071727,2.0,3,411,1,0,411,124,14.678571428571429,0.30170316301703165,0.07,1.0,10.44647201946472,nan,nan
11071733,2.0,3,257,1,0,257,62,17.325842696629213,0.24124513618677043,0.0,1.0,4.247470817120623,nan,nan
11071965,2.0,3,535,3,2,448,93,19.47826086956522,0.20758928571428573,0.0,1.0,5.968526785714286,nan,nan
11092058,2.0,3,446,1,1,399,82,22.58490566037736,0.20551378446115287,0.028985507246376812,1.0,4.61578947368421,nan,nan
11092072,2.0,3,247,1,0,247,55,19.246753246753247,0.22267206477732793,0.0,1.0,5.614574898785425,nan,nan
4300268,2.0,3,961,5,4,431,77,20.203125,0.17865429234338748,0.0,0.5833333333333334,11.213921113689095,nan,nan
4303167,2.0,3,610,3,2,518,134,16.02061855670103,0.25868725868725867,0.0,0.8571428571428571,8.315637065637066,nan,nan
4303201,2.0,3,600,1,0,600,116,22.22222222222222,0.19333333333333333,0.0,1.0,8.5455,nan,nan
4326816,2.0,3,606,4,4,446,85,20.74418604651163,0.1905829596412556,0.02631578947368421,1.0,7.11390134529148,nan,nan
4453473,2.0,3,610,3,2,512,129,15.058823529411764,0.251953125,0.07,0.9,7.6193359375,nan,nan
4636267,2.0,3,624,4,3,474,114,15.888268156424582,0.24050632911392406,0.0,1.0,11.060759493670886,nan,nan
4652239,2.0,3,601,4,4,432,144,13.224489795918368,0.3333333333333333,0.11,0.9375,9.301851851851852,nan,nan
4660369,2.0,3,640,3,2,523,110,19.490683229813666,0.21032504780114722,0.0425531914893617,1.0,7.930783938814532,nan,nan
4748312,2.0,3,624,5,4,435,72,20.551181102362204,0.16551724137931034,0.04918032786885246,0.8333333333333334,10.950344827586205,nan,nan
4748313,2.0,3,770,3,2,465,133,14.68421052631579,0.2860215053763441,0.007692307692307693,1.0,6.936774193548387,nan,nan
4779685,2.0,3,669,5,4,405,73,19.133858267716537,0.18024691358024691,0.029850746268656716,1.0,10.647407407407407,nan,nan
4792372,2.0,3,609,3,3,455,93,19.640287769784173,0.2043956043956044,0.022988505747126436,1.0,5.556263736263736,nan,nan
4793806,2.0,3,609,4,3,441,127,14.0,0.28798185941043086,0.03636363636363636,0.8666666666666667,6.462358276643991,nan,nan
4798549,2.0,3,661,5,4,447,74,20.318181818181817,0.16554809843400448,0.029850746268656716,0.625,8.982326621923937,nan,nan
4944723,2.0,3,650,5,5,292,57,16.846153846153847,0.1952054794520548,0.0,1.0,11.639726027397261,nan,nan
4981908,2.0,3,251,1,0,251,48,22.47761194029851,0.19123505976095617,0.05555555555555555,0.8333333333333334,6.502788844621514,nan,nan
5084249,2.0,3,600,1,0,600,146,14.754098360655737,0.24333333333333335,0.0,0.20689655172413793,4.6585,nan,nan
5133027,2.0,3,628,4,4,395,81,18.661417322834644,0.20506329113924052,0.0,0.8,6.288101265822785,nan,nan
5285957,2.0,3,387,1,0,387,53,29.025,0.13695090439276486,0.0,1.0,9.866408268733851,nan,nan
5286334,2.0,3,342,1,0,342,78,19.177570093457945,0.22807017543859648,0.028985507246376812,0.875,5.09093567251462,nan,nan
5395622,2.0,3,231,2,1,198,47,16.273972602739725,0.23737373737373738,0.0,1.0,6.471717171717172,nan,nan
5538668,2.0,3,617,1,0,617,145,16.751131221719458,0.23500810372771475,0.049586776859504134,0.6296296296296297,4.063695299837926,nan,nan
5670672,2.0,3,264,3,2,145,19,20.714285714285715,0.1310344827586207,0.0,0.75,8.46,nan,nan
5729758,2.0,3,253,1,0,253,52,20.513513513513512,0.20553359683794467,0.0,1.0,8.972727272727273,nan,nan
5763820,2.0,3,989,4,5,347,82,18.756756756756758,0.23631123919308358,0.034482758620689655,0.8,7.27521613832853,nan,nan
5917923,2.0,3,272,1,0,272,70,16.15841584158416,0.25735294117647056,0.0,1.0,5.643014705882353,nan,nan
5936666,2.0,3,602,1,0,602,146,16.95774647887324,0.2425249169435216,0.0,1.0,4.761627906976744,nan,nan
6014730,2.0,3,219,1,0,219,57,15.642857142857142,0.2602739726027397,0.0,1.0,6.1118721461187215,nan,nan
6051512,2.0,3,601,2,1,568,98,23.183673469387756,0.17253521126760563,0.0,0.8333333333333334,4.9873239436619725,nan,nan
6053686,2.0,3,602,1,0,602,144,18.150753768844222,0.23920265780730898,0.014492753623188406,0.9285714285714286,6.2046511627906975,nan,nan
6171971,2.0,3,372,1,0,372,58,25.953488372093023,0.15591397849462366,0.0,0.5555555555555556,5.442204301075269,nan,nan
6172561,2.0,3,239,1,0,239,51,20.782608695652176,0.21338912133891214,0.0,1.0,6.2418410041841,nan,nan
6357847,2.0,3,716,7,6,358,99,12.56140350877193,0.276536312849162,0.0,0.8571428571428571,13.139106145251397,nan,nan
6358495,2.0,3,308,1,0,308,45,27.176470588235293,0.1461038961038961,0.08333333333333333,1.0,5.111688311688312,nan,nan
6422329,2.0,3,269,1,0,269,23,44.833333333333336,0.08550185873605948,0.0,0.6666666666666666,3.632342007434944,nan,nan
6547817,2.0,3,320,1,1,288,62,24.338028169014084,0.2152777777777778,0.022222222222222223,1.0,9.490277777777777,nan,nan
6547822,2.0,3,341,4,3,218,34,20.123076923076923,0.1559633027522936,0.17391304347826086,1.0,13.203211009174312,nan,nan
6756778,2.0,3,498,1,1,457,66,30.466666666666665,0.14442013129102846,0.0,0.8333333333333334,5.6652078774617065,nan,nan
6896919,2.0,3,619,2,1,564,90,29.17241379310345,0.1595744680851064,0.0967741935483871,1.0,6.105851063829787,nan,nan
6920600,2.0,3,225,1,0,225,52,21.774193548387096,0.2311111111111111,0.1,1.0,7.138222222222222,nan,nan
6922501,2.0,3,273,1,1,239,48,22.06153846153846,0.200836820083682,0.023255813953488372,1.0,6.22887029288703,nan,nan
6922622,2.0,3,453,1,0,453,79,24.70909090909091,0.17439293598233996,0.0,1.0,5.994922737306843,nan,nan
6941418,2.0,3,282,2,1,251,39,24.29032258064516,0.1553784860557769,0.027777777777777776,0.8,9.276892430278885,nan,nan
6984632,2.0,3,617,2,1,578,197,12.940298507462687,0.3408304498269896,0.029585798816568046,0.72,7.210553633217993,nan,nan
7555066,2.0,3,339,1,0,339,79,20.138613861386137,0.23303834808259588,0.07017543859649122,0.875,5.00117994100295,nan,nan
7557391,2.0,3,302,1,0,302,80,16.324324324324323,0.26490066225165565,0.0,1.0,9.814900662251656,nan,nan
7563440,2.0,3,591,1,0,591,145,18.091836734693878,0.24534686971235195,0.0,1.0,9.805245346869711,nan,nan
7564587,2.0,3,242,2,1,197,56,13.744186046511627,0.28426395939086296,0.0,1.0,6.589847715736041,nan,nan
7583768,2.0,3,236,2,2,164,67,10.357894736842105,0.40853658536585363,0.016666666666666666,0.8571428571428571,7.642682926829269,nan,nan
7598344,2.0,3,219,1,0,219,51,18.507042253521128,0.2328767123287671,0.0,0.8,9.000456621004567,nan,nan
7613495,2.0,3,612,1,0,612,144,18.927835051546392,0.23529411764705882,0.007142857142857143,1.0,8.143627450980391,nan,nan
7613518,2.0,3,285,2,2,214,56,18.08450704225352,0.2616822429906542,0.2222222222222222,1.0,9.388317757009345,nan,nan
7613731,2.0,3,271,1,1,233,39,31.772727272727273,0.16738197424892703,0.2222222222222222,1.0,7.75793991416309,nan,nan
7691124,2.0,3,255,3,2,178,50,13.518987341772151,0.2808988764044944,0.0,1.0,21.47022471910112,nan,nan
7691163,2.0,3,301,2,1,267,66,16.6875,0.24719101123595505,0.0,1.0,7.6134831460674155,nan,nan
7691232,2.0,3,601,1,0,601,125,18.978947368421053,0.2079866888519135,0.05825242718446602,0.9411764705882353,5.696505823627287,nan,nan
7691423,2.0,3,303,2,1,260,81,16.082474226804123,0.31153846153846154,0.875,0.8,8.323076923076924,nan,nan
7691435,2.0,3,343,1,0,343,107,14.291666666666666,0.3119533527696793,0.03333333333333333,1.0,15.525947521865888,nan,nan
7691520,2.0,3,608,2,1,552,100,23.0,0.18115942028985507,0.010526315789473684,1.0,7.3143115942028984,nan,nan
7691542,2.0,3,368,2,1,306,70,21.857142857142858,0.22875816993464052,0.06818181818181818,1.0,9.103267973856209,nan,nan
7691885,2.0,3,251,2,1,208,60,14.344827586206897,0.28846153846153844,0.0,1.0,9.235096153846154,nan,nan
7691909,2.0,3,624,2,1,586,136,17.84771573604061,0.23208191126279865,0.0,1.0,9.43037542662116,nan,nan
7795968,2.0,3,252,1,1,195,31,25.434782608695652,0.15897435897435896,0.0,1.0,4.935897435897436,nan,nan
7797310,2.0,3,601,1,0,601,104,23.415584415584416,0.17304492512479203,0.0,0.5555555555555556,4.189351081530782,nan,nan
7799046,2.0,3,454,1,0,454,98,21.61904761904762,0.21585903083700442,0.13636363636363635,1.0,12.96387665198238,nan,nan
7799135,2.0,3,329,1,0,329,86,16.31404958677686,0.2613981762917933,0.0,1.0,6.224316109422492,nan,nan
7799180,2.0,3,645,4,3,515,111,20.32894736842105,0.21553398058252426,0.09722222222222222,0.9166666666666666,5.902330097087378,nan,nan
7799209,2.0,3,525,1,0,525,135,18.208092485549134,0.2571428571428571,0.007874015748031496,1.0,10.558095238095238,nan,nan
7799211,2.0,3,232,3,2,155,44,12.236842105263158,0.2838709677419355,0.0,0.7142857142857143,7.516774193548387,nan,nan
7799420,2.0,3,317,1,1,286,72,19.724137931034484,0.2517482517482518,0.08163265306122448,1.0,12.122027972027972,nan,nan
7799507,2.0,3,310,3,2,196,66,11.09433962264151,0.336734693877551,0.0,0.6,6.5964285714285715,nan,nan
7852277,2.0,3,247,1,1,202,37,23.307692307692307,0.18316831683168316,0.0,1.0,17.275247524752476,nan,nan
7852403,2.0,3,290,1,0,290,62,21.21951219512195,0.21379310344827587,0.0,1.0,6.7972413793103446,nan,nan
7852411,2.0,3,607,3,2,521,126,17.463687150837988,0.2418426103646833,0.06796116504854369,0.8461538461538461,6.3071017274472165,nan,nan
7852420,2.0,3,606,2,1,562,129,19.050847457627118,0.22953736654804271,0.0,0.8333333333333334,8.75711743772242,nan,nan
7852422,2.0,3,216,1,0,216,43,20.903225806451612,0.19907407407407407,0.0,1.0,6.61712962962963,nan,nan
7852445,2.0,3,307,1,0,307,56,24.236842105263158,0.18241042345276873,0.02,1.0,13.671335504885995,nan,nan
7852451,2.0,3,314,2,1,261,49,22.695652173913043,0.18773946360153257,0.08108108108108109,1.0,9.621455938697318,nan,nan
8354596,2.0,3,385,1,0,385,94,19.09090909090909,0.24415584415584415,0.03896103896103896,1.0,13.556623376623378,nan,nan
10752853,2.0,4,615,2,1,565,132,12.74436090225564,0.2336283185840708,0.0,0.02564102564102564,3.4353982300884955,nan,nan
10752864,2.0,4,232,2,1,187,55,11.56701030927835,0.29411764705882354,0.0,0.7272727272727273,3.680748663101604,nan,nan
10752951,2.0,4,610,1,0,610,145,16.266666666666666,0.23770491803278687,0.0,0.35135135135135137,3.28,nan,nan
10892045,2.0,4,323,2,1,282,68,15.107142857142858,0.24113475177304963,0.0,0.75,3.528014184397163,nan,nan
10934834,2.0,4,242,1,0,242,37,24.2,0.15289256198347106,0.0,1.0,4.960743801652892,nan,nan
10934933,2.0,4,423,1,0,423,81,21.879310344827587,0.19148936170212766,0.0,1.0,6.078250591016548,nan,nan
10935081,2.0,4,278,1,0,278,58,19.623529411764707,0.20863309352517986,0.0,1.0,3.900719424460432,nan,nan
10935136,2.0,4,308,1,1,261,53,23.37313432835821,0.20306513409961685,0.08571428571428572,0.5714285714285714,3.4283524904214557,nan,nan
10935148,2.0,4,237,2,3,66,13,13.655172413793103,0.19696969696969696,0.0,0.2,9.168181818181818,nan,nan
10935358,2.0,4,636,4,3,506,137,14.809756097560976,0.2707509881422925,0.024390243902439025,0.8823529411764706,4.433794466403162,nan,nan
10935638,2.0,4,228,1,0,228,61,14.869565217391305,0.2675438596491228,0.0,1.0,3.856578947368421,nan,nan
10935844,2.0,4,607,1,0,607,141,18.581632653061224,0.23228995057660626,0.0,0.6111111111111112,3.3991762767710054,nan,nan
10969051,2.0,4,601,1,0,601,99,26.711111111111112,0.16472545757071547,0.0,0.8888888888888888,4.776372712146422,nan,nan
11058912,2.0,4,601,1,0,601,228,11.707792207792208,0.3793677204658902,0.08860759493670886,0.8620689655172413,5.114808652246256,nan,nan
11071635,2.0,4,423,2,1,377,84,18.694214876033058,0.22281167108753316,0.0273972602739726,0.7272727272727273,5.584615384615385,nan,nan
11071677,2.0,4,459,2,1,406,93,18.73846153846154,0.229064039408867,0.011111111111111112,1.0,5.306650246305419,nan,nan
11071727,2.0,4,411,1,0,411,124,14.678571428571429,0.30170316301703165,0.026785714285714284,1.0,11.250851581508517,nan,nan
11071733,2.0,4,257,1,0,257,62,17.325842696629213,0.24124513618677043,0.0,1.0,4.947081712062257,nan,nan
11071965,2.0,4,535,3,2,448,93,19.47826086956522,0.20758928571428573,0.0,1.0,5.270758928571429,nan,nan
11092058,2.0,4,446,1,1,399,82,22.58490566037736,0.20551378446115287,0.013888888888888888,1.0,5.066917293233083,nan,nan
11092072,2.0,4,247,1,0,247,55,19.246753246753247,0.22267206477732793,0.0,1.0,5.505263157894737,nan,nan
4300268,2.0,4,961,5,4,431,77,20.203125,0.17865429234338748,0.0,0.5833333333333334,9.426218097447796,nan,nan
4303167,2.0,4,610,3,2,518,134,16.02061855670103,0.25868725868725867,0.0,0.8571428571428571,7.833011583011583,nan,nan
4303201,2.0,4,600,1,0,600,116,22.22222222222222,0.19333333333333333,0.0,0.7692307692307693,5.642666666666667,nan,nan
4326816,2.0,4,606,4,4,446,85,20.74418604651163,0.1905829596412556,0.01282051282051282,1.0,9.22286995515695,nan,nan
4453473,2.0,4,610,3,2,512,129,15.593908629441625,0.251953125,0.037037037037037035,0.6521739130434783,6.70234375,nan,nan
4636267,2.0,4,624,4,3,474,114,15.888268156424582,0.24050632911392406,0.0,1.0,11.335864978902952,nan,nan
4652239,2.0,4,601,4,4,432,144,13.224489795918368,0.3333333333333333,0.11,0.9375,16.78101851851852,nan,nan
4660369,2.0,4,640,3,2,523,110,19.490683229813666,0.21032504780114722,0.020202020202020204,1.0,8.023326959847036,nan,nan
4748312,2.0,4,624,5,4,435,72,21.048387096774192,0.16551724137931034,0.03125,0.5714285714285714,8.643908045977012,nan,nan
4748313,2.0,4,770,3,2,465,133,14.68421052631579,0.2860215053763441,0.0,1.0,6.892043010752689,nan,nan
4779685,2.0,4,669,5,4,405,73,19.133858267716537,0.18024691358024691,0.014285714285714285,0.75,9.518518518518519,nan,nan
4792372,2.0,4,609,3,3,455,93,19.640287769784173,0.2043956043956044,0.0,1.0,4.740659340659341,nan,nan
4793806,2.0,4,609,4,3,441,127,14.0,0.28798185941043086,0.02654867256637168,0.8666666666666667,6.934920634920635,nan,nan
4798549,2.0,4,661,5,4,447,74,20.318181818181817,0.16554809843400448,0.014492753623188406,0.5,7.640492170022371,nan,nan
4944723,2.0,4,650,5,5,292,57,16.846153846153847,0.1952054794520548,0.0,0.7,16.82123287671233,nan,nan
4981908,2.0,4,251,1,0,251,48,22.47761194029851,0.19123505976095617,0.05555555555555555,0.8333333333333334,4.831474103585657,nan,nan
5084249,2.0,4,600,1,0,600,146,14.754098360655737,0.24333333333333335,0.0,0.15625,4.6325,nan,nan
5133027,2.0,4,628,4,4,395,81,18.661417322834644,0.20506329113924052,0.0,0.8,6.149873417721518,nan,nan
5285957,2.0,4,387,1,0,387,53,29.025,0.13695090439276486,0.0,1.0,6.228682170542636,nan,nan
5286334,2.0,4,342,1,0,342,78,19.177570093457945,0.22807017543859648,0.013888888888888888,0.875,4.56140350877193,nan,nan
5395622,2.0,4,231,2,1,198,47,16.273972602739725,0.23737373737373738,0.0,0.5714285714285714,5.593434343434343,nan,nan
5538668,2.0,4,617,1,0,617,145,17.05990783410138,0.23500810372771475,0.023255813953488372,0.5925925925925926,4.077309562398703,nan,nan
5670672,2.0,4,264,3,2,145,19,20.714285714285715,0.1310344827586207,0.0,0.3333333333333333,8.724827586206896,nan,nan
5729758,2.0,4,253,1,0,253,52,20.513513513513512,0.20553359683794467,0.0,1.0,7.001185770750988,nan,nan
5763820,2.0,4,989,4,5,347,82,18.756756756756758,0.23631123919308358,0.034482758620689655,0.5833333333333334,6.783861671469741,nan,nan
5917923,2.0,4,272,1,0,272,70,16.15841584158416,0.25735294117647056,0.0,1.0,5.153676470588235,nan,nan
5936666,2.0,4,602,1,0,602,146,16.95774647887324,0.2425249169435216,0.0,0.7894736842105263,4.3207641196013284,nan,nan
6014730,2.0,4,219,1,0,219,57,15.642857142857142,0.2602739726027397,0.0,1.0,5.799543378995433,nan,nan
6051512,2.0,4,601,2,1,568,98,23.183673469387756,0.17253521126760563,0.0,0.8333333333333334,4.1466549295774655,nan,nan
6053686,2.0,4,602,1,0,602,144,18.150753768844222,0.23920265780730898,0.007142857142857143,0.9285714285714286,8.35282392026578,nan,nan
6171971,2.0,4,372,1,0,372,58,25.953488372093023,0.15591397849462366,0.0,0.5555555555555556,5.966666666666667,nan,nan
6172561,2.0,4,239,1,0,239,51,20.782608695652176,0.21338912133891214,0.0,1.0,6.169874476987447,nan,nan
6357847,2.0,4,716,7,6,358,99,12.710059171597633,0.276536312849162,0.0,0.7857142857142857,10.051117318435754,nan,nan
6358495,2.0,4,308,1,0,308,45,28.0,0.1461038961038961,0.05263157894736842,1.0,4.687337662337662,nan,nan
6422329,2.0,4,269,1,0,269,23,44.833333333333336,0.08550185873605948,0.0,0.6666666666666666,3.741635687732342,nan,nan
6547817,2.0,4,320,1,1,288,62,24.338028169014084,0.2152777777777778,0.022222222222222223,1.0,11.135416666666666,nan,nan
6547822,2.0,4,341,4,3,218,34,20.123076923076923,0.1559633027522936,0.07142857142857142,1.0,11.661467889908256,nan,nan
6756778,2.0,4,498,1,1,457,66,30.466666666666665,0.14442013129102846,0.0,0.8333333333333334,3.9352297592997814,nan,nan
6896919,2.0,4,619,2,1,564,90,27.072,0.1595744680851064,0.05714285714285714,0.4117647058823529,5.99113475177305,nan,nan
6920600,2.0,4,225,1,0,225,52,21.774193548387096,0.2311111111111111,0.06060606060606061,1.0,5.404444444444445,nan,nan
6922501,2.0,4,273,1,1,239,48,22.06153846153846,0.200836820083682,0.023255813953488372,1.0,5.094979079497908,nan,nan
6922622,2.0,4,453,1,0,453,79,24.70909090909091,0.17439293598233996,0.0,1.0,5.236644591611479,nan,nan
6941418,2.0,4,282,2,1,251,39,23.16923076923077,0.1553784860557769,0.0,0.5714285714285714,4.294820717131474,nan,nan
6984632,2.0,4,617,2,1,578,197,11.917525773195877,0.3408304498269896,0.023391812865497075,0.23333333333333334,5.842733564013841,nan,nan
7555066,2.0,4,339,1,0,339,79,20.138613861386137,0.23303834808259588,0.07017543859649122,0.875,7.041887905604719,nan,nan
7557391,2.0,4,302,1,0,302,80,16.324324324324323,0.26490066225165565,0.0,1.0,9.633774834437087,nan,nan
7563440,2.0,4,591,1,0,591,145,18.091836734693878,0.24534686971235195,0.0,1.0,5.947884940778342,nan,nan
7564587,2.0,4,242,2,1,197,56,13.744186046511627,0.28426395939086296,0.0,0.625,5.624365482233503,nan,nan
7583768,2.0,4,236,2,2,164,67,10.357894736842105,0.40853658536585363,0.016666666666666666,0.8571428571428571,8.001829268292683,nan,nan
7598344,2.0,4,219,1,0,219,51,18.507042253521128,0.2328767123287671,0.0,0.8,7.460730593607306,nan,nan
7613495,2.0,4,612,1,0,612,144,18.927835051546392,0.23529411764705882,0.007142857142857143,1.0,5.734150326797386,nan,nan
7613518,2.0,4,285,2,2,214,56,18.08450704225352,0.2616822429906542,0.16666666666666666,1.0,8.428971962616822,nan,nan
7613731,2.0,4,271,1,1,233,39,31.772727272727273,0.16738197424892703,0.2222222222222222,1.0,4.454077253218884,nan,nan
7691124,2.0,4,255,3,2,178,50,13.518987341772151,0.2808988764044944,0.0,1.0,13.604494382022471,nan,nan
7691163,2.0,4,301,2,1,267,66,16.6875,0.24719101123595505,0.0,1.0,8.978277153558052,nan,nan
7691232,2.0,4,601,1,0,601,125,18.978947368421053,0.2079866888519135,0.017391304347826087,0.75,5.945923460898502,nan,nan
7691423,2.0,4,303,2,1,260,81,16.774193548387096,0.31153846153846154,0.4166666666666667,0.8,12.030000000000001,nan,nan
7691435,2.0,4,343,1,0,343,107,14.291666666666666,0.3119533527696793,0.03333333333333333,1.0,6.89271137026239,nan,nan
7691520,2.0,4,608,2,1,552,100,23.0,0.18115942028985507,0.010526315789473684,0.75,8.659963768115942,nan,nan
7691542,2.0,4,368,2,1,306,70,21.857142857142858,0.22875816993464052,0.06818181818181818,1.0,8.577124183006536,nan,nan
7691885,2.0,4,251,2,1,208,60,13.714285714285714,0.28846153846153844,0.0,1.0,8.907211538461539,nan,nan
7691909,2.0,4,624,2,1,586,136,18.50526315789474,0.23208191126279865,0.0,0.8571428571428571,8.025085324232082,nan,nan
7795968,2.0,4,252,1,1,195,31,25.434782608695652,0.15897435897435896,0.0,0.4,3.9871794871794872,nan,nan
7797310,2.0,4,601,1,0,601,104,21.337278106508876,0.17304492512479203,0.0,0.48,3.309151414309484,nan,nan
7799046,2.0,4,454,1,0,454,98,21.61904761904762,0.21585903083700442,0.0641025641025641,1.0,7.156167400881057,nan,nan
7799135,2.0,4,329,1,0,329,86,16.31404958677686,0.2613981762917933,0.0,1.0,4.298176291793313,nan,nan
7799180,2.0,4,645,4,3,515,111,22.88888888888889,0.21553398058252426,0.17307692307692307,0.9166666666666666,5.524077669902913,nan,nan
7799209,2.0,4,525,1,0,525,135,18.208092485549134,0.2571428571428571,0.007874015748031496,1.0,13.739619047619048,nan,nan
7799211,2.0,4,232,3,2,155,44,12.077922077922079,0.2838709677419355,0.0,1.0,12.512903225806452,nan,nan
7799420,2.0,4,317,1,1,286,72,22.285714285714285,0.2517482517482518,0.10526315789473684,1.0,18.132517482517482,nan,nan
7799507,2.0,4,310,3,2,196,66,10.31578947368421,0.336734693877551,0.0,0.6666666666666666,7.620918367346939,nan,nan
7852277,2.0,4,247,1,1,202,37,21.642857142857142,0.18316831683168316,0.0,1.0,8.56089108910891,nan,nan
7852403,2.0,4,290,1,0,290,62,23.513513513513512,0.21379310344827587,0.09523809523809523,1.0,4.153103448275862,nan,nan
7852411,2.0,4,607,3,2,521,126,17.175824175824175,0.2418426103646833,0.02608695652173913,0.9230769230769231,11.14548944337812,nan,nan
7852420,2.0,4,606,2,1,562,129,19.050847457627118,0.22953736654804271,0.0,0.8333333333333334,7.168683274021353,nan,nan
7852422,2.0,4,216,1,0,216,43,20.903225806451612,0.19907407407407407,0.0,1.0,12.6,nan,nan
7852445,2.0,4,307,1,0,307,56,24.236842105263158,0.18241042345276873,0.02,1.0,15.427035830618893,nan,nan
7852451,2.0,4,314,2,1,261,49,22.37142857142857,0.18773946360153257,0.08108108108108109,0.8,12.285057471264368,nan,nan
8354596,2.0,4,385,1,0,385,94,18.48,0.24415584415584415,0.03896103896103896,1.0,12.271948051948051,nan,nan
10752853,2.0,5,615,2,1,565,132,12.696629213483146,0.2336283185840708,0.0,0.01652892561983471,4.010619469026548,nan,nan
10752864,2.0,5,232,2,1,187,55,11.56701030927835,0.29411764705882354,0.0,0.35294117647058826,4.061497326203209,nan,nan
10752951,2.0,5,610,1,0,610,145,16.123348017621144,0.23770491803278687,0.0,0.2857142857142857,3.368524590163935,nan,nan
10892045,2.0,5,323,2,1,282,68,15.107142857142858,0.24113475177304963,0.0,0.75,3.6751773049645395,nan,nan
10934834,2.0,5,242,1,0,242,37,24.2,0.15289256198347106,0.0,1.0,3.225619834710744,nan,nan
10934933,2.0,5,423,1,0,423,81,21.879310344827587,0.19148936170212766,0.0,1.0,3.3413711583924353,nan,nan
10935081,2.0,5,278,1,0,278,58,19.623529411764707,0.20863309352517986,0.0,1.0,3.4197841726618705,nan,nan
10935136,2.0,5,308,1,1,261,53,23.029411764705884,0.20306513409961685,0.05128205128205128,0.5714285714285714,4.991570881226053,nan,nan
10935148,2.0,5,237,2,3,66,13,13.655172413793103,0.19696969696969696,0.0,0.2,11.501515151515152,nan,nan
10935358,2.0,5,636,4,3,506,137,14.955665024630543,0.2707509881422925,0.015748031496062992,0.8235294117647058,5.194466403162055,nan,nan
10935638,2.0,5,228,1,0,228,61,15.370786516853933,0.2675438596491228,0.0,0.8571428571428571,3.8,nan,nan
10935844,2.0,5,607,1,0,607,141,18.487309644670052,0.23228995057660626,0.0,0.45454545454545453,3.442504118616145,nan,nan
10969051,2.0,5,601,1,0,601,99,26.711111111111112,0.16472545757071547,0.0,0.8888888888888888,3.581863560732113,nan,nan
11058912,2.0,5,601,1,0,601,228,11.557692307692308,0.3793677204658902,0.04395604395604396,0.5945945945945946,5.228951747088186,nan,nan
11071635,2.0,5,423,2,1,377,84,18.390243902439025,0.22281167108753316,0.012987012987012988,0.5,4.955437665782494,nan,nan
11071677,2.0,5,459,2,1,406,93,18.595419847328245,0.229064039408867,0.0,1.0,4.372167487684729,nan,nan
11071727,2.0,5,411,1,0,411,124,14.421052631578947,0.30170316301703165,0.0,1.0,6.651094890510949,nan,nan
11071733,2.0,5,257,1,0,257,62,16.945054945054945,0.24124513618677043,0.0,0.3076923076923077,5.199221789883269,nan,nan
11071965,2.0,5,535,3,2,448,93,19.764705882352942,0.20758928571428573,0.0,0.6363636363636364,6.332366071428572,nan,nan
11092058,2.0,5,446,1,1,399,82,22.58490566037736,0.20551378446115287,0.013888888888888888,1.0,5.851629072681705,nan,nan
11092072,2.0,5,247,1,0,247,55,19.0,0.22267206477732793,0.0,1.0,4.762753036437247,nan,nan
4300268,2.0,5,961,5,4,431,77,20.362204724409448,0.17865429234338748,0.0,0.42857142857142855,9.883294663573086,nan,nan
4303167,2.0,5,610,3,2,518,134,16.02061855670103,0.25868725868725867,0.0,0.8571428571428571,8.997490347490347,nan,nan
4303201,2.0,5,600,1,0,600,116,21.686746987951807,0.19333333333333333,0.0,0.8461538461538461,4.813000000000001,nan,nan
4326816,2.0,5,606,4,4,446,85,20.584615384615386,0.1905829596412556,0.01282051282051282,0.6666666666666666,6.82017937219731,nan,nan
4453473,2.0,5,610,3,2,512,129,15.515151515151516,0.251953125,0.037383177570093455,0.4482758620689655,5.853125,nan,nan
4636267,2.0,5,624,4,3,474,114,15.888268156424582,0.24050632911392406,0.0,1.0,9.233333333333334,nan,nan
4652239,2.0,5,601,4,4,432,144,13.090909090909092,0.3333333333333333,0.09615384615384616,0.9375,7.017824074074074,nan,nan
4660369,2.0,5,640,3,2,523,110,19.987261146496817,0.21032504780114722,0.010101010101010102,0.7857142857142857,7.367877629063098,nan,nan
4748312,2.0,5,624,5,4,435,72,20.88,0.16551724137931034,0.014925373134328358,0.4375,13.845057471264369,nan,nan
4748313,2.0,5,770,3,2,465,133,14.68421052631579,0.2860215053763441,0.0,1.0,6.703870967741936,nan,nan
4779685,2.0,5,669,5,4,405,73,18.549618320610687,0.18024691358024691,0.0,0.3684210526315789,9.123456790123457,nan,nan
4792372,2.0,5,609,3,3,455,93,19.5,0.2043956043956044,0.0,0.4666666666666667,6.435824175824176,nan,nan
4793806,2.0,5,609,4,3,441,127,13.926315789473684,0.28798185941043086,0.008264462809917356,0.8666666666666667,8.233333333333334,nan,nan
4798549,2.0,5,661,5,4,447,74,20.790697674418606,0.16554809843400448,0.014492753623188406,0.6,10.919686800894855,nan,nan
4944723,2.0,5,650,5,5,292,57,16.846153846153847,0.1952054794520548,0.0,0.7,8.842123287671233,nan,nan
4981908,2.0,5,251,1,0,251,48,22.47761194029851,0.19123505976095617,0.05555555555555555,0.8333333333333334,4.600796812749004,nan,nan
5084249,2.0,5,600,1,0,600,146,14.754098360655737,0.24333333333333335,0.0,0.13432835820895522,4.411,nan,nan
5133027,2.0,5,628,4,4,395,81,18.372093023255815,0.20506329113924052,0.0,0.5384615384615384,8.306582278481013,nan,nan
5285957,2.0,5,387,1,0,387,53,29.76923076923077,0.13695090439276486,0.0,0.8333333333333334,5.191214470284238,nan,nan
5286334,2.0,5,342,1,0,342,78,19.177570093457945,0.22807017543859648,0.013888888888888888,0.875,5.875730994152047,nan,nan
5395622,2.0,5,231,2,1,198,47,16.273972602739725,0.23737373737373738,0.0,0.5714285714285714,7.234343434343435,nan,nan
5538668,2.0,5,617,1,0,617,145,16.98165137614679,0.23500810372771475,0.023255813953488372,0.4838709677419355,3.511669367909238,nan,nan
5670672,2.0,5,264,3,2,145,19,20.714285714285715,0.1310344827586207,0.0,0.3333333333333333,9.266206896551724,nan,nan
5729758,2.0,5,253,1,0,253,52,19.973684210526315,0.20553359683794467,0.0,0.5,7.879446640316205,nan,nan
5763820,2.0,5,989,4,5,347,82,18.756756756756758,0.23631123919308358,0.034482758620689655,0.5833333333333334,10.17435158501441,nan,nan
5917923,2.0,5,272,1,0,272,70,16.15841584158416,0.25735294117647056,0.0,1.0,5.113602941176471,nan,nan
5936666,2.0,5,602,1,0,602,146,16.95774647887324,0.2425249169435216,0.0,0.7894736842105263,4.175083056478406,nan,nan
6014730,2.0,5,219,1,0,219,57,15.642857142857142,0.2602739726027397,0.0,1.0,5.59634703196347,nan,nan
6051512,2.0,5,601,2,1,568,98,22.87248322147651,0.17253521126760563,0.0,0.5294117647058824,4.560915492957746,nan,nan
6053686,2.0,5,602,1,0,602,144,18.428571428571427,0.23920265780730898,0.007246376811594203,0.9285714285714286,4.635382059800665,nan,nan
6171971,2.0,5,372,1,0,372,58,25.953488372093023,0.15591397849462366,0.0,0.5555555555555556,5.3002688172043015,nan,nan
6172561,2.0,5,239,1,0,239,51,20.485714285714284,0.21338912133891214,0.0,1.0,7.102510460251046,nan,nan
6357847,2.0,5,716,7,6,358,99,12.710059171597633,0.276536312849162,0.0,0.7333333333333333,15.07877094972067,nan,nan
6358495,2.0,5,308,1,0,308,45,27.582089552238806,0.1461038961038961,0.024390243902439025,0.5,4.488636363636363,nan,nan
6422329,2.0,5,269,1,0,269,23,44.833333333333336,0.08550185873605948,0.0,0.6666666666666666,3.405576208178439,nan,nan
6547817,2.0,5,320,1,1,288,62,24.338028169014084,0.2152777777777778,0.022222222222222223,1.0,9.901041666666666,nan,nan
6547822,2.0,5,341,4,3,218,34,19.235294117647058,0.1559633027522936,0.0,0.5,12.807798165137614,nan,nan
6756778,2.0,5,498,1,1,457,66,30.808988764044944,0.14442013129102846,0.0,1.0,6.077899343544858,nan,nan
6896919,2.0,5,619,2,1,564,90,35.25,0.1595744680851064,0.2903225806451613,0.8,4.994858156028369,nan,nan
6920600,2.0,5,225,1,0,225,52,18.0,0.2311111111111111,0.0,1.0,5.140444444444444,nan,nan
6922501,2.0,5,273,1,1,239,48,22.06153846153846,0.200836820083682,0.023255813953488372,1.0,4.941422594142259,nan,nan
6922622,2.0,5,453,1,0,453,79,24.93577981651376,0.17439293598233996,0.0,1.0,4.981015452538632,nan,nan
6941418,2.0,5,282,2,1,251,39,23.16923076923077,0.1553784860557769,0.0,0.5714285714285714,4.97011952191235,nan,nan
6984632,2.0,5,617,2,1,578,197,16.83495145631068,0.3408304498269896,0.04716981132075472,0.6071428571428571,5.255363321799308,nan,nan
7555066,2.0,5,339,1,0,339,79,19.37142857142857,0.23303834808259588,0.04918032786885246,0.6363636363636364,4.017699115044247,nan,nan
7557391,2.0,5,302,1,0,302,80,16.324324324324323,0.26490066225165565,0.0,1.0,4.122847682119205,nan,nan
7563440,2.0,5,591,1,0,591,145,18.184615384615384,0.24534686971235195,0.0,1.0,6.560236886632826,nan,nan
7564587,2.0,5,242,2,1,197,56,14.414634146341463,0.28426395939086296,0.0,1.0,7.1766497461928935,nan,nan
7583768,2.0,5,236,2,2,164,67,10.357894736842105,0.40853658536585363,0.016666666666666666,0.8571428571428571,18.476829268292683,nan,nan
7598344,2.0,5,219,1,0,219,51,17.52,0.2328767123287671,0.0,0.5,7.81324200913242,nan,nan
7613495,2.0,5,612,1,0,612,144,18.73469387755102,0.23529411764705882,0.0,0.9230769230769231,4.585457516339869,nan,nan
7613518,2.0,5,285,2,2,214,56,18.34285714285714,0.2616822429906542,0.08571428571428572,1.0,4.683177570093458,nan,nan
7613731,2.0,5,271,1,1,233,39,26.884615384615383,0.16738197424892703,0.02857142857142857,1.0,4.580257510729614,nan,nan
7691124,2.0,5,255,3,2,178,50,13.518987341772151,0.2808988764044944,0.0,1.0,14.63426966292135,nan,nan
7691163,2.0,5,301,2,1,267,66,16.6875,0.24719101123595505,0.0,1.0,7.658801498127342,nan,nan
7691232,2.0,5,601,1,0,601,125,19.491891891891893,0.2079866888519135,0.008403361344537815,0.8235294117647058,4.93044925124792,nan,nan
7691423,2.0,5,303,2,1,260,81,16.595744680851062,0.31153846153846154,0.32142857142857145,0.5833333333333334,9.513846153846153,nan,nan
7691435,2.0,5,343,1,0,343,107,15.953488372093023,0.3119533527696793,0.07246376811594203,1.0,5.862973760932944,nan,nan
7691520,2.0,5,608,2,1,552,100,23.0,0.18115942028985507,0.010526315789473684,0.5714285714285714,6.197644927536231,nan,nan
7691542,2.0,5,368,2,1,306,70,24.48,0.22875816993464052,0.11764705882352941,1.0,6.459803921568628,nan,nan
7691885,2.0,5,251,2,1,208,60,13.714285714285714,0.28846153846153844,0.0,1.0,7.5,nan,nan
7691909,2.0,5,624,2,1,586,136,18.903225806451612,0.23208191126279865,0.0,0.9166666666666666,4.899829351535836,nan,nan
7795968,2.0,5,252,1,1,195,31,25.434782608695652,0.15897435897435896,0.0,0.4,6.690769230769231,nan,nan
7797310,2.0,5,601,1,0,601,104,23.723684210526315,0.17304492512479203,0.0,0.36363636363636365,6.425457570715474,nan,nan
7799046,2.0,5,454,1,0,454,98,20.328358208955223,0.21585903083700442,0.010752688172043012,1.0,6.9493392070484585,nan,nan
7799135,2.0,5,329,1,0,329,86,16.728813559322035,0.2613981762917933,0.0,1.0,9.866261398176292,nan,nan
7799180,2.0,5,645,4,3,515,111,20.738255033557046,0.21553398058252426,0.06578947368421052,0.9166666666666666,8.099611650485437,nan,nan
7799209,2.0,5,525,1,0,525,135,18.0,0.2571428571428571,0.007874015748031496,0.9090909090909091,6.253333333333333,nan,nan
7799211,2.0,5,232,3,2,155,44,12.077922077922079,0.2838709677419355,0.0,1.0,5.821290322580645,nan,nan
7799420,2.0,5,317,1,1,286,72,22.285714285714285,0.2517482517482518,0.10526315789473684,1.0,13.11048951048951,nan,nan
7799507,2.0,5,310,3,2,196,66,9.560975609756097,0.336734693877551,0.0,0.12121212121212122,11.57857142857143,nan,nan
7852277,2.0,5,247,1,1,202,37,21.642857142857142,0.18316831683168316,0.0,1.0,8.512871287128712,nan,nan
7852403,2.0,5,290,1,0,290,62,21.21951219512195,0.21379310344827587,0.0,1.0,5.412068965517242,nan,nan
7852411,2.0,5,607,3,2,521,126,17.2707182320442,0.2418426103646833,0.008264462809917356,0.8461538461538461,5.787715930902111,nan,nan
7852420,2.0,5,606,2,1,562,129,19.6046511627907,0.22953736654804271,0.0,1.0,6.080604982206406,nan,nan
7852422,2.0,5,216,1,0,216,43,20.903225806451612,0.19907407407407407,0.0,1.0,15.924537037037036,nan,nan
7852445,2.0,5,307,1,0,307,56,24.236842105263158,0.18241042345276873,0.02,1.0,7.033224755700325,nan,nan
7852451,2.0,5,314,2,1,261,49,22.056338028169016,0.18773946360153257,0.0,1.0,7.047509578544061,nan,nan
8354596,2.0,5,385,1,0,385,94,18.333333333333332,0.24415584415584415,0.024691358024691357,1.0,6.45948051948052,nan,nan
10752853,2.0,6,615,2,1,565,132,12.602230483271375,0.2336283185840708,0.0,0.007936507936507936,4.366017699115044,nan,nan
10752864,2.0,6,232,2,1,187,55,11.333333333333334,0.29411764705882354,0.0,0.22727272727272727,3.646524064171123,nan,nan
10752951,2.0,6,610,1,0,610,145,15.982532751091703,0.23770491803278687,0.0,0.2,3.42016393442623,nan,nan
10892045,2.0,6,323,2,1,282,68,14.973451327433628,0.24113475177304963,0.0,0.5,4.108865248226951,nan,nan
10934834,2.0,6,242,1,0,242,37,24.2,0.15289256198347106,0.0,0.5,3.2888429752066113,nan,nan
10934933,2.0,6,423,1,0,423,81,21.879310344827587,0.19148936170212766,0.0,1.0,3.28628841607565,nan,nan
10935081,2.0,6,278,1,0,278,58,19.17241379310345,0.20863309352517986,0.0,0.5,3.3841726618705033,nan,nan
10935136,2.0,6,308,1,1,261,53,22.37142857142857,0.20306513409961685,0.022727272727272728,0.5714285714285714,3.6160919540229886,nan,nan
10935148,2.0,6,237,2,3,66,13,13.655172413793103,0.19696969696969696,0.0,0.2,10.104545454545454,nan,nan
10935358,2.0,6,636,4,3,506,137,14.955665024630543,0.2707509881422925,0.015748031496062992,0.8235294117647058,5.876284584980238,nan,nan
10935638,2.0,6,228,1,0,228,61,15.370786516853933,0.2675438596491228,0.0,0.8571428571428571,3.7390350877192984,nan,nan
10935844,2.0,6,607,1,0,607,141,18.487309644670052,0.23228995057660626,0.0,0.45454545454545453,4.014003294892916,nan,nan
10969051,2.0,6,601,1,0,601,99,26.32116788321168,0.16472545757071547,0.0,0.5,3.4625623960066556,nan,nan
11058912,2.0,6,601,1,0,601,228,11.304075235109718,0.3793677204658902,0.014778325123152709,0.36,5.202828618968386,nan,nan
11071635,2.0,6,423,2,1,377,84,18.390243902439025,0.22281167108753316,0.012987012987012988,0.5,9.125198938992042,nan,nan
11071677,2.0,6,459,2,1,406,93,18.595419847328245,0.229064039408867,0.0,1.0,4.032512315270936,nan,nan
11071727,2.0,6,411,1,0,411,124,14.09142857142857,0.30170316301703165,0.0,0.7333333333333333,6.8043795620437955,nan,nan
11071733,2.0,6,257,1,0,257,62,16.945054945054945,0.24124513618677043,0.0,0.3076923076923077,6.7284046692607005,nan,nan
11071965,2.0,6,535,3,2,448,93,19.06382978723404,0.20758928571428573,0.0,0.4375,5.673883928571429,nan,nan
11092058,2.0,6,446,1,1,399,82,22.58490566037736,0.20551378446115287,0.013888888888888888,1.0,4.318796992481203,nan,nan
11092072,2.0,6,247,1,0,247,55,19.0,0.22267206477732793,0.0,1.0,4.077327935222672,nan,nan
4300268,2.0,6,961,5,4,431,77,20.203125,0.17865429234338748,0.0,0.4,10.273781902552205,nan,nan
4303167,2.0,6,610,3,2,518,134,16.02061855670103,0.25868725868725867,0.0,0.8571428571428571,6.873552123552123,nan,nan
4303201,2.0,6,600,1,0,600,116,22.085889570552148,0.19333333333333333,0.0,0.7142857142857143,4.763,nan,nan
4326816,2.0,6,606,4,4,446,85,20.272727272727273,0.1905829596412556,0.01282051282051282,0.4375,6.778475336322869,nan,nan
4453473,2.0,6,610,3,2,512,129,14.985365853658537,0.251953125,0.00819672131147541,0.3055555555555556,7.9509765625,nan,nan
4636267,2.0,6,624,4,3,474,114,15.888268156424582,0.24050632911392406,0.0,0.6470588235294118,11.206118143459916,nan,nan
4652239,2.0,6,601,4,4,432,144,11.944700460829493,0.3333333333333333,0.0,0.5714285714285714,10.755787037037036,nan,nan
4660369,2.0,6,640,3,2,523,110,20.115384615384617,0.21032504780114722,0.010101010101010102,0.8461538461538461,7.781070745697897,nan,nan
4748312,2.0,6,624,5,4,435,72,21.048387096774192,0.16551724137931034,0.014925373134328358,0.4117647058823529,8.360919540229885,nan,nan
4748313,2.0,6,770,3,2,465,133,14.607329842931938,0.2860215053763441,0.0,0.8571428571428571,9.011827956989247,nan,nan
4779685,2.0,6,669,5,4,405,73,18.270676691729324,0.18024691358024691,0.0,0.25,10.544938271604938,nan,nan
4792372,2.0,6,609,3,3,455,93,19.09090909090909,0.2043956043956044,0.0,0.4117647058823529,5.145274725274725,nan,nan
4793806,2.0,6,609,4,3,441,127,13.78125,0.28798185941043086,0.008264462809917356,0.631578947368421,9.6297052154195,nan,nan
4798549,2.0,6,661,5,4,447,74,19.866666666666667,0.16554809843400448,0.0,0.4,14.035570469798657,nan,nan
4944723,2.0,6,650,5,5,292,57,16.373831775700936,0.1952054794520548,0.0,0.4,9.05068493150685,nan,nan
4981908,2.0,6,251,1,0,251,48,21.211267605633804,0.19123505976095617,0.024390243902439025,0.625,7.199601593625498,nan,nan
5084249,2.0,6,600,1,0,600,146,14.693877551020408,0.24333333333333335,0.0,0.1111111111111111,4.948166666666666,nan,nan
5133027,2.0,6,628,4,4,395,81,19.112903225806452,0.20506329113924052,0.0,0.7777777777777778,7.057468354430379,nan,nan
5285957,2.0,6,387,1,0,387,53,28.666666666666668,0.13695090439276486,0.0,0.5555555555555556,4.402842377260982,nan,nan
5286334,2.0,6,342,1,0,342,78,18.15929203539823,0.22807017543859648,0.013888888888888888,0.5384615384615384,4.890643274853801,nan,nan
5395622,2.0,6,231,2,1,198,47,15.84,0.23737373737373738,0.0,0.5,5.228282828282828,nan,nan
5538668,2.0,6,617,1,0,617,145,16.526785714285715,0.23500810372771475,0.007194244604316547,0.3888888888888889,3.747325769854133,nan,nan
5670672,2.0,6,264,3,2,145,19,19.772727272727273,0.1310344827586207,0.0,0.1,6.140689655172413,nan,nan
5729758,2.0,6,253,1,0,253,52,19.973684210526315,0.20553359683794467,0.0,0.5,5.876679841897233,nan,nan
5763820,2.0,6,989,4,5,347,82,18.756756756756758,0.23631123919308358,0.034482758620689655,0.5833333333333334,10.072910662824208,nan,nan
5917923,2.0,6,272,1,0,272,70,16.15841584158416,0.25735294117647056,0.0,1.0,6.051838235294118,nan,nan
5936666,2.0,6,602,1,0,602,146,17.2,0.2425249169435216,0.0,0.5652173913043478,4.1395348837209305,nan,nan
6014730,2.0,6,219,1,0,219,57,15.642857142857142,0.2602739726027397,0.0,1.0,7.336529680365297,nan,nan
6051512,2.0,6,601,2,1,568,98,22.72,0.17253521126760563,0.0,0.38095238095238093,4.598415492957747,nan,nan
6053686,2.0,6,602,1,0,602,144,18.428571428571427,0.23920265780730898,0.007246376811594203,0.9285714285714286,5.118272425249169,nan,nan
6171971,2.0,6,372,1,0,372,58,25.655172413793103,0.15591397849462366,0.0,0.5,5.791397849462366,nan,nan
6172561,2.0,6,239,1,0,239,51,19.37837837837838,0.21338912133891214,0.0,0.5714285714285714,5.615899581589958,nan,nan
6357847,2.0,6,716,7,6,358,99,12.416184971098266,0.276536312849162,0.0,0.47619047619047616,12.038826815642457,nan,nan
6358495,2.0,6,308,1,0,308,45,26.782608695652176,0.1461038961038961,0.0,0.5,4.295129870129871,nan,nan
6422329,2.0,6,269,1,0,269,23,44.833333333333336,0.08550185873605948,0.0,0.6666666666666666,8.559851301115241,nan,nan
6547817,2.0,6,320,1,1,288,62,24.338028169014084,0.2152777777777778,0.022222222222222223,1.0,4.813888888888889,nan,nan
6547822,2.0,6,341,4,3,218,34,18.956521739130434,0.1559633027522936,0.0,0.25,9.54908256880734,nan,nan
6756778,2.0,6,498,1,1,457,66,30.808988764044944,0.14442013129102846,0.0,1.0,7.0838074398249455,nan,nan
6896919,2.0,6,619,2,1,564,90,31.333333333333332,0.1595744680851064,0.10869565217391304,0.5,5.866843971631206,nan,nan
6920600,2.0,6,225,1,0,225,52,17.532467532467532,0.2311111111111111,0.0,0.4444444444444444,8.011555555555555,nan,nan
6922501,2.0,6,273,1,1,239,48,21.402985074626866,0.200836820083682,0.0,1.0,5.252719665271967,nan,nan
6922622,2.0,6,453,1,0,453,79,24.70909090909091,0.17439293598233996,0.0,1.0,7.268653421633553,nan,nan
6941418,2.0,6,282,2,1,251,39,23.904761904761905,0.1553784860557769,0.0,0.6666666666666666,9.354980079681274,nan,nan
6984632,2.0,6,617,2,1,578,197,16.514285714285716,0.3408304498269896,0.036036036036036036,0.48484848484848486,4.385813148788928,nan,nan
7555066,2.0,6,339,1,0,339,79,19.74757281553398,0.23303834808259588,0.03076923076923077,0.6,5.331563421828909,nan,nan
7557391,2.0,6,302,1,0,302,80,16.035398230088497,0.26490066225165565,0.0,0.7,5.321523178807947,nan,nan
7563440,2.0,6,591,1,0,591,145,18.184615384615384,0.24534686971235195,0.0,1.0,5.858206429780034,nan,nan
7564587,2.0,6,242,2,1,197,56,14.414634146341463,0.28426395939086296,0.0,1.0,4.747208121827412,nan,nan
7583768,2.0,6,236,2,2,164,67,9.84,0.40853658536585363,0.016666666666666666,0.7777777777777778,12.685365853658537,nan,nan
7598344,2.0,6,219,1,0,219,51,17.52,0.2328767123287671,0.0,0.5,7.949771689497717,nan,nan
7613495,2.0,6,612,1,0,612,144,18.452261306532662,0.23529411764705882,0.0,1.0,4.291503267973856,nan,nan
7613518,2.0,6,285,2,2,214,56,18.34285714285714,0.2616822429906542,0.08571428571428572,1.0,4.6509345794392525,nan,nan
7613731,2.0,6,271,1,1,233,39,25.88888888888889,0.16738197424892703,0.0,1.0,5.856223175965665,nan,nan
7691124,2.0,6,255,3,2,178,50,12.867469879518072,0.2808988764044944,0.0,0.36363636363636365,11.99438202247191,nan,nan
7691163,2.0,6,301,2,1,267,66,17.604395604395606,0.24719101123595505,0.017241379310344827,1.0,6.901498127340824,nan,nan
7691232,2.0,6,601,1,0,601,125,19.180851063829788,0.2079866888519135,0.008403361344537815,0.46153846153846156,11.722628951747089,nan,nan
7691423,2.0,6,303,2,1,260,81,15.918367346938776,0.31153846153846154,0.15,0.5833333333333334,12.22423076923077,nan,nan
7691435,2.0,6,343,1,0,343,107,15.590909090909092,0.3119533527696793,0.05405405405405406,1.0,5.544897959183674,nan,nan
7691520,2.0,6,608,2,1,552,100,22.53061224489796,0.18115942028985507,0.0,0.5333333333333333,5.289492753623189,nan,nan
7691542,2.0,6,368,2,1,306,70,24.157894736842106,0.22875816993464052,0.11428571428571428,1.0,10.691176470588236,nan,nan
7691885,2.0,6,251,2,1,208,60,13.419354838709678,0.28846153846153844,0.0,0.5,8.240865384615384,nan,nan
7691909,2.0,6,624,2,1,586,136,18.21761658031088,0.23208191126279865,0.0,0.5,4.931058020477815,nan,nan
7795968,2.0,6,252,1,1,195,31,25.434782608695652,0.15897435897435896,0.0,1.0,6.7271794871794866,nan,nan
7797310,2.0,6,601,1,0,601,104,23.723684210526315,0.17304492512479203,0.0,0.36363636363636365,4.472545757071547,nan,nan
7799046,2.0,6,454,1,0,454,98,20.328358208955223,0.21585903083700442,0.01098901098901099,0.6153846153846154,5.846255506607929,nan,nan
7799135,2.0,6,329,1,0,329,86,16.728813559322035,0.2613981762917933,0.0,1.0,8.573252279635257,nan,nan
7799180,2.0,6,645,4,3,515,111,18.392857142857142,0.21553398058252426,0.009523809523809525,0.625,6.489126213592233,nan,nan
7799209,2.0,6,525,1,0,525,135,17.403314917127073,0.2571428571428571,0.007874015748031496,0.5882352941176471,6.160952380952381,nan,nan
7799211,2.0,6,232,3,2,155,44,11.481481481481481,0.2838709677419355,0.0,0.2857142857142857,21.53548387096774,nan,nan
7799420,2.0,6,317,1,1,286,72,18.857142857142858,0.2517482517482518,0.01639344262295082,1.0,11.743706293706293,nan,nan
7799507,2.0,6,310,3,2,196,66,11.09433962264151,0.336734693877551,0.0,0.6,5.425,nan,nan
7852277,2.0,6,247,1,1,202,37,22.036363636363635,0.18316831683168316,0.0,0.6,3.9722772277227723,nan,nan
7852403,2.0,6,290,1,0,290,62,20.0,0.21379310344827587,0.0,0.4444444444444444,7.184827586206897,nan,nan
7852411,2.0,6,607,3,2,521,126,16.897297297297296,0.2418426103646833,0.0,0.8571428571428571,9.641842610364682,nan,nan
7852420,2.0,6,606,2,1,562,129,19.491329479768787,0.22953736654804271,0.0,1.0,6.688967971530249,nan,nan
7852422,2.0,6,216,1,0,216,43,20.903225806451612,0.19907407407407407,0.0,1.0,4.231481481481482,nan,nan
7852445,2.0,6,307,1,0,307,56,24.236842105263158,0.18241042345276873,0.02,1.0,5.503583061889251,nan,nan
7852451,2.0,6,314,2,1,261,49,22.056338028169016,0.18773946360153257,0.0,1.0,7.745593869731801,nan,nan
8354596,2.0,6,385,1,0,385,94,17.76923076923077,0.24415584415584415,0.011627906976744186,0.8181818181818182,9.283116883116882,nan,nan
10752853,2.0,7,615,2,1,565,132,12.463235294117647,0.2336283185840708,0.0,0.0,3.3945132743362834,nan,nan
10752864,2.0,7,232,2,1,187,55,10.685714285714285,0.29411764705882354,0.0,0.09090909090909091,3.9363636363636365,nan,nan
10752951,2.0,7,610,1,0,610,145,15.574468085106384,0.23770491803278687,0.0,0.12903225806451613,3.3068852459016393,nan,nan
10892045,2.0,7,323,2,1,282,68,14.842105263157896,0.24113475177304963,0.0,0.2857142857142857,3.5741134751773047,nan,nan
10934834,2.0,7,242,1,0,242,37,24.2,0.15289256198347106,0.0,0.2727272727272727,4.504545454545454,nan,nan
10934933,2.0,7,423,1,0,423,81,21.879310344827587,0.19148936170212766,0.0,1.0,3.902127659574468,nan,nan
10935081,2.0,7,278,1,0,278,58,19.17241379310345,0.20863309352517986,0.0,0.5,4.537769784172662,nan,nan
10935136,2.0,7,308,1,1,261,53,22.37142857142857,0.20306513409961685,0.022727272727272728,0.5714285714285714,5.627969348659004,nan,nan
10935148,2.0,7,237,2,3,66,13,13.655172413793103,0.19696969696969696,0.0,0.2,11.074242424242424,nan,nan
10935358,2.0,7,636,4,3,506,137,14.526315789473685,0.2707509881422925,0.0,0.8235294117647058,5.189723320158103,nan,nan
10935638,2.0,7,228,1,0,228,61,14.869565217391305,0.2675438596491228,0.0,0.4166666666666667,3.7228070175438592,nan,nan
10935844,2.0,7,607,1,0,607,141,18.487309644670052,0.23228995057660626,0.0,0.45454545454545453,4.729489291598023,nan,nan
10969051,2.0,7,601,1,0,601,99,26.130434782608695,0.16472545757071547,0.0,0.3333333333333333,3.3600665557404326,nan,nan
11058912,2.0,7,601,1,0,601,228,10.82882882882883,0.3793677204658902,0.009569377990430622,0.21428571428571427,4.708818635607321,nan,nan
11071635,2.0,7,423,2,1,377,84,18.390243902439025,0.22281167108753316,0.012987012987012988,0.5,5.551989389920424,nan,nan
11071677,2.0,7,459,2,1,406,93,18.454545454545453,0.229064039408867,0.0,0.8888888888888888,6.083743842364532,nan,nan
11071727,2.0,7,411,1,0,411,124,14.09142857142857,0.30170316301703165,0.0,0.7333333333333333,8.210948905109488,nan,nan
11071733,2.0,7,257,1,0,257,62,16.945054945054945,0.24124513618677043,0.0,0.3076923076923077,6.6579766536964975,nan,nan
11071965,2.0,7,535,3,2,448,93,19.06382978723404,0.20758928571428573,0.0,0.4375,4.993973214285715,nan,nan
11092058,2.0,7,446,1,1,399,82,22.58490566037736,0.20551378446115287,0.013888888888888888,1.0,3.4290726817042607,nan,nan
11092072,2.0,7,247,1,0,247,55,18.296296296296298,0.22267206477732793,0.0,0.4,3.7153846153846155,nan,nan
4300268,2.0,7,961,5,4,431,77,19.740458015267176,0.17865429234338748,0.0,0.23809523809523808,12.808120649651972,nan,nan
4303167,2.0,7,610,3,2,518,134,16.02061855670103,0.25868725868725867,0.0,0.8571428571428571,5.282818532818533,nan,nan
4303201,2.0,7,600,1,0,600,116,22.36024844720497,0.19333333333333333,0.0,0.6,5.165666666666667,nan,nan
4326816,2.0,7,606,4,4,446,85,20.584615384615386,0.1905829596412556,0.01282051282051282,0.5,6.0520179372197305,nan,nan
4453473,2.0,7,610,3,2,512,129,14.559241706161137,0.251953125,0.00819672131147541,0.1875,8.449609375,nan,nan
4636267,2.0,7,624,4,3,474,114,15.97752808988764,0.24050632911392406,0.0,0.6470588235294118,10.134810126582277,nan,nan
4652239,2.0,7,601,4,4,432,144,11.944700460829493,0.3333333333333333,0.0,0.5714285714285714,11.11273148148148,nan,nan
4660369,2.0,7,640,3,2,523,110,19.37037037037037,0.21032504780114722,0.010101010101010102,0.375,6.2583173996175905,nan,nan
4748312,2.0,7,624,5,4,435,72,20.551181102362204,0.16551724137931034,0.0,0.22727272727272727,9.831494252873563,nan,nan
4748313,2.0,7,770,3,2,465,133,14.53125,0.2860215053763441,0.0,0.8571428571428571,12.252258064516129,nan,nan
4779685,2.0,7,669,5,4,405,73,17.86764705882353,0.18024691358024691,0.0,0.16666666666666666,8.572592592592592,nan,nan
4792372,2.0,7,609,3,3,455,93,18.571428571428573,0.2043956043956044,0.0,0.4444444444444444,7.165054945054945,nan,nan
4793806,2.0,7,609,4,3,441,127,13.23,0.28798185941043086,0.0,0.3448275862068966,8.415419501133787,nan,nan
4798549,2.0,7,661,5,4,447,74,19.720588235294116,0.16554809843400448,0.0,0.2222222222222222,5.941610738255034,nan,nan
4944723,2.0,7,650,5,5,292,57,15.927272727272728,0.1952054794520548,0.0,0.25,10.155821917808218,nan,nan
4981908,2.0,7,251,1,0,251,48,19.307692307692307,0.19123505976095617,0.0,0.2857142857142857,6.487250996015936,nan,nan
5084249,2.0,7,600,1,0,600,146,14.754098360655737,0.24333333333333335,0.0,0.0958904109589041,4.236666666666666,nan,nan
5133027,2.0,7,628,4,4,395,81,19.112903225806452,0.20506329113924052,0.0,0.7777777777777778,5.9670886075949365,nan,nan
5285957,2.0,7,387,1,0,387,53,27.97590361445783,0.13695090439276486,0.0,0.4166666666666667,4.945736434108527,nan,nan
5286334,2.0,7,342,1,0,342,78,18.321428571428573,0.22807017543859648,0.0,0.5,4.637719298245614,nan,nan
5395622,2.0,7,231,2,1,198,47,15.84,0.23737373737373738,0.0,0.5,9.078787878787878,nan,nan
5538668,2.0,7,617,1,0,617,145,15.360995850622407,0.23500810372771475,0.0,0.11764705882352941,6.0951377633711505,nan,nan
5670672,2.0,7,264,3,2,145,19,19.333333333333332,0.1310344827586207,0.0,0.08333333333333333,7.2427586206896555,nan,nan
5729758,2.0,7,253,1,0,253,52,19.46153846153846,0.20553359683794467,0.0,0.4,5.049802371541501,nan,nan
5763820,2.0,7,989,4,5,347,82,18.263157894736842,0.23631123919308358,0.015625,0.5833333333333334,9.50778097982709,nan,nan
5917923,2.0,7,272,1,0,272,70,15.844660194174757,0.25735294117647056,0.0,0.5454545454545454,6.872794117647059,nan,nan
5936666,2.0,7,602,1,0,602,146,18.06,0.2425249169435216,0.007633587786259542,0.41379310344827586,5.584717607973422,nan,nan
6014730,2.0,7,219,1,0,219,57,15.642857142857142,0.2602739726027397,0.0,1.0,6.274885844748859,nan,nan
6051512,2.0,7,601,2,1,568,98,21.70700636942675,0.17253521126760563,0.0,0.2857142857142857,3.46056338028169,nan,nan
6053686,2.0,7,602,1,0,602,144,18.523076923076925,0.23920265780730898,0.007246376811594203,0.75,5.458139534883721,nan,nan
6171971,2.0,7,372,1,0,372,58,25.953488372093023,0.15591397849462366,0.0,0.3333333333333333,4.643279569892473,nan,nan
6172561,2.0,7,239,1,0,239,51,19.37837837837838,0.21338912133891214,0.0,0.5714285714285714,6.527196652719665,nan,nan
6357847,2.0,7,716,7,6,358,99,12.344827586206897,0.276536312849162,0.0,0.3076923076923077,18.389944134078213,nan,nan
6358495,2.0,7,308,1,0,308,45,26.782608695652176,0.1461038961038961,0.0,0.5,12.142857142857142,nan,nan
6422329,2.0,7,269,1,0,269,23,43.62162162162162,0.08550185873605948,0.0,0.5,3.598884758364312,nan,nan
6547817,2.0,7,320,1,1,288,62,18.98901098901099,0.2152777777777778,0.0,0.8571428571428571,4.752777777777777,nan,nan
6547822,2.0,7,341,4,3,218,34,17.91780821917808,0.1559633027522936,0.0,0.1111111111111111,9.530733944954127,nan,nan
6756778,2.0,7,498,1,1,457,66,28.2680412371134,0.14442013129102846,0.0,0.4166666666666667,4.066083150984682,nan,nan
6896919,2.0,7,619,2,1,564,90,32.22857142857143,0.1595744680851064,0.10869565217391304,0.4375,7.804255319148937,nan,nan
6920600,2.0,7,225,1,0,225,52,17.307692307692307,0.2311111111111111,0.0,0.7142857142857143,7.672000000000001,nan,nan
6922501,2.0,7,273,1,1,239,48,20.485714285714284,0.200836820083682,0.0,0.3333333333333333,5.025523012552301,nan,nan
6922622,2.0,7,453,1,0,453,79,25.166666666666668,0.17439293598233996,0.0,0.75,3.826710816777042,nan,nan
6941418,2.0,7,282,2,1,251,39,23.904761904761905,0.1553784860557769,0.0,0.6666666666666666,4.733466135458167,nan,nan
6984632,2.0,7,617,2,1,578,197,16.281690140845072,0.3408304498269896,0.036036036036036036,0.39473684210526316,3.840657439446367,nan,nan
7555066,2.0,7,339,1,0,339,79,17.68695652173913,0.23303834808259588,0.0,0.6363636363636364,4.138938053097345,nan,nan
7557391,2.0,7,302,1,0,302,80,16.035398230088497,0.26490066225165565,0.0,0.7,8.26953642384106,nan,nan
7563440,2.0,7,591,1,0,591,145,18.184615384615384,0.24534686971235195,0.0,1.0,4.47326565143824,nan,nan
7564587,2.0,7,242,2,1,197,56,14.414634146341463,0.28426395939086296,0.0,1.0,6.87258883248731,nan,nan
7583768,2.0,7,236,2,2,164,67,9.553398058252426,0.40853658536585363,0.0,0.5454545454545454,10.202439024390245,nan,nan
7598344,2.0,7,219,1,0,219,51,17.064935064935064,0.2328767123287671,0.0,0.4,7.407762557077626,nan,nan
7613495,2.0,7,612,1,0,612,144,18.178217821782177,0.23529411764705882,0.0,0.8666666666666667,6.26078431372549,nan,nan
7613518,2.0,7,285,2,2,214,56,16.894736842105264,0.2616822429906542,0.04878048780487805,0.4,5.195794392523365,nan,nan
7613731,2.0,7,271,1,1,233,39,25.88888888888889,0.16738197424892703,0.0,1.0,4.5167381974248935,nan,nan
7691124,2.0,7,255,3,2,178,50,12.714285714285714,0.2808988764044944,0.0,0.3333333333333333,10.26573033707865,nan,nan
7691163,2.0,7,301,2,1,267,66,16.6875,0.24719101123595505,0.0,1.0,5.897003745318352,nan,nan
7691232,2.0,7,601,1,0,601,125,18.397959183673468,0.2079866888519135,0.00847457627118644,0.24390243902439024,5.652412645590682,nan,nan
7691423,2.0,7,303,2,1,260,81,15.918367346938776,0.31153846153846154,0.1111111111111111,0.7,8.79076923076923,nan,nan
7691435,2.0,7,343,1,0,343,107,14.91304347826087,0.3119533527696793,0.023255813953488372,0.7692307692307693,5.462099125364431,nan,nan
7691520,2.0,7,608,2,1,552,100,22.53061224489796,0.18115942028985507,0.0,0.5,5.746920289855073,nan,nan
7691542,2.0,7,368,2,1,306,70,22.95,0.22875816993464052,0.07692307692307693,0.5,6.061437908496732,nan,nan
7691885,2.0,7,251,2,1,208,60,13.565217391304348,0.28846153846153844,0.0,0.5,8.754326923076924,nan,nan
7691909,2.0,7,624,2,1,586,136,18.3125,0.23208191126279865,0.0,0.5263157894736842,6.400511945392491,nan,nan
7795968,2.0,7,252,1,1,195,31,24.893617021276597,0.15897435897435896,0.0,0.3333333333333333,6.906666666666666,nan,nan
7797310,2.0,7,601,1,0,601,104,23.723684210526315,0.17304492512479203,0.0,0.36363636363636365,6.362229617304492,nan,nan
7799046,2.0,7,454,1,0,454,98,20.953846153846154,0.21585903083700442,0.01098901098901099,0.8888888888888888,6.934801762114538,nan,nan
7799135,2.0,7,329,1,0,329,86,16.728813559322035,0.2613981762917933,0.0,1.0,7.348936170212767,nan,nan
7799180,2.0,7,645,4,3,515,111,18.284023668639055,0.21553398058252426,0.0,0.7692307692307693,8.034368932038834,nan,nan
7799209,2.0,7,525,1,0,525,135,17.59776536312849,0.2571428571428571,0.007874015748031496,0.9166666666666666,7.588952380952381,nan,nan
7799211,2.0,7,232,3,2,155,44,11.481481481481481,0.2838709677419355,0.0,0.2857142857142857,10.130322580645162,nan,nan
7799420,2.0,7,317,1,1,286,72,18.857142857142858,0.2517482517482518,0.01639344262295082,1.0,8.086713286713287,nan,nan
7799507,2.0,7,310,3,2,196,66,10.788990825688073,0.336734693877551,0.0,0.42857142857142855,15.835714285714287,nan,nan
7852277,2.0,7,247,1,1,202,37,22.444444444444443,0.18316831683168316,0.0,0.6,6.48960396039604,nan,nan
7852403,2.0,7,290,1,0,290,62,21.21951219512195,0.21379310344827587,0.0,1.0,8.70551724137931,nan,nan
7852411,2.0,7,607,3,2,521,126,16.71657754010695,0.2418426103646833,0.0,0.6470588235294118,7.593090211132438,nan,nan
7852420,2.0,7,606,2,1,562,129,19.83529411764706,0.22953736654804271,0.0,1.0,4.696975088967971,nan,nan
7852422,2.0,7,216,1,0,216,43,20.903225806451612,0.19907407407407407,0.0,1.0,4.102777777777778,nan,nan
7852445,2.0,7,307,1,0,307,56,23.025,0.18241042345276873,0.0,0.5,5.814657980456026,nan,nan
7852451,2.0,7,314,2,1,261,49,22.056338028169016,0.18773946360153257,0.0,1.0,14.497318007662836,nan,nan
8354596,2.0,7,385,1,0,385,94,17.76923076923077,0.24415584415584415,0.011627906976744186,0.8181818181818182,11.224675324675324,nan,nan
10752853,2.0,8,615,2,1,565,132,12.463235294117647,0.2336283185840708,0.0,0.0,3.261769911504425,nan,nan
10752864,2.0,8,232,2,1,187,55,9.929203539823009,0.29411764705882354,0.0,0.02127659574468085,3.8010695187165773,nan,nan
10752951,2.0,8,610,1,0,610,145,14.817813765182187,0.23770491803278687,0.0,0.060240963855421686,4.8850819672131145,nan,nan
10892045,2.0,8,323,2,1,282,68,14.586206896551724,0.24113475177304963,0.0,0.19230769230769232,3.6432624113475183,nan,nan
10934834,2.0,8,242,1,0,242,37,22.6875,0.15289256198347106,0.0,0.11764705882352941,3.524380165289256,nan,nan
10934933,2.0,8,423,1,0,423,81,21.508474576271187,0.19148936170212766,0.0,0.7272727272727273,3.4687943262411345,nan,nan
10935081,2.0,8,278,1,0,278,58,18.32967032967033,0.20863309352517986,0.0,0.23529411764705882,3.3241007194244605,nan,nan
10935136,2.0,8,308,1,1,261,53,22.056338028169016,0.20306513409961685,0.022727272727272728,0.5,3.1701149425287354,nan,nan
10935148,2.0,8,237,2,3,66,13,13.655172413793103,0.19696969696969696,0.0,0.2,11.104545454545454,nan,nan
10935358,2.0,8,636,4,3,506,137,13.8,0.2707509881422925,0.0,0.375,4.377470355731226,nan,nan
10935638,2.0,8,228,1,0,228,61,14.869565217391305,0.2675438596491228,0.0,0.4166666666666667,4.091666666666667,nan,nan
10935844,2.0,8,607,1,0,607,141,20.693181818181817,0.23228995057660626,0.017241379310344827,0.5,3.8373970345963757,nan,nan
10969051,2.0,8,601,1,0,601,99,26.130434782608695,0.16472545757071547,0.0,0.3333333333333333,3.6359400998336104,nan,nan
11058912,2.0,8,601,1,0,601,228,10.732142857142858,0.3793677204658902,0.004629629629629629,0.19444444444444445,5.019467554076539,nan,nan
11071635,2.0,8,423,2,1,377,84,17.53488372093023,0.22281167108753316,0.0,0.3157894736842105,5.162068965517241,nan,nan
11071677,2.0,8,459,2,1,406,93,17.652173913043477,0.229064039408867,0.0,0.4117647058823529,11.861330049261083,nan,nan
11071727,2.0,8,411,1,0,411,124,13.402173913043478,0.30170316301703165,0.0,0.25,8.724087591240876,nan,nan
11071733,2.0,8,257,1,0,257,62,16.945054945054945,0.24124513618677043,0.0,0.3076923076923077,6.052529182879377,nan,nan
11071965,2.0,8,535,3,2,448,93,18.410958904109588,0.20758928571428573,0.0,0.2608695652173913,4.081026785714285,nan,nan
11092058,2.0,8,446,1,1,399,82,21.96330275229358,0.20551378446115287,0.013888888888888888,0.5,5.817794486215539,nan,nan
11092072,2.0,8,247,1,0,247,55,18.296296296296298,0.22267206477732793,0.0,0.4,4.823886639676114,nan,nan
4300268,2.0,8,961,5,4,431,77,19.155555555555555,0.17865429234338748,0.0,0.14814814814814814,13.897911832946635,nan,nan
4303167,2.0,8,610,3,2,518,134,16.10362694300518,0.25868725868725867,0.0,0.6875,10.166216216216217,nan,nan
4303201,2.0,8,600,1,0,600,116,21.951219512195124,0.19333333333333333,0.0,0.36363636363636365,3.4391666666666665,nan,nan
4326816,2.0,8,606,4,4,446,85,19.970149253731343,0.1905829596412556,0.0,0.5,8.068609865470853,nan,nan
4453473,2.0,8,610,3,2,512,129,15.058823529411764,0.251953125,0.009174311926605505,0.14035087719298245,11.4408203125,nan,nan
4636267,2.0,8,624,4,3,474,114,15.127659574468085,0.24050632911392406,0.0,0.22857142857142856,10.39451476793249,nan,nan
4652239,2.0,8,601,4,4,432,144,12.055813953488371,0.3333333333333333,0.0,0.5454545454545454,14.87037037037037,nan,nan
4660369,2.0,8,640,3,2,523,110,19.987261146496817,0.21032504780114722,0.022222222222222223,0.2962962962962963,4.730401529636711,nan,nan
4748312,2.0,8,624,5,4,435,72,20.390625,0.16551724137931034,0.0,0.21739130434782608,7.046896551724138,nan,nan
4748313,2.0,8,770,3,2,465,133,14.381443298969073,0.2860215053763441,0.0,0.6111111111111112,8.685161290322581,nan,nan
4779685,2.0,8,669,5,4,405,73,17.23404255319149,0.18024691358024691,0.0,0.07317073170731707,8.372592592592593,nan,nan
4792372,2.0,8,609,3,3,455,93,18.698630136986303,0.2043956043956044,0.0,0.2608695652173913,8.95912087912088,nan,nan
4793806,2.0,8,609,4,3,441,127,13.099009900990099,0.28798185941043086,0.0,0.2222222222222222,18.088208616780044,nan,nan
4798549,2.0,8,661,5,4,447,74,18.36986301369863,0.16554809843400448,0.0,0.09302325581395349,8.80268456375839,nan,nan
4944723,2.0,8,650,5,5,292,57,15.783783783783784,0.1952054794520548,0.0,0.11538461538461539,14.142808219178082,nan,nan
4981908,2.0,8,251,1,0,251,48,20.35135135135135,0.19123505976095617,0.0,0.4,4.854581673306773,nan,nan
5084249,2.0,8,600,1,0,600,146,14.634146341463415,0.24333333333333335,0.0,0.0759493670886076,4.830166666666667,nan,nan
5133027,2.0,8,628,4,4,395,81,17.81954887218045,0.20506329113924052,0.0,0.3157894736842105,7.0559493670886075,nan,nan
5285957,2.0,8,387,1,0,387,53,27.642857142857142,0.13695090439276486,0.0,0.25,7.2984496124031,nan,nan
5286334,2.0,8,342,1,0,342,78,18.321428571428573,0.22807017543859648,0.0,0.7777777777777778,5.2438596491228076,nan,nan
5395622,2.0,8,231,2,1,198,47,16.5,0.23737373737373738,0.0,0.6666666666666666,6.976767676767677,nan,nan
5538668,2.0,8,617,1,0,617,145,15.297520661157025,0.23500810372771475,0.0,0.09722222222222222,3.6014586709886545,nan,nan
5670672,2.0,8,264,3,2,145,19,19.333333333333332,0.1310344827586207,0.0,0.08333333333333333,7.336551724137931,nan,nan
5729758,2.0,8,253,1,0,253,52,19.46153846153846,0.20553359683794467,0.0,0.4,5.133992094861661,nan,nan
5763820,2.0,8,989,4,5,347,82,17.065573770491802,0.23631123919308358,0.015625,0.14814814814814814,13.3835734870317,nan,nan
5917923,2.0,8,272,1,0,272,70,15.692307692307692,0.25735294117647056,0.0,0.21052631578947367,6.1816176470588236,nan,nan
5936666,2.0,8,602,1,0,602,146,17.970149253731343,0.2425249169435216,0.007633587786259542,0.29411764705882354,4.773588039867109,nan,nan
6014730,2.0,8,219,1,0,219,57,14.6,0.2602739726027397,0.0,0.23529411764705882,3.4840182648401825,nan,nan
6051512,2.0,8,601,2,1,568,98,21.98709677419355,0.17253521126760563,0.0,0.3076923076923077,5.171478873239437,nan,nan
6053686,2.0,8,602,1,0,602,144,18.150753768844222,0.23920265780730898,0.0,0.47619047619047616,5.728737541528239,nan,nan
6171971,2.0,8,372,1,0,372,58,25.953488372093023,0.15591397849462366,0.0,0.3333333333333333,3.239516129032258,nan,nan
6172561,2.0,8,239,1,0,239,51,19.37837837837838,0.21338912133891214,0.0,0.5714285714285714,6.146443514644352,nan,nan
6357847,2.0,8,716,7,6,358,99,11.933333333333334,0.276536312849162,0.0,0.16666666666666666,15.071787709497206,nan,nan
6358495,2.0,8,308,1,0,308,45,28.0,0.1461038961038961,0.0,0.8,5.55064935064935,nan,nan
6422329,2.0,8,269,1,0,269,23,44.833333333333336,0.08550185873605948,0.0,0.6666666666666666,8.837546468401488,nan,nan
6547817,2.0,8,320,1,1,288,62,22.736842105263158,0.2152777777777778,0.022222222222222223,0.8571428571428571,3.5913194444444443,nan,nan
6547822,2.0,8,341,4,3,218,34,16.98701298701299,0.1559633027522936,0.0,0.041666666666666664,12.514220183486238,nan,nan
6756778,2.0,8,498,1,1,457,66,28.5625,0.14442013129102846,0.0,0.45454545454545453,5.400437636761488,nan,nan
6896919,2.0,8,619,2,1,564,90,24.345323741007196,0.1595744680851064,0.0,0.2608695652173913,7.513120567375886,nan,nan
6920600,2.0,8,225,1,0,225,52,21.09375,0.2311111111111111,0.06060606060606061,0.4444444444444444,5.639555555555556,nan,nan
6922501,2.0,8,273,1,1,239,48,20.485714285714284,0.200836820083682,0.0,0.3333333333333333,5.119665271966527,nan,nan
6922622,2.0,8,453,1,0,453,79,24.93577981651376,0.17439293598233996,0.0,0.6666666666666666,6.001766004415011,nan,nan
6941418,2.0,8,282,2,1,251,39,23.904761904761905,0.1553784860557769,0.0,0.42857142857142855,7.383266932270916,nan,nan
6984632,2.0,8,617,2,1,578,197,11.56,0.3408304498269896,0.0111731843575419,0.14864864864864866,6.686505190311419,nan,nan
7555066,2.0,8,339,1,0,339,79,19.557692307692307,0.23303834808259588,0.015151515151515152,0.7,5.302654867256637,nan,nan
7557391,2.0,8,302,1,0,302,80,16.035398230088497,0.26490066225165565,0.0,0.5454545454545454,4.412251655629139,nan,nan
7563440,2.0,8,591,1,0,591,145,18.091836734693878,0.24534686971235195,0.0,1.0,9.221150592216581,nan,nan
7564587,2.0,8,242,2,1,197,56,13.744186046511627,0.28426395939086296,0.0,0.625,5.747208121827412,nan,nan
7583768,2.0,8,236,2,2,164,67,9.647058823529411,0.40853658536585363,0.0,0.6,14.805487804878048,nan,nan
7598344,2.0,8,219,1,0,219,51,16.846153846153847,0.2328767123287671,0.0,0.21428571428571427,4.011415525114155,nan,nan
7613495,2.0,8,612,1,0,612,144,18.26865671641791,0.23529411764705882,0.0,0.55,4.851307189542483,nan,nan
7613518,2.0,8,285,2,2,214,56,16.05,0.2616822429906542,0.020833333333333332,0.4,8.938785046728972,nan,nan
7613731,2.0,8,271,1,1,233,39,25.88888888888889,0.16738197424892703,0.0,1.0,14.619742489270386,nan,nan
7691124,2.0,8,255,3,2,178,50,12.867469879518072,0.2808988764044944,0.0,0.23076923076923078,6.080337078651685,nan,nan
7691163,2.0,8,301,2,1,267,66,16.6875,0.24719101123595505,0.0,1.0,12.267041198501873,nan,nan
7691232,2.0,8,601,1,0,601,125,17.17142857142857,0.2079866888519135,0.0,0.11666666666666667,6.118635607321131,nan,nan
7691423,2.0,8,303,2,1,260,81,13.109243697478991,0.31153846153846154,0.03076923076923077,0.2727272727272727,16.35269230769231,nan,nan
7691435,2.0,8,343,1,0,343,107,13.812080536912752,0.3119533527696793,0.010309278350515464,0.625,7.1932944606413995,nan,nan
7691520,2.0,8,608,2,1,552,100,22.841379310344827,0.18115942028985507,0.0,0.6153846153846154,6.698369565217392,nan,nan
7691542,2.0,8,368,2,1,306,70,21.348837209302324,0.22875816993464052,0.04081632653061224,0.8571428571428571,9.539869281045751,nan,nan
7691885,2.0,8,251,2,1,208,60,13.0,0.28846153846153844,0.0,0.38461538461538464,7.612500000000001,nan,nan
7691909,2.0,8,624,2,1,586,136,17.757575757575758,0.23208191126279865,0.0,0.4,5.660580204778157,nan,nan
7795968,2.0,8,252,1,1,195,31,24.893617021276597,0.15897435897435896,0.0,0.3333333333333333,6.635897435897436,nan,nan
7797310,2.0,8,601,1,0,601,104,22.5375,0.17304492512479203,0.0,0.21875,6.3091514143094845,nan,nan
7799046,2.0,8,454,1,0,454,98,20.177777777777777,0.21585903083700442,0.01098901098901099,0.8181818181818182,7.844052863436123,nan,nan
7799135,2.0,8,329,1,0,329,86,16.048780487804876,0.2613981762917933,0.0,0.5833333333333334,6.603343465045593,nan,nan
7799180,2.0,8,645,4,3,515,111,18.727272727272727,0.21553398058252426,0.00980392156862745,0.5,5.530485436893204,nan,nan
7799209,2.0,8,525,1,0,525,135,17.796610169491526,0.2571428571428571,0.007874015748031496,1.0,8.627238095238095,nan,nan
7799211,2.0,8,232,3,2,155,44,11.071428571428571,0.2838709677419355,0.0,0.15,6.331612903225806,nan,nan
7799420,2.0,8,317,1,1,286,72,18.25531914893617,0.2517482517482518,0.01639344262295082,0.4166666666666667,13.897902097902099,nan,nan
7799507,2.0,8,310,3,2,196,66,10.594594594594595,0.336734693877551,0.0,0.19047619047619047,29.466836734693878,nan,nan
7852277,2.0,8,247,1,1,202,37,23.307692307692307,0.18316831683168316,0.0,1.0,7.0,nan,nan
7852403,2.0,8,290,1,0,290,62,20.232558139534884,0.21379310344827587,0.0,0.5,7.38448275862069,nan,nan
7852411,2.0,8,607,3,2,521,126,16.806451612903224,0.2418426103646833,0.0,0.6470588235294118,7.436852207293666,nan,nan
7852420,2.0,8,606,2,1,562,129,18.837988826815643,0.22953736654804271,0.0,0.7692307692307693,12.08612099644128,nan,nan
7852422,2.0,8,216,1,0,216,43,19.636363636363637,0.19907407407407407,0.0,0.3,6.597685185185185,nan,nan
7852445,2.0,8,307,1,0,307,56,21.928571428571427,0.18241042345276873,0.0,0.3333333333333333,5.469055374592834,nan,nan
7852451,2.0,8,314,2,1,261,49,21.45205479452055,0.18773946360153257,0.0,0.8,7.479310344827586,nan,nan
8354596,2.0,8,385,1,0,385,94,18.333333333333332,0.24415584415584415,0.011627906976744186,0.8,8.692987012987013,nan,nan
10752853,2.0,9,615,2,1,565,132,12.463235294117647,0.2336283185840708,0.0,0.0,3.259646017699115,nan,nan
10752864,2.0,9,232,2,1,187,55,9.508474576271187,0.29411764705882354,0.0,0.0,6.855614973262032,nan,nan
10752951,2.0,9,610,1,0,610,145,14.64,0.23770491803278687,0.0,0.0449438202247191,3.987049180327869,nan,nan
10892045,2.0,9,323,2,1,282,68,12.533333333333333,0.24113475177304963,0.0,0.017857142857142856,5.5684397163120565,nan,nan
10934834,2.0,9,242,1,0,242,37,21.043478260869566,0.15289256198347106,0.0,0.04,3.7851239669421486,nan,nan
10934933,2.0,9,423,1,0,423,81,20.80327868852459,0.19148936170212766,0.0,0.3,4.009929078014184,nan,nan
10935081,2.0,9,278,1,0,278,58,18.32967032967033,0.20863309352517986,0.0,0.23529411764705882,3.5115107913669066,nan,nan
10935136,2.0,9,308,1,1,261,53,21.75,0.20306513409961685,0.022727272727272728,0.3333333333333333,3.4521072796934864,nan,nan
10935148,2.0,9,237,2,3,66,13,11.647058823529411,0.19696969696969696,0.0,0.0,10.678787878787878,nan,nan
10935358,2.0,9,636,4,3,506,137,13.553571428571429,0.2707509881422925,0.0,0.23809523809523808,4.630632411067194,nan,nan
10935638,2.0,9,228,1,0,228,61,14.103092783505154,0.2675438596491228,0.0,0.2,3.5057017543859645,nan,nan
10935844,2.0,9,607,1,0,607,141,17.852941176470587,0.23228995057660626,0.0,0.28125,4.666392092257001,nan,nan
10969051,2.0,9,601,1,0,601,99,25.216783216783217,0.16472545757071547,0.0,0.19230769230769232,7.373211314475874,nan,nan
11058912,2.0,9,601,1,0,601,228,10.244318181818182,0.3793677204658902,0.004629629629629629,0.1134020618556701,6.348752079866888,nan,nan
11071635,2.0,9,423,2,1,377,84,17.267175572519083,0.22281167108753316,0.0,0.2857142857142857,7.651193633952254,nan,nan
11071677,2.0,9,459,2,1,406,93,16.45945945945946,0.229064039408867,0.0,0.15151515151515152,10.603940886699506,nan,nan
11071727,2.0,9,411,1,0,411,124,13.117021276595745,0.30170316301703165,0.0,0.1794871794871795,7.847445255474453,nan,nan
11071733,2.0,9,257,1,0,257,62,16.945054945054945,0.24124513618677043,0.0,0.3076923076923077,6.725291828793774,nan,nan
11071965,2.0,9,535,3,2,448,93,19.2,0.20758928571428573,0.0,0.3333333333333333,5.3359375,nan,nan
11092058,2.0,9,446,1,1,399,82,21.96330275229358,0.20551378446115287,0.013888888888888888,0.5,4.108270676691729,nan,nan
11092072,2.0,9,247,1,0,247,55,17.85542168674699,0.22267206477732793,0.0,0.3333333333333333,4.385425101214575,nan,nan
4300268,2.0,9,961,5,4,431,77,19.155555555555555,0.17865429234338748,0.0,0.14814814814814814,10.889095127610208,nan,nan
4303167,2.0,9,610,3,2,518,134,15.618090452261306,0.25868725868725867,0.0,0.5,13.412741312741312,nan,nan
4303201,2.0,9,600,1,0,600,116,21.818181818181817,0.19333333333333333,0.0,0.38095238095238093,5.4991666666666665,nan,nan
4326816,2.0,9,606,4,4,446,85,18.583333333333332,0.1905829596412556,0.0,0.1724137931034483,7.334977578475336,nan,nan
4453473,2.0,9,610,3,2,512,129,13.414847161572052,0.251953125,0.0,0.08571428571428572,11.04453125,nan,nan
4636267,2.0,9,624,4,3,474,114,14.8125,0.24050632911392406,0.0,0.16666666666666666,9.710970464135022,nan,nan
4652239,2.0,9,601,4,4,432,144,11.944700460829493,0.3333333333333333,0.0,0.4230769230769231,10.642129629629629,nan,nan
4660369,2.0,9,640,3,2,523,110,18.568047337278106,0.21032504780114722,0.010101010101010102,0.19444444444444445,5.481453154875718,nan,nan
4748312,2.0,9,624,5,4,435,72,19.772727272727273,0.16551724137931034,0.0,0.13793103448275862,6.2091954022988505,nan,nan
4748313,2.0,9,770,3,2,465,133,14.090909090909092,0.2860215053763441,0.0,0.4166666666666667,10.560860215053763,nan,nan
4779685,2.0,9,669,5,4,405,73,16.643835616438356,0.18024691358024691,0.0,0.041666666666666664,8.873086419753086,nan,nan
4792372,2.0,9,609,3,3,455,93,18.445945945945947,0.2043956043956044,0.0,0.24,6.872527472527472,nan,nan
4793806,2.0,9,609,4,3,441,127,13.03448275862069,0.28798185941043086,0.0,0.21621621621621623,16.03514739229025,nan,nan
4798549,2.0,9,661,5,4,447,74,18.244897959183675,0.16554809843400448,0.0,0.06666666666666667,8.959507829977628,nan,nan
4944723,2.0,9,650,5,5,292,57,15.504424778761061,0.1952054794520548,0.0,0.10714285714285714,12.66027397260274,nan,nan
4981908,2.0,9,251,1,0,251,48,20.35135135135135,0.19123505976095617,0.0,0.36363636363636365,8.06812749003984,nan,nan
5084249,2.0,9,600,1,0,600,146,14.173228346456693,0.24333333333333335,0.0,0.05555555555555555,4.662833333333333,nan,nan
5133027,2.0,9,628,4,4,395,81,17.2992700729927,0.20506329113924052,0.0,0.2,12.380759493670885,nan,nan
5285957,2.0,9,387,1,0,387,53,27.0,0.13695090439276486,0.0,0.15,8.513953488372094,nan,nan
5286334,2.0,9,342,1,0,342,78,17.243697478991596,0.22807017543859648,0.0,0.22727272727272727,5.067836257309942,nan,nan
5395622,2.0,9,231,2,1,198,47,16.273972602739725,0.23737373737373738,0.0,0.5714285714285714,7.2712121212121215,nan,nan
5538668,2.0,9,617,1,0,617,145,14.987854251012147,0.23500810372771475,0.0,0.075,6.67520259319287,nan,nan
5670672,2.0,9,264,3,2,145,19,17.4,0.1310344827586207,0.0,0.0,6.411724137931035,nan,nan
5729758,2.0,9,253,1,0,253,52,20.24,0.20553359683794467,0.0,0.5,8.878260869565217,nan,nan
5763820,2.0,9,989,4,5,347,82,16.523809523809526,0.23631123919308358,0.015625,0.08823529411764706,7.3962536023054755,nan,nan
5917923,2.0,9,272,1,0,272,70,16.0,0.25735294117647056,0.0,0.3333333333333333,6.544852941176471,nan,nan
5936666,2.0,9,602,1,0,602,146,16.418181818181818,0.2425249169435216,0.0,0.20454545454545456,7.646677740863788,nan,nan
6014730,2.0,9,219,1,0,219,57,13.83157894736842,0.2602739726027397,0.0,0.12,4.748401826484018,nan,nan
6051512,2.0,9,601,2,1,568,98,21.037037037037038,0.17253521126760563,0.0,0.15789473684210525,5.037852112676056,nan,nan
6053686,2.0,9,602,1,0,602,144,18.33502538071066,0.23920265780730898,0.0,0.4090909090909091,5.385880398671096,nan,nan
6171971,2.0,9,372,1,0,372,58,24.0,0.15591397849462366,0.0,0.13043478260869565,8.817473118279569,nan,nan
6172561,2.0,9,239,1,0,239,51,20.485714285714284,0.21338912133891214,0.0,1.0,13.4418410041841,nan,nan
6357847,2.0,9,716,7,6,358,99,11.548387096774194,0.276536312849162,0.0,0.1111111111111111,13.403631284916202,nan,nan
6358495,2.0,9,308,1,0,308,45,24.972972972972972,0.1461038961038961,0.0,0.1875,10.797402597402597,nan,nan
6422329,2.0,9,269,1,0,269,23,44.833333333333336,0.08550185873605948,0.0,0.6666666666666666,11.656877323420074,nan,nan
6547817,2.0,9,320,1,1,288,62,21.333333333333332,0.2152777777777778,0.022222222222222223,0.35714285714285715,6.268402777777777,nan,nan
6547822,2.0,9,341,4,3,218,34,16.98701298701299,0.1559633027522936,0.0,0.041666666666666664,8.135321100917432,nan,nan
6756778,2.0,9,498,1,1,457,66,28.86315789473684,0.14442013129102846,0.0,0.5,8.472210065645514,nan,nan
6896919,2.0,9,619,2,1,564,90,26.4375,0.1595744680851064,0.0,0.5,10.495921985815603,nan,nan
6920600,2.0,9,225,1,0,225,52,16.875,0.2311111111111111,0.0,0.2,14.845777777777778,nan,nan
6922501,2.0,9,273,1,1,239,48,18.86842105263158,0.200836820083682,0.0,0.2,15.623012552301256,nan,nan
6922622,2.0,9,453,1,0,453,79,24.93577981651376,0.17439293598233996,0.0,0.6666666666666666,7.481456953642384,nan,nan
6941418,2.0,9,282,2,1,251,39,22.47761194029851,0.1553784860557769,0.0,0.14285714285714285,12.91792828685259,nan,nan
6984632,2.0,9,617,2,1,578,197,11.917525773195877,0.3408304498269896,0.0053475935828877,0.18333333333333332,11.85484429065744,nan,nan
7555066,2.0,9,339,1,0,339,79,19.74757281553398,0.23303834808259588,0.015151515151515152,0.5,9.77905604719764,nan,nan
7557391,2.0,9,302,1,0,302,80,15.620689655172415,0.26490066225165565,0.0,0.29411764705882354,3.9543046357615896,nan,nan
7563440,2.0,9,591,1,0,591,145,17.73,0.24534686971235195,0.0,0.5789473684210527,6.9939086294416235,nan,nan
7564587,2.0,9,242,2,1,197,56,13.280898876404494,0.28426395939086296,0.0,0.3076923076923077,17.513197969543146,nan,nan
7583768,2.0,9,236,2,2,164,67,9.647058823529411,0.40853658536585363,0.0,0.6,30.172560975609755,nan,nan
7598344,2.0,9,219,1,0,219,51,16.632911392405063,0.2328767123287671,0.0,0.2,22.78675799086758,nan,nan
7613495,2.0,9,612,1,0,612,144,18.83076923076923,0.23529411764705882,0.0,0.7857142857142857,4.911274509803921,nan,nan
7613518,2.0,9,285,2,2,214,56,15.105882352941176,0.2616822429906542,0.0,0.4,8.00841121495327,nan,nan
7613731,2.0,9,271,1,1,233,39,25.88888888888889,0.16738197424892703,0.0,1.0,6.882403433476394,nan,nan
7691124,2.0,9,255,3,2,178,50,13.024390243902438,0.2808988764044944,0.0,0.23076923076923078,23.397191011235954,nan,nan
7691163,2.0,9,301,2,1,267,66,15.553398058252426,0.24719101123595505,0.0,0.21052631578947367,6.660299625468165,nan,nan
7691232,2.0,9,601,1,0,601,125,17.00943396226415,0.2079866888519135,0.0,0.09230769230769231,7.417803660565724,nan,nan
7691423,2.0,9,303,2,1,260,81,12.78688524590164,0.31153846153846154,0.013888888888888888,0.20833333333333334,9.815384615384616,nan,nan
7691435,2.0,9,343,1,0,343,107,15.132352941176471,0.3119533527696793,0.023255813953488372,0.4444444444444444,6.984839650145773,nan,nan
7691520,2.0,9,608,2,1,552,100,21.36774193548387,0.18115942028985507,0.0,0.20689655172413793,5.78768115942029,nan,nan
7691542,2.0,9,368,2,1,306,70,21.348837209302324,0.22875816993464052,0.04081632653061224,1.0,18.6156862745098,nan,nan
7691885,2.0,9,251,2,1,208,60,13.419354838709678,0.28846153846153844,0.0,0.3076923076923077,13.287980769230769,nan,nan
7691909,2.0,9,624,2,1,586,136,17.93877551020408,0.23208191126279865,0.0,0.34615384615384615,6.355119453924915,nan,nan
7795968,2.0,9,252,1,1,195,31,25.434782608695652,0.15897435897435896,0.0,0.4,4.394871794871795,nan,nan
7797310,2.0,9,601,1,0,601,104,22.5375,0.17304492512479203,0.0,0.16666666666666666,8.186688851913477,nan,nan
7799046,2.0,9,454,1,0,454,98,19.73913043478261,0.21585903083700442,0.0,0.5714285714285714,9.972687224669604,nan,nan
7799135,2.0,9,329,1,0,329,86,16.728813559322035,0.2613981762917933,0.0,0.875,11.222492401215804,nan,nan
7799180,2.0,9,645,4,3,515,111,18.727272727272727,0.21553398058252426,0.00980392156862745,0.47368421052631576,10.542718446601942,nan,nan
7799209,2.0,9,525,1,0,525,135,17.696629213483146,0.2571428571428571,0.0,1.0,13.464190476190476,nan,nan
7799211,2.0,9,232,3,2,155,44,11.071428571428571,0.2838709677419355,0.0,0.09090909090909091,10.247741935483871,nan,nan
7799420,2.0,9,317,1,1,286,72,18.063157894736843,0.2517482517482518,0.01639344262295082,0.4166666666666667,12.885664335664336,nan,nan
7799507,2.0,9,310,3,2,196,66,10.051282051282051,0.336734693877551,0.0,0.1,36.41377551020408,nan,nan
7852277,2.0,9,247,1,1,202,37,23.307692307692307,0.18316831683168316,0.0,1.0,4.565841584158416,nan,nan
7852403,2.0,9,290,1,0,290,62,21.21951219512195,0.21379310344827587,0.0,1.0,6.550344827586207,nan,nan
7852411,2.0,9,607,3,2,521,126,15.787878787878787,0.2418426103646833,0.0,0.21621621621621623,9.963723608445298,nan,nan
7852420,2.0,9,606,2,1,562,129,19.15909090909091,0.22953736654804271,0.0,0.5625,11.663701067615659,nan,nan
7852422,2.0,9,216,1,0,216,43,19.636363636363637,0.19907407407407407,0.0,0.3,4.309259259259259,nan,nan
7852445,2.0,9,307,1,0,307,56,22.19277108433735,0.18241042345276873,0.0,0.36363636363636365,16.62540716612378,nan,nan
7852451,2.0,9,314,2,1,261,49,20.605263157894736,0.18773946360153257,0.0,0.2727272727272727,12.511877394636015,nan,nan
8354596,2.0,9,385,1,0,385,94,16.618705035971225,0.24415584415584415,0.0,0.2608695652173913,7.433246753246753,nan,nan
10752853,2.0,10,615,2,1,565,132,12.463235294117647,0.2336283185840708,0.0,0.0,4.287433628318584,nan,nan
10752864,2.0,10,232,2,1,187,55,9.508474576271187,0.29411764705882354,0.0,0.0,4.4941176470588236,nan,nan
10752951,2.0,10,610,1,0,610,145,14.64,0.23770491803278687,0.0,0.0449438202247191,4.005901639344263,nan,nan
10892045,2.0,10,323,2,1,282,68,12.533333333333333,0.24113475177304963,0.0,0.017857142857142856,3.6624113475177302,nan,nan
10934834,2.0,10,242,1,0,242,37,21.043478260869566,0.15289256198347106,0.0,0.04,3.2417355371900825,nan,nan
10934933,2.0,10,423,1,0,423,81,21.692307692307693,0.19148936170212766,0.0,0.4,3.5718676122931443,nan,nan
10935081,2.0,10,278,1,0,278,58,17.557894736842105,0.20863309352517986,0.0,0.125,3.320863309352518,nan,nan
10935136,2.0,10,308,1,1,261,53,19.097560975609756,0.20306513409961685,0.0,0.17647058823529413,3.464367816091954,nan,nan
10935148,2.0,10,237,2,3,66,13,11.647058823529411,0.19696969696969696,0.0,0.0,5.3954545454545455,nan,nan
10935358,2.0,10,636,4,3,506,137,13.142857142857142,0.2707509881422925,0.0,0.1206896551724138,9.445256916996048,nan,nan
10935638,2.0,10,228,1,0,228,61,14.4,0.2675438596491228,0.0,0.2222222222222222,6.449122807017544,nan,nan
10935844,2.0,10,607,1,0,607,141,14.061776061776062,0.23228995057660626,0.0,0.02857142857142857,5.90840197693575,nan,nan
10969051,2.0,10,601,1,0,601,99,25.041666666666668,0.16472545757071547,0.0,0.18518518518518517,7.1222961730449255,nan,nan
11058912,2.0,10,601,1,0,601,228,9.933884297520661,0.3793677204658902,0.004629629629629629,0.07894736842105263,6.270049916805325,nan,nan
11071635,2.0,10,423,2,1,377,84,17.136363636363637,0.22281167108753316,0.0,0.2,11.459681697612732,nan,nan
11071677,2.0,10,459,2,1,406,93,16.45945945945946,0.229064039408867,0.0,0.15151515151515152,19.333004926108373,nan,nan
11071727,2.0,10,411,1,0,411,124,12.646153846153846,0.30170316301703165,0.0,0.12244897959183673,8.1992700729927,nan,nan
11071733,2.0,10,257,1,0,257,62,16.945054945054945,0.24124513618677043,0.0,0.3076923076923077,12.808560311284047,nan,nan
11071965,2.0,10,535,3,2,448,93,18.53793103448276,0.20758928571428573,0.0,0.18518518518518517,6.478348214285715,nan,nan
11092058,2.0,10,446,1,1,399,82,23.01923076923077,0.20551378446115287,0.013888888888888888,0.75,3.9501253132832077,nan,nan
11092072,2.0,10,247,1,0,247,55,18.296296296296298,0.22267206477732793,0.0,0.4,3.923076923076923,nan,nan
4300268,2.0,10,961,5,4,431,77,19.155555555555555,0.17865429234338748,0.0,0.14814814814814814,29.89327146171694,nan,nan
4303167,2.0,10,610,3,2,518,134,15.235294117647058,0.25868725868725867,0.0,0.28125,20.81061776061776,nan,nan
4303201,2.0,10,600,1,0,600,116,21.55688622754491,0.19333333333333333,0.0,0.2692307692307692,11.7515,nan,nan
4326816,2.0,10,606,4,4,446,85,18.328767123287673,0.1905829596412556,0.0,0.16129032258064516,13.110762331838565,nan,nan
4453473,2.0,10,610,3,2,512,129,12.853556485355648,0.251953125,0.0,0.046511627906976744,16.30078125,nan,nan
4636267,2.0,10,624,4,3,474,114,14.291457286432161,0.24050632911392406,0.0,0.11538461538461539,7.55379746835443,nan,nan
4652239,2.0,10,601,4,4,432,144,11.269565217391305,0.3333333333333333,0.0,0.23809523809523808,15.825231481481481,nan,nan
4660369,2.0,10,640,3,2,523,110,17.931428571428572,0.21032504780114722,0.010101010101010102,0.13636363636363635,5.552581261950287,nan,nan
4748312,2.0,10,624,5,4,435,72,19.772727272727273,0.16551724137931034,0.0,0.13793103448275862,11.795632183908047,nan,nan
4748313,2.0,10,770,3,2,465,133,14.090909090909092,0.2860215053763441,0.0,0.3333333333333333,11.083655913978493,nan,nan
4779685,2.0,10,669,5,4,405,73,16.643835616438356,0.18024691358024691,0.0,0.041666666666666664,18.2758024691358,nan,nan
4792372,2.0,10,609,3,3,455,93,19.361702127659573,0.2043956043956044,0.0,0.3157894736842105,7.951648351648352,nan,nan
4793806,2.0,10,609,4,3,441,127,12.25,0.28798185941043086,0.0,0.10714285714285714,10.894331065759637,nan,nan
4798549,2.0,10,661,5,4,447,74,17.415584415584416,0.16554809843400448,0.0,0.03636363636363636,9.672259507829978,nan,nan
4944723,2.0,10,650,5,5,292,57,15.10344827586207,0.1952054794520548,0.0,0.058823529411764705,16.926027397260274,nan,nan
4981908,2.0,10,251,1,0,251,48,17.511627906976745,0.19123505976095617,0.0,0.07142857142857142,9.050597609561752,nan,nan
5084249,2.0,10,600,1,0,600,146,14.574898785425102,0.24333333333333335,0.0,0.060240963855421686,5.7385,nan,nan
5133027,2.0,10,628,4,4,395,81,18.23076923076923,0.20506329113924052,0.0,0.25,21.072151898734177,nan,nan
5285957,2.0,10,387,1,0,387,53,24.442105263157895,0.13695090439276486,0.0,0.0625,4.892248062015503,nan,nan
5286334,2.0,10,342,1,0,342,78,17.389830508474578,0.22807017543859648,0.0,0.23809523809523808,6.152923976608188,nan,nan
5395622,2.0,10,231,2,1,198,47,14.313253012048193,0.23737373737373738,0.0,0.09090909090909091,7.352525252525252,nan,nan
5538668,2.0,10,617,1,0,617,145,14.293436293436294,0.23500810372771475,0.0,0.04081632653061224,6.610696920583469,nan,nan
5670672,2.0,10,264,3,2,145,19,17.4,0.1310344827586207,0.0,0.0,7.970344827586207,nan,nan
5729758,2.0,10,253,1,0,253,52,19.714285714285715,0.20553359683794467,0.0,0.25,8.061264822134387,nan,nan
5763820,2.0,10,989,4,5,347,82,16.523809523809526,0.23631123919308358,0.015625,0.08823529411764706,7.413544668587896,nan,nan
5917923,2.0,10,272,1,0,272,70,15.11111111111111,0.25735294117647056,0.0,0.17391304347826086,5.423897058823529,nan,nan
5936666,2.0,10,602,1,0,602,146,16.053333333333335,0.2425249169435216,0.0,0.15384615384615385,8.426910299003323,nan,nan
6014730,2.0,10,219,1,0,219,57,13.14,0.2602739726027397,0.0,0.06060606060606061,8.115981735159817,nan,nan
6051512,2.0,10,601,2,1,568,98,19.69942196531792,0.17253521126760563,0.0,0.07272727272727272,5.3771126760563375,nan,nan
6053686,2.0,10,602,1,0,602,144,18.150753768844222,0.23920265780730898,0.0,0.375,11.50514950166113,nan,nan
6171971,2.0,10,372,1,0,372,58,25.655172413793103,0.15591397849462366,0.0,0.17647058823529413,11.912096774193548,nan,nan
6172561,2.0,10,239,1,0,239,51,19.643835616438356,0.21338912133891214,0.0,0.3333333333333333,14.239330543933054,nan,nan
6357847,2.0,10,716,7,6,358,99,11.610810810810811,0.276536312849162,0.0,0.11363636363636363,13.466201117318434,nan,nan
6358495,2.0,10,308,1,0,308,45,23.39240506329114,0.1461038961038961,0.0,0.08333333333333333,5.660064935064935,nan,nan
6422329,2.0,10,269,1,0,269,23,44.833333333333336,0.08550185873605948,0.0,0.6666666666666666,3.3182156133828995,nan,nan
6547817,2.0,10,320,1,1,288,62,20.819277108433734,0.2152777777777778,0.022222222222222223,0.21052631578947367,11.216319444444444,nan,nan
6547822,2.0,10,341,4,3,218,34,16.98701298701299,0.1559633027522936,0.0,0.041666666666666664,22.795871559633028,nan,nan
6756778,2.0,10,498,1,1,457,66,28.5625,0.14442013129102846,0.0,0.2857142857142857,6.171334792122539,nan,nan
6896919,2.0,10,619,2,1,564,90,24.0,0.1595744680851064,0.0,0.17857142857142858,9.24840425531915,nan,nan
6920600,2.0,10,225,1,0,225,52,16.071428571428573,0.2311111111111111,0.0,0.15789473684210525,6.770222222222222,nan,nan
6922501,2.0,10,273,1,1,239,48,19.916666666666668,0.200836820083682,0.0,0.2727272727272727,7.170292887029289,nan,nan
6922622,2.0,10,453,1,0,453,79,25.166666666666668,0.17439293598233996,0.0,0.75,4.398233995584989,nan,nan
6941418,2.0,10,282,2,1,251,39,22.147058823529413,0.1553784860557769,0.0,0.13333333333333333,5.6673306772908365,nan,nan
6984632,2.0,10,617,2,1,578,197,11.63758389261745,0.3408304498269896,0.0053475935828877,0.1232876712328767,7.718166089965399,nan,nan
7555066,2.0,10,339,1,0,339,79,18.660550458715598,0.23303834808259588,0.015151515151515152,0.23809523809523808,5.365486725663717,nan,nan
7557391,2.0,10,302,1,0,302,80,15.35593220338983,0.26490066225165565,0.0,0.2631578947368421,5.52748344370861,nan,nan
7563440,2.0,10,591,1,0,591,145,17.21359223300971,0.24534686971235195,0.0,0.37037037037037035,3.5524534686971236,nan,nan
7564587,2.0,10,242,2,1,197,56,13.431818181818182,0.28426395939086296,0.0,0.3076923076923077,4.750761421319797,nan,nan
7583768,2.0,10,236,2,2,164,67,9.11111111111111,0.40853658536585363,0.0,0.19047619047619047,19.683536585365854,nan,nan
7598344,2.0,10,219,1,0,219,51,16.632911392405063,0.2328767123287671,0.0,0.2,14.925570776255707,nan,nan
7613495,2.0,10,612,1,0,612,144,18.178217821782177,0.23529411764705882,0.0,0.3333333333333333,4.894117647058823,nan,nan
7613518,2.0,10,285,2,2,214,56,15.105882352941176,0.2616822429906542,0.0,0.4,4.720093457943926,nan,nan
7613731,2.0,10,271,1,1,233,39,23.3,0.16738197424892703,0.0,0.18181818181818182,3.77381974248927,nan,nan
7691124,2.0,10,255,3,2,178,50,12.136363636363637,0.2808988764044944,0.0,0.09523809523809523,23.515168539325842,nan,nan
7691163,2.0,10,301,2,1,267,66,14.432432432432432,0.24719101123595505,0.0,0.10344827586206896,5.182397003745319,nan,nan
7691232,2.0,10,601,1,0,601,125,16.243243243243242,0.2079866888519135,0.0,0.04938271604938271,6.407154742096505,nan,nan
7691423,2.0,10,303,2,1,260,81,11.223021582733812,0.31153846153846154,0.0,0.07317073170731707,16.15346153846154,nan,nan
7691435,2.0,10,343,1,0,343,107,15.244444444444444,0.3119533527696793,0.023255813953488372,0.35,11.288921282798833,nan,nan
7691520,2.0,10,608,2,1,552,100,20.571428571428573,0.18115942028985507,0.0,0.13157894736842105,5.197644927536231,nan,nan
7691542,2.0,10,368,2,1,306,70,19.741935483870968,0.22875816993464052,0.04081632653061224,0.2222222222222222,11.117320261437909,nan,nan
7691885,2.0,10,251,2,1,208,60,13.419354838709678,0.28846153846153844,0.0,0.2857142857142857,11.716826923076923,nan,nan
7691909,2.0,10,624,2,1,586,136,17.84771573604061,0.23208191126279865,0.0,0.3333333333333333,4.783105802047782,nan,nan
7795968,2.0,10,252,1,1,195,31,25.434782608695652,0.15897435897435896,0.0,0.4,4.490769230769231,nan,nan
7797310,2.0,10,601,1,0,601,104,22.5375,0.17304492512479203,0.0,0.16666666666666666,5.3372712146422625,nan,nan
7799046,2.0,10,454,1,0,454,98,18.916666666666668,0.21585903083700442,0.0,0.25,17.813215859030837,nan,nan
7799135,2.0,10,329,1,0,329,86,16.728813559322035,0.2613981762917933,0.0,0.875,10.696352583586625,nan,nan
7799180,2.0,10,645,4,3,515,111,16.793478260869566,0.21553398058252426,0.0,0.15384615384615385,11.068155339805825,nan,nan
7799209,2.0,10,525,1,0,525,135,16.237113402061855,0.2571428571428571,0.0,0.32142857142857145,6.5556190476190475,nan,nan
7799211,2.0,10,232,3,2,155,44,10.333333333333334,0.2838709677419355,0.0,0.03225806451612903,6.44258064516129,nan,nan
7799420,2.0,10,317,1,1,286,72,21.72151898734177,0.2517482517482518,0.041666666666666664,0.8333333333333334,12.256643356643357,nan,nan
7799507,2.0,10,310,3,2,196,66,10.226086956521739,0.336734693877551,0.0,0.10714285714285714,12.760714285714286,nan,nan
7852277,2.0,10,247,1,1,202,37,23.307692307692307,0.18316831683168316,0.0,1.0,6.868316831683169,nan,nan
7852403,2.0,10,290,1,0,290,62,20.714285714285715,0.21379310344827587,0.0,0.5,3.704137931034483,nan,nan
7852411,2.0,10,607,3,2,521,126,15.948979591836734,0.2418426103646833,0.0,0.22857142857142856,17.570441458733207,nan,nan
7852420,2.0,10,606,2,1,562,129,19.15909090909091,0.22953736654804271,0.0,0.6,7.492526690391459,nan,nan
7852422,2.0,10,216,1,0,216,43,17.513513513513512,0.19907407407407407,0.0,0.09523809523809523,4.02175925925926,nan,nan
7852445,2.0,10,307,1,0,307,56,23.615384615384617,0.18241042345276873,0.0,0.5714285714285714,9.004234527687297,nan,nan
7852451,2.0,10,314,2,1,261,49,20.605263157894736,0.18773946360153257,0.0,0.2727272727272727,10.189655172413794,nan,nan
8354596,2.0,10,385,1,0,385,94,16.618705035971225,0.24415584415584415,0.0,0.2608695652173913,10.466493506493507,nan,nan
10752853,3.0,2,615,2,1,565,102,16.066350710900473,0.18053097345132743,0.0,0.0449438202247191,3.650796460176991,nan,nan
10752864,3.0,2,232,2,1,187,41,13.851851851851851,0.2192513368983957,0.02564102564102564,0.8888888888888888,4.298930481283422,nan,nan
10752951,3.0,2,610,1,0,610,121,18.208955223880597,0.19836065573770492,0.0,1.0,3.5178688524590167,nan,nan
10892045,3.0,2,323,2,1,282,54,17.26530612244898,0.19148936170212766,0.018867924528301886,1.0,3.845744680851064,nan,nan
10934834,3.0,2,242,1,0,242,27,30.25,0.1115702479338843,0.0,0.8,3.2979338842975205,nan,nan
10934933,3.0,2,423,1,0,423,62,26.164948453608247,0.14657210401891252,0.0,1.0,3.517966903073286,nan,nan
10935081,3.0,2,278,1,0,278,44,24.895522388059703,0.15827338129496402,0.0,1.0,3.6802158273381296,nan,nan
10935136,3.0,2,308,1,1,261,35,29.547169811320753,0.13409961685823754,0.18181818181818182,1.0,3.871647509578544,nan,nan
10935148,3.0,2,237,2,3,66,8,17.217391304347824,0.12121212121212122,0.14285714285714285,1.0,4.8121212121212125,nan,nan
10935358,3.0,2,636,4,3,506,108,16.960893854748605,0.2134387351778656,0.08888888888888889,0.9285714285714286,6.743280632411067,nan,nan
10935638,3.0,2,228,1,0,228,38,24.0,0.16666666666666666,0.0,1.0,5.43640350877193,nan,nan
10935844,3.0,2,607,1,0,607,111,22.90566037735849,0.1828665568369028,0.0,0.6666666666666666,4.454036243822076,nan,nan
10969051,3.0,2,601,1,0,601,79,31.086206896551722,0.1314475873544093,0.0,0.8888888888888888,3.6838602329450914,nan,nan
11058912,3.0,2,601,1,0,601,154,14.778688524590164,0.2562396006655574,0.26136363636363635,1.0,4.13477537437604,nan,nan
11071635,3.0,2,423,2,1,377,58,24.58695652173913,0.15384615384615385,0.038461538461538464,1.0,6.7822281167108756,nan,nan
11071677,3.0,2,459,2,1,406,67,22.9811320754717,0.16502463054187191,0.015384615384615385,1.0,5.571674876847291,nan,nan
11071727,3.0,2,411,1,0,411,76,22.216216216216218,0.18491484184914841,0.10344827586206896,1.0,6.10705596107056,nan,nan
11071733,3.0,2,257,1,0,257,49,20.56,0.19066147859922178,0.0,1.0,7.011284046692607,nan,nan
11071965,3.0,2,535,3,2,448,74,23.17241379310345,0.16517857142857142,0.0,1.0,4.660267857142857,nan,nan
11092058,3.0,2,446,1,1,399,62,28.5,0.15538847117794485,0.03773584905660377,0.8333333333333334,5.831328320802005,nan,nan
11092072,3.0,2,247,1,0,247,43,23.903225806451612,0.17408906882591094,0.0,1.0,5.934412955465587,nan,nan
4300268,3.0,2,961,5,4,431,55,26.12121212121212,0.12761020881670534,0.018518518518518517,0.75,7.861484918793504,nan,nan
4303167,3.0,2,610,3,2,518,101,19.547169811320753,0.19498069498069498,0.0,1.0,10.342277992277992,nan,nan
4303201,3.0,2,600,1,0,600,80,30.0,0.13333333333333333,0.01282051282051282,1.0,6.843166666666666,nan,nan
4326816,3.0,2,606,4,4,446,68,24.327272727272728,0.15246636771300448,0.03225806451612903,1.0,7.828026905829597,nan,nan
4453473,3.0,2,610,3,2,512,92,19.81935483870968,0.1796875,0.012658227848101266,0.8823529411764706,7.1009765625,nan,nan
4636267,3.0,2,624,4,3,474,87,19.75,0.18354430379746836,0.011764705882352941,1.0,8.171308016877637,nan,nan
4652239,3.0,2,601,4,4,432,103,15.709090909090909,0.23842592592592593,0.15384615384615385,0.9230769230769231,8.566203703703703,nan,nan
4660369,3.0,2,640,3,2,523,80,23.593984962406015,0.15296367112810708,0.1,1.0,8.722370936902486,nan,nan
4748312,3.0,2,624,5,4,435,47,27.76595744680851,0.10804597701149425,0.075,1.0,7.269425287356321,nan,nan
4748313,3.0,2,770,3,2,465,98,18.235294117647058,0.210752688172043,0.05747126436781609,1.0,6.179569892473118,nan,nan
4779685,3.0,2,669,5,4,405,53,24.545454545454547,0.1308641975308642,0.06382978723404255,1.0,5.995555555555555,nan,nan
4792372,3.0,2,609,3,3,455,68,24.375,0.14945054945054945,0.04918032786885246,1.0,7.665494505494506,nan,nan
4793806,3.0,2,609,4,3,441,85,19.6,0.1927437641723356,0.275,1.0,7.738321995464853,nan,nan
4798549,3.0,2,661,5,4,447,63,22.728813559322035,0.14093959731543623,0.05357142857142857,0.75,7.42013422818792,nan,nan
4944723,3.0,2,650,5,5,292,47,19.043478260869566,0.16095890410958905,0.0,0.875,9.441438356164383,nan,nan
4981908,3.0,2,251,1,0,251,37,26.42105263157895,0.14741035856573706,0.10344827586206896,1.0,7.858964143426294,nan,nan
5084249,3.0,2,600,1,0,600,86,26.865671641791046,0.14333333333333334,0.0,0.9166666666666666,3.5863333333333336,nan,nan
5133027,3.0,2,628,4,4,395,67,21.743119266055047,0.16962025316455695,0.0,0.875,5.045063291139241,nan,nan
5285957,3.0,2,387,1,0,387,42,33.65217391304348,0.10852713178294573,0.0,1.0,4.487080103359173,nan,nan
5286334,3.0,2,342,1,0,342,61,21.829787234042552,0.1783625730994152,0.06,1.0,5.4070175438596495,nan,nan
5395622,3.0,2,231,2,1,198,41,17.73134328358209,0.20707070707070707,0.0,1.0,8.183333333333334,nan,nan
5538668,3.0,2,617,1,0,617,126,19.181347150259068,0.20421393841166938,0.0707070707070707,0.7272727272727273,4.797244732576986,nan,nan
5670672,3.0,2,264,3,2,145,12,24.857142857142858,0.08275862068965517,0.0,0.75,8.802068965517241,nan,nan
5729758,3.0,2,253,1,0,253,36,28.11111111111111,0.1422924901185771,0.0,1.0,6.1494071146245055,nan,nan
5763820,3.0,2,989,4,5,347,64,21.6875,0.1844380403458213,0.07692307692307693,1.0,7.344380403458214,nan,nan
5917923,3.0,2,272,1,0,272,60,16.653061224489797,0.22058823529411764,0.0,1.0,6.688970588235295,nan,nan
5936666,3.0,2,602,1,0,602,94,24.405405405405407,0.15614617940199335,0.0,1.0,7.136212624584718,nan,nan
6014730,3.0,2,219,1,0,219,45,18.25,0.2054794520547945,0.0,1.0,7.82283105022831,nan,nan
6051512,3.0,2,601,2,1,568,79,26.41860465116279,0.13908450704225353,0.0,1.0,4.638028169014085,nan,nan
6053686,3.0,2,602,1,0,602,108,23.920529801324502,0.17940199335548174,0.009523809523809525,1.0,6.8,nan,nan
6171971,3.0,2,372,1,0,372,46,31.885714285714286,0.12365591397849462,0.0,1.0,4.37741935483871,nan,nan
6172561,3.0,2,239,1,0,239,41,23.508196721311474,0.17154811715481172,0.0,1.0,4.8916317991631795,nan,nan
6357847,3.0,2,716,7,6,358,70,15.453237410071942,0.19553072625698323,0.0,1.0,9.068435754189943,nan,nan
6358495,3.0,2,308,1,0,308,39,30.295081967213115,0.1266233766233766,0.06060606060606061,1.0,5.696103896103897,nan,nan
6422329,3.0,2,269,1,0,269,13,67.25,0.048327137546468404,0.0,1.0,13.338661710037174,nan,nan
6547817,3.0,2,320,1,1,288,41,31.418181818181818,0.1423611111111111,0.06666666666666667,0.8,7.769097222222222,nan,nan
6547822,3.0,2,341,4,3,218,21,23.78181818181818,0.0963302752293578,0.1875,1.0,8.74954128440367,nan,nan
6756778,3.0,2,498,1,1,457,45,40.92537313432836,0.09846827133479212,0.0,1.0,4.402407002188184,nan,nan
6896919,3.0,2,619,2,1,564,64,31.333333333333332,0.11347517730496454,0.15217391304347827,0.9,5.968971631205674,nan,nan
6920600,3.0,2,225,1,0,225,37,22.131147540983605,0.16444444444444445,0.02857142857142857,1.0,8.054222222222222,nan,nan
6922501,3.0,2,273,1,1,239,36,26.555555555555557,0.1506276150627615,0.03125,1.0,7.256485355648535,nan,nan
6922622,3.0,2,453,1,0,453,58,33.146341463414636,0.1280353200883002,0.0,1.0,4.414790286975718,nan,nan
6941418,3.0,2,282,2,1,251,29,28.96153846153846,0.11553784860557768,0.037037037037037035,1.0,5.695617529880478,nan,nan
6984632,3.0,2,617,2,1,578,126,19.374301675977655,0.2179930795847751,0.027777777777777776,0.6842105263157895,4.176643598615917,nan,nan
7555066,3.0,2,339,1,0,339,55,26.415584415584416,0.16224188790560473,0.06521739130434782,1.0,7.533923303834809,nan,nan
7557391,3.0,2,302,1,0,302,58,21.83132530120482,0.19205298013245034,0.125,0.8571428571428571,8.924172185430463,nan,nan
7563440,3.0,2,591,1,0,591,107,24.28767123287671,0.18104906937394247,0.0,1.0,4.227072758037225,nan,nan
7564587,3.0,2,242,2,1,197,41,18.761904761904763,0.20812182741116753,0.0,1.0,6.428934010152284,nan,nan
7583768,3.0,2,236,2,2,164,51,11.181818181818182,0.31097560975609756,0.09302325581395349,0.875,7.5719512195121945,nan,nan
7598344,3.0,2,219,1,0,219,41,21.9,0.1872146118721461,0.0,1.0,8.655707762557077,nan,nan
7613495,3.0,2,612,1,0,612,94,27.402985074626866,0.15359477124183007,0.0,1.0,6.015849673202614,nan,nan
7613518,3.0,2,285,2,2,214,39,19.454545454545453,0.1822429906542056,0.35,1.0,10.156542056074766,nan,nan
7613731,3.0,2,271,1,1,233,29,31.772727272727273,0.12446351931330472,0.0,1.0,6.150643776824034,nan,nan
7691124,3.0,2,255,3,2,178,34,16.6875,0.19101123595505617,0.0,1.0,7.251685393258427,nan,nan
7691163,3.0,2,301,2,1,267,51,20.805194805194805,0.19101123595505617,0.0,1.0,5.553932584269663,nan,nan
7691232,3.0,2,601,1,0,601,101,21.337278106508876,0.16805324459234608,0.0625,0.2894736842105263,10.069051580698835,nan,nan
7691423,3.0,2,303,2,1,260,63,15.0,0.2423076923076923,0.1,0.9,15.895384615384616,nan,nan
7691435,3.0,2,343,1,0,343,75,19.41509433962264,0.21865889212827988,0.04838709677419355,1.0,13.32069970845481,nan,nan
7691520,3.0,2,608,2,1,552,61,36.395604395604394,0.1105072463768116,0.017241379310344827,1.0,5.496739130434782,nan,nan
7691542,3.0,2,368,2,1,306,48,25.859154929577464,0.1568627450980392,0.25,1.0,8.479411764705882,nan,nan
7691885,3.0,2,251,2,1,208,46,17.577464788732396,0.22115384615384615,0.023255813953488372,1.0,8.04326923076923,nan,nan
7691909,3.0,2,624,2,1,586,104,22.253164556962027,0.17747440273037543,0.0,1.0,6.139931740614334,nan,nan
7795968,3.0,2,252,1,1,195,24,33.42857142857143,0.12307692307692308,0.0,1.0,4.799487179487179,nan,nan
7797310,3.0,2,601,1,0,601,85,22.96815286624204,0.14143094841930118,0.0,0.18181818181818182,4.483028286189684,nan,nan
7799046,3.0,2,454,1,0,454,69,28.375,0.15198237885462554,0.28205128205128205,0.8571428571428571,4.788986784140969,nan,nan
7799135,3.0,2,329,1,0,329,55,25.636363636363637,0.16717325227963525,0.0,1.0,5.230699088145897,nan,nan
7799180,3.0,2,645,4,3,515,68,26.1864406779661,0.13203883495145632,0.14285714285714285,1.0,9.440582524271845,nan,nan
7799209,3.0,2,525,1,0,525,92,25.2,0.17523809523809525,0.011764705882352941,0.8888888888888888,5.799809523809524,nan,nan
7799211,3.0,2,232,3,2,155,35,14.53125,0.22580645161290322,0.0,1.0,13.934193548387098,nan,nan
7799420,3.0,2,317,1,1,286,48,26.8125,0.16783216783216784,0.08108108108108109,1.0,7.963636363636363,nan,nan
7799507,3.0,2,310,3,2,196,58,12.123711340206185,0.29591836734693877,0.0,0.6666666666666666,11.55204081632653,nan,nan
7852277,3.0,2,247,1,1,202,26,29.5609756097561,0.12871287128712872,0.0,1.0,7.919801980198019,nan,nan
7852403,3.0,2,290,1,0,290,46,27.1875,0.15862068965517243,0.11764705882352941,1.0,6.186206896551724,nan,nan
7852411,3.0,2,607,3,2,521,102,20.431372549019606,0.19577735124760076,0.09876543209876543,1.0,6.849712092130518,nan,nan
7852420,3.0,2,606,2,1,562,96,23.914893617021278,0.1708185053380783,0.0,1.0,7.635231316725979,nan,nan
7852422,3.0,2,216,1,0,216,36,23.563636363636363,0.16666666666666666,0.0,1.0,6.39675925925926,nan,nan
7852445,3.0,2,307,1,0,307,39,31.75862068965517,0.1270358306188925,0.0,1.0,4.777850162866449,nan,nan
7852451,3.0,2,314,2,1,261,33,29.0,0.12643678160919541,0.16666666666666666,1.0,6.767432950191571,nan,nan
8354596,3.0,2,385,1,0,385,84,19.25,0.21818181818181817,0.09836065573770492,1.0,4.76987012987013,nan,nan
10752853,3.0,3,615,2,1,565,102,16.220095693779903,0.18053097345132743,0.0,0.03333333333333333,4.441769911504425,nan,nan
10752864,3.0,3,232,2,1,187,41,14.025,0.2192513368983957,0.0,0.8888888888888888,5.2524064171123,nan,nan
10752951,3.0,3,610,1,0,610,121,18.391959798994975,0.19836065573770492,0.0,0.7391304347826086,3.627049180327869,nan,nan
10892045,3.0,3,323,2,1,282,54,17.810526315789474,0.19148936170212766,0.0,0.8,3.7007092198581555,nan,nan
10934834,3.0,3,242,1,0,242,27,30.25,0.1115702479338843,0.0,0.8,3.3450413223140494,nan,nan
10934933,3.0,3,423,1,0,423,62,26.164948453608247,0.14657210401891252,0.0,1.0,3.395981087470449,nan,nan
10935081,3.0,3,278,1,0,278,44,25.272727272727273,0.15827338129496402,0.0,0.6666666666666666,3.466546762589928,nan,nan
10935136,3.0,3,308,1,1,261,35,30.705882352941178,0.13409961685823754,0.13043478260869565,1.0,3.5118773946360156,nan,nan
10935148,3.0,3,237,2,3,66,8,18.857142857142858,0.12121212121212122,0.0,0.3333333333333333,4.615151515151515,nan,nan
10935358,3.0,3,636,4,3,506,108,17.34857142857143,0.2134387351778656,0.04081632653061224,0.9285714285714286,7.2760869565217385,nan,nan
10935638,3.0,3,228,1,0,228,38,24.0,0.16666666666666666,0.0,1.0,3.606578947368421,nan,nan
10935844,3.0,3,607,1,0,607,111,22.90566037735849,0.1828665568369028,0.0,0.6666666666666666,3.489456342668863,nan,nan
10969051,3.0,3,601,1,0,601,79,31.086206896551722,0.1314475873544093,0.0,0.8888888888888888,3.39018302828619,nan,nan
11058912,3.0,3,601,1,0,601,154,15.543103448275861,0.2562396006655574,0.11009174311926606,1.0,3.664392678868553,nan,nan
11071635,3.0,3,423,2,1,377,58,24.857142857142858,0.15384615384615385,0.018518518518518517,1.0,6.652254641909814,nan,nan
11071677,3.0,3,459,2,1,406,67,22.9811320754717,0.16502463054187191,0.0,1.0,4.406650246305419,nan,nan
11071727,3.0,3,411,1,0,411,76,23.046728971962615,0.18491484184914841,0.06666666666666667,1.0,5.837956204379562,nan,nan
11071733,3.0,3,257,1,0,257,49,20.83783783783784,0.19066147859922178,0.0,0.7142857142857143,7.269649805447471,nan,nan
11071965,3.0,3,535,3,2,448,74,23.17241379310345,0.16517857142857142,0.0,1.0,4.099330357142857,nan,nan
11092058,3.0,3,446,1,1,399,62,28.843373493975903,0.15538847117794485,0.01818181818181818,0.8333333333333334,3.9057644110275693,nan,nan
11092072,3.0,3,247,1,0,247,43,23.903225806451612,0.17408906882591094,0.0,1.0,11.586234817813766,nan,nan
4300268,3.0,3,961,5,4,431,55,26.387755102040817,0.12761020881670534,0.0,0.75,8.058236658932714,nan,nan
4303167,3.0,3,610,3,2,518,101,19.547169811320753,0.19498069498069498,0.0,1.0,7.626640926640927,nan,nan
4303201,3.0,3,600,1,0,600,80,30.252100840336134,0.13333333333333333,0.0,1.0,5.252666666666666,nan,nan
4326816,3.0,3,606,4,4,446,68,24.327272727272728,0.15246636771300448,0.03225806451612903,1.0,7.1625560538116595,nan,nan
4453473,3.0,3,610,3,2,512,92,18.962962962962962,0.1796875,0.0,0.8235294117647058,5.1740234375,nan,nan
4636267,3.0,3,624,4,3,474,87,20.028169014084508,0.18354430379746836,0.0,0.8333333333333334,5.266455696202532,nan,nan
4652239,3.0,3,601,4,4,432,103,15.709090909090909,0.23842592592592593,0.15384615384615385,0.9230769230769231,14.290972222222221,nan,nan
4660369,3.0,3,640,3,2,523,80,24.708661417322833,0.15296367112810708,0.0136986301369863,1.0,12.587189292543021,nan,nan
4748312,3.0,3,624,5,4,435,47,28.681318681318682,0.10804597701149425,0.023809523809523808,0.7777777777777778,10.594022988505746,nan,nan
4748313,3.0,3,770,3,2,465,98,18.6,0.210752688172043,0.033707865168539325,1.0,8.068602150537634,nan,nan
4779685,3.0,3,669,5,4,405,53,25.051546391752577,0.1308641975308642,0.02040816326530612,1.0,8.641234567901234,nan,nan
4792372,3.0,3,609,3,3,455,68,24.818181818181817,0.14945054945054945,0.015384615384615385,1.0,6.06043956043956,nan,nan
4793806,3.0,3,609,4,3,441,85,20.671875,0.1927437641723356,0.21428571428571427,0.7857142857142857,6.626984126984127,nan,nan
4798549,3.0,3,661,5,4,447,63,23.120689655172413,0.14093959731543623,0.034482758620689655,0.5714285714285714,8.01834451901566,nan,nan
4944723,3.0,3,650,5,5,292,47,19.043478260869566,0.16095890410958905,0.0,0.875,10.571575342465755,nan,nan
4981908,3.0,3,251,1,0,251,37,27.381818181818183,0.14741035856573706,0.030303030303030304,1.0,6.5768924302788845,nan,nan
5084249,3.0,3,600,1,0,600,86,27.06766917293233,0.14333333333333334,0.0,0.9166666666666666,3.421,nan,nan
5133027,3.0,3,628,4,4,395,67,21.944444444444443,0.16962025316455695,0.0,0.6666666666666666,4.96126582278481,nan,nan
5285957,3.0,3,387,1,0,387,42,33.65217391304348,0.10852713178294573,0.0,1.0,3.6155038759689924,nan,nan
5286334,3.0,3,342,1,0,342,61,22.8,0.1783625730994152,0.038461538461538464,0.875,6.745614035087719,nan,nan
5395622,3.0,3,231,2,1,198,41,17.73134328358209,0.20707070707070707,0.0,1.0,7.358080808080809,nan,nan
5538668,3.0,3,617,1,0,617,126,19.48421052631579,0.20421393841166938,0.04854368932038835,0.6521739130434783,4.135008103727715,nan,nan
5670672,3.0,3,264,3,2,145,12,26.363636363636363,0.08275862068965517,0.0,0.16666666666666666,4.038620689655173,nan,nan
5729758,3.0,3,253,1,0,253,36,28.641509433962263,0.1422924901185771,0.0,0.6,6.831225296442687,nan,nan
5763820,3.0,3,989,4,5,347,64,22.148936170212767,0.1844380403458213,0.04878048780487805,0.8,7.631988472622479,nan,nan
5917923,3.0,3,272,1,0,272,60,16.653061224489797,0.22058823529411764,0.0,1.0,7.893382352941177,nan,nan
5936666,3.0,3,602,1,0,602,94,24.571428571428573,0.15614617940199335,0.0,0.8,4.324252491694351,nan,nan
6014730,3.0,3,219,1,0,219,45,18.507042253521128,0.2054794520547945,0.0,0.7142857142857143,4.4940639269406395,nan,nan
6051512,3.0,3,601,2,1,568,79,26.625,0.13908450704225353,0.0,0.8333333333333334,4.20387323943662,nan,nan
6053686,3.0,3,602,1,0,602,108,23.920529801324502,0.17940199335548174,0.009523809523809525,1.0,5.066112956810631,nan,nan
6171971,3.0,3,372,1,0,372,46,31.885714285714286,0.12365591397849462,0.0,1.0,4.5747311827956985,nan,nan
6172561,3.0,3,239,1,0,239,41,23.508196721311474,0.17154811715481172,0.0,1.0,3.881171548117155,nan,nan
6357847,3.0,3,716,7,6,358,70,15.678832116788321,0.19553072625698323,0.0,0.7142857142857143,8.513966480446927,nan,nan
6358495,3.0,3,308,1,0,308,39,30.295081967213115,0.1266233766233766,0.06060606060606061,1.0,5.073376623376623,nan,nan
6422329,3.0,3,269,1,0,269,13,67.25,0.048327137546468404,0.0,1.0,8.484758364312269,nan,nan
6547817,3.0,3,320,1,1,288,41,32.0,0.1423611111111111,0.03125,0.8,6.219791666666667,nan,nan
6547822,3.0,3,341,4,3,218,21,25.153846153846153,0.0963302752293578,0.05263157894736842,0.6666666666666666,11.139449541284405,nan,nan
6756778,3.0,3,498,1,1,457,45,40.92537313432836,0.09846827133479212,0.0,1.0,4.114223194748359,nan,nan
6896919,3.0,3,619,2,1,564,64,33.1764705882353,0.11347517730496454,0.1276595744680851,0.7,5.371985815602837,nan,nan
6920600,3.0,3,225,1,0,225,37,22.5,0.16444444444444445,0.0,1.0,6.059555555555556,nan,nan
6922501,3.0,3,273,1,1,239,36,26.555555555555557,0.1506276150627615,0.03125,1.0,4.341004184100418,nan,nan
6922622,3.0,3,453,1,0,453,58,32.357142857142854,0.1280353200883002,0.0,1.0,4.354966887417218,nan,nan
6941418,3.0,3,282,2,1,251,29,29.529411764705884,0.11553784860557768,0.0,1.0,4.2486055776892435,nan,nan
6984632,3.0,3,617,2,1,578,126,19.48314606741573,0.2179930795847751,0.027777777777777776,0.6,3.874567474048443,nan,nan
7555066,3.0,3,339,1,0,339,55,26.415584415584416,0.16224188790560473,0.06521739130434782,1.0,5.686430678466077,nan,nan
7557391,3.0,3,302,1,0,302,58,21.83132530120482,0.19205298013245034,0.041666666666666664,0.8571428571428571,6.408940397350993,nan,nan
7563440,3.0,3,591,1,0,591,107,24.28767123287671,0.18104906937394247,0.0,1.0,4.1165820642978,nan,nan
7564587,3.0,3,242,2,1,197,41,18.761904761904763,0.20812182741116753,0.0,1.0,6.887817258883249,nan,nan
7583768,3.0,3,236,2,2,164,51,11.855421686746988,0.31097560975609756,0.021739130434782608,1.0,6.98109756097561,nan,nan
7598344,3.0,3,219,1,0,219,41,21.9,0.1872146118721461,0.0,1.0,5.6926940639269406,nan,nan
7613495,3.0,3,612,1,0,612,94,27.402985074626866,0.15359477124183007,0.0,1.0,4.566830065359477,nan,nan
7613518,3.0,3,285,2,2,214,39,20.38095238095238,0.1822429906542056,0.22727272727272727,1.0,9.182710280373831,nan,nan
7613731,3.0,3,271,1,1,233,29,31.772727272727273,0.12446351931330472,0.0,1.0,5.058369098712446,nan,nan
7691124,3.0,3,255,3,2,178,34,16.952380952380953,0.19101123595505617,0.0,0.6666666666666666,6.860674157303371,nan,nan
7691163,3.0,3,301,2,1,267,51,20.805194805194805,0.19101123595505617,0.0,1.0,9.246067415730336,nan,nan
7691232,3.0,3,601,1,0,601,101,21.464285714285715,0.16805324459234608,0.03571428571428571,0.24390243902439024,5.1973377703826955,nan,nan
7691423,3.0,3,303,2,1,260,63,15.294117647058824,0.2423076923076923,0.07692307692307693,1.0,9.153076923076924,nan,nan
7691435,3.0,3,343,1,0,343,75,19.78846153846154,0.21865889212827988,0.031746031746031744,1.0,7.200291545189504,nan,nan
7691520,3.0,3,608,2,1,552,61,35.234042553191486,0.1105072463768116,0.017241379310344827,1.0,5.43786231884058,nan,nan
7691542,3.0,3,368,2,1,306,48,26.228571428571428,0.1568627450980392,0.2,1.0,8.195751633986928,nan,nan
7691885,3.0,3,251,2,1,208,46,17.577464788732396,0.22115384615384615,0.023255813953488372,1.0,6.525,nan,nan
7691909,3.0,3,624,2,1,586,104,22.253164556962027,0.17747440273037543,0.0,1.0,5.235153583617747,nan,nan
7795968,3.0,3,252,1,1,195,24,32.5,0.12307692307692308,0.0,1.0,6.805641025641025,nan,nan
7797310,3.0,3,601,1,0,601,85,22.5375,0.14143094841930118,0.0,0.08928571428571429,3.882196339434276,nan,nan
7799046,3.0,3,454,1,0,454,69,28.97872340425532,0.15198237885462554,0.03333333333333333,0.8571428571428571,6.103083700440529,nan,nan
7799135,3.0,3,329,1,0,329,55,25.636363636363637,0.16717325227963525,0.0,1.0,4.004559270516717,nan,nan
7799180,3.0,3,645,4,3,515,68,26.869565217391305,0.13203883495145632,0.07407407407407407,0.9,5.629902912621359,nan,nan
7799209,3.0,3,525,1,0,525,92,25.2,0.17523809523809525,0.011764705882352941,0.8888888888888888,5.002285714285714,nan,nan
7799211,3.0,3,232,3,2,155,35,14.53125,0.22580645161290322,0.0,1.0,16.98709677419355,nan,nan
7799420,3.0,3,317,1,1,286,48,27.238095238095237,0.16783216783216784,0.08333333333333333,1.0,10.644755244755245,nan,nan
7799507,3.0,3,310,3,2,196,58,10.226086956521739,0.29591836734693877,0.0,0.16666666666666666,7.071428571428571,nan,nan
7852277,3.0,3,247,1,1,202,26,29.5609756097561,0.12871287128712872,0.0,1.0,5.67920792079208,nan,nan
7852403,3.0,3,290,1,0,290,46,27.61904761904762,0.15862068965517243,0.2222222222222222,1.0,5.001379310344828,nan,nan
7852411,3.0,3,607,3,2,521,102,20.84,0.19577735124760076,0.07142857142857142,1.0,6.800191938579655,nan,nan
7852420,3.0,3,606,2,1,562,96,24.085714285714285,0.1708185053380783,0.0,1.0,5.813523131672597,nan,nan
7852422,3.0,3,216,1,0,216,36,23.563636363636363,0.16666666666666666,0.0,1.0,6.952314814814815,nan,nan
7852445,3.0,3,307,1,0,307,39,32.31578947368421,0.1270358306188925,0.02857142857142857,1.0,5.839739413680782,nan,nan
7852451,3.0,3,314,2,1,261,33,30.705882352941178,0.12643678160919541,0.03333333333333333,1.0,6.628352490421456,nan,nan
8354596,3.0,3,385,1,0,385,84,19.743589743589745,0.21818181818181817,0.046153846153846156,1.0,7.565974025974026,nan,nan
10752853,3.0,4,615,2,1,565,102,16.220095693779903,0.18053097345132743,0.0,0.021505376344086023,3.929380530973451,nan,nan
10752864,3.0,4,232,2,1,187,41,13.851851851851851,0.2192513368983957,0.0,0.4,3.799465240641711,nan,nan
10752951,3.0,4,610,1,0,610,121,18.578680203045685,0.19836065573770492,0.0,0.3939393939393939,3.2481967213114755,nan,nan
10892045,3.0,4,323,2,1,282,54,17.810526315789474,0.19148936170212766,0.0,0.8,3.4336879432624112,nan,nan
10934834,3.0,4,242,1,0,242,27,32.266666666666666,0.1115702479338843,0.0,0.6,3.1359504132231404,nan,nan
10934933,3.0,4,423,1,0,423,62,26.164948453608247,0.14657210401891252,0.0,1.0,3.211820330969267,nan,nan
10935081,3.0,4,278,1,0,278,44,25.272727272727273,0.15827338129496402,0.0,0.6666666666666666,3.340287769784173,nan,nan
10935136,3.0,4,308,1,1,261,35,31.32,0.13409961685823754,0.08,0.5,5.379310344827586,nan,nan
10935148,3.0,4,237,2,3,66,8,18.857142857142858,0.12121212121212122,0.0,0.3333333333333333,9.324242424242424,nan,nan
10935358,3.0,4,636,4,3,506,108,17.34857142857143,0.2134387351778656,0.009523809523809525,0.9285714285714286,6.010079051383399,nan,nan
10935638,3.0,4,228,1,0,228,38,24.0,0.16666666666666666,0.0,1.0,3.335526315789474,nan,nan
10935844,3.0,4,607,1,0,607,111,22.90566037735849,0.1828665568369028,0.0,0.6666666666666666,3.2212520593080725,nan,nan
10969051,3.0,4,601,1,0,601,79,31.086206896551722,0.1314475873544093,0.0,0.8888888888888888,3.3193011647254576,nan,nan
11058912,3.0,4,601,1,0,601,154,15.81578947368421,0.2562396006655574,0.05737704918032787,0.6666666666666666,4.458069883527455,nan,nan
11071635,3.0,4,423,2,1,377,58,24.857142857142858,0.15384615384615385,0.018518518518518517,0.6666666666666666,4.971352785145888,nan,nan
11071677,3.0,4,459,2,1,406,67,22.9811320754717,0.16502463054187191,0.0,0.7,4.176354679802955,nan,nan
11071727,3.0,4,411,1,0,411,76,23.046728971962615,0.18491484184914841,0.047619047619047616,1.0,4.190997566909975,nan,nan
11071733,3.0,4,257,1,0,257,49,20.83783783783784,0.19066147859922178,0.0,0.7142857142857143,6.062256809338521,nan,nan
11071965,3.0,4,535,3,2,448,74,23.787610619469028,0.16517857142857142,0.0,0.875,3.80625,nan,nan
11092058,3.0,4,446,1,1,399,62,28.843373493975903,0.15538847117794485,0.01818181818181818,0.8333333333333334,4.292982456140351,nan,nan
11092072,3.0,4,247,1,0,247,43,23.903225806451612,0.17408906882591094,0.0,1.0,7.232388663967612,nan,nan
4300268,3.0,4,961,5,4,431,55,26.387755102040817,0.12761020881670534,0.0,0.75,12.176798143851508,nan,nan
4303167,3.0,4,610,3,2,518,101,19.547169811320753,0.19498069498069498,0.0,1.0,13.843243243243244,nan,nan
4303201,3.0,4,600,1,0,600,80,30.252100840336134,0.13333333333333333,0.0,1.0,4.7844999999999995,nan,nan
4326816,3.0,4,606,4,4,446,68,24.327272727272728,0.15246636771300448,0.015625,1.0,7.8813901345291475,nan,nan
4453473,3.0,4,610,3,2,512,92,18.962962962962962,0.1796875,0.0,0.5217391304347826,6.0099609375,nan,nan
4636267,3.0,4,624,4,3,474,87,20.028169014084508,0.18354430379746836,0.0,0.8333333333333334,4.731012658227848,nan,nan
4652239,3.0,4,601,4,4,432,103,15.709090909090909,0.23842592592592593,0.01,0.7333333333333333,7.602777777777778,nan,nan
4660369,3.0,4,640,3,2,523,80,24.708661417322833,0.15296367112810708,0.0136986301369863,0.7692307692307693,6.145889101338432,nan,nan
4748312,3.0,4,624,5,4,435,47,28.681318681318682,0.10804597701149425,0.023809523809523808,0.7777777777777778,7.447126436781609,nan,nan
4748313,3.0,4,770,3,2,465,98,18.6,0.210752688172043,0.010526315789473684,1.0,5.880860215053763,nan,nan
4779685,3.0,4,669,5,4,405,53,25.051546391752577,0.1308641975308642,0.02040816326530612,0.6,6.2891358024691355,nan,nan
4792372,3.0,4,609,3,3,455,68,24.818181818181817,0.14945054945054945,0.0,0.7,4.3015384615384615,nan,nan
4793806,3.0,4,609,4,3,441,85,20.045454545454547,0.1927437641723356,0.09615384615384616,0.6111111111111112,16.473696145124716,nan,nan
4798549,3.0,4,661,5,4,447,63,23.120689655172413,0.14093959731543623,0.0,0.3333333333333333,11.918791946308724,nan,nan
4944723,3.0,4,650,5,5,292,47,19.252747252747252,0.16095890410958905,0.0,0.6666666666666666,9.652054794520549,nan,nan
4981908,3.0,4,251,1,0,251,37,27.381818181818183,0.14741035856573706,0.030303030303030304,1.0,5.759760956175299,nan,nan
5084249,3.0,4,600,1,0,600,86,24.65753424657534,0.14333333333333334,0.0,0.11904761904761904,3.4413333333333336,nan,nan
5133027,3.0,4,628,4,4,395,67,21.944444444444443,0.16962025316455695,0.0,0.6666666666666666,5.163291139240506,nan,nan
5285957,3.0,4,387,1,0,387,42,33.65217391304348,0.10852713178294573,0.0,1.0,4.776485788113695,nan,nan
5286334,3.0,4,342,1,0,342,61,23.318181818181817,0.1783625730994152,0.018867924528301886,0.6,6.332163742690058,nan,nan
5395622,3.0,4,231,2,1,198,41,18.0,0.20707070707070707,0.0,1.0,6.128787878787879,nan,nan
5538668,3.0,4,617,1,0,617,126,18.696969696969695,0.20421393841166938,0.027522935779816515,0.68,3.3256077795786063,nan,nan
5670672,3.0,4,264,3,2,145,12,26.363636363636363,0.08275862068965517,0.0,0.16666666666666666,4.291724137931034,nan,nan
5729758,3.0,4,253,1,0,253,36,28.641509433962263,0.1422924901185771,0.0,0.6,5.459288537549408,nan,nan
5763820,3.0,4,989,4,5,347,64,22.148936170212767,0.1844380403458213,0.04878048780487805,0.5833333333333334,7.998270893371759,nan,nan
5917923,3.0,4,272,1,0,272,60,17.0,0.22058823529411764,0.0,0.2631578947368421,5.049264705882353,nan,nan
5936666,3.0,4,602,1,0,602,94,25.083333333333332,0.15614617940199335,0.023529411764705882,0.6875,6.708803986710963,nan,nan
6014730,3.0,4,219,1,0,219,45,18.507042253521128,0.2054794520547945,0.0,0.7142857142857143,5.123287671232877,nan,nan
6051512,3.0,4,601,2,1,568,79,27.047619047619047,0.13908450704225353,0.0,0.6923076923076923,4.318133802816901,nan,nan
6053686,3.0,4,602,1,0,602,108,23.920529801324502,0.17940199335548174,0.009523809523809525,1.0,4.136212624584718,nan,nan
6171971,3.0,4,372,1,0,372,46,31.0,0.12365591397849462,0.0,0.7142857142857143,5.313172043010753,nan,nan
6172561,3.0,4,239,1,0,239,41,23.9,0.17154811715481172,0.0,1.0,8.06234309623431,nan,nan
6357847,3.0,4,716,7,6,358,70,15.678832116788321,0.19553072625698323,0.0,0.7692307692307693,8.51536312849162,nan,nan
6358495,3.0,4,308,1,0,308,39,33.6,0.1266233766233766,0.03333333333333333,1.0,3.7305194805194803,nan,nan
6422329,3.0,4,269,1,0,269,13,67.25,0.048327137546468404,0.0,1.0,6.860966542750929,nan,nan
6547817,3.0,4,320,1,1,288,41,32.60377358490566,0.1423611111111111,0.03125,0.8,5.623958333333333,nan,nan
6547822,3.0,4,341,4,3,218,21,25.153846153846153,0.0963302752293578,0.0,0.375,8.63165137614679,nan,nan
6756778,3.0,4,498,1,1,457,45,41.54545454545455,0.09846827133479212,0.0,1.0,4.3945295404814,nan,nan
6896919,3.0,4,619,2,1,564,64,33.84,0.11347517730496454,0.03571428571428571,0.7,5.346631205673759,nan,nan
6920600,3.0,4,225,1,0,225,37,25.96153846153846,0.16444444444444445,0.08695652173913043,0.5714285714285714,7.831111111111111,nan,nan
6922501,3.0,4,273,1,1,239,36,26.555555555555557,0.1506276150627615,0.03125,0.5,6.330962343096234,nan,nan
6922622,3.0,4,453,1,0,453,58,32.357142857142854,0.1280353200883002,0.0,1.0,10.355187637969093,nan,nan
6941418,3.0,4,282,2,1,251,29,29.529411764705884,0.11553784860557768,0.0,1.0,8.457370517928288,nan,nan
6984632,3.0,4,617,2,1,578,126,19.93103448275862,0.2179930795847751,0.018018018018018018,0.5789473684210527,4.7683391003460205,nan,nan
7555066,3.0,4,339,1,0,339,55,27.486486486486488,0.16224188790560473,0.043478260869565216,0.5714285714285714,6.41622418879056,nan,nan
7557391,3.0,4,302,1,0,302,58,21.83132530120482,0.19205298013245034,0.041666666666666664,0.8571428571428571,10.991390728476821,nan,nan
7563440,3.0,4,591,1,0,591,107,24.28767123287671,0.18104906937394247,0.0,1.0,8.437225042301185,nan,nan
7564587,3.0,4,242,2,1,197,41,18.761904761904763,0.20812182741116753,0.0,0.5,18.930456852791878,nan,nan
7583768,3.0,4,236,2,2,164,51,12.0,0.31097560975609756,0.021739130434782608,0.75,10.338414634146341,nan,nan
7598344,3.0,4,219,1,0,219,41,21.9,0.1872146118721461,0.0,1.0,6.7634703196347035,nan,nan
7613495,3.0,4,612,1,0,612,94,27.818181818181817,0.15359477124183007,0.0,0.8,5.867156862745098,nan,nan
7613518,3.0,4,285,2,2,214,39,21.4,0.1822429906542056,0.07142857142857142,1.0,26.436915887850468,nan,nan
7613731,3.0,4,271,1,1,233,29,31.772727272727273,0.12446351931330472,0.0,1.0,10.477253218884119,nan,nan
7691124,3.0,4,255,3,2,178,34,17.225806451612904,0.19101123595505617,0.0,0.6666666666666666,10.103370786516855,nan,nan
7691163,3.0,4,301,2,1,267,51,20.805194805194805,0.19101123595505617,0.0,1.0,9.044569288389514,nan,nan
7691232,3.0,4,601,1,0,601,101,21.464285714285715,0.16805324459234608,0.03571428571428571,0.20454545454545456,10.08252911813644,nan,nan
7691423,3.0,4,303,2,1,260,63,15.294117647058824,0.2423076923076923,0.01694915254237288,0.5833333333333334,12.817307692307692,nan,nan
7691435,3.0,4,343,1,0,343,75,19.78846153846154,0.21865889212827988,0.015151515151515152,1.0,9.744897959183673,nan,nan
7691520,3.0,4,608,2,1,552,61,35.234042553191486,0.1105072463768116,0.0,0.6666666666666666,10.556521739130435,nan,nan
7691542,3.0,4,368,2,1,306,48,26.608695652173914,0.1568627450980392,0.0967741935483871,1.0,13.747385620915033,nan,nan
7691885,3.0,4,251,2,1,208,46,17.577464788732396,0.22115384615384615,0.023255813953488372,1.0,17.503365384615385,nan,nan
7691909,3.0,4,624,2,1,586,104,22.83116883116883,0.17747440273037543,0.0,0.9166666666666666,10.828327645051194,nan,nan
7795968,3.0,4,252,1,1,195,24,32.5,0.12307692307692308,0.0,1.0,11.66871794871795,nan,nan
7797310,3.0,4,601,1,0,601,85,22.67924528301887,0.14143094841930118,0.0,0.09090909090909091,7.35973377703827,nan,nan
7799046,3.0,4,454,1,0,454,69,28.97872340425532,0.15198237885462554,0.015873015873015872,0.8571428571428571,6.537665198237885,nan,nan
7799135,3.0,4,329,1,0,329,55,25.973684210526315,0.16717325227963525,0.0,0.8,10.432522796352584,nan,nan
7799180,3.0,4,645,4,3,515,68,27.105263157894736,0.13203883495145632,0.05357142857142857,0.5,13.048155339805826,nan,nan
7799209,3.0,4,525,1,0,525,92,25.2,0.17523809523809525,0.011764705882352941,0.8888888888888888,15.688761904761906,nan,nan
7799211,3.0,4,232,3,2,155,35,14.53125,0.22580645161290322,0.0,1.0,14.834193548387098,nan,nan
7799420,3.0,4,317,1,1,286,48,27.238095238095237,0.16783216783216784,0.024390243902439025,1.0,6.8493006993006995,nan,nan
7799507,3.0,4,310,3,2,196,58,10.226086956521739,0.29591836734693877,0.0,0.16666666666666666,15.945408163265308,nan,nan
7852277,3.0,4,247,1,1,202,26,29.5609756097561,0.12871287128712872,0.0,0.4,17.17970297029703,nan,nan
7852403,3.0,4,290,1,0,290,46,26.76923076923077,0.15862068965517243,0.0,1.0,8.970689655172414,nan,nan
7852411,3.0,4,607,3,2,521,102,20.84,0.19577735124760076,0.020833333333333332,1.0,12.746065259117081,nan,nan
7852420,3.0,4,606,2,1,562,96,23.746478873239436,0.1708185053380783,0.0,1.0,13.891281138790035,nan,nan
7852422,3.0,4,216,1,0,216,36,23.563636363636363,0.16666666666666666,0.0,0.5,14.593055555555555,nan,nan
7852445,3.0,4,307,1,0,307,39,32.31578947368421,0.1270358306188925,0.02857142857142857,1.0,10.10228013029316,nan,nan
7852451,3.0,4,314,2,1,261,33,30.705882352941178,0.12643678160919541,0.0,1.0,10.406513409961686,nan,nan
8354596,3.0,4,385,1,0,385,84,20.263157894736842,0.21818181818181817,0.046153846153846156,0.9,9.01974025974026,nan,nan
10752853,3.0,5,615,2,1,565,102,16.142857142857142,0.18053097345132743,0.0,0.010309278350515464,5.221415929203539,nan,nan
10752864,3.0,5,232,2,1,187,41,14.384615384615385,0.2192513368983957,0.0,0.35714285714285715,6.359893048128342,nan,nan
10752951,3.0,5,610,1,0,610,121,18.208955223880597,0.19836065573770492,0.0,0.21739130434782608,3.3845901639344262,nan,nan
10892045,3.0,5,323,2,1,282,54,17.810526315789474,0.19148936170212766,0.0,0.8,3.6336879432624114,nan,nan
10934834,3.0,5,242,1,0,242,27,32.266666666666666,0.1115702479338843,0.0,0.6,3.1132231404958675,nan,nan
10934933,3.0,5,423,1,0,423,62,26.164948453608247,0.14657210401891252,0.0,1.0,3.3815602836879433,nan,nan
10935081,3.0,5,278,1,0,278,44,25.272727272727273,0.15827338129496402,0.0,0.6666666666666666,3.304676258992806,nan,nan
10935136,3.0,5,308,1,1,261,35,30.705882352941178,0.13409961685823754,0.034482758620689655,0.5,7.232950191570881,nan,nan
10935148,3.0,5,237,2,3,66,8,18.857142857142858,0.12121212121212122,0.0,0.3333333333333333,11.295454545454545,nan,nan
10935358,3.0,5,636,4,3,506,108,17.25,0.2134387351778656,0.0,0.9285714285714286,5.168181818181818,nan,nan
10935638,3.0,5,228,1,0,228,38,23.586206896551722,0.16666666666666666,0.0,0.375,3.3785087719298246,nan,nan
10935844,3.0,5,607,1,0,607,111,22.7625,0.1828665568369028,0.0,0.625,3.3271828665568366,nan,nan
10969051,3.0,5,601,1,0,601,79,31.356521739130436,0.1314475873544093,0.0,0.8888888888888888,3.603161397670549,nan,nan
11058912,3.0,5,601,1,0,601,154,15.34468085106383,0.2562396006655574,0.021739130434782608,0.3333333333333333,5.663227953410981,nan,nan
11071635,3.0,5,423,2,1,377,58,24.58695652173913,0.15384615384615385,0.0,0.6666666666666666,7.726790450928382,nan,nan
11071677,3.0,5,459,2,1,406,67,22.9811320754717,0.16502463054187191,0.0,0.7,5.889901477832513,nan,nan
11071727,3.0,5,411,1,0,411,76,22.418181818181818,0.18491484184914841,0.014084507042253521,0.5833333333333334,5.9121654501216545,nan,nan
11071733,3.0,5,257,1,0,257,49,20.83783783783784,0.19066147859922178,0.0,0.7142857142857143,10.187937743190663,nan,nan
11071965,3.0,5,535,3,2,448,74,23.787610619469028,0.16517857142857142,0.0,0.875,5.605357142857143,nan,nan
11092058,3.0,5,446,1,1,399,62,28.843373493975903,0.15538847117794485,0.01818181818181818,0.8333333333333334,4.995989974937344,nan,nan
11092072,3.0,5,247,1,0,247,43,23.903225806451612,0.17408906882591094,0.0,1.0,13.365182186234817,nan,nan
4300268,3.0,5,961,5,4,431,55,26.65979381443299,0.12761020881670534,0.0,0.75,14.606728538283063,nan,nan
4303167,3.0,5,610,3,2,518,101,19.304347826086957,0.19498069498069498,0.0,0.5555555555555556,10.052316602316603,nan,nan
4303201,3.0,5,600,1,0,600,80,30.0,0.13333333333333333,0.0,0.6666666666666666,7.165500000000001,nan,nan
4326816,3.0,5,606,4,4,446,68,23.892857142857142,0.15246636771300448,0.0,0.6363636363636364,9.660313901345292,nan,nan
4453473,3.0,5,610,3,2,512,92,19.2,0.1796875,0.0,0.3103448275862069,7.366796875,nan,nan
4636267,3.0,5,624,4,3,474,87,20.314285714285713,0.18354430379746836,0.0,0.9090909090909091,10.523628691983122,nan,nan
4652239,3.0,5,601,4,4,432,103,15.614457831325302,0.23842592592592593,0.0,0.7333333333333333,16.63310185185185,nan,nan
4660369,3.0,5,640,3,2,523,80,24.904761904761905,0.15296367112810708,0.0136986301369863,0.6,8.780688336520077,nan,nan
4748312,3.0,5,624,5,4,435,47,28.06451612903226,0.10804597701149425,0.023809523809523808,0.3333333333333333,8.493333333333332,nan,nan
4748313,3.0,5,770,3,2,465,98,18.47682119205298,0.210752688172043,0.0,1.0,12.871397849462365,nan,nan
4779685,3.0,5,669,5,4,405,53,24.545454545454547,0.1308641975308642,0.0,0.38461538461538464,9.528641975308641,nan,nan
4792372,3.0,5,609,3,3,455,68,24.818181818181817,0.14945054945054945,0.0,0.7,9.404395604395605,nan,nan
4793806,3.0,5,609,4,3,441,85,20.353846153846153,0.1927437641723356,0.07142857142857142,0.5555555555555556,9.077777777777778,nan,nan
4798549,3.0,5,661,5,4,447,63,23.120689655172413,0.14093959731543623,0.0,0.3333333333333333,5.012751677852348,nan,nan
4944723,3.0,5,650,5,5,292,47,19.043478260869566,0.16095890410958905,0.0,0.875,9.646232876712329,nan,nan
4981908,3.0,5,251,1,0,251,37,26.892857142857142,0.14741035856573706,0.0,1.0,8.36374501992032,nan,nan
5084249,3.0,5,600,1,0,600,86,24.161073825503355,0.14333333333333334,0.0,0.1111111111111111,4.3308333333333335,nan,nan
5133027,3.0,5,628,4,4,395,67,22.358490566037737,0.16962025316455695,0.0,0.75,5.639240506329114,nan,nan
5285957,3.0,5,387,1,0,387,42,33.17142857142857,0.10852713178294573,0.0,0.5555555555555556,4.302842377260982,nan,nan
5286334,3.0,5,342,1,0,342,61,23.318181818181817,0.1783625730994152,0.018867924528301886,0.6,11.875146198830409,nan,nan
5395622,3.0,5,231,2,1,198,41,17.73134328358209,0.20707070707070707,0.0,1.0,14.568686868686868,nan,nan
5538668,3.0,5,617,1,0,617,126,18.417910447761194,0.20421393841166938,0.027522935779816515,0.3783783783783784,4.542463533225283,nan,nan
5670672,3.0,5,264,3,2,145,12,26.363636363636363,0.08275862068965517,0.0,0.16666666666666666,6.411724137931035,nan,nan
5729758,3.0,5,253,1,0,253,36,28.641509433962263,0.1422924901185771,0.0,0.6,10.430830039525691,nan,nan
5763820,3.0,5,989,4,5,347,64,21.6875,0.1844380403458213,0.04878048780487805,0.2777777777777778,14.42564841498559,nan,nan
5917923,3.0,5,272,1,0,272,60,17.0,0.22058823529411764,0.0,0.2631578947368421,5.847058823529412,nan,nan
5936666,3.0,5,602,1,0,602,94,24.571428571428573,0.15614617940199335,0.0,0.6875,4.527574750830564,nan,nan
6014730,3.0,5,219,1,0,219,45,18.507042253521128,0.2054794520547945,0.0,0.7142857142857143,4.883561643835616,nan,nan
6051512,3.0,5,601,2,1,568,79,26.834645669291337,0.13908450704225353,0.0,0.47058823529411764,5.15387323943662,nan,nan
6053686,3.0,5,602,1,0,602,108,23.607843137254903,0.17940199335548174,0.0,0.9090909090909091,5.400166112956811,nan,nan
6171971,3.0,5,372,1,0,372,46,31.0,0.12365591397849462,0.0,0.7142857142857143,5.550268817204301,nan,nan
6172561,3.0,5,239,1,0,239,41,23.508196721311474,0.17154811715481172,0.0,1.0,8.450627615062762,nan,nan
6357847,3.0,5,716,7,6,358,70,15.342857142857143,0.19553072625698323,0.0,0.38095238095238093,19.102234636871508,nan,nan
6358495,3.0,5,308,1,0,308,39,30.295081967213115,0.1266233766233766,0.029411764705882353,0.5,4.583116883116883,nan,nan
6422329,3.0,5,269,1,0,269,13,64.56,0.048327137546468404,0.0,0.2,8.27732342007435,nan,nan
6547817,3.0,5,320,1,1,288,41,32.60377358490566,0.1423611111111111,0.03125,0.8,5.030555555555555,nan,nan
6547822,3.0,5,341,4,3,218,21,24.22222222222222,0.0963302752293578,0.0,0.07142857142857142,12.153211009174312,nan,nan
6756778,3.0,5,498,1,1,457,45,41.54545454545455,0.09846827133479212,0.0,1.0,4.293216630196937,nan,nan
6896919,3.0,5,619,2,1,564,64,33.504950495049506,0.11347517730496454,0.01694915254237288,0.7,5.571631205673759,nan,nan
6920600,3.0,5,225,1,0,225,37,26.470588235294116,0.16444444444444445,0.08695652173913043,0.6666666666666666,6.48,nan,nan
6922501,3.0,5,273,1,1,239,36,27.576923076923077,0.1506276150627615,0.0,1.0,4.481589958158995,nan,nan
6922622,3.0,5,453,1,0,453,58,31.976470588235294,0.1280353200883002,0.0,1.0,4.0046357615894035,nan,nan
6941418,3.0,5,282,2,1,251,29,28.41509433962264,0.11553784860557768,0.0,0.42857142857142855,7.194422310756972,nan,nan
6984632,3.0,5,617,2,1,578,126,19.16022099447514,0.2179930795847751,0.018018018018018018,0.19444444444444445,4.455017301038063,nan,nan
7555066,3.0,5,339,1,0,339,55,27.486486486486488,0.16224188790560473,0.02040816326530612,0.5714285714285714,11.26637168141593,nan,nan
7557391,3.0,5,302,1,0,302,58,20.82758620689655,0.19205298013245034,0.0,0.8571428571428571,6.885430463576159,nan,nan
7563440,3.0,5,591,1,0,591,107,24.28767123287671,0.18104906937394247,0.0,1.0,8.606768189509307,nan,nan
7564587,3.0,5,242,2,1,197,41,18.761904761904763,0.20812182741116753,0.0,0.5,8.809137055837564,nan,nan
7583768,3.0,5,236,2,2,164,51,11.714285714285714,0.31097560975609756,0.021739130434782608,0.6666666666666666,13.88841463414634,nan,nan
7598344,3.0,5,219,1,0,219,41,21.9,0.1872146118721461,0.0,1.0,9.591324200913242,nan,nan
7613495,3.0,5,612,1,0,612,94,27.818181818181817,0.15359477124183007,0.0,0.8,8.122385620915033,nan,nan
7613518,3.0,5,285,2,2,214,39,21.4,0.1822429906542056,0.07142857142857142,1.0,21.960747663551402,nan,nan
7613731,3.0,5,271,1,1,233,29,31.772727272727273,0.12446351931330472,0.0,1.0,7.486266094420601,nan,nan
7691124,3.0,5,255,3,2,178,34,16.952380952380953,0.19101123595505617,0.0,0.3333333333333333,20.706179775280898,nan,nan
7691163,3.0,5,301,2,1,267,51,21.07894736842105,0.19101123595505617,0.023255813953488372,1.0,13.716104868913858,nan,nan
7691232,3.0,5,601,1,0,601,101,21.464285714285715,0.16805324459234608,0.03571428571428571,0.1702127659574468,9.065058236272879,nan,nan
7691423,3.0,5,303,2,1,260,63,15.0,0.2423076923076923,0.0,0.5384615384615384,15.505,nan,nan
7691435,3.0,5,343,1,0,343,75,19.78846153846154,0.21865889212827988,0.015151515151515152,1.0,9.144606413994168,nan,nan
7691520,3.0,5,608,2,1,552,61,35.234042553191486,0.1105072463768116,0.0,0.6666666666666666,4.482608695652174,nan,nan
7691542,3.0,5,368,2,1,306,48,27.402985074626866,0.1568627450980392,0.10714285714285714,0.5555555555555556,11.077450980392156,nan,nan
7691885,3.0,5,251,2,1,208,46,17.333333333333332,0.22115384615384615,0.0,1.0,7.514423076923077,nan,nan
7691909,3.0,5,624,2,1,586,104,22.683870967741935,0.17747440273037543,0.0,0.9166666666666666,3.825426621160409,nan,nan
7795968,3.0,5,252,1,1,195,24,33.42857142857143,0.12307692307692308,0.0,1.0,11.334358974358974,nan,nan
7797310,3.0,5,601,1,0,601,85,23.26451612903226,0.14143094841930118,0.0,0.09803921568627451,8.443926788685525,nan,nan
7799046,3.0,5,454,1,0,454,69,28.375,0.15198237885462554,0.015873015873015872,1.0,4.733480176211454,nan,nan
7799135,3.0,5,329,1,0,329,55,25.973684210526315,0.16717325227963525,0.0,0.8,6.28419452887538,nan,nan
7799180,3.0,5,645,4,3,515,68,26.869565217391305,0.13203883495145632,0.015873015873015872,0.5384615384615384,14.493592233009709,nan,nan
7799209,3.0,5,525,1,0,525,92,25.2,0.17523809523809525,0.011764705882352941,0.8888888888888888,11.413904761904762,nan,nan
7799211,3.0,5,232,3,2,155,35,14.090909090909092,0.22580645161290322,0.0,0.2727272727272727,26.653548387096777,nan,nan
7799420,3.0,5,317,1,1,286,48,27.238095238095237,0.16783216783216784,0.024390243902439025,1.0,8.20944055944056,nan,nan
7799507,3.0,5,310,3,2,196,58,12.0,0.29591836734693877,0.0,0.6,34.88928571428571,nan,nan
7852277,3.0,5,247,1,1,202,26,29.5609756097561,0.12871287128712872,0.0,0.4,4.0797029702970296,nan,nan
7852403,3.0,5,290,1,0,290,46,26.76923076923077,0.15862068965517243,0.0,1.0,5.635172413793104,nan,nan
7852411,3.0,5,607,3,2,521,102,20.2987012987013,0.19577735124760076,0.0,0.8333333333333334,6.177543186180422,nan,nan
7852420,3.0,5,606,2,1,562,96,23.914893617021278,0.1708185053380783,0.0,1.0,5.72135231316726,nan,nan
7852422,3.0,5,216,1,0,216,36,23.563636363636363,0.16666666666666666,0.0,1.0,7.256944444444445,nan,nan
7852445,3.0,5,307,1,0,307,39,31.75862068965517,0.1270358306188925,0.0,1.0,12.93029315960912,nan,nan
7852451,3.0,5,314,2,1,261,33,30.115384615384617,0.12643678160919541,0.0,0.3333333333333333,8.714942528735632,nan,nan
8354596,3.0,5,385,1,0,385,84,20.08695652173913,0.21818181818181817,0.046153846153846156,0.8181818181818182,6.512987012987013,nan,nan
10752853,3.0,6,615,2,1,565,102,15.99056603773585,0.18053097345132743,0.0,0.0,3.191504424778761,nan,nan
10752864,3.0,6,232,2,1,187,41,13.518072289156626,0.2192513368983957,0.0,0.07142857142857142,6.603743315508022,nan,nan
10752951,3.0,6,610,1,0,610,121,18.029556650246306,0.19836065573770492,0.0,0.12280701754385964,4.041311475409835,nan,nan
10892045,3.0,6,323,2,1,282,54,18.193548387096776,0.19148936170212766,0.0,0.42857142857142855,3.65354609929078,nan,nan
10934834,3.0,6,242,1,0,242,27,30.893617021276597,0.1115702479338843,0.0,0.2,3.2380165289256198,nan,nan
10934933,3.0,6,423,1,0,423,62,24.640776699029125,0.14657210401891252,0.0,0.4117647058823529,5.615130023640662,nan,nan
10935081,3.0,6,278,1,0,278,44,24.895522388059703,0.15827338129496402,0.0,0.5714285714285714,3.337410071942446,nan,nan
10935136,3.0,6,308,1,1,261,35,30.115384615384617,0.13409961685823754,0.034482758620689655,0.42857142857142855,3.1651340996168584,nan,nan
10935148,3.0,6,237,2,3,66,8,18.857142857142858,0.12121212121212122,0.0,0.3333333333333333,9.39090909090909,nan,nan
10935358,3.0,6,636,4,3,506,108,17.25,0.2134387351778656,0.0,0.7058823529411765,8.313833992094862,nan,nan
10935638,3.0,6,228,1,0,228,38,23.586206896551722,0.16666666666666666,0.0,0.375,4.898684210526316,nan,nan
10935844,3.0,6,607,1,0,607,111,22.7625,0.1828665568369028,0.0,0.625,3.957001647446458,nan,nan
10969051,3.0,6,601,1,0,601,79,30.82051282051282,0.1314475873544093,0.0,0.5384615384615384,3.0580698835274545,nan,nan
11058912,3.0,6,601,1,0,601,154,14.962655601659751,0.2562396006655574,0.006756756756756757,0.23529411764705882,5.342429284525791,nan,nan
11071635,3.0,6,423,2,1,377,58,24.58695652173913,0.15384615384615385,0.0,0.6666666666666666,10.281167108753316,nan,nan
11071677,3.0,6,459,2,1,406,67,22.9811320754717,0.16502463054187191,0.0,0.7,4.289655172413793,nan,nan
11071727,3.0,6,411,1,0,411,76,22.017857142857142,0.18491484184914841,0.0,0.5833333333333334,4.437712895377129,nan,nan
11071733,3.0,6,257,1,0,257,49,21.123287671232877,0.19066147859922178,0.0,0.5,6.642023346303502,nan,nan
11071965,3.0,6,535,3,2,448,74,23.787610619469028,0.16517857142857142,0.0,0.875,5.966071428571429,nan,nan
11092058,3.0,6,446,1,1,399,62,28.843373493975903,0.15538847117794485,0.01818181818181818,0.8333333333333334,5.295739348370927,nan,nan
11092072,3.0,6,247,1,0,247,43,23.903225806451612,0.17408906882591094,0.0,1.0,11.987854251012147,nan,nan
4300268,3.0,6,961,5,4,431,55,25.603960396039604,0.12761020881670534,0.0,0.25,13.206032482598609,nan,nan
4303167,3.0,6,610,3,2,518,101,19.670886075949365,0.19498069498069498,0.0,0.47368421052631576,8.865057915057916,nan,nan
4303201,3.0,6,600,1,0,600,80,29.75206611570248,0.13333333333333333,0.0,0.6153846153846154,6.1045,nan,nan
4326816,3.0,6,606,4,4,446,68,23.892857142857142,0.15246636771300448,0.0,0.6363636363636364,14.971748878923766,nan,nan
4453473,3.0,6,610,3,2,512,92,18.17751479289941,0.1796875,0.0,0.15217391304347827,8.7185546875,nan,nan
4636267,3.0,6,624,4,3,474,87,19.47945205479452,0.18354430379746836,0.0,0.38095238095238093,13.071940928270044,nan,nan
4652239,3.0,6,601,4,4,432,103,15.428571428571429,0.23842592592592593,0.0,0.5,9.410648148148148,nan,nan
4660369,3.0,6,640,3,2,523,80,24.515625,0.15296367112810708,0.0136986301369863,0.5294117647058824,7.932504780114723,nan,nan
4748312,3.0,6,624,5,4,435,47,27.1875,0.10804597701149425,0.0,0.2222222222222222,6.254942528735633,nan,nan
4748313,3.0,6,770,3,2,465,98,18.355263157894736,0.210752688172043,0.0,0.6666666666666666,12.730537634408602,nan,nan
4779685,3.0,6,669,5,4,405,53,23.823529411764707,0.1308641975308642,0.0,0.3125,16.354074074074074,nan,nan
4792372,3.0,6,609,3,3,455,68,24.818181818181817,0.14945054945054945,0.0,0.7,6.917362637362637,nan,nan
4793806,3.0,6,609,4,3,441,85,20.353846153846153,0.1927437641723356,0.05,0.42857142857142855,8.246485260770974,nan,nan
4798549,3.0,6,661,5,4,447,63,22.728813559322035,0.14093959731543623,0.0,0.22727272727272727,5.276957494407159,nan,nan
4944723,3.0,6,650,5,5,292,47,18.442105263157895,0.16095890410958905,0.0,0.23529411764705882,9.044178082191781,nan,nan
4981908,3.0,6,251,1,0,251,37,26.892857142857142,0.14741035856573706,0.0,1.0,4.202788844621514,nan,nan
5084249,3.0,6,600,1,0,600,86,26.666666666666668,0.14333333333333334,0.0,0.21428571428571427,5.7305,nan,nan
5133027,3.0,6,628,4,4,395,67,22.358490566037737,0.16962025316455695,0.0,0.75,10.639240506329115,nan,nan
5285957,3.0,6,387,1,0,387,42,34.14705882352941,0.10852713178294573,0.0,0.4,6.78139534883721,nan,nan
5286334,3.0,6,342,1,0,342,61,23.318181818181817,0.1783625730994152,0.018867924528301886,0.6,5.844444444444444,nan,nan
5395622,3.0,6,231,2,1,198,41,17.470588235294116,0.20707070707070707,0.0,0.5,8.316666666666666,nan,nan
5538668,3.0,6,617,1,0,617,126,18.696969696969695,0.20421393841166938,0.008403361344537815,0.23809523809523808,6.845218800648298,nan,nan
5670672,3.0,6,264,3,2,145,12,26.363636363636363,0.08275862068965517,0.0,0.16666666666666666,8.80551724137931,nan,nan
5729758,3.0,6,253,1,0,253,36,28.641509433962263,0.1422924901185771,0.0,0.75,3.8379446640316206,nan,nan
5763820,3.0,6,989,4,5,347,64,21.463917525773194,0.1844380403458213,0.021739130434782608,0.2,11.582420749279539,nan,nan
5917923,3.0,6,272,1,0,272,60,16.824742268041238,0.22058823529411764,0.0,0.19047619047619047,9.98860294117647,nan,nan
5936666,3.0,6,602,1,0,602,94,24.405405405405407,0.15614617940199335,0.0,0.391304347826087,6.782392026578073,nan,nan
6014730,3.0,6,219,1,0,219,45,18.25,0.2054794520547945,0.0,0.625,6.5378995433789955,nan,nan
6051512,3.0,6,601,2,1,568,79,23.34246575342466,0.13908450704225353,0.0,0.0851063829787234,3.748767605633803,nan,nan
6053686,3.0,6,602,1,0,602,108,22.71698113207547,0.17940199335548174,0.0,0.5882352941176471,5.980897009966777,nan,nan
6171971,3.0,6,372,1,0,372,46,31.0,0.12365591397849462,0.0,0.7142857142857143,3.932795698924731,nan,nan
6172561,3.0,6,239,1,0,239,41,23.508196721311474,0.17154811715481172,0.0,1.0,4.25857740585774,nan,nan
6357847,3.0,6,716,7,6,358,70,15.453237410071942,0.19553072625698323,0.0,0.3181818181818182,13.754469273743018,nan,nan
6358495,3.0,6,308,1,0,308,39,29.806451612903224,0.1266233766233766,0.0,0.5,8.501948051948052,nan,nan
6422329,3.0,6,269,1,0,269,13,64.56,0.048327137546468404,0.0,0.2,7.448327137546468,nan,nan
6547817,3.0,6,320,1,1,288,41,32.60377358490566,0.1423611111111111,0.03125,0.8,10.666666666666666,nan,nan
6547822,3.0,6,341,4,3,218,21,24.22222222222222,0.0963302752293578,0.0,0.07142857142857142,12.405963302752294,nan,nan
6756778,3.0,6,498,1,1,457,45,41.54545454545455,0.09846827133479212,0.0,1.0,5.903938730853391,nan,nan
6896919,3.0,6,619,2,1,564,64,32.85436893203884,0.11347517730496454,0.0,0.42857142857142855,7.506205673758865,nan,nan
6920600,3.0,6,225,1,0,225,37,25.471698113207548,0.16444444444444445,0.03571428571428571,0.6666666666666666,8.157777777777778,nan,nan
6922501,3.0,6,273,1,1,239,36,27.576923076923077,0.1506276150627615,0.0,1.0,7.743933054393305,nan,nan
6922622,3.0,6,453,1,0,453,58,31.976470588235294,0.1280353200883002,0.0,1.0,8.357836644591611,nan,nan
6941418,3.0,6,282,2,1,251,29,28.41509433962264,0.11553784860557768,0.0,0.42857142857142855,8.712749003984063,nan,nan
6984632,3.0,6,617,2,1,578,126,19.16022099447514,0.2179930795847751,0.018018018018018018,0.19444444444444445,10.503979238754326,nan,nan
7555066,3.0,6,339,1,0,339,55,27.486486486486488,0.16224188790560473,0.02040816326530612,0.5714285714285714,11.225663716814159,nan,nan
7557391,3.0,6,302,1,0,302,58,20.82758620689655,0.19205298013245034,0.0,0.8571428571428571,4.267549668874172,nan,nan
7563440,3.0,6,591,1,0,591,107,24.28767123287671,0.18104906937394247,0.0,1.0,5.134856175972927,nan,nan
7564587,3.0,6,242,2,1,197,41,18.761904761904763,0.20812182741116753,0.0,0.5,4.701522842639594,nan,nan
7583768,3.0,6,236,2,2,164,51,11.310344827586206,0.31097560975609756,0.0,0.38461538461538464,9.337195121951218,nan,nan
7598344,3.0,6,219,1,0,219,41,21.9,0.1872146118721461,0.0,1.0,6.278995433789954,nan,nan
7613495,3.0,6,612,1,0,612,94,28.03053435114504,0.15359477124183007,0.0,0.8,6.18202614379085,nan,nan
7613518,3.0,6,285,2,2,214,39,20.70967741935484,0.1822429906542056,0.030303030303030304,0.3333333333333333,9.316355140186916,nan,nan
7613731,3.0,6,271,1,1,233,29,31.772727272727273,0.12446351931330472,0.0,1.0,6.8643776824034335,nan,nan
7691124,3.0,6,255,3,2,178,34,17.8,0.19101123595505617,0.0,0.2222222222222222,7.027528089887641,nan,nan
7691163,3.0,6,301,2,1,267,51,20.805194805194805,0.19101123595505617,0.023255813953488372,0.8571428571428571,7.228464419475656,nan,nan
7691232,3.0,6,601,1,0,601,101,21.98780487804878,0.16805324459234608,0.02247191011235955,0.1276595744680851,6.56955074875208,nan,nan
7691423,3.0,6,303,2,1,260,63,15.145631067961165,0.2423076923076923,0.0,0.42857142857142855,8.213461538461539,nan,nan
7691435,3.0,6,343,1,0,343,75,19.41509433962264,0.21865889212827988,0.015151515151515152,0.4,4.698542274052478,nan,nan
7691520,3.0,6,608,2,1,552,61,34.5,0.1105072463768116,0.0,0.38461538461538464,6.141485507246377,nan,nan
7691542,3.0,6,368,2,1,306,48,26.608695652173914,0.1568627450980392,0.10714285714285714,0.3076923076923077,11.411111111111111,nan,nan
7691885,3.0,6,251,2,1,208,46,18.08695652173913,0.22115384615384615,0.025,1.0,14.832692307692307,nan,nan
7691909,3.0,6,624,2,1,586,104,22.683870967741935,0.17747440273037543,0.0,0.9166666666666666,4.8580204778157,nan,nan
7795968,3.0,6,252,1,1,195,24,33.42857142857143,0.12307692307692308,0.0,1.0,7.1989743589743584,nan,nan
7797310,3.0,6,601,1,0,601,85,22.67924528301887,0.14143094841930118,0.0,0.04918032786885246,6.119966722129783,nan,nan
7799046,3.0,6,454,1,0,454,69,27.515151515151516,0.15198237885462554,0.015873015873015872,0.7777777777777778,6.600881057268722,nan,nan
7799135,3.0,6,329,1,0,329,55,25.973684210526315,0.16717325227963525,0.0,0.8,7.119452887537994,nan,nan
7799180,3.0,6,645,4,3,515,68,25.75,0.13203883495145632,0.0,0.3157894736842105,11.542912621359225,nan,nan
7799209,3.0,6,525,1,0,525,92,25.403225806451612,0.17523809523809525,0.011764705882352941,0.6363636363636364,4.848761904761904,nan,nan
7799211,3.0,6,232,3,2,155,35,14.090909090909092,0.22580645161290322,0.0,0.2727272727272727,17.060645161290324,nan,nan
7799420,3.0,6,317,1,1,286,48,27.238095238095237,0.16783216783216784,0.024390243902439025,1.0,5.356643356643357,nan,nan
7799507,3.0,6,310,3,2,196,58,11.529411764705882,0.29591836734693877,0.0,0.2,34.50459183673469,nan,nan
7852277,3.0,6,247,1,1,202,26,30.3,0.12871287128712872,0.0,1.0,4.871782178217822,nan,nan
7852403,3.0,6,290,1,0,290,46,24.857142857142858,0.15862068965517243,0.0,0.5,4.8037931034482755,nan,nan
7852411,3.0,6,607,3,2,521,102,20.2987012987013,0.19577735124760076,0.0,0.6428571428571429,5.111324376199616,nan,nan
7852420,3.0,6,606,2,1,562,96,23.746478873239436,0.1708185053380783,0.0,0.9090909090909091,7.702491103202847,nan,nan
7852422,3.0,6,216,1,0,216,36,22.736842105263158,0.16666666666666666,0.0,0.375,7.357407407407408,nan,nan
7852445,3.0,6,307,1,0,307,39,31.75862068965517,0.1270358306188925,0.0,1.0,4.769055374592834,nan,nan
7852451,3.0,6,314,2,1,261,33,27.473684210526315,0.12643678160919541,0.0,0.2,6.9957854406130275,nan,nan
8354596,3.0,6,385,1,0,385,84,20.263157894736842,0.21818181818181817,0.02857142857142857,0.7272727272727273,3.6345454545454543,nan,nan
10752853,3.0,7,615,2,1,565,102,15.99056603773585,0.18053097345132743,0.0,0.0,5.5605309734513275,nan,nan
10752864,3.0,7,232,2,1,187,41,13.046511627906977,0.2192513368983957,0.0,0.029411764705882353,6.205882352941177,nan,nan
10752951,3.0,7,610,1,0,610,121,17.853658536585368,0.19836065573770492,0.0,0.0967741935483871,3.6075409836065573,nan,nan
10892045,3.0,7,323,2,1,282,54,17.09090909090909,0.19148936170212766,0.0,0.16,3.5500000000000003,nan,nan
10934834,3.0,7,242,1,0,242,27,29.04,0.1115702479338843,0.0,0.15384615384615385,3.2636363636363637,nan,nan
10934933,3.0,7,423,1,0,423,62,25.38,0.14657210401891252,0.0,0.35294117647058826,3.9099290780141844,nan,nan
10935081,3.0,7,278,1,0,278,44,23.82857142857143,0.15827338129496402,0.0,0.23076923076923078,4.215107913669065,nan,nan
10935136,3.0,7,308,1,1,261,35,28.472727272727273,0.13409961685823754,0.0,0.42857142857142855,6.729501915708813,nan,nan
10935148,3.0,7,237,2,3,66,8,16.5,0.12121212121212122,0.0,0.0,9.487878787878788,nan,nan
10935358,3.0,7,636,4,3,506,108,17.34857142857143,0.2134387351778656,0.0,0.43478260869565216,6.886166007905138,nan,nan
10935638,3.0,7,228,1,0,228,38,23.586206896551722,0.16666666666666666,0.0,0.375,4.442982456140351,nan,nan
10935844,3.0,7,607,1,0,607,111,22.48148148148148,0.1828665568369028,0.0,0.42857142857142855,3.508896210873147,nan,nan
10969051,3.0,7,601,1,0,601,79,31.63157894736842,0.1314475873544093,0.0,0.46153846153846156,3.387687188019967,nan,nan
11058912,3.0,7,601,1,0,601,154,14.778688524590164,0.2562396006655574,0.0,0.17857142857142858,6.517138103161398,nan,nan
11071635,3.0,7,423,2,1,377,58,24.857142857142858,0.15384615384615385,0.0,0.45454545454545453,6.2835543766578255,nan,nan
11071677,3.0,7,459,2,1,406,67,22.555555555555557,0.16502463054187191,0.0,0.4,4.805418719211823,nan,nan
11071727,3.0,7,411,1,0,411,76,22.017857142857142,0.18491484184914841,0.0,0.5833333333333334,4.559124087591241,nan,nan
11071733,3.0,7,257,1,0,257,49,21.123287671232877,0.19066147859922178,0.0,0.5,6.637743190661479,nan,nan
11071965,3.0,7,535,3,2,448,74,23.17241379310345,0.16517857142857142,0.0,0.42857142857142855,6.3272321428571425,nan,nan
11092058,3.0,7,446,1,1,399,62,28.843373493975903,0.15538847117794485,0.01818181818181818,0.8333333333333334,3.8774436090225564,nan,nan
11092072,3.0,7,247,1,0,247,43,23.903225806451612,0.17408906882591094,0.0,1.0,6.9542510121457495,nan,nan
4300268,3.0,7,961,5,4,431,55,25.603960396039604,0.12761020881670534,0.0,0.25,11.564733178654292,nan,nan
4303167,3.0,7,610,3,2,518,101,20.181818181818183,0.19498069498069498,0.0,0.5294117647058824,13.650965250965251,nan,nan
4303201,3.0,7,600,1,0,600,80,30.0,0.13333333333333333,0.0,0.4666666666666667,5.7615,nan,nan
4326816,3.0,7,606,4,4,446,68,23.892857142857142,0.15246636771300448,0.0,0.6363636363636364,14.598878923766817,nan,nan
4453473,3.0,7,610,3,2,512,92,17.454545454545453,0.1796875,0.0,0.06666666666666667,8.3099609375,nan,nan
4636267,3.0,7,624,4,3,474,87,19.888111888111887,0.18354430379746836,0.0,0.4,16.065400843881857,nan,nan
4652239,3.0,7,601,4,4,432,103,15.709090909090909,0.23842592592592593,0.0,0.42857142857142855,8.081018518518519,nan,nan
4660369,3.0,7,640,3,2,523,80,22.73913043478261,0.15296367112810708,0.0136986301369863,0.1388888888888889,10.599426386233269,nan,nan
4748312,3.0,7,624,5,4,435,47,27.1875,0.10804597701149425,0.0,0.2222222222222222,8.040689655172413,nan,nan
4748313,3.0,7,770,3,2,465,98,17.770700636942674,0.210752688172043,0.0,0.4090909090909091,11.845806451612903,nan,nan
4779685,3.0,7,669,5,4,405,53,23.823529411764707,0.1308641975308642,0.0,0.2222222222222222,10.01604938271605,nan,nan
4792372,3.0,7,609,3,3,455,68,25.27777777777778,0.14945054945054945,0.0,0.7777777777777778,9.030989010989012,nan,nan
4793806,3.0,7,609,4,3,441,85,18.76595744680851,0.1927437641723356,0.013888888888888888,0.18181818181818182,12.409750566893424,nan,nan
4798549,3.0,7,661,5,4,447,63,22.165289256198346,0.14093959731543623,0.0,0.14285714285714285,8.086577181208053,nan,nan
4944723,3.0,7,650,5,5,292,47,18.25,0.16095890410958905,0.0,0.21052631578947367,13.198630136986301,nan,nan
4981908,3.0,7,251,1,0,251,37,26.892857142857142,0.14741035856573706,0.0,1.0,16.32231075697211,nan,nan
5084249,3.0,7,600,1,0,600,86,24.489795918367346,0.14333333333333334,0.0,0.08695652173913043,10.064,nan,nan
5133027,3.0,7,628,4,4,395,67,22.358490566037737,0.16962025316455695,0.0,0.75,10.968354430379748,nan,nan
5285957,3.0,7,387,1,0,387,42,35.18181818181818,0.10852713178294573,0.0,0.4444444444444444,8.114728682170544,nan,nan
5286334,3.0,7,342,1,0,342,61,23.86046511627907,0.1783625730994152,0.018867924528301886,0.75,8.704970760233918,nan,nan
5395622,3.0,7,231,2,1,198,41,17.73134328358209,0.20707070707070707,0.0,1.0,10.415656565656567,nan,nan
5538668,3.0,7,617,1,0,617,126,17.05990783410138,0.20421393841166938,0.008403361344537815,0.1,4.155753646677471,nan,nan
5670672,3.0,7,264,3,2,145,12,27.1875,0.08275862068965517,0.0,0.2,5.275172413793103,nan,nan
5729758,3.0,7,253,1,0,253,36,28.641509433962263,0.1422924901185771,0.0,0.75,6.033596837944664,nan,nan
5763820,3.0,7,989,4,5,347,64,20.82,0.1844380403458213,0.021739130434782608,0.17391304347826086,11.214697406340058,nan,nan
5917923,3.0,7,272,1,0,272,60,16.824742268041238,0.22058823529411764,0.0,0.18181818181818182,10.266911764705881,nan,nan
5936666,3.0,7,602,1,0,602,94,23.607843137254903,0.15614617940199335,0.0,0.20588235294117646,5.923588039867109,nan,nan
6014730,3.0,7,219,1,0,219,45,17.756756756756758,0.2054794520547945,0.0,0.3076923076923077,5.0347031963470315,nan,nan
6051512,3.0,7,601,2,1,568,79,22.72,0.13908450704225353,0.0,0.05555555555555555,4.457746478873239,nan,nan
6053686,3.0,7,602,1,0,602,108,22.434782608695652,0.17940199335548174,0.0,0.4090909090909091,6.9255813953488365,nan,nan
6171971,3.0,7,372,1,0,372,46,30.575342465753426,0.12365591397849462,0.0,0.36363636363636365,4.790860215053764,nan,nan
6172561,3.0,7,239,1,0,239,41,23.129032258064516,0.17154811715481172,0.0,0.375,3.690376569037657,nan,nan
6357847,3.0,7,716,7,6,358,70,15.126760563380282,0.19553072625698323,0.0,0.12121212121212122,11.202234636871509,nan,nan
6358495,3.0,7,308,1,0,308,39,27.582089552238806,0.1266233766233766,0.0,0.2,5.400974025974026,nan,nan
6422329,3.0,7,269,1,0,269,13,64.56,0.048327137546468404,0.0,0.2,3.8223048327137548,nan,nan
6547817,3.0,7,320,1,1,288,41,32.60377358490566,0.1423611111111111,0.03125,0.6,9.493402777777778,nan,nan
6547822,3.0,7,341,4,3,218,21,24.22222222222222,0.0963302752293578,0.0,0.07142857142857142,13.658715596330275,nan,nan
6756778,3.0,7,498,1,1,457,45,42.184615384615384,0.09846827133479212,0.0,0.6666666666666666,6.392341356673961,nan,nan
6896919,3.0,7,619,2,1,564,64,33.1764705882353,0.11347517730496454,0.0,0.2222222222222222,9.739716312056737,nan,nan
6920600,3.0,7,225,1,0,225,37,22.5,0.16444444444444445,0.0,0.5714285714285714,9.693777777777777,nan,nan
6922501,3.0,7,273,1,1,239,36,26.072727272727274,0.1506276150627615,0.0,0.5,5.44602510460251,nan,nan
6922622,3.0,7,453,1,0,453,58,30.886363636363637,0.1280353200883002,0.0,0.45454545454545453,4.189624724061811,nan,nan
6941418,3.0,7,282,2,1,251,29,28.96153846153846,0.11553784860557768,0.0,0.42857142857142855,9.396015936254981,nan,nan
6984632,3.0,7,617,2,1,578,126,18.545454545454547,0.2179930795847751,0.018018018018018018,0.16666666666666666,6.373702422145329,nan,nan
7555066,3.0,7,339,1,0,339,55,26.076923076923077,0.16224188790560473,0.02040816326530612,0.36363636363636365,9.516814159292036,nan,nan
7557391,3.0,7,302,1,0,302,58,20.133333333333333,0.19205298013245034,0.0,0.38461538461538464,10.240397350993376,nan,nan
7563440,3.0,7,591,1,0,591,107,23.95945945945946,0.18104906937394247,0.0,0.8181818181818182,6.641962774957699,nan,nan
7564587,3.0,7,242,2,1,197,41,18.761904761904763,0.20812182741116753,0.0,0.5,5.101522842639594,nan,nan
7583768,3.0,7,236,2,2,164,51,11.714285714285714,0.31097560975609756,0.0,0.45454545454545453,5.935975609756097,nan,nan
7598344,3.0,7,219,1,0,219,41,20.857142857142858,0.1872146118721461,0.0,0.3333333333333333,7.129223744292237,nan,nan
7613495,3.0,7,612,1,0,612,94,27.818181818181817,0.15359477124183007,0.0,0.5384615384615384,9.59967320261438,nan,nan
7613518,3.0,7,285,2,2,214,39,19.753846153846155,0.1822429906542056,0.0,0.3333333333333333,7.024766355140187,nan,nan
7613731,3.0,7,271,1,1,233,29,31.066666666666666,0.12446351931330472,0.0,0.3333333333333333,6.771673819742489,nan,nan
7691124,3.0,7,255,3,2,178,34,16.6875,0.19101123595505617,0.0,0.15384615384615385,8.369101123595506,nan,nan
7691163,3.0,7,301,2,1,267,51,18.847058823529412,0.19101123595505617,0.0,0.26666666666666666,7.834456928838952,nan,nan
7691232,3.0,7,601,1,0,601,101,20.96511627906977,0.16805324459234608,0.0,0.12244897959183673,5.770549084858569,nan,nan
7691423,3.0,7,303,2,1,260,63,15.145631067961165,0.2423076923076923,0.017857142857142856,0.23809523809523808,14.432307692307692,nan,nan
7691435,3.0,7,343,1,0,343,75,19.055555555555557,0.21865889212827988,0.015151515151515152,0.35294117647058826,4.956851311953353,nan,nan
7691520,3.0,7,608,2,1,552,61,34.5,0.1105072463768116,0.0,0.6,5.039130434782608,nan,nan
7691542,3.0,7,368,2,1,306,48,25.859154929577464,0.1568627450980392,0.0625,0.2857142857142857,10.322875816993465,nan,nan
7691885,3.0,7,251,2,1,208,46,16.207792207792206,0.22115384615384615,0.0,0.21428571428571427,7.204326923076923,nan,nan
7691909,3.0,7,624,2,1,586,104,22.53846153846154,0.17747440273037543,0.0,0.5,4.082081911262798,nan,nan
7795968,3.0,7,252,1,1,195,24,33.42857142857143,0.12307692307692308,0.0,1.0,8.563076923076922,nan,nan
7797310,3.0,7,601,1,0,601,85,22.25925925925926,0.14143094841930118,0.0,0.029850746268656716,10.29334442595674,nan,nan
7799046,3.0,7,454,1,0,454,69,28.082474226804123,0.15198237885462554,0.015873015873015872,0.6,8.234361233480177,nan,nan
7799135,3.0,7,329,1,0,329,55,25.973684210526315,0.16717325227963525,0.0,0.8,7.308206686930092,nan,nan
7799180,3.0,7,645,4,3,515,68,25.96638655462185,0.13203883495145632,0.0,0.3333333333333333,9.769708737864077,nan,nan
7799209,3.0,7,525,1,0,525,92,24.609375,0.17523809523809525,0.0,0.8888888888888888,8.387809523809524,nan,nan
7799211,3.0,7,232,3,2,155,35,13.880597014925373,0.22580645161290322,0.0,0.25,16.072258064516127,nan,nan
7799420,3.0,7,317,1,1,286,48,25.611940298507463,0.16783216783216784,0.024390243902439025,0.5714285714285714,10.327272727272726,nan,nan
7799507,3.0,7,310,3,2,196,58,11.09433962264151,0.29591836734693877,0.0,0.1111111111111111,26.202551020408162,nan,nan
7852277,3.0,7,247,1,1,202,26,31.076923076923077,0.12871287128712872,0.0,0.6666666666666666,12.675247524752475,nan,nan
7852403,3.0,7,290,1,0,290,46,26.76923076923077,0.15862068965517243,0.0,1.0,13.296206896551725,nan,nan
7852411,3.0,7,607,3,2,521,102,20.2987012987013,0.19577735124760076,0.0,0.6428571428571429,12.936276391554703,nan,nan
7852420,3.0,7,606,2,1,562,96,23.746478873239436,0.1708185053380783,0.0,0.6923076923076923,13.766725978647687,nan,nan
7852422,3.0,7,216,1,0,216,36,22.736842105263158,0.16666666666666666,0.0,0.375,13.510185185185184,nan,nan
7852445,3.0,7,307,1,0,307,39,30.19672131147541,0.1270358306188925,0.0,0.3333333333333333,11.72084690553746,nan,nan
7852451,3.0,7,314,2,1,261,33,30.115384615384617,0.12643678160919541,0.0,0.3333333333333333,12.426053639846742,nan,nan
8354596,3.0,7,385,1,0,385,84,19.09090909090909,0.21818181818181817,0.013157894736842105,0.4117647058823529,7.044675324675325,nan,nan
10752853,3.0,8,615,2,1,565,102,15.99056603773585,0.18053097345132743,0.0,0.0,3.5403539823008847,nan,nan
10752864,3.0,8,232,2,1,187,41,12.466666666666667,0.2192513368983957,0.0,0.0,3.7593582887700534,nan,nan
10752951,3.0,8,610,1,0,610,121,16.86635944700461,0.19836065573770492,0.0,0.03614457831325301,9.162622950819673,nan,nan
10892045,3.0,8,323,2,1,282,54,15.243243243243244,0.19148936170212766,0.0,0.021739130434782608,7.071985815602837,nan,nan
10934834,3.0,8,242,1,0,242,27,27.39622641509434,0.1115702479338843,0.0,0.05263157894736842,8.16900826446281,nan,nan
10934933,3.0,8,423,1,0,423,62,26.164948453608247,0.14657210401891252,0.0,0.3125,7.39952718676123,nan,nan
10935081,3.0,8,278,1,0,278,44,23.492957746478872,0.15827338129496402,0.0,0.11764705882352941,7.655395683453237,nan,nan
10935136,3.0,8,308,1,1,261,35,28.472727272727273,0.13409961685823754,0.0,0.2,5.040229885057471,nan,nan
10935148,3.0,8,237,2,3,66,8,16.5,0.12121212121212122,0.0,0.0,8.090909090909092,nan,nan
10935358,3.0,8,636,4,3,506,108,16.148936170212767,0.2134387351778656,0.0,0.1276595744680851,8.244861660079051,nan,nan
10935638,3.0,8,228,1,0,228,38,23.586206896551722,0.16666666666666666,0.0,0.375,4.1311403508771924,nan,nan
10935844,3.0,8,607,1,0,607,111,21.678571428571427,0.1828665568369028,0.0,0.21212121212121213,6.848599670510709,nan,nan
10969051,3.0,8,601,1,0,601,79,30.82051282051282,0.1314475873544093,0.0,0.2631578947368421,5.293510815307821,nan,nan
11058912,3.0,8,601,1,0,601,154,14.0859375,0.2562396006655574,0.0,0.09090909090909091,4.641597337770382,nan,nan
11071635,3.0,8,423,2,1,377,58,24.06382978723404,0.15384615384615385,0.0,0.35714285714285715,6.721750663129973,nan,nan
11071677,3.0,8,459,2,1,406,67,21.557522123893804,0.16502463054187191,0.0,0.21739130434782608,11.00024630541872,nan,nan
11071727,3.0,8,411,1,0,411,76,21.443478260869565,0.18491484184914841,0.0,0.35294117647058826,6.5861313868613145,nan,nan
11071733,3.0,8,257,1,0,257,49,21.416666666666668,0.19066147859922178,0.0,0.5714285714285714,5.008171206225681,nan,nan
11071965,3.0,8,535,3,2,448,74,23.17241379310345,0.16517857142857142,0.0,0.42857142857142855,6.690178571428571,nan,nan
11092058,3.0,8,446,1,1,399,62,27.517241379310345,0.15538847117794485,0.0,0.8333333333333334,6.676942355889724,nan,nan
11092072,3.0,8,247,1,0,247,43,22.454545454545453,0.17408906882591094,0.0,0.3,7.77246963562753,nan,nan
4300268,3.0,8,961,5,4,431,55,25.603960396039604,0.12761020881670534,0.0,0.25,20.317633410672855,nan,nan
4303167,3.0,8,610,3,2,518,101,19.425,0.19498069498069498,0.0,0.2692307692307692,12.235328185328184,nan,nan
4303201,3.0,8,600,1,0,600,80,30.76923076923077,0.13333333333333333,0.0,0.5833333333333334,12.375333333333334,nan,nan
4326816,3.0,8,606,4,4,446,68,22.871794871794872,0.15246636771300448,0.0,0.25,6.9742152466367715,nan,nan
4453473,3.0,8,610,3,2,512,92,17.964912280701753,0.1796875,0.0,0.07272727272727272,5.9359375,nan,nan
4636267,3.0,8,624,4,3,474,87,18.96,0.18354430379746836,0.0,0.1935483870967742,7.028270042194093,nan,nan
4652239,3.0,8,601,4,4,432,103,15.337278106508876,0.23842592592592593,0.0,0.375,14.093981481481482,nan,nan
4660369,3.0,8,640,3,2,523,80,22.73913043478261,0.15296367112810708,0.0,0.15625,7.183173996175909,nan,nan
4748312,3.0,8,624,5,4,435,47,27.1875,0.10804597701149425,0.0,0.13636363636363635,7.427816091954023,nan,nan
4748313,3.0,8,770,3,2,465,98,17.884615384615383,0.210752688172043,0.0,0.45,6.095698924731183,nan,nan
4779685,3.0,8,669,5,4,405,53,22.710280373831775,0.1308641975308642,0.0,0.11538461538461539,11.463950617283949,nan,nan
4792372,3.0,8,609,3,3,455,68,24.15929203539823,0.14945054945054945,0.0,0.375,6.366593406593407,nan,nan
4793806,3.0,8,609,4,3,441,85,17.758389261744966,0.1927437641723356,0.013888888888888888,0.08695652173913043,5.006122448979592,nan,nan
4798549,3.0,8,661,5,4,447,63,21.629032258064516,0.14093959731543623,0.0,0.12903225806451613,7.935570469798657,nan,nan
4944723,3.0,8,650,5,5,292,47,17.009708737864077,0.16095890410958905,0.0,0.06666666666666667,9.371232876712329,nan,nan
4981908,3.0,8,251,1,0,251,37,25.52542372881356,0.14741035856573706,0.0,0.3,4.543426294820717,nan,nan
5084249,3.0,8,600,1,0,600,86,24.489795918367346,0.14333333333333334,0.0,0.08695652173913043,4.6285,nan,nan
5133027,3.0,8,628,4,4,395,67,21.743119266055047,0.16962025316455695,0.0,0.5454545454545454,6.124050632911392,nan,nan
5285957,3.0,8,387,1,0,387,42,30.96,0.10852713178294573,0.0,0.08695652173913043,4.545994832041344,nan,nan
5286334,3.0,8,342,1,0,342,61,23.586206896551722,0.1783625730994152,0.018867924528301886,0.6666666666666666,4.501754385964912,nan,nan
5395622,3.0,8,231,2,1,198,41,15.428571428571429,0.20707070707070707,0.0,0.08695652173913043,6.3106060606060606,nan,nan
5538668,3.0,8,617,1,0,617,126,16.526785714285715,0.20421393841166938,0.0,0.07894736842105263,3.6231766612641816,nan,nan
5670672,3.0,8,264,3,2,145,12,24.166666666666668,0.08275862068965517,0.0,0.0,5.018620689655172,nan,nan
5729758,3.0,8,253,1,0,253,36,28.641509433962263,0.1422924901185771,0.0,0.75,7.111462450592885,nan,nan
5763820,3.0,8,989,4,5,347,64,21.03030303030303,0.1844380403458213,0.021739130434782608,0.18181818181818182,8.355331412103746,nan,nan
5917923,3.0,8,272,1,0,272,60,16.653061224489797,0.22058823529411764,0.0,0.17391304347826086,12.52610294117647,nan,nan
5936666,3.0,8,602,1,0,602,94,23.303225806451614,0.15614617940199335,0.0,0.15384615384615385,5.795847176079734,nan,nan
6014730,3.0,8,219,1,0,219,45,17.064935064935064,0.2054794520547945,0.0,0.15789473684210525,5.129223744292237,nan,nan
6051512,3.0,8,601,2,1,568,79,22.87248322147651,0.13908450704225353,0.0,0.05555555555555555,4.454225352112676,nan,nan
6053686,3.0,8,602,1,0,602,108,22.71698113207547,0.17940199335548174,0.0,0.45,6.365614617940199,nan,nan
6171971,3.0,8,372,1,0,372,46,28.98701298701299,0.12365591397849462,0.0,0.16666666666666666,4.783870967741935,nan,nan
6172561,3.0,8,239,1,0,239,41,23.129032258064516,0.17154811715481172,0.0,0.375,5.127615062761507,nan,nan
6357847,3.0,8,716,7,6,358,70,14.813793103448276,0.19553072625698323,0.0,0.07692307692307693,7.322625698324022,nan,nan
6358495,3.0,8,308,1,0,308,39,28.875,0.1266233766233766,0.0,0.25,3.27987012987013,nan,nan
6422329,3.0,8,269,1,0,269,13,64.56,0.048327137546468404,0.0,0.2,3.0349442379182157,nan,nan
6547817,3.0,8,320,1,1,288,41,32.60377358490566,0.1423611111111111,0.03125,0.6,9.774305555555555,nan,nan
6547822,3.0,8,341,4,3,218,21,26.16,0.0963302752293578,0.0,0.09090909090909091,10.03165137614679,nan,nan
6756778,3.0,8,498,1,1,457,45,39.73913043478261,0.09846827133479212,0.0,0.25,4.084026258205689,nan,nan
6896919,3.0,8,619,2,1,564,64,33.1764705882353,0.11347517730496454,0.0,0.2222222222222222,6.333510638297872,nan,nan
6920600,3.0,8,225,1,0,225,37,21.774193548387096,0.16444444444444445,0.0,0.25,10.604444444444445,nan,nan
6922501,3.0,8,273,1,1,239,36,26.072727272727274,0.1506276150627615,0.0,0.5,12.743514644351464,nan,nan
6922622,3.0,8,453,1,0,453,58,32.74698795180723,0.1280353200883002,0.0,0.8333333333333334,4.609050772626932,nan,nan
6941418,3.0,8,282,2,1,251,29,26.892857142857142,0.11553784860557768,0.0,0.15384615384615385,5.137848605577689,nan,nan
6984632,3.0,8,617,2,1,578,126,17.784615384615385,0.2179930795847751,0.00847457627118644,0.12244897959183673,9.595847750865051,nan,nan
7555066,3.0,8,339,1,0,339,55,25.11111111111111,0.16224188790560473,0.0,0.4,8.693510324483775,nan,nan
7557391,3.0,8,302,1,0,302,58,19.073684210526316,0.19205298013245034,0.0,0.19047619047619047,6.130463576158941,nan,nan
7563440,3.0,8,591,1,0,591,107,23.483443708609272,0.18104906937394247,0.0,0.47058823529411764,9.37834179357022,nan,nan
7564587,3.0,8,242,2,1,197,41,18.761904761904763,0.20812182741116753,0.0,0.5,13.170558375634517,nan,nan
7583768,3.0,8,236,2,2,164,51,10.695652173913043,0.31097560975609756,0.0,0.125,9.940853658536586,nan,nan
7598344,3.0,8,219,1,0,219,41,20.857142857142858,0.1872146118721461,0.0,0.3333333333333333,8.27945205479452,nan,nan
7613495,3.0,8,612,1,0,612,94,27.402985074626866,0.15359477124183007,0.0,0.4375,11.488562091503267,nan,nan
7613518,3.0,8,285,2,2,214,39,19.753846153846155,0.1822429906542056,0.0,0.3333333333333333,12.75140186915888,nan,nan
7613731,3.0,8,271,1,1,233,29,29.74468085106383,0.12446351931330472,0.0,0.25,3.494420600858369,nan,nan
7691124,3.0,8,255,3,2,178,34,16.6875,0.19101123595505617,0.0,0.15384615384615385,5.020224719101123,nan,nan
7691163,3.0,8,301,2,1,267,51,18.204545454545453,0.19101123595505617,0.0,0.15,9.083895131086143,nan,nan
7691232,3.0,8,601,1,0,601,101,20.488636363636363,0.16805324459234608,0.0,0.08928571428571429,5.805324459234609,nan,nan
7691423,3.0,8,303,2,1,260,63,13.448275862068966,0.2423076923076923,0.0,0.08333333333333333,8.40653846153846,nan,nan
7691435,3.0,8,343,1,0,343,75,19.78846153846154,0.21865889212827988,0.034482758620689655,0.3333333333333333,6.247521865889213,nan,nan
7691520,3.0,8,608,2,1,552,61,34.144329896907216,0.1105072463768116,0.0,0.35714285714285715,8.846739130434782,nan,nan
7691542,3.0,8,368,2,1,306,48,26.228571428571428,0.1568627450980392,0.02564102564102564,0.4444444444444444,7.73562091503268,nan,nan
7691885,3.0,8,251,2,1,208,46,15.79746835443038,0.22115384615384615,0.0,0.1875,6.376923076923077,nan,nan
7691909,3.0,8,624,2,1,586,104,21.703703703703702,0.17747440273037543,0.0,0.2413793103448276,4.948293515358362,nan,nan
7795968,3.0,8,252,1,1,195,24,33.42857142857143,0.12307692307692308,0.0,1.0,6.327179487179487,nan,nan
7797310,3.0,8,601,1,0,601,85,22.25925925925926,0.14143094841930118,0.0,0.029850746268656716,4.210316139767055,nan,nan
7799046,3.0,8,454,1,0,454,69,25.942857142857143,0.15198237885462554,0.0,0.29411764705882354,10.148458149779735,nan,nan
7799135,3.0,8,329,1,0,329,55,25.973684210526315,0.16717325227963525,0.0,0.8,9.892705167173252,nan,nan
7799180,3.0,8,645,4,3,515,68,25.537190082644628,0.13203883495145632,0.0,0.21739130434782608,9.812815533980583,nan,nan
7799209,3.0,8,525,1,0,525,92,23.68421052631579,0.17523809523809525,0.0,0.4375,6.384952380952381,nan,nan
7799211,3.0,8,232,3,2,155,35,13.285714285714286,0.22580645161290322,0.0,0.11764705882352941,14.376774193548387,nan,nan
7799420,3.0,8,317,1,1,286,48,28.6,0.16783216783216784,0.02702702702702703,0.8,5.631468531468531,nan,nan
7799507,3.0,8,310,3,2,196,58,11.09433962264151,0.29591836734693877,0.0,0.1111111111111111,24.863775510204082,nan,nan
7852277,3.0,8,247,1,1,202,26,29.5609756097561,0.12871287128712872,0.0,0.4,8.668811881188118,nan,nan
7852403,3.0,8,290,1,0,290,46,26.363636363636363,0.15862068965517243,0.0,0.8,12.720344827586207,nan,nan
7852411,3.0,8,607,3,2,521,102,20.2987012987013,0.19577735124760076,0.0,0.6428571428571429,12.787715930902111,nan,nan
7852420,3.0,8,606,2,1,562,96,22.18421052631579,0.1708185053380783,0.0,0.25925925925925924,8.71085409252669,nan,nan
7852422,3.0,8,216,1,0,216,36,22.736842105263158,0.16666666666666666,0.0,0.375,9.386111111111111,nan,nan
7852445,3.0,8,307,1,0,307,39,30.19672131147541,0.1270358306188925,0.0,0.3333333333333333,11.770032573289903,nan,nan
7852451,3.0,8,314,2,1,261,33,28.472727272727273,0.12643678160919541,0.0,0.25,16.114942528735632,nan,nan
8354596,3.0,8,385,1,0,385,84,18.629032258064516,0.21818181818181817,0.013157894736842105,0.2608695652173913,14.273246753246752,nan,nan
10752853,3.0,9,615,2,1,565,102,15.99056603773585,0.18053097345132743,0.0,0.0,3.6161061946902655,nan,nan
10752864,3.0,9,232,2,1,187,41,12.466666666666667,0.2192513368983957,0.0,0.0,4.089839572192513,nan,nan
10752951,3.0,9,610,1,0,610,121,16.86635944700461,0.19836065573770492,0.0,0.03614457831325301,3.445245901639344,nan,nan
10892045,3.0,9,323,2,1,282,54,14.586206896551724,0.19148936170212766,0.0,0.0,3.6450354609929083,nan,nan
10934834,3.0,9,242,1,0,242,27,29.632653061224488,0.1115702479338843,0.0,0.06666666666666667,3.4648760330578514,nan,nan
10934933,3.0,9,423,1,0,423,62,25.38,0.14657210401891252,0.0,0.18181818181818182,4.329078014184398,nan,nan
10935081,3.0,9,278,1,0,278,44,23.492957746478872,0.15827338129496402,0.0,0.11764705882352941,6.674460431654676,nan,nan
10935136,3.0,9,308,1,1,261,35,28.472727272727273,0.13409961685823754,0.0,0.2,6.153639846743294,nan,nan
10935148,3.0,9,237,2,3,66,8,16.5,0.12121212121212122,0.0,0.0,7.404545454545454,nan,nan
10935358,3.0,9,636,4,3,506,108,15.8125,0.2134387351778656,0.0,0.09259259259259259,7.449802371541502,nan,nan
10935638,3.0,9,228,1,0,228,38,22.06451612903226,0.16666666666666666,0.0,0.14285714285714285,5.042105263157894,nan,nan
10935844,3.0,9,607,1,0,607,111,22.072727272727274,0.1828665568369028,0.0,0.23333333333333334,6.185172981878089,nan,nan
10969051,3.0,9,601,1,0,601,79,28.393700787401574,0.1314475873544093,0.0,0.08571428571428572,3.5600665557404323,nan,nan
11058912,3.0,9,601,1,0,601,154,14.0859375,0.2562396006655574,0.0,0.09090909090909091,6.399833610648919,nan,nan
11071635,3.0,9,423,2,1,377,58,23.31958762886598,0.15384615384615385,0.0,0.13043478260869565,6.589389920424403,nan,nan
11071677,3.0,9,459,2,1,406,67,22.145454545454545,0.16502463054187191,0.0,0.23809523809523808,10.142857142857142,nan,nan
11071727,3.0,9,411,1,0,411,76,21.25862068965517,0.18491484184914841,0.0,0.23809523809523808,6.020194647201947,nan,nan
11071733,3.0,9,257,1,0,257,49,21.123287671232877,0.19066147859922178,0.0,0.5,5.863424124513619,nan,nan
11071965,3.0,9,535,3,2,448,74,22.4,0.16517857142857142,0.0,0.23809523809523808,6.262276785714286,nan,nan
11092058,3.0,9,446,1,1,399,62,25.46808510638298,0.15538847117794485,0.0,0.38461538461538464,9.23984962406015,nan,nan
11092072,3.0,9,247,1,0,247,43,22.454545454545453,0.17408906882591094,0.0,0.3,8.074493927125506,nan,nan
4300268,3.0,9,961,5,4,431,55,24.39622641509434,0.12761020881670534,0.0,0.13043478260869565,6.763109048723898,nan,nan
4303167,3.0,9,610,3,2,518,101,18.72289156626506,0.19498069498069498,0.0,0.17142857142857143,13.015444015444016,nan,nan
4303201,3.0,9,600,1,0,600,80,29.032258064516128,0.13333333333333333,0.0,0.2,5.5465,nan,nan
4326816,3.0,9,606,4,4,446,68,22.115702479338843,0.15246636771300448,0.0,0.15384615384615385,6.877578475336323,nan,nan
4453473,3.0,9,610,3,2,512,92,16.972375690607734,0.1796875,0.0,0.028169014084507043,7.2095703125,nan,nan
4636267,3.0,9,624,4,3,474,87,17.88679245283019,0.18354430379746836,0.0,0.08888888888888889,8.381434599156119,nan,nan
4652239,3.0,9,601,4,4,432,103,14.08695652173913,0.23842592592592593,0.0,0.1,12.48263888888889,nan,nan
4660369,3.0,9,640,3,2,523,80,22.414285714285715,0.15296367112810708,0.0,0.10526315789473684,9.963862332695985,nan,nan
4748312,3.0,9,624,5,4,435,47,25.84158415841584,0.10804597701149425,0.0,0.06896551724137931,6.051954022988506,nan,nan
4748313,3.0,9,770,3,2,465,98,16.607142857142858,0.210752688172043,0.0,0.11627906976744186,9.581720430107527,nan,nan
4779685,3.0,9,669,5,4,405,53,21.89189189189189,0.1308641975308642,0.0,0.058823529411764705,5.6809876543209885,nan,nan
4792372,3.0,9,609,3,3,455,68,23.135593220338983,0.14945054945054945,0.0,0.14814814814814814,5.3865934065934065,nan,nan
4793806,3.0,9,609,4,3,441,85,16.5375,0.1927437641723356,0.0,0.08333333333333333,6.240589569160997,nan,nan
4798549,3.0,9,661,5,4,447,63,20.01492537313433,0.14093959731543623,0.0,0.043478260869565216,6.673601789709172,nan,nan
4944723,3.0,9,650,5,5,292,47,16.846153846153847,0.16095890410958905,0.0,0.029411764705882353,5.206164383561644,nan,nan
4981908,3.0,9,251,1,0,251,37,23.16923076923077,0.14741035856573706,0.0,0.10526315789473684,4.80597609561753,nan,nan
5084249,3.0,9,600,1,0,600,86,23.68421052631579,0.14333333333333334,0.0,0.05555555555555555,4.404666666666667,nan,nan
5133027,3.0,9,628,4,4,395,67,20.608695652173914,0.16962025316455695,0.0,0.29411764705882354,5.815189873417721,nan,nan
5285957,3.0,9,387,1,0,387,42,28.317073170731707,0.10852713178294573,0.0,0.030303030303030304,4.501550387596899,nan,nan
5286334,3.0,9,342,1,0,342,61,22.06451612903226,0.1783625730994152,0.0,0.35714285714285715,7.91578947368421,nan,nan
5395622,3.0,9,231,2,1,198,41,15.631578947368421,0.20707070707070707,0.0,0.09090909090909091,6.643939393939394,nan,nan
5538668,3.0,9,617,1,0,617,126,15.234567901234568,0.20421393841166938,0.0,0.018518518518518517,3.874230145867099,nan,nan
5670672,3.0,9,264,3,2,145,12,24.166666666666668,0.08275862068965517,0.0,0.0,6.975862068965517,nan,nan
5729758,3.0,9,253,1,0,253,36,28.641509433962263,0.1422924901185771,0.0,0.75,5.543083003952569,nan,nan
5763820,3.0,9,989,4,5,347,64,20.01923076923077,0.1844380403458213,0.021739130434782608,0.0967741935483871,12.518731988472622,nan,nan
5917923,3.0,9,272,1,0,272,60,16.15841584158416,0.22058823529411764,0.0,0.10344827586206896,8.430147058823529,nan,nan
5936666,3.0,9,602,1,0,602,94,21.62874251497006,0.15614617940199335,0.0,0.07017543859649122,4.98172757475083,nan,nan
6014730,3.0,9,219,1,0,219,45,16.425,0.2054794520547945,0.0,0.08,8.808219178082192,nan,nan
6051512,3.0,9,601,2,1,568,79,22.42105263157895,0.13908450704225353,0.0,0.03389830508474576,6.296478873239437,nan,nan
6053686,3.0,9,602,1,0,602,108,22.575,0.17940199335548174,0.0,0.25,4.853986710963455,nan,nan
6171971,3.0,9,372,1,0,372,46,30.575342465753426,0.12365591397849462,0.0,0.21428571428571427,4.961827956989247,nan,nan
6172561,3.0,9,239,1,0,239,41,24.305084745762713,0.17154811715481172,0.0,0.6,5.48744769874477,nan,nan
6357847,3.0,9,716,7,6,358,70,14.612244897959183,0.19553072625698323,0.0,0.07317073170731707,11.10558659217877,nan,nan
6358495,3.0,9,308,1,0,308,39,26.4,0.1266233766233766,0.0,0.09523809523809523,5.752597402597402,nan,nan
6422329,3.0,9,269,1,0,269,13,73.36363636363636,0.048327137546468404,0.0,0.5,4.257620817843866,nan,nan
6547817,3.0,9,320,1,1,288,41,27.870967741935484,0.1423611111111111,0.0,0.375,8.169444444444444,nan,nan
6547822,3.0,9,341,4,3,218,21,26.16,0.0963302752293578,0.0,0.09090909090909091,11.411926605504588,nan,nan
6756778,3.0,9,498,1,1,457,45,39.73913043478261,0.09846827133479212,0.0,0.25,6.53129102844639,nan,nan
6896919,3.0,9,619,2,1,564,64,31.626168224299064,0.11347517730496454,0.0,0.16666666666666666,6.875531914893617,nan,nan
6920600,3.0,9,225,1,0,225,37,20.454545454545453,0.16444444444444445,0.0,0.10526315789473684,4.657777777777778,nan,nan
6922501,3.0,9,273,1,1,239,36,26.555555555555557,0.1506276150627615,0.0,0.25,5.544769874476987,nan,nan
6922622,3.0,9,453,1,0,453,58,31.976470588235294,0.1280353200883002,0.0,0.36363636363636365,4.142604856512141,nan,nan
6941418,3.0,9,282,2,1,251,29,22.818181818181817,0.11553784860557768,0.0,0.0,4.94980079681275,nan,nan
6984632,3.0,9,617,2,1,578,126,17.784615384615385,0.2179930795847751,0.00847457627118644,0.12244897959183673,7.486678200692042,nan,nan
7555066,3.0,9,339,1,0,339,55,24.804878048780488,0.16224188790560473,0.0,0.21428571428571427,5.8,nan,nan
7557391,3.0,9,302,1,0,302,58,17.940594059405942,0.19205298013245034,0.0,0.1,4.782450331125828,nan,nan
7563440,3.0,9,591,1,0,591,107,22.443037974683545,0.18104906937394247,0.0,0.25925925925925924,4.987986463620982,nan,nan
7564587,3.0,9,242,2,1,197,41,17.38235294117647,0.20812182741116753,0.0,0.2727272727272727,6.319289340101523,nan,nan
7583768,3.0,9,236,2,2,164,51,10.144329896907216,0.31097560975609756,0.0,0.0625,9.797560975609755,nan,nan
7598344,3.0,9,219,1,0,219,41,20.857142857142858,0.1872146118721461,0.0,0.3333333333333333,8.88812785388128,nan,nan
7613495,3.0,9,612,1,0,612,94,25.678321678321677,0.15359477124183007,0.0,0.16666666666666666,5.701797385620915,nan,nan
7613518,3.0,9,285,2,2,214,39,19.753846153846155,0.1822429906542056,0.0,0.3333333333333333,6.498598130841121,nan,nan
7613731,3.0,9,271,1,1,233,29,29.74468085106383,0.12446351931330472,0.0,0.25,7.187982832618026,nan,nan
7691124,3.0,9,255,3,2,178,34,16.6875,0.19101123595505617,0.0,0.15384615384615385,17.603932584269664,nan,nan
7691163,3.0,9,301,2,1,267,51,17.225806451612904,0.19101123595505617,0.0,0.07142857142857142,5.597003745318353,nan,nan
7691232,3.0,9,601,1,0,601,101,18.683937823834196,0.16805324459234608,0.0,0.024390243902439025,3.31846921797005,nan,nan
7691423,3.0,9,303,2,1,260,63,14.181818181818182,0.2423076923076923,0.0,0.0967741935483871,5.731538461538462,nan,nan
7691435,3.0,9,343,1,0,343,75,19.233644859813083,0.21865889212827988,0.015151515151515152,0.3333333333333333,6.248396501457726,nan,nan
7691520,3.0,9,608,2,1,552,61,32.79207920792079,0.1105072463768116,0.0,0.2,9.334782608695653,nan,nan
7691542,3.0,9,368,2,1,306,48,25.5,0.1568627450980392,0.02564102564102564,0.4,7.410457516339869,nan,nan
7691885,3.0,9,251,2,1,208,46,15.21951219512195,0.22115384615384615,0.0,0.09090909090909091,6.22548076923077,nan,nan
7691909,3.0,9,624,2,1,586,104,21.703703703703702,0.17747440273037543,0.0,0.3076923076923077,4.612457337883959,nan,nan
7795968,3.0,9,252,1,1,195,24,33.42857142857143,0.12307692307692308,0.0,1.0,11.326666666666666,nan,nan
7797310,3.0,9,601,1,0,601,85,21.592814371257486,0.14143094841930118,0.0,0.013333333333333334,7.740765391014975,nan,nan
7799046,3.0,9,454,1,0,454,69,26.97029702970297,0.15198237885462554,0.0,0.38461538461538464,7.216740088105727,nan,nan
7799135,3.0,9,329,1,0,329,55,25.973684210526315,0.16717325227963525,0.0,0.8,11.59483282674772,nan,nan
7799180,3.0,9,645,4,3,515,68,25.537190082644628,0.13203883495145632,0.0,0.21739130434782608,11.265825242718446,nan,nan
7799209,3.0,9,525,1,0,525,92,24.41860465116279,0.17523809523809525,0.0,0.5384615384615384,4.974285714285714,nan,nan
7799211,3.0,9,232,3,2,155,35,13.285714285714286,0.22580645161290322,0.0,0.11764705882352941,25.38967741935484,nan,nan
7799420,3.0,9,317,1,1,286,48,25.235294117647058,0.16783216783216784,0.0,0.8,3.8206293706293706,nan,nan
7799507,3.0,9,310,3,2,196,58,11.09433962264151,0.29591836734693877,0.0,0.1111111111111111,10.222448979591837,nan,nan
7852277,3.0,9,247,1,1,202,26,29.5609756097561,0.12871287128712872,0.0,0.4,5.5876237623762375,nan,nan
7852403,3.0,9,290,1,0,290,46,26.363636363636363,0.15862068965517243,0.0,0.8,6.482413793103449,nan,nan
7852411,3.0,9,607,3,2,521,102,19.0609756097561,0.19577735124760076,0.0,0.23333333333333334,13.736852207293666,nan,nan
7852420,3.0,9,606,2,1,562,96,23.255172413793105,0.1708185053380783,0.0,0.3333333333333333,5.395907473309609,nan,nan
7852422,3.0,9,216,1,0,216,36,23.563636363636363,0.16666666666666666,0.0,0.5,3.869444444444444,nan,nan
7852445,3.0,9,307,1,0,307,39,30.19672131147541,0.1270358306188925,0.0,0.3333333333333333,6.6778501628664495,nan,nan
7852451,3.0,9,314,2,1,261,33,28.472727272727273,0.12643678160919541,0.0,0.25,9.263218390804598,nan,nan
8354596,3.0,9,385,1,0,385,84,17.906976744186046,0.21818181818181817,0.0,0.2608695652173913,7.42935064935065,nan,nan
10752853,3.0,10,615,2,1,565,102,15.99056603773585,0.18053097345132743,0.0,0.0,3.32283185840708,nan,nan
10752864,3.0,10,232,2,1,187,41,12.466666666666667,0.2192513368983957,0.0,0.0,3.839572192513369,nan,nan
10752951,3.0,10,610,1,0,610,121,16.86635944700461,0.19836065573770492,0.0,0.03614457831325301,3.4,nan,nan
10892045,3.0,10,323,2,1,282,54,14.586206896551724,0.19148936170212766,0.0,0.0,6.24822695035461,nan,nan
10934834,3.0,10,242,1,0,242,27,29.632653061224488,0.1115702479338843,0.0,0.06666666666666667,3.3884297520661155,nan,nan
10934933,3.0,10,423,1,0,423,62,23.943396226415093,0.14657210401891252,0.0,0.0967741935483871,3.37919621749409,nan,nan
10935081,3.0,10,278,1,0,278,44,23.492957746478872,0.15827338129496402,0.0,0.11764705882352941,3.4197841726618705,nan,nan
10935136,3.0,10,308,1,1,261,35,28.472727272727273,0.13409961685823754,0.0,0.2,4.571647509578544,nan,nan
10935148,3.0,10,237,2,3,66,8,16.5,0.12121212121212122,0.0,0.0,5.034848484848485,nan,nan
10935358,3.0,10,636,4,3,506,108,15.411167512690355,0.2134387351778656,0.0,0.06557377049180328,5.06501976284585,nan,nan
10935638,3.0,10,228,1,0,228,38,22.06451612903226,0.16666666666666666,0.0,0.14285714285714285,6.526754385964912,nan,nan
10935844,3.0,10,607,1,0,607,111,20.576271186440678,0.1828665568369028,0.0,0.10416666666666667,8.926853377265239,nan,nan
10969051,3.0,10,601,1,0,601,79,28.393700787401574,0.1314475873544093,0.0,0.08571428571428572,5.507154742096506,nan,nan
11058912,3.0,10,601,1,0,601,154,13.816091954022989,0.2562396006655574,0.0,0.07058823529411765,4.818968386023294,nan,nan
11071635,3.0,10,423,2,1,377,58,23.31958762886598,0.15384615384615385,0.0,0.13043478260869565,9.990716180371352,nan,nan
11071677,3.0,10,459,2,1,406,67,21.557522123893804,0.16502463054187191,0.0,0.15384615384615385,8.148522167487686,nan,nan
11071727,3.0,10,411,1,0,411,76,21.63157894736842,0.18491484184914841,0.0,0.2631578947368421,5.2194647201946465,nan,nan
11071733,3.0,10,257,1,0,257,49,19.275,0.19066147859922178,0.0,0.16666666666666666,3.7175097276264593,nan,nan
11071965,3.0,10,535,3,2,448,74,20.676923076923078,0.16517857142857142,0.0,0.08571428571428572,7.246875,nan,nan
11092058,3.0,10,446,1,1,399,62,25.46808510638298,0.15538847117794485,0.0,0.25,11.44185463659148,nan,nan
11092072,3.0,10,247,1,0,247,43,22.454545454545453,0.17408906882591094,0.0,0.2727272727272727,4.882186234817814,nan,nan
4300268,3.0,10,961,5,4,431,55,23.2972972972973,0.12761020881670534,0.0,0.06666666666666667,7.1415313225058,nan,nan
4303167,3.0,10,610,3,2,518,101,17.76,0.19498069498069498,0.0,0.08,14.90926640926641,nan,nan
4303201,3.0,10,600,1,0,600,80,26.470588235294116,0.13333333333333333,0.0,0.06976744186046512,5.3838333333333335,nan,nan
4326816,3.0,10,606,4,4,446,68,22.48739495798319,0.15246636771300448,0.0,0.16,10.71816143497758,nan,nan
4453473,3.0,10,610,3,2,512,92,17.75722543352601,0.1796875,0.0,0.05,4.4169921875,nan,nan
4636267,3.0,10,624,4,3,474,87,18.0,0.18354430379746836,0.0,0.09090909090909091,7.04282700421941,nan,nan
4652239,3.0,10,601,4,4,432,103,13.642105263157895,0.23842592592592593,0.0,0.06666666666666667,12.85,nan,nan
4660369,3.0,10,640,3,2,523,80,21.493150684931507,0.15296367112810708,0.0,0.06382978723404255,6.3942638623326955,nan,nan
4748312,3.0,10,624,5,4,435,47,24.39252336448598,0.10804597701149425,0.0,0.02702702702702703,5.957241379310345,nan,nan
4748313,3.0,10,770,3,2,465,98,16.127167630057805,0.210752688172043,0.0,0.0784313725490196,12.80537634408602,nan,nan
4779685,3.0,10,669,5,4,405,53,20.76923076923077,0.1308641975308642,0.0,0.023809523809523808,7.432098765432099,nan,nan
4792372,3.0,10,609,3,3,455,68,22.75,0.14945054945054945,0.0,0.09375,4.657362637362637,nan,nan
4793806,3.0,10,609,4,3,441,85,15.844311377245509,0.1927437641723356,0.0,0.03333333333333333,6.799773242630385,nan,nan
4798549,3.0,10,661,5,4,447,63,19.294964028776977,0.14093959731543623,0.0,0.018867924528301886,5.799776286353468,nan,nan
4944723,3.0,10,650,5,5,292,47,16.846153846153847,0.16095890410958905,0.0,0.029411764705882353,6.3277397260273975,nan,nan
4981908,3.0,10,251,1,0,251,37,21.211267605633804,0.14741035856573706,0.0,0.037037037037037035,4.1051792828685265,nan,nan
5084249,3.0,10,600,1,0,600,86,22.78481012658228,0.14333333333333334,0.0,0.03225806451612903,3.8313333333333337,nan,nan
5133027,3.0,10,628,4,4,395,67,19.915966386554622,0.16962025316455695,0.0,0.15384615384615385,8.734683544303797,nan,nan
5285957,3.0,10,387,1,0,387,42,29.025,0.10852713178294573,0.0,0.03225806451612903,8.228682170542635,nan,nan
5286334,3.0,10,342,1,0,342,61,18.825688073394495,0.1783625730994152,0.0,0.05263157894736842,4.925730994152047,nan,nan
5395622,3.0,10,231,2,1,198,41,14.487804878048781,0.20707070707070707,0.0,0.03333333333333333,7.193939393939394,nan,nan
5538668,3.0,10,617,1,0,617,126,14.867469879518072,0.20421393841166938,0.0,0.008620689655172414,4.841491085899514,nan,nan
5670672,3.0,10,264,3,2,145,12,24.166666666666668,0.08275862068965517,0.0,0.0,8.413103448275862,nan,nan
5729758,3.0,10,253,1,0,253,36,28.641509433962263,0.1422924901185771,0.0,0.75,6.074703557312254,nan,nan
5763820,3.0,10,989,4,5,347,64,20.21359223300971,0.1844380403458213,0.021739130434782608,0.0625,5.750720461095101,nan,nan
5917923,3.0,10,272,1,0,272,60,16.15841584158416,0.22058823529411764,0.0,0.10344827586206896,5.542279411764706,nan,nan
5936666,3.0,10,602,1,0,602,94,21.62874251497006,0.15614617940199335,0.0,0.05,4.874252491694352,nan,nan
6014730,3.0,10,219,1,0,219,45,16.846153846153847,0.2054794520547945,0.0,0.08695652173913043,7.695433789954338,nan,nan
6051512,3.0,10,601,2,1,568,79,23.666666666666668,0.13908450704225353,0.0,0.0625,5.66443661971831,nan,nan
6053686,3.0,10,602,1,0,602,108,21.12280701754386,0.17940199335548174,0.0,0.11363636363636363,4.914617940199335,nan,nan
6171971,3.0,10,372,1,0,372,46,30.575342465753426,0.12365591397849462,0.0,0.21428571428571427,4.559946236559139,nan,nan
6172561,3.0,10,239,1,0,239,41,24.305084745762713,0.17154811715481172,0.0,0.6,8.35857740585774,nan,nan
6357847,3.0,10,716,7,6,358,70,13.341614906832298,0.19553072625698323,0.0,0.016666666666666666,10.442178770949722,nan,nan
6358495,3.0,10,308,1,0,308,39,22.536585365853657,0.1266233766233766,0.0,0.0,7.803571428571429,nan,nan
6422329,3.0,10,269,1,0,269,13,76.85714285714286,0.048327137546468404,0.0,0.5,4.220446096654275,nan,nan
6547817,3.0,10,320,1,1,288,41,29.28813559322034,0.1423611111111111,0.0,0.6,8.040277777777778,nan,nan
6547822,3.0,10,341,4,3,218,21,26.16,0.0963302752293578,0.0,0.09090909090909091,16.20137614678899,nan,nan
6756778,3.0,10,498,1,1,457,45,41.54545454545455,0.09846827133479212,0.0,0.3333333333333333,5.00218818380744,nan,nan
6896919,3.0,10,619,2,1,564,64,32.53846153846154,0.11347517730496454,0.018867924528301886,0.0967741935483871,4.445921985815603,nan,nan
6920600,3.0,10,225,1,0,225,37,19.014084507042252,0.16444444444444445,0.0,0.037037037037037035,4.614222222222223,nan,nan
6922501,3.0,10,273,1,1,239,36,23.508196721311474,0.1506276150627615,0.0,0.13333333333333333,4.510460251046025,nan,nan
6922622,3.0,10,453,1,0,453,58,31.24137931034483,0.1280353200883002,0.0,0.3076923076923077,3.7962472406181016,nan,nan
6941418,3.0,10,282,2,1,251,29,22.818181818181817,0.11553784860557768,0.0,0.0,9.454980079681274,nan,nan
6984632,3.0,10,617,2,1,578,126,18.847826086956523,0.2179930795847751,0.010869565217391304,0.05714285714285714,5.546539792387543,nan,nan
7555066,3.0,10,339,1,0,339,55,24.50602409638554,0.16224188790560473,0.0,0.2,4.477876106194691,nan,nan
7557391,3.0,10,302,1,0,302,58,17.09433962264151,0.19205298013245034,0.0,0.05263157894736842,9.609933774834436,nan,nan
7563440,3.0,10,591,1,0,591,107,22.73076923076923,0.18104906937394247,0.0,0.2916666666666667,7.835871404399323,nan,nan
7564587,3.0,10,242,2,1,197,41,17.130434782608695,0.20812182741116753,0.0,0.14285714285714285,4.406091370558376,nan,nan
7583768,3.0,10,236,2,2,164,51,9.553398058252426,0.31097560975609756,0.0,0.024390243902439025,8.059146341463414,nan,nan
7598344,3.0,10,219,1,0,219,41,19.611940298507463,0.1872146118721461,0.0,0.125,5.492237442922375,nan,nan
7613495,3.0,10,612,1,0,612,94,25.859154929577464,0.15359477124183007,0.0,0.1724137931034483,5.261928104575164,nan,nan
7613518,3.0,10,285,2,2,214,39,16.894736842105264,0.1822429906542056,0.0,0.038461538461538464,4.356074766355141,nan,nan
7613731,3.0,10,271,1,1,233,29,31.066666666666666,0.12446351931330472,0.0,0.3333333333333333,5.68755364806867,nan,nan
7691124,3.0,10,255,3,2,178,34,16.6875,0.19101123595505617,0.0,0.15384615384615385,22.234269662921346,nan,nan
7691163,3.0,10,301,2,1,267,51,17.41304347826087,0.19101123595505617,0.0,0.07142857142857142,8.117602996254682,nan,nan
7691232,3.0,10,601,1,0,601,101,19.07936507936508,0.16805324459234608,0.0,0.02564102564102564,4.982362728785358,nan,nan
7691423,3.0,10,303,2,1,260,63,13.448275862068966,0.2423076923076923,0.0,0.05,4.5284615384615385,nan,nan
7691435,3.0,10,343,1,0,343,75,17.15,0.21865889212827988,0.0,0.13793103448275862,8.695918367346938,nan,nan
7691520,3.0,10,608,2,1,552,61,33.45454545454545,0.1105072463768116,0.0,0.21052631578947367,6.721739130434782,nan,nan
7691542,3.0,10,368,2,1,306,48,23.240506329113924,0.1568627450980392,0.0,0.2,5.791176470588235,nan,nan
7691885,3.0,10,251,2,1,208,46,15.21951219512195,0.22115384615384615,0.0,0.09090909090909091,8.541346153846153,nan,nan
7691909,3.0,10,624,2,1,586,104,21.30909090909091,0.17747440273037543,0.0,0.21875,7.67815699658703,nan,nan
7795968,3.0,10,252,1,1,195,24,26.0,0.12307692307692308,0.0,0.07142857142857142,3.853333333333333,nan,nan
7797310,3.0,10,601,1,0,601,85,21.592814371257486,0.14143094841930118,0.0,0.013333333333333334,8.212146422628951,nan,nan
7799046,3.0,10,454,1,0,454,69,25.942857142857143,0.15198237885462554,0.0,0.2,4.566960352422908,nan,nan
7799135,3.0,10,329,1,0,329,55,24.675,0.16717325227963525,0.0,0.25,8.90516717325228,nan,nan
7799180,3.0,10,645,4,3,515,68,23.76923076923077,0.13203883495145632,0.0,0.07894736842105263,5.854368932038835,nan,nan
7799209,3.0,10,525,1,0,525,92,24.045801526717558,0.17523809523809525,0.0,0.3333333333333333,5.077333333333333,nan,nan
7799211,3.0,10,232,3,2,155,35,13.676470588235293,0.22580645161290322,0.0,0.125,10.223870967741936,nan,nan
7799420,3.0,10,317,1,1,286,48,28.131147540983605,0.16783216783216784,0.02702702702702703,0.6666666666666666,6.769230769230769,nan,nan
7799507,3.0,10,310,3,2,196,58,9.71900826446281,0.29591836734693877,0.0,0.020833333333333332,13.568367346938777,nan,nan
7852277,3.0,10,247,1,1,202,26,25.78723404255319,0.12871287128712872,0.0,0.07142857142857142,6.732673267326732,nan,nan
7852403,3.0,10,290,1,0,290,46,24.507042253521128,0.15862068965517243,0.0,0.25,7.25551724137931,nan,nan
7852411,3.0,10,607,3,2,521,102,18.388235294117646,0.19577735124760076,0.0,0.15789473684210525,6.8761996161228405,nan,nan
7852420,3.0,10,606,2,1,562,96,20.814814814814813,0.1708185053380783,0.0,0.0851063829787234,5.25711743772242,nan,nan
7852422,3.0,10,216,1,0,216,36,21.6,0.16666666666666666,0.0,0.14285714285714285,6.948611111111112,nan,nan
7852445,3.0,10,307,1,0,307,39,27.90909090909091,0.1270358306188925,0.0,0.11764705882352941,9.990879478827361,nan,nan
7852451,3.0,10,314,2,1,261,33,29.0,0.12643678160919541,0.0,0.25,6.53639846743295,nan,nan
8354596,3.0,10,385,1,0,385,84,13.430232558139535,0.21818181818181817,0.0,0.0,5.736103896103896,nan,nan
10752853,4.0,2,615,2,1,565,92,18.03191489361702,0.16283185840707964,0.0,0.0375,4.2598230088495574,nan,nan
10752864,4.0,2,232,2,1,187,33,16.746268656716417,0.17647058823529413,0.03225806451612903,1.0,3.9914438502673795,nan,nan
10752951,4.0,2,610,1,0,610,95,23.46153846153846,0.1557377049180328,0.0,0.875,3.429672131147541,nan,nan
10892045,4.0,2,323,2,1,282,37,22.263157894736842,0.13120567375886524,0.0,1.0,3.6496453900709223,nan,nan
10934834,4.0,2,242,1,0,242,20,33.76744186046512,0.08264462809917356,0.0,1.0,3.3140495867768593,nan,nan
10934933,4.0,2,423,1,0,423,51,31.725,0.12056737588652482,0.0,1.0,3.5011820330969265,nan,nan
10935081,4.0,2,278,1,0,278,33,31.471698113207548,0.11870503597122302,0.0,1.0,3.722302158273381,nan,nan
10935136,4.0,2,308,1,1,261,30,37.285714285714285,0.11494252873563218,0.11764705882352941,1.0,5.07816091954023,nan,nan
10935148,4.0,2,237,2,3,66,6,18.857142857142858,0.09090909090909091,0.2,1.0,8.192424242424243,nan,nan
10935358,4.0,2,636,4,3,506,81,20.513513513513512,0.1600790513833992,0.10606060606060606,1.0,4.1521739130434785,nan,nan
10935638,4.0,2,228,1,0,228,23,36.0,0.10087719298245613,0.0,1.0,3.419736842105263,nan,nan
10935844,4.0,2,607,1,0,607,93,29.852459016393443,0.15321252059308071,0.09230769230769231,1.0,4.018616144975288,nan,nan
10969051,4.0,2,601,1,0,601,73,34.67307692307692,0.12146422628951747,0.0,1.0,3.553410981697171,nan,nan
11058912,4.0,2,601,1,0,601,100,23.723684210526315,0.16638935108153077,0.30612244897959184,0.9333333333333333,4.6958402662229615,nan,nan
11071635,4.0,2,423,2,1,377,47,29.0,0.1246684350132626,0.047619047619047616,0.7142857142857143,5.676657824933687,nan,nan
11071677,4.0,2,459,2,1,406,54,28.658823529411766,0.1330049261083744,0.019230769230769232,1.0,4.460837438423645,nan,nan
11071727,4.0,2,411,1,0,411,55,29.357142857142858,0.13381995133819952,0.15384615384615385,1.0,4.0781021897810215,nan,nan
11071733,4.0,2,257,1,0,257,39,23.01492537313433,0.1517509727626459,0.05714285714285714,1.0,5.839688715953307,nan,nan
11071965,4.0,2,535,3,2,448,57,29.866666666666667,0.12723214285714285,0.0,1.0,5.533258928571429,nan,nan
11092058,4.0,2,446,1,1,399,49,35.205882352941174,0.12280701754385964,0.022222222222222223,1.0,8.511278195488721,nan,nan
11092072,4.0,2,247,1,0,247,29,33.68181818181818,0.11740890688259109,0.0,1.0,4.424696356275304,nan,nan
4300268,4.0,2,961,5,4,431,44,30.423529411764704,0.10208816705336426,0.0,0.8571428571428571,5.656380510440836,nan,nan
4303167,4.0,2,610,3,2,518,79,23.907692307692308,0.1525096525096525,0.0,0.9090909090909091,9.277606177606177,nan,nan
4303201,4.0,2,600,1,0,600,64,36.0,0.10666666666666667,0.015873015873015872,1.0,5.830500000000001,nan,nan
4326816,4.0,2,606,4,4,446,49,29.733333333333334,0.10986547085201794,0.043478260869565216,1.0,7.056278026905829,nan,nan
4453473,4.0,2,610,3,2,512,71,21.78723404255319,0.138671875,0.0847457627118644,0.875,5.4607421875,nan,nan
4636267,4.0,2,624,4,3,474,70,24.307692307692307,0.14767932489451477,0.014492753623188406,1.0,12.095147679324896,nan,nan
4652239,4.0,2,601,4,4,432,80,19.48872180451128,0.18518518518518517,0.14754098360655737,0.9090909090909091,9.672685185185186,nan,nan
4660369,4.0,2,640,3,2,523,67,25.721311475409838,0.12810707456978968,0.08928571428571429,1.0,4.930975143403442,nan,nan
4748312,4.0,2,624,5,4,435,35,33.037974683544306,0.08045977011494253,0.06060606060606061,1.0,8.808275862068966,nan,nan
4748313,4.0,2,770,3,2,465,82,21.46153846153846,0.17634408602150536,0.02666666666666667,1.0,6.173333333333333,nan,nan
4779685,4.0,2,669,5,4,405,41,28.58823529411765,0.10123456790123457,0.05555555555555555,1.0,5.296296296296297,nan,nan
4792372,4.0,2,609,3,3,455,57,27.857142857142858,0.12527472527472527,0.03773584905660377,0.875,4.8197802197802195,nan,nan
4793806,4.0,2,609,4,3,441,64,22.235294117647058,0.14512471655328799,0.015873015873015872,0.8333333333333334,6.217006802721088,nan,nan
4798549,4.0,2,661,5,4,447,56,24.16216216216216,0.12527964205816555,0.038461538461538464,0.75,6.268008948545861,nan,nan
4944723,4.0,2,650,5,5,292,39,22.46153846153846,0.13356164383561644,0.0,1.0,5.503082191780822,nan,nan
4981908,4.0,2,251,1,0,251,29,30.12,0.11553784860557768,0.08695652173913043,1.0,4.663745019920318,nan,nan
5084249,4.0,2,600,1,0,600,57,36.734693877551024,0.095,0.01818181818181818,1.0,3.3796666666666666,nan,nan
5133027,4.0,2,628,4,4,395,50,26.931818181818183,0.12658227848101267,0.0,0.8571428571428571,6.10253164556962,nan,nan
5285957,4.0,2,387,1,0,387,27,49.40425531914894,0.06976744186046512,0.0,0.8,4.342635658914729,nan,nan
5286334,4.0,2,342,1,0,342,57,23.86046511627907,0.16666666666666666,0.06521739130434782,0.875,3.9108187134502925,nan,nan
5395622,4.0,2,231,2,1,198,35,19.475409836065573,0.17676767676767677,0.0,1.0,6.085353535353536,nan,nan
5538668,4.0,2,617,1,0,617,114,16.308370044052865,0.1847649918962723,0.08333333333333333,0.8235294117647058,3.3803889789303074,nan,nan
5670672,4.0,2,264,3,2,145,9,30.0,0.06206896551724138,0.0,0.6666666666666666,3.975862068965517,nan,nan
5729758,4.0,2,253,1,0,253,30,33.0,0.11857707509881422,0.0,0.75,4.397628458498024,nan,nan
5763820,4.0,2,989,4,5,347,56,23.93103448275862,0.16138328530259366,0.09090909090909091,1.0,8.020749279538904,nan,nan
5917923,4.0,2,272,1,0,272,51,19.428571428571427,0.1875,0.0,0.875,5.175,nan,nan
5936666,4.0,2,602,1,0,602,70,33.137614678899084,0.11627906976744186,0.015384615384615385,1.0,6.009136212624584,nan,nan
6014730,4.0,2,219,1,0,219,32,23.89090909090909,0.1461187214611872,0.0,1.0,6.9840182648401825,nan,nan
6051512,4.0,2,601,2,1,568,56,34.08,0.09859154929577464,0.0,0.9,3.9295774647887325,nan,nan
6053686,4.0,2,602,1,0,602,77,29.85123966942149,0.12790697674418605,0.0,0.9090909090909091,5.222425249169436,nan,nan
6171971,4.0,2,372,1,0,372,37,34.33846153846154,0.09946236559139784,0.0,0.8571428571428571,3.832258064516129,nan,nan
6172561,4.0,2,239,1,0,239,32,28.68,0.13389121338912133,0.0,1.0,4.4209205020920495,nan,nan
6357847,4.0,2,716,7,6,358,59,17.184,0.164804469273743,0.0,1.0,7.6846368715083795,nan,nan
6358495,4.0,2,308,1,0,308,29,37.714285714285715,0.09415584415584416,0.08333333333333333,1.0,4.95974025974026,nan,nan
6422329,4.0,2,269,1,0,269,7,115.28571428571429,0.026022304832713755,0.0,1.0,4.44907063197026,nan,nan
6547817,4.0,2,320,1,1,288,24,49.371428571428574,0.08333333333333333,0.05555555555555555,1.0,4.317361111111111,nan,nan
6547822,4.0,2,341,4,3,218,18,25.153846153846153,0.08256880733944955,0.13333333333333333,1.0,8.406422018348623,nan,nan
6756778,4.0,2,498,1,1,457,32,51.735849056603776,0.0700218818380744,0.0,0.8,3.3796498905908097,nan,nan
6896919,4.0,2,619,2,1,564,53,34.88659793814433,0.09397163120567376,0.11904761904761904,0.4666666666666667,4.8863475177304965,nan,nan
6920600,4.0,2,225,1,0,225,28,32.926829268292686,0.12444444444444444,0.23076923076923078,1.0,5.113777777777777,nan,nan
6922501,4.0,2,273,1,1,239,32,29.26530612244898,0.13389121338912133,0.03333333333333333,1.0,4.641004184100419,nan,nan
6922622,4.0,2,453,1,0,453,41,42.46875,0.09050772626931568,0.0,1.0,3.6509933774834438,nan,nan
6941418,4.0,2,282,2,1,251,19,38.61538461538461,0.07569721115537849,0.058823529411764705,1.0,6.663745019920318,nan,nan
6984632,4.0,2,617,2,1,578,107,20.4,0.185121107266436,0.021505376344086023,0.3333333333333333,5.972491349480968,nan,nan
7555066,4.0,2,339,1,0,339,38,36.981818181818184,0.11209439528023599,0.15384615384615385,1.0,5.504424778761062,nan,nan
7557391,4.0,2,302,1,0,302,54,21.31764705882353,0.17880794701986755,0.0,1.0,6.9642384105960256,nan,nan
7563440,4.0,2,591,1,0,591,81,29.55,0.13705583756345177,0.0,1.0,4.788832487309644,nan,nan
7564587,4.0,2,242,2,1,197,32,21.88888888888889,0.16243654822335024,0.0,1.0,7.019796954314721,nan,nan
7583768,4.0,2,236,2,2,164,38,15.375,0.23170731707317074,0.029411764705882353,1.0,7.757926829268293,nan,nan
7598344,4.0,2,219,1,0,219,35,24.333333333333332,0.1598173515981735,0.0,1.0,5.815525114155251,nan,nan
7613495,4.0,2,612,1,0,612,65,39.91304347826087,0.10620915032679738,0.0,1.0,4.428758169934641,nan,nan
7613518,4.0,2,285,2,2,214,34,22.137931034482758,0.1588785046728972,0.29411764705882354,1.0,7.384579439252336,nan,nan
7613731,4.0,2,271,1,1,233,21,38.833333333333336,0.09012875536480687,0.25,1.0,4.250214592274678,nan,nan
7691124,4.0,2,255,3,2,178,28,19.77777777777778,0.15730337078651685,0.0,1.0,11.791011235955057,nan,nan
7691163,4.0,2,301,2,1,267,42,23.217391304347824,0.15730337078651685,0.0,1.0,6.957677902621723,nan,nan
7691232,4.0,2,601,1,0,601,91,22.82278481012658,0.15141430948419302,0.08333333333333333,0.9411764705882353,4.150249584026622,nan,nan
7691423,4.0,2,303,2,1,260,47,18.795180722891565,0.18076923076923077,0.045454545454545456,1.0,6.775769230769231,nan,nan
7691435,4.0,2,343,1,0,343,55,24.5,0.16034985422740525,0.17647058823529413,1.0,5.9524781341107875,nan,nan
7691520,4.0,2,608,2,1,552,49,43.578947368421055,0.08876811594202899,0.02127659574468085,1.0,7.511413043478261,nan,nan
7691542,4.0,2,368,2,1,306,42,28.246153846153845,0.13725490196078433,0.2,1.0,11.520588235294118,nan,nan
7691885,4.0,2,251,2,1,208,38,19.5,0.18269230769230768,0.0,1.0,6.9245192307692305,nan,nan
7691909,4.0,2,624,2,1,586,87,26.43609022556391,0.14846416382252559,0.0,1.0,5.6110921501706486,nan,nan
7795968,4.0,2,252,1,1,195,19,37.74193548387097,0.09743589743589744,0.0,1.0,9.96923076923077,nan,nan
7797310,4.0,2,601,1,0,601,78,29.080645161290324,0.129783693843594,0.0,0.4444444444444444,5.89783693843594,nan,nan
7799046,4.0,2,454,1,0,454,53,32.42857142857143,0.11674008810572688,0.175,1.0,6.68898678414097,nan,nan
7799135,4.0,2,329,1,0,329,42,30.369230769230768,0.1276595744680851,0.0,1.0,6.021580547112462,nan,nan
7799180,4.0,2,645,4,3,515,55,32.1875,0.10679611650485436,0.2962962962962963,0.8888888888888888,6.905242718446601,nan,nan
7799209,4.0,2,525,1,0,525,72,30.88235294117647,0.13714285714285715,0.0,1.0,4.33847619047619,nan,nan
7799211,4.0,2,232,3,2,155,29,15.5,0.1870967741935484,0.0,0.8333333333333334,12.44,nan,nan
7799420,4.0,2,317,1,1,286,34,33.0,0.11888111888111888,0.35294117647058826,1.0,6.8367132867132865,nan,nan
7799507,4.0,2,310,3,2,196,54,12.378947368421052,0.2755102040816326,0.0,0.7777777777777778,13.456122448979592,nan,nan
7852277,4.0,2,247,1,1,202,19,39.096774193548384,0.09405940594059406,0.0,1.0,10.693564356435644,nan,nan
7852403,4.0,2,290,1,0,290,36,35.51020408163265,0.12413793103448276,0.2777777777777778,1.0,6.964827586206896,nan,nan
7852411,4.0,2,607,3,2,521,80,24.046153846153846,0.15355086372360843,0.01282051282051282,1.0,5.8748560460652595,nan,nan
7852420,4.0,2,606,2,1,562,76,29.57894736842105,0.13523131672597866,0.0,1.0,5.8145907473309615,nan,nan
7852422,4.0,2,216,1,0,216,30,29.454545454545453,0.1388888888888889,0.0,1.0,6.663425925925925,nan,nan
7852445,4.0,2,307,1,0,307,32,36.84,0.10423452768729642,0.0,1.0,7.476221498371335,nan,nan
7852451,4.0,2,314,2,1,261,30,29.547169811320753,0.11494252873563218,0.08,1.0,4.67816091954023,nan,nan
8354596,4.0,2,385,1,0,385,80,21.0,0.2077922077922078,0.14,1.0,3.951688311688312,nan,nan
10752853,4.0,3,615,2,1,565,92,18.03191489361702,0.16283185840707964,0.0,0.0375,3.1012389380530974,nan,nan
10752864,4.0,3,232,2,1,187,33,17.0,0.17647058823529413,0.0,1.0,3.3454545454545457,nan,nan
10752951,4.0,3,610,1,0,610,95,24.07894736842105,0.1557377049180328,0.0,0.7058823529411765,3.0870491803278686,nan,nan
10892045,4.0,3,323,2,1,282,37,22.263157894736842,0.13120567375886524,0.0,1.0,3.274822695035461,nan,nan
10934834,4.0,3,242,1,0,242,20,39.24324324324324,0.08264462809917356,0.0,0.6,4.549586776859504,nan,nan
10934933,4.0,3,423,1,0,423,51,31.725,0.12056737588652482,0.0,1.0,3.4862884160756504,nan,nan
10935081,4.0,3,278,1,0,278,33,31.471698113207548,0.11870503597122302,0.0,1.0,3.3323741007194245,nan,nan
10935136,4.0,3,308,1,1,261,30,37.285714285714285,0.11494252873563218,0.11764705882352941,1.0,3.9226053639846743,nan,nan
10935148,4.0,3,237,2,3,66,6,20.842105263157894,0.09090909090909091,0.0,0.3333333333333333,4.424242424242424,nan,nan
10935358,4.0,3,636,4,3,506,81,21.23076923076923,0.1600790513833992,0.04054054054054054,1.0,4.2256916996047424,nan,nan
10935638,4.0,3,228,1,0,228,23,36.0,0.10087719298245613,0.0,1.0,3.890789473684211,nan,nan
10935844,4.0,3,607,1,0,607,93,30.09917355371901,0.15321252059308071,0.09230769230769231,0.7272727272727273,3.6492586490939045,nan,nan
10969051,4.0,3,601,1,0,601,73,35.00970873786408,0.12146422628951747,0.0,0.6666666666666666,4.827121464226289,nan,nan
11058912,4.0,3,601,1,0,601,100,24.364864864864863,0.16638935108153077,0.19642857142857142,0.9333333333333333,5.674708818635607,nan,nan
11071635,4.0,3,423,2,1,377,47,29.376623376623378,0.1246684350132626,0.022727272727272728,0.7142857142857143,4.83342175066313,nan,nan
11071677,4.0,3,459,2,1,406,54,28.658823529411766,0.1330049261083744,0.019230769230769232,1.0,4.358620689655172,nan,nan
11071727,4.0,3,411,1,0,411,55,30.825,0.13381995133819952,0.0425531914893617,1.0,5.728953771289538,nan,nan
11071733,4.0,3,257,1,0,257,39,24.09375,0.1517509727626459,0.0,0.7142857142857143,8.83774319066148,nan,nan
11071965,4.0,3,535,3,2,448,57,29.866666666666667,0.12723214285714285,0.0,1.0,5.1921875,nan,nan
11092058,4.0,3,446,1,1,399,49,35.205882352941174,0.12280701754385964,0.022222222222222223,1.0,6.187218045112782,nan,nan
11092072,4.0,3,247,1,0,247,29,33.68181818181818,0.11740890688259109,0.0,1.0,3.9186234817813763,nan,nan
4300268,4.0,3,961,5,4,431,44,30.423529411764704,0.10208816705336426,0.0,0.8571428571428571,5.481438515081207,nan,nan
4303167,4.0,3,610,3,2,518,79,23.907692307692308,0.1525096525096525,0.0,0.9090909090909091,13.237258687258686,nan,nan
4303201,4.0,3,600,1,0,600,64,36.36363636363637,0.10666666666666667,0.0,1.0,7.204333333333334,nan,nan
4326816,4.0,3,606,4,4,446,49,30.40909090909091,0.10986547085201794,0.0,1.0,10.931165919282511,nan,nan
4453473,4.0,3,610,3,2,512,71,23.272727272727273,0.138671875,0.03076923076923077,0.47619047619047616,4.18046875,nan,nan
4636267,4.0,3,624,4,3,474,70,24.517241379310345,0.14767932489451477,0.0,1.0,7.997046413502109,nan,nan
4652239,4.0,3,601,4,4,432,80,19.48872180451128,0.18518518518518517,0.14754098360655737,0.9090909090909091,6.733796296296297,nan,nan
4660369,4.0,3,640,3,2,523,67,27.286956521739132,0.12810707456978968,0.034482758620689655,0.8333333333333334,4.854875717017208,nan,nan
4748312,4.0,3,624,5,4,435,35,34.8,0.08045977011494253,0.0,0.5555555555555556,5.870114942528736,nan,nan
4748313,4.0,3,770,3,2,465,82,21.46153846153846,0.17634408602150536,0.02666666666666667,1.0,5.566666666666666,nan,nan
4779685,4.0,3,669,5,4,405,41,29.27710843373494,0.10123456790123457,0.02702702702702703,1.0,7.628641975308642,nan,nan
4792372,4.0,3,609,3,3,455,57,28.736842105263158,0.12527472527472527,0.0,0.6666666666666666,5.933846153846154,nan,nan
4793806,4.0,3,609,4,3,441,64,22.615384615384617,0.14512471655328799,0.0,0.6923076923076923,5.291383219954649,nan,nan
4798549,4.0,3,661,5,4,447,56,24.605504587155963,0.12527964205816555,0.018518518518518517,0.5714285714285714,6.546085011185682,nan,nan
4944723,4.0,3,650,5,5,292,39,22.46153846153846,0.13356164383561644,0.0,1.0,7.645890410958904,nan,nan
4981908,4.0,3,251,1,0,251,29,30.73469387755102,0.11553784860557768,0.04,1.0,6.529482071713148,nan,nan
5084249,4.0,3,600,1,0,600,57,37.11340206185567,0.095,0.0,0.6666666666666666,4.253333333333333,nan,nan
5133027,4.0,3,628,4,4,395,50,26.931818181818183,0.12658227848101267,0.0,0.8571428571428571,7.41746835443038,nan,nan
5285957,4.0,3,387,1,0,387,27,49.40425531914894,0.06976744186046512,0.0,0.8,3.5291989664082686,nan,nan
5286334,4.0,3,342,1,0,342,57,24.141176470588235,0.16666666666666666,0.041666666666666664,0.875,5.15233918128655,nan,nan
5395622,4.0,3,231,2,1,198,35,19.475409836065573,0.17676767676767677,0.0,1.0,10.353535353535353,nan,nan
5538668,4.0,3,617,1,0,617,114,17.884057971014492,0.1847649918962723,0.06976744186046512,0.14492753623188406,3.827876823338736,nan,nan
5670672,4.0,3,264,3,2,145,9,31.071428571428573,0.06206896551724138,0.0,0.25,3.9255172413793105,nan,nan
5729758,4.0,3,253,1,0,253,30,33.0,0.11857707509881422,0.0,0.75,4.678260869565217,nan,nan
5763820,4.0,3,989,4,5,347,56,24.49411764705882,0.16138328530259366,0.09375,0.7777777777777778,6.512968299711815,nan,nan
5917923,4.0,3,272,1,0,272,51,19.428571428571427,0.1875,0.0,0.875,4.195588235294117,nan,nan
5936666,4.0,3,602,1,0,602,70,33.44444444444444,0.11627906976744186,0.015384615384615385,0.75,5.6368770764119605,nan,nan
6014730,4.0,3,219,1,0,219,32,24.333333333333332,0.1461187214611872,0.0,0.6666666666666666,6.715525114155251,nan,nan
6051512,4.0,3,601,2,1,568,56,34.42424242424242,0.09859154929577464,0.0,0.6666666666666666,3.7799295774647885,nan,nan
6053686,4.0,3,602,1,0,602,77,29.85123966942149,0.12790697674418605,0.0,0.9090909090909091,4.009136212624584,nan,nan
6171971,4.0,3,372,1,0,372,37,36.0,0.09946236559139784,0.0,0.7142857142857143,3.318010752688172,nan,nan
6172561,4.0,3,239,1,0,239,32,29.26530612244898,0.13389121338912133,0.0,0.6,3.7485355648535563,nan,nan
6357847,4.0,3,716,7,6,358,59,17.463414634146343,0.164804469273743,0.0,0.6923076923076923,10.117877094972066,nan,nan
6358495,4.0,3,308,1,0,308,29,38.5,0.09415584415584416,0.08333333333333333,1.0,4.781818181818181,nan,nan
6422329,4.0,3,269,1,0,269,7,115.28571428571429,0.026022304832713755,0.0,1.0,5.0788104089219335,nan,nan
6547817,4.0,3,320,1,1,288,24,48.0,0.08333333333333333,0.05555555555555555,1.0,3.8680555555555554,nan,nan
6547822,4.0,3,341,4,3,218,18,27.25,0.08256880733944955,0.0,0.42857142857142855,5.3940366972477065,nan,nan
6756778,4.0,3,498,1,1,457,32,51.735849056603776,0.0700218818380744,0.0,0.8,3.7560175054704596,nan,nan
6896919,4.0,3,619,2,1,564,53,37.6,0.09397163120567376,0.09523809523809523,0.7,6.075531914893617,nan,nan
6920600,4.0,3,225,1,0,225,28,35.526315789473685,0.12444444444444444,0.15384615384615385,1.0,5.131555555555555,nan,nan
6922501,4.0,3,273,1,1,239,32,28.11764705882353,0.13389121338912133,0.034482758620689655,1.0,4.298326359832636,nan,nan
6922622,4.0,3,453,1,0,453,41,42.46875,0.09050772626931568,0.0,1.0,3.792494481236203,nan,nan
6941418,4.0,3,282,2,1,251,19,39.63157894736842,0.07569721115537849,0.0,1.0,4.194422310756972,nan,nan
6984632,4.0,3,617,2,1,578,107,20.766467065868262,0.185121107266436,0.021505376344086023,0.6363636363636364,5.003460207612457,nan,nan
7555066,4.0,3,339,1,0,339,38,36.981818181818184,0.11209439528023599,0.06451612903225806,1.0,7.982300884955753,nan,nan
7557391,4.0,3,302,1,0,302,54,21.069767441860463,0.17880794701986755,0.0,1.0,6.316556291390728,nan,nan
7563440,4.0,3,591,1,0,591,81,29.798319327731093,0.13705583756345177,0.0,0.8,4.354991539763113,nan,nan
7564587,4.0,3,242,2,1,197,32,22.30188679245283,0.16243654822335024,0.0,0.6,5.785279187817259,nan,nan
7583768,4.0,3,236,2,2,164,38,15.375,0.23170731707317074,0.029411764705882353,1.0,4.951829268292683,nan,nan
7598344,4.0,3,219,1,0,219,35,24.333333333333332,0.1598173515981735,0.0,1.0,5.311415525114155,nan,nan
7613495,4.0,3,612,1,0,612,65,38.25,0.10620915032679738,0.0,1.0,6.7390522875817,nan,nan
7613518,4.0,3,285,2,2,214,34,25.176470588235293,0.1588785046728972,0.15789473684210525,1.0,8.964485981308412,nan,nan
7613731,4.0,3,271,1,1,233,21,39.94285714285714,0.09012875536480687,0.25,1.0,3.8759656652360515,nan,nan
7691124,4.0,3,255,3,2,178,28,19.77777777777778,0.15730337078651685,0.0,1.0,7.974719101123595,nan,nan
7691163,4.0,3,301,2,1,267,42,23.558823529411764,0.15730337078651685,0.0,1.0,6.616104868913857,nan,nan
7691232,4.0,3,601,1,0,601,91,25.574468085106382,0.15141430948419302,0.04,0.7058823529411765,4.571214642262896,nan,nan
7691423,4.0,3,303,2,1,260,47,19.25925925925926,0.18076923076923077,0.0,1.0,11.86923076923077,nan,nan
7691435,4.0,3,343,1,0,343,55,25.40740740740741,0.16034985422740525,0.075,1.0,5.648104956268221,nan,nan
7691520,4.0,3,608,2,1,552,49,57.10344827586207,0.08876811594202899,0.11538461538461539,0.6666666666666666,4.635326086956521,nan,nan
7691542,4.0,3,368,2,1,306,42,29.612903225806452,0.13725490196078433,0.1111111111111111,1.0,4.891176470588236,nan,nan
7691885,4.0,3,251,2,1,208,38,19.5,0.18269230769230768,0.0,1.0,5.926442307692308,nan,nan
7691909,4.0,3,624,2,1,586,87,26.044444444444444,0.14846416382252559,0.0,0.9090909090909091,4.7513651877133105,nan,nan
7795968,4.0,3,252,1,1,195,19,37.74193548387097,0.09743589743589744,0.0,1.0,6.1066666666666665,nan,nan
7797310,4.0,3,601,1,0,601,78,29.080645161290324,0.129783693843594,0.0,0.4444444444444444,4.498502495840266,nan,nan
7799046,4.0,3,454,1,0,454,53,32.42857142857143,0.11674008810572688,0.041666666666666664,1.0,5.148678414096916,nan,nan
7799135,4.0,3,329,1,0,329,42,30.369230769230768,0.1276595744680851,0.0,1.0,4.556838905775076,nan,nan
7799180,4.0,3,645,4,3,515,55,33.225806451612904,0.10679611650485436,0.075,0.7777777777777778,6.388932038834952,nan,nan
7799209,4.0,3,525,1,0,525,72,30.28846153846154,0.13714285714285715,0.0,0.7777777777777778,6.166285714285714,nan,nan
7799211,4.0,3,232,3,2,155,29,15.5,0.1870967741935484,0.0,0.8333333333333334,10.14516129032258,nan,nan
7799420,4.0,3,317,1,1,286,34,33.0,0.11888111888111888,0.07142857142857142,1.0,5.972027972027972,nan,nan
7799507,4.0,3,310,3,2,196,54,12.782608695652174,0.2755102040816326,0.0,0.75,9.260714285714286,nan,nan
7852277,4.0,3,247,1,1,202,19,40.4,0.09405940594059406,0.0,1.0,7.278712871287128,nan,nan
7852403,4.0,3,290,1,0,290,36,36.25,0.12413793103448276,0.2,1.0,4.77896551724138,nan,nan
7852411,4.0,3,607,3,2,521,80,24.421875,0.15355086372360843,0.0,1.0,8.12514395393474,nan,nan
7852420,4.0,3,606,2,1,562,76,29.321739130434782,0.13523131672597866,0.0,0.8888888888888888,4.981672597864768,nan,nan
7852422,4.0,3,216,1,0,216,30,28.8,0.1388888888888889,0.0,1.0,9.891203703703704,nan,nan
7852445,4.0,3,307,1,0,307,32,39.191489361702125,0.10423452768729642,0.0,1.0,8.353420195439739,nan,nan
7852451,4.0,3,314,2,1,261,30,30.115384615384617,0.11494252873563218,0.037037037037037035,1.0,7.311877394636015,nan,nan
8354596,4.0,3,385,1,0,385,80,22.871287128712872,0.2077922077922078,0.07407407407407407,1.0,4.601818181818182,nan,nan
10752853,4.0,4,615,2,1,565,92,18.03191489361702,0.16283185840707964,0.0,0.0375,3.2472566371681415,nan,nan
10752864,4.0,4,232,2,1,187,33,17.53125,0.17647058823529413,0.0,0.8571428571428571,3.4941176470588236,nan,nan
10752951,4.0,4,610,1,0,610,95,24.07894736842105,0.1557377049180328,0.0,0.43478260869565216,3.872950819672131,nan,nan
10892045,4.0,4,323,2,1,282,37,22.864864864864863,0.13120567375886524,0.0,0.5,5.00531914893617,nan,nan
10934834,4.0,4,242,1,0,242,20,37.23076923076923,0.08264462809917356,0.0,0.42857142857142855,3.4016528925619838,nan,nan
10934933,4.0,4,423,1,0,423,51,31.725,0.12056737588652482,0.0,1.0,4.131442080378251,nan,nan
10935081,4.0,4,278,1,0,278,33,31.471698113207548,0.11870503597122302,0.0,1.0,3.2075539568345324,nan,nan
10935136,4.0,4,308,1,1,261,30,37.285714285714285,0.11494252873563218,0.11764705882352941,1.0,3.918773946360153,nan,nan
10935148,4.0,4,237,2,3,66,6,20.842105263157894,0.09090909090909091,0.0,0.3333333333333333,4.401515151515151,nan,nan
10935358,4.0,4,636,4,3,506,81,21.23076923076923,0.1600790513833992,0.01282051282051282,1.0,4.638339920948616,nan,nan
10935638,4.0,4,228,1,0,228,23,36.0,0.10087719298245613,0.0,1.0,3.341666666666667,nan,nan
10935844,4.0,4,607,1,0,607,93,30.35,0.15321252059308071,0.07462686567164178,0.7272727272727273,4.918780889621087,nan,nan
10969051,4.0,4,601,1,0,601,73,35.00970873786408,0.12146422628951747,0.0,0.6666666666666666,3.8003327787021632,nan,nan
11058912,4.0,4,601,1,0,601,100,24.364864864864863,0.16638935108153077,0.08450704225352113,0.7222222222222222,4.30549084858569,nan,nan
11071635,4.0,4,423,2,1,377,47,29.376623376623378,0.1246684350132626,0.0,0.7142857142857143,4.1713527851458885,nan,nan
11071677,4.0,4,459,2,1,406,54,28.658823529411766,0.1330049261083744,0.0,0.625,4.449014778325123,nan,nan
11071727,4.0,4,411,1,0,411,55,30.825,0.13381995133819952,0.0425531914893617,1.0,4.57007299270073,nan,nan
11071733,4.0,4,257,1,0,257,39,24.476190476190474,0.1517509727626459,0.0,0.4444444444444444,5.690272373540856,nan,nan
11071965,4.0,4,535,3,2,448,57,29.866666666666667,0.12723214285714285,0.0,1.0,4.568080357142857,nan,nan
11092058,4.0,4,446,1,1,399,49,35.205882352941174,0.12280701754385964,0.022222222222222223,1.0,7.640852130325814,nan,nan
11092072,4.0,4,247,1,0,247,29,33.68181818181818,0.11740890688259109,0.0,1.0,3.565991902834008,nan,nan
4300268,4.0,4,961,5,4,431,44,30.423529411764704,0.10208816705336426,0.0,0.8571428571428571,5.364733178654292,nan,nan
4303167,4.0,4,610,3,2,518,79,23.907692307692308,0.1525096525096525,0.0,0.9090909090909091,10.243243243243244,nan,nan
4303201,4.0,4,600,1,0,600,64,36.36363636363637,0.10666666666666667,0.0,0.7,4.238833333333334,nan,nan
4326816,4.0,4,606,4,4,446,49,30.40909090909091,0.10986547085201794,0.0,1.0,6.046636771300449,nan,nan
4453473,4.0,4,610,3,2,512,71,23.813953488372093,0.138671875,0.0,0.36363636363636365,5.16484375,nan,nan
4636267,4.0,4,624,4,3,474,70,24.517241379310345,0.14767932489451477,0.0,0.7272727272727273,7.535443037974684,nan,nan
4652239,4.0,4,601,4,4,432,80,19.48872180451128,0.18518518518518517,0.012987012987012988,0.9090909090909091,6.079398148148148,nan,nan
4660369,4.0,4,640,3,2,523,67,27.286956521739132,0.12810707456978968,0.01639344262295082,0.8333333333333334,6.038623326959847,nan,nan
4748312,4.0,4,624,5,4,435,35,34.8,0.08045977011494253,0.0,0.5555555555555556,6.5377011494252875,nan,nan
4748313,4.0,4,770,3,2,465,82,21.46153846153846,0.17634408602150536,0.01282051282051282,1.0,5.468387096774194,nan,nan
4779685,4.0,4,669,5,4,405,41,29.634146341463413,0.10123456790123457,0.02702702702702703,0.45454545454545453,6.187654320987654,nan,nan
4792372,4.0,4,609,3,3,455,57,28.736842105263158,0.12527472527472527,0.0,0.75,4.286813186813187,nan,nan
4793806,4.0,4,609,4,3,441,64,23.008695652173913,0.14512471655328799,0.03571428571428571,0.5333333333333333,7.914965986394558,nan,nan
4798549,4.0,4,661,5,4,447,56,24.605504587155963,0.12527964205816555,0.0,0.4375,5.501565995525727,nan,nan
4944723,4.0,4,650,5,5,292,39,22.46153846153846,0.13356164383561644,0.0,1.0,6.516780821917808,nan,nan
4981908,4.0,4,251,1,0,251,29,32.04255319148936,0.11553784860557768,0.04,1.0,5.231075697211155,nan,nan
5084249,4.0,4,600,1,0,600,57,34.95145631067961,0.095,0.0,0.18518518518518517,3.26,nan,nan
5133027,4.0,4,628,4,4,395,50,26.043956043956044,0.12658227848101267,0.0,0.6666666666666666,5.31367088607595,nan,nan
5285957,4.0,4,387,1,0,387,27,51.6,0.06976744186046512,0.0,1.0,3.9498708010335917,nan,nan
5286334,4.0,4,342,1,0,342,57,23.86046511627907,0.16666666666666666,0.02040816326530612,0.7,3.894444444444445,nan,nan
5395622,4.0,4,231,2,1,198,35,19.475409836065573,0.17676767676767677,0.0,0.5714285714285714,5.314646464646464,nan,nan
5538668,4.0,4,617,1,0,617,114,17.97087378640777,0.1847649918962723,0.0425531914893617,0.14925373134328357,3.439222042139384,nan,nan
5670672,4.0,4,264,3,2,145,9,31.071428571428573,0.06206896551724138,0.0,0.25,4.100689655172414,nan,nan
5729758,4.0,4,253,1,0,253,30,33.733333333333334,0.11857707509881422,0.0,1.0,4.316600790513833,nan,nan
5763820,4.0,4,989,4,5,347,56,24.49411764705882,0.16138328530259366,0.02631578947368421,0.5454545454545454,7.688184438040346,nan,nan
5917923,4.0,4,272,1,0,272,51,18.976744186046513,0.1875,0.0,0.2,6.179411764705883,nan,nan
5936666,4.0,4,602,1,0,602,70,33.44444444444444,0.11627906976744186,0.015384615384615385,0.6153846153846154,4.079734219269103,nan,nan
6014730,4.0,4,219,1,0,219,32,25.764705882352942,0.1461187214611872,0.0,1.0,5.102283105022831,nan,nan
6051512,4.0,4,601,2,1,568,56,33.411764705882355,0.09859154929577464,0.0,0.3888888888888889,3.8897887323943663,nan,nan
6053686,4.0,4,602,1,0,602,77,29.85123966942149,0.12790697674418605,0.0,0.9090909090909091,3.6911960132890362,nan,nan
6171971,4.0,4,372,1,0,372,37,36.0,0.09946236559139784,0.0,0.7142857142857143,6.527688172043011,nan,nan
6172561,4.0,4,239,1,0,239,32,29.875,0.13389121338912133,0.0,1.0,4.888284518828452,nan,nan
6357847,4.0,4,716,7,6,358,59,17.9,0.164804469273743,0.0,0.6153846153846154,9.4231843575419,nan,nan
6358495,4.0,4,308,1,0,308,29,38.5,0.09415584415584416,0.0,1.0,4.19025974025974,nan,nan
6422329,4.0,4,269,1,0,269,7,115.28571428571429,0.026022304832713755,0.0,1.0,5.222304832713754,nan,nan
6547817,4.0,4,320,1,1,288,24,48.0,0.08333333333333333,0.05555555555555555,1.0,3.8447916666666666,nan,nan
6547822,4.0,4,341,4,3,218,18,27.25,0.08256880733944955,0.0,0.09090909090909091,6.327064220183486,nan,nan
6756778,4.0,4,498,1,1,457,32,51.735849056603776,0.0700218818380744,0.0,0.8,3.6433260393873086,nan,nan
6896919,4.0,4,619,2,1,564,53,37.6,0.09397163120567376,0.02040816326530612,0.7,4.234929078014185,nan,nan
6920600,4.0,4,225,1,0,225,28,35.526315789473685,0.12444444444444444,0.0625,0.5,4.100888888888889,nan,nan
6922501,4.0,4,273,1,1,239,32,28.11764705882353,0.13389121338912133,0.0,0.5,4.959832635983264,nan,nan
6922622,4.0,4,453,1,0,453,41,44.557377049180324,0.09050772626931568,0.0,1.0,3.556953642384106,nan,nan
6941418,4.0,4,282,2,1,251,19,39.63157894736842,0.07569721115537849,0.0,0.4,5.645816733067729,nan,nan
6984632,4.0,4,617,2,1,578,107,21.2760736196319,0.185121107266436,0.034482758620689655,0.2647058823529412,5.94515570934256,nan,nan
7555066,4.0,4,339,1,0,339,38,36.981818181818184,0.11209439528023599,0.030303030303030304,1.0,4.584070796460177,nan,nan
7557391,4.0,4,302,1,0,302,54,21.069767441860463,0.17880794701986755,0.0,1.0,4.429139072847682,nan,nan
7563440,4.0,4,591,1,0,591,81,29.798319327731093,0.13705583756345177,0.0,0.8,3.7433164128595604,nan,nan
7564587,4.0,4,242,2,1,197,32,22.30188679245283,0.16243654822335024,0.0,0.6,4.092893401015228,nan,nan
7583768,4.0,4,236,2,2,164,38,15.375,0.23170731707317074,0.029411764705882353,1.0,6.153048780487805,nan,nan
7598344,4.0,4,219,1,0,219,35,24.333333333333332,0.1598173515981735,0.0,0.5,5.696803652968036,nan,nan
7613495,4.0,4,612,1,0,612,65,38.25,0.10620915032679738,0.0,1.0,5.872058823529412,nan,nan
7613518,4.0,4,285,2,2,214,34,25.176470588235293,0.1588785046728972,0.09090909090909091,1.0,7.583177570093458,nan,nan
7613731,4.0,4,271,1,1,233,21,38.833333333333336,0.09012875536480687,0.0,0.4,3.3240343347639487,nan,nan
7691124,4.0,4,255,3,2,178,28,19.77777777777778,0.15730337078651685,0.0,0.5,7.925842696629213,nan,nan
7691163,4.0,4,301,2,1,267,42,23.558823529411764,0.15730337078651685,0.0,1.0,7.734831460674156,nan,nan
7691232,4.0,4,601,1,0,601,91,25.3943661971831,0.15141430948419302,0.04,0.5238095238095238,3.728452579034942,nan,nan
7691423,4.0,4,303,2,1,260,47,19.25925925925926,0.18076923076923077,0.0,1.0,12.02153846153846,nan,nan
7691435,4.0,4,343,1,0,343,55,25.40740740740741,0.16034985422740525,0.046511627906976744,1.0,5.022157434402332,nan,nan
7691520,4.0,4,608,2,1,552,49,44.16,0.08876811594202899,0.0,0.6666666666666666,3.8228260869565216,nan,nan
7691542,4.0,4,368,2,1,306,42,29.612903225806452,0.13725490196078433,0.1111111111111111,0.5714285714285714,5.038235294117647,nan,nan
7691885,4.0,4,251,2,1,208,38,19.80952380952381,0.18269230769230768,0.02857142857142857,1.0,5.787019230769231,nan,nan
7691909,4.0,4,624,2,1,586,87,26.43609022556391,0.14846416382252559,0.0,1.0,4.886348122866894,nan,nan
7795968,4.0,4,252,1,1,195,19,37.74193548387097,0.09743589743589744,0.0,1.0,6.5369230769230775,nan,nan
7797310,4.0,4,601,1,0,601,78,30.30252100840336,0.129783693843594,0.029850746268656716,0.4444444444444444,4.62063227953411,nan,nan
7799046,4.0,4,454,1,0,454,53,34.92307692307692,0.11674008810572688,0.02,1.0,4.094933920704846,nan,nan
7799135,4.0,4,329,1,0,329,42,32.36065573770492,0.1276595744680851,0.0,1.0,4.530699088145896,nan,nan
7799180,4.0,4,645,4,3,515,55,33.225806451612904,0.10679611650485436,0.046511627906976744,0.5454545454545454,8.013009708737863,nan,nan
7799209,4.0,4,525,1,0,525,72,29.71698113207547,0.13714285714285715,0.0,0.7777777777777778,6.354285714285714,nan,nan
7799211,4.0,4,232,3,2,155,29,15.245901639344263,0.1870967741935484,0.0,0.2727272727272727,10.121935483870969,nan,nan
7799420,4.0,4,317,1,1,286,34,33.0,0.11888111888111888,0.03333333333333333,1.0,5.805244755244755,nan,nan
7799507,4.0,4,310,3,2,196,54,12.923076923076923,0.2755102040816326,0.0,0.5,17.631122448979593,nan,nan
7852277,4.0,4,247,1,1,202,19,37.875,0.09405940594059406,0.0,0.6666666666666666,7.064356435643564,nan,nan
7852403,4.0,4,290,1,0,290,36,32.83018867924528,0.12413793103448276,0.07142857142857142,0.5,5.970689655172414,nan,nan
7852411,4.0,4,607,3,2,521,80,24.232558139534884,0.15355086372360843,0.0,1.0,8.357581573896354,nan,nan
7852420,4.0,4,606,2,1,562,76,29.57894736842105,0.13523131672597866,0.0,1.0,4.424733096085409,nan,nan
7852422,4.0,4,216,1,0,216,30,28.8,0.1388888888888889,0.0,1.0,7.619907407407408,nan,nan
7852445,4.0,4,307,1,0,307,32,37.59183673469388,0.10423452768729642,0.0,0.75,5.802605863192182,nan,nan
7852451,4.0,4,314,2,1,261,30,30.705882352941178,0.11494252873563218,0.0,1.0,5.689655172413793,nan,nan
8354596,4.0,4,385,1,0,385,80,22.647058823529413,0.2077922077922078,0.07407407407407407,0.8888888888888888,5.426753246753247,nan,nan
10752853,4.0,5,615,2,1,565,92,17.842105263157894,0.16283185840707964,0.0,0.011363636363636364,3.1823008849557524,nan,nan
10752864,4.0,5,232,2,1,187,33,17.0,0.17647058823529413,0.0,0.17647058823529413,3.554010695187166,nan,nan
10752951,4.0,5,610,1,0,610,95,24.07894736842105,0.1557377049180328,0.0,0.27586206896551724,3.8881967213114756,nan,nan
10892045,4.0,5,323,2,1,282,37,22.864864864864863,0.13120567375886524,0.0,0.2222222222222222,5.097163120567377,nan,nan
10934834,4.0,5,242,1,0,242,20,35.41463414634146,0.08264462809917356,0.0,0.07142857142857142,3.6999999999999997,nan,nan
10934933,4.0,5,423,1,0,423,51,31.725,0.12056737588652482,0.0,1.0,3.5442080378250593,nan,nan
10935081,4.0,5,278,1,0,278,33,31.471698113207548,0.11870503597122302,0.0,1.0,3.697841726618705,nan,nan
10935136,4.0,5,308,1,1,261,30,36.41860465116279,0.11494252873563218,0.11764705882352941,0.42857142857142855,4.486590038314176,nan,nan
10935148,4.0,5,237,2,3,66,6,19.8,0.09090909090909091,0.0,0.0,4.296969696969697,nan,nan
10935358,4.0,5,636,4,3,506,81,21.53191489361702,0.1600790513833992,0.0,0.9166666666666666,3.4415019762845853,nan,nan
10935638,4.0,5,228,1,0,228,23,35.07692307692308,0.10087719298245613,0.0,0.3333333333333333,3.120614035087719,nan,nan
10935844,4.0,5,607,1,0,607,93,30.864406779661017,0.15321252059308071,0.058823529411764705,0.7272727272727273,4.107084019769357,nan,nan
10969051,4.0,5,601,1,0,601,73,35.00970873786408,0.12146422628951747,0.0,0.6666666666666666,4.250249584026623,nan,nan
11058912,4.0,5,601,1,0,601,100,24.53061224489796,0.16638935108153077,0.06756756756756757,0.5,3.625291181364393,nan,nan
11071635,4.0,5,423,2,1,377,47,29.376623376623378,0.1246684350132626,0.0,0.7142857142857143,4.028116710875332,nan,nan
11071677,4.0,5,459,2,1,406,54,28.658823529411766,0.1330049261083744,0.0,0.625,4.02512315270936,nan,nan
11071727,4.0,5,411,1,0,411,55,30.073170731707318,0.13381995133819952,0.0,1.0,3.235036496350365,nan,nan
11071733,4.0,5,257,1,0,257,39,24.476190476190474,0.1517509727626459,0.0,0.4444444444444444,5.678210116731518,nan,nan
11071965,4.0,5,535,3,2,448,57,29.53846153846154,0.12723214285714285,0.0,0.5555555555555556,4.599107142857143,nan,nan
11092058,4.0,5,446,1,1,399,49,34.69565217391305,0.12280701754385964,0.0,1.0,3.3761904761904757,nan,nan
11092072,4.0,5,247,1,0,247,29,33.68181818181818,0.11740890688259109,0.0,1.0,7.7089068825910925,nan,nan
4300268,4.0,5,961,5,4,431,44,29.724137931034484,0.10208816705336426,0.0,0.3076923076923077,7.155220417633411,nan,nan
4303167,4.0,5,610,3,2,518,79,23.72519083969466,0.1525096525096525,0.0,0.6428571428571429,10.61969111969112,nan,nan
4303201,4.0,5,600,1,0,600,64,36.36363636363637,0.10666666666666667,0.0,0.7,4.342333333333333,nan,nan
4326816,4.0,5,606,4,4,446,49,31.48235294117647,0.10986547085201794,0.0,0.8571428571428571,5.760089686098655,nan,nan
4453473,4.0,5,610,3,2,512,71,23.272727272727273,0.138671875,0.0,0.14705882352941177,4.0982421875,nan,nan
4636267,4.0,5,624,4,3,474,70,24.517241379310345,0.14767932489451477,0.0,0.7272727272727273,9.40168776371308,nan,nan
4652239,4.0,5,601,4,4,432,80,19.2,0.18518518518518517,0.0,0.6428571428571429,5.79837962962963,nan,nan
4660369,4.0,5,640,3,2,523,67,25.93388429752066,0.12810707456978968,0.01639344262295082,0.2222222222222222,4.0739961759082215,nan,nan
4748312,4.0,5,624,5,4,435,35,33.896103896103895,0.08045977011494253,0.0,0.2,6.3487356321839075,nan,nan
4748313,4.0,5,770,3,2,465,82,20.977443609022558,0.17634408602150536,0.0,0.6428571428571429,6.553333333333334,nan,nan
4779685,4.0,5,669,5,4,405,41,29.27710843373494,0.10123456790123457,0.0,0.45454545454545453,6.170864197530864,nan,nan
4792372,4.0,5,609,3,3,455,57,28.736842105263158,0.12527472527472527,0.0,0.75,4.387032967032967,nan,nan
4793806,4.0,5,609,4,3,441,64,22.423728813559322,0.14512471655328799,0.0,0.3888888888888889,5.697278911564626,nan,nan
4798549,4.0,5,661,5,4,447,56,24.605504587155963,0.12527964205816555,0.0,0.4375,6.957046979865773,nan,nan
4944723,4.0,5,650,5,5,292,39,22.46153846153846,0.13356164383561644,0.0,1.0,6.795205479452055,nan,nan
4981908,4.0,5,251,1,0,251,29,31.375,0.11553784860557768,0.0,1.0,4.515537848605578,nan,nan
5084249,4.0,5,600,1,0,600,57,37.11340206185567,0.095,0.0,0.23809523809523808,2.9379999999999997,nan,nan
5133027,4.0,5,628,4,4,395,50,26.043956043956044,0.12658227848101267,0.0,0.3076923076923077,4.880759493670887,nan,nan
5285957,4.0,5,387,1,0,387,27,51.6,0.06976744186046512,0.0,1.0,3.4788113695090437,nan,nan
5286334,4.0,5,342,1,0,342,57,24.141176470588235,0.16666666666666666,0.02040816326530612,0.7777777777777778,5.578362573099415,nan,nan
5395622,4.0,5,231,2,1,198,35,19.475409836065573,0.17676767676767677,0.0,0.5714285714285714,7.861616161616161,nan,nan
5538668,4.0,5,617,1,0,617,114,18.236453201970445,0.1847649918962723,0.044444444444444446,0.060240963855421686,3.3747163695299833,nan,nan
5670672,4.0,5,264,3,2,145,9,31.071428571428573,0.06206896551724138,0.0,0.25,4.168275862068965,nan,nan
5729758,4.0,5,253,1,0,253,30,33.733333333333334,0.11857707509881422,0.0,1.0,4.944268774703557,nan,nan
5763820,4.0,5,989,4,5,347,56,23.39325842696629,0.16138328530259366,0.02631578947368421,0.2777777777777778,6.821902017291066,nan,nan
5917923,4.0,5,272,1,0,272,51,18.976744186046513,0.1875,0.0,0.2,4.352573529411765,nan,nan
5936666,4.0,5,602,1,0,602,70,34.075471698113205,0.11627906976744186,0.015384615384615385,0.7272727272727273,4.682059800664452,nan,nan
6014730,4.0,5,219,1,0,219,32,25.764705882352942,0.1461187214611872,0.0,1.0,6.140182648401827,nan,nan
6051512,4.0,5,601,2,1,568,56,34.08,0.09859154929577464,0.0,0.3157894736842105,4.396478873239436,nan,nan
6053686,4.0,5,602,1,0,602,77,30.610169491525422,0.12790697674418605,0.0,0.9,3.7941860465116277,nan,nan
6171971,4.0,5,372,1,0,372,37,36.59016393442623,0.09946236559139784,0.0,0.2727272727272727,4.097849462365591,nan,nan
6172561,4.0,5,239,1,0,239,32,29.875,0.13389121338912133,0.0,1.0,5.858577405857741,nan,nan
6357847,4.0,5,716,7,6,358,59,17.60655737704918,0.164804469273743,0.0,0.3,8.449162011173184,nan,nan
6358495,4.0,5,308,1,0,308,29,38.5,0.09415584415584416,0.0,1.0,3.4373376623376624,nan,nan
6422329,4.0,5,269,1,0,269,7,115.28571428571429,0.026022304832713755,0.0,1.0,5.191078066914499,nan,nan
6547817,4.0,5,320,1,1,288,24,46.7027027027027,0.08333333333333333,0.05555555555555555,0.3333333333333333,4.497916666666667,nan,nan
6547822,4.0,5,341,4,3,218,18,27.25,0.08256880733944955,0.0,0.09090909090909091,6.1555045871559635,nan,nan
6756778,4.0,5,498,1,1,457,32,52.73076923076923,0.0700218818380744,0.0,0.8,3.813785557986871,nan,nan
6896919,4.0,5,619,2,1,564,53,46.35616438356164,0.09397163120567376,0.16,0.46153846153846156,5.7858156028368795,nan,nan
6920600,4.0,5,225,1,0,225,28,39.705882352941174,0.12444444444444444,0.0625,1.0,4.962666666666666,nan,nan
6922501,4.0,5,273,1,1,239,32,29.875,0.13389121338912133,0.0,1.0,5.239330543933055,nan,nan
6922622,4.0,5,453,1,0,453,41,44.557377049180324,0.09050772626931568,0.0,1.0,3.744150110375276,nan,nan
6941418,4.0,5,282,2,1,251,19,40.7027027027027,0.07569721115537849,0.0,0.5,4.605976095617529,nan,nan
6984632,4.0,5,617,2,1,578,107,23.753424657534246,0.185121107266436,0.038461538461538464,0.4782608695652174,3.8671280276816606,nan,nan
7555066,4.0,5,339,1,0,339,38,37.666666666666664,0.11209439528023599,0.030303030303030304,1.0,4.932448377581121,nan,nan
7557391,4.0,5,302,1,0,302,54,21.069767441860463,0.17880794701986755,0.0,1.0,4.3271523178807945,nan,nan
7563440,4.0,5,591,1,0,591,81,29.55,0.13705583756345177,0.0,0.7272727272727273,3.1663282571912013,nan,nan
7564587,4.0,5,242,2,1,197,32,22.30188679245283,0.16243654822335024,0.0,0.6,3.952284263959391,nan,nan
7583768,4.0,5,236,2,2,164,38,15.138461538461538,0.23170731707317074,0.0,1.0,7.471951219512196,nan,nan
7598344,4.0,5,219,1,0,219,35,23.89090909090909,0.1598173515981735,0.0,0.42857142857142855,4.80593607305936,nan,nan
7613495,4.0,5,612,1,0,612,65,39.91304347826087,0.10620915032679738,0.0,1.0,3.750490196078432,nan,nan
7613518,4.0,5,285,2,2,214,34,23.345454545454544,0.1588785046728972,0.09090909090909091,0.5,6.905607476635514,nan,nan
7613731,4.0,5,271,1,1,233,21,38.833333333333336,0.09012875536480687,0.0,0.4,9.89656652360515,nan,nan
7691124,4.0,5,255,3,2,178,28,19.418181818181818,0.15730337078651685,0.0,0.2222222222222222,10.365168539325843,nan,nan
7691163,4.0,5,301,2,1,267,42,23.217391304347824,0.15730337078651685,0.0,1.0,6.20374531835206,nan,nan
7691232,4.0,5,601,1,0,601,91,25.757142857142856,0.15141430948419302,0.02531645569620253,0.5789473684210527,4.161730449251247,nan,nan
7691423,4.0,5,303,2,1,260,47,19.25925925925926,0.18076923076923077,0.0,0.6,5.095384615384615,nan,nan
7691435,4.0,5,343,1,0,343,55,26.384615384615383,0.16034985422740525,0.02127659574468085,1.0,4.377842565597668,nan,nan
7691520,4.0,5,608,2,1,552,49,55.2,0.08876811594202899,0.06896551724137931,0.6666666666666666,5.851449275362318,nan,nan
7691542,4.0,5,368,2,1,306,42,30.098360655737704,0.13725490196078433,0.11538461538461539,0.5714285714285714,5.499019607843137,nan,nan
7691885,4.0,5,251,2,1,208,38,19.5,0.18269230769230768,0.0,1.0,5.396634615384615,nan,nan
7691909,4.0,5,624,2,1,586,87,26.636363636363637,0.14846416382252559,0.0,0.8181818181818182,4.52542662116041,nan,nan
7795968,4.0,5,252,1,1,195,19,37.74193548387097,0.09743589743589744,0.0,1.0,4.828717948717949,nan,nan
7797310,4.0,5,601,1,0,601,78,28.61904761904762,0.129783693843594,0.0,0.23076923076923078,6.07936772046589,nan,nan
7799046,4.0,5,454,1,0,454,53,34.48101265822785,0.11674008810572688,0.0,1.0,5.632378854625551,nan,nan
7799135,4.0,5,329,1,0,329,42,32.36065573770492,0.1276595744680851,0.0,1.0,5.401519756838906,nan,nan
7799180,4.0,5,645,4,3,515,55,32.526315789473685,0.10679611650485436,0.02127659574468085,0.3333333333333333,4.8419417475728155,nan,nan
7799209,4.0,5,525,1,0,525,72,30.58252427184466,0.13714285714285715,0.0,0.875,4.063809523809524,nan,nan
7799211,4.0,5,232,3,2,155,29,15.5,0.1870967741935484,0.0,0.3,9.43290322580645,nan,nan
7799420,4.0,5,317,1,1,286,34,31.77777777777778,0.11888111888111888,0.0,0.42857142857142855,8.667132867132867,nan,nan
7799507,4.0,5,310,3,2,196,54,12.51063829787234,0.2755102040816326,0.0,0.5454545454545454,15.92704081632653,nan,nan
7852277,4.0,5,247,1,1,202,19,37.875,0.09405940594059406,0.0,0.6666666666666666,4.72029702970297,nan,nan
7852403,4.0,5,290,1,0,290,36,35.51020408163265,0.12413793103448276,0.08,0.5,4.395172413793103,nan,nan
7852411,4.0,5,607,3,2,521,80,23.862595419847327,0.15355086372360843,0.0,0.6428571428571429,8.341842610364685,nan,nan
7852420,4.0,5,606,2,1,562,76,29.06896551724138,0.13523131672597866,0.0,0.5833333333333334,4.364590747330961,nan,nan
7852422,4.0,5,216,1,0,216,30,28.8,0.1388888888888889,0.0,1.0,6.5412037037037045,nan,nan
7852445,4.0,5,307,1,0,307,32,39.191489361702125,0.10423452768729642,0.0,1.0,5.860912052117263,nan,nan
7852451,4.0,5,314,2,1,261,30,30.705882352941178,0.11494252873563218,0.0,1.0,8.16168582375479,nan,nan
8354596,4.0,5,385,1,0,385,80,22.0,0.2077922077922078,0.07407407407407407,1.0,13.022337662337664,nan,nan
10752853,4.0,6,615,2,1,565,92,17.65625,0.16283185840707964,0.0,0.0,7.06353982300885,nan,nan
10752864,4.0,6,232,2,1,187,33,16.02857142857143,0.17647058823529413,0.0,0.038461538461538464,7.380213903743315,nan,nan
10752951,4.0,6,610,1,0,610,95,23.312101910828027,0.1557377049180328,0.0,0.11627906976744186,6.634918032786886,nan,nan
10892045,4.0,6,323,2,1,282,37,21.974025974025974,0.13120567375886524,0.0,0.034482758620689655,4.017375886524823,nan,nan
10934834,4.0,6,242,1,0,242,20,35.41463414634146,0.08264462809917356,0.0,0.07142857142857142,3.1132231404958675,nan,nan
10934933,4.0,6,423,1,0,423,51,31.333333333333332,0.12056737588652482,0.0,0.875,3.305673758865248,nan,nan
10935081,4.0,6,278,1,0,278,33,30.327272727272728,0.11870503597122302,0.0,0.3333333333333333,3.2866906474820143,nan,nan
10935136,4.0,6,308,1,1,261,30,34.8,0.11494252873563218,0.045454545454545456,0.42857142857142855,3.2406130268199234,nan,nan
10935148,4.0,6,237,2,3,66,6,19.8,0.09090909090909091,0.0,0.0,8.056060606060607,nan,nan
10935358,4.0,6,636,4,3,506,81,21.083333333333332,0.1600790513833992,0.0,0.34782608695652173,4.280039525691699,nan,nan
10935638,4.0,6,228,1,0,228,23,35.07692307692308,0.10087719298245613,0.0,0.3333333333333333,4.589912280701754,nan,nan
10935844,4.0,6,607,1,0,607,93,27.59090909090909,0.15321252059308071,0.0,0.4666666666666667,6.343822075782537,nan,nan
10969051,4.0,6,601,1,0,601,73,35.00970873786408,0.12146422628951747,0.0,0.6666666666666666,4.606655574043261,nan,nan
11058912,4.0,6,601,1,0,601,100,23.880794701986755,0.16638935108153077,0.022727272727272728,0.5,4.1713810316139766,nan,nan
11071635,4.0,6,423,2,1,377,47,29.376623376623378,0.1246684350132626,0.0,0.7142857142857143,4.477453580901857,nan,nan
11071677,4.0,6,459,2,1,406,54,28.658823529411766,0.1330049261083744,0.0,0.625,4.672906403940887,nan,nan
11071727,4.0,6,411,1,0,411,55,30.073170731707318,0.13381995133819952,0.0,1.0,3.256934306569343,nan,nan
11071733,4.0,6,257,1,0,257,39,24.09375,0.1517509727626459,0.0,0.4444444444444444,5.049805447470817,nan,nan
11071965,4.0,6,535,3,2,448,57,29.53846153846154,0.12723214285714285,0.0,0.5555555555555556,5.279241071428571,nan,nan
11092058,4.0,6,446,1,1,399,49,34.69565217391305,0.12280701754385964,0.0,1.0,4.060902255639098,nan,nan
11092072,4.0,6,247,1,0,247,29,33.68181818181818,0.11740890688259109,0.0,1.0,3.6898785425101215,nan,nan
4300268,4.0,6,961,5,4,431,44,29.724137931034484,0.10208816705336426,0.0,0.3076923076923077,10.524825986078886,nan,nan
4303167,4.0,6,610,3,2,518,79,23.19402985074627,0.1525096525096525,0.0,0.5,8.072586872586873,nan,nan
4303201,4.0,6,600,1,0,600,64,36.36363636363637,0.10666666666666667,0.0,0.7,3.997833333333333,nan,nan
4326816,4.0,6,606,4,4,446,49,30.06741573033708,0.10986547085201794,0.0,0.2857142857142857,8.323766816143499,nan,nan
4453473,4.0,6,610,3,2,512,71,23.097744360902254,0.138671875,0.0,0.1,4.4025390625,nan,nan
4636267,4.0,6,624,4,3,474,70,23.899159663865547,0.14767932489451477,0.0,0.4666666666666667,5.425527426160337,nan,nan
4652239,4.0,6,601,4,4,432,80,19.2,0.18518518518518517,0.0,0.6428571428571429,6.8076388888888895,nan,nan
4660369,4.0,6,640,3,2,523,67,26.369747899159663,0.12810707456978968,0.01639344262295082,0.1724137931034483,4.739196940726577,nan,nan
4748312,4.0,6,624,5,4,435,35,33.037974683544306,0.08045977011494253,0.0,0.10526315789473684,5.574942528735632,nan,nan
4748313,4.0,6,770,3,2,465,82,20.666666666666668,0.17634408602150536,0.0,0.42105263157894735,5.172688172043011,nan,nan
4779685,4.0,6,669,5,4,405,41,28.928571428571427,0.10123456790123457,0.0,0.2857142857142857,5.587901234567901,nan,nan
4792372,4.0,6,609,3,3,455,57,29.04255319148936,0.12527472527472527,0.0,0.6666666666666666,4.243076923076923,nan,nan
4793806,4.0,6,609,4,3,441,64,22.615384615384617,0.14512471655328799,0.017241379310344827,0.18518518518518517,6.661678004535148,nan,nan
4798549,4.0,6,661,5,4,447,56,23.734513274336283,0.12527964205816555,0.0,0.20833333333333334,4.449217002237137,nan,nan
4944723,4.0,6,650,5,5,292,39,21.365853658536587,0.13356164383561644,0.0,0.2857142857142857,6.076027397260274,nan,nan
4981908,4.0,6,251,1,0,251,29,31.375,0.11553784860557768,0.0,1.0,3.639442231075697,nan,nan
5084249,4.0,6,600,1,0,600,57,36.734693877551024,0.095,0.0,0.10714285714285714,3.283166666666667,nan,nan
5133027,4.0,6,628,4,4,395,50,27.24137931034483,0.12658227848101267,0.0,0.4444444444444444,4.9060759493670885,nan,nan
5285957,4.0,6,387,1,0,387,27,47.38775510204081,0.06976744186046512,0.0,0.3333333333333333,7.601033591731266,nan,nan
5286334,4.0,6,342,1,0,342,57,24.141176470588235,0.16666666666666666,0.02040816326530612,0.5454545454545454,5.085964912280702,nan,nan
5395622,4.0,6,231,2,1,198,35,19.8,0.17676767676767677,0.0,0.5714285714285714,5.506565656565656,nan,nan
5538668,4.0,6,617,1,0,617,114,17.13888888888889,0.1847649918962723,0.009259259259259259,0.03225806451612903,3.4526742301458673,nan,nan
5670672,4.0,6,264,3,2,145,9,29.0,0.06206896551724138,0.0,0.0,4.210344827586207,nan,nan
5729758,4.0,6,253,1,0,253,30,32.297872340425535,0.11857707509881422,0.0,0.75,4.324505928853754,nan,nan
5763820,4.0,6,989,4,5,347,56,24.785714285714285,0.16138328530259366,0.02631578947368421,0.38461538461538464,9.703170028818445,nan,nan
5917923,4.0,6,272,1,0,272,51,19.428571428571427,0.1875,0.0,0.2222222222222222,4.475735294117648,nan,nan
5936666,4.0,6,602,1,0,602,70,33.757009345794394,0.11627906976744186,0.015625,0.4375,5.411794019933555,nan,nan
6014730,4.0,6,219,1,0,219,32,25.764705882352942,0.1461187214611872,0.0,1.0,4.636529680365297,nan,nan
6051512,4.0,6,601,2,1,568,56,31.555555555555557,0.09859154929577464,0.0,0.08571428571428572,3.9008802816901404,nan,nan
6053686,4.0,6,602,1,0,602,77,31.408695652173915,0.12790697674418605,0.0,0.6666666666666666,4.492691029900332,nan,nan
6171971,4.0,6,372,1,0,372,37,35.42857142857143,0.09946236559139784,0.0,0.23076923076923078,5.412903225806452,nan,nan
6172561,4.0,6,239,1,0,239,32,30.51063829787234,0.13389121338912133,0.0,1.0,3.7548117154811713,nan,nan
6357847,4.0,6,716,7,6,358,59,17.463414634146343,0.164804469273743,0.0,0.23809523809523808,8.530167597765363,nan,nan
6358495,4.0,6,308,1,0,308,29,36.96,0.09415584415584416,0.0,0.375,3.175,nan,nan
6422329,4.0,6,269,1,0,269,7,115.28571428571429,0.026022304832713755,0.0,1.0,4.602973977695167,nan,nan
6547817,4.0,6,320,1,1,288,24,46.7027027027027,0.08333333333333333,0.05555555555555555,0.3333333333333333,3.757638888888889,nan,nan
6547822,4.0,6,341,4,3,218,18,27.25,0.08256880733944955,0.0,0.09090909090909091,10.511926605504586,nan,nan
6756778,4.0,6,498,1,1,457,32,52.73076923076923,0.0700218818380744,0.0,0.42857142857142855,4.20984682713348,nan,nan
6896919,4.0,6,619,2,1,564,53,36.0,0.09397163120567376,0.0,0.19047619047619047,4.258687943262411,nan,nan
6920600,4.0,6,225,1,0,225,28,35.526315789473685,0.12444444444444444,0.0625,0.5,5.547555555555555,nan,nan
6922501,4.0,6,273,1,1,239,32,29.875,0.13389121338912133,0.0,1.0,4.089958158995816,nan,nan
6922622,4.0,6,453,1,0,453,41,43.142857142857146,0.09050772626931568,0.0,0.3333333333333333,3.544370860927152,nan,nan
6941418,4.0,6,282,2,1,251,19,40.7027027027027,0.07569721115537849,0.0,0.5,4.798007968127489,nan,nan
6984632,4.0,6,617,2,1,578,107,20.5207100591716,0.185121107266436,0.010416666666666666,0.16666666666666666,6.162283737024222,nan,nan
7555066,4.0,6,339,1,0,339,38,35.06896551724138,0.11209439528023599,0.0,1.0,4.8799410029498524,nan,nan
7557391,4.0,6,302,1,0,302,54,21.83132530120482,0.17880794701986755,0.020833333333333332,0.5454545454545454,3.489403973509934,nan,nan
7563440,4.0,6,591,1,0,591,81,29.55,0.13705583756345177,0.0,0.3333333333333333,3.236209813874788,nan,nan
7564587,4.0,6,242,2,1,197,32,22.30188679245283,0.16243654822335024,0.0,0.6,4.231472081218274,nan,nan
7583768,4.0,6,236,2,2,164,38,14.686567164179104,0.23170731707317074,0.0,0.4444444444444444,6.2664634146341465,nan,nan
7598344,4.0,6,219,1,0,219,35,24.333333333333332,0.1598173515981735,0.0,0.5,6.835159817351599,nan,nan
7613495,4.0,6,612,1,0,612,65,39.06382978723404,0.10620915032679738,0.0,0.75,6.296732026143791,nan,nan
7613518,4.0,6,285,2,2,214,34,23.345454545454544,0.1588785046728972,0.037037037037037035,0.375,8.09018691588785,nan,nan
7613731,4.0,6,271,1,1,233,21,38.833333333333336,0.09012875536480687,0.0,0.4,3.8356223175965667,nan,nan
7691124,4.0,6,255,3,2,178,28,19.77777777777778,0.15730337078651685,0.0,0.2222222222222222,6.557303370786517,nan,nan
7691163,4.0,6,301,2,1,267,42,23.558823529411764,0.15730337078651685,0.0,1.0,8.955056179775282,nan,nan
7691232,4.0,6,601,1,0,601,91,24.201342281879196,0.15141430948419302,0.0410958904109589,0.13043478260869565,7.320632279534109,nan,nan
7691423,4.0,6,303,2,1,260,47,18.571428571428573,0.18076923076923077,0.0,0.14285714285714285,8.496153846153845,nan,nan
7691435,4.0,6,343,1,0,343,55,24.795180722891565,0.16034985422740525,0.02127659574468085,0.7,4.444897959183673,nan,nan
7691520,4.0,6,608,2,1,552,49,41.924050632911396,0.08876811594202899,0.0,0.4,4.135326086956521,nan,nan
7691542,4.0,6,368,2,1,306,42,28.246153846153845,0.13725490196078433,0.027777777777777776,0.5714285714285714,6.237908496732026,nan,nan
7691885,4.0,6,251,2,1,208,38,18.90909090909091,0.18269230769230768,0.0,0.4444444444444444,10.69951923076923,nan,nan
7691909,4.0,6,624,2,1,586,87,27.046153846153846,0.14846416382252559,0.0,0.9,3.6245733788395906,nan,nan
7795968,4.0,6,252,1,1,195,19,39.0,0.09743589743589744,0.0,1.0,5.17948717948718,nan,nan
7797310,4.0,6,601,1,0,601,78,28.393700787401574,0.129783693843594,0.0,0.20689655172413793,4.52928452579035,nan,nan
7799046,4.0,6,454,1,0,454,53,34.05,0.11674008810572688,0.02127659574468085,0.6666666666666666,4.179295154185022,nan,nan
7799135,4.0,6,329,1,0,329,42,30.369230769230768,0.1276595744680851,0.0,1.0,15.620364741641339,nan,nan
7799180,4.0,6,645,4,3,515,55,32.1875,0.10679611650485436,0.02127659574468085,0.3333333333333333,3.9132038834951457,nan,nan
7799209,4.0,6,525,1,0,525,72,29.439252336448597,0.13714285714285715,0.0,0.7,3.3826666666666667,nan,nan
7799211,4.0,6,232,3,2,155,29,15.76271186440678,0.1870967741935484,0.0,0.3,17.56193548387097,nan,nan
7799420,4.0,6,317,1,1,286,34,32.37735849056604,0.11888111888111888,0.0,0.5,6.4416083916083915,nan,nan
7799507,4.0,6,310,3,2,196,54,12.378947368421052,0.2755102040816326,0.0,0.23529411764705882,12.698979591836734,nan,nan
7852277,4.0,6,247,1,1,202,19,37.875,0.09405940594059406,0.0,0.6666666666666666,7.579207920792079,nan,nan
7852403,4.0,6,290,1,0,290,36,34.11764705882353,0.12413793103448276,0.03333333333333333,0.5,3.8927586206896554,nan,nan
7852411,4.0,6,607,3,2,521,80,22.985294117647058,0.15355086372360843,0.0,0.38095238095238093,6.469097888675624,nan,nan
7852420,4.0,6,606,2,1,562,76,29.321739130434782,0.13523131672597866,0.0,0.5833333333333334,5.6434163701067614,nan,nan
7852422,4.0,6,216,1,0,216,30,27.574468085106382,0.1388888888888889,0.0,0.6,5.977777777777778,nan,nan
7852445,4.0,6,307,1,0,307,32,35.42307692307692,0.10423452768729642,0.0,0.8,4.061889250814332,nan,nan
7852451,4.0,6,314,2,1,261,30,28.472727272727273,0.11494252873563218,0.0,0.375,5.047509578544061,nan,nan
8354596,4.0,6,385,1,0,385,80,16.861313868613138,0.2077922077922078,0.05084745762711865,0.07407407407407407,3.395844155844156,nan,nan
10752853,4.0,7,615,2,1,565,92,17.65625,0.16283185840707964,0.0,0.0,3.185840707964602,nan,nan
10752864,4.0,7,232,2,1,187,33,16.02857142857143,0.17647058823529413,0.0,0.038461538461538464,3.515508021390374,nan,nan
10752951,4.0,7,610,1,0,610,95,22.875,0.1557377049180328,0.0,0.08163265306122448,5.021803278688525,nan,nan
10892045,4.0,7,323,2,1,282,37,21.974025974025974,0.13120567375886524,0.0,0.034482758620689655,6.314893617021276,nan,nan
10934834,4.0,7,242,1,0,242,20,38.21052631578947,0.08264462809917356,0.0,0.09090909090909091,4.007438016528925,nan,nan
10934933,4.0,7,423,1,0,423,51,29.511627906976745,0.12056737588652482,0.0,0.2,3.3026004728132388,nan,nan
10935081,4.0,7,278,1,0,278,33,30.327272727272728,0.11870503597122302,0.0,0.3333333333333333,3.565467625899281,nan,nan
10935136,4.0,7,308,1,1,261,30,35.59090909090909,0.11494252873563218,0.045454545454545456,0.2222222222222222,3.367816091954023,nan,nan
10935148,4.0,7,237,2,3,66,6,19.8,0.09090909090909091,0.0,0.0,4.904545454545454,nan,nan
10935358,4.0,7,636,4,3,506,81,19.84313725490196,0.1600790513833992,0.0,0.12195121951219512,5.15296442687747,nan,nan
10935638,4.0,7,228,1,0,228,23,35.07692307692308,0.10087719298245613,0.0,0.3333333333333333,6.707017543859649,nan,nan
10935844,4.0,7,607,1,0,607,93,27.59090909090909,0.15321252059308071,0.0,0.4666666666666667,3.8652388797364083,nan,nan
10969051,4.0,7,601,1,0,601,73,34.67307692307692,0.12146422628951747,0.0,0.6,3.952745424292845,nan,nan
11058912,4.0,7,601,1,0,601,100,21.854545454545455,0.16638935108153077,0.0,0.17073170731707318,4.3826955074875205,nan,nan
11071635,4.0,7,423,2,1,377,47,29.763157894736842,0.1246684350132626,0.0,0.7142857142857143,5.810875331564986,nan,nan
11071677,4.0,7,459,2,1,406,54,28.658823529411766,0.1330049261083744,0.0,0.625,9.47807881773399,nan,nan
11071727,4.0,7,411,1,0,411,55,28.022727272727273,0.13381995133819952,0.0,0.35714285714285715,6.996107055961071,nan,nan
11071733,4.0,7,257,1,0,257,39,23.01492537313433,0.1517509727626459,0.0,0.2,10.71828793774319,nan,nan
11071965,4.0,7,535,3,2,448,57,29.53846153846154,0.12723214285714285,0.0,0.5555555555555556,9.04107142857143,nan,nan
11092058,4.0,7,446,1,1,399,49,34.69565217391305,0.12280701754385964,0.0,1.0,6.167669172932331,nan,nan
11092072,4.0,7,247,1,0,247,29,33.68181818181818,0.11740890688259109,0.0,1.0,3.35668016194332,nan,nan
4300268,4.0,7,961,5,4,431,44,30.423529411764704,0.10208816705336426,0.0,0.23076923076923078,5.4466357308584685,nan,nan
4303167,4.0,7,610,3,2,518,79,23.36842105263158,0.1525096525096525,0.0,0.42105263157894735,7.6185328185328185,nan,nan
4303201,4.0,7,600,1,0,600,64,36.36363636363637,0.10666666666666667,0.0,0.4,3.868333333333333,nan,nan
4326816,4.0,7,606,4,4,446,49,30.06741573033708,0.10986547085201794,0.0,0.26666666666666666,6.582959641255606,nan,nan
4453473,4.0,7,610,3,2,512,71,22.58823529411765,0.138671875,0.0,0.06818181818181818,4.1611328125,nan,nan
4636267,4.0,7,624,4,3,474,70,23.50413223140496,0.14767932489451477,0.0,0.3,8.888818565400845,nan,nan
4652239,4.0,7,601,4,4,432,80,17.875862068965517,0.18518518518518517,0.0,0.1935483870967742,6.051851851851852,nan,nan
4660369,4.0,7,640,3,2,523,67,24.708661417322833,0.12810707456978968,0.0,0.1111111111111111,5.024665391969408,nan,nan
4748312,4.0,7,624,5,4,435,35,33.037974683544306,0.08045977011494253,0.0,0.10526315789473684,5.931494252873563,nan,nan
4748313,4.0,7,770,3,2,465,82,19.64788732394366,0.17634408602150536,0.0,0.1875,11.084516129032258,nan,nan
4779685,4.0,7,669,5,4,405,41,27.93103448275862,0.10123456790123457,0.0,0.15789473684210525,9.120493827160495,nan,nan
4792372,4.0,7,609,3,3,455,57,27.575757575757574,0.12527472527472527,0.0,0.3125,3.967032967032967,nan,nan
4793806,4.0,7,609,4,3,441,64,21.168,0.14512471655328799,0.0,0.11764705882352941,7.493650793650794,nan,nan
4798549,4.0,7,661,5,4,447,56,22.537815126050422,0.12527964205816555,0.0,0.08333333333333333,9.811185682326622,nan,nan
4944723,4.0,7,650,5,5,292,39,20.611764705882354,0.13356164383561644,0.0,0.15789473684210525,11.990068493150684,nan,nan
4981908,4.0,7,251,1,0,251,29,32.73913043478261,0.11553784860557768,0.0,0.6,7.519521912350598,nan,nan
5084249,4.0,7,600,1,0,600,57,36.734693877551024,0.095,0.0,0.10714285714285714,3.7305,nan,nan
5133027,4.0,7,628,4,4,395,50,26.333333333333332,0.12658227848101267,0.0,0.5,4.676962025316456,nan,nan
5285957,4.0,7,387,1,0,387,27,43.0,0.06976744186046512,0.0,0.05,4.49328165374677,nan,nan
5286334,4.0,7,342,1,0,342,57,24.141176470588235,0.16666666666666666,0.02040816326530612,0.35714285714285715,4.739473684210527,nan,nan
5395622,4.0,7,231,2,1,198,35,18.857142857142858,0.17676767676767677,0.0,0.25,5.557575757575758,nan,nan
5538668,4.0,7,617,1,0,617,114,16.827272727272728,0.1847649918962723,0.0,0.020833333333333332,4.620097244732577,nan,nan
5670672,4.0,7,264,3,2,145,9,29.0,0.06206896551724138,0.0,0.0,9.92551724137931,nan,nan
5729758,4.0,7,253,1,0,253,30,32.297872340425535,0.11857707509881422,0.0,0.6,10.163241106719369,nan,nan
5763820,4.0,7,989,4,5,347,56,23.39325842696629,0.16138328530259366,0.02631578947368421,0.2,10.689048991354467,nan,nan
5917923,4.0,7,272,1,0,272,51,18.75862068965517,0.1875,0.0,0.13043478260869565,5.5062500000000005,nan,nan
5936666,4.0,7,602,1,0,602,70,32.25,0.11627906976744186,0.0,0.2857142857142857,5.806478405315614,nan,nan
6014730,4.0,7,219,1,0,219,32,24.79245283018868,0.1461187214611872,0.0,0.3333333333333333,7.097716894977169,nan,nan
6051512,4.0,7,601,2,1,568,56,29.894736842105264,0.09859154929577464,0.0,0.02127659574468085,3.9588028169014082,nan,nan
6053686,4.0,7,602,1,0,602,77,30.352941176470587,0.12790697674418605,0.0,0.3684210526315789,3.956146179401993,nan,nan
6171971,4.0,7,372,1,0,372,37,36.0,0.09946236559139784,0.0,0.25,3.8975806451612907,nan,nan
6172561,4.0,7,239,1,0,239,32,29.875,0.13389121338912133,0.0,0.75,4.858577405857741,nan,nan
6357847,4.0,7,716,7,6,358,59,17.047619047619047,0.164804469273743,0.0,0.14814814814814814,11.813407821229049,nan,nan
6358495,4.0,7,308,1,0,308,29,35.53846153846154,0.09415584415584416,0.0,0.15384615384615385,3.2714285714285714,nan,nan
6422329,4.0,7,269,1,0,269,7,115.28571428571429,0.026022304832713755,0.0,1.0,3.0141263940520444,nan,nan
6547817,4.0,7,320,1,1,288,24,43.2,0.08333333333333333,0.0,0.3333333333333333,5.732291666666667,nan,nan
6547822,4.0,7,341,4,3,218,18,27.25,0.08256880733944955,0.0,0.09090909090909091,7.385779816513761,nan,nan
6756778,4.0,7,498,1,1,457,32,49.85454545454545,0.0700218818380744,0.0,0.15384615384615385,4.273741794310722,nan,nan
6896919,4.0,7,619,2,1,564,53,34.88659793814433,0.09397163120567376,0.0,0.10714285714285714,6.704787234042553,nan,nan
6920600,4.0,7,225,1,0,225,28,30.681818181818183,0.12444444444444444,0.0,0.75,5.884444444444444,nan,nan
6922501,4.0,7,273,1,1,239,32,28.11764705882353,0.13389121338912133,0.0,0.42857142857142855,4.388702928870293,nan,nan
6922622,4.0,7,453,1,0,453,41,43.142857142857146,0.09050772626931568,0.0,0.3333333333333333,4.050551876379691,nan,nan
6941418,4.0,7,282,2,1,251,19,43.02857142857143,0.07569721115537849,0.0,0.6666666666666666,4.8494023904382475,nan,nan
6984632,4.0,7,617,2,1,578,107,20.280701754385966,0.185121107266436,0.010416666666666666,0.125,4.941522491349481,nan,nan
7555066,4.0,7,339,1,0,339,38,35.06896551724138,0.11209439528023599,0.0,1.0,4.544837758112094,nan,nan
7557391,4.0,7,302,1,0,302,54,20.359550561797754,0.17880794701986755,0.020833333333333332,0.17391304347826086,4.167218543046357,nan,nan
7563440,4.0,7,591,1,0,591,81,29.065573770491802,0.13705583756345177,0.0,0.3888888888888889,3.2426395939086294,nan,nan
7564587,4.0,7,242,2,1,197,32,22.30188679245283,0.16243654822335024,0.0,0.6,3.835532994923858,nan,nan
7583768,4.0,7,236,2,2,164,38,14.057142857142857,0.23170731707317074,0.0,0.2,5.816463414634146,nan,nan
7598344,4.0,7,219,1,0,219,35,23.89090909090909,0.1598173515981735,0.0,0.42857142857142855,4.730593607305936,nan,nan
7613495,4.0,7,612,1,0,612,65,38.25,0.10620915032679738,0.0,0.6,5.404411764705882,nan,nan
7613518,4.0,7,285,2,2,214,34,23.345454545454544,0.1588785046728972,0.037037037037037035,0.375,15.64158878504673,nan,nan
7613731,4.0,7,271,1,1,233,21,42.36363636363637,0.09012875536480687,0.0,0.6666666666666666,10.71244635193133,nan,nan
7691124,4.0,7,255,3,2,178,28,19.77777777777778,0.15730337078651685,0.0,0.2222222222222222,17.414044943820222,nan,nan
7691163,4.0,7,301,2,1,267,42,22.56338028169014,0.15730337078651685,0.0,0.23076923076923078,19.53258426966292,nan,nan
7691232,4.0,7,601,1,0,601,91,21.72289156626506,0.15141430948419302,0.0,0.04838709677419355,4.504159733777039,nan,nan
7691423,4.0,7,303,2,1,260,47,18.795180722891565,0.18076923076923077,0.0,0.15,7.913846153846153,nan,nan
7691435,4.0,7,343,1,0,343,55,25.40740740740741,0.16034985422740525,0.02127659574468085,0.6666666666666666,6.47463556851312,nan,nan
7691520,4.0,7,608,2,1,552,49,42.46153846153846,0.08876811594202899,0.0,0.4444444444444444,5.756340579710145,nan,nan
7691542,4.0,7,368,2,1,306,42,27.0,0.13725490196078433,0.0,0.5714285714285714,4.730392156862745,nan,nan
7691885,4.0,7,251,2,1,208,38,18.08695652173913,0.18269230769230768,0.0,0.21428571428571427,9.107692307692307,nan,nan
7691909,4.0,7,624,2,1,586,87,25.664233576642335,0.14846416382252559,0.0,0.3181818181818182,3.3029010238907848,nan,nan
7795968,4.0,7,252,1,1,195,19,39.0,0.09743589743589744,0.0,1.0,6.009230769230769,nan,nan
7797310,4.0,7,601,1,0,601,78,27.953488372093023,0.129783693843594,0.0,0.14705882352941177,5.7773710482529115,nan,nan
7799046,4.0,7,454,1,0,454,53,32.04705882352941,0.11674008810572688,0.0,0.38461538461538464,4.347577092511013,nan,nan
7799135,4.0,7,329,1,0,329,42,30.369230769230768,0.1276595744680851,0.0,1.0,4.728875379939209,nan,nan
7799180,4.0,7,645,4,3,515,55,30.9,0.10679611650485436,0.0,0.23529411764705882,4.569902912621359,nan,nan
7799209,4.0,7,525,1,0,525,72,30.28846153846154,0.13714285714285715,0.0,0.875,4.276380952380952,nan,nan
7799211,4.0,7,232,3,2,155,29,15.76271186440678,0.1870967741935484,0.0,0.15384615384615385,33.84903225806452,nan,nan
7799420,4.0,7,317,1,1,286,34,32.37735849056604,0.11888111888111888,0.0,0.5,6.833216783216783,nan,nan
7799507,4.0,7,310,3,2,196,54,12.378947368421052,0.2755102040816326,0.0,0.23529411764705882,10.075000000000001,nan,nan
7852277,4.0,7,247,1,1,202,19,37.875,0.09405940594059406,0.0,0.6666666666666666,3.370792079207921,nan,nan
7852403,4.0,7,290,1,0,290,36,31.636363636363637,0.12413793103448276,0.0,0.5,5.068965517241379,nan,nan
7852411,4.0,7,607,3,2,521,80,22.985294117647058,0.15355086372360843,0.0,0.28,6.5783109404990405,nan,nan
7852420,4.0,7,606,2,1,562,76,29.57894736842105,0.13523131672597866,0.0,0.6363636363636364,4.562633451957295,nan,nan
7852422,4.0,7,216,1,0,216,30,28.17391304347826,0.1388888888888889,0.0,0.2857142857142857,5.264351851851852,nan,nan
7852445,4.0,7,307,1,0,307,32,36.11764705882353,0.10423452768729642,0.0,0.42857142857142855,5.706514657980456,nan,nan
7852451,4.0,7,314,2,1,261,30,28.472727272727273,0.11494252873563218,0.0,0.375,5.227586206896552,nan,nan
8354596,4.0,7,385,1,0,385,80,20.442477876106196,0.2077922077922078,0.013888888888888888,0.5384615384615384,6.1971428571428575,nan,nan
10752853,4.0,8,615,2,1,565,92,17.65625,0.16283185840707964,0.0,0.0,3.1323893805309733,nan,nan
10752864,4.0,8,232,2,1,187,33,15.162162162162161,0.17647058823529413,0.0,0.0,3.4219251336898395,nan,nan
10752951,4.0,8,610,1,0,610,95,22.875,0.1557377049180328,0.0,0.08163265306122448,3.1434426229508197,nan,nan
10892045,4.0,8,323,2,1,282,37,21.974025974025974,0.13120567375886524,0.0,0.034482758620689655,3.277659574468085,nan,nan
10934834,4.0,8,242,1,0,242,20,38.21052631578947,0.08264462809917356,0.0,0.09090909090909091,3.0475206611570247,nan,nan
10934933,4.0,8,423,1,0,423,51,30.57831325301205,0.12056737588652482,0.0,0.23529411764705882,3.0640661938534275,nan,nan
10935081,4.0,8,278,1,0,278,33,29.263157894736842,0.11870503597122302,0.0,0.14285714285714285,3.2449640287769785,nan,nan
10935136,4.0,8,308,1,1,261,30,32.625,0.11494252873563218,0.045454545454545456,0.0625,3.1455938697318007,nan,nan
10935148,4.0,8,237,2,3,66,6,19.8,0.09090909090909091,0.0,0.0,7.425757575757576,nan,nan
10935358,4.0,8,636,4,3,506,81,19.09433962264151,0.1600790513833992,0.0,0.05660377358490566,6.129446640316205,nan,nan
10935638,4.0,8,228,1,0,228,23,31.813953488372093,0.10087719298245613,0.0,0.07692307692307693,4.392543859649122,nan,nan
10935844,4.0,8,607,1,0,607,93,28.015384615384615,0.15321252059308071,0.0,0.5384615384615384,3.9008237232289953,nan,nan
10969051,4.0,8,601,1,0,601,73,33.08256880733945,0.12146422628951747,0.0,0.2777777777777778,3.2274542429284527,nan,nan
11058912,4.0,8,601,1,0,601,100,19.92265193370166,0.16638935108153077,0.0,0.04411764705882353,3.1976705490848585,nan,nan
11071635,4.0,8,423,2,1,377,47,28.632911392405063,0.1246684350132626,0.0,0.3333333333333333,6.944031830238727,nan,nan
11071677,4.0,8,459,2,1,406,54,28.325581395348838,0.1330049261083744,0.0,0.5555555555555556,4.9731527093596055,nan,nan
11071727,4.0,8,411,1,0,411,55,28.022727272727273,0.13381995133819952,0.0,0.23529411764705882,7.492457420924574,nan,nan
11071733,4.0,8,257,1,0,257,39,21.416666666666668,0.1517509727626459,0.0,0.08695652173913043,7.710505836575875,nan,nan
11071965,4.0,8,535,3,2,448,57,28.294736842105262,0.12723214285714285,0.0,0.26666666666666666,7.084151785714285,nan,nan
11092058,4.0,8,446,1,1,399,49,34.69565217391305,0.12280701754385964,0.0,1.0,4.961152882205514,nan,nan
11092072,4.0,8,247,1,0,247,29,30.875,0.11740890688259109,0.0,0.2222222222222222,3.7036437246963563,nan,nan
4300268,4.0,8,961,5,4,431,44,30.423529411764704,0.10208816705336426,0.0,0.23076923076923078,7.622041763341067,nan,nan
4303167,4.0,8,610,3,2,518,79,21.43448275862069,0.1525096525096525,0.0,0.09523809523809523,5.534555984555984,nan,nan
4303201,4.0,8,600,1,0,600,64,35.64356435643565,0.10666666666666667,0.0,0.2777777777777778,6.047666666666666,nan,nan
4326816,4.0,8,606,4,4,446,49,28.774193548387096,0.10986547085201794,0.0,0.15,5.8399103139013455,nan,nan
4453473,4.0,8,610,3,2,512,71,22.755555555555556,0.138671875,0.0,0.06818181818181818,6.4974609375,nan,nan
4636267,4.0,8,624,4,3,474,70,22.93548387096774,0.14767932489451477,0.0,0.19230769230769232,6.089451476793249,nan,nan
4652239,4.0,8,601,4,4,432,80,19.93846153846154,0.18518518518518517,0.0,0.3333333333333333,6.222685185185185,nan,nan
4660369,4.0,8,640,3,2,523,67,23.417910447761194,0.12810707456978968,0.0,0.04081632653061224,4.3833652007648185,nan,nan
4748312,4.0,8,624,5,4,435,35,32.625,0.08045977011494253,0.0,0.1,6.26919540229885,nan,nan
4748313,4.0,8,770,3,2,465,82,19.78723404255319,0.17634408602150536,0.0,0.2,4.754408602150538,nan,nan
4779685,4.0,8,669,5,4,405,41,26.703296703296704,0.10123456790123457,0.0,0.07692307692307693,8.564444444444444,nan,nan
4792372,4.0,8,609,3,3,455,57,28.144329896907216,0.12527472527472527,0.0,0.25,4.578021978021978,nan,nan
4793806,4.0,8,609,4,3,441,64,20.671875,0.14512471655328799,0.0,0.047619047619047616,5.10045351473923,nan,nan
4798549,4.0,8,661,5,4,447,56,22.165289256198346,0.12527964205816555,0.0,0.04878048780487805,5.1626398210290825,nan,nan
4944723,4.0,8,650,5,5,292,39,19.043478260869566,0.13356164383561644,0.0,0.03333333333333333,8.622260273972602,nan,nan
4981908,4.0,8,251,1,0,251,29,31.375,0.11553784860557768,0.0,0.2222222222222222,5.652589641434263,nan,nan
5084249,4.0,8,600,1,0,600,57,37.89473684210526,0.095,0.0,0.07142857142857142,3.610333333333333,nan,nan
5133027,4.0,8,628,4,4,395,50,27.558139534883722,0.12658227848101267,0.0,0.4,4.390126582278481,nan,nan
5285957,4.0,8,387,1,0,387,27,46.44,0.06976744186046512,0.0,0.0625,3.3136950904392766,nan,nan
5286334,4.0,8,342,1,0,342,57,23.318181818181817,0.16666666666666666,0.02040816326530612,0.19047619047619047,4.157602339181286,nan,nan
5395622,4.0,8,231,2,1,198,35,16.97142857142857,0.17676767676767677,0.0,0.041666666666666664,5.28030303030303,nan,nan
5538668,4.0,8,617,1,0,617,114,17.13888888888889,0.1847649918962723,0.009433962264150943,0.020618556701030927,5.339708265802269,nan,nan
5670672,4.0,8,264,3,2,145,9,29.0,0.06206896551724138,0.0,0.0,4.275862068965517,nan,nan
5729758,4.0,8,253,1,0,253,30,33.0,0.11857707509881422,0.0,0.75,4.7138339920948615,nan,nan
5763820,4.0,8,989,4,5,347,56,21.463917525773194,0.16138328530259366,0.02631578947368421,0.058823529411764705,6.062824207492796,nan,nan
5917923,4.0,8,272,1,0,272,51,18.133333333333333,0.1875,0.0,0.06896551724137931,4.472058823529412,nan,nan
5936666,4.0,8,602,1,0,602,70,32.836363636363636,0.11627906976744186,0.0,0.22727272727272727,4.21860465116279,nan,nan
6014730,4.0,8,219,1,0,219,32,20.857142857142858,0.1461187214611872,0.0,0.041666666666666664,3.9077625570776253,nan,nan
6051512,4.0,8,601,2,1,568,56,30.98181818181818,0.09859154929577464,0.0,0.05,4.64330985915493,nan,nan
6053686,4.0,8,602,1,0,602,77,29.129032258064516,0.12790697674418605,0.0,0.17857142857142858,6.26312292358804,nan,nan
6171971,4.0,8,372,1,0,372,37,36.59016393442623,0.09946236559139784,0.0,0.2727272727272727,5.258602150537635,nan,nan
6172561,4.0,8,239,1,0,239,32,30.51063829787234,0.13389121338912133,0.0,0.75,5.978242677824268,nan,nan
6357847,4.0,8,716,7,6,358,59,16.651162790697676,0.164804469273743,0.0,0.08571428571428572,10.903631284916202,nan,nan
6358495,4.0,8,308,1,0,308,29,33.6,0.09415584415584416,0.0,0.05263157894736842,5.084415584415584,nan,nan
6422329,4.0,8,269,1,0,269,7,89.66666666666667,0.026022304832713755,0.0,0.0,3.233828996282528,nan,nan
6547817,4.0,8,320,1,1,288,24,43.2,0.08333333333333333,0.0,0.3333333333333333,5.914583333333334,nan,nan
6547822,4.0,8,341,4,3,218,18,28.434782608695652,0.08256880733944955,0.0,0.1111111111111111,10.504128440366973,nan,nan
6756778,4.0,8,498,1,1,457,32,48.964285714285715,0.0700218818380744,0.0,0.14285714285714285,4.516849015317287,nan,nan
6896919,4.0,8,619,2,1,564,53,34.53061224489796,0.09397163120567376,0.0,0.10344827586206896,4.895035460992908,nan,nan
6920600,4.0,8,225,1,0,225,28,38.57142857142857,0.12444444444444444,0.0625,0.75,4.212888888888889,nan,nan
6922501,4.0,8,273,1,1,239,32,28.68,0.13389121338912133,0.0,0.5,4.138912133891213,nan,nan
6922622,4.0,8,453,1,0,453,41,41.18181818181818,0.09050772626931568,0.0,0.23076923076923078,3.5699779249448125,nan,nan
6941418,4.0,8,282,2,1,251,19,43.02857142857143,0.07569721115537849,0.0,0.6666666666666666,5.613545816733068,nan,nan
6984632,4.0,8,617,2,1,578,107,20.162790697674417,0.185121107266436,0.010416666666666666,0.12244897959183673,4.360553633217993,nan,nan
7555066,4.0,8,339,1,0,339,38,35.68421052631579,0.11209439528023599,0.0,0.5,4.227138643067847,nan,nan
7557391,4.0,8,302,1,0,302,54,20.133333333333333,0.17880794701986755,0.0,0.19047619047619047,5.958940397350993,nan,nan
7563440,4.0,8,591,1,0,591,81,28.596774193548388,0.13705583756345177,0.0,0.2857142857142857,4.314213197969543,nan,nan
7564587,4.0,8,242,2,1,197,32,21.107142857142858,0.16243654822335024,0.0,0.18181818181818182,5.786802030456853,nan,nan
7583768,4.0,8,236,2,2,164,38,13.297297297297296,0.23170731707317074,0.0,0.09090909090909091,4.35,nan,nan
7598344,4.0,8,219,1,0,219,35,22.655172413793103,0.1598173515981735,0.0,0.15384615384615385,5.065753424657535,nan,nan
7613495,4.0,8,612,1,0,612,65,39.91304347826087,0.10620915032679738,0.0,0.5555555555555556,4.081045751633987,nan,nan
7613518,4.0,8,285,2,2,214,34,19.753846153846155,0.1588785046728972,0.0,0.11764705882352941,13.3607476635514,nan,nan
7613731,4.0,8,271,1,1,233,21,42.36363636363637,0.09012875536480687,0.0,0.6666666666666666,8.244635193133048,nan,nan
7691124,4.0,8,255,3,2,178,28,19.418181818181818,0.15730337078651685,0.0,0.2222222222222222,7.972471910112359,nan,nan
7691163,4.0,8,301,2,1,267,42,21.36,0.15730337078651685,0.0,0.10526315789473684,7.265168539325843,nan,nan
7691232,4.0,8,601,1,0,601,91,21.72289156626506,0.15141430948419302,0.0,0.04838709677419355,4.205823627287853,nan,nan
7691423,4.0,8,303,2,1,260,47,19.746835443037973,0.18076923076923077,0.0,0.1875,9.219615384615384,nan,nan
7691435,4.0,8,343,1,0,343,55,25.40740740740741,0.16034985422740525,0.02127659574468085,0.26666666666666666,6.044897959183674,nan,nan
7691520,4.0,8,608,2,1,552,49,43.578947368421055,0.08876811594202899,0.0,0.5714285714285714,3.81195652173913,nan,nan
7691542,4.0,8,368,2,1,306,42,27.818181818181817,0.13725490196078433,0.0,0.8,6.465032679738562,nan,nan
7691885,4.0,8,251,2,1,208,38,17.333333333333332,0.18269230769230768,0.0,0.1,5.380769230769231,nan,nan
7691909,4.0,8,624,2,1,586,87,25.664233576642335,0.14846416382252559,0.0,0.3181818181818182,6.48481228668942,nan,nan
7795968,4.0,8,252,1,1,195,19,39.0,0.09743589743589744,0.0,1.0,7.575384615384616,nan,nan
7797310,4.0,8,601,1,0,601,78,24.364864864864863,0.129783693843594,0.0,0.03333333333333333,3.9001663893510816,nan,nan
7799046,4.0,8,454,1,0,454,53,32.42857142857143,0.11674008810572688,0.0,0.4166666666666667,5.505726872246695,nan,nan
7799135,4.0,8,329,1,0,329,42,30.369230769230768,0.1276595744680851,0.0,0.2727272727272727,4.136474164133739,nan,nan
7799180,4.0,8,645,4,3,515,55,30.9,0.10679611650485436,0.02127659574468085,0.18181818181818182,4.873009708737864,nan,nan
7799209,4.0,8,525,1,0,525,72,30.28846153846154,0.13714285714285715,0.0,1.0,5.632952380952381,nan,nan
7799211,4.0,8,232,3,2,155,29,16.03448275862069,0.1870967741935484,0.0,0.15384615384615385,14.10774193548387,nan,nan
7799420,4.0,8,317,1,1,286,34,34.32,0.11888111888111888,0.0,0.75,7.051398601398602,nan,nan
7799507,4.0,8,310,3,2,196,54,10.31578947368421,0.2755102040816326,0.0,0.022222222222222223,6.189285714285714,nan,nan
7852277,4.0,8,247,1,1,202,19,32.75675675675676,0.09405940594059406,0.0,0.09090909090909091,6.173762376237623,nan,nan
7852403,4.0,8,290,1,0,290,36,31.636363636363637,0.12413793103448276,0.0,0.5,8.524482758620689,nan,nan
7852411,4.0,8,607,3,2,521,80,22.652173913043477,0.15355086372360843,0.0,0.20689655172413793,5.97869481765835,nan,nan
7852420,4.0,8,606,2,1,562,76,29.57894736842105,0.13523131672597866,0.0,0.6363636363636364,4.82508896797153,nan,nan
7852422,4.0,8,216,1,0,216,30,27.0,0.1388888888888889,0.0,0.25,5.873611111111111,nan,nan
7852445,4.0,8,307,1,0,307,32,39.191489361702125,0.10423452768729642,0.0,1.0,4.352442996742671,nan,nan
7852451,4.0,8,314,2,1,261,30,29.0,0.11494252873563218,0.0,0.2,7.89272030651341,nan,nan
8354596,4.0,8,385,1,0,385,80,19.913793103448278,0.2077922077922078,0.013888888888888888,0.4375,3.7987012987012987,nan,nan
10752853,4.0,9,615,2,1,565,92,17.65625,0.16283185840707964,0.0,0.0,3.0916814159292034,nan,nan
10752864,4.0,9,232,2,1,187,33,15.162162162162161,0.17647058823529413,0.0,0.0,3.2967914438502675,nan,nan
10752951,4.0,9,610,1,0,610,95,22.875,0.1557377049180328,0.0,0.08163265306122448,2.8945901639344265,nan,nan
10892045,4.0,9,323,2,1,282,37,20.634146341463413,0.13120567375886524,0.0,0.0,3.1496453900709223,nan,nan
10934834,4.0,9,242,1,0,242,20,38.21052631578947,0.08264462809917356,0.0,0.09090909090909091,3.1553719008264465,nan,nan
10934933,4.0,9,423,1,0,423,51,29.17241379310345,0.12056737588652482,0.0,0.125,2.9690307328605203,nan,nan
10935081,4.0,9,278,1,0,278,33,26.903225806451612,0.11870503597122302,0.0,0.045454545454545456,3.0039568345323744,nan,nan
10935136,4.0,9,308,1,1,261,30,29.547169811320753,0.11494252873563218,0.0,0.0625,5.006130268199233,nan,nan
10935148,4.0,9,237,2,3,66,6,19.8,0.09090909090909091,0.0,0.0,9.574242424242424,nan,nan
10935358,4.0,9,636,4,3,506,81,18.51219512195122,0.1600790513833992,0.0,0.03278688524590164,7.158300395256917,nan,nan
10935638,4.0,9,228,1,0,228,23,31.813953488372093,0.10087719298245613,0.0,0.07692307692307693,3.846052631578947,nan,nan
10935844,4.0,9,607,1,0,607,93,21.052023121387283,0.15321252059308071,0.0,0.02857142857142857,3.0971993410214167,nan,nan
10969051,4.0,9,601,1,0,601,73,32.78181818181818,0.12146422628951747,0.0,0.25,3.779201331114809,nan,nan
11058912,4.0,9,601,1,0,601,100,19.813186813186814,0.16638935108153077,0.0,0.043478260869565216,6.400998336106489,nan,nan
11071635,4.0,9,423,2,1,377,47,25.415730337078653,0.1246684350132626,0.0,0.07142857142857142,9.142970822281168,nan,nan
11071677,4.0,9,459,2,1,406,54,25.642105263157895,0.1330049261083744,0.0,0.125,11.414285714285715,nan,nan
11071727,4.0,9,411,1,0,411,55,29.011764705882353,0.13381995133819952,0.0,0.25,6.248661800486618,nan,nan
11071733,4.0,9,257,1,0,257,39,22.676470588235293,0.1517509727626459,0.0,0.10526315789473684,5.011673151750973,nan,nan
11071965,4.0,9,535,3,2,448,57,25.846153846153847,0.12723214285714285,0.0,0.11538461538461539,4.431919642857143,nan,nan
11092058,4.0,9,446,1,1,399,49,33.25,0.12280701754385964,0.0,0.5714285714285714,4.227819548872181,nan,nan
11092072,4.0,9,247,1,0,247,29,30.875,0.11740890688259109,0.0,0.2222222222222222,4.869635627530364,nan,nan
4300268,4.0,9,961,5,4,431,44,30.423529411764704,0.10208816705336426,0.0,0.23076923076923078,7.691183294663573,nan,nan
4303167,4.0,9,610,3,2,518,79,20.859060402684563,0.1525096525096525,0.0,0.061224489795918366,6.970849420849421,nan,nan
4303201,4.0,9,600,1,0,600,64,34.95145631067961,0.10666666666666667,0.0,0.16666666666666666,3.1871666666666667,nan,nan
4326816,4.0,9,606,4,4,446,49,27.875,0.10986547085201794,0.0,0.07692307692307693,6.47219730941704,nan,nan
4453473,4.0,9,610,3,2,512,71,21.633802816901408,0.138671875,0.0,0.037037037037037035,6.5912109375,nan,nan
4636267,4.0,9,624,4,3,474,70,23.899159663865547,0.14767932489451477,0.0,0.25,5.429113924050633,nan,nan
4652239,4.0,9,601,4,4,432,80,17.513513513513512,0.18518518518518517,0.0,0.06976744186046512,6.238657407407407,nan,nan
4660369,4.0,9,640,3,2,523,67,23.954198473282442,0.12810707456978968,0.0,0.0425531914893617,4.21414913957935,nan,nan
4748312,4.0,9,624,5,4,435,35,31.44578313253012,0.08045977011494253,0.0,0.038461538461538464,7.633103448275862,nan,nan
4748313,4.0,9,770,3,2,465,82,19.375,0.17634408602150536,0.0,0.13513513513513514,6.3002150537634405,nan,nan
4779685,4.0,9,669,5,4,405,41,25.3125,0.10123456790123457,0.0,0.030303030303030304,5.133333333333334,nan,nan
4792372,4.0,9,609,3,3,455,57,27.857142857142858,0.12527472527472527,0.0,0.21052631578947367,4.656043956043956,nan,nan
4793806,4.0,9,609,4,3,441,64,20.353846153846153,0.14512471655328799,0.0,0.045454545454545456,4.878004535147392,nan,nan
4798549,4.0,9,661,5,4,447,56,20.318181818181817,0.12527964205816555,0.0,0.0,6.322147651006712,nan,nan
4944723,4.0,9,650,5,5,292,39,19.043478260869566,0.13356164383561644,0.0,0.03225806451612903,5.497602739726028,nan,nan
4981908,4.0,9,251,1,0,251,29,24.29032258064516,0.11553784860557768,0.0,0.0,3.444223107569721,nan,nan
5084249,4.0,9,600,1,0,600,57,32.142857142857146,0.095,0.0,0.020833333333333332,3.1496666666666666,nan,nan
5133027,4.0,9,628,4,4,395,50,24.94736842105263,0.12658227848101267,0.0,0.13636363636363635,4.056962025316456,nan,nan
5285957,4.0,9,387,1,0,387,27,40.03448275862069,0.06976744186046512,0.0,0.0,3.3281653746770026,nan,nan
5286334,4.0,9,342,1,0,342,57,19.358490566037737,0.16666666666666666,0.0,0.05128205128205128,4.839766081871345,nan,nan
5395622,4.0,9,231,2,1,198,35,16.97142857142857,0.17676767676767677,0.0,0.041666666666666664,7.538888888888889,nan,nan
5538668,4.0,9,617,1,0,617,114,16.38053097345133,0.1847649918962723,0.0,0.009523809523809525,5.561588330632091,nan,nan
5670672,4.0,9,264,3,2,145,9,29.0,0.06206896551724138,0.0,0.0,6.428275862068966,nan,nan
5729758,4.0,9,253,1,0,253,30,30.979591836734695,0.11857707509881422,0.0,0.2,5.945849802371542,nan,nan
5763820,4.0,9,989,4,5,347,56,21.6875,0.16138328530259366,0.02631578947368421,0.06060606060606061,5.9651296829971185,nan,nan
5917923,4.0,9,272,1,0,272,51,18.545454545454547,0.1875,0.0,0.07407407407407407,5.0371323529411764,nan,nan
5936666,4.0,9,602,1,0,602,70,30.1,0.11627906976744186,0.0,0.1111111111111111,3.9797342192691034,nan,nan
6014730,4.0,9,219,1,0,219,32,21.540983606557376,0.1461187214611872,0.0,0.045454545454545456,6.218264840182648,nan,nan
6051512,4.0,9,601,2,1,568,56,29.894736842105264,0.09859154929577464,0.0,0.02127659574468085,4.824823943661972,nan,nan
6053686,4.0,9,602,1,0,602,77,26.558823529411764,0.12790697674418605,0.0,0.06382978723404255,4.4405315614617935,nan,nan
6171971,4.0,9,372,1,0,372,37,33.81818181818182,0.09946236559139784,0.0,0.10526315789473684,3.963440860215054,nan,nan
6172561,4.0,9,239,1,0,239,32,26.555555555555557,0.13389121338912133,0.0,0.16666666666666666,6.364853556485356,nan,nan
6357847,4.0,9,716,7,6,358,59,16.272727272727273,0.164804469273743,0.0,0.05128205128205128,8.63100558659218,nan,nan
6358495,4.0,9,308,1,0,308,29,33.0,0.09415584415584416,0.0,0.05,4.067857142857143,nan,nan
6422329,4.0,9,269,1,0,269,7,89.66666666666667,0.026022304832713755,0.0,0.0,4.067657992565056,nan,nan
6547817,4.0,9,320,1,1,288,24,45.473684210526315,0.08333333333333333,0.0,0.4,4.133680555555555,nan,nan
6547822,4.0,9,341,4,3,218,18,28.434782608695652,0.08256880733944955,0.0,0.1111111111111111,12.248165137614679,nan,nan
6756778,4.0,9,498,1,1,457,32,49.85454545454545,0.0700218818380744,0.0,0.15384615384615385,5.416630196936543,nan,nan
6896919,4.0,9,619,2,1,564,53,35.62105263157895,0.09397163120567376,0.022727272727272728,0.058823529411764705,3.781382978723404,nan,nan
6920600,4.0,9,225,1,0,225,28,28.125,0.12444444444444444,0.0,0.2,3.7239999999999998,nan,nan
6922501,4.0,9,273,1,1,239,32,27.576923076923077,0.13389121338912133,0.0,0.2,3.7322175732217575,nan,nan
6922622,4.0,9,453,1,0,453,41,43.142857142857146,0.09050772626931568,0.0,0.3333333333333333,3.1891832229580577,nan,nan
6941418,4.0,9,282,2,1,251,19,37.65,0.07569721115537849,0.0,0.09090909090909091,3.69800796812749,nan,nan
6984632,4.0,9,617,2,1,578,107,20.89156626506024,0.185121107266436,0.023255813953488372,0.09259259259259259,3.8572664359861593,nan,nan
7555066,4.0,9,339,1,0,339,38,35.68421052631579,0.11209439528023599,0.0,0.2222222222222222,6.4489675516224185,nan,nan
7557391,4.0,9,302,1,0,302,54,18.12,0.17880794701986755,0.0,0.05555555555555555,6.266887417218543,nan,nan
7563440,4.0,9,591,1,0,591,81,29.065573770491802,0.13705583756345177,0.0,0.3,3.1881556683587142,nan,nan
7564587,4.0,9,242,2,1,197,32,21.107142857142858,0.16243654822335024,0.0,0.2,3.8553299492385786,nan,nan
7583768,4.0,9,236,2,2,164,38,12.615384615384615,0.23170731707317074,0.0,0.034482758620689655,4.142682926829268,nan,nan
7598344,4.0,9,219,1,0,219,35,22.271186440677965,0.1598173515981735,0.0,0.14285714285714285,5.474429223744293,nan,nan
7613495,4.0,9,612,1,0,612,65,37.855670103092784,0.10620915032679738,0.0,0.23529411764705882,4.038888888888889,nan,nan
7613518,4.0,9,285,2,2,214,34,19.16417910447761,0.1588785046728972,0.0,0.045454545454545456,11.164953271028038,nan,nan
7613731,4.0,9,271,1,1,233,21,42.36363636363637,0.09012875536480687,0.0,0.6666666666666666,3.7248927038626607,nan,nan
7691124,4.0,9,255,3,2,178,28,17.8,0.15730337078651685,0.0,0.058823529411764705,9.962359550561798,nan,nan
7691163,4.0,9,301,2,1,267,42,21.36,0.15730337078651685,0.0,0.10526315789473684,5.804868913857678,nan,nan
7691232,4.0,9,601,1,0,601,91,21.211764705882352,0.15141430948419302,0.0,0.028985507246376812,4.292346089850249,nan,nan
7691423,4.0,9,303,2,1,260,47,17.93103448275862,0.18076923076923077,0.0,0.07407407407407407,6.196153846153846,nan,nan
7691435,4.0,9,343,1,0,343,55,21.0,0.16034985422740525,0.0,0.06060606060606061,7.239650145772594,nan,nan
7691520,4.0,9,608,2,1,552,49,38.96470588235294,0.08876811594202899,0.0,0.15789473684210525,4.131159420289856,nan,nan
7691542,4.0,9,368,2,1,306,42,26.228571428571428,0.13725490196078433,0.0,0.25,5.269934640522876,nan,nan
7691885,4.0,9,251,2,1,208,38,17.577464788732396,0.18269230769230768,0.0,0.10526315789473684,6.485576923076923,nan,nan
7691909,4.0,9,624,2,1,586,87,23.59731543624161,0.14846416382252559,0.0,0.1282051282051282,4.675597269624573,nan,nan
7795968,4.0,9,252,1,1,195,19,39.0,0.09743589743589744,0.0,0.2,3.194871794871795,nan,nan
7797310,4.0,9,601,1,0,601,78,24.04,0.129783693843594,0.0,0.015384615384615385,4.511813643926788,nan,nan
7799046,4.0,9,454,1,0,454,53,30.60674157303371,0.11674008810572688,0.0,0.125,4.979295154185022,nan,nan
7799135,4.0,9,329,1,0,329,42,25.307692307692307,0.1276595744680851,0.0,0.03333333333333333,4.135866261398176,nan,nan
7799180,4.0,9,645,4,3,515,55,29.71153846153846,0.10679611650485436,0.0,0.12,4.0568932038834955,nan,nan
7799209,4.0,9,525,1,0,525,72,27.391304347826086,0.13714285714285715,0.0,0.20833333333333334,5.139047619047619,nan,nan
7799211,4.0,9,232,3,2,155,29,14.53125,0.1870967741935484,0.0,0.047619047619047616,17.089032258064517,nan,nan
7799420,4.0,9,317,1,1,286,34,33.0,0.11888111888111888,0.0,0.5,4.716433566433567,nan,nan
7799507,4.0,9,310,3,2,196,54,12.123711340206185,0.2755102040816326,0.0,0.13636363636363635,7.3923469387755105,nan,nan
7852277,4.0,9,247,1,1,202,19,35.64705882352941,0.09405940594059406,0.0,0.125,4.739108910891089,nan,nan
7852403,4.0,9,290,1,0,290,36,32.83018867924528,0.12413793103448276,0.0,0.75,4.641034482758621,nan,nan
7852411,4.0,9,607,3,2,521,80,21.708333333333332,0.15355086372360843,0.0,0.1,4.523608445297505,nan,nan
7852420,4.0,9,606,2,1,562,76,26.976,0.13523131672597866,0.0,0.18518518518518517,6.7962633451957295,nan,nan
7852422,4.0,9,216,1,0,216,30,28.17391304347826,0.1388888888888889,0.0,0.2857142857142857,5.2,nan,nan
7852445,4.0,9,307,1,0,307,32,34.75471698113208,0.10423452768729642,0.0,0.18181818181818182,5.6706840390879485,nan,nan
7852451,4.0,9,314,2,1,261,30,28.472727272727273,0.11494252873563218,0.0,0.18181818181818182,4.811111111111111,nan,nan
8354596,4.0,9,385,1,0,385,80,18.333333333333332,0.2077922077922078,0.0,0.18518518518518517,4.398961038961039,nan,nan
10752853,4.0,10,615,2,1,565,92,17.65625,0.16283185840707964,0.0,0.0,3.2923893805309734,nan,nan
10752864,4.0,10,232,2,1,187,33,15.162162162162161,0.17647058823529413,0.0,0.0,3.488770053475936,nan,nan
10752951,4.0,10,610,1,0,610,95,22.048192771084338,0.1557377049180328,0.0,0.05172413793103448,3.8721311475409834,nan,nan
10892045,4.0,10,323,2,1,282,37,20.634146341463413,0.13120567375886524,0.0,0.0,3.4464539007092196,nan,nan
10934834,4.0,10,242,1,0,242,20,33.0,0.08264462809917356,0.0,0.0,2.9801652892561985,nan,nan
10934933,4.0,10,423,1,0,423,51,25.636363636363637,0.12056737588652482,0.0,0.024390243902439025,3.12434988179669,nan,nan
10935081,4.0,10,278,1,0,278,33,26.903225806451612,0.11870503597122302,0.0,0.045454545454545456,3.2550359712230215,nan,nan
10935136,4.0,10,308,1,1,261,30,29.547169811320753,0.11494252873563218,0.0,0.0625,3.146360153256705,nan,nan
10935148,4.0,10,237,2,3,66,6,19.8,0.09090909090909091,0.0,0.0,4.507575757575758,nan,nan
10935358,4.0,10,636,4,3,506,81,17.858823529411765,0.1600790513833992,0.0,0.014285714285714285,4.0422924901185775,nan,nan
10935638,4.0,10,228,1,0,228,23,31.813953488372093,0.10087719298245613,0.0,0.07692307692307693,6.4565789473684205,nan,nan
10935844,4.0,10,607,1,0,607,93,20.3463687150838,0.15321252059308071,0.0,0.012658227848101266,6.038879736408567,nan,nan
10969051,4.0,10,601,1,0,601,73,32.486486486486484,0.12146422628951747,0.0,0.17391304347826086,3.3703826955074874,nan,nan
11058912,4.0,10,601,1,0,601,100,19.180851063829788,0.16638935108153077,0.0,0.02564102564102564,4.012146422628952,nan,nan
11071635,4.0,10,423,2,1,377,47,26.611764705882354,0.1246684350132626,0.0,0.08333333333333333,4.70026525198939,nan,nan
11071677,4.0,10,459,2,1,406,54,25.642105263157895,0.1330049261083744,0.0,0.12,5.75615763546798,nan,nan
11071727,4.0,10,411,1,0,411,55,25.6875,0.13381995133819952,0.0,0.06451612903225806,4.375669099756691,nan,nan
11071733,4.0,10,257,1,0,257,39,23.01492537313433,0.1517509727626459,0.0,0.1111111111111111,3.436964980544747,nan,nan
11071965,4.0,10,535,3,2,448,57,26.88,0.12723214285714285,0.0,0.13043478260869565,5.314732142857143,nan,nan
11092058,4.0,10,446,1,1,399,49,32.794520547945204,0.12280701754385964,0.0,0.2727272727272727,5.354385964912281,nan,nan
11092072,4.0,10,247,1,0,247,29,27.962264150943398,0.11740890688259109,0.0,0.058823529411764705,4.562348178137652,nan,nan
4300268,4.0,10,961,5,4,431,44,30.423529411764704,0.10208816705336426,0.0,0.23076923076923078,6.058700696055685,nan,nan
4303167,4.0,10,610,3,2,518,79,21.28767123287671,0.1525096525096525,0.0,0.06521739130434782,4.918725868725869,nan,nan
4303201,4.0,10,600,1,0,600,64,34.285714285714285,0.10666666666666667,0.0,0.10714285714285714,3.554666666666667,nan,nan
4326816,4.0,10,606,4,4,446,49,26.76,0.10986547085201794,0.0,0.06896551724137931,5.057174887892376,nan,nan
4453473,4.0,10,610,3,2,512,71,21.041095890410958,0.138671875,0.0,0.016666666666666666,5.2529296875,nan,nan
4636267,4.0,10,624,4,3,474,70,20.314285714285713,0.14767932489451477,0.0,0.04081632653061224,8.899156118143459,nan,nan
4652239,4.0,10,601,4,4,432,80,15.428571428571429,0.18518518518518517,0.0,0.014492753623188406,5.8537037037037045,nan,nan
4660369,4.0,10,640,3,2,523,67,24.138461538461538,0.12810707456978968,0.0,0.044444444444444446,3.860420650095602,nan,nan
4748312,4.0,10,624,5,4,435,35,29.0,0.08045977011494253,0.0,0.0,4.957931034482758,nan,nan
4748313,4.0,10,770,3,2,465,82,18.355263157894736,0.17634408602150536,0.0,0.061224489795918366,5.598494623655914,nan,nan
4779685,4.0,10,669,5,4,405,41,23.823529411764707,0.10123456790123457,0.0,0.0,5.199012345679012,nan,nan
4792372,4.0,10,609,3,3,455,57,21.666666666666668,0.12527472527472527,0.0,0.0,3.932087912087912,nan,nan
4793806,4.0,10,609,4,3,441,64,20.511627906976745,0.14512471655328799,0.0,0.046511627906976744,4.545578231292517,nan,nan
4798549,4.0,10,661,5,4,447,56,20.318181818181817,0.12527964205816555,0.0,0.0,4.7051454138702455,nan,nan
4944723,4.0,10,650,5,5,292,39,17.877551020408163,0.13356164383561644,0.0,0.0,5.715068493150685,nan,nan
4981908,4.0,10,251,1,0,251,29,24.29032258064516,0.11553784860557768,0.0,0.0,3.9633466135458164,nan,nan
5084249,4.0,10,600,1,0,600,57,34.95145631067961,0.095,0.0,0.05555555555555555,3.5685,nan,nan
5133027,4.0,10,628,4,4,395,50,22.149532710280372,0.12658227848101267,0.0,0.02631578947368421,4.781012658227848,nan,nan
5285957,4.0,10,387,1,0,387,27,40.03448275862069,0.06976744186046512,0.0,0.0,3.4583979328165375,nan,nan
5286334,4.0,10,342,1,0,342,57,21.375,0.16666666666666666,0.0,0.11538461538461539,3.711988304093567,nan,nan
5395622,4.0,10,231,2,1,198,35,16.97142857142857,0.17676767676767677,0.0,0.041666666666666664,5.933838383838384,nan,nan
5538668,4.0,10,617,1,0,617,114,15.956896551724139,0.1847649918962723,0.0,0.0,5.7358184764991895,nan,nan
5670672,4.0,10,264,3,2,145,9,29.0,0.06206896551724138,0.0,0.0,11.65448275862069,nan,nan
5729758,4.0,10,253,1,0,253,30,27.107142857142858,0.11857707509881422,0.0,0.05263157894736842,4.123320158102767,nan,nan
5763820,4.0,10,989,4,5,347,56,20.41176470588235,0.16138328530259366,0.02631578947368421,0.023809523809523808,6.185878962536023,nan,nan
5917923,4.0,10,272,1,0,272,51,18.545454545454547,0.1875,0.0,0.07407407407407407,3.9702205882352946,nan,nan
5936666,4.0,10,602,1,0,602,70,25.083333333333332,0.11627906976744186,0.0,0.0,3.101993355481728,nan,nan
6014730,4.0,10,219,1,0,219,32,21.540983606557376,0.1461187214611872,0.0,0.045454545454545456,3.4511415525114155,nan,nan
6051512,4.0,10,601,2,1,568,56,28.4,0.09859154929577464,0.0,0.0,5.558274647887324,nan,nan
6053686,4.0,10,602,1,0,602,77,25.617021276595743,0.12790697674418605,0.0,0.037037037037037035,3.915946843853821,nan,nan
6171971,4.0,10,372,1,0,372,37,28.615384615384617,0.09946236559139784,0.0,0.0,4.130376344086022,nan,nan
6172561,4.0,10,239,1,0,239,32,30.51063829787234,0.13389121338912133,0.0,0.3333333333333333,4.662761506276151,nan,nan
6357847,4.0,10,716,7,6,358,59,15.678832116788321,0.164804469273743,0.0,0.02127659574468085,8.05167597765363,nan,nan
6358495,4.0,10,308,1,0,308,29,29.806451612903224,0.09415584415584416,0.0,0.0,3.970779220779221,nan,nan
6422329,4.0,10,269,1,0,269,7,89.66666666666667,0.026022304832713755,0.0,0.0,4.247955390334573,nan,nan
6547817,4.0,10,320,1,1,288,24,45.473684210526315,0.08333333333333333,0.0,0.4,4.187152777777778,nan,nan
6547822,4.0,10,341,4,3,218,18,25.153846153846153,0.08256880733944955,0.0,0.0,8.644954128440366,nan,nan
6756778,4.0,10,498,1,1,457,32,45.7,0.0700218818380744,0.0,0.047619047619047616,3.3326039387308533,nan,nan
6896919,4.0,10,619,2,1,564,53,29.68421052631579,0.09397163120567376,0.0,0.0,4.020035460992908,nan,nan
6920600,4.0,10,225,1,0,225,28,26.470588235294116,0.12444444444444444,0.0,0.0625,4.032,nan,nan
6922501,4.0,10,273,1,1,239,32,27.576923076923077,0.13389121338912133,0.0,0.2,4.471966527196653,nan,nan
6922622,4.0,10,453,1,0,453,41,37.75,0.09050772626931568,0.0,0.09523809523809523,5.511479028697571,nan,nan
6941418,4.0,10,282,2,1,251,19,32.73913043478261,0.07569721115537849,0.0,0.0,5.2254980079681275,nan,nan
6984632,4.0,10,617,2,1,578,107,18.545454545454547,0.185121107266436,0.010416666666666666,0.04054054054054054,4.310034602076124,nan,nan
7555066,4.0,10,339,1,0,339,38,32.285714285714285,0.11209439528023599,0.0,0.13333333333333333,4.2976401179941,nan,nan
7557391,4.0,10,302,1,0,302,54,17.423076923076923,0.17880794701986755,0.0,0.023255813953488372,4.041721854304636,nan,nan
7563440,4.0,10,591,1,0,591,81,27.921259842519685,0.13705583756345177,0.0,0.17857142857142858,3.1746192893401015,nan,nan
7564587,4.0,10,242,2,1,197,32,21.107142857142858,0.16243654822335024,0.0,0.2,5.888832487309644,nan,nan
7583768,4.0,10,236,2,2,164,38,11.714285714285714,0.23170731707317074,0.0,0.0,4.617682926829268,nan,nan
7598344,4.0,10,219,1,0,219,35,20.215384615384615,0.1598173515981735,0.0,0.043478260869565216,3.509132420091324,nan,nan
7613495,4.0,10,612,1,0,612,65,37.855670103092784,0.10620915032679738,0.0,0.23529411764705882,4.629411764705882,nan,nan
7613518,4.0,10,285,2,2,214,34,21.4,0.1588785046728972,0.041666666666666664,0.045454545454545456,8.133644859813083,nan,nan
7613731,4.0,10,271,1,1,233,21,35.84615384615385,0.09012875536480687,0.0,0.09090909090909091,3.2682403433476397,nan,nan
7691124,4.0,10,255,3,2,178,28,17.8,0.15730337078651685,0.0,0.058823529411764705,7.358426966292135,nan,nan
7691163,4.0,10,301,2,1,267,42,19.77777777777778,0.15730337078651685,0.0,0.03571428571428571,4.602621722846442,nan,nan
7691232,4.0,10,601,1,0,601,91,21.211764705882352,0.15141430948419302,0.0,0.028985507246376812,7.210648918469219,nan,nan
7691423,4.0,10,303,2,1,260,47,16.42105263157895,0.18076923076923077,0.0,0.02702702702702703,17.478461538461538,nan,nan
7691435,4.0,10,343,1,0,343,55,19.980582524271846,0.16034985422740525,0.0,0.024390243902439025,5.50262390670554,nan,nan
7691520,4.0,10,608,2,1,552,49,37.63636363636363,0.08876811594202899,0.0,0.08,5.055434782608695,nan,nan
7691542,4.0,10,368,2,1,306,42,21.6,0.13725490196078433,0.0,0.03125,6.898039215686275,nan,nan
7691885,4.0,10,251,2,1,208,38,16.207792207792206,0.18269230769230768,0.0,0.03571428571428571,6.0591346153846155,nan,nan
7691909,4.0,10,624,2,1,586,87,23.918367346938776,0.14846416382252559,0.0,0.0975609756097561,3.82901023890785,nan,nan
7795968,4.0,10,252,1,1,195,19,33.42857142857143,0.09743589743589744,0.0,0.1111111111111111,4.627179487179487,nan,nan
7797310,4.0,10,601,1,0,601,78,23.568627450980394,0.129783693843594,0.0,0.014705882352941176,3.7146422628951745,nan,nan
7799046,4.0,10,454,1,0,454,53,28.673684210526314,0.11674008810572688,0.0,0.06060606060606061,4.527753303964758,nan,nan
7799135,4.0,10,329,1,0,329,42,28.2,0.1276595744680851,0.0,0.10526315789473684,4.2088145896656535,nan,nan
7799180,4.0,10,645,4,3,515,55,28.34862385321101,0.10679611650485436,0.0,0.06060606060606061,4.509320388349515,nan,nan
7799209,4.0,10,525,1,0,525,72,25.0,0.13714285714285715,0.0,0.07317073170731707,4.308190476190476,nan,nan
7799211,4.0,10,232,3,2,155,29,13.285714285714286,0.1870967741935484,0.0,0.0,9.920645161290324,nan,nan
7799420,4.0,10,317,1,1,286,34,30.105263157894736,0.11888111888111888,0.0,0.15384615384615385,4.191958041958042,nan,nan
7799507,4.0,10,310,3,2,196,54,11.41747572815534,0.2755102040816326,0.0,0.06451612903225806,13.419897959183674,nan,nan
7852277,4.0,10,247,1,1,202,19,28.857142857142858,0.09405940594059406,0.0,0.0,6.05990099009901,nan,nan
7852403,4.0,10,290,1,0,290,36,30.526315789473685,0.12413793103448276,0.0,0.18181818181818182,4.024137931034483,nan,nan
7852411,4.0,10,607,3,2,521,80,20.03846153846154,0.15355086372360843,0.0,0.034482758620689655,4.742802303262956,nan,nan
7852420,4.0,10,606,2,1,562,76,26.976,0.13523131672597866,0.0,0.13793103448275862,4.605871886120997,nan,nan
7852422,4.0,10,216,1,0,216,30,28.17391304347826,0.1388888888888889,0.0,0.2857142857142857,4.653703703703704,nan,nan
7852445,4.0,10,307,1,0,307,32,34.75471698113208,0.10423452768729642,0.0,0.16666666666666666,4.3293159609120515,nan,nan
7852451,4.0,10,314,2,1,261,30,26.1,0.11494252873563218,0.0,0.05263157894736842,8.038697318007662,nan,nan
8354596,4.0,10,385,1,0,385,80,17.238805970149254,0.2077922077922078,0.0,0.10526315789473684,5.937662337662338,nan,nan
10752853,5.0,2,615,2,1,565,83,19.595375722543352,0.14690265486725665,0.0,0.0410958904109589,3.456637168141593,nan,nan
10752864,5.0,2,232,2,1,187,27,18.096774193548388,0.1443850267379679,0.04,1.0,3.656149732620321,nan,nan
10752951,5.0,2,610,1,0,610,84,26.33093525179856,0.1377049180327869,0.0,0.75,3.0811475409836064,nan,nan
10892045,5.0,2,323,2,1,282,35,24.17142857142857,0.12411347517730496,0.0,0.875,3.3397163120567375,nan,nan
10934834,5.0,2,242,1,0,242,13,60.5,0.05371900826446281,0.0,1.0,2.9677685950413224,nan,nan
10934933,5.0,2,423,1,0,423,40,40.285714285714285,0.09456264775413711,0.0,1.0,3.857919621749409,nan,nan
10935081,5.0,2,278,1,0,278,27,35.48936170212766,0.09712230215827339,0.0,0.8,4.275539568345323,nan,nan
10935136,5.0,2,308,1,1,261,26,47.45454545454545,0.09961685823754789,0.06666666666666667,1.0,3.471264367816092,nan,nan
10935148,5.0,2,237,2,3,66,3,26.4,0.045454545454545456,0.0,0.5,4.427272727272727,nan,nan
10935358,5.0,2,636,4,3,506,68,22.65671641791045,0.13438735177865613,0.11864406779661017,1.0,4.248814229249012,nan,nan
10935638,5.0,2,228,1,0,228,19,40.23529411764706,0.08333333333333333,0.0,1.0,4.028947368421052,nan,nan
10935844,5.0,2,607,1,0,607,88,32.230088495575224,0.14497528830313014,0.0847457627118644,1.0,3.285337726523888,nan,nan
10969051,5.0,2,601,1,0,601,71,35.00970873786408,0.11813643926788686,0.0,1.0,5.411480865224626,nan,nan
11058912,5.0,2,601,1,0,601,85,30.05,0.14143094841930118,0.2631578947368421,0.9230769230769231,4.075207986688851,nan,nan
11071635,5.0,2,423,2,1,377,40,32.31428571428572,0.10610079575596817,0.0,0.7142857142857143,4.387267904509284,nan,nan
11071677,5.0,2,459,2,1,406,47,29.70731707317073,0.11576354679802955,0.021739130434782608,1.0,4.284729064039409,nan,nan
11071727,5.0,2,411,1,0,411,47,32.88,0.11435523114355231,0.04878048780487805,1.0,4.8026763990267645,nan,nan
11071733,5.0,2,257,1,0,257,34,27.05263157894737,0.13229571984435798,0.0,1.0,4.8,nan,nan
11071965,5.0,2,535,3,2,448,45,34.46153846153846,0.10044642857142858,0.0,1.0,5.451339285714285,nan,nan
11092058,5.0,2,446,1,1,399,41,39.9,0.10275689223057644,0.02631578947368421,1.0,4.974937343358396,nan,nan
11092072,5.0,2,247,1,0,247,25,36.146341463414636,0.10121457489878542,0.0,1.0,7.748987854251012,nan,nan
4300268,5.0,2,961,5,4,431,35,34.48,0.08120649651972157,0.0,0.625,5.056380510440835,nan,nan
4303167,5.0,2,610,3,2,518,71,26.11764705882353,0.13706563706563707,0.0,1.0,8.112934362934363,nan,nan
4303201,5.0,2,600,1,0,600,54,42.35294117647059,0.09,0.0,1.0,4.191,nan,nan
4326816,5.0,2,606,4,4,446,44,30.40909090909091,0.09865470852017937,0.04878048780487805,1.0,5.395739910313901,nan,nan
4453473,5.0,2,610,3,2,512,64,25.18032786885246,0.125,0.01694915254237288,0.8571428571428571,6.2796875,nan,nan
4636267,5.0,2,624,4,3,474,59,25.854545454545455,0.12447257383966245,0.0,0.8181818181818182,7.4949367088607595,nan,nan
4652239,5.0,2,601,4,4,432,63,23.563636363636363,0.14583333333333334,0.0,0.8888888888888888,7.956018518518518,nan,nan
4660369,5.0,2,640,3,2,523,58,30.466019417475728,0.11089866156787763,0.0851063829787234,1.0,4.664435946462715,nan,nan
4748312,5.0,2,624,5,4,435,28,38.38235294117647,0.06436781609195402,0.037037037037037035,1.0,4.802528735632183,nan,nan
4748313,5.0,2,770,3,2,465,76,21.627906976744185,0.16344086021505377,0.013333333333333334,1.0,9.419354838709678,nan,nan
4779685,5.0,2,669,5,4,405,33,33.28767123287671,0.08148148148148149,0.07142857142857142,1.0,6.146419753086421,nan,nan
4792372,5.0,2,609,3,3,455,42,35.921052631578945,0.09230769230769231,0.024390243902439025,1.0,5.641758241758242,nan,nan
4793806,5.0,2,609,4,3,441,60,23.83783783783784,0.1360544217687075,0.01694915254237288,0.8181818181818182,5.207936507936507,nan,nan
4798549,5.0,2,661,5,4,447,56,25.065420560747665,0.12527964205816555,0.038461538461538464,0.7272727272727273,8.339149888143176,nan,nan
4944723,5.0,2,650,5,5,292,34,23.36,0.11643835616438356,0.0,0.8571428571428571,5.704794520547945,nan,nan
4981908,5.0,2,251,1,0,251,25,35.02325581395349,0.099601593625498,0.047619047619047616,1.0,6.2007968127490045,nan,nan
5084249,5.0,2,600,1,0,600,45,46.15384615384615,0.075,0.05128205128205128,0.7777777777777778,4.152333333333334,nan,nan
5133027,5.0,2,628,4,4,395,33,36.46153846153846,0.08354430379746836,0.0,0.6666666666666666,5.050126582278481,nan,nan
5285957,5.0,2,387,1,0,387,20,66.34285714285714,0.05167958656330749,0.0,1.0,4.72015503875969,nan,nan
5286334,5.0,2,342,1,0,342,49,28.901408450704224,0.14327485380116958,0.05405405405405406,0.8571428571428571,3.988011695906433,nan,nan
5395622,5.0,2,231,2,1,198,32,21.214285714285715,0.16161616161616163,0.0,0.8,5.498989898989898,nan,nan
5538668,5.0,2,617,1,0,617,107,20.566666666666666,0.17341977309562398,0.10810810810810811,0.72,3.381523500810373,nan,nan
5670672,5.0,2,264,3,2,145,8,32.22222222222222,0.05517241379310345,0.0,0.6666666666666666,5.213103448275862,nan,nan
5729758,5.0,2,253,1,0,253,25,37.95,0.09881422924901186,0.0,1.0,5.71501976284585,nan,nan
5763820,5.0,2,989,4,5,347,54,26.025,0.15561959654178675,0.0967741935483871,1.0,6.370605187319884,nan,nan
5917923,5.0,2,272,1,0,272,49,19.662650602409638,0.1801470588235294,0.0,1.0,7.620220588235293,nan,nan
5936666,5.0,2,602,1,0,602,54,40.58426966292135,0.08970099667774087,0.0,1.0,4.775581395348837,nan,nan
6014730,5.0,2,219,1,0,219,31,25.26923076923077,0.1415525114155251,0.0,0.8,5.1237442922374425,nan,nan
6051512,5.0,2,601,2,1,568,50,38.72727272727273,0.0880281690140845,0.0,1.0,4.169014084507042,nan,nan
6053686,5.0,2,602,1,0,602,70,31.964601769911503,0.11627906976744186,0.014705882352941176,1.0,3.5388704318936877,nan,nan
6171971,5.0,2,372,1,0,372,28,46.5,0.07526881720430108,0.0,0.8,4.523655913978494,nan,nan
6172561,5.0,2,239,1,0,239,26,34.97560975609756,0.1087866108786611,0.0,1.0,4.571548117154811,nan,nan
6357847,5.0,2,716,7,6,358,54,18.842105263157894,0.15083798882681565,0.0,0.9,10.19022346368715,nan,nan
6358495,5.0,2,308,1,0,308,25,45.073170731707314,0.08116883116883117,0.05,1.0,3.643181818181818,nan,nan
6422329,5.0,2,269,1,0,269,7,115.28571428571429,0.026022304832713755,0.0,1.0,3.0691449814126397,nan,nan
6547817,5.0,2,320,1,1,288,19,61.714285714285715,0.06597222222222222,0.07692307692307693,1.0,5.627777777777777,nan,nan
6547822,5.0,2,341,4,3,218,15,28.434782608695652,0.06880733944954129,0.07142857142857142,0.8,8.708715596330276,nan,nan
6756778,5.0,2,498,1,1,457,22,83.0909090909091,0.04814004376367615,0.0,1.0,4.611597374179431,nan,nan
6896919,5.0,2,619,2,1,564,47,40.7710843373494,0.08333333333333333,0.075,0.875,4.787056737588653,nan,nan
6920600,5.0,2,225,1,0,225,24,32.926829268292686,0.10666666666666667,0.045454545454545456,1.0,4.390666666666666,nan,nan
6922501,5.0,2,273,1,1,239,27,33.348837209302324,0.11297071129707113,0.04,1.0,4.305020920502092,nan,nan
6922622,5.0,2,453,1,0,453,37,48.535714285714285,0.08167770419426049,0.0,1.0,3.7951434878587196,nan,nan
6941418,5.0,2,282,2,1,251,19,35.857142857142854,0.07569721115537849,0.058823529411764705,1.0,6.458565737051792,nan,nan
6984632,5.0,2,617,2,1,578,83,27.09375,0.14359861591695502,0.078125,0.9166666666666666,5.36038062283737,nan,nan
7555066,5.0,2,339,1,0,339,32,44.21739130434783,0.0943952802359882,0.037037037037037035,0.75,5.456637168141593,nan,nan
7557391,5.0,2,302,1,0,302,48,24.16,0.15894039735099338,0.0,1.0,5.81523178807947,nan,nan
7563440,5.0,2,591,1,0,591,67,36.183673469387756,0.11336717428087986,0.0,1.0,3.886294416243655,nan,nan
7564587,5.0,2,242,2,1,197,28,25.695652173913043,0.14213197969543148,0.0,1.0,4.553807106598985,nan,nan
7583768,5.0,2,236,2,2,164,30,17.89090909090909,0.18292682926829268,0.037037037037037035,1.0,4.967682926829268,nan,nan
7598344,5.0,2,219,1,0,219,31,26.28,0.1415525114155251,0.0,1.0,5.432876712328767,nan,nan
7613495,5.0,2,612,1,0,612,51,49.62162162162162,0.08333333333333333,0.0,1.0,4.584967320261438,nan,nan
7613518,5.0,2,285,2,2,214,28,26.20408163265306,0.1308411214953271,0.35714285714285715,0.75,7.064953271028037,nan,nan
7613731,5.0,2,271,1,1,233,17,49.92857142857143,0.07296137339055794,0.0,1.0,3.5107296137339055,nan,nan
7691124,5.0,2,255,3,2,178,27,20.53846153846154,0.15168539325842698,0.0,1.0,8.52247191011236,nan,nan
7691163,5.0,2,301,2,1,267,37,25.428571428571427,0.13857677902621723,0.0,1.0,7.8284644194756545,nan,nan
7691232,5.0,2,601,1,0,601,86,29.317073170731707,0.14309484193011648,0.058823529411764705,1.0,4.295174708818636,nan,nan
7691423,5.0,2,303,2,1,260,41,20.8,0.1576923076923077,0.0,1.0,9.74576923076923,nan,nan
7691435,5.0,2,343,1,0,343,41,30.71641791044776,0.119533527696793,0.06451612903225806,1.0,5.335860058309038,nan,nan
7691520,5.0,2,608,2,1,552,34,54.295081967213115,0.06159420289855073,0.03125,1.0,4.8396739130434785,nan,nan
7691542,5.0,2,368,2,1,306,32,35.30769230769231,0.10457516339869281,0.2222222222222222,1.0,5.019281045751634,nan,nan
7691885,5.0,2,251,2,1,208,31,22.285714285714285,0.14903846153846154,0.03571428571428571,1.0,7.7451923076923075,nan,nan
7691909,5.0,2,624,2,1,586,71,29.05785123966942,0.12116040955631399,0.0,1.0,6.7209897610921505,nan,nan
7795968,5.0,2,252,1,1,195,15,45.0,0.07692307692307693,0.0,1.0,4.041025641025641,nan,nan
7797310,5.0,2,601,1,0,601,67,40.97727272727273,0.11148086522462562,0.47368421052631576,0.5333333333333333,3.781198003327787,nan,nan
7799046,5.0,2,454,1,0,454,47,36.32,0.10352422907488987,0.075,1.0,4.076211453744493,nan,nan
7799135,5.0,2,329,1,0,329,32,37.24528301886792,0.0972644376899696,0.0,1.0,3.4024316109422497,nan,nan
7799180,5.0,2,645,4,3,515,53,30.594059405940595,0.1029126213592233,0.0975609756097561,1.0,5.400582524271845,nan,nan
7799209,5.0,2,525,1,0,525,61,34.23913043478261,0.11619047619047619,0.0,1.0,6.316380952380952,nan,nan
7799211,5.0,2,232,3,2,155,27,16.31578947368421,0.17419354838709677,0.0,1.0,7.474193548387097,nan,nan
7799420,5.0,2,317,1,1,286,23,45.1578947368421,0.08041958041958042,0.1875,1.0,5.449300699300699,nan,nan
7799507,5.0,2,310,3,2,196,52,13.213483146067416,0.2653061224489796,0.0,0.75,12.562755102040818,nan,nan
7852277,5.0,2,247,1,1,202,15,44.888888888888886,0.07425742574257425,0.0,1.0,4.75,nan,nan
7852403,5.0,2,290,1,0,290,27,37.82608695652174,0.09310344827586207,0.0,1.0,5.989310344827587,nan,nan
7852411,5.0,2,607,3,2,521,70,26.26890756302521,0.1343570057581574,0.0,1.0,5.383301343570057,nan,nan
7852420,5.0,2,606,2,1,562,67,32.114285714285714,0.11921708185053381,0.0,1.0,6.394306049822064,nan,nan
7852422,5.0,2,216,1,0,216,29,27.0,0.13425925925925927,0.0,1.0,6.908333333333333,nan,nan
7852445,5.0,2,307,1,0,307,27,43.857142857142854,0.08794788273615635,0.041666666666666664,1.0,5.69185667752443,nan,nan
7852451,5.0,2,314,2,1,261,21,39.15,0.08045977011494253,0.05555555555555555,1.0,8.518390804597702,nan,nan
8354596,5.0,2,385,1,0,385,79,20.08695652173913,0.2051948051948052,0.10344827586206896,1.0,15.725714285714284,nan,nan
10752853,5.0,3,615,2,1,565,83,19.595375722543352,0.14690265486725665,0.0,0.0410958904109589,6.964424778761062,nan,nan
10752864,5.0,3,232,2,1,187,27,19.016949152542374,0.1443850267379679,0.0,0.45454545454545453,4.185026737967915,nan,nan
10752951,5.0,3,610,1,0,610,84,27.313432835820894,0.1377049180327869,0.0,0.47368421052631576,3.5721311475409836,nan,nan
10892045,5.0,3,323,2,1,282,35,24.17142857142857,0.12411347517730496,0.0,0.875,3.554609929078014,nan,nan
10934834,5.0,3,242,1,0,242,13,60.5,0.05371900826446281,0.0,1.0,3.0260330578512393,nan,nan
10934933,5.0,3,423,1,0,423,40,40.285714285714285,0.09456264775413711,0.0,1.0,3.218912529550827,nan,nan
10935081,5.0,3,278,1,0,278,27,35.48936170212766,0.09712230215827339,0.0,0.8,3.1758992805755395,nan,nan
10935136,5.0,3,308,1,1,261,26,47.45454545454545,0.09961685823754789,0.06666666666666667,1.0,3.1590038314176243,nan,nan
10935148,5.0,3,237,2,3,66,3,28.285714285714285,0.045454545454545456,0.0,0.0,6.525757575757575,nan,nan
10935358,5.0,3,636,4,3,506,68,24.095238095238095,0.13438735177865613,0.0,0.8461538461538461,3.9156126482213436,nan,nan
10935638,5.0,3,228,1,0,228,19,40.23529411764706,0.08333333333333333,0.0,1.0,5.643859649122807,nan,nan
10935844,5.0,3,607,1,0,607,88,32.230088495575224,0.14497528830313014,0.0847457627118644,1.0,3.832948929159802,nan,nan
10969051,5.0,3,601,1,0,601,71,35.00970873786408,0.11813643926788686,0.0,1.0,3.273377703826955,nan,nan
11058912,5.0,3,601,1,0,601,85,31.086206896551722,0.14143094841930118,0.23076923076923078,0.8461538461538461,3.7367720465890186,nan,nan
11071635,5.0,3,423,2,1,377,40,32.31428571428572,0.10610079575596817,0.0,0.7142857142857143,4.082493368700265,nan,nan
11071677,5.0,3,459,2,1,406,47,30.835443037974684,0.11576354679802955,0.0,0.75,5.570689655172413,nan,nan
11071727,5.0,3,411,1,0,411,47,33.32432432432432,0.11435523114355231,0.023255813953488372,1.0,6.329440389294404,nan,nan
11071733,5.0,3,257,1,0,257,34,28.036363636363635,0.13229571984435798,0.0,0.375,6.114785992217898,nan,nan
11071965,5.0,3,535,3,2,448,45,34.90909090909091,0.10044642857142858,0.0,0.7142857142857143,3.5638392857142853,nan,nan
11092058,5.0,3,446,1,1,399,41,39.9,0.10275689223057644,0.02631578947368421,1.0,3.3473684210526313,nan,nan
11092072,5.0,3,247,1,0,247,25,36.146341463414636,0.10121457489878542,0.0,1.0,5.77004048582996,nan,nan
4300268,5.0,3,961,5,4,431,35,34.945945945945944,0.08120649651972157,0.0,0.625,4.350116009280742,nan,nan
4303167,5.0,3,610,3,2,518,71,26.11764705882353,0.13706563706563707,0.0,1.0,7.138610038610039,nan,nan
4303201,5.0,3,600,1,0,600,54,42.35294117647059,0.09,0.0,1.0,3.8735,nan,nan
4326816,5.0,3,606,4,4,446,44,31.48235294117647,0.09865470852017937,0.0,0.7777777777777778,5.449103139013453,nan,nan
4453473,5.0,3,610,3,2,512,64,26.033898305084747,0.125,0.01694915254237288,0.625,7.474609375,nan,nan
4636267,5.0,3,624,4,3,474,59,25.854545454545455,0.12447257383966245,0.0,0.8181818181818182,6.321518987341772,nan,nan
4652239,5.0,3,601,4,4,432,63,23.563636363636363,0.14583333333333334,0.0,0.8888888888888888,7.292129629629629,nan,nan
4660369,5.0,3,640,3,2,523,58,31.06930693069307,0.11089866156787763,0.04,1.0,4.326577437858509,nan,nan
4748312,5.0,3,624,5,4,435,28,39.54545454545455,0.06436781609195402,0.0,0.7142857142857143,5.380229885057472,nan,nan
4748313,5.0,3,770,3,2,465,76,21.796875,0.16344086021505377,0.0,1.0,8.554408602150538,nan,nan
4779685,5.0,3,669,5,4,405,33,34.714285714285715,0.08148148148148149,0.034482758620689655,0.7142857142857143,6.3227160493827155,nan,nan
4792372,5.0,3,609,3,3,455,42,36.4,0.09230769230769231,0.0,1.0,4.564395604395605,nan,nan
4793806,5.0,3,609,4,3,441,60,24.054545454545455,0.1360544217687075,0.0,0.8181818181818182,6.672335600907029,nan,nan
4798549,5.0,3,661,5,4,447,56,25.542857142857144,0.12527964205816555,0.018518518518518517,0.5384615384615384,7.7208053691275165,nan,nan
4944723,5.0,3,650,5,5,292,34,23.36,0.11643835616438356,0.0,0.8571428571428571,7.53458904109589,nan,nan
4981908,5.0,3,251,1,0,251,25,35.02325581395349,0.099601593625498,0.047619047619047616,1.0,5.891633466135458,nan,nan
5084249,5.0,3,600,1,0,600,45,47.36842105263158,0.075,0.05128205128205128,0.6,3.4258333333333333,nan,nan
5133027,5.0,3,628,4,4,395,33,36.46153846153846,0.08354430379746836,0.0,0.6666666666666666,7.4698734177215185,nan,nan
5285957,5.0,3,387,1,0,387,20,66.34285714285714,0.05167958656330749,0.0,1.0,3.497674418604651,nan,nan
5286334,5.0,3,342,1,0,342,49,29.314285714285713,0.14327485380116958,0.02564102564102564,0.8571428571428571,3.9184210526315786,nan,nan
5395622,5.0,3,231,2,1,198,32,21.214285714285715,0.16161616161616163,0.0,0.8,5.585353535353536,nan,nan
5538668,5.0,3,617,1,0,617,107,21.03409090909091,0.17341977309562398,0.09210526315789473,0.5714285714285714,3.358184764991896,nan,nan
5670672,5.0,3,264,3,2,145,8,33.46153846153846,0.05517241379310345,0.0,0.25,5.860689655172414,nan,nan
5729758,5.0,3,253,1,0,253,25,37.95,0.09881422924901186,0.0,1.0,5.91501976284585,nan,nan
5763820,5.0,3,989,4,5,347,54,26.692307692307693,0.15561959654178675,0.1,0.75,9.496541786743517,nan,nan
5917923,5.0,3,272,1,0,272,49,19.662650602409638,0.1801470588235294,0.0,1.0,5.195588235294117,nan,nan
5936666,5.0,3,602,1,0,602,54,41.04545454545455,0.08970099667774087,0.0,0.7,3.8436877076411964,nan,nan
6014730,5.0,3,219,1,0,219,31,25.26923076923077,0.1415525114155251,0.0,0.8,4.115068493150686,nan,nan
6051512,5.0,3,601,2,1,568,50,38.72727272727273,0.0880281690140845,0.0,0.7,3.824823943661972,nan,nan
6053686,5.0,3,602,1,0,602,70,32.836363636363636,0.11627906976744186,0.014705882352941176,0.9,4.175415282392026,nan,nan
6171971,5.0,3,372,1,0,372,28,46.5,0.07526881720430108,0.0,0.42857142857142855,6.415591397849462,nan,nan
6172561,5.0,3,239,1,0,239,26,34.97560975609756,0.1087866108786611,0.0,1.0,8.013807531380753,nan,nan
6357847,5.0,3,716,7,6,358,54,19.008849557522122,0.15083798882681565,0.0,0.7272727272727273,12.68072625698324,nan,nan
6358495,5.0,3,308,1,0,308,25,45.073170731707314,0.08116883116883117,0.05,1.0,5.943831168831169,nan,nan
6422329,5.0,3,269,1,0,269,7,115.28571428571429,0.026022304832713755,0.0,1.0,3.6449814126394053,nan,nan
6547817,5.0,3,320,1,1,288,19,59.58620689655172,0.06597222222222222,0.07692307692307693,0.6666666666666666,6.304513888888889,nan,nan
6547822,5.0,3,341,4,3,218,15,30.41860465116279,0.06880733944954129,0.0,0.2857142857142857,9.539449541284403,nan,nan
6756778,5.0,3,498,1,1,457,22,83.0909090909091,0.04814004376367615,0.0,1.0,3.740043763676149,nan,nan
6896919,5.0,3,619,2,1,564,47,41.77777777777778,0.08333333333333333,0.04878048780487805,0.875,4.379432624113475,nan,nan
6920600,5.0,3,225,1,0,225,24,33.75,0.10666666666666667,0.0,1.0,4.933777777777777,nan,nan
6922501,5.0,3,273,1,1,239,27,34.142857142857146,0.11297071129707113,0.0,1.0,9.00502092050209,nan,nan
6922622,5.0,3,453,1,0,453,37,48.535714285714285,0.08167770419426049,0.0,1.0,4.3618101545253865,nan,nan
6941418,5.0,3,282,2,1,251,19,38.61538461538461,0.07569721115537849,0.0,0.3333333333333333,3.806374501992032,nan,nan
6984632,5.0,3,617,2,1,578,83,27.523809523809526,0.14359861591695502,0.04477611940298507,0.9166666666666666,3.9053633217993085,nan,nan
7555066,5.0,3,339,1,0,339,32,45.2,0.0943952802359882,0.037037037037037035,0.75,4.656637168141593,nan,nan
7557391,5.0,3,302,1,0,302,48,24.82191780821918,0.15894039735099338,0.05128205128205128,1.0,5.048344370860927,nan,nan
7563440,5.0,3,591,1,0,591,67,34.76470588235294,0.11336717428087986,0.0,1.0,6.4451776649746195,nan,nan
7564587,5.0,3,242,2,1,197,28,25.695652173913043,0.14213197969543148,0.0,1.0,9.411675126903553,nan,nan
7583768,5.0,3,236,2,2,164,30,17.89090909090909,0.18292682926829268,0.037037037037037035,0.6666666666666666,13.300609756097563,nan,nan
7598344,5.0,3,219,1,0,219,31,26.28,0.1415525114155251,0.0,1.0,7.4908675799086755,nan,nan
7613495,5.0,3,612,1,0,612,51,50.3013698630137,0.08333333333333333,0.0,1.0,6.975980392156863,nan,nan
7613518,5.0,3,285,2,2,214,28,28.533333333333335,0.1308411214953271,0.1875,0.75,5.192523364485981,nan,nan
7613731,5.0,3,271,1,1,233,17,49.92857142857143,0.07296137339055794,0.0,1.0,5.201716738197425,nan,nan
7691124,5.0,3,255,3,2,178,27,20.941176470588236,0.15168539325842698,0.0,0.6,14.119101123595504,nan,nan
7691163,5.0,3,301,2,1,267,37,25.428571428571427,0.13857677902621723,0.0,1.0,7.149812734082397,nan,nan
7691232,5.0,3,601,1,0,601,86,30.05,0.14309484193011648,0.04285714285714286,0.8181818181818182,3.644425956738769,nan,nan
7691423,5.0,3,303,2,1,260,41,21.666666666666668,0.1576923076923077,0.0,0.8571428571428571,10.135,nan,nan
7691435,5.0,3,343,1,0,343,41,30.71641791044776,0.119533527696793,0.10714285714285714,1.0,7.063848396501458,nan,nan
7691520,5.0,3,608,2,1,552,34,56.13559322033898,0.06159420289855073,0.0,0.6666666666666666,4.582971014492754,nan,nan
7691542,5.0,3,368,2,1,306,32,37.46938775510204,0.10457516339869281,0.16666666666666666,1.0,5.39281045751634,nan,nan
7691885,5.0,3,251,2,1,208,31,21.894736842105264,0.14903846153846154,0.0,1.0,8.830288461538462,nan,nan
7691909,5.0,3,624,2,1,586,71,29.05785123966942,0.12116040955631399,0.0,1.0,5.32764505119454,nan,nan
7795968,5.0,3,252,1,1,195,15,45.0,0.07692307692307693,0.0,1.0,3.4794871794871796,nan,nan
7797310,5.0,3,601,1,0,601,67,42.423529411764704,0.11148086522462562,0.3181818181818182,0.5333333333333333,3.3124792013311146,nan,nan
7799046,5.0,3,454,1,0,454,47,36.810810810810814,0.10352422907488987,0.047619047619047616,1.0,5.187665198237885,nan,nan
7799135,5.0,3,329,1,0,329,32,38.705882352941174,0.0972644376899696,0.0,1.0,3.5401215805471127,nan,nan
7799180,5.0,3,645,4,3,515,53,31.21212121212121,0.1029126213592233,0.06976744186046512,0.8,4.970679611650485,nan,nan
7799209,5.0,3,525,1,0,525,61,34.23913043478261,0.11619047619047619,0.0,1.0,5.624761904761905,nan,nan
7799211,5.0,3,232,3,2,155,27,16.31578947368421,0.17419354838709677,0.0,1.0,12.596774193548388,nan,nan
7799420,5.0,3,317,1,1,286,23,47.666666666666664,0.08041958041958042,0.047619047619047616,0.6666666666666666,3.5454545454545454,nan,nan
7799507,5.0,3,310,3,2,196,52,13.363636363636363,0.2653061224489796,0.0,0.5555555555555556,11.90765306122449,nan,nan
7852277,5.0,3,247,1,1,202,15,44.888888888888886,0.07425742574257425,0.0,1.0,3.772772277227723,nan,nan
7852403,5.0,3,290,1,0,290,27,37.82608695652174,0.09310344827586207,0.0,1.0,6.781379310344827,nan,nan
7852411,5.0,3,607,3,2,521,70,26.26890756302521,0.1343570057581574,0.0,1.0,7.952975047984645,nan,nan
7852420,5.0,3,606,2,1,562,67,32.114285714285714,0.11921708185053381,0.0,1.0,5.649822064056939,nan,nan
7852422,5.0,3,216,1,0,216,29,27.0,0.13425925925925927,0.0,1.0,6.944444444444445,nan,nan
7852445,5.0,3,307,1,0,307,27,43.857142857142854,0.08794788273615635,0.041666666666666664,1.0,6.815960912052117,nan,nan
7852451,5.0,3,314,2,1,261,21,40.15384615384615,0.08045977011494253,0.05555555555555555,0.5,6.131800766283526,nan,nan
8354596,5.0,3,385,1,0,385,79,21.0,0.2051948051948052,0.04838709677419355,1.0,5.252727272727273,nan,nan
10752853,5.0,4,615,2,1,565,83,19.595375722543352,0.14690265486725665,0.0,0.012658227848101266,3.1148672566371682,nan,nan
10752864,5.0,4,232,2,1,187,27,19.344827586206897,0.1443850267379679,0.0,0.2857142857142857,3.3326203208556153,nan,nan
10752951,5.0,4,610,1,0,610,84,27.313432835820894,0.1377049180327869,0.0,0.47368421052631576,3.034918032786885,nan,nan
10892045,5.0,4,323,2,1,282,35,24.17142857142857,0.12411347517730496,0.0,0.6,3.395744680851064,nan,nan
10934834,5.0,4,242,1,0,242,13,53.77777777777778,0.05371900826446281,0.0,0.4,2.976859504132231,nan,nan
10934933,5.0,4,423,1,0,423,40,40.285714285714285,0.09456264775413711,0.0,1.0,4.033096926713948,nan,nan
10935081,5.0,4,278,1,0,278,27,35.48936170212766,0.09712230215827339,0.0,0.8,3.287410071942446,nan,nan
10935136,5.0,4,308,1,1,261,26,47.45454545454545,0.09961685823754789,0.06666666666666667,1.0,3.1842911877394635,nan,nan
10935148,5.0,4,237,2,3,66,3,28.285714285714285,0.045454545454545456,0.0,0.0,7.051515151515151,nan,nan
10935358,5.0,4,636,4,3,506,68,24.095238095238095,0.13438735177865613,0.0,0.6666666666666666,3.8667984189723317,nan,nan
10935638,5.0,4,228,1,0,228,19,40.23529411764706,0.08333333333333333,0.0,1.0,3.230701754385965,nan,nan
10935844,5.0,4,607,1,0,607,88,32.230088495575224,0.14497528830313014,0.0847457627118644,1.0,3.769357495881384,nan,nan
10969051,5.0,4,601,1,0,601,71,35.00970873786408,0.11813643926788686,0.0,0.6,3.32828618968386,nan,nan
11058912,5.0,4,601,1,0,601,85,30.559322033898304,0.14143094841930118,0.1,0.5263157894736842,5.518968386023294,nan,nan
11071635,5.0,4,423,2,1,377,40,32.31428571428572,0.10610079575596817,0.0,0.7142857142857143,4.7342175066313,nan,nan
11071677,5.0,4,459,2,1,406,47,30.835443037974684,0.11576354679802955,0.0,0.75,6.85935960591133,nan,nan
11071727,5.0,4,411,1,0,411,47,33.32432432432432,0.11435523114355231,0.023255813953488372,1.0,4.175182481751825,nan,nan
11071733,5.0,4,257,1,0,257,34,28.036363636363635,0.13229571984435798,0.0,0.375,4.598443579766537,nan,nan
11071965,5.0,4,535,3,2,448,45,34.90909090909091,0.10044642857142858,0.0,0.7142857142857143,4.136160714285714,nan,nan
11092058,5.0,4,446,1,1,399,41,39.9,0.10275689223057644,0.0,1.0,3.3674185463659145,nan,nan
11092072,5.0,4,247,1,0,247,25,36.146341463414636,0.10121457489878542,0.0,1.0,6.932388663967611,nan,nan
4300268,5.0,4,961,5,4,431,35,34.945945945945944,0.08120649651972157,0.0,0.25,4.605800464037123,nan,nan
4303167,5.0,4,610,3,2,518,71,26.11764705882353,0.13706563706563707,0.0,1.0,6.36042471042471,nan,nan
4303201,5.0,4,600,1,0,600,54,40.90909090909091,0.09,0.0,0.7,4.7385,nan,nan
4326816,5.0,4,606,4,4,446,44,31.11627906976744,0.09865470852017937,0.0,0.5454545454545454,5.224663677130044,nan,nan
4453473,5.0,4,610,3,2,512,64,26.256410256410255,0.125,0.01694915254237288,0.42105263157894735,4.63125,nan,nan
4636267,5.0,4,624,4,3,474,59,25.854545454545455,0.12447257383966245,0.0,0.6153846153846154,5.859493670886076,nan,nan
4652239,5.0,4,601,4,4,432,63,23.563636363636363,0.14583333333333334,0.0,0.8888888888888888,6.5710648148148145,nan,nan
4660369,5.0,4,640,3,2,523,58,31.06930693069307,0.11089866156787763,0.018867924528301886,0.7272727272727273,6.68413001912046,nan,nan
4748312,5.0,4,624,5,4,435,28,39.54545454545455,0.06436781609195402,0.0,0.4444444444444444,4.969655172413794,nan,nan
4748313,5.0,4,770,3,2,465,76,21.796875,0.16344086021505377,0.0,1.0,6.104086021505377,nan,nan
4779685,5.0,4,669,5,4,405,33,34.714285714285715,0.08148148148148149,0.034482758620689655,0.4444444444444444,5.928888888888888,nan,nan
4792372,5.0,4,609,3,3,455,42,36.4,0.09230769230769231,0.0,1.0,7.493406593406593,nan,nan
4793806,5.0,4,609,4,3,441,60,23.41592920353982,0.1360544217687075,0.0,0.5714285714285714,5.0954648526077095,nan,nan
4798549,5.0,4,661,5,4,447,56,25.542857142857144,0.12527964205816555,0.0,0.4,5.773154362416107,nan,nan
4944723,5.0,4,650,5,5,292,34,23.675675675675677,0.11643835616438356,0.0,0.8571428571428571,4.988013698630137,nan,nan
4981908,5.0,4,251,1,0,251,25,35.857142857142854,0.099601593625498,0.047619047619047616,0.6,3.908366533864542,nan,nan
5084249,5.0,4,600,1,0,600,45,45.56962025316456,0.075,0.0,0.2222222222222222,3.8033333333333332,nan,nan
5133027,5.0,4,628,4,4,395,33,35.90909090909091,0.08354430379746836,0.0,0.5714285714285714,4.462025316455696,nan,nan
5285957,5.0,4,387,1,0,387,20,66.34285714285714,0.05167958656330749,0.0,1.0,3.1258397932816537,nan,nan
5286334,5.0,4,342,1,0,342,49,29.314285714285713,0.14327485380116958,0.02564102564102564,0.8571428571428571,3.703801169590643,nan,nan
5395622,5.0,4,231,2,1,198,32,20.482758620689655,0.16161616161616163,0.0,0.5714285714285714,4.835858585858586,nan,nan
5538668,5.0,4,617,1,0,617,107,18.696969696969695,0.17341977309562398,0.04597701149425287,0.04819277108433735,3.1034035656401944,nan,nan
5670672,5.0,4,264,3,2,145,8,33.46153846153846,0.05517241379310345,0.0,0.25,3.7531034482758625,nan,nan
5729758,5.0,4,253,1,0,253,25,37.02439024390244,0.09881422924901186,0.0,1.0,5.2003952569169964,nan,nan
5763820,5.0,4,989,4,5,347,54,26.692307692307693,0.15561959654178675,0.027777777777777776,0.75,8.182132564841497,nan,nan
5917923,5.0,4,272,1,0,272,49,19.902439024390244,0.1801470588235294,0.0,0.23529411764705882,6.213970588235294,nan,nan
5936666,5.0,4,602,1,0,602,54,42.49411764705882,0.08970099667774087,0.02040816326530612,0.6363636363636364,3.8614617940199336,nan,nan
6014730,5.0,4,219,1,0,219,31,24.333333333333332,0.1415525114155251,0.0,0.5714285714285714,3.8621004566210044,nan,nan
6051512,5.0,4,601,2,1,568,50,35.873684210526314,0.0880281690140845,0.0,0.21739130434782608,3.5505281690140844,nan,nan
6053686,5.0,4,602,1,0,602,70,31.964601769911503,0.11627906976744186,0.0,1.0,4.237541528239203,nan,nan
6171971,5.0,4,372,1,0,372,28,46.5,0.07526881720430108,0.0,0.42857142857142855,4.1567204301075265,nan,nan
6172561,5.0,4,239,1,0,239,26,34.97560975609756,0.1087866108786611,0.0,1.0,4.8644351464435145,nan,nan
6357847,5.0,4,716,7,6,358,54,18.842105263157894,0.15083798882681565,0.0,0.5,6.7181564245810055,nan,nan
6358495,5.0,4,308,1,0,308,25,51.333333333333336,0.08116883116883117,0.07142857142857142,1.0,3.1282467532467533,nan,nan
6422329,5.0,4,269,1,0,269,7,115.28571428571429,0.026022304832713755,0.0,1.0,2.963197026022305,nan,nan
6547817,5.0,4,320,1,1,288,19,61.714285714285715,0.06597222222222222,0.07692307692307693,1.0,4.249652777777778,nan,nan
6547822,5.0,4,341,4,3,218,15,31.142857142857142,0.06880733944954129,0.0,0.125,7.712844036697248,nan,nan
6756778,5.0,4,498,1,1,457,22,83.0909090909091,0.04814004376367615,0.0,1.0,3.984682713347921,nan,nan
6896919,5.0,4,619,2,1,564,47,39.348837209302324,0.08333333333333333,0.023255813953488372,0.19047619047619047,3.8558510638297867,nan,nan
6920600,5.0,4,225,1,0,225,24,33.75,0.10666666666666667,0.0,1.0,4.773777777777777,nan,nan
6922501,5.0,4,273,1,1,239,27,33.348837209302324,0.11297071129707113,0.0,1.0,3.7284518828451882,nan,nan
6922622,5.0,4,453,1,0,453,37,46.86206896551724,0.08167770419426049,0.0,0.8,3.0485651214128033,nan,nan
6941418,5.0,4,282,2,1,251,19,38.61538461538461,0.07569721115537849,0.0,0.3333333333333333,4.045418326693227,nan,nan
6984632,5.0,4,617,2,1,578,83,27.30708661417323,0.14359861591695502,0.02857142857142857,0.5,3.9844290657439445,nan,nan
7555066,5.0,4,339,1,0,339,32,50.85,0.0943952802359882,0.1,0.75,6.708554572271386,nan,nan
7557391,5.0,4,302,1,0,302,48,24.82191780821918,0.15894039735099338,0.023809523809523808,1.0,5.002317880794702,nan,nan
7563440,5.0,4,591,1,0,591,67,35.10891089108911,0.11336717428087986,0.0,1.0,3.7463620981387478,nan,nan
7564587,5.0,4,242,2,1,197,28,25.695652173913043,0.14213197969543148,0.0,1.0,4.104568527918782,nan,nan
7583768,5.0,4,236,2,2,164,30,17.263157894736842,0.18292682926829268,0.0,1.0,5.697560975609756,nan,nan
7598344,5.0,4,219,1,0,219,31,24.79245283018868,0.1415525114155251,0.0,0.6666666666666666,3.6840182648401822,nan,nan
7613495,5.0,4,612,1,0,612,51,47.688311688311686,0.08333333333333333,0.0,1.0,3.3633986928104576,nan,nan
7613518,5.0,4,285,2,2,214,28,27.91304347826087,0.1308411214953271,0.1111111111111111,0.25,6.990654205607477,nan,nan
7613731,5.0,4,271,1,1,233,17,49.92857142857143,0.07296137339055794,0.0,1.0,5.596137339055795,nan,nan
7691124,5.0,4,255,3,2,178,27,20.941176470588236,0.15168539325842698,0.0,0.2857142857142857,8.321348314606741,nan,nan
7691163,5.0,4,301,2,1,267,37,25.428571428571427,0.13857677902621723,0.0,1.0,5.964419475655431,nan,nan
7691232,5.0,4,601,1,0,601,86,22.67924528301887,0.14309484193011648,0.0,0.17391304347826086,3.545757071547421,nan,nan
7691423,5.0,4,303,2,1,260,41,21.971830985915492,0.1576923076923077,0.0,0.5555555555555556,5.520384615384615,nan,nan
7691435,5.0,4,343,1,0,343,41,31.181818181818183,0.119533527696793,0.06451612903225806,1.0,3.993002915451895,nan,nan
7691520,5.0,4,608,2,1,552,34,57.10344827586207,0.06159420289855073,0.0,0.6666666666666666,4.417753623188406,nan,nan
7691542,5.0,4,368,2,1,306,32,36.72,0.10457516339869281,0.09090909090909091,1.0,4.684640522875817,nan,nan
7691885,5.0,4,251,2,1,208,31,22.285714285714285,0.14903846153846154,0.03571428571428571,0.5714285714285714,6.2182692307692315,nan,nan
7691909,5.0,4,624,2,1,586,71,30.05128205128205,0.12116040955631399,0.0,0.75,4.603754266211604,nan,nan
7795968,5.0,4,252,1,1,195,15,41.785714285714285,0.07692307692307693,0.0,0.6666666666666666,7.265641025641026,nan,nan
7797310,5.0,4,601,1,0,601,67,32.78181818181818,0.11148086522462562,0.0,0.5,4.409650582362729,nan,nan
7799046,5.0,4,454,1,0,454,47,37.31506849315068,0.10352422907488987,0.022727272727272728,1.0,8.274669603524229,nan,nan
7799135,5.0,4,329,1,0,329,32,38.705882352941174,0.0972644376899696,0.0,1.0,4.122188449848024,nan,nan
7799180,5.0,4,645,4,3,515,53,31.21212121212121,0.1029126213592233,0.02040816326530612,0.5833333333333334,5.290485436893204,nan,nan
7799209,5.0,4,525,1,0,525,61,33.87096774193548,0.11619047619047619,0.0,1.0,4.904571428571429,nan,nan
7799211,5.0,4,232,3,2,155,27,16.31578947368421,0.17419354838709677,0.0,0.3333333333333333,8.746451612903225,nan,nan
7799420,5.0,4,317,1,1,286,23,47.666666666666664,0.08041958041958042,0.0,0.6666666666666666,7.897552447552447,nan,nan
7799507,5.0,4,310,3,2,196,52,13.363636363636363,0.2653061224489796,0.0,0.5555555555555556,13.544897959183674,nan,nan
7852277,5.0,4,247,1,1,202,15,41.793103448275865,0.07425742574257425,0.0,0.5,4.943564356435644,nan,nan
7852403,5.0,4,290,1,0,290,27,43.5,0.09310344827586207,0.05555555555555555,1.0,4.4013793103448275,nan,nan
7852411,5.0,4,607,3,2,521,70,26.26890756302521,0.1343570057581574,0.0,0.75,6.246641074856046,nan,nan
7852420,5.0,4,606,2,1,562,67,32.114285714285714,0.11921708185053381,0.0,1.0,7.768327402135232,nan,nan
7852422,5.0,4,216,1,0,216,29,27.0,0.13425925925925927,0.0,1.0,5.5398148148148145,nan,nan
7852445,5.0,4,307,1,0,307,27,40.04347826086956,0.08794788273615635,0.0,0.5,4.329967426710097,nan,nan
7852451,5.0,4,314,2,1,261,21,39.15,0.08045977011494253,0.0,0.4,4.441379310344828,nan,nan
8354596,5.0,4,385,1,0,385,79,21.0,0.2051948051948052,0.04838709677419355,1.0,4.8311688311688314,nan,nan
10752853,5.0,5,615,2,1,565,83,19.482758620689655,0.14690265486725665,0.0,0.0,3.7086725663716815,nan,nan
10752864,5.0,5,232,2,1,187,27,18.7,0.1443850267379679,0.0,0.045454545454545456,4.808021390374332,nan,nan
10752951,5.0,5,610,1,0,610,84,27.11111111111111,0.1377049180327869,0.0,0.2692307692307692,3.6977049180327866,nan,nan
10892045,5.0,5,323,2,1,282,35,24.88235294117647,0.12411347517730496,0.0,0.45454545454545453,3.4159574468085103,nan,nan
10934834,5.0,5,242,1,0,242,13,60.5,0.05371900826446281,0.0,0.2,2.9475206611570246,nan,nan
10934933,5.0,5,423,1,0,423,40,40.285714285714285,0.09456264775413711,0.0,1.0,3.131205673758865,nan,nan
10935081,5.0,5,278,1,0,278,27,35.48936170212766,0.09712230215827339,0.0,0.8,3.7467625899280574,nan,nan
10935136,5.0,5,308,1,1,261,26,48.9375,0.09961685823754789,0.06666666666666667,0.4,3.1528735632183906,nan,nan
10935148,5.0,5,237,2,3,66,3,28.285714285714285,0.045454545454545456,0.0,0.0,7.765151515151516,nan,nan
10935358,5.0,5,636,4,3,506,68,24.095238095238095,0.13438735177865613,0.0,0.38095238095238093,3.4027667984189724,nan,nan
10935638,5.0,5,228,1,0,228,19,39.08571428571429,0.08333333333333333,0.0,0.3333333333333333,6.0434210526315795,nan,nan
10935844,5.0,5,607,1,0,607,88,33.41284403669725,0.14497528830313014,0.06557377049180328,0.8888888888888888,4.020098846787479,nan,nan
10969051,5.0,5,601,1,0,601,71,35.00970873786408,0.11813643926788686,0.0,0.6,3.2046589018302827,nan,nan
11058912,5.0,5,601,1,0,601,85,30.559322033898304,0.14143094841930118,0.07547169811320754,0.5263157894736842,3.5797004991680534,nan,nan
11071635,5.0,5,423,2,1,377,40,32.78260869565217,0.10610079575596817,0.0,0.7142857142857143,4.611671087533156,nan,nan
11071677,5.0,5,459,2,1,406,47,30.835443037974684,0.11576354679802955,0.0,0.75,4.592364532019705,nan,nan
11071727,5.0,5,411,1,0,411,47,33.78082191780822,0.11435523114355231,0.0,0.625,6.506812652068127,nan,nan
11071733,5.0,5,257,1,0,257,34,28.036363636363635,0.13229571984435798,0.0,0.375,3.8505836575875487,nan,nan
11071965,5.0,5,535,3,2,448,45,34.90909090909091,0.10044642857142858,0.0,0.7142857142857143,4.451339285714286,nan,nan
11092058,5.0,5,446,1,1,399,41,39.9,0.10275689223057644,0.0,1.0,3.302756892230576,nan,nan
11092072,5.0,5,247,1,0,247,25,36.146341463414636,0.10121457489878542,0.0,1.0,7.564372469635628,nan,nan
4300268,5.0,5,961,5,4,431,35,34.945945945945944,0.08120649651972157,0.0,0.25,5.092111368909513,nan,nan
4303167,5.0,5,610,3,2,518,71,26.11764705882353,0.13706563706563707,0.0,1.0,8.463706563706562,nan,nan
4303201,5.0,5,600,1,0,600,54,40.90909090909091,0.09,0.0,0.7,4.509333333333333,nan,nan
4326816,5.0,5,606,4,4,446,44,31.11627906976744,0.09865470852017937,0.0,0.5454545454545454,5.1076233183856505,nan,nan
4453473,5.0,5,610,3,2,512,64,26.033898305084747,0.125,0.01694915254237288,0.23076923076923078,5.5783203125,nan,nan
4636267,5.0,5,624,4,3,474,59,25.62162162162162,0.12447257383966245,0.0,0.3,6.408860759493671,nan,nan
4652239,5.0,5,601,4,4,432,63,23.35135135135135,0.14583333333333334,0.0,0.5384615384615384,5.616203703703703,nan,nan
4660369,5.0,5,640,3,2,523,58,31.06930693069307,0.11089866156787763,0.018867924528301886,0.5,4.7087954110898655,nan,nan
4748312,5.0,5,624,5,4,435,28,38.38235294117647,0.06436781609195402,0.0,0.13333333333333333,6.035402298850575,nan,nan
4748313,5.0,5,770,3,2,465,76,20.977443609022558,0.16344086021505377,0.0,0.47368421052631576,5.911612903225807,nan,nan
4779685,5.0,5,669,5,4,405,33,33.75,0.08148148148148149,0.0,0.25,5.804691358024692,nan,nan
4792372,5.0,5,609,3,3,455,42,35.921052631578945,0.09230769230769231,0.0,0.5555555555555556,4.347472527472528,nan,nan
4793806,5.0,5,609,4,3,441,60,23.83783783783784,0.1360544217687075,0.01818181818181818,0.3157894736842105,5.584807256235828,nan,nan
4798549,5.0,5,661,5,4,447,56,25.30188679245283,0.12527964205816555,0.0,0.5,7.394183445190156,nan,nan
4944723,5.0,5,650,5,5,292,34,23.05263157894737,0.11643835616438356,0.0,0.3076923076923077,5.875342465753424,nan,nan
4981908,5.0,5,251,1,0,251,25,35.02325581395349,0.099601593625498,0.0,0.6,4.112749003984064,nan,nan
5084249,5.0,5,600,1,0,600,45,46.753246753246756,0.075,0.0,0.23529411764705882,3.151,nan,nan
5133027,5.0,5,628,4,4,395,33,36.46153846153846,0.08354430379746836,0.0,0.375,4.484556962025317,nan,nan
5285957,5.0,5,387,1,0,387,20,64.5,0.05167958656330749,0.0,0.3333333333333333,3.3811369509043927,nan,nan
5286334,5.0,5,342,1,0,342,49,29.314285714285713,0.14327485380116958,0.02564102564102564,0.8571428571428571,6.876315789473684,nan,nan
5395622,5.0,5,231,2,1,198,32,21.214285714285715,0.16161616161616163,0.0,0.8,5.645959595959597,nan,nan
5538668,5.0,5,617,1,0,617,107,18.51,0.17341977309562398,0.03296703296703297,0.034482758620689655,3.5293354943273902,nan,nan
5670672,5.0,5,264,3,2,145,8,33.46153846153846,0.05517241379310345,0.0,0.25,5.24896551724138,nan,nan
5729758,5.0,5,253,1,0,253,25,37.95,0.09881422924901186,0.0,1.0,4.592490118577076,nan,nan
5763820,5.0,5,989,4,5,347,54,25.390243902439025,0.15561959654178675,0.027777777777777776,0.38461538461538464,5.468299711815562,nan,nan
5917923,5.0,5,272,1,0,272,49,19.662650602409638,0.1801470588235294,0.0,0.29411764705882354,4.718382352941177,nan,nan
5936666,5.0,5,602,1,0,602,54,41.04545454545455,0.08970099667774087,0.0,0.42857142857142855,4.303820598006645,nan,nan
6014730,5.0,5,219,1,0,219,31,24.79245283018868,0.1415525114155251,0.0,0.6666666666666666,5.291780821917809,nan,nan
6051512,5.0,5,601,2,1,568,50,39.172413793103445,0.0880281690140845,0.0,0.5454545454545454,3.796654929577465,nan,nan
6053686,5.0,5,602,1,0,602,70,33.137614678899084,0.11627906976744186,0.0,0.9,3.543521594684385,nan,nan
6171971,5.0,5,372,1,0,372,28,46.5,0.07526881720430108,0.0,0.42857142857142855,3.807795698924731,nan,nan
6172561,5.0,5,239,1,0,239,26,34.142857142857146,0.1087866108786611,0.0,1.0,4.154811715481172,nan,nan
6357847,5.0,5,716,7,6,358,54,18.358974358974358,0.15083798882681565,0.0,0.22727272727272727,9.247486033519554,nan,nan
6358495,5.0,5,308,1,0,308,25,47.38461538461539,0.08116883116883117,0.05,0.2857142857142857,7.411688311688312,nan,nan
6422329,5.0,5,269,1,0,269,7,115.28571428571429,0.026022304832713755,0.0,1.0,7.021561338289962,nan,nan
6547817,5.0,5,320,1,1,288,19,61.714285714285715,0.06597222222222222,0.07692307692307693,1.0,11.139583333333333,nan,nan
6547822,5.0,5,341,4,3,218,15,29.727272727272727,0.06880733944954129,0.0,0.1,11.989449541284403,nan,nan
6756778,5.0,5,498,1,1,457,22,74.10810810810811,0.04814004376367615,0.0,1.0,3.8945295404814004,nan,nan
6896919,5.0,5,619,2,1,564,47,38.45454545454545,0.08333333333333333,0.0,0.125,3.9148936170212765,nan,nan
6920600,5.0,5,225,1,0,225,24,33.75,0.10666666666666667,0.0,1.0,5.527555555555556,nan,nan
6922501,5.0,5,273,1,1,239,27,33.348837209302324,0.11297071129707113,0.0,1.0,3.892887029288703,nan,nan
6922622,5.0,5,453,1,0,453,37,46.86206896551724,0.08167770419426049,0.0,0.8,3.04326710816777,nan,nan
6941418,5.0,5,282,2,1,251,19,38.61538461538461,0.07569721115537849,0.0,0.3333333333333333,3.8159362549800795,nan,nan
6984632,5.0,5,617,2,1,578,83,27.09375,0.14359861591695502,0.02857142857142857,0.36363636363636365,4.238235294117647,nan,nan
7555066,5.0,5,339,1,0,339,32,45.2,0.0943952802359882,0.037037037037037035,0.75,4.810914454277286,nan,nan
7557391,5.0,5,302,1,0,302,48,24.486486486486488,0.15894039735099338,0.023809523809523808,0.8571428571428571,3.9033112582781455,nan,nan
7563440,5.0,5,591,1,0,591,67,34.76470588235294,0.11336717428087986,0.0,1.0,3.0485617597292727,nan,nan
7564587,5.0,5,242,2,1,197,28,25.695652173913043,0.14213197969543148,0.0,1.0,3.7705583756345176,nan,nan
7583768,5.0,5,236,2,2,164,30,16.96551724137931,0.18292682926829268,0.0,0.4444444444444444,4.902439024390244,nan,nan
7598344,5.0,5,219,1,0,219,31,25.764705882352942,0.1415525114155251,0.0,0.42857142857142855,3.5009132420091325,nan,nan
7613495,5.0,5,612,1,0,612,51,47.688311688311686,0.08333333333333333,0.0,0.5555555555555556,3.5215686274509803,nan,nan
7613518,5.0,5,285,2,2,214,28,27.91304347826087,0.1308411214953271,0.1111111111111111,0.25,3.5630841121495327,nan,nan
7613731,5.0,5,271,1,1,233,17,49.92857142857143,0.07296137339055794,0.0,1.0,8.64420600858369,nan,nan
7691124,5.0,5,255,3,2,178,27,20.941176470588236,0.15168539325842698,0.0,0.2857142857142857,9.085955056179776,nan,nan
7691163,5.0,5,301,2,1,267,37,25.03125,0.13857677902621723,0.0,0.4444444444444444,17.672659176029963,nan,nan
7691232,5.0,5,601,1,0,601,86,25.3943661971831,0.14309484193011648,0.0,0.45454545454545453,7.251081530782029,nan,nan
7691423,5.0,5,303,2,1,260,41,21.36986301369863,0.1576923076923077,0.0,0.1875,3.9038461538461537,nan,nan
7691435,5.0,5,343,1,0,343,41,32.15625,0.119533527696793,0.06451612903225806,1.0,6.230903790087463,nan,nan
7691520,5.0,5,608,2,1,552,34,56.13559322033898,0.06159420289855073,0.0,0.6666666666666666,4.5398550724637685,nan,nan
7691542,5.0,5,368,2,1,306,32,37.46938775510204,0.10457516339869281,0.09523809523809523,1.0,4.766339869281046,nan,nan
7691885,5.0,5,251,2,1,208,31,21.894736842105264,0.14903846153846154,0.0,1.0,4.700961538461538,nan,nan
7691909,5.0,5,624,2,1,586,71,30.05128205128205,0.12116040955631399,0.0,0.75,3.636518771331058,nan,nan
7795968,5.0,5,252,1,1,195,15,41.785714285714285,0.07692307692307693,0.0,0.6666666666666666,5.7851282051282045,nan,nan
7797310,5.0,5,601,1,0,601,67,32.486486486486484,0.11148086522462562,0.0,0.19230769230769232,3.8121464226289516,nan,nan
7799046,5.0,5,454,1,0,454,47,36.810810810810814,0.10352422907488987,0.0,1.0,3.8077092511013215,nan,nan
7799135,5.0,5,329,1,0,329,32,38.705882352941174,0.0972644376899696,0.0,1.0,3.1793313069908815,nan,nan
7799180,5.0,5,645,4,3,515,53,30.294117647058822,0.1029126213592233,0.0,0.2777777777777778,6.522135922330097,nan,nan
7799209,5.0,5,525,1,0,525,61,33.51063829787234,0.11619047619047619,0.0,0.875,5.7647619047619045,nan,nan
7799211,5.0,5,232,3,2,155,27,16.31578947368421,0.17419354838709677,0.0,0.3333333333333333,8.42258064516129,nan,nan
7799420,5.0,5,317,1,1,286,23,47.666666666666664,0.08041958041958042,0.0,0.6666666666666666,6.054545454545454,nan,nan
7799507,5.0,5,310,3,2,196,52,13.213483146067416,0.2653061224489796,0.0,0.5,15.835204081632652,nan,nan
7852277,5.0,5,247,1,1,202,15,44.888888888888886,0.07425742574257425,0.0,1.0,4.373267326732673,nan,nan
7852403,5.0,5,290,1,0,290,27,43.5,0.09310344827586207,0.05555555555555555,1.0,3.8755172413793106,nan,nan
7852411,5.0,5,607,3,2,521,70,26.05,0.1343570057581574,0.0,0.6923076923076923,5.508829174664108,nan,nan
7852420,5.0,5,606,2,1,562,67,31.81132075471698,0.11921708185053381,0.0,0.6363636363636364,4.893950177935944,nan,nan
7852422,5.0,5,216,1,0,216,29,27.0,0.13425925925925927,0.0,1.0,3.656481481481481,nan,nan
7852445,5.0,5,307,1,0,307,27,43.857142857142854,0.08794788273615635,0.043478260869565216,0.75,5.092508143322476,nan,nan
7852451,5.0,5,314,2,1,261,21,39.15,0.08045977011494253,0.0,0.4,4.589272030651341,nan,nan
8354596,5.0,5,385,1,0,385,79,20.81081081081081,0.2051948051948052,0.030303030303030304,0.7272727272727273,4.242857142857143,nan,nan
10752853,5.0,6,615,2,1,565,83,19.482758620689655,0.14690265486725665,0.0,0.0,3.8819469026548674,nan,nan
10752864,5.0,6,232,2,1,187,27,18.096774193548388,0.1443850267379679,0.0,0.0,3.6278074866310157,nan,nan
10752951,5.0,6,610,1,0,610,84,26.715328467153284,0.1377049180327869,0.0,0.1935483870967742,3.2232786885245903,nan,nan
10892045,5.0,6,323,2,1,282,35,23.5,0.12411347517730496,0.0,0.08695652173913043,4.092198581560283,nan,nan
10934834,5.0,6,242,1,0,242,13,60.5,0.05371900826446281,0.0,0.2,2.9971074380165286,nan,nan
10934933,5.0,6,423,1,0,423,40,40.285714285714285,0.09456264775413711,0.0,0.5,3.0335697399527186,nan,nan
10935081,5.0,6,278,1,0,278,27,34.75,0.09712230215827339,0.0,0.16666666666666666,3.13705035971223,nan,nan
10935136,5.0,6,308,1,1,261,26,48.9375,0.09961685823754789,0.06666666666666667,0.4,2.9911877394636015,nan,nan
10935148,5.0,6,237,2,3,66,3,28.285714285714285,0.045454545454545456,0.0,0.0,6.71060606060606,nan,nan
10935358,5.0,6,636,4,3,506,68,24.682926829268293,0.13438735177865613,0.0,0.4444444444444444,3.6294466403162056,nan,nan
10935638,5.0,6,228,1,0,228,19,36.972972972972975,0.08333333333333333,0.0,0.09090909090909091,5.692982456140351,nan,nan
10935844,5.0,6,607,1,0,607,88,32.517857142857146,0.14497528830313014,0.028169014084507043,0.8888888888888888,4.284514003294893,nan,nan
10969051,5.0,6,601,1,0,601,71,34.0188679245283,0.11813643926788686,0.0,0.42857142857142855,3.133444259567388,nan,nan
11058912,5.0,6,601,1,0,601,85,29.557377049180328,0.14143094841930118,0.03225806451612903,0.2413793103448276,3.4675540765391015,nan,nan
11071635,5.0,6,423,2,1,377,40,32.78260869565217,0.10610079575596817,0.0,0.7142857142857143,5.456498673740053,nan,nan
11071677,5.0,6,459,2,1,406,47,31.23076923076923,0.11576354679802955,0.0,0.8571428571428571,5.226847290640394,nan,nan
11071727,5.0,6,411,1,0,411,47,33.78082191780822,0.11435523114355231,0.0,0.7142857142857143,4.541119221411193,nan,nan
11071733,5.0,6,257,1,0,257,34,28.036363636363635,0.13229571984435798,0.0,0.375,4.542801556420233,nan,nan
11071965,5.0,6,535,3,2,448,45,34.90909090909091,0.10044642857142858,0.0,0.7142857142857143,3.2770089285714286,nan,nan
11092058,5.0,6,446,1,1,399,41,39.9,0.10275689223057644,0.0,1.0,3.1157894736842104,nan,nan
11092072,5.0,6,247,1,0,247,25,36.146341463414636,0.10121457489878542,0.0,1.0,7.110121457489878,nan,nan
4300268,5.0,6,961,5,4,431,35,34.48,0.08120649651972157,0.0,0.23076923076923078,4.34060324825986,nan,nan
4303167,5.0,6,610,3,2,518,71,26.11764705882353,0.13706563706563707,0.0,0.4375,8.69903474903475,nan,nan
4303201,5.0,6,600,1,0,600,54,40.90909090909091,0.09,0.0,0.46153846153846156,3.999666666666667,nan,nan
4326816,5.0,6,606,4,4,446,44,32.24096385542169,0.09865470852017937,0.0,0.2857142857142857,6.429147982062781,nan,nan
4453473,5.0,6,610,3,2,512,64,25.6,0.125,0.0,0.11764705882352941,5.0416015625,nan,nan
4636267,5.0,6,624,4,3,474,59,26.333333333333332,0.12447257383966245,0.0,0.35294117647058826,8.125316455696202,nan,nan
4652239,5.0,6,601,4,4,432,63,22.344827586206897,0.14583333333333334,0.0,0.3888888888888889,8.395601851851852,nan,nan
4660369,5.0,6,640,3,2,523,58,30.466019417475728,0.11089866156787763,0.0,0.2777777777777778,4.743594646271511,nan,nan
4748312,5.0,6,624,5,4,435,28,38.38235294117647,0.06436781609195402,0.0,0.13333333333333333,5.81448275862069,nan,nan
4748313,5.0,6,770,3,2,465,76,21.968503937007874,0.16344086021505377,0.0,0.42105263157894735,5.311612903225806,nan,nan
4779685,5.0,6,669,5,4,405,33,33.75,0.08148148148148149,0.0,0.25,4.722222222222222,nan,nan
4792372,5.0,6,609,3,3,455,42,38.45070422535211,0.09230769230769231,0.0,0.5,4.293186813186813,nan,nan
4793806,5.0,6,609,4,3,441,60,25.941176470588236,0.1360544217687075,0.044444444444444446,0.23809523809523808,7.705215419501134,nan,nan
4798549,5.0,6,661,5,4,447,56,24.381818181818183,0.12527964205816555,0.0,0.22727272727272727,5.355928411633109,nan,nan
4944723,5.0,6,650,5,5,292,34,22.46153846153846,0.11643835616438356,0.0,0.17647058823529413,6.9311643835616445,nan,nan
4981908,5.0,6,251,1,0,251,25,35.02325581395349,0.099601593625498,0.0,0.6,3.813545816733068,nan,nan
5084249,5.0,6,600,1,0,600,45,46.753246753246756,0.075,0.0,0.25,3.3401666666666667,nan,nan
5133027,5.0,6,628,4,4,395,33,37.61904761904762,0.08354430379746836,0.0,0.42857142857142855,4.531392405063292,nan,nan
5285957,5.0,6,387,1,0,387,20,66.34285714285714,0.05167958656330749,0.0,0.4,3.956330749354005,nan,nan
5286334,5.0,6,342,1,0,342,49,29.314285714285713,0.14327485380116958,0.02564102564102564,0.3333333333333333,7.093567251461988,nan,nan
5395622,5.0,6,231,2,1,198,32,20.482758620689655,0.16161616161616163,0.0,0.3,9.454545454545455,nan,nan
5538668,5.0,6,617,1,0,617,107,18.603015075376884,0.17341977309562398,0.021505376344086023,0.034482758620689655,3.9142625607779578,nan,nan
5670672,5.0,6,264,3,2,145,8,31.071428571428573,0.05517241379310345,0.0,0.0,6.052413793103448,nan,nan
5729758,5.0,6,253,1,0,253,25,37.95,0.09881422924901186,0.0,1.0,4.322134387351778,nan,nan
5763820,5.0,6,989,4,5,347,54,25.08433734939759,0.15561959654178675,0.027777777777777776,0.35714285714285715,7.063112391930836,nan,nan
5917923,5.0,6,272,1,0,272,49,20.14814814814815,0.1801470588235294,0.0,0.23529411764705882,6.947058823529411,nan,nan
5936666,5.0,6,602,1,0,602,54,40.58426966292135,0.08970099667774087,0.0,0.42857142857142855,4.016943521594684,nan,nan
6014730,5.0,6,219,1,0,219,31,25.764705882352942,0.1415525114155251,0.0,0.42857142857142855,5.438356164383562,nan,nan
6051512,5.0,6,601,2,1,568,50,34.08,0.0880281690140845,0.0,0.05555555555555555,4.04718309859155,nan,nan
6053686,5.0,6,602,1,0,602,70,32.25,0.11627906976744186,0.0,0.3888888888888889,3.6137873754152823,nan,nan
6171971,5.0,6,372,1,0,372,28,46.5,0.07526881720430108,0.0,0.42857142857142855,5.331989247311828,nan,nan
6172561,5.0,6,239,1,0,239,26,34.97560975609756,0.1087866108786611,0.0,1.0,4.727196652719665,nan,nan
6357847,5.0,6,716,7,6,358,54,18.050420168067227,0.15083798882681565,0.0,0.16,6.903910614525139,nan,nan
6358495,5.0,6,308,1,0,308,25,48.63157894736842,0.08116883116883117,0.05,0.3333333333333333,3.217207792207792,nan,nan
6422329,5.0,6,269,1,0,269,7,115.28571428571429,0.026022304832713755,0.0,1.0,3.0115241635687733,nan,nan
6547817,5.0,6,320,1,1,288,19,61.714285714285715,0.06597222222222222,0.07692307692307693,1.0,5.079166666666667,nan,nan
6547822,5.0,6,341,4,3,218,15,31.142857142857142,0.06880733944954129,0.0,0.125,7.452293577981651,nan,nan
6756778,5.0,6,498,1,1,457,22,74.10810810810811,0.04814004376367615,0.0,0.3333333333333333,5.328227571115974,nan,nan
6896919,5.0,6,619,2,1,564,47,38.02247191011236,0.08333333333333333,0.0,0.12,4.806914893617021,nan,nan
6920600,5.0,6,225,1,0,225,24,35.526315789473685,0.10666666666666667,0.0,1.0,4.208444444444444,nan,nan
6922501,5.0,6,273,1,1,239,27,34.142857142857146,0.11297071129707113,0.0,1.0,3.8389121338912133,nan,nan
6922622,5.0,6,453,1,0,453,37,46.86206896551724,0.08167770419426049,0.0,0.375,2.9997792494481237,nan,nan
6941418,5.0,6,282,2,1,251,19,37.65,0.07569721115537849,0.0,0.2857142857142857,3.843824701195219,nan,nan
6984632,5.0,6,617,2,1,578,83,28.195121951219512,0.14359861591695502,0.02857142857142857,0.2727272727272727,3.557093425605536,nan,nan
7555066,5.0,6,339,1,0,339,32,42.375,0.0943952802359882,0.0,0.75,5.234513274336283,nan,nan
7557391,5.0,6,302,1,0,302,48,22.936708860759495,0.15894039735099338,0.0,0.26666666666666666,5.39205298013245,nan,nan
7563440,5.0,6,591,1,0,591,67,35.81818181818182,0.11336717428087986,0.0,0.875,4.016243654822335,nan,nan
7564587,5.0,6,242,2,1,197,28,25.695652173913043,0.14213197969543148,0.0,0.75,5.487817258883248,nan,nan
7583768,5.0,6,236,2,2,164,30,16.677966101694917,0.18292682926829268,0.0,0.25,5.183536585365854,nan,nan
7598344,5.0,6,219,1,0,219,31,25.26923076923077,0.1415525114155251,0.0,0.18181818181818182,3.5059360730593605,nan,nan
7613495,5.0,6,612,1,0,612,51,47.07692307692308,0.08333333333333333,0.0,0.625,3.0897058823529413,nan,nan
7613518,5.0,6,285,2,2,214,28,27.91304347826087,0.1308411214953271,0.0,0.4,5.884579439252336,nan,nan
7613731,5.0,6,271,1,1,233,17,49.92857142857143,0.07296137339055794,0.0,1.0,7.006008583690988,nan,nan
7691124,5.0,6,255,3,2,178,27,20.941176470588236,0.15168539325842698,0.0,0.2857142857142857,6.87247191011236,nan,nan
7691163,5.0,6,301,2,1,267,37,25.03125,0.13857677902621723,0.0,0.4444444444444444,5.171535580524345,nan,nan
7691232,5.0,6,601,1,0,601,86,23.26451612903226,0.14309484193011648,0.0,0.05357142857142857,3.641763727121464,nan,nan
7691423,5.0,6,303,2,1,260,41,21.36986301369863,0.1576923076923077,0.0,0.1875,5.5053846153846155,nan,nan
7691435,5.0,6,343,1,0,343,41,31.661538461538463,0.119533527696793,0.02857142857142857,0.5555555555555556,5.7110787172011666,nan,nan
7691520,5.0,6,608,2,1,552,34,56.13559322033898,0.06159420289855073,0.0,0.3333333333333333,6.248731884057971,nan,nan
7691542,5.0,6,368,2,1,306,32,34.64150943396226,0.10457516339869281,0.038461538461538464,0.375,5.0513071895424835,nan,nan
7691885,5.0,6,251,2,1,208,31,21.517241379310345,0.14903846153846154,0.0,0.5,7.542307692307692,nan,nan
7691909,5.0,6,624,2,1,586,71,29.796610169491526,0.12116040955631399,0.0,0.5333333333333333,4.077303754266212,nan,nan
7795968,5.0,6,252,1,1,195,15,41.785714285714285,0.07692307692307693,0.0,0.6666666666666666,3.335384615384615,nan,nan
7797310,5.0,6,601,1,0,601,67,32.19642857142857,0.11148086522462562,0.0,0.18518518518518517,3.1397670549084857,nan,nan
7799046,5.0,6,454,1,0,454,47,36.810810810810814,0.10352422907488987,0.0,1.0,4.615859030837004,nan,nan
7799135,5.0,6,329,1,0,329,32,37.96153846153846,0.0972644376899696,0.0,0.8,3.444984802431611,nan,nan
7799180,5.0,6,645,4,3,515,53,30.594059405940595,0.1029126213592233,0.0,0.29411764705882354,4.935728155339806,nan,nan
7799209,5.0,6,525,1,0,525,61,33.87096774193548,0.11619047619047619,0.0,0.6,4.363047619047619,nan,nan
7799211,5.0,6,232,3,2,155,27,16.90909090909091,0.17419354838709677,0.0,0.42857142857142855,6.614193548387097,nan,nan
7799420,5.0,6,317,1,1,286,23,44.0,0.08041958041958042,0.0,0.3333333333333333,5.003496503496503,nan,nan
7799507,5.0,6,310,3,2,196,52,13.213483146067416,0.2653061224489796,0.0,0.3076923076923077,13.53265306122449,nan,nan
7852277,5.0,6,247,1,1,202,15,44.888888888888886,0.07425742574257425,0.0,1.0,4.786633663366336,nan,nan
7852403,5.0,6,290,1,0,290,27,45.78947368421053,0.09310344827586207,0.05555555555555555,0.6,4.929655172413793,nan,nan
7852411,5.0,6,607,3,2,521,70,25.834710743801654,0.1343570057581574,0.0,0.3888888888888889,5.060652591170825,nan,nan
7852420,5.0,6,606,2,1,562,67,31.81132075471698,0.11921708185053381,0.0,0.6363636363636364,4.895017793594306,nan,nan
7852422,5.0,6,216,1,0,216,29,26.448979591836736,0.13425925925925927,0.0,0.375,3.4824074074074076,nan,nan
7852445,5.0,6,307,1,0,307,27,42.83720930232558,0.08794788273615635,0.0,0.75,4.7052117263843645,nan,nan
7852451,5.0,6,314,2,1,261,21,39.15,0.08045977011494253,0.0,0.4,13.964367816091954,nan,nan
8354596,5.0,6,385,1,0,385,79,21.0,0.2051948051948052,0.014084507042253521,0.8888888888888888,6.447792207792208,nan,nan
10752853,5.0,7,615,2,1,565,83,19.482758620689655,0.14690265486725665,0.0,0.0,3.2483185840707964,nan,nan
10752864,5.0,7,232,2,1,187,27,18.096774193548388,0.1443850267379679,0.0,0.0,3.429411764705882,nan,nan
10752951,5.0,7,610,1,0,610,84,25.594405594405593,0.1377049180327869,0.0,0.09302325581395349,3.061967213114754,nan,nan
10892045,5.0,7,323,2,1,282,35,21.692307692307693,0.12411347517730496,0.0,0.0,5.918439716312057,nan,nan
10934834,5.0,7,242,1,0,242,13,60.5,0.05371900826446281,0.0,0.2,3.121074380165289,nan,nan
10934933,5.0,7,423,1,0,423,40,41.60655737704918,0.09456264775413711,0.0,0.5714285714285714,3.138770685579196,nan,nan
10935081,5.0,7,278,1,0,278,27,34.75,0.09712230215827339,0.0,0.16666666666666666,3.1230215827338133,nan,nan
10935136,5.0,7,308,1,1,261,26,48.9375,0.09961685823754789,0.06666666666666667,0.4,3.0992337164750956,nan,nan
10935148,5.0,7,237,2,3,66,3,28.285714285714285,0.045454545454545456,0.0,0.0,7.453030303030303,nan,nan
10935358,5.0,7,636,4,3,506,68,23.353846153846153,0.13438735177865613,0.0,0.15151515151515152,3.3915019762845846,nan,nan
10935638,5.0,7,228,1,0,228,19,36.972972972972975,0.08333333333333333,0.0,0.09090909090909091,4.155701754385965,nan,nan
10935844,5.0,7,607,1,0,607,88,31.669565217391305,0.14497528830313014,0.012987012987012988,0.8888888888888888,3.94332784184514,nan,nan
10969051,5.0,7,601,1,0,601,71,34.67307692307692,0.11813643926788686,0.0,0.3333333333333333,4.84342762063228,nan,nan
11058912,5.0,7,601,1,0,601,85,27.52671755725191,0.14143094841930118,0.03225806451612903,0.0851063829787234,3.574043261231281,nan,nan
11071635,5.0,7,423,2,1,377,40,32.78260869565217,0.10610079575596817,0.0,0.25,5.26551724137931,nan,nan
11071677,5.0,7,459,2,1,406,47,29.0,0.11576354679802955,0.0,0.23529411764705882,4.083004926108375,nan,nan
11071727,5.0,7,411,1,0,411,47,33.78082191780822,0.11435523114355231,0.0,0.7142857142857143,3.9936739659367397,nan,nan
11071733,5.0,7,257,1,0,257,34,27.535714285714285,0.13229571984435798,0.0,0.3333333333333333,5.264591439688716,nan,nan
11071965,5.0,7,535,3,2,448,45,34.46153846153846,0.10044642857142858,0.0,0.36363636363636365,6.661383928571429,nan,nan
11092058,5.0,7,446,1,1,399,41,39.9,0.10275689223057644,0.0,1.0,3.411027568922306,nan,nan
11092072,5.0,7,247,1,0,247,25,37.05,0.10121457489878542,0.0,0.4,6.393117408906882,nan,nan
4300268,5.0,7,961,5,4,431,35,34.026315789473685,0.08120649651972157,0.0,0.23076923076923078,4.699535962877031,nan,nan
4303167,5.0,7,610,3,2,518,71,26.11764705882353,0.13706563706563707,0.0,0.3157894736842105,6.328957528957529,nan,nan
4303201,5.0,7,600,1,0,600,54,38.297872340425535,0.09,0.0,0.15384615384615385,3.3546666666666667,nan,nan
4326816,5.0,7,606,4,4,446,44,32.24096385542169,0.09865470852017937,0.0,0.2857142857142857,7.422197309417041,nan,nan
4453473,5.0,7,610,3,2,512,64,25.6,0.125,0.0,0.07894736842105263,4.2552734375,nan,nan
4636267,5.0,7,624,4,3,474,59,25.854545454545455,0.12447257383966245,0.0,0.16666666666666666,5.234599156118143,nan,nan
4652239,5.0,7,601,4,4,432,63,21.6,0.14583333333333334,0.0,0.18518518518518517,7.330092592592592,nan,nan
4660369,5.0,7,640,3,2,523,58,27.76991150442478,0.11089866156787763,0.0,0.05405405405405406,4.445889101338432,nan,nan
4748312,5.0,7,624,5,4,435,28,38.38235294117647,0.06436781609195402,0.0,0.13333333333333333,5.457931034482758,nan,nan
4748313,5.0,7,770,3,2,465,76,20.514705882352942,0.16344086021505377,0.0,0.1875,5.148172043010753,nan,nan
4779685,5.0,7,669,5,4,405,33,32.4,0.08148148148148149,0.0,0.1111111111111111,6.521481481481481,nan,nan
4792372,5.0,7,609,3,3,455,42,36.891891891891895,0.09230769230769231,0.0,0.23076923076923078,6.945494505494505,nan,nan
4793806,5.0,7,609,4,3,441,60,23.625,0.1360544217687075,0.0196078431372549,0.09090909090909091,6.086848072562359,nan,nan
4798549,5.0,7,661,5,4,447,56,23.120689655172413,0.12527964205816555,0.0,0.08823529411764706,4.917002237136465,nan,nan
4944723,5.0,7,650,5,5,292,34,23.05263157894737,0.11643835616438356,0.0,0.1111111111111111,5.171232876712328,nan,nan
4981908,5.0,7,251,1,0,251,25,33.46666666666667,0.099601593625498,0.0,0.2,5.550996015936255,nan,nan
5084249,5.0,7,600,1,0,600,45,45.0,0.075,0.0,0.13636363636363635,3.5586666666666664,nan,nan
5133027,5.0,7,628,4,4,395,33,37.61904761904762,0.08354430379746836,0.0,0.375,4.540506329113924,nan,nan
5285957,5.0,7,387,1,0,387,20,59.53846153846154,0.05167958656330749,0.0,0.08333333333333333,3.3020671834625324,nan,nan
5286334,5.0,7,342,1,0,342,49,28.901408450704224,0.14327485380116958,0.02564102564102564,0.3076923076923077,3.9456140350877194,nan,nan
5395622,5.0,7,231,2,1,198,32,19.475409836065573,0.16161616161616163,0.0,0.13333333333333333,4.9237373737373735,nan,nan
5538668,5.0,7,617,1,0,617,107,17.97087378640777,0.17341977309562398,0.010101010101010102,0.010309278350515464,3.819124797406807,nan,nan
5670672,5.0,7,264,3,2,145,8,31.071428571428573,0.05517241379310345,0.0,0.0,6.720689655172414,nan,nan
5729758,5.0,7,253,1,0,253,25,37.95,0.09881422924901186,0.0,0.4,4.27391304347826,nan,nan
5763820,5.0,7,989,4,5,347,54,26.025,0.15561959654178675,0.027777777777777776,0.26666666666666666,5.458789625360231,nan,nan
5917923,5.0,7,272,1,0,272,49,20.14814814814815,0.1801470588235294,0.0,0.23529411764705882,4.190808823529412,nan,nan
5936666,5.0,7,602,1,0,602,54,38.42553191489362,0.08970099667774087,0.0,0.10714285714285714,4.075415282392027,nan,nan
6014730,5.0,7,219,1,0,219,31,24.79245283018868,0.1415525114155251,0.0,0.16666666666666666,5.089497716894977,nan,nan
6051512,5.0,7,601,2,1,568,50,32.76923076923077,0.0880281690140845,0.0,0.023255813953488372,3.448943661971831,nan,nan
6053686,5.0,7,602,1,0,602,70,32.25,0.11627906976744186,0.0,0.3,5.742358803986711,nan,nan
6171971,5.0,7,372,1,0,372,28,43.76470588235294,0.07526881720430108,0.0,0.15384615384615385,5.003225806451613,nan,nan
6172561,5.0,7,239,1,0,239,26,34.97560975609756,0.1087866108786611,0.0,1.0,3.411297071129707,nan,nan
6357847,5.0,7,716,7,6,358,54,18.050420168067227,0.15083798882681565,0.0,0.15384615384615385,7.308379888268156,nan,nan
6358495,5.0,7,308,1,0,308,25,45.073170731707314,0.08116883116883117,0.0,0.3333333333333333,5.041558441558442,nan,nan
6422329,5.0,7,269,1,0,269,7,115.28571428571429,0.026022304832713755,0.0,1.0,2.9698884758364312,nan,nan
6547817,5.0,7,320,1,1,288,19,45.473684210526315,0.06597222222222222,0.0,0.08333333333333333,7.016319444444445,nan,nan
6547822,5.0,7,341,4,3,218,15,31.142857142857142,0.06880733944954129,0.0,0.125,7.88302752293578,nan,nan
6756778,5.0,7,498,1,1,457,22,74.10810810810811,0.04814004376367615,0.0,0.3333333333333333,3.4851203501094092,nan,nan
6896919,5.0,7,619,2,1,564,47,37.18681318681319,0.08333333333333333,0.0,0.06666666666666667,3.598936170212766,nan,nan
6920600,5.0,7,225,1,0,225,24,33.75,0.10666666666666667,0.0,0.3333333333333333,5.150666666666667,nan,nan
6922501,5.0,7,273,1,1,239,27,34.142857142857146,0.11297071129707113,0.0,1.0,4.342677824267783,nan,nan
6922622,5.0,7,453,1,0,453,37,46.067796610169495,0.08167770419426049,0.0,0.3333333333333333,3.1571743929359823,nan,nan
6941418,5.0,7,282,2,1,251,19,40.7027027027027,0.07569721115537849,0.0,0.5,6.451792828685259,nan,nan
6984632,5.0,7,617,2,1,578,83,28.42622950819672,0.14359861591695502,0.013888888888888888,0.2727272727272727,4.085121107266436,nan,nan
7555066,5.0,7,339,1,0,339,32,39.11538461538461,0.0943952802359882,0.0,0.375,3.8348082595870205,nan,nan
7557391,5.0,7,302,1,0,302,48,22.097560975609756,0.15894039735099338,0.0,0.14285714285714285,5.224834437086093,nan,nan
7563440,5.0,7,591,1,0,591,67,34.76470588235294,0.11336717428087986,0.0,0.6363636363636364,3.226395939086294,nan,nan
7564587,5.0,7,242,2,1,197,28,25.695652173913043,0.14213197969543148,0.0,1.0,4.308121827411168,nan,nan
7583768,5.0,7,236,2,2,164,30,16.4,0.18292682926829268,0.0,0.125,4.0634146341463415,nan,nan
7598344,5.0,7,219,1,0,219,31,25.26923076923077,0.1415525114155251,0.0,0.18181818181818182,4.759817351598174,nan,nan
7613495,5.0,7,612,1,0,612,51,47.07692307692308,0.08333333333333333,0.0,0.36363636363636365,6.900326797385621,nan,nan
7613518,5.0,7,285,2,2,214,28,26.20408163265306,0.1308411214953271,0.0,0.1,5.231775700934579,nan,nan
7613731,5.0,7,271,1,1,233,17,49.92857142857143,0.07296137339055794,0.0,1.0,4.190128755364807,nan,nan
7691124,5.0,7,255,3,2,178,27,19.77777777777778,0.15168539325842698,0.0,0.2,5.474719101123595,nan,nan
7691163,5.0,7,301,2,1,267,37,23.91044776119403,0.13857677902621723,0.0,0.125,5.132209737827715,nan,nan
7691232,5.0,7,601,1,0,601,86,23.568627450980394,0.14309484193011648,0.0,0.05555555555555555,3.740931780366057,nan,nan
7691423,5.0,7,303,2,1,260,41,21.36986301369863,0.1576923076923077,0.0,0.1875,10.603076923076923,nan,nan
7691435,5.0,7,343,1,0,343,41,28.583333333333332,0.119533527696793,0.0,0.15789473684210525,4.182798833819242,nan,nan
7691520,5.0,7,608,2,1,552,34,53.41935483870968,0.06159420289855073,0.0,0.14285714285714285,4.329891304347826,nan,nan
7691542,5.0,7,368,2,1,306,32,32.785714285714285,0.10457516339869281,0.0,0.375,4.231372549019608,nan,nan
7691885,5.0,7,251,2,1,208,31,20.8,0.14903846153846154,0.0,0.125,7.0495192307692305,nan,nan
7691909,5.0,7,624,2,1,586,71,30.310344827586206,0.12116040955631399,0.0,0.4117647058823529,3.2261092150170647,nan,nan
7795968,5.0,7,252,1,1,195,15,45.0,0.07692307692307693,0.0,0.25,10.133846153846154,nan,nan
7797310,5.0,7,601,1,0,601,67,27.953488372093023,0.11148086522462562,0.0,0.038461538461538464,3.5495840266222967,nan,nan
7799046,5.0,7,454,1,0,454,47,35.37662337662338,0.10352422907488987,0.0,0.2857142857142857,3.657488986784141,nan,nan
7799135,5.0,7,329,1,0,329,32,37.24528301886792,0.0972644376899696,0.0,0.3333333333333333,3.8620060790273554,nan,nan
7799180,5.0,7,645,4,3,515,53,28.09090909090909,0.1029126213592233,0.0,0.05714285714285714,4.834174757281553,nan,nan
7799209,5.0,7,525,1,0,525,61,33.87096774193548,0.11619047619047619,0.0,0.38461538461538464,6.546285714285714,nan,nan
7799211,5.0,7,232,3,2,155,27,16.03448275862069,0.17419354838709677,0.0,0.15384615384615385,9.630967741935484,nan,nan
7799420,5.0,7,317,1,1,286,23,44.0,0.08041958041958042,0.0,0.3333333333333333,4.929020979020979,nan,nan
7799507,5.0,7,310,3,2,196,52,10.594594594594595,0.2653061224489796,0.0,0.022727272727272728,4.389795918367347,nan,nan
7852277,5.0,7,247,1,1,202,15,41.793103448275865,0.07425742574257425,0.0,0.14285714285714285,5.4485148514851485,nan,nan
7852403,5.0,7,290,1,0,290,27,35.51020408163265,0.09310344827586207,0.0,0.16666666666666666,5.291379310344827,nan,nan
7852411,5.0,7,607,3,2,521,70,25.62295081967213,0.1343570057581574,0.0,0.2608695652173913,4.873128598848369,nan,nan
7852420,5.0,7,606,2,1,562,67,30.107142857142858,0.11921708185053381,0.0,0.21739130434782608,5.873487544483986,nan,nan
7852422,5.0,7,216,1,0,216,29,27.574468085106382,0.13425925925925927,0.0,0.5,5.868518518518518,nan,nan
7852445,5.0,7,307,1,0,307,27,40.93333333333333,0.08794788273615635,0.0,0.2222222222222222,4.328990228013029,nan,nan
7852451,5.0,7,314,2,1,261,21,41.21052631578947,0.08045977011494253,0.0,0.5,4.933333333333333,nan,nan
8354596,5.0,7,385,1,0,385,79,19.576271186440678,0.2051948051948052,0.014084507042253521,0.2,4.582337662337663,nan,nan
10752853,5.0,8,615,2,1,565,83,19.482758620689655,0.14690265486725665,0.0,0.0,3.175575221238938,nan,nan
10752864,5.0,8,232,2,1,187,27,18.096774193548388,0.1443850267379679,0.0,0.0,5.470588235294118,nan,nan
10752951,5.0,8,610,1,0,610,84,25.594405594405593,0.1377049180327869,0.0,0.09302325581395349,3.5545901639344266,nan,nan
10892045,5.0,8,323,2,1,282,35,21.692307692307693,0.12411347517730496,0.0,0.0,3.4326241134751774,nan,nan
10934834,5.0,8,242,1,0,242,13,60.5,0.05371900826446281,0.0,0.2,2.890909090909091,nan,nan
10934933,5.0,8,423,1,0,423,40,39.04615384615385,0.09456264775413711,0.0,0.23076923076923078,3.0423167848699766,nan,nan
10935081,5.0,8,278,1,0,278,27,34.75,0.09712230215827339,0.0,0.16666666666666666,3.278057553956834,nan,nan
10935136,5.0,8,308,1,1,261,26,43.5,0.09961685823754789,0.06666666666666667,0.2222222222222222,3.1310344827586207,nan,nan
10935148,5.0,8,237,2,3,66,3,28.285714285714285,0.045454545454545456,0.0,0.0,7.401515151515151,nan,nan
10935358,5.0,8,636,4,3,506,68,21.53191489361702,0.13438735177865613,0.0,0.038461538461538464,3.449604743083004,nan,nan
10935638,5.0,8,228,1,0,228,19,36.972972972972975,0.08333333333333333,0.0,0.09090909090909091,4.228070175438597,nan,nan
10935844,5.0,8,607,1,0,607,88,28.015384615384615,0.14497528830313014,0.012987012987012988,0.15625,6.481548599670511,nan,nan
10969051,5.0,8,601,1,0,601,71,33.388888888888886,0.11813643926788686,0.0,0.18181818181818182,4.009983361064892,nan,nan
11058912,5.0,8,601,1,0,601,85,26.711111111111112,0.14143094841930118,0.03225806451612903,0.05555555555555555,3.2302828618968387,nan,nan
11071635,5.0,8,423,2,1,377,40,32.78260869565217,0.10610079575596817,0.0,0.25,4.747214854111406,nan,nan
11071677,5.0,8,459,2,1,406,47,29.0,0.11576354679802955,0.0,0.14285714285714285,5.722906403940887,nan,nan
11071727,5.0,8,411,1,0,411,47,32.02597402597402,0.11435523114355231,0.0,0.17647058823529413,5.5085158150851585,nan,nan
11071733,5.0,8,257,1,0,257,34,26.135593220338983,0.13229571984435798,0.0,0.13333333333333333,4.6000000000000005,nan,nan
11071965,5.0,8,535,3,2,448,45,33.6,0.10044642857142858,0.0,0.3076923076923077,4.682589285714286,nan,nan
11092058,5.0,8,446,1,1,399,41,35.205882352941174,0.10275689223057644,0.0,0.11764705882352941,3.139348370927318,nan,nan
11092072,5.0,8,247,1,0,247,25,30.875,0.10121457489878542,0.0,0.0625,3.2647773279352226,nan,nan
4300268,5.0,8,961,5,4,431,35,32.325,0.08120649651972157,0.0,0.10526315789473684,6.760556844547565,nan,nan
4303167,5.0,8,610,3,2,518,71,25.26829268292683,0.13706563706563707,0.0,0.2,6.436679536679536,nan,nan
4303201,5.0,8,600,1,0,600,54,37.5,0.09,0.0,0.1,3.9094999999999995,nan,nan
4326816,5.0,8,606,4,4,446,44,31.11627906976744,0.09865470852017937,0.0,0.16666666666666666,6.003811659192825,nan,nan
4453473,5.0,8,610,3,2,512,64,24.975609756097562,0.125,0.0,0.07317073170731707,4.94765625,nan,nan
4636267,5.0,8,624,4,3,474,59,24.94736842105263,0.12447257383966245,0.0,0.0967741935483871,7.644936708860759,nan,nan
4652239,5.0,8,601,4,4,432,63,19.636363636363637,0.14583333333333334,0.0,0.0425531914893617,5.017361111111111,nan,nan
4660369,5.0,8,640,3,2,523,58,27.76991150442478,0.11089866156787763,0.0,0.05405405405405406,4.62906309751434,nan,nan
4748312,5.0,8,624,5,4,435,28,37.285714285714285,0.06436781609195402,0.0,0.05,5.312183908045977,nan,nan
4748313,5.0,8,770,3,2,465,76,20.82089552238806,0.16344086021505377,0.0,0.1875,6.153118279569892,nan,nan
4779685,5.0,8,669,5,4,405,33,30.375,0.08148148148148149,0.0,0.04,3.4187654320987653,nan,nan
4792372,5.0,8,609,3,3,455,42,36.891891891891895,0.09230769230769231,0.0,0.23076923076923078,4.084175824175824,nan,nan
4793806,5.0,8,609,4,3,441,60,22.810344827586206,0.1360544217687075,0.0196078431372549,0.05,4.997959183673469,nan,nan
4798549,5.0,8,661,5,4,447,56,22.35,0.12527964205816555,0.0,0.05,4.296644295302014,nan,nan
4944723,5.0,8,650,5,5,292,34,21.9,0.11643835616438356,0.0,0.041666666666666664,7.788698630136987,nan,nan
4981908,5.0,8,251,1,0,251,25,30.73469387755102,0.099601593625498,0.0,0.058823529411764705,4.841832669322709,nan,nan
5084249,5.0,8,600,1,0,600,45,44.44444444444444,0.075,0.0,0.07692307692307693,3.6390000000000002,nan,nan
5133027,5.0,8,628,4,4,395,33,37.61904761904762,0.08354430379746836,0.0,0.42857142857142855,4.959240506329114,nan,nan
5285957,5.0,8,387,1,0,387,20,68.29411764705883,0.05167958656330749,0.0,0.5,3.4152454780361756,nan,nan
5286334,5.0,8,342,1,0,342,49,27.0,0.14327485380116958,0.02564102564102564,0.14285714285714285,3.5976608187134507,nan,nan
5395622,5.0,8,231,2,1,198,32,18.5625,0.16161616161616163,0.0,0.047619047619047616,5.027272727272727,nan,nan
5538668,5.0,8,617,1,0,617,107,17.884057971014492,0.17341977309562398,0.010101010101010102,0.01020408163265306,5.881199351701783,nan,nan
5670672,5.0,8,264,3,2,145,8,31.071428571428573,0.05517241379310345,0.0,0.0,4.808275862068966,nan,nan
5729758,5.0,8,253,1,0,253,25,37.95,0.09881422924901186,0.0,0.4,4.788537549407114,nan,nan
5763820,5.0,8,989,4,5,347,54,24.785714285714285,0.15561959654178675,0.027777777777777776,0.14285714285714285,6.272622478386167,nan,nan
5917923,5.0,8,272,1,0,272,49,18.337078651685392,0.1801470588235294,0.0,0.06451612903225806,4.904411764705882,nan,nan
5936666,5.0,8,602,1,0,602,54,38.83870967741935,0.08970099667774087,0.0,0.11538461538461539,4.080066445182724,nan,nan
6014730,5.0,8,219,1,0,219,31,24.333333333333332,0.1415525114155251,0.0,0.15384615384615385,6.827853881278538,nan,nan
6051512,5.0,8,601,2,1,568,50,33.0873786407767,0.0880281690140845,0.0,0.023809523809523808,3.8785211267605635,nan,nan
6053686,5.0,8,602,1,0,602,70,32.836363636363636,0.11627906976744186,0.0,0.23809523809523808,3.5197674418604654,nan,nan
6171971,5.0,8,372,1,0,372,28,45.55102040816327,0.07526881720430108,0.0,0.18181818181818182,3.7163978494623655,nan,nan
6172561,5.0,8,239,1,0,239,26,31.866666666666667,0.1087866108786611,0.0,0.2,4.327615062761506,nan,nan
6357847,5.0,8,716,7,6,358,54,17.184,0.15083798882681565,0.0,0.05405405405405406,7.1446927374301685,nan,nan
6358495,5.0,8,308,1,0,308,25,38.5,0.08116883116883117,0.0,0.0625,6.088311688311689,nan,nan
6422329,5.0,8,269,1,0,269,7,89.66666666666667,0.026022304832713755,0.0,0.0,4.614869888475837,nan,nan
6547817,5.0,8,320,1,1,288,19,55.74193548387097,0.06597222222222222,0.0,1.0,6.447222222222222,nan,nan
6547822,5.0,8,341,4,3,218,15,28.434782608695652,0.06880733944954129,0.0,0.0,6.299541284403669,nan,nan
6756778,5.0,8,498,1,1,457,22,74.10810810810811,0.04814004376367615,0.0,0.3333333333333333,3.398468271334792,nan,nan
6896919,5.0,8,619,2,1,564,47,37.18681318681319,0.08333333333333333,0.0,0.06666666666666667,3.532978723404255,nan,nan
6920600,5.0,8,225,1,0,225,24,33.75,0.10666666666666667,0.0,0.3333333333333333,3.752444444444444,nan,nan
6922501,5.0,8,273,1,1,239,27,34.97560975609756,0.11297071129707113,0.0,1.0,3.2564853556485356,nan,nan
6922622,5.0,8,453,1,0,453,37,46.067796610169495,0.08167770419426049,0.0,0.3333333333333333,5.756291390728476,nan,nan
6941418,5.0,8,282,2,1,251,19,41.833333333333336,0.07569721115537849,0.0,0.5,4.7733067729083665,nan,nan
6984632,5.0,8,617,2,1,578,83,27.09375,0.14359861591695502,0.013888888888888888,0.11764705882352941,6.854498269896194,nan,nan
7555066,5.0,8,339,1,0,339,32,39.11538461538461,0.0943952802359882,0.0,0.375,6.956637168141594,nan,nan
7557391,5.0,8,302,1,0,302,48,21.571428571428573,0.15894039735099338,0.0,0.13043478260869565,10.500331125827815,nan,nan
7563440,5.0,8,591,1,0,591,67,35.81818181818182,0.11336717428087986,0.0,0.6,5.934517766497462,nan,nan
7564587,5.0,8,242,2,1,197,28,23.64,0.14213197969543148,0.0,0.2222222222222222,10.868020304568528,nan,nan
7583768,5.0,8,236,2,2,164,30,15.619047619047619,0.18292682926829268,0.0,0.045454545454545456,8.442682926829267,nan,nan
7598344,5.0,8,219,1,0,219,31,25.26923076923077,0.1415525114155251,0.0,0.18181818181818182,10.684018264840184,nan,nan
7613495,5.0,8,612,1,0,612,51,48.96,0.08333333333333333,0.0,0.5,3.7825163398692814,nan,nan
7613518,5.0,8,285,2,2,214,28,26.20408163265306,0.1308411214953271,0.0,0.1,3.8658878504672893,nan,nan
7613731,5.0,8,271,1,1,233,17,49.92857142857143,0.07296137339055794,0.0,1.0,3.143776824034335,nan,nan
7691124,5.0,8,255,3,2,178,27,19.77777777777778,0.15168539325842698,0.0,0.2,10.486516853932583,nan,nan
7691163,5.0,8,301,2,1,267,37,23.91044776119403,0.13857677902621723,0.0,0.125,5.865168539325842,nan,nan
7691232,5.0,8,601,1,0,601,86,23.568627450980394,0.14309484193011648,0.0,0.05555555555555555,4.045590682196339,nan,nan
7691423,5.0,8,303,2,1,260,41,18.571428571428573,0.1576923076923077,0.0,0.03125,4.598846153846154,nan,nan
7691435,5.0,8,343,1,0,343,41,25.725,0.119533527696793,0.0,0.03125,8.018367346938776,nan,nan
7691520,5.0,8,608,2,1,552,34,53.41935483870968,0.06159420289855073,0.0,0.14285714285714285,4.654891304347826,nan,nan
7691542,5.0,8,368,2,1,306,32,34.0,0.10457516339869281,0.0,0.42857142857142855,5.977450980392157,nan,nan
7691885,5.0,8,251,2,1,208,31,19.2,0.14903846153846154,0.0,0.043478260869565216,6.0442307692307695,nan,nan
7691909,5.0,8,624,2,1,586,71,29.796610169491526,0.12116040955631399,0.0,0.2857142857142857,5.0645051194539255,nan,nan
7795968,5.0,8,252,1,1,195,15,45.0,0.07692307692307693,0.0,0.25,4.794358974358974,nan,nan
7797310,5.0,8,601,1,0,601,67,27.112781954887218,0.11148086522462562,0.0,0.01694915254237288,3.282529118136439,nan,nan
7799046,5.0,8,454,1,0,454,47,35.37662337662338,0.10352422907488987,0.0,0.16666666666666666,3.8940528634361233,nan,nan
7799135,5.0,8,329,1,0,329,32,35.25,0.0972644376899696,0.0,0.13333333333333333,4.108206686930091,nan,nan
7799180,5.0,8,645,4,3,515,53,28.34862385321101,0.1029126213592233,0.0,0.058823529411764705,5.053203883495145,nan,nan
7799209,5.0,8,525,1,0,525,61,32.8125,0.11619047619047619,0.0,0.21052631578947367,7.036952380952381,nan,nan
7799211,5.0,8,232,3,2,155,27,15.245901639344263,0.17419354838709677,0.0,0.05263157894736842,9.501290322580646,nan,nan
7799420,5.0,8,317,1,1,286,23,46.37837837837838,0.08041958041958042,0.0,0.5,4.361188811188811,nan,nan
7799507,5.0,8,310,3,2,196,52,12.64516129032258,0.2653061224489796,0.0,0.08695652173913043,11.233673469387757,nan,nan
7852277,5.0,8,247,1,1,202,15,41.793103448275865,0.07425742574257425,0.0,0.14285714285714285,4.514356435643564,nan,nan
7852403,5.0,8,290,1,0,290,27,32.83018867924528,0.09310344827586207,0.0,0.05263157894736842,4.767241379310345,nan,nan
7852411,5.0,8,607,3,2,521,70,23.681818181818183,0.1343570057581574,0.0,0.10526315789473684,7.450095969289827,nan,nan
7852420,5.0,8,606,2,1,562,67,30.107142857142858,0.11921708185053381,0.0,0.21739130434782608,5.150177935943061,nan,nan
7852422,5.0,8,216,1,0,216,29,24.923076923076923,0.13425925925925927,0.0,0.14285714285714285,4.850462962962963,nan,nan
7852445,5.0,8,307,1,0,307,27,40.93333333333333,0.08794788273615635,0.0,0.2222222222222222,5.181758957654723,nan,nan
7852451,5.0,8,314,2,1,261,21,41.21052631578947,0.08045977011494253,0.0,0.5,6.22911877394636,nan,nan
8354596,5.0,8,385,1,0,385,79,19.576271186440678,0.2051948051948052,0.014084507042253521,0.2,4.275064935064935,nan,nan
10752853,5.0,9,615,2,1,565,83,19.482758620689655,0.14690265486725665,0.0,0.0,4.73716814159292,nan,nan
10752864,5.0,9,232,2,1,187,27,18.096774193548388,0.1443850267379679,0.0,0.0,3.3459893048128344,nan,nan
10752951,5.0,9,610,1,0,610,84,24.72972972972973,0.1377049180327869,0.0,0.058823529411764705,3.2762295081967214,nan,nan
10892045,5.0,9,323,2,1,282,35,21.692307692307693,0.12411347517730496,0.0,0.0,3.3900709219858154,nan,nan
10934834,5.0,9,242,1,0,242,13,60.5,0.05371900826446281,0.0,0.2,2.8334710743801654,nan,nan
10934933,5.0,9,423,1,0,423,40,36.25714285714286,0.09456264775413711,0.0,0.1,2.9907801418439712,nan,nan
10935081,5.0,9,278,1,0,278,27,28.75862068965517,0.09712230215827339,0.0,0.0,3.0201438848920863,nan,nan
10935136,5.0,9,308,1,1,261,26,43.5,0.09961685823754789,0.06666666666666667,0.09090909090909091,3.021455938697318,nan,nan
10935148,5.0,9,237,2,3,66,3,28.285714285714285,0.045454545454545456,0.0,0.0,4.086363636363636,nan,nan
10935358,5.0,9,636,4,3,506,68,20.794520547945204,0.13438735177865613,0.0,0.01694915254237288,4.11798418972332,nan,nan
10935638,5.0,9,228,1,0,228,19,32.57142857142857,0.08333333333333333,0.0,0.0,3.1850877192982456,nan,nan
10935844,5.0,9,607,1,0,607,88,28.232558139534884,0.14497528830313014,0.012987012987012988,0.16129032258064516,3.9085667215815487,nan,nan
10969051,5.0,9,601,1,0,601,71,34.67307692307692,0.11813643926788686,0.0,0.23529411764705882,4.12279534109817,nan,nan
11058912,5.0,9,601,1,0,601,85,27.318181818181817,0.14143094841930118,0.03225806451612903,0.058823529411764705,3.611647254575707,nan,nan
11071635,5.0,9,423,2,1,377,40,30.986301369863014,0.10610079575596817,0.0,0.1,8.506896551724138,nan,nan
11071677,5.0,9,459,2,1,406,47,29.0,0.11576354679802955,0.0,0.14285714285714285,6.333497536945813,nan,nan
11071727,5.0,9,411,1,0,411,47,30.825,0.11435523114355231,0.0,0.08695652173913043,4.29294403892944,nan,nan
11071733,5.0,9,257,1,0,257,34,27.05263157894737,0.13229571984435798,0.0,0.15384615384615385,4.7669260700389104,nan,nan
11071965,5.0,9,535,3,2,448,45,29.866666666666667,0.10044642857142858,0.0,0.07142857142857142,4.692410714285714,nan,nan
11092058,5.0,9,446,1,1,399,41,35.205882352941174,0.10275689223057644,0.0,0.11764705882352941,3.2684210526315787,nan,nan
11092072,5.0,9,247,1,0,247,25,33.68181818181818,0.10121457489878542,0.0,0.08333333333333333,6.007692307692308,nan,nan
4300268,5.0,9,961,5,4,431,35,31.156626506024097,0.08120649651972157,0.0,0.04,7.503016241299305,nan,nan
4303167,5.0,9,610,3,2,518,71,24.093023255813954,0.13706563706563707,0.0,0.08108108108108109,5.747683397683398,nan,nan
4303201,5.0,9,600,1,0,600,54,33.9622641509434,0.09,0.0,0.021739130434782608,3.3066666666666666,nan,nan
4326816,5.0,9,606,4,4,446,44,29.406593406593405,0.09865470852017937,0.0,0.07692307692307693,4.788116591928251,nan,nan
4453473,5.0,9,610,3,2,512,64,24.188976377952756,0.125,0.0,0.043478260869565216,4.87734375,nan,nan
4636267,5.0,9,624,4,3,474,59,23.899159663865547,0.12447257383966245,0.0,0.05263157894736842,4.683333333333334,nan,nan
4652239,5.0,9,601,4,4,432,63,19.34328358208955,0.14583333333333334,0.0,0.019230769230769232,4.630787037037037,nan,nan
4660369,5.0,9,640,3,2,523,58,27.76991150442478,0.11089866156787763,0.0,0.05405405405405406,4.480879541108987,nan,nan
4748312,5.0,9,624,5,4,435,28,37.285714285714285,0.06436781609195402,0.0,0.05,5.496781609195402,nan,nan
4748313,5.0,9,770,3,2,465,76,17.658227848101266,0.16344086021505377,0.0,0.014925373134328358,7.9255913978494625,nan,nan
4779685,5.0,9,669,5,4,405,33,30.375,0.08148148148148149,0.0,0.04,4.792345679012346,nan,nan
4792372,5.0,9,609,3,3,455,42,35.921052631578945,0.09230769230769231,0.0,0.2,3.5975824175824176,nan,nan
4793806,5.0,9,609,4,3,441,60,21.51219512195122,0.1360544217687075,0.0,0.04878048780487805,3.8700680272108845,nan,nan
4798549,5.0,9,661,5,4,447,56,21.456,0.12527964205816555,0.0,0.02127659574468085,4.069127516778524,nan,nan
4944723,5.0,9,650,5,5,292,34,21.365853658536587,0.11643835616438356,0.0,0.038461538461538464,5.362671232876712,nan,nan
4981908,5.0,9,251,1,0,251,25,27.88888888888889,0.099601593625498,0.0,0.0,3.5011952191235056,nan,nan
5084249,5.0,9,600,1,0,600,45,40.90909090909091,0.075,0.0,0.02702702702702703,3.2391666666666667,nan,nan
5133027,5.0,9,628,4,4,395,33,33.857142857142854,0.08354430379746836,0.0,0.13333333333333333,3.810126582278481,nan,nan
5285957,5.0,9,387,1,0,387,20,52.77272727272727,0.05167958656330749,0.0,0.0,3.155555555555556,nan,nan
5286334,5.0,9,342,1,0,342,49,23.0561797752809,0.14327485380116958,0.02564102564102564,0.025,3.6634502923976613,nan,nan
5395622,5.0,9,231,2,1,198,32,18.5625,0.16161616161616163,0.0,0.047619047619047616,4.463636363636364,nan,nan
5538668,5.0,9,617,1,0,617,107,17.545023696682463,0.17341977309562398,0.0,0.010309278350515464,3.904051863857375,nan,nan
5670672,5.0,9,264,3,2,145,8,31.071428571428573,0.05517241379310345,0.0,0.0,4.006206896551724,nan,nan
5729758,5.0,9,253,1,0,253,25,33.733333333333334,0.09881422924901186,0.0,0.07692307692307693,4.035968379446641,nan,nan
5763820,5.0,9,989,4,5,347,54,23.39325842696629,0.15561959654178675,0.027777777777777776,0.06896551724137931,5.569164265129683,nan,nan
5917923,5.0,9,272,1,0,272,49,18.337078651685392,0.1801470588235294,0.0,0.06451612903225806,4.913970588235294,nan,nan
5936666,5.0,9,602,1,0,602,54,39.69230769230769,0.08970099667774087,0.0,0.12,3.687541528239203,nan,nan
6014730,5.0,9,219,1,0,219,31,23.05263157894737,0.1415525114155251,0.0,0.05263157894736842,4.09269406392694,nan,nan
6051512,5.0,9,601,2,1,568,50,31.555555555555557,0.0880281690140845,0.0,0.0,3.314612676056338,nan,nan
6053686,5.0,9,602,1,0,602,70,28.440944881889763,0.11627906976744186,0.0,0.0425531914893617,6.911960132890365,nan,nan
6171971,5.0,9,372,1,0,372,28,41.333333333333336,0.07526881720430108,0.0,0.05263157894736842,3.163709677419355,nan,nan
6172561,5.0,9,239,1,0,239,26,34.142857142857146,0.1087866108786611,0.0,0.3333333333333333,4.201255230125523,nan,nan
6357847,5.0,9,716,7,6,358,54,16.523076923076925,0.15083798882681565,0.0,0.022222222222222223,6.870949720670391,nan,nan
6358495,5.0,9,308,1,0,308,25,39.319148936170215,0.08116883116883117,0.0,0.06666666666666667,4.127597402597402,nan,nan
6422329,5.0,9,269,1,0,269,7,89.66666666666667,0.026022304832713755,0.0,0.0,2.8855018587360597,nan,nan
6547817,5.0,9,320,1,1,288,19,41.142857142857146,0.06597222222222222,0.0,0.0,3.630902777777778,nan,nan
6547822,5.0,9,341,4,3,218,15,28.434782608695652,0.06880733944954129,0.0,0.0,7.093577981651377,nan,nan
6756778,5.0,9,498,1,1,457,22,65.28571428571429,0.04814004376367615,0.0,0.07692307692307693,3.2748358862144418,nan,nan
6896919,5.0,9,619,2,1,564,47,35.62105263157895,0.08333333333333333,0.0,0.02702702702702703,3.4391843971631206,nan,nan
6920600,5.0,9,225,1,0,225,24,30.681818181818183,0.10666666666666667,0.0,0.07692307692307693,3.3293333333333335,nan,nan
6922501,5.0,9,273,1,1,239,27,31.866666666666667,0.11297071129707113,0.0,0.25,4.117154811715481,nan,nan
6922622,5.0,9,453,1,0,453,37,46.067796610169495,0.08167770419426049,0.0,0.3333333333333333,3.360485651214128,nan,nan
6941418,5.0,9,282,2,1,251,19,32.73913043478261,0.07569721115537849,0.0,0.0,3.3764940239043826,nan,nan
6984632,5.0,9,617,2,1,578,83,25.880597014925375,0.14359861591695502,0.013888888888888888,0.1,5.73840830449827,nan,nan
7555066,5.0,9,339,1,0,339,32,39.11538461538461,0.0943952802359882,0.0,0.18181818181818182,8.584070796460177,nan,nan
7557391,5.0,9,302,1,0,302,48,21.571428571428573,0.15894039735099338,0.0,0.07692307692307693,7.6,nan,nan
7563440,5.0,9,591,1,0,591,67,34.42718446601942,0.11336717428087986,0.0,0.2777777777777778,3.9727580372250424,nan,nan
7564587,5.0,9,242,2,1,197,28,23.64,0.14213197969543148,0.0,0.2222222222222222,4.111167512690355,nan,nan
7583768,5.0,9,236,2,2,164,30,14.470588235294118,0.18292682926829268,0.0,0.0,4.21890243902439,nan,nan
7598344,5.0,9,219,1,0,219,31,22.271186440677965,0.1415525114155251,0.0,0.047619047619047616,7.977625570776255,nan,nan
7613495,5.0,9,612,1,0,612,51,48.31578947368421,0.08333333333333333,0.0,0.4444444444444444,4.0390522875817,nan,nan
7613518,5.0,9,285,2,2,214,28,25.68,0.1308411214953271,0.0,0.25,5.488785046728972,nan,nan
7613731,5.0,9,271,1,1,233,17,36.78947368421053,0.07296137339055794,0.0,0.0,6.89656652360515,nan,nan
7691124,5.0,9,255,3,2,178,27,18.10169491525424,0.15168539325842698,0.0,0.058823529411764705,5.853932584269663,nan,nan
7691163,5.0,9,301,2,1,267,37,22.25,0.13857677902621723,0.0,0.041666666666666664,6.891760299625468,nan,nan
7691232,5.0,9,601,1,0,601,86,21.337278106508876,0.14309484193011648,0.0,0.013157894736842105,4.898003327787022,nan,nan
7691423,5.0,9,303,2,1,260,41,18.571428571428573,0.1576923076923077,0.0,0.03125,5.838846153846154,nan,nan
7691435,5.0,9,343,1,0,343,41,25.725,0.119533527696793,0.0,0.03125,3.9504373177842567,nan,nan
7691520,5.0,9,608,2,1,552,34,54.295081967213115,0.06159420289855073,0.0,0.15384615384615385,4.788224637681159,nan,nan
7691542,5.0,9,368,2,1,306,32,28.246153846153845,0.10457516339869281,0.0,0.045454545454545456,3.9294117647058826,nan,nan
7691885,5.0,9,251,2,1,208,31,17.82857142857143,0.14903846153846154,0.0,0.0,5.339423076923077,nan,nan
7691909,5.0,9,624,2,1,586,71,25.664233576642335,0.12116040955631399,0.0,0.03773584905660377,4.837883959044369,nan,nan
7795968,5.0,9,252,1,1,195,15,45.0,0.07692307692307693,0.0,0.25,5.508205128205128,nan,nan
7797310,5.0,9,601,1,0,601,67,26.130434782608695,0.11148086522462562,0.0,0.0,4.14559068219634,nan,nan
7799046,5.0,9,454,1,0,454,47,35.37662337662338,0.10352422907488987,0.0,0.16666666666666666,3.5207048458149783,nan,nan
7799135,5.0,9,329,1,0,329,32,31.838709677419356,0.0972644376899696,0.0,0.043478260869565216,3.678419452887538,nan,nan
7799180,5.0,9,645,4,3,515,53,28.61111111111111,0.1029126213592233,0.0,0.06060606060606061,4.804271844660194,nan,nan
7799209,5.0,9,525,1,0,525,61,30.28846153846154,0.11619047619047619,0.0,0.1,4.90247619047619,nan,nan
7799211,5.0,9,232,3,2,155,27,14.090909090909092,0.17419354838709677,0.0,0.0,7.941935483870968,nan,nan
7799420,5.0,9,317,1,1,286,23,44.0,0.08041958041958042,0.0,0.1111111111111111,5.122727272727272,nan,nan
7799507,5.0,9,310,3,2,196,52,10.137931034482758,0.2653061224489796,0.0,0.0,8.766836734693877,nan,nan
7852277,5.0,9,247,1,1,202,15,35.64705882352941,0.07425742574257425,0.0,0.0,4.088118811881188,nan,nan
7852403,5.0,9,290,1,0,290,27,34.8,0.09310344827586207,0.0,0.0625,3.6824137931034486,nan,nan
7852411,5.0,9,607,3,2,521,70,23.681818181818183,0.1343570057581574,0.0,0.07317073170731707,5.121305182341651,nan,nan
7852420,5.0,9,606,2,1,562,67,29.57894736842105,0.11921708185053381,0.0,0.14285714285714285,8.0855871886121,nan,nan
7852422,5.0,9,216,1,0,216,29,25.41176470588235,0.13425925925925927,0.0,0.06666666666666667,8.977777777777778,nan,nan
7852445,5.0,9,307,1,0,307,27,36.11764705882353,0.08794788273615635,0.0,0.058823529411764705,8.447231270358307,nan,nan
7852451,5.0,9,314,2,1,261,21,35.59090909090909,0.08045977011494253,0.0,0.08333333333333333,9.873563218390805,nan,nan
8354596,5.0,9,385,1,0,385,79,15.0,0.2051948051948052,0.0,0.014705882352941176,4.376883116883117,nan,nan
10752853,5.0,10,615,2,1,565,83,19.482758620689655,0.14690265486725665,0.0,0.0,3.25929203539823,nan,nan
10752864,5.0,10,232,2,1,187,27,18.096774193548388,0.1443850267379679,0.0,0.0,3.4689839572192516,nan,nan
10752951,5.0,10,610,1,0,610,84,23.766233766233768,0.1377049180327869,0.0,0.03333333333333333,3.205245901639344,nan,nan
10892045,5.0,10,323,2,1,282,35,21.692307692307693,0.12411347517730496,0.0,0.0,3.402127659574468,nan,nan
10934834,5.0,10,242,1,0,242,13,48.4,0.05371900826446281,0.0,0.0,3.1198347107438016,nan,nan
10934933,5.0,10,423,1,0,423,40,34.76712328767123,0.09456264775413711,0.0,0.038461538461538464,3.1799054373522457,nan,nan
10935081,5.0,10,278,1,0,278,27,28.75862068965517,0.09712230215827339,0.0,0.0,3.2546762589928058,nan,nan
10935136,5.0,10,308,1,1,261,26,43.5,0.09961685823754789,0.06666666666666667,0.09090909090909091,5.570498084291188,nan,nan
10935148,5.0,10,237,2,3,66,3,28.285714285714285,0.045454545454545456,0.0,0.0,5.412121212121212,nan,nan
10935358,5.0,10,636,4,3,506,68,19.973684210526315,0.13438735177865613,0.0,0.0,5.450197628458499,nan,nan
10935638,5.0,10,228,1,0,228,19,32.57142857142857,0.08333333333333333,0.0,0.0,4.11578947368421,nan,nan
10935844,5.0,10,607,1,0,607,88,28.453125,0.14497528830313014,0.012987012987012988,0.16666666666666666,4.1411861614497525,nan,nan
10969051,5.0,10,601,1,0,601,71,34.67307692307692,0.11813643926788686,0.0,0.23529411764705882,3.347254575707155,nan,nan
11058912,5.0,10,601,1,0,601,85,26.130434782608695,0.14143094841930118,0.03225806451612903,0.03333333333333333,4.527620632279534,nan,nan
11071635,5.0,10,423,2,1,377,40,27.925925925925927,0.10610079575596817,0.0,0.03225806451612903,4.609283819628647,nan,nan
11071677,5.0,10,459,2,1,406,47,25.914893617021278,0.11576354679802955,0.0,0.027777777777777776,4.062068965517241,nan,nan
11071727,5.0,10,411,1,0,411,47,30.825,0.11435523114355231,0.0,0.08695652173913043,3.9245742092457423,nan,nan
11071733,5.0,10,257,1,0,257,34,27.05263157894737,0.13229571984435798,0.0,0.15384615384615385,6.062645914396887,nan,nan
11071965,5.0,10,535,3,2,448,45,29.217391304347824,0.10044642857142858,0.0,0.030303030303030304,5.304910714285714,nan,nan
11092058,5.0,10,446,1,1,399,41,35.205882352941174,0.10275689223057644,0.0,0.11764705882352941,5.216541353383459,nan,nan
11092072,5.0,10,247,1,0,247,25,33.68181818181818,0.10121457489878542,0.0,0.08333333333333333,5.148178137651821,nan,nan
4300268,5.0,10,961,5,4,431,35,31.156626506024097,0.08120649651972157,0.0,0.04,5.203016241299304,nan,nan
4303167,5.0,10,610,3,2,518,71,22.52173913043478,0.13706563706563707,0.0,0.04081632653061224,4.966602316602316,nan,nan
4303201,5.0,10,600,1,0,600,54,34.61538461538461,0.09,0.0,0.023255813953488372,3.1248333333333336,nan,nan
4326816,5.0,10,606,4,4,446,44,27.587628865979383,0.09865470852017937,0.0,0.02857142857142857,4.377354260089686,nan,nan
4453473,5.0,10,610,3,2,512,64,24.576,0.125,0.0,0.044444444444444446,6.158984375,nan,nan
4636267,5.0,10,624,4,3,474,59,22.571428571428573,0.12447257383966245,0.0,0.020833333333333332,4.993881856540084,nan,nan
4652239,5.0,10,601,4,4,432,63,18.253521126760564,0.14583333333333334,0.0,0.0,3.9497685185185185,nan,nan
4660369,5.0,10,640,3,2,523,58,28.527272727272727,0.11089866156787763,0.0,0.05714285714285714,4.358126195028681,nan,nan
4748312,5.0,10,624,5,4,435,28,34.3421052631579,0.06436781609195402,0.0,0.0,5.488275862068965,nan,nan
4748313,5.0,10,770,3,2,465,76,17.770700636942674,0.16344086021505377,0.0,0.015151515151515152,4.283870967741936,nan,nan
4779685,5.0,10,669,5,4,405,33,28.25581395348837,0.08148148148148149,0.0,0.0,4.436543209876543,nan,nan
4792372,5.0,10,609,3,3,455,42,36.891891891891895,0.09230769230769231,0.0,0.23076923076923078,3.5934065934065935,nan,nan
4793806,5.0,10,609,4,3,441,60,21.688524590163933,0.1360544217687075,0.0,0.05,3.763265306122449,nan,nan
4798549,5.0,10,661,5,4,447,56,21.456,0.12527964205816555,0.0,0.02127659574468085,3.730872483221477,nan,nan
4944723,5.0,10,650,5,5,292,34,19.90909090909091,0.11643835616438356,0.0,0.0,3.9777397260273974,nan,nan
4981908,5.0,10,251,1,0,251,25,27.88888888888889,0.099601593625498,0.0,0.0,6.55418326693227,nan,nan
5084249,5.0,10,600,1,0,600,45,38.297872340425535,0.075,0.0,0.0,3.168833333333333,nan,nan
5133027,5.0,10,628,4,4,395,33,31.6,0.08354430379746836,0.0,0.043478260869565216,4.01620253164557,nan,nan
5285957,5.0,10,387,1,0,387,20,52.77272727272727,0.05167958656330749,0.0,0.0,3.0821705426356587,nan,nan
5286334,5.0,10,342,1,0,342,49,21.6,0.14327485380116958,0.02564102564102564,0.0,3.3096491228070177,nan,nan
5395622,5.0,10,231,2,1,198,32,18.5625,0.16161616161616163,0.0,0.047619047619047616,4.548989898989899,nan,nan
5538668,5.0,10,617,1,0,617,107,16.98165137614679,0.17341977309562398,0.0,0.0,5.3645056726094005,nan,nan
5670672,5.0,10,264,3,2,145,8,31.071428571428573,0.05517241379310345,0.0,0.0,8.0,nan,nan
5729758,5.0,10,253,1,0,253,25,32.297872340425535,0.09881422924901186,0.0,0.06666666666666667,5.964822134387352,nan,nan
5763820,5.0,10,989,4,5,347,54,23.39325842696629,0.15561959654178675,0.027777777777777776,0.06896551724137931,5.235158501440922,nan,nan
5917923,5.0,10,272,1,0,272,49,17.178947368421053,0.1801470588235294,0.0,0.025,4.214338235294117,nan,nan
5936666,5.0,10,602,1,0,602,54,36.857142857142854,0.08970099667774087,0.0,0.058823529411764705,3.4182724252491696,nan,nan
6014730,5.0,10,219,1,0,219,31,23.05263157894737,0.1415525114155251,0.0,0.05263157894736842,4.94337899543379,nan,nan
6051512,5.0,10,601,2,1,568,50,31.555555555555557,0.0880281690140845,0.0,0.0,3.9128521126760565,nan,nan
6053686,5.0,10,602,1,0,602,70,28.440944881889763,0.11627906976744186,0.0,0.0425531914893617,5.141860465116279,nan,nan
6171971,5.0,10,372,1,0,372,28,37.2,0.07526881720430108,0.0,0.0,3.7913978494623657,nan,nan
6172561,5.0,10,239,1,0,239,26,29.26530612244898,0.1087866108786611,0.0,0.058823529411764705,4.257740585774059,nan,nan
6357847,5.0,10,716,7,6,358,54,15.794117647058824,0.15083798882681565,0.0,0.0,6.7997206703910615,nan,nan
6358495,5.0,10,308,1,0,308,25,39.319148936170215,0.08116883116883117,0.0,0.06666666666666667,3.59512987012987,nan,nan
6422329,5.0,10,269,1,0,269,7,89.66666666666667,0.026022304832713755,0.0,0.0,3.3338289962825276,nan,nan
6547817,5.0,10,320,1,1,288,19,41.142857142857146,0.06597222222222222,0.0,0.0,3.831944444444444,nan,nan
6547822,5.0,10,341,4,3,218,15,28.434782608695652,0.06880733944954129,0.0,0.0,6.919266055045872,nan,nan
6756778,5.0,10,498,1,1,457,22,68.55,0.04814004376367615,0.0,0.08333333333333333,3.1533916849015315,nan,nan
6896919,5.0,10,619,2,1,564,47,35.62105263157895,0.08333333333333333,0.0,0.02702702702702703,3.3351063829787235,nan,nan
6920600,5.0,10,225,1,0,225,24,30.0,0.10666666666666667,0.0,0.07142857142857142,3.6013333333333333,nan,nan
6922501,5.0,10,273,1,1,239,27,28.11764705882353,0.11297071129707113,0.0,0.058823529411764705,3.494560669456067,nan,nan
6922622,5.0,10,453,1,0,453,37,38.82857142857143,0.08167770419426049,0.0,0.038461538461538464,3.1333333333333337,nan,nan
6941418,5.0,10,282,2,1,251,19,32.73913043478261,0.07569721115537849,0.0,0.0,3.147410358565737,nan,nan
6984632,5.0,10,617,2,1,578,83,24.595744680851062,0.14359861591695502,0.013888888888888888,0.06,4.3524221453287195,nan,nan
7555066,5.0,10,339,1,0,339,32,35.06896551724138,0.0943952802359882,0.0,0.05263157894736842,5.607374631268437,nan,nan
7557391,5.0,10,302,1,0,302,48,19.695652173913043,0.15894039735099338,0.0,0.02702702702702703,4.887417218543046,nan,nan
7563440,5.0,10,591,1,0,591,67,28.829268292682926,0.11336717428087986,0.0,0.043478260869565216,3.441793570219966,nan,nan
7564587,5.0,10,242,2,1,197,28,24.625,0.14213197969543148,0.0,0.2857142857142857,3.572081218274112,nan,nan
7583768,5.0,10,236,2,2,164,30,14.470588235294118,0.18292682926829268,0.0,0.0,3.801219512195122,nan,nan
7598344,5.0,10,219,1,0,219,31,24.333333333333332,0.1415525114155251,0.0,0.0625,3.3424657534246576,nan,nan
7613495,5.0,10,612,1,0,612,51,46.48101265822785,0.08333333333333333,0.0,0.1875,3.893464052287582,nan,nan
7613518,5.0,10,285,2,2,214,28,25.68,0.1308411214953271,0.0,0.25,8.47429906542056,nan,nan
7613731,5.0,10,271,1,1,233,17,36.78947368421053,0.07296137339055794,0.0,0.0,3.4042918454935625,nan,nan
7691124,5.0,10,255,3,2,178,27,18.10169491525424,0.15168539325842698,0.0,0.058823529411764705,7.723595505617977,nan,nan
7691163,5.0,10,301,2,1,267,37,22.25,0.13857677902621723,0.0,0.041666666666666664,4.734082397003745,nan,nan
7691232,5.0,10,601,1,0,601,86,23.723684210526315,0.14309484193011648,0.0,0.03571428571428571,3.5961730449251252,nan,nan
7691423,5.0,10,303,2,1,260,41,19.5,0.1576923076923077,0.0,0.03571428571428571,4.4642307692307694,nan,nan
7691435,5.0,10,343,1,0,343,41,23.930232558139537,0.119533527696793,0.0,0.0,3.6137026239067054,nan,nan
7691520,5.0,10,608,2,1,552,34,54.295081967213115,0.06159420289855073,0.0,0.15384615384615385,5.043659420289855,nan,nan
7691542,5.0,10,368,2,1,306,32,28.246153846153845,0.10457516339869281,0.0,0.045454545454545456,4.890849673202614,nan,nan
7691885,5.0,10,251,2,1,208,31,17.82857142857143,0.14903846153846154,0.0,0.0,4.655769230769231,nan,nan
7691909,5.0,10,624,2,1,586,71,27.25581395348837,0.12116040955631399,0.0,0.07317073170731707,5.420136518771331,nan,nan
7795968,5.0,10,252,1,1,195,15,34.411764705882355,0.07692307692307693,0.0,0.0,5.566666666666666,nan,nan
7797310,5.0,10,601,1,0,601,67,26.130434782608695,0.11148086522462562,0.0,0.0,3.4785357737104823,nan,nan
7799046,5.0,10,454,1,0,454,47,32.81927710843374,0.10352422907488987,0.0,0.07407407407407407,4.346916299559472,nan,nan
7799135,5.0,10,329,1,0,329,32,32.36065573770492,0.0972644376899696,0.0,0.043478260869565216,6.386018237082067,nan,nan
7799180,5.0,10,645,4,3,515,53,27.105263157894736,0.1029126213592233,0.0,0.023809523809523808,5.818446601941748,nan,nan
7799209,5.0,10,525,1,0,525,61,29.71698113207547,0.11619047619047619,0.0,0.05714285714285714,3.6125714285714285,nan,nan
7799211,5.0,10,232,3,2,155,27,14.090909090909092,0.17419354838709677,0.0,0.0,5.457419354838709,nan,nan
7799420,5.0,10,317,1,1,286,23,40.857142857142854,0.08041958041958042,0.0,0.08333333333333333,3.7353146853146852,nan,nan
7799507,5.0,10,310,3,2,196,52,10.137931034482758,0.2653061224489796,0.0,0.0,7.198979591836735,nan,nan
7852277,5.0,10,247,1,1,202,15,35.64705882352941,0.07425742574257425,0.0,0.0,6.8559405940594065,nan,nan
7852403,5.0,10,290,1,0,290,27,34.8,0.09310344827586207,0.0,0.0625,4.010344827586207,nan,nan
7852411,5.0,10,607,3,2,521,70,22.652173913043477,0.1343570057581574,0.0,0.0392156862745098,5.104798464491362,nan,nan
7852420,5.0,10,606,2,1,562,67,26.551181102362204,0.11921708185053381,0.0,0.043478260869565216,3.6966192170818504,nan,nan
7852422,5.0,10,216,1,0,216,29,24.923076923076923,0.13425925925925927,0.0,0.0625,3.2027777777777775,nan,nan
7852445,5.0,10,307,1,0,307,27,31.75862068965517,0.08794788273615635,0.0,0.0,3.7801302931596092,nan,nan
7852451,5.0,10,314,2,1,261,21,31.32,0.08045977011494253,0.0,0.0,3.6264367816091956,nan,nan
8354596,5.0,10,385,1,0,385,79,15.0,0.2051948051948052,0.0,0.014705882352941176,5.655584415584416,nan,nan
10752853,7.5,2,615,2,1,565,75,21.1875,0.13274336283185842,0.0,0.04411764705882353,3.8150442477876108,nan,nan
10752864,7.5,2,232,2,1,187,21,22.0,0.11229946524064172,0.0,1.0,3.431016042780749,nan,nan
10752951,7.5,2,610,1,0,610,73,31.82608695652174,0.11967213114754098,0.0,1.0,3.087377049180328,nan,nan
10892045,7.5,2,323,2,1,282,26,30.763636363636362,0.09219858156028368,0.0,0.7142857142857143,3.2939716312056735,nan,nan
10934834,7.5,2,242,1,0,242,11,66.0,0.045454545454545456,0.0,1.0,3.0322314049586776,nan,nan
10934933,7.5,2,423,1,0,423,36,40.285714285714285,0.0851063829787234,0.0,1.0,3.15177304964539,nan,nan
10935081,7.5,2,278,1,0,278,21,46.333333333333336,0.07553956834532374,0.0,1.0,3.310431654676259,nan,nan
10935136,7.5,2,308,1,1,261,20,52.2,0.07662835249042145,0.18181818181818182,0.6666666666666666,3.21455938697318,nan,nan
10935148,7.5,2,237,2,3,66,3,26.4,0.045454545454545456,0.0,0.5,10.693939393939393,nan,nan
10935358,7.5,2,636,4,3,506,49,29.475728155339805,0.09683794466403162,0.09090909090909091,0.9,5.36798418972332,nan,nan
10935638,7.5,2,228,1,0,228,16,39.08571428571429,0.07017543859649122,0.0,1.0,4.270175438596492,nan,nan
10935844,7.5,2,607,1,0,607,77,37.54639175257732,0.12685337726523888,0.08,1.0,3.8774299835255355,nan,nan
10969051,7.5,2,601,1,0,601,69,36.06,0.11480865224625623,0.0,1.0,3.915640599001664,nan,nan
11058912,7.5,2,601,1,0,601,58,50.083333333333336,0.09650582362728785,0.35294117647058826,1.0,4.786522462562396,nan,nan
11071635,7.5,2,423,2,1,377,32,39.0,0.08488063660477453,0.07142857142857142,0.8,5.974005305039787,nan,nan
11071677,7.5,2,459,2,1,406,36,38.0625,0.08866995073891626,0.02857142857142857,1.0,4.211083743842365,nan,nan
11071727,7.5,2,411,1,0,411,35,45.666666666666664,0.0851581508515815,0.06896551724137931,1.0,4.338686131386861,nan,nan
11071733,7.5,2,257,1,0,257,30,30.235294117647058,0.11673151750972763,0.0,0.6666666666666666,4.501945525291829,nan,nan
11071965,7.5,2,535,3,2,448,39,37.333333333333336,0.08705357142857142,0.0,1.0,3.9622767857142853,nan,nan
11092058,7.5,2,446,1,1,399,36,45.16981132075472,0.09022556390977443,0.029411764705882353,0.75,3.8629072681704257,nan,nan
11092072,7.5,2,247,1,0,247,17,49.4,0.06882591093117409,0.0,0.6666666666666666,8.416599190283401,nan,nan
4300268,7.5,2,961,5,4,431,29,39.18181818181818,0.06728538283062645,0.0,0.8333333333333334,5.3575406032482595,nan,nan
4303167,7.5,2,610,3,2,518,51,34.15384615384615,0.09845559845559845,0.0,0.875,5.926833976833977,nan,nan
4303201,7.5,2,600,1,0,600,46,45.0,0.07666666666666666,0.0,1.0,3.9955000000000003,nan,nan
4326816,7.5,2,606,4,4,446,34,37.690140845070424,0.07623318385650224,0.030303030303030304,1.0,9.609417040358744,nan,nan
4453473,7.5,2,610,3,2,512,52,27.927272727272726,0.1015625,0.02040816326530612,1.0,5.6775390625,nan,nan
4636267,7.5,2,624,4,3,474,45,36.0,0.0949367088607595,0.0,1.0,4.7069620253164555,nan,nan
4652239,7.5,2,601,4,4,432,46,29.79310344827586,0.10648148148148148,0.0,0.875,5.934027777777778,nan,nan
4660369,7.5,2,640,3,2,523,47,38.74074074074074,0.08986615678776291,0.05263157894736842,1.0,5.823900573613767,nan,nan
4748312,7.5,2,624,5,4,435,19,46.607142857142854,0.04367816091954023,0.0,0.8333333333333334,5.793103448275862,nan,nan
4748313,7.5,2,770,3,2,465,59,28.181818181818183,0.12688172043010754,0.019230769230769232,1.0,5.435268817204301,nan,nan
4779685,7.5,2,669,5,4,405,26,36.81818181818182,0.06419753086419754,0.043478260869565216,1.0,5.423456790123457,nan,nan
4792372,7.5,2,609,3,3,455,35,42.65625,0.07692307692307693,0.0,0.8333333333333334,4.772967032967032,nan,nan
4793806,7.5,2,609,4,3,441,48,28.76086956521739,0.10884353741496598,0.12121212121212122,0.8,4.775056689342404,nan,nan
4798549,7.5,2,661,5,4,447,49,27.649484536082475,0.10961968680089486,0.021739130434782608,0.5384615384615384,4.391946308724832,nan,nan
4944723,7.5,2,650,5,5,292,26,26.953846153846154,0.08904109589041095,0.0,1.0,6.11917808219178,nan,nan
4981908,7.5,2,251,1,0,251,23,36.73170731707317,0.09163346613545817,0.05,1.0,4.163346613545817,nan,nan
5084249,7.5,2,600,1,0,600,34,53.73134328358209,0.056666666666666664,0.0,0.35714285714285715,3.1428333333333334,nan,nan
5133027,7.5,2,628,4,4,395,30,38.85245901639344,0.0759493670886076,0.0,0.6666666666666666,6.031645569620253,nan,nan
5285957,7.5,2,387,1,0,387,18,70.36363636363636,0.046511627906976744,0.0,1.0,4.179586563307494,nan,nan
5286334,7.5,2,342,1,0,342,43,33.63934426229508,0.12573099415204678,0.03225806451612903,1.0,4.024269005847953,nan,nan
5395622,7.5,2,231,2,1,198,29,22.41509433962264,0.14646464646464646,0.0,0.8,5.456060606060606,nan,nan
5538668,7.5,2,617,1,0,617,102,19.181347150259068,0.16531604538087522,0.05,0.1267605633802817,3.5458670988654784,nan,nan
5670672,7.5,2,264,3,2,145,8,32.22222222222222,0.05517241379310345,0.0,0.6666666666666666,4.853793103448275,nan,nan
5729758,7.5,2,253,1,0,253,19,46.0,0.07509881422924901,0.0,1.0,3.8664031620553363,nan,nan
5763820,7.5,2,989,4,5,347,45,30.17391304347826,0.12968299711815562,0.13043478260869565,0.8571428571428571,5.106628242074928,nan,nan
5917923,7.5,2,272,1,0,272,44,20.658227848101266,0.16176470588235295,0.0,1.0,5.383455882352941,nan,nan
5936666,7.5,2,602,1,0,602,32,69.46153846153847,0.053156146179401995,0.03571428571428571,0.6666666666666666,3.8584717607973427,nan,nan
6014730,7.5,2,219,1,0,219,25,29.863636363636363,0.1141552511415525,0.0,1.0,4.364383561643836,nan,nan
6051512,7.5,2,601,2,1,568,37,43.69230769230769,0.06514084507042253,0.0,0.12,4.436091549295774,nan,nan
6053686,7.5,2,602,1,0,602,58,40.58426966292135,0.09634551495016612,0.0,1.0,3.6681063122923585,nan,nan
6171971,7.5,2,372,1,0,372,25,50.72727272727273,0.06720430107526881,0.0,1.0,3.767741935483871,nan,nan
6172561,7.5,2,239,1,0,239,19,42.1764705882353,0.0794979079497908,0.0,1.0,6.041841004184101,nan,nan
6357847,7.5,2,716,7,6,358,51,19.527272727272727,0.1424581005586592,0.0,1.0,6.774301675977653,nan,nan
6358495,7.5,2,308,1,0,308,20,49.945945945945944,0.06493506493506493,0.06666666666666667,1.0,3.4636363636363634,nan,nan
6422329,7.5,2,269,1,0,269,4,146.72727272727272,0.01486988847583643,0.0,1.0,4.140520446096654,nan,nan
6547817,7.5,2,320,1,1,288,17,54.0,0.059027777777777776,0.0,1.0,4.032638888888889,nan,nan
6547822,7.5,2,341,4,3,218,10,38.470588235294116,0.045871559633027525,0.0,0.5,5.41467889908257,nan,nan
6756778,7.5,2,498,1,1,457,13,114.25,0.028446389496717725,0.0,1.0,3.934792122538293,nan,nan
6896919,7.5,2,619,2,1,564,38,45.12,0.0673758865248227,0.05714285714285714,0.38461538461538464,5.479078014184397,nan,nan
6920600,7.5,2,225,1,0,225,17,71.05263157894737,0.07555555555555556,0.2,1.0,4.856,nan,nan
6922501,7.5,2,273,1,1,239,25,35.85,0.10460251046025104,0.043478260869565216,1.0,4.140585774058578,nan,nan
6922622,7.5,2,453,1,0,453,28,60.4,0.06181015452538632,0.0,0.75,3.3011037527593823,nan,nan
6941418,7.5,2,282,2,1,251,12,57.92307692307692,0.04780876494023904,0.0,1.0,3.60199203187251,nan,nan
6984632,7.5,2,617,2,1,578,72,30.690265486725664,0.1245674740484429,0.016666666666666666,0.6666666666666666,3.523529411764706,nan,nan
7555066,7.5,2,339,1,0,339,20,72.64285714285714,0.058997050147492625,0.1,1.0,3.3943952802359885,nan,nan
7557391,7.5,2,302,1,0,302,40,27.044776119402986,0.13245033112582782,0.0,1.0,4.320529801324503,nan,nan
7563440,7.5,2,591,1,0,591,47,47.91891891891892,0.07952622673434856,0.0,1.0,6.06751269035533,nan,nan
7564587,7.5,2,242,2,1,197,25,25.695652173913043,0.12690355329949238,0.0,1.0,4.620812182741116,nan,nan
7583768,7.5,2,236,2,2,164,24,20.93617021276596,0.14634146341463414,0.045454545454545456,1.0,5.142073170731707,nan,nan
7598344,7.5,2,219,1,0,219,26,29.2,0.1187214611872146,0.0,1.0,4.245662100456621,nan,nan
7613495,7.5,2,612,1,0,612,34,69.28301886792453,0.05555555555555555,0.0,1.0,3.6052287581699347,nan,nan
7613518,7.5,2,285,2,2,214,21,35.666666666666664,0.09813084112149532,0.18181818181818182,1.0,4.6509345794392525,nan,nan
7613731,7.5,2,271,1,1,233,13,77.66666666666667,0.055793991416309016,0.2,1.0,3.4995708154506437,nan,nan
7691124,7.5,2,255,3,2,178,22,23.733333333333334,0.12359550561797752,0.0,0.75,7.058988764044944,nan,nan
7691163,7.5,2,301,2,1,267,30,30.807692307692307,0.11235955056179775,0.0,1.0,4.6610486891385765,nan,nan
7691232,7.5,2,601,1,0,601,83,25.942446043165468,0.13810316139767054,0.06060606060606061,0.875,3.83810316139767,nan,nan
7691423,7.5,2,303,2,1,260,33,24.0,0.12692307692307692,0.06666666666666667,1.0,7.428076923076923,nan,nan
7691435,7.5,2,343,1,0,343,23,52.76923076923077,0.06705539358600583,0.13333333333333333,1.0,4.948396501457726,nan,nan
7691520,7.5,2,608,2,1,552,22,75.27272727272727,0.03985507246376811,0.0,1.0,3.7019927536231885,nan,nan
7691542,7.5,2,368,2,1,306,23,40.8,0.07516339869281045,0.3333333333333333,1.0,4.717320261437909,nan,nan
7691885,7.5,2,251,2,1,208,25,24.0,0.1201923076923077,0.043478260869565216,1.0,9.415865384615385,nan,nan
7691909,7.5,2,624,2,1,586,54,38.637362637362635,0.09215017064846416,0.0,1.0,5.51962457337884,nan,nan
7795968,7.5,2,252,1,1,195,14,45.0,0.07179487179487179,0.0,1.0,3.561025641025641,nan,nan
7797310,7.5,2,601,1,0,601,63,34.0188679245283,0.1048252911813644,0.0,0.5,3.9168053244592347,nan,nan
7799046,7.5,2,454,1,0,454,33,47.78947368421053,0.07268722466960352,0.06666666666666667,1.0,3.9618942731277533,nan,nan
7799135,7.5,2,329,1,0,329,19,59.81818181818182,0.057750759878419454,0.0,1.0,5.455623100303952,nan,nan
7799180,7.5,2,645,4,3,515,33,44.142857142857146,0.06407766990291262,0.08,0.8571428571428571,5.792038834951456,nan,nan
7799209,7.5,2,525,1,0,525,36,53.389830508474574,0.06857142857142857,0.0,1.0,4.516571428571428,nan,nan
7799211,7.5,2,232,3,2,155,21,19.78723404255319,0.13548387096774195,0.0,1.0,6.959354838709678,nan,nan
7799420,7.5,2,317,1,1,286,17,59.172413793103445,0.05944055944055944,0.16666666666666666,1.0,3.8402097902097903,nan,nan
7799507,7.5,2,310,3,2,196,49,11.2,0.25,0.0,0.8461538461538461,9.118367346938776,nan,nan
7852277,7.5,2,247,1,1,202,15,44.888888888888886,0.07425742574257425,0.0,1.0,3.8643564356435647,nan,nan
7852403,7.5,2,290,1,0,290,20,58.0,0.06896551724137931,0.5,1.0,5.366896551724138,nan,nan
7852411,7.5,2,607,3,2,521,57,30.057692307692307,0.10940499040307101,0.0,0.9,4.774856046065259,nan,nan
7852420,7.5,2,606,2,1,562,51,39.67058823529412,0.09074733096085409,0.0,1.0,4.535409252669039,nan,nan
7852422,7.5,2,216,1,0,216,25,32.4,0.11574074074074074,0.0,1.0,3.5837962962962964,nan,nan
7852445,7.5,2,307,1,0,307,21,49.78378378378378,0.06840390879478828,0.0,1.0,3.637785016286645,nan,nan
7852451,7.5,2,314,2,1,261,15,54.0,0.05747126436781609,0.0,1.0,4.698084291187739,nan,nan
8354596,7.5,2,385,1,0,385,75,21.192660550458715,0.19480519480519481,0.13636363636363635,1.0,5.9768831168831165,nan,nan
10752853,7.5,3,615,2,1,565,75,21.455696202531644,0.13274336283185842,0.0,0.013888888888888888,4.665309734513275,nan,nan
10752864,7.5,3,232,2,1,187,21,23.375,0.11229946524064172,0.0,0.4444444444444444,4.0828877005347595,nan,nan
10752951,7.5,3,610,1,0,610,73,32.10526315789474,0.11967213114754098,0.0,0.8181818181818182,3.1595081967213114,nan,nan
10892045,7.5,3,323,2,1,282,26,30.763636363636362,0.09219858156028368,0.0,0.7142857142857143,3.077304964539007,nan,nan
10934834,7.5,3,242,1,0,242,11,66.0,0.045454545454545456,0.0,1.0,2.8157024793388428,nan,nan
10934933,7.5,3,423,1,0,423,36,40.285714285714285,0.0851063829787234,0.0,1.0,3.5314420803782505,nan,nan
10935081,7.5,3,278,1,0,278,21,47.65714285714286,0.07553956834532374,0.0,0.5,3.1050359712230216,nan,nan
10935136,7.5,3,308,1,1,261,20,52.2,0.07662835249042145,0.18181818181818182,0.6666666666666666,2.967816091954023,nan,nan
10935148,7.5,3,237,2,3,66,3,28.285714285714285,0.045454545454545456,0.0,0.0,11.80151515151515,nan,nan
10935358,7.5,3,636,4,3,506,49,30.666666666666668,0.09683794466403162,0.0,0.9,3.88498023715415,nan,nan
10935638,7.5,3,228,1,0,228,16,42.75,0.07017543859649122,0.0,0.3333333333333333,3.731578947368421,nan,nan
10935844,7.5,3,607,1,0,607,77,37.54639175257732,0.12685337726523888,0.08,1.0,3.5080724876441516,nan,nan
10969051,7.5,3,601,1,0,601,69,36.06,0.11480865224625623,0.0,1.0,3.4474209650582366,nan,nan
11058912,7.5,3,601,1,0,601,58,52.26086956521739,0.09650582362728785,0.21052631578947367,1.0,3.4116472545757075,nan,nan
11071635,7.5,3,423,2,1,377,32,40.392857142857146,0.08488063660477453,0.0,0.8,4.725994694960212,nan,nan
11071677,7.5,3,459,2,1,406,36,38.666666666666664,0.08866995073891626,0.0,1.0,4.44384236453202,nan,nan
11071727,7.5,3,411,1,0,411,35,46.528301886792455,0.0851581508515815,0.03225806451612903,1.0,4.141362530413625,nan,nan
11071733,7.5,3,257,1,0,257,30,30.84,0.11673151750972763,0.0,0.42857142857142855,4.870428015564203,nan,nan
11071965,7.5,3,535,3,2,448,39,37.333333333333336,0.08705357142857142,0.0,1.0,3.5151785714285713,nan,nan
11092058,7.5,3,446,1,1,399,36,46.03846153846154,0.09022556390977443,0.0,0.75,3.1639097744360907,nan,nan
11092072,7.5,3,247,1,0,247,17,49.4,0.06882591093117409,0.0,0.6666666666666666,4.253846153846154,nan,nan
4300268,7.5,3,961,5,4,431,29,39.18181818181818,0.06728538283062645,0.0,0.8333333333333334,5.08631090487239,nan,nan
4303167,7.5,3,610,3,2,518,51,34.15384615384615,0.09845559845559845,0.0,0.875,7.668146718146718,nan,nan
4303201,7.5,3,600,1,0,600,46,45.56962025316456,0.07666666666666666,0.0,0.7777777777777778,3.594666666666667,nan,nan
4326816,7.5,3,606,4,4,446,34,38.22857142857143,0.07623318385650224,0.0,1.0,7.2614349775784754,nan,nan
4453473,7.5,3,610,3,2,512,52,29.257142857142856,0.1015625,0.02040816326530612,0.6,4.7763671875,nan,nan
4636267,7.5,3,624,4,3,474,45,36.0,0.0949367088607595,0.0,1.0,4.767088607594936,nan,nan
4652239,7.5,3,601,4,4,432,46,29.454545454545453,0.10648148148148148,0.0,0.875,5.481712962962963,nan,nan
4660369,7.5,3,640,3,2,523,47,38.26829268292683,0.08986615678776291,0.025,0.875,3.924091778202677,nan,nan
4748312,7.5,3,624,5,4,435,19,48.333333333333336,0.04367816091954023,0.0,0.375,6.575402298850575,nan,nan
4748313,7.5,3,770,3,2,465,59,27.0873786407767,0.12688172043010754,0.0,1.0,8.133763440860214,nan,nan
4779685,7.5,3,669,5,4,405,26,37.96875,0.06419753086419754,0.043478260869565216,0.5,5.3375308641975305,nan,nan
4792372,7.5,3,609,3,3,455,35,41.36363636363637,0.07692307692307693,0.0,0.7142857142857143,4.200659340659341,nan,nan
4793806,7.5,3,609,4,3,441,48,29.4,0.10884353741496598,0.12121212121212122,0.7,4.379138321995465,nan,nan
4798549,7.5,3,661,5,4,447,49,27.649484536082475,0.10961968680089486,0.021739130434782608,0.5384615384615384,5.862639821029083,nan,nan
4944723,7.5,3,650,5,5,292,26,26.953846153846154,0.08904109589041095,0.0,1.0,6.9301369863013695,nan,nan
4981908,7.5,3,251,1,0,251,23,36.73170731707317,0.09163346613545817,0.05,1.0,5.115139442231076,nan,nan
5084249,7.5,3,600,1,0,600,34,57.142857142857146,0.056666666666666664,0.03225806451612903,0.5,3.6511666666666662,nan,nan
5133027,7.5,3,628,4,4,395,30,38.85245901639344,0.0759493670886076,0.0,0.6666666666666666,5.607341772151899,nan,nan
5285957,7.5,3,387,1,0,387,18,70.36363636363636,0.046511627906976744,0.0,1.0,3.3366925064599484,nan,nan
5286334,7.5,3,342,1,0,342,43,35.37931034482759,0.12573099415204678,0.03225806451612903,0.8333333333333334,4.63625730994152,nan,nan
5395622,7.5,3,231,2,1,198,29,22.41509433962264,0.14646464646464646,0.0,0.8,5.334343434343435,nan,nan
5538668,7.5,3,617,1,0,617,102,22.711656441717793,0.16531604538087522,0.0684931506849315,0.4666666666666667,3.576661264181524,nan,nan
5670672,7.5,3,264,3,2,145,8,33.46153846153846,0.05517241379310345,0.0,0.25,5.023448275862068,nan,nan
5729758,7.5,3,253,1,0,253,19,44.64705882352941,0.07509881422924901,0.0,1.0,3.8968379446640315,nan,nan
5763820,7.5,3,989,4,5,347,45,30.61764705882353,0.12968299711815562,0.08333333333333333,0.75,5.21671469740634,nan,nan
5917923,7.5,3,272,1,0,272,44,20.658227848101266,0.16176470588235295,0.0,1.0,4.2558823529411764,nan,nan
5936666,7.5,3,602,1,0,602,32,69.46153846153847,0.053156146179401995,0.03571428571428571,0.6666666666666666,5.647508305647841,nan,nan
6014730,7.5,3,219,1,0,219,25,29.863636363636363,0.1141552511415525,0.0,1.0,7.221917808219177,nan,nan
6051512,7.5,3,601,2,1,568,37,47.333333333333336,0.06514084507042253,0.0,0.5454545454545454,3.86919014084507,nan,nan
6053686,7.5,3,602,1,0,602,58,40.13333333333333,0.09634551495016612,0.0,0.875,3.5754152823920267,nan,nan
6171971,7.5,3,372,1,0,372,25,50.72727272727273,0.06720430107526881,0.0,1.0,3.6548387096774193,nan,nan
6172561,7.5,3,239,1,0,239,19,42.1764705882353,0.0794979079497908,0.0,1.0,4.161506276150628,nan,nan
6357847,7.5,3,716,7,6,358,51,19.706422018348626,0.1424581005586592,0.0,0.8,5.432402234636871,nan,nan
6358495,7.5,3,308,1,0,308,20,54.35294117647059,0.06493506493506493,0.06666666666666667,1.0,6.846103896103896,nan,nan
6422329,7.5,3,269,1,0,269,4,146.72727272727272,0.01486988847583643,0.0,1.0,6.9535315985130115,nan,nan
6547817,7.5,3,320,1,1,288,17,55.74193548387097,0.059027777777777776,0.0,0.5,3.839583333333333,nan,nan
6547822,7.5,3,341,4,3,218,10,39.63636363636363,0.045871559633027525,0.0,0.2,6.073394495412844,nan,nan
6756778,7.5,3,498,1,1,457,13,114.25,0.028446389496717725,0.0,1.0,3.1269146608315097,nan,nan
6896919,7.5,3,619,2,1,564,38,49.76470588235294,0.0673758865248227,0.0,0.7142857142857143,4.071985815602837,nan,nan
6920600,7.5,3,225,1,0,225,17,48.214285714285715,0.07555555555555556,0.0,1.0,4.161333333333333,nan,nan
6922501,7.5,3,273,1,1,239,25,35.85,0.10460251046025104,0.0,1.0,4.611715481171548,nan,nan
6922622,7.5,3,453,1,0,453,28,60.4,0.06181015452538632,0.0,0.75,3.3933774834437087,nan,nan
6941418,7.5,3,282,2,1,251,12,57.92307692307692,0.04780876494023904,0.0,1.0,3.8741035856573705,nan,nan
6984632,7.5,3,617,2,1,578,72,33.66990291262136,0.1245674740484429,0.03508771929824561,0.8,4.130968858131488,nan,nan
7555066,7.5,3,339,1,0,339,20,72.64285714285714,0.058997050147492625,0.1,1.0,5.357227138643068,nan,nan
7557391,7.5,3,302,1,0,302,40,27.044776119402986,0.13245033112582782,0.0,1.0,4.7215231788079475,nan,nan
7563440,7.5,3,591,1,0,591,47,51.391304347826086,0.07952622673434856,0.0,1.0,4.092216582064298,nan,nan
7564587,7.5,3,242,2,1,197,25,25.695652173913043,0.12690355329949238,0.0,1.0,4.413197969543147,nan,nan
7583768,7.5,3,236,2,2,164,24,21.391304347826086,0.14634146341463414,0.0,1.0,5.927439024390244,nan,nan
7598344,7.5,3,219,1,0,219,26,29.2,0.1187214611872146,0.0,1.0,4.7634703196347035,nan,nan
7613495,7.5,3,612,1,0,612,34,69.28301886792453,0.05555555555555555,0.0,1.0,3.913562091503268,nan,nan
7613518,7.5,3,285,2,2,214,21,35.666666666666664,0.09813084112149532,0.18181818181818182,1.0,3.938785046728972,nan,nan
7613731,7.5,3,271,1,1,233,13,58.25,0.055793991416309016,0.0,1.0,3.53862660944206,nan,nan
7691124,7.5,3,255,3,2,178,22,23.733333333333334,0.12359550561797752,0.0,0.75,5.688202247191011,nan,nan
7691163,7.5,3,301,2,1,267,30,30.807692307692307,0.11235955056179775,0.0,1.0,4.437827715355805,nan,nan
7691232,7.5,3,601,1,0,601,83,26.711111111111112,0.13810316139767054,0.04411764705882353,0.631578947368421,8.50981697171381,nan,nan
7691423,7.5,3,303,2,1,260,33,24.761904761904763,0.12692307692307692,0.0,1.0,15.516153846153845,nan,nan
7691435,7.5,3,343,1,0,343,23,54.1578947368421,0.06705539358600583,0.13333333333333333,0.6,9.472886297376093,nan,nan
7691520,7.5,3,608,2,1,552,22,77.02325581395348,0.03985507246376811,0.0,0.6,7.210326086956521,nan,nan
7691542,7.5,3,368,2,1,306,23,42.69767441860465,0.07516339869281045,0.125,1.0,4.909150326797386,nan,nan
7691885,7.5,3,251,2,1,208,25,24.96,0.1201923076923077,0.0,0.6666666666666666,6.529326923076923,nan,nan
7691909,7.5,3,624,2,1,586,54,39.06666666666667,0.09215017064846416,0.0,0.7777777777777778,4.589931740614334,nan,nan
7795968,7.5,3,252,1,1,195,14,45.0,0.07179487179487179,0.0,1.0,4.492307692307692,nan,nan
7797310,7.5,3,601,1,0,601,63,34.34285714285714,0.1048252911813644,0.0,0.5,4.39450915141431,nan,nan
7799046,7.5,3,454,1,0,454,33,49.527272727272724,0.07268722466960352,0.03225806451612903,0.6666666666666666,3.9744493392070486,nan,nan
7799135,7.5,3,329,1,0,329,19,58.05882352941177,0.057750759878419454,0.0,1.0,3.877203647416413,nan,nan
7799180,7.5,3,645,4,3,515,33,43.521126760563384,0.06407766990291262,0.034482758620689655,0.8571428571428571,4.300194174757281,nan,nan
7799209,7.5,3,525,1,0,525,36,57.27272727272727,0.06857142857142857,0.0,1.0,4.676952380952381,nan,nan
7799211,7.5,3,232,3,2,155,21,19.78723404255319,0.13548387096774195,0.0,1.0,8.030967741935484,nan,nan
7799420,7.5,3,317,1,1,286,17,61.285714285714285,0.05944055944055944,0.0,1.0,6.533916083916084,nan,nan
7799507,7.5,3,310,3,2,196,49,11.307692307692308,0.25,0.0,0.7142857142857143,9.883673469387755,nan,nan
7852277,7.5,3,247,1,1,202,15,44.888888888888886,0.07425742574257425,0.0,1.0,4.102970297029703,nan,nan
7852403,7.5,3,290,1,0,290,20,58.0,0.06896551724137931,0.5,1.0,3.6199999999999997,nan,nan
7852411,7.5,3,607,3,2,521,57,35.12359550561798,0.10940499040307101,0.05405405405405406,0.7272727272727273,4.499232245681382,nan,nan
7852420,7.5,3,606,2,1,562,51,41.1219512195122,0.09074733096085409,0.0,0.8571428571428571,3.61085409252669,nan,nan
7852422,7.5,3,216,1,0,216,25,32.4,0.11574074074074074,0.0,1.0,3.4625,nan,nan
7852445,7.5,3,307,1,0,307,21,51.166666666666664,0.06840390879478828,0.0,1.0,5.610097719869707,nan,nan
7852451,7.5,3,314,2,1,261,15,54.0,0.05747126436781609,0.0,1.0,6.631417624521073,nan,nan
8354596,7.5,3,385,1,0,385,75,26.25,0.19480519480519481,0.06,0.8571428571428571,4.603376623376623,nan,nan
10752853,7.5,4,615,2,1,565,75,21.455696202531644,0.13274336283185842,0.0,0.0,3.0403539823008847,nan,nan
10752864,7.5,4,232,2,1,187,21,23.872340425531913,0.11229946524064172,0.0,0.15384615384615385,3.2732620320855617,nan,nan
10752951,7.5,4,610,1,0,610,73,32.10526315789474,0.11967213114754098,0.0,0.8181818181818182,3.0488524590163935,nan,nan
10892045,7.5,4,323,2,1,282,26,31.92452830188679,0.09219858156028368,0.0,0.3,3.243262411347518,nan,nan
10934834,7.5,4,242,1,0,242,11,66.0,0.045454545454545456,0.0,1.0,3.0388429752066113,nan,nan
10934933,7.5,4,423,1,0,423,36,39.65625,0.0851063829787234,0.0,0.8571428571428571,4.364066193853428,nan,nan
10935081,7.5,4,278,1,0,278,21,47.65714285714286,0.07553956834532374,0.0,0.5,3.515827338129496,nan,nan
10935136,7.5,4,308,1,1,261,20,52.2,0.07662835249042145,0.07142857142857142,0.6666666666666666,3.5340996168582373,nan,nan
10935148,7.5,4,237,2,3,66,3,28.285714285714285,0.045454545454545456,0.0,0.0,7.172727272727272,nan,nan
10935358,7.5,4,636,4,3,506,49,31.625,0.09683794466403162,0.0,0.8888888888888888,3.9952569169960475,nan,nan
10935638,7.5,4,228,1,0,228,16,42.75,0.07017543859649122,0.0,0.3333333333333333,3.5513157894736844,nan,nan
10935844,7.5,4,607,1,0,607,77,32.230088495575224,0.12685337726523888,0.0,0.8888888888888888,3.1395387149917626,nan,nan
10969051,7.5,4,601,1,0,601,69,36.06,0.11480865224625623,0.0,0.6,3.424625623960066,nan,nan
11058912,7.5,4,601,1,0,601,58,54.63636363636363,0.09650582362728785,0.13636363636363635,0.6363636363636364,6.022628951747088,nan,nan
11071635,7.5,4,423,2,1,377,32,40.392857142857146,0.08488063660477453,0.0,0.8,4.759946949602122,nan,nan
11071677,7.5,4,459,2,1,406,36,38.666666666666664,0.08866995073891626,0.0,1.0,3.8330049261083743,nan,nan
11071727,7.5,4,411,1,0,411,35,44.836363636363636,0.0851581508515815,0.03225806451612903,0.6666666666666666,3.079318734793187,nan,nan
11071733,7.5,4,257,1,0,257,30,30.84,0.11673151750972763,0.0,0.42857142857142855,4.184824902723736,nan,nan
11071965,7.5,4,535,3,2,448,39,37.333333333333336,0.08705357142857142,0.0,1.0,5.541964285714286,nan,nan
11092058,7.5,4,446,1,1,399,36,46.03846153846154,0.09022556390977443,0.0,0.75,4.313032581453634,nan,nan
11092072,7.5,4,247,1,0,247,17,49.4,0.06882591093117409,0.0,0.6666666666666666,4.334412955465587,nan,nan
4300268,7.5,4,961,5,4,431,29,39.18181818181818,0.06728538283062645,0.0,0.5,4.403016241299304,nan,nan
4303167,7.5,4,610,3,2,518,51,34.15384615384615,0.09845559845559845,0.0,0.875,4.38050193050193,nan,nan
4303201,7.5,4,600,1,0,600,46,46.15384615384615,0.07666666666666666,0.0,0.7777777777777778,3.8286666666666664,nan,nan
4326816,7.5,4,606,4,4,446,34,37.166666666666664,0.07623318385650224,0.0,0.5,6.169955156950673,nan,nan
4453473,7.5,4,610,3,2,512,52,29.825242718446603,0.1015625,0.0,0.2857142857142857,4.340625,nan,nan
4636267,7.5,4,624,4,3,474,45,36.0,0.0949367088607595,0.0,1.0,4.199789029535865,nan,nan
4652239,7.5,4,601,4,4,432,46,29.123595505617978,0.10648148148148148,0.0,0.7,5.190740740740741,nan,nan
4660369,7.5,4,640,3,2,523,47,36.48837209302326,0.08986615678776291,0.0,0.26666666666666666,3.9273422562141493,nan,nan
4748312,7.5,4,624,5,4,435,19,48.333333333333336,0.04367816091954023,0.0,0.2,7.83632183908046,nan,nan
4748313,7.5,4,770,3,2,465,59,26.826923076923077,0.12688172043010754,0.0,1.0,5.07247311827957,nan,nan
4779685,7.5,4,669,5,4,405,26,37.96875,0.06419753086419754,0.0,0.2727272727272727,5.822222222222222,nan,nan
4792372,7.5,4,609,3,3,455,35,41.36363636363637,0.07692307692307693,0.0,0.7142857142857143,5.474725274725275,nan,nan
4793806,7.5,4,609,4,3,441,48,32.666666666666664,0.10884353741496598,0.11538461538461539,0.3333333333333333,7.985714285714285,nan,nan
4798549,7.5,4,661,5,4,447,49,27.649484536082475,0.10961968680089486,0.021739130434782608,0.4,4.495749440715883,nan,nan
4944723,7.5,4,650,5,5,292,26,26.953846153846154,0.08904109589041095,0.0,0.4,5.61027397260274,nan,nan
4981908,7.5,4,251,1,0,251,23,36.73170731707317,0.09163346613545817,0.0,0.5,4.435458167330677,nan,nan
5084249,7.5,4,600,1,0,600,34,61.016949152542374,0.056666666666666664,0.0,0.7142857142857143,3.2641666666666667,nan,nan
5133027,7.5,4,628,4,4,395,30,39.5,0.0759493670886076,0.0,0.8,5.894177215189873,nan,nan
5285957,7.5,4,387,1,0,387,18,70.36363636363636,0.046511627906976744,0.0,1.0,4.982945736434108,nan,nan
5286334,7.5,4,342,1,0,342,43,34.779661016949156,0.12573099415204678,0.03225806451612903,0.8333333333333334,4.090058479532163,nan,nan
5395622,7.5,4,231,2,1,198,29,22.0,0.14646464646464646,0.0,0.8,5.422727272727273,nan,nan
5538668,7.5,4,617,1,0,617,102,25.013513513513512,0.16531604538087522,0.036585365853658534,0.4166666666666667,3.4397082658022695,nan,nan
5670672,7.5,4,264,3,2,145,8,33.46153846153846,0.05517241379310345,0.0,0.25,4.795172413793103,nan,nan
5729758,7.5,4,253,1,0,253,19,46.0,0.07509881422924901,0.0,0.4,3.725296442687747,nan,nan
5763820,7.5,4,989,4,5,347,45,29.742857142857144,0.12968299711815562,0.037037037037037035,0.6666666666666666,5.535446685878963,nan,nan
5917923,7.5,4,272,1,0,272,44,22.985915492957748,0.16176470588235295,0.0,1.0,4.427941176470589,nan,nan
5936666,7.5,4,602,1,0,602,32,68.15094339622641,0.053156146179401995,0.0,0.6666666666666666,4.131063122923588,nan,nan
6014730,7.5,4,219,1,0,219,25,29.863636363636363,0.1141552511415525,0.0,1.0,8.382191780821918,nan,nan
6051512,7.5,4,601,2,1,568,37,48.68571428571428,0.06514084507042253,0.0,0.45454545454545453,3.772535211267606,nan,nan
6053686,7.5,4,602,1,0,602,58,42.49411764705882,0.09634551495016612,0.0,0.8571428571428571,4.01063122923588,nan,nan
6171971,7.5,4,372,1,0,372,25,50.72727272727273,0.06720430107526881,0.0,0.5,3.772043010752688,nan,nan
6172561,7.5,4,239,1,0,239,19,43.45454545454545,0.0794979079497908,0.0,0.4,7.000836820083682,nan,nan
6357847,7.5,4,716,7,6,358,51,19.178571428571427,0.1424581005586592,0.0,0.4666666666666667,6.564525139664804,nan,nan
6358495,7.5,4,308,1,0,308,20,51.333333333333336,0.06493506493506493,0.0,1.0,3.8733766233766236,nan,nan
6422329,7.5,4,269,1,0,269,4,146.72727272727272,0.01486988847583643,0.0,1.0,4.255018587360595,nan,nan
6547817,7.5,4,320,1,1,288,17,55.74193548387097,0.059027777777777776,0.0,0.5,3.023611111111111,nan,nan
6547822,7.5,4,341,4,3,218,10,39.63636363636363,0.045871559633027525,0.0,0.2,7.275688073394495,nan,nan
6756778,7.5,4,498,1,1,457,13,109.68,0.028446389496717725,0.0,1.0,3.232603938730853,nan,nan
6896919,7.5,4,619,2,1,564,38,50.507462686567166,0.0673758865248227,0.0,0.4444444444444444,4.890248226950354,nan,nan
6920600,7.5,4,225,1,0,225,17,43.54838709677419,0.07555555555555556,0.0,0.5,4.621333333333333,nan,nan
6922501,7.5,4,273,1,1,239,25,34.97560975609756,0.10460251046025104,0.0,0.6,3.787029288702929,nan,nan
6922622,7.5,4,453,1,0,453,28,63.2093023255814,0.06181015452538632,0.0,0.4,3.1112582781456957,nan,nan
6941418,7.5,4,282,2,1,251,12,57.92307692307692,0.04780876494023904,0.0,1.0,3.999601593625498,nan,nan
6984632,7.5,4,617,2,1,578,72,35.38775510204081,0.1245674740484429,0.016666666666666666,0.6,3.8842560553633216,nan,nan
7555066,7.5,4,339,1,0,339,20,72.64285714285714,0.058997050147492625,0.1,0.4,3.9740412979351034,nan,nan
7557391,7.5,4,302,1,0,302,40,30.71186440677966,0.13245033112582782,0.2777777777777778,0.8571428571428571,4.25364238410596,nan,nan
7563440,7.5,4,591,1,0,591,47,48.57534246575342,0.07952622673434856,0.0,1.0,6.87580372250423,nan,nan
7564587,7.5,4,242,2,1,197,25,25.148936170212767,0.12690355329949238,0.0,0.5,5.964467005076142,nan,nan
7583768,7.5,4,236,2,2,164,24,21.391304347826086,0.14634146341463414,0.0,0.5,6.989024390243903,nan,nan
7598344,7.5,4,219,1,0,219,26,29.2,0.1187214611872146,0.0,1.0,4.923744292237442,nan,nan
7613495,7.5,4,612,1,0,612,34,64.42105263157895,0.05555555555555555,0.0,0.8333333333333334,3.309150326797386,nan,nan
7613518,7.5,4,285,2,2,214,21,35.666666666666664,0.09813084112149532,0.18181818181818182,0.4,3.797196261682243,nan,nan
7613731,7.5,4,271,1,1,233,13,58.25,0.055793991416309016,0.0,1.0,6.646781115879828,nan,nan
7691124,7.5,4,255,3,2,178,22,23.217391304347824,0.12359550561797752,0.0,0.3333333333333333,10.376966292134831,nan,nan
7691163,7.5,4,301,2,1,267,30,30.807692307692307,0.11235955056179775,0.0,1.0,4.628089887640449,nan,nan
7691232,7.5,4,601,1,0,601,83,23.880794701986755,0.13810316139767054,0.04411764705882353,0.06896551724137931,4.680865224625624,nan,nan
7691423,7.5,4,303,2,1,260,33,25.161290322580644,0.12692307692307692,0.0,0.625,8.961923076923076,nan,nan
7691435,7.5,4,343,1,0,343,23,60.529411764705884,0.06705539358600583,0.0625,0.75,4.079883381924199,nan,nan
7691520,7.5,4,608,2,1,552,22,70.46808510638297,0.03985507246376811,0.0,0.375,4.479166666666667,nan,nan
7691542,7.5,4,368,2,1,306,23,43.714285714285715,0.07516339869281045,0.13333333333333333,0.5,4.252941176470588,nan,nan
7691885,7.5,4,251,2,1,208,25,24.96,0.1201923076923077,0.0,0.375,6.878846153846154,nan,nan
7691909,7.5,4,624,2,1,586,54,40.41379310344828,0.09215017064846416,0.0,0.6,4.06382252559727,nan,nan
7795968,7.5,4,252,1,1,195,14,45.0,0.07179487179487179,0.0,1.0,3.873846153846154,nan,nan
7797310,7.5,4,601,1,0,601,63,28.848,0.1048252911813644,0.0,0.038461538461538464,3.5419301164725456,nan,nan
7799046,7.5,4,454,1,0,454,33,48.642857142857146,0.07268722466960352,0.0,0.5714285714285714,7.986123348017621,nan,nan
7799135,7.5,4,329,1,0,329,19,58.05882352941177,0.057750759878419454,0.0,1.0,7.579939209726445,nan,nan
7799180,7.5,4,645,4,3,515,33,43.521126760563384,0.06407766990291262,0.0,0.5555555555555556,4.577864077669902,nan,nan
7799209,7.5,4,525,1,0,525,36,58.333333333333336,0.06857142857142857,0.03125,1.0,3.685904761904762,nan,nan
7799211,7.5,4,232,3,2,155,21,19.78723404255319,0.13548387096774195,0.0,0.5,7.249677419354839,nan,nan
7799420,7.5,4,317,1,1,286,17,61.285714285714285,0.05944055944055944,0.0,1.0,4.228671328671329,nan,nan
7799507,7.5,4,310,3,2,196,49,11.529411764705882,0.25,0.0,0.09375,8.032142857142857,nan,nan
7852277,7.5,4,247,1,1,202,15,44.888888888888886,0.07425742574257425,0.0,1.0,4.672772277227723,nan,nan
7852403,7.5,4,290,1,0,290,20,58.0,0.06896551724137931,0.5,1.0,4.52448275862069,nan,nan
7852411,7.5,4,607,3,2,521,57,32.90526315789474,0.10940499040307101,0.046511627906976744,0.6666666666666666,5.109404990403071,nan,nan
7852420,7.5,4,606,2,1,562,51,40.142857142857146,0.09074733096085409,0.0,1.0,4.0186832740213525,nan,nan
7852422,7.5,4,216,1,0,216,25,32.4,0.11574074074074074,0.0,1.0,3.8226851851851853,nan,nan
7852445,7.5,4,307,1,0,307,21,49.78378378378378,0.06840390879478828,0.0,1.0,3.622801302931596,nan,nan
7852451,7.5,4,314,2,1,261,15,54.0,0.05747126436781609,0.0,1.0,9.303448275862069,nan,nan
8354596,7.5,4,385,1,0,385,75,22.42718446601942,0.19480519480519481,0.03225806451612903,1.0,5.415844155844155,nan,nan
10752853,7.5,5,615,2,1,565,75,21.455696202531644,0.13274336283185842,0.0,0.0,4.231504424778762,nan,nan
10752864,7.5,5,232,2,1,187,21,23.375,0.11229946524064172,0.0,0.058823529411764705,4.873262032085561,nan,nan
10752951,7.5,5,610,1,0,610,73,31.82608695652174,0.11967213114754098,0.0,0.3888888888888889,3.702786885245901,nan,nan
10892045,7.5,5,323,2,1,282,26,31.333333333333332,0.09219858156028368,0.0,0.14285714285714285,5.563120567375886,nan,nan
10934834,7.5,5,242,1,0,242,11,63.130434782608695,0.045454545454545456,0.0,0.2,5.695454545454545,nan,nan
10934933,7.5,5,423,1,0,423,36,40.935483870967744,0.0851063829787234,0.0,0.625,3.9030732860520096,nan,nan
10935081,7.5,5,278,1,0,278,21,47.65714285714286,0.07553956834532374,0.0,0.5,4.790647482014388,nan,nan
10935136,7.5,5,308,1,1,261,20,52.2,0.07662835249042145,0.07142857142857142,0.6666666666666666,3.5839080459770116,nan,nan
10935148,7.5,5,237,2,3,66,3,28.285714285714285,0.045454545454545456,0.0,0.0,7.96969696969697,nan,nan
10935358,7.5,5,636,4,3,506,49,30.059405940594058,0.09683794466403162,0.0,0.1111111111111111,4.317193675889328,nan,nan
10935638,7.5,5,228,1,0,228,16,42.75,0.07017543859649122,0.0,0.3333333333333333,4.16578947368421,nan,nan
10935844,7.5,5,607,1,0,607,77,32.230088495575224,0.12685337726523888,0.0,0.8888888888888888,5.313838550247117,nan,nan
10969051,7.5,5,601,1,0,601,69,36.06,0.11480865224625623,0.0,0.6,4.602329450915142,nan,nan
11058912,7.5,5,601,1,0,601,58,53.82089552238806,0.09650582362728785,0.13636363636363635,0.4,3.5896838602329453,nan,nan
11071635,7.5,5,423,2,1,377,32,40.392857142857146,0.08488063660477453,0.0,0.8,4.731564986737401,nan,nan
11071677,7.5,5,459,2,1,406,36,37.47692307692308,0.08866995073891626,0.0,0.25,3.96871921182266,nan,nan
11071727,7.5,5,411,1,0,411,35,44.035714285714285,0.0851581508515815,0.0,0.6666666666666666,6.254744525547445,nan,nan
11071733,7.5,5,257,1,0,257,30,30.84,0.11673151750972763,0.0,0.42857142857142855,4.975875486381323,nan,nan
11071965,7.5,5,535,3,2,448,39,36.821917808219176,0.08705357142857142,0.0,0.5555555555555556,5.796651785714286,nan,nan
11092058,7.5,5,446,1,1,399,36,46.03846153846154,0.09022556390977443,0.0,0.75,5.155889724310777,nan,nan
11092072,7.5,5,247,1,0,247,17,52.92857142857143,0.06882591093117409,0.0,0.6666666666666666,6.335222672064777,nan,nan
4300268,7.5,5,961,5,4,431,29,38.59701492537314,0.06728538283062645,0.0,0.2727272727272727,5.663573085846868,nan,nan
4303167,7.5,5,610,3,2,518,51,33.78260869565217,0.09845559845559845,0.0,0.5,8.33841698841699,nan,nan
4303201,7.5,5,600,1,0,600,46,46.15384615384615,0.07666666666666666,0.0,0.7777777777777778,4.29,nan,nan
4326816,7.5,5,606,4,4,446,34,36.16216216216216,0.07623318385650224,0.0,0.1875,5.390358744394619,nan,nan
4453473,7.5,5,610,3,2,512,52,30.11764705882353,0.1015625,0.0,0.20833333333333334,6.1615234375,nan,nan
4636267,7.5,5,624,4,3,474,45,36.0,0.0949367088607595,0.0,1.0,4.990084388185655,nan,nan
4652239,7.5,5,601,4,4,432,46,28.483516483516482,0.10648148148148148,0.0,0.46153846153846156,6.816898148148148,nan,nan
4660369,7.5,5,640,3,2,523,47,36.48837209302326,0.08986615678776291,0.0,0.26666666666666666,3.775908221797323,nan,nan
4748312,7.5,5,624,5,4,435,19,47.45454545454545,0.04367816091954023,0.0,0.07692307692307693,7.133563218390805,nan,nan
4748313,7.5,5,770,3,2,465,59,26.826923076923077,0.12688172043010754,0.0,0.6666666666666666,9.329677419354839,nan,nan
4779685,7.5,5,669,5,4,405,26,38.57142857142857,0.06419753086419754,0.0,0.3,4.58716049382716,nan,nan
4792372,7.5,5,609,3,3,455,35,40.74626865671642,0.07692307692307693,0.0,0.4,3.776703296703297,nan,nan
4793806,7.5,5,609,4,3,441,48,30.068181818181817,0.10884353741496598,0.02564102564102564,0.29411764705882354,5.752380952380952,nan,nan
4798549,7.5,5,661,5,4,447,49,27.367346938775512,0.10961968680089486,0.0,0.4,6.831319910514541,nan,nan
4944723,7.5,5,650,5,5,292,26,26.149253731343283,0.08904109589041095,0.0,0.125,5.995205479452054,nan,nan
4981908,7.5,5,251,1,0,251,23,36.73170731707317,0.09163346613545817,0.0,0.5,8.581673306772908,nan,nan
5084249,7.5,5,600,1,0,600,34,57.142857142857146,0.056666666666666664,0.0,0.3076923076923077,5.7861666666666665,nan,nan
5133027,7.5,5,628,4,4,395,30,40.86206896551724,0.0759493670886076,0.0,0.5,6.775949367088607,nan,nan
5285957,7.5,5,387,1,0,387,18,68.29411764705883,0.046511627906976744,0.0,0.3333333333333333,3.594315245478036,nan,nan
5286334,7.5,5,342,1,0,342,43,35.37931034482759,0.12573099415204678,0.03225806451612903,0.8333333333333334,3.674269005847953,nan,nan
5395622,7.5,5,231,2,1,198,29,21.6,0.14646464646464646,0.0,0.3333333333333333,4.982323232323233,nan,nan
5538668,7.5,5,617,1,0,617,102,19.903225806451612,0.16531604538087522,0.0375,0.03571428571428571,3.5256077795786065,nan,nan
5670672,7.5,5,264,3,2,145,8,33.46153846153846,0.05517241379310345,0.0,0.25,4.786896551724138,nan,nan
5729758,7.5,5,253,1,0,253,19,44.64705882352941,0.07509881422924901,0.0,0.3333333333333333,5.111462450592885,nan,nan
5763820,7.5,5,989,4,5,347,45,30.61764705882353,0.12968299711815562,0.037037037037037035,0.3333333333333333,8.10749279538905,nan,nan
5917923,7.5,5,272,1,0,272,44,22.054054054054053,0.16176470588235295,0.0,0.26666666666666666,3.6922794117647055,nan,nan
5936666,7.5,5,602,1,0,602,32,66.88888888888889,0.053156146179401995,0.0,0.3333333333333333,3.6318936877076413,nan,nan
6014730,7.5,5,219,1,0,219,25,29.2,0.1141552511415525,0.0,0.375,3.1872146118721463,nan,nan
6051512,7.5,5,601,2,1,568,37,49.391304347826086,0.06514084507042253,0.0,0.5555555555555556,3.772359154929577,nan,nan
6053686,7.5,5,602,1,0,602,58,42.0,0.09634551495016612,0.0,0.8571428571428571,5.873588039867109,nan,nan
6171971,7.5,5,372,1,0,372,25,50.72727272727273,0.06720430107526881,0.0,0.2222222222222222,8.644354838709678,nan,nan
6172561,7.5,5,239,1,0,239,19,40.97142857142857,0.0794979079497908,0.0,0.2857142857142857,5.765271966527197,nan,nan
6357847,7.5,5,716,7,6,358,51,19.008849557522122,0.1424581005586592,0.0,0.17391304347826086,8.321508379888268,nan,nan
6358495,7.5,5,308,1,0,308,20,49.945945945945944,0.06493506493506493,0.0,0.75,3.07012987012987,nan,nan
6422329,7.5,5,269,1,0,269,4,134.5,0.01486988847583643,0.0,0.0,3.734944237918216,nan,nan
6547817,7.5,5,320,1,1,288,17,54.0,0.059027777777777776,0.0,0.4,5.450694444444444,nan,nan
6547822,7.5,5,341,4,3,218,10,39.63636363636363,0.045871559633027525,0.0,0.2,8.01559633027523,nan,nan
6756778,7.5,5,498,1,1,457,13,114.25,0.028446389496717725,0.0,0.6666666666666666,3.7026258205689278,nan,nan
6896919,7.5,5,619,2,1,564,38,47.66197183098591,0.0673758865248227,0.0,0.1875,3.5661347517730495,nan,nan
6920600,7.5,5,225,1,0,225,17,43.54838709677419,0.07555555555555556,0.0,0.5,4.808888888888889,nan,nan
6922501,7.5,5,273,1,1,239,25,34.97560975609756,0.10460251046025104,0.0,1.0,5.315062761506276,nan,nan
6922622,7.5,5,453,1,0,453,28,60.4,0.06181015452538632,0.0,0.2857142857142857,5.022295805739514,nan,nan
6941418,7.5,5,282,2,1,251,12,57.92307692307692,0.04780876494023904,0.0,1.0,4.79003984063745,nan,nan
6984632,7.5,5,617,2,1,578,72,31.81651376146789,0.1245674740484429,0.016666666666666666,0.2857142857142857,3.993425605536332,nan,nan
7555066,7.5,5,339,1,0,339,20,70.13793103448276,0.058997050147492625,0.1,0.1111111111111111,3.8790560471976403,nan,nan
7557391,7.5,5,302,1,0,302,40,26.647058823529413,0.13245033112582782,0.0,0.5,4.087417218543047,nan,nan
7563440,7.5,5,591,1,0,591,47,47.28,0.07952622673434856,0.0,0.8571428571428571,3.9089678510998307,nan,nan
7564587,7.5,5,242,2,1,197,25,24.625,0.12690355329949238,0.0,0.2222222222222222,5.388324873096447,nan,nan
7583768,7.5,5,236,2,2,164,24,20.93617021276596,0.14634146341463414,0.0,0.2222222222222222,4.692073170731708,nan,nan
7598344,7.5,5,219,1,0,219,26,31.285714285714285,0.1187214611872146,0.0,0.75,16.327397260273973,nan,nan
7613495,7.5,5,612,1,0,612,34,64.42105263157895,0.05555555555555555,0.0,0.5,7.792156862745099,nan,nan
7613518,7.5,5,285,2,2,214,21,35.666666666666664,0.09813084112149532,0.18181818181818182,0.4,4.287383177570093,nan,nan
7613731,7.5,5,271,1,1,233,13,58.25,0.055793991416309016,0.0,1.0,3.8493562231759655,nan,nan
7691124,7.5,5,255,3,2,178,22,23.217391304347824,0.12359550561797752,0.0,0.3333333333333333,10.832022471910111,nan,nan
7691163,7.5,5,301,2,1,267,30,29.666666666666668,0.11235955056179775,0.0,0.18181818181818182,5.7685393258426965,nan,nan
7691232,7.5,5,601,1,0,601,83,26.91044776119403,0.13810316139767054,0.013333333333333334,0.34615384615384615,4.4181364392678875,nan,nan
7691423,7.5,5,303,2,1,260,33,24.761904761904763,0.12692307692307692,0.0,0.36363636363636365,9.18769230769231,nan,nan
7691435,7.5,5,343,1,0,343,23,60.529411764705884,0.06705539358600583,0.0625,0.75,6.88600583090379,nan,nan
7691520,7.5,5,608,2,1,552,22,69.0,0.03985507246376811,0.0,0.16666666666666666,5.95,nan,nan
7691542,7.5,5,368,2,1,306,23,44.78048780487805,0.07516339869281045,0.058823529411764705,0.5,3.8457516339869278,nan,nan
7691885,7.5,5,251,2,1,208,25,24.96,0.1201923076923077,0.0,0.375,7.899038461538462,nan,nan
7691909,7.5,5,624,2,1,586,54,40.41379310344828,0.09215017064846416,0.0,0.6,4.763481228668942,nan,nan
7795968,7.5,5,252,1,1,195,14,45.0,0.07179487179487179,0.0,1.0,3.890769230769231,nan,nan
7797310,7.5,5,601,1,0,601,63,28.848,0.1048252911813644,0.0,0.038461538461538464,4.560232945091514,nan,nan
7799046,7.5,5,454,1,0,454,33,47.78947368421053,0.07268722466960352,0.0,0.2727272727272727,7.752422907488986,nan,nan
7799135,7.5,5,329,1,0,329,19,56.4,0.057750759878419454,0.0,0.3333333333333333,8.042553191489361,nan,nan
7799180,7.5,5,645,4,3,515,33,43.521126760563384,0.06407766990291262,0.0,0.21428571428571427,8.535145631067962,nan,nan
7799209,7.5,5,525,1,0,525,36,57.27272727272727,0.06857142857142857,0.0,1.0,7.209904761904761,nan,nan
7799211,7.5,5,232,3,2,155,21,19.78723404255319,0.13548387096774195,0.0,0.42857142857142855,8.48774193548387,nan,nan
7799420,7.5,5,317,1,1,286,17,61.285714285714285,0.05944055944055944,0.0,1.0,3.1216783216783215,nan,nan
7799507,7.5,5,310,3,2,196,49,11.09433962264151,0.25,0.0,0.05128205128205128,6.820918367346939,nan,nan
7852277,7.5,5,247,1,1,202,15,44.888888888888886,0.07425742574257425,0.0,1.0,4.017821782178218,nan,nan
7852403,7.5,5,290,1,0,290,20,58.0,0.06896551724137931,0.25,0.3333333333333333,3.622758620689655,nan,nan
7852411,7.5,5,607,3,2,521,57,32.90526315789474,0.10940499040307101,0.021739130434782608,0.4666666666666667,7.9414587332053745,nan,nan
7852420,7.5,5,606,2,1,562,51,40.142857142857146,0.09074733096085409,0.0,0.6666666666666666,5.403914590747331,nan,nan
7852422,7.5,5,216,1,0,216,25,32.4,0.11574074074074074,0.0,1.0,4.52175925925926,nan,nan
7852445,7.5,5,307,1,0,307,21,48.473684210526315,0.06840390879478828,0.0,0.6,3.8671009771986973,nan,nan
7852451,7.5,5,314,2,1,261,15,54.0,0.05747126436781609,0.0,1.0,4.376245210727969,nan,nan
8354596,7.5,5,385,1,0,385,75,22.42718446601942,0.19480519480519481,0.03225806451612903,0.7,3.9675324675324677,nan,nan
10752853,7.5,6,615,2,1,565,75,21.455696202531644,0.13274336283185842,0.0,0.0,4.289734513274336,nan,nan
10752864,7.5,6,232,2,1,187,21,22.44,0.11229946524064172,0.0,0.0,7.6860962566844915,nan,nan
10752951,7.5,6,610,1,0,610,73,31.016949152542374,0.11967213114754098,0.0,0.18518518518518517,6.6472131147540985,nan,nan
10892045,7.5,6,323,2,1,282,26,31.333333333333332,0.09219858156028368,0.0,0.14285714285714285,6.680141843971631,nan,nan
10934834,7.5,6,242,1,0,242,11,63.130434782608695,0.045454545454545456,0.0,0.2,3.475206611570248,nan,nan
10934933,7.5,6,423,1,0,423,36,38.45454545454545,0.0851063829787234,0.0,0.17647058823529413,2.9680851063829787,nan,nan
10935081,7.5,6,278,1,0,278,21,47.65714285714286,0.07553956834532374,0.0,0.5,5.424100719424461,nan,nan
10935136,7.5,6,308,1,1,261,20,52.2,0.07662835249042145,0.07142857142857142,0.6666666666666666,5.547509578544061,nan,nan
10935148,7.5,6,237,2,3,66,3,28.285714285714285,0.045454545454545456,0.0,0.0,4.5196969696969695,nan,nan
10935358,7.5,6,636,4,3,506,49,30.666666666666668,0.09683794466403162,0.0,0.12,4.384387351778656,nan,nan
10935638,7.5,6,228,1,0,228,16,38.0,0.07017543859649122,0.0,0.0,2.959649122807017,nan,nan
10935844,7.5,6,607,1,0,607,77,32.517857142857146,0.12685337726523888,0.0,0.8888888888888888,3.6209225700164747,nan,nan
10969051,7.5,6,601,1,0,601,69,35.7029702970297,0.11480865224625623,0.0,0.6,3.484858569051581,nan,nan
11058912,7.5,6,601,1,0,601,58,53.82089552238806,0.09650582362728785,0.13636363636363635,0.42857142857142855,5.615141430948419,nan,nan
11071635,7.5,6,423,2,1,377,32,40.392857142857146,0.08488063660477453,0.0,0.8,6.70238726790451,nan,nan
11071677,7.5,6,459,2,1,406,36,37.47692307692308,0.08866995073891626,0.0,0.25,3.966009852216749,nan,nan
11071727,7.5,6,411,1,0,411,35,47.42307692307692,0.0851581508515815,0.034482758620689655,0.6666666666666666,3.2155717761557177,nan,nan
11071733,7.5,6,257,1,0,257,30,29.09433962264151,0.11673151750972763,0.0,0.15384615384615385,5.070817120622568,nan,nan
11071965,7.5,6,535,3,2,448,39,37.333333333333336,0.08705357142857142,0.0,0.5555555555555556,5.129464285714286,nan,nan
11092058,7.5,6,446,1,1,399,36,46.03846153846154,0.09022556390977443,0.0,1.0,7.241353383458647,nan,nan
11092072,7.5,6,247,1,0,247,17,49.4,0.06882591093117409,0.0,0.6666666666666666,3.532388663967611,nan,nan
4300268,7.5,6,961,5,4,431,29,36.94285714285714,0.06728538283062645,0.0,0.125,5.764965197215777,nan,nan
4303167,7.5,6,610,3,2,518,51,32.04123711340206,0.09845559845559845,0.0,0.18181818181818182,6.603861003861004,nan,nan
4303201,7.5,6,600,1,0,600,46,42.857142857142854,0.07666666666666666,0.0,0.18181818181818182,6.564,nan,nan
4326816,7.5,6,606,4,4,446,34,36.16216216216216,0.07623318385650224,0.0,0.1111111111111111,5.245291479820628,nan,nan
4453473,7.5,6,610,3,2,512,52,28.9811320754717,0.1015625,0.0,0.09090909090909091,3.8255859375,nan,nan
4636267,7.5,6,624,4,3,474,45,36.0,0.0949367088607595,0.0,1.0,5.099789029535866,nan,nan
4652239,7.5,6,601,4,4,432,46,27.574468085106382,0.10648148148148148,0.0,0.18181818181818182,8.197916666666666,nan,nan
4660369,7.5,6,640,3,2,523,47,34.86666666666667,0.08986615678776291,0.0,0.13636363636363635,5.624091778202677,nan,nan
4748312,7.5,6,624,5,4,435,19,47.45454545454545,0.04367816091954023,0.0,0.07692307692307693,6.137471264367816,nan,nan
4748313,7.5,6,770,3,2,465,59,27.623762376237625,0.12688172043010754,0.019230769230769232,0.25,4.737204301075269,nan,nan
4779685,7.5,6,669,5,4,405,26,36.26865671641791,0.06419753086419754,0.0,0.05263157894736842,6.840493827160494,nan,nan
4792372,7.5,6,609,3,3,455,35,39.56521739130435,0.07692307692307693,0.0,0.23076923076923078,6.431648351648352,nan,nan
4793806,7.5,6,609,4,3,441,48,27.5625,0.10884353741496598,0.0,0.18181818181818182,5.29501133786848,nan,nan
4798549,7.5,6,661,5,4,447,49,26.554455445544555,0.10961968680089486,0.0,0.18181818181818182,4.55503355704698,nan,nan
4944723,7.5,6,650,5,5,292,26,25.391304347826086,0.08904109589041095,0.0,0.05,5.045205479452055,nan,nan
4981908,7.5,6,251,1,0,251,23,35.857142857142854,0.09163346613545817,0.0,0.18181818181818182,6.169322709163347,nan,nan
5084249,7.5,6,600,1,0,600,34,57.142857142857146,0.056666666666666664,0.0,0.10526315789473684,3.4630000000000005,nan,nan
5133027,7.5,6,628,4,4,395,30,40.86206896551724,0.0759493670886076,0.0,0.5,4.44759493670886,nan,nan
5285957,7.5,6,387,1,0,387,18,72.5625,0.046511627906976744,0.0,0.14285714285714285,3.304392764857881,nan,nan
5286334,7.5,6,342,1,0,342,43,33.63934426229508,0.12573099415204678,0.03225806451612903,0.36363636363636365,3.4555555555555553,nan,nan
5395622,7.5,6,231,2,1,198,29,21.214285714285715,0.14646464646464646,0.0,0.15384615384615385,4.497474747474747,nan,nan
5538668,7.5,6,617,1,0,617,102,19.48421052631579,0.16531604538087522,0.011111111111111112,0.022988505747126436,3.736304700162075,nan,nan
5670672,7.5,6,264,3,2,145,8,31.071428571428573,0.05517241379310345,0.0,0.0,9.481379310344828,nan,nan
5729758,7.5,6,253,1,0,253,19,44.64705882352941,0.07509881422924901,0.0,0.4,3.9434782608695653,nan,nan
5763820,7.5,6,989,4,5,347,45,30.17391304347826,0.12968299711815562,0.037037037037037035,0.1875,5.463976945244957,nan,nan
5917923,7.5,6,272,1,0,272,44,20.4,0.16176470588235295,0.0,0.125,3.511764705882353,nan,nan
5936666,7.5,6,602,1,0,602,32,68.15094339622641,0.053156146179401995,0.0,0.6666666666666666,3.371594684385382,nan,nan
6014730,7.5,6,219,1,0,219,25,28.565217391304348,0.1141552511415525,0.0,0.18181818181818182,4.336986301369863,nan,nan
6051512,7.5,6,601,2,1,568,37,41.5609756097561,0.06514084507042253,0.0,0.0,3.936267605633803,nan,nan
6053686,7.5,6,602,1,0,602,58,37.23711340206186,0.09634551495016612,0.0,0.3333333333333333,5.475747508305648,nan,nan
6171971,7.5,6,372,1,0,372,25,49.6,0.06720430107526881,0.0,0.2,4.652956989247312,nan,nan
6172561,7.5,6,239,1,0,239,19,44.8125,0.0794979079497908,0.0,0.5,4.489539748953975,nan,nan
6357847,7.5,6,716,7,6,358,51,18.517241379310345,0.1424581005586592,0.0,0.15384615384615385,6.193016759776536,nan,nan
6358495,7.5,6,308,1,0,308,20,56.0,0.06493506493506493,0.0,0.6666666666666666,3.7568181818181814,nan,nan
6422329,7.5,6,269,1,0,269,4,134.5,0.01486988847583643,0.0,0.0,3.091449814126394,nan,nan
6547817,7.5,6,320,1,1,288,17,49.371428571428574,0.059027777777777776,0.0,0.09090909090909091,5.299305555555556,nan,nan
6547822,7.5,6,341,4,3,218,10,36.333333333333336,0.045871559633027525,0.0,0.0,6.192660550458716,nan,nan
6756778,7.5,6,498,1,1,457,13,114.25,0.028446389496717725,0.0,0.6666666666666666,3.5542669584245075,nan,nan
6896919,7.5,6,619,2,1,564,38,47.66197183098591,0.0673758865248227,0.0,0.1875,3.8897163120567377,nan,nan
6920600,7.5,6,225,1,0,225,17,43.54838709677419,0.07555555555555556,0.0,0.5,3.8293333333333335,nan,nan
6922501,7.5,6,273,1,1,239,25,35.85,0.10460251046025104,0.0,0.3333333333333333,3.7389121338912137,nan,nan
6922622,7.5,6,453,1,0,453,28,60.4,0.06181015452538632,0.0,0.75,3.750331125827815,nan,nan
6941418,7.5,6,282,2,1,251,12,51.93103448275862,0.04780876494023904,0.0,0.14285714285714285,4.174501992031872,nan,nan
6984632,7.5,6,617,2,1,578,72,31.81651376146789,0.1245674740484429,0.016666666666666666,0.20833333333333334,4.650865051903114,nan,nan
7555066,7.5,6,339,1,0,339,20,70.13793103448276,0.058997050147492625,0.1,0.1111111111111111,3.843952802359882,nan,nan
7557391,7.5,6,302,1,0,302,40,28.761904761904763,0.13245033112582782,0.029411764705882353,0.5,3.890728476821192,nan,nan
7563440,7.5,6,591,1,0,591,47,48.57534246575342,0.07952622673434856,0.0,0.36363636363636365,3.5135363790186127,nan,nan
7564587,7.5,6,242,2,1,197,25,25.695652173913043,0.12690355329949238,0.0,0.5,5.192893401015229,nan,nan
7583768,7.5,6,236,2,2,164,24,20.93617021276596,0.14634146341463414,0.0,0.2222222222222222,3.8963414634146343,nan,nan
7598344,7.5,6,219,1,0,219,26,29.863636363636363,0.1187214611872146,0.0,0.25,3.5712328767123287,nan,nan
7613495,7.5,6,612,1,0,612,34,61.2,0.05555555555555555,0.0,0.21428571428571427,3.859640522875817,nan,nan
7613518,7.5,6,285,2,2,214,21,32.1,0.09813084112149532,0.0,0.4,8.318691588785047,nan,nan
7613731,7.5,6,271,1,1,233,13,58.25,0.055793991416309016,0.0,1.0,7.674248927038626,nan,nan
7691124,7.5,6,255,3,2,178,22,21.79591836734694,0.12359550561797752,0.0,0.08333333333333333,7.561797752808989,nan,nan
7691163,7.5,6,301,2,1,267,30,29.666666666666668,0.11235955056179775,0.0,0.18181818181818182,5.29812734082397,nan,nan
7691232,7.5,6,601,1,0,601,83,24.53061224489796,0.13810316139767054,0.013333333333333334,0.09803921568627451,3.5146422628951752,nan,nan
7691423,7.5,6,303,2,1,260,33,24.761904761904763,0.12692307692307692,0.0,0.21428571428571427,5.506538461538462,nan,nan
7691435,7.5,6,343,1,0,343,23,57.166666666666664,0.06705539358600583,0.0625,0.25,4.024198250728863,nan,nan
7691520,7.5,6,608,2,1,552,22,69.0,0.03985507246376811,0.0,0.0625,4.115036231884058,nan,nan
7691542,7.5,6,368,2,1,306,23,41.72727272727273,0.07516339869281045,0.058823529411764705,0.18181818181818182,4.598692810457517,nan,nan
7691885,7.5,6,251,2,1,208,25,23.11111111111111,0.1201923076923077,0.0,0.05555555555555555,3.744711538461538,nan,nan
7691909,7.5,6,624,2,1,586,54,41.36470588235294,0.09215017064846416,0.0,0.75,5.462627986348123,nan,nan
7795968,7.5,6,252,1,1,195,14,50.869565217391305,0.07179487179487179,0.0,0.5,4.397435897435898,nan,nan
7797310,7.5,6,601,1,0,601,63,29.080645161290324,0.1048252911813644,0.0,0.0392156862745098,3.570382695507488,nan,nan
7799046,7.5,6,454,1,0,454,33,51.39622641509434,0.07268722466960352,0.038461538461538464,0.2727272727272727,3.67136563876652,nan,nan
7799135,7.5,6,329,1,0,329,19,56.4,0.057750759878419454,0.0,0.3333333333333333,3.9556231003039515,nan,nan
7799180,7.5,6,645,4,3,515,33,43.521126760563384,0.06407766990291262,0.0,0.21428571428571427,4.672233009708737,nan,nan
7799209,7.5,6,525,1,0,525,36,53.389830508474574,0.06857142857142857,0.0,0.5,3.8354285714285714,nan,nan
7799211,7.5,6,232,3,2,155,21,20.217391304347824,0.13548387096774195,0.0,0.25,5.038064516129032,nan,nan
7799420,7.5,6,317,1,1,286,17,61.285714285714285,0.05944055944055944,0.0,1.0,4.031818181818181,nan,nan
7799507,7.5,6,310,3,2,196,49,11.2,0.25,0.0,0.024390243902439025,6.238265306122449,nan,nan
7852277,7.5,6,247,1,1,202,15,44.888888888888886,0.07425742574257425,0.0,1.0,8.361386138613861,nan,nan
7852403,7.5,6,290,1,0,290,20,60.0,0.06896551724137931,0.09090909090909091,0.3333333333333333,8.154827586206897,nan,nan
7852411,7.5,6,607,3,2,521,57,33.97826086956522,0.10940499040307101,0.021739130434782608,0.375,5.792898272552783,nan,nan
7852420,7.5,6,606,2,1,562,51,41.1219512195122,0.09074733096085409,0.0,0.8571428571428571,3.326156583629893,nan,nan
7852422,7.5,6,216,1,0,216,25,31.609756097560975,0.11574074074074074,0.0,0.3333333333333333,3.2092592592592593,nan,nan
7852445,7.5,6,307,1,0,307,21,47.23076923076923,0.06840390879478828,0.0,0.25,3.898697068403909,nan,nan
7852451,7.5,6,314,2,1,261,15,54.0,0.05747126436781609,0.0,1.0,3.9126436781609195,nan,nan
8354596,7.5,6,385,1,0,385,75,21.588785046728972,0.19480519480519481,0.014925373134328358,0.4,5.778181818181818,nan,nan
10752853,7.5,7,615,2,1,565,75,21.455696202531644,0.13274336283185842,0.0,0.0,4.951327433628318,nan,nan
10752864,7.5,7,232,2,1,187,21,22.44,0.11229946524064172,0.0,0.0,4.9219251336898395,nan,nan
10752951,7.5,7,610,1,0,610,73,31.28205128205128,0.11967213114754098,0.0,0.19230769230769232,3.2265573770491804,nan,nan
10892045,7.5,7,323,2,1,282,26,28.2,0.09219858156028368,0.0,0.0,3.2687943262411348,nan,nan
10934834,7.5,7,242,1,0,242,11,69.14285714285714,0.045454545454545456,0.0,0.25,2.9640495867768593,nan,nan
10934933,7.5,7,423,1,0,423,36,35.74647887323944,0.0851063829787234,0.0,0.03571428571428571,3.140661938534279,nan,nan
10935081,7.5,7,278,1,0,278,21,47.65714285714286,0.07553956834532374,0.0,0.5,4.568705035971223,nan,nan
10935136,7.5,7,308,1,1,261,20,47.45454545454545,0.07662835249042145,0.0,0.6666666666666666,3.4521072796934864,nan,nan
10935148,7.5,7,237,2,3,66,3,28.285714285714285,0.045454545454545456,0.0,0.0,4.28030303030303,nan,nan
10935358,7.5,7,636,4,3,506,49,30.666666666666668,0.09683794466403162,0.0,0.12,5.455928853754941,nan,nan
10935638,7.5,7,228,1,0,228,16,38.0,0.07017543859649122,0.0,0.0,3.150877192982456,nan,nan
10935844,7.5,7,607,1,0,607,77,24.44295302013423,0.12685337726523888,0.0,0.03225806451612903,3.9288303130148274,nan,nan
10969051,7.5,7,601,1,0,601,69,34.67307692307692,0.11480865224625623,0.0,0.19047619047619047,5.424292845257903,nan,nan
11058912,7.5,7,601,1,0,601,58,46.23076923076923,0.09650582362728785,0.07142857142857142,0.09375,5.703494176372712,nan,nan
11071635,7.5,7,423,2,1,377,32,43.5,0.08488063660477453,0.0,0.6,4.6005305039787805,nan,nan
11071677,7.5,7,459,2,1,406,36,39.9344262295082,0.08866995073891626,0.0,0.375,4.544088669950739,nan,nan
11071727,7.5,7,411,1,0,411,35,42.51724137931034,0.0851581508515815,0.0,0.2727272727272727,3.3605839416058396,nan,nan
11071733,7.5,7,257,1,0,257,30,29.09433962264151,0.11673151750972763,0.0,0.15384615384615385,3.9673151750972764,nan,nan
11071965,7.5,7,535,3,2,448,39,36.821917808219176,0.08705357142857142,0.0,0.2,4.771428571428571,nan,nan
11092058,7.5,7,446,1,1,399,36,43.527272727272724,0.09022556390977443,0.0,0.2222222222222222,3.7523809523809524,nan,nan
11092072,7.5,7,247,1,0,247,17,51.10344827586207,0.06882591093117409,0.0,0.6666666666666666,5.31497975708502,nan,nan
4300268,7.5,7,961,5,4,431,29,36.94285714285714,0.06728538283062645,0.0,0.125,5.645475638051043,nan,nan
4303167,7.5,7,610,3,2,518,51,33.06382978723404,0.09845559845559845,0.0,0.2,4.365830115830116,nan,nan
4303201,7.5,7,600,1,0,600,46,43.373493975903614,0.07666666666666666,0.0,0.125,4.042166666666667,nan,nan
4326816,7.5,7,606,4,4,446,34,36.16216216216216,0.07623318385650224,0.0,0.1111111111111111,5.939686098654708,nan,nan
4453473,7.5,7,610,3,2,512,52,29.825242718446603,0.1015625,0.0,0.0967741935483871,4.0751953125,nan,nan
4636267,7.5,7,624,4,3,474,45,36.0,0.0949367088607595,0.0,1.0,5.769409282700422,nan,nan
4652239,7.5,7,601,4,4,432,46,27.0,0.10648148148148148,0.0,0.07142857142857142,4.478935185185185,nan,nan
4660369,7.5,7,640,3,2,523,47,33.74193548387097,0.08986615678776291,0.0,0.07142857142857142,5.18413001912046,nan,nan
4748312,7.5,7,624,5,4,435,19,48.333333333333336,0.04367816091954023,0.0,0.07692307692307693,6.000919540229885,nan,nan
4748313,7.5,7,770,3,2,465,59,25.833333333333332,0.12688172043010754,0.019230769230769232,0.13793103448275862,4.721505376344086,nan,nan
4779685,7.5,7,669,5,4,405,26,36.26865671641791,0.06419753086419754,0.0,0.05263157894736842,4.506913580246914,nan,nan
4792372,7.5,7,609,3,3,455,35,45.5,0.07692307692307693,0.038461538461538464,0.3,3.6747252747252745,nan,nan
4793806,7.5,7,609,4,3,441,48,27.5625,0.10884353741496598,0.02564102564102564,0.0625,6.989342403628118,nan,nan
4798549,7.5,7,661,5,4,447,49,26.554455445544555,0.10961968680089486,0.0,0.18181818181818182,7.367337807606264,nan,nan
4944723,7.5,7,650,5,5,292,26,26.149253731343283,0.08904109589041095,0.0,0.05555555555555555,5.2749999999999995,nan,nan
4981908,7.5,7,251,1,0,251,23,33.46666666666667,0.09163346613545817,0.0,0.0625,3.9868525896414346,nan,nan
5084249,7.5,7,600,1,0,600,34,57.142857142857146,0.056666666666666664,0.0,0.10526315789473684,3.3796666666666666,nan,nan
5133027,7.5,7,628,4,4,395,30,38.225806451612904,0.0759493670886076,0.0,0.3333333333333333,4.521265822784811,nan,nan
5285957,7.5,7,387,1,0,387,18,72.5625,0.046511627906976744,0.0,0.14285714285714285,8.063307493540051,nan,nan
5286334,7.5,7,342,1,0,342,43,33.63934426229508,0.12573099415204678,0.03225806451612903,0.36363636363636365,4.557894736842105,nan,nan
5395622,7.5,7,231,2,1,198,29,20.135593220338983,0.14646464646464646,0.0,0.05263157894736842,8.546464646464647,nan,nan
5538668,7.5,7,617,1,0,617,102,19.082474226804123,0.16531604538087522,0.011111111111111112,0.010638297872340425,8.803079416531604,nan,nan
5670672,7.5,7,264,3,2,145,8,31.071428571428573,0.05517241379310345,0.0,0.0,11.586206896551724,nan,nan
5729758,7.5,7,253,1,0,253,19,42.166666666666664,0.07509881422924901,0.0,0.1,5.4992094861660075,nan,nan
5763820,7.5,7,989,4,5,347,45,28.916666666666668,0.12968299711815562,0.037037037037037035,0.09523809523809523,5.481844380403459,nan,nan
5917923,7.5,7,272,1,0,272,44,21.473684210526315,0.16176470588235295,0.0,0.15,8.819117647058825,nan,nan
5936666,7.5,7,602,1,0,602,32,66.88888888888889,0.053156146179401995,0.0,0.3,7.3604651162790695,nan,nan
6014730,7.5,7,219,1,0,219,25,30.558139534883722,0.1141552511415525,0.0,0.2222222222222222,7.121004566210046,nan,nan
6051512,7.5,7,601,2,1,568,37,41.5609756097561,0.06514084507042253,0.0,0.0,3.9056338028169018,nan,nan
6053686,7.5,7,602,1,0,602,58,39.26086956521739,0.09634551495016612,0.0,0.2222222222222222,3.5197674418604654,nan,nan
6171971,7.5,7,372,1,0,372,25,50.72727272727273,0.06720430107526881,0.0,0.2222222222222222,3.18252688172043,nan,nan
6172561,7.5,7,239,1,0,239,19,43.45454545454545,0.0794979079497908,0.0,0.4,4.477405857740585,nan,nan
6357847,7.5,7,716,7,6,358,51,18.358974358974358,0.1424581005586592,0.0,0.0625,10.347206703910615,nan,nan
6358495,7.5,7,308,1,0,308,20,46.2,0.06493506493506493,0.0,0.07692307692307693,8.337337662337662,nan,nan
6422329,7.5,7,269,1,0,269,4,134.5,0.01486988847583643,0.0,0.0,6.764312267657992,nan,nan
6547817,7.5,7,320,1,1,288,17,54.0,0.059027777777777776,0.0,0.125,9.615277777777777,nan,nan
6547822,7.5,7,341,4,3,218,10,36.333333333333336,0.045871559633027525,0.0,0.0,14.727064220183486,nan,nan
6756778,7.5,7,498,1,1,457,13,105.46153846153847,0.028446389496717725,0.0,0.16666666666666666,4.655579868708972,nan,nan
6896919,7.5,7,619,2,1,564,38,47.66197183098591,0.0673758865248227,0.0,0.1875,10.793617021276596,nan,nan
6920600,7.5,7,225,1,0,225,17,48.214285714285715,0.07555555555555556,0.0,1.0,11.274666666666667,nan,nan
6922501,7.5,7,273,1,1,239,25,32.59090909090909,0.10460251046025104,0.0,0.2222222222222222,9.167364016736402,nan,nan
6922622,7.5,7,453,1,0,453,28,61.77272727272727,0.06181015452538632,0.0,0.3333333333333333,3.950551876379691,nan,nan
6941418,7.5,7,282,2,1,251,12,47.0625,0.04780876494023904,0.0,0.0,6.583665338645418,nan,nan
6984632,7.5,7,617,2,1,578,72,31.81651376146789,0.1245674740484429,0.016666666666666666,0.20833333333333334,6.475086505190311,nan,nan
7555066,7.5,7,339,1,0,339,20,56.5,0.058997050147492625,0.0,0.1111111111111111,8.071091445427728,nan,nan
7557391,7.5,7,302,1,0,302,40,25.166666666666668,0.13245033112582782,0.0,0.15789473684210525,4.606622516556292,nan,nan
7563440,7.5,7,591,1,0,591,47,49.943661971830984,0.07952622673434856,0.0,0.5,4.268020304568528,nan,nan
7564587,7.5,7,242,2,1,197,25,24.625,0.12690355329949238,0.0,0.2222222222222222,4.053299492385787,nan,nan
7583768,7.5,7,236,2,2,164,24,19.68,0.14634146341463414,0.0,0.06666666666666667,3.819512195121951,nan,nan
7598344,7.5,7,219,1,0,219,26,29.863636363636363,0.1187214611872146,0.0,0.25,4.781278538812785,nan,nan
7613495,7.5,7,612,1,0,612,34,62.23728813559322,0.05555555555555555,0.0,0.23076923076923078,4.0357843137254905,nan,nan
7613518,7.5,7,285,2,2,214,21,32.92307692307692,0.09813084112149532,0.0,0.4,11.244392523364487,nan,nan
7613731,7.5,7,271,1,1,233,13,66.57142857142857,0.055793991416309016,0.0,0.5,9.136480686695279,nan,nan
7691124,7.5,7,255,3,2,178,22,21.79591836734694,0.12359550561797752,0.0,0.08333333333333333,10.844943820224719,nan,nan
7691163,7.5,7,301,2,1,267,30,29.666666666666668,0.11235955056179775,0.0,0.18181818181818182,5.40749063670412,nan,nan
7691232,7.5,7,601,1,0,601,83,24.364864864864863,0.13810316139767054,0.013333333333333334,0.05263157894736842,3.289683860232945,nan,nan
7691423,7.5,7,303,2,1,260,33,25.161290322580644,0.12692307692307692,0.0,0.23076923076923078,15.735,nan,nan
7691435,7.5,7,343,1,0,343,23,57.166666666666664,0.06705539358600583,0.0625,0.25,6.23935860058309,nan,nan
7691520,7.5,7,608,2,1,552,22,69.0,0.03985507246376811,0.0,0.0625,4.561413043478261,nan,nan
7691542,7.5,7,368,2,1,306,23,36.72,0.07516339869281045,0.0,0.0625,3.5035947712418296,nan,nan
7691885,7.5,7,251,2,1,208,25,23.11111111111111,0.1201923076923077,0.0,0.05555555555555555,5.352884615384616,nan,nan
7691909,7.5,7,624,2,1,586,54,37.806451612903224,0.09215017064846416,0.0,0.29411764705882354,7.718600682593857,nan,nan
7795968,7.5,7,252,1,1,195,14,50.869565217391305,0.07179487179487179,0.0,0.5,4.719487179487179,nan,nan
7797310,7.5,7,601,1,0,601,63,29.080645161290324,0.1048252911813644,0.0,0.018518518518518517,6.508485856905158,nan,nan
7799046,7.5,7,454,1,0,454,33,50.44444444444444,0.07268722466960352,0.0,0.375,9.874889867841409,nan,nan
7799135,7.5,7,329,1,0,329,19,61.6875,0.057750759878419454,0.0,0.6666666666666666,9.037082066869301,nan,nan
7799180,7.5,7,645,4,3,515,33,42.32876712328767,0.06407766990291262,0.0,0.1111111111111111,7.459417475728155,nan,nan
7799209,7.5,7,525,1,0,525,36,51.63934426229508,0.06857142857142857,0.0,0.25,3.769142857142857,nan,nan
7799211,7.5,7,232,3,2,155,21,18.6,0.13548387096774195,0.0,0.07142857142857142,10.61032258064516,nan,nan
7799420,7.5,7,317,1,1,286,17,61.285714285714285,0.05944055944055944,0.0,1.0,4.918881118881119,nan,nan
7799507,7.5,7,310,3,2,196,49,11.09433962264151,0.25,0.0,0.023255813953488372,9.034693877551021,nan,nan
7852277,7.5,7,247,1,1,202,15,40.4,0.07425742574257425,0.0,0.125,7.489108910891089,nan,nan
7852403,7.5,7,290,1,0,290,20,49.714285714285715,0.06896551724137931,0.07692307692307693,0.08333333333333333,4.616896551724138,nan,nan
7852411,7.5,7,607,3,2,521,57,27.910714285714285,0.10940499040307101,0.0,0.08823529411764706,5.447024952015355,nan,nan
7852420,7.5,7,606,2,1,562,51,40.142857142857146,0.09074733096085409,0.0,0.6,5.179715302491103,nan,nan
7852422,7.5,7,216,1,0,216,25,30.857142857142858,0.11574074074074074,0.0,0.5,4.818981481481482,nan,nan
7852445,7.5,7,307,1,0,307,21,43.857142857142854,0.06840390879478828,0.0,0.07142857142857142,4.906188925081433,nan,nan
7852451,7.5,7,314,2,1,261,15,54.0,0.05747126436781609,0.0,1.0,4.191954022988505,nan,nan
8354596,7.5,7,385,1,0,385,75,16.73913043478261,0.19480519480519481,0.014925373134328358,0.03389830508474576,3.464415584415584,nan,nan
10752853,7.5,8,615,2,1,565,75,21.455696202531644,0.13274336283185842,0.0,0.0,4.486194690265487,nan,nan
10752864,7.5,8,232,2,1,187,21,22.44,0.11229946524064172,0.0,0.0,6.452406417112299,nan,nan
10752951,7.5,8,610,1,0,610,73,30.24793388429752,0.11967213114754098,0.0,0.12121212121212122,5.500327868852459,nan,nan
10892045,7.5,8,323,2,1,282,26,28.2,0.09219858156028368,0.0,0.0,3.838297872340426,nan,nan
10934834,7.5,8,242,1,0,242,11,69.14285714285714,0.045454545454545456,0.0,0.25,3.647107438016529,nan,nan
10934933,7.5,8,423,1,0,423,36,35.74647887323944,0.0851063829787234,0.0,0.03571428571428571,3.1347517730496453,nan,nan
10935081,7.5,8,278,1,0,278,21,42.76923076923077,0.07553956834532374,0.0,0.09090909090909091,3.2597122302158277,nan,nan
10935136,7.5,8,308,1,1,261,20,43.5,0.07662835249042145,0.0,0.1111111111111111,3.1203065134099615,nan,nan
10935148,7.5,8,237,2,3,66,3,28.285714285714285,0.045454545454545456,0.0,0.0,4.196969696969697,nan,nan
10935358,7.5,8,636,4,3,506,49,29.764705882352942,0.09683794466403162,0.0,0.0625,4.309683794466403,nan,nan
10935638,7.5,8,228,1,0,228,16,38.0,0.07017543859649122,0.0,0.0,8.108333333333334,nan,nan
10935844,7.5,8,607,1,0,607,77,23.80392156862745,0.12685337726523888,0.0,0.014492753623188406,6.725700164744646,nan,nan
10969051,7.5,8,601,1,0,601,69,34.34285714285714,0.11480865224625623,0.0,0.12,5.663227953410981,nan,nan
11058912,7.5,8,601,1,0,601,58,41.93023255813954,0.09650582362728785,0.07142857142857142,0.022222222222222223,4.366222961730449,nan,nan
11071635,7.5,8,423,2,1,377,32,43.5,0.08488063660477453,0.0,0.6,6.36949602122016,nan,nan
11071677,7.5,8,459,2,1,406,36,37.47692307692308,0.08866995073891626,0.0,0.13333333333333333,4.070935960591133,nan,nan
11071727,7.5,8,411,1,0,411,35,43.26315789473684,0.0851581508515815,0.0,0.3333333333333333,5.099513381995134,nan,nan
11071733,7.5,8,257,1,0,257,30,29.09433962264151,0.11673151750972763,0.0,0.15384615384615385,10.18443579766537,nan,nan
11071965,7.5,8,535,3,2,448,39,36.32432432432432,0.08705357142857142,0.0,0.1875,9.014285714285714,nan,nan
11092058,7.5,8,446,1,1,399,36,43.527272727272724,0.09022556390977443,0.0,0.2222222222222222,5.703508771929824,nan,nan
11092072,7.5,8,247,1,0,247,17,51.10344827586207,0.06882591093117409,0.0,0.2,4.602024291497976,nan,nan
4300268,7.5,8,961,5,4,431,29,35.916666666666664,0.06728538283062645,0.0,0.047619047619047616,5.2707656612528995,nan,nan
4303167,7.5,8,610,3,2,518,51,31.393939393939394,0.09845559845559845,0.0,0.06666666666666667,4.593629343629344,nan,nan
4303201,7.5,8,600,1,0,600,46,41.86046511627907,0.07666666666666666,0.0,0.06666666666666667,7.134666666666667,nan,nan
4326816,7.5,8,606,4,4,446,34,36.657534246575345,0.07623318385650224,0.0,0.11764705882352941,5.304708520179372,nan,nan
4453473,7.5,8,610,3,2,512,52,29.257142857142856,0.1015625,0.0,0.05555555555555555,3.9791015625,nan,nan
4636267,7.5,8,624,4,3,474,45,29.936842105263157,0.0949367088607595,0.0,0.06896551724137931,4.006962025316455,nan,nan
4652239,7.5,8,601,4,4,432,46,26.448979591836736,0.10648148148148148,0.0,0.06451612903225806,6.259027777777778,nan,nan
4660369,7.5,8,640,3,2,523,47,33.74193548387097,0.08986615678776291,0.0,0.06896551724137931,4.465583173996176,nan,nan
4748312,7.5,8,624,5,4,435,19,45.0,0.04367816091954023,0.0,0.0,4.122298850574713,nan,nan
4748313,7.5,8,770,3,2,465,59,25.363636363636363,0.12688172043010754,0.0,0.0967741935483871,4.753763440860215,nan,nan
4779685,7.5,8,669,5,4,405,26,36.26865671641791,0.06419753086419754,0.0,0.05263157894736842,4.238518518518518,nan,nan
4792372,7.5,8,609,3,3,455,35,43.333333333333336,0.07692307692307693,0.0,0.375,4.49010989010989,nan,nan
4793806,7.5,8,609,4,3,441,48,27.5625,0.10884353741496598,0.0,0.07692307692307693,5.551700680272109,nan,nan
4798549,7.5,8,661,5,4,447,49,23.734513274336283,0.10961968680089486,0.0,0.024390243902439025,4.202684563758389,nan,nan
4944723,7.5,8,650,5,5,292,26,26.545454545454547,0.08904109589041095,0.0,0.05555555555555555,4.287328767123288,nan,nan
4981908,7.5,8,251,1,0,251,23,30.12,0.09163346613545817,0.0,0.0,3.4219123505976095,nan,nan
5084249,7.5,8,600,1,0,600,34,57.142857142857146,0.056666666666666664,0.0,0.043478260869565216,3.2809999999999997,nan,nan
5133027,7.5,8,628,4,4,395,30,40.86206896551724,0.0759493670886076,0.0,0.5,3.952151898734177,nan,nan
5285957,7.5,8,387,1,0,387,18,72.5625,0.046511627906976744,0.0,0.14285714285714285,4.481395348837209,nan,nan
5286334,7.5,8,342,1,0,342,43,33.63934426229508,0.12573099415204678,0.03225806451612903,0.36363636363636365,3.8149122807017544,nan,nan
5395622,7.5,8,231,2,1,198,29,20.135593220338983,0.14646464646464646,0.0,0.05263157894736842,4.739393939393939,nan,nan
5538668,7.5,8,617,1,0,617,102,19.181347150259068,0.16531604538087522,0.011111111111111112,0.010752688172043012,3.7361426256077794,nan,nan
5670672,7.5,8,264,3,2,145,8,31.071428571428573,0.05517241379310345,0.0,0.0,4.017931034482759,nan,nan
5729758,7.5,8,253,1,0,253,19,43.371428571428574,0.07509881422924901,0.0,0.1111111111111111,3.9798418972332015,nan,nan
5763820,7.5,8,989,4,5,347,45,28.916666666666668,0.12968299711815562,0.037037037037037035,0.09523809523809523,5.265129682997118,nan,nan
5917923,7.5,8,272,1,0,272,44,19.662650602409638,0.16176470588235295,0.0,0.03125,4.254044117647059,nan,nan
5936666,7.5,8,602,1,0,602,32,60.2,0.053156146179401995,0.0,0.045454545454545456,4.270265780730897,nan,nan
6014730,7.5,8,219,1,0,219,25,29.863636363636363,0.1141552511415525,0.0,0.2222222222222222,6.0278538812785385,nan,nan
6051512,7.5,8,601,2,1,568,37,41.5609756097561,0.06514084507042253,0.0,0.0,4.621478873239437,nan,nan
6053686,7.5,8,602,1,0,602,58,37.625,0.09634551495016612,0.0,0.12,4.023754152823921,nan,nan
6171971,7.5,8,372,1,0,372,25,50.72727272727273,0.06720430107526881,0.0,0.2222222222222222,3.9268817204301074,nan,nan
6172561,7.5,8,239,1,0,239,19,38.75675675675676,0.0794979079497908,0.0,0.09090909090909091,4.117991631799163,nan,nan
6357847,7.5,8,716,7,6,358,51,18.050420168067227,0.1424581005586592,0.0,0.05714285714285714,13.391899441340783,nan,nan
6358495,7.5,8,308,1,0,308,20,48.63157894736842,0.06493506493506493,0.0,0.09090909090909091,7.895779220779221,nan,nan
6422329,7.5,8,269,1,0,269,4,134.5,0.01486988847583643,0.0,0.0,5.212267657992565,nan,nan
6547817,7.5,8,320,1,1,288,17,45.473684210526315,0.059027777777777776,0.0,0.0,3.350347222222222,nan,nan
6547822,7.5,8,341,4,3,218,10,36.333333333333336,0.045871559633027525,0.0,0.0,8.147706422018349,nan,nan
6756778,7.5,8,498,1,1,457,13,91.4,0.028446389496717725,0.0,0.0,3.5997811816192558,nan,nan
6896919,7.5,8,619,2,1,564,38,45.12,0.0673758865248227,0.0,0.038461538461538464,3.59822695035461,nan,nan
6920600,7.5,8,225,1,0,225,17,42.1875,0.07555555555555556,0.0,0.1111111111111111,3.7466666666666666,nan,nan
6922501,7.5,8,273,1,1,239,25,39.833333333333336,0.10460251046025104,0.0,1.0,4.226778242677825,nan,nan
6922622,7.5,8,453,1,0,453,28,60.4,0.06181015452538632,0.0,0.75,3.2445916114790285,nan,nan
6941418,7.5,8,282,2,1,251,12,47.0625,0.04780876494023904,0.0,0.0,3.8294820717131475,nan,nan
6984632,7.5,8,617,2,1,578,72,30.690265486725664,0.1245674740484429,0.016666666666666666,0.12903225806451613,3.7887543252595157,nan,nan
7555066,7.5,8,339,1,0,339,20,56.5,0.058997050147492625,0.0,0.1111111111111111,5.299705014749263,nan,nan
7557391,7.5,8,302,1,0,302,40,24.82191780821918,0.13245033112582782,0.0,0.08695652173913043,4.12615894039735,nan,nan
7563440,7.5,8,591,1,0,591,47,49.25,0.07952622673434856,0.0,0.4444444444444444,3.280372250423012,nan,nan
7564587,7.5,8,242,2,1,197,25,26.266666666666666,0.12690355329949238,0.0,0.3333333333333333,5.12994923857868,nan,nan
7583768,7.5,8,236,2,2,164,24,19.68,0.14634146341463414,0.0,0.06666666666666667,3.6914634146341463,nan,nan
7598344,7.5,8,219,1,0,219,26,29.863636363636363,0.1187214611872146,0.0,0.25,4.027397260273973,nan,nan
7613495,7.5,8,612,1,0,612,34,54.80597014925373,0.05555555555555555,0.0,0.038461538461538464,3.2937908496732025,nan,nan
7613518,7.5,8,285,2,2,214,21,29.86046511627907,0.09813084112149532,0.0,0.09090909090909091,4.216822429906542,nan,nan
7613731,7.5,8,271,1,1,233,13,66.57142857142857,0.055793991416309016,0.0,0.5,3.7935622317596565,nan,nan
7691124,7.5,8,255,3,2,178,22,21.36,0.12359550561797752,0.0,0.07692307692307693,5.33876404494382,nan,nan
7691163,7.5,8,301,2,1,267,30,27.620689655172413,0.11235955056179775,0.0,0.058823529411764705,8.179775280898877,nan,nan
7691232,7.5,8,601,1,0,601,83,24.53061224489796,0.13810316139767054,0.013333333333333334,0.05357142857142857,4.704159733777038,nan,nan
7691423,7.5,8,303,2,1,260,33,21.08108108108108,0.12692307692307692,0.0,0.0,5.913076923076924,nan,nan
7691435,7.5,8,343,1,0,343,23,58.8,0.06705539358600583,0.06666666666666667,0.25,3.98134110787172,nan,nan
7691520,7.5,8,608,2,1,552,22,63.69230769230769,0.03985507246376811,0.0,0.0,3.9163043478260873,nan,nan
7691542,7.5,8,368,2,1,306,23,43.714285714285715,0.07516339869281045,0.06666666666666667,0.07692307692307693,4.981699346405229,nan,nan
7691885,7.5,8,251,2,1,208,25,23.547169811320753,0.1201923076923077,0.0,0.058823529411764705,5.632692307692308,nan,nan
7691909,7.5,8,624,2,1,586,54,39.06666666666667,0.09215017064846416,0.0,0.2222222222222222,4.388737201365188,nan,nan
7795968,7.5,8,252,1,1,195,14,50.869565217391305,0.07179487179487179,0.0,0.5,3.575384615384616,nan,nan
7797310,7.5,8,601,1,0,601,63,27.73846153846154,0.1048252911813644,0.0,0.0,3.0058236272878536,nan,nan
7799046,7.5,8,454,1,0,454,33,48.642857142857146,0.07268722466960352,0.0,0.15384615384615385,4.739647577092511,nan,nan
7799135,7.5,8,329,1,0,329,19,54.833333333333336,0.057750759878419454,0.0,0.1,3.8133738601823706,nan,nan
7799180,7.5,8,645,4,3,515,33,40.12987012987013,0.06407766990291262,0.0,0.04,4.7990291262135925,nan,nan
7799209,7.5,8,525,1,0,525,36,48.46153846153846,0.06857142857142857,0.0,0.1,3.5912380952380953,nan,nan
7799211,7.5,8,232,3,2,155,21,18.979591836734695,0.13548387096774195,0.0,0.07692307692307693,8.125806451612902,nan,nan
7799420,7.5,8,317,1,1,286,17,53.625,0.05944055944055944,0.0,0.125,3.9342657342657343,nan,nan
7799507,7.5,8,310,3,2,196,49,10.690909090909091,0.25,0.0,0.0,4.97295918367347,nan,nan
7852277,7.5,8,247,1,1,202,15,35.64705882352941,0.07425742574257425,0.0,0.0,4.513366336633664,nan,nan
7852403,7.5,8,290,1,0,290,20,44.61538461538461,0.06896551724137931,0.0,0.08333333333333333,3.4944827586206895,nan,nan
7852411,7.5,8,607,3,2,521,57,27.182608695652174,0.10940499040307101,0.0,0.05,6.608637236084453,nan,nan
7852420,7.5,8,606,2,1,562,51,36.65217391304348,0.09074733096085409,0.0,0.125,5.628825622775801,nan,nan
7852422,7.5,8,216,1,0,216,25,33.23076923076923,0.11574074074074074,0.0,0.4,4.569907407407407,nan,nan
7852445,7.5,8,307,1,0,307,21,44.926829268292686,0.06840390879478828,0.0,0.07692307692307693,4.064820846905538,nan,nan
7852451,7.5,8,314,2,1,261,15,47.45454545454545,0.05747126436781609,0.0,0.125,3.6919540229885057,nan,nan
8354596,7.5,8,385,1,0,385,75,15.503355704697986,0.19480519480519481,0.014925373134328358,0.0,3.689090909090909,nan,nan
10752853,7.5,9,615,2,1,565,75,21.455696202531644,0.13274336283185842,0.0,0.0,3.7481415929203536,nan,nan
10752864,7.5,9,232,2,1,187,21,22.44,0.11229946524064172,0.0,0.0,3.442245989304813,nan,nan
10752951,7.5,9,610,1,0,610,73,29.047619047619047,0.11967213114754098,0.0,0.07317073170731707,3.7034426229508197,nan,nan
10892045,7.5,9,323,2,1,282,26,28.2,0.09219858156028368,0.0,0.0,3.5326241134751775,nan,nan
10934834,7.5,9,242,1,0,242,11,55.84615384615385,0.045454545454545456,0.0,0.0,2.9132231404958677,nan,nan
10934933,7.5,9,423,1,0,423,36,33.39473684210526,0.0851063829787234,0.0,0.0,3.097872340425532,nan,nan
10935081,7.5,9,278,1,0,278,21,42.76923076923077,0.07553956834532374,0.0,0.09090909090909091,5.949280575539569,nan,nan
10935136,7.5,9,308,1,1,261,20,43.5,0.07662835249042145,0.0,0.1111111111111111,5.7363984674329505,nan,nan
10935148,7.5,9,237,2,3,66,3,28.285714285714285,0.045454545454545456,0.0,0.0,7.162121212121212,nan,nan
10935358,7.5,9,636,4,3,506,49,28.373831775700936,0.09683794466403162,0.0,0.02564102564102564,6.8438735177865615,nan,nan
10935638,7.5,9,228,1,0,228,16,38.0,0.07017543859649122,0.0,0.0,3.2600877192982454,nan,nan
10935844,7.5,9,607,1,0,607,77,24.119205298013245,0.12685337726523888,0.0,0.014925373134328358,3.3369028006589785,nan,nan
10969051,7.5,9,601,1,0,601,69,32.78181818181818,0.11480865224625623,0.0,0.06060606060606061,3.6214642262895174,nan,nan
11058912,7.5,9,601,1,0,601,58,39.62637362637363,0.09650582362728785,0.027777777777777776,0.022222222222222223,3.738602329450915,nan,nan
11071635,7.5,9,423,2,1,377,32,41.127272727272725,0.08488063660477453,0.0,0.2,5.927851458885942,nan,nan
11071677,7.5,9,459,2,1,406,36,37.47692307692308,0.08866995073891626,0.0,0.13333333333333333,5.500985221674877,nan,nan
11071727,7.5,9,411,1,0,411,35,42.51724137931034,0.0851581508515815,0.0,0.14285714285714285,3.7642335766423356,nan,nan
11071733,7.5,9,257,1,0,257,30,26.586206896551722,0.11673151750972763,0.0,0.047619047619047616,3.882490272373541,nan,nan
11071965,7.5,9,535,3,2,448,39,34.46153846153846,0.08705357142857142,0.0,0.09090909090909091,3.607142857142857,nan,nan
11092058,7.5,9,446,1,1,399,36,43.527272727272724,0.09022556390977443,0.0,0.2222222222222222,3.5659147869674186,nan,nan
11092072,7.5,9,247,1,0,247,17,51.10344827586207,0.06882591093117409,0.0,0.2,3.8040485829959514,nan,nan
4300268,7.5,9,961,5,4,431,29,35.916666666666664,0.06728538283062645,0.0,0.047619047619047616,6.468677494199536,nan,nan
4303167,7.5,9,610,3,2,518,51,31.393939393939394,0.09845559845559845,0.0,0.06666666666666667,4.041312741312741,nan,nan
4303201,7.5,9,600,1,0,600,46,37.5,0.07666666666666666,0.0,0.0,3.996,nan,nan
4326816,7.5,9,606,4,4,446,34,34.30769230769231,0.07623318385650224,0.0,0.04,5.073991031390134,nan,nan
4453473,7.5,9,610,3,2,512,52,27.927272727272726,0.1015625,0.0,0.023255813953488372,3.989453125,nan,nan
4636267,7.5,9,624,4,3,474,45,28.44,0.0949367088607595,0.0,0.02702702702702703,4.536075949367088,nan,nan
4652239,7.5,9,601,4,4,432,46,24.0,0.10648148148148148,0.0,0.0,4.011111111111111,nan,nan
4660369,7.5,9,640,3,2,523,47,33.74193548387097,0.08986615678776291,0.0,0.06896551724137931,3.7219885277246654,nan,nan
4748312,7.5,9,624,5,4,435,19,45.0,0.04367816091954023,0.0,0.0,3.920919540229885,nan,nan
4748313,7.5,9,770,3,2,465,59,25.59633027522936,0.12688172043010754,0.0,0.1,4.6144086021505375,nan,nan
4779685,7.5,9,669,5,4,405,26,33.75,0.06419753086419754,0.0,0.0,7.977283950617284,nan,nan
4792372,7.5,9,609,3,3,455,35,40.14705882352941,0.07692307692307693,0.0,0.13333333333333333,4.186153846153847,nan,nan
4793806,7.5,9,609,4,3,441,48,27.5625,0.10884353741496598,0.0,0.07692307692307693,4.322902494331066,nan,nan
4798549,7.5,9,661,5,4,447,49,22.728813559322035,0.10961968680089486,0.0,0.0,3.9487695749440714,nan,nan
4944723,7.5,9,650,5,5,292,26,26.545454545454547,0.08904109589041095,0.0,0.05555555555555555,4.185958904109589,nan,nan
4981908,7.5,9,251,1,0,251,23,30.12,0.09163346613545817,0.0,0.0,3.6247011952191235,nan,nan
5084249,7.5,9,600,1,0,600,34,57.142857142857146,0.056666666666666664,0.0,0.043478260869565216,3.051833333333333,nan,nan
5133027,7.5,9,628,4,4,395,30,34.85294117647059,0.0759493670886076,0.0,0.05,6.022784810126582,nan,nan
5285957,7.5,9,387,1,0,387,18,72.5625,0.046511627906976744,0.0,0.14285714285714285,3.2240310077519383,nan,nan
5286334,7.5,9,342,1,0,342,43,27.36,0.12573099415204678,0.03225806451612903,0.02857142857142857,3.674269005847953,nan,nan
5395622,7.5,9,231,2,1,198,29,20.135593220338983,0.14646464646464646,0.0,0.05263157894736842,4.14949494949495,nan,nan
5538668,7.5,9,617,1,0,617,102,19.181347150259068,0.16531604538087522,0.011111111111111112,0.010752688172043012,3.8666126418152347,nan,nan
5670672,7.5,9,264,3,2,145,8,31.071428571428573,0.05517241379310345,0.0,0.0,3.773793103448276,nan,nan
5729758,7.5,9,253,1,0,253,19,43.371428571428574,0.07509881422924901,0.0,0.1111111111111111,3.7,nan,nan
5763820,7.5,9,989,4,5,347,45,28.916666666666668,0.12968299711815562,0.037037037037037035,0.09523809523809523,5.654466858789625,nan,nan
5917923,7.5,9,272,1,0,272,44,19.662650602409638,0.16176470588235295,0.0,0.03125,4.367647058823529,nan,nan
5936666,7.5,9,602,1,0,602,32,60.2,0.053156146179401995,0.0,0.045454545454545456,3.4367109634551496,nan,nan
6014730,7.5,9,219,1,0,219,25,24.333333333333332,0.1141552511415525,0.0,0.0,3.85662100456621,nan,nan
6051512,7.5,9,601,2,1,568,37,41.5609756097561,0.06514084507042253,0.0,0.0,3.880281690140845,nan,nan
6053686,7.5,9,602,1,0,602,58,35.76237623762376,0.09634551495016612,0.0,0.06060606060606061,3.183887043189369,nan,nan
6171971,7.5,9,372,1,0,372,25,46.5,0.06720430107526881,0.0,0.0625,3.6330645161290325,nan,nan
6172561,7.5,9,239,1,0,239,19,39.833333333333336,0.0794979079497908,0.0,0.1,3.5364016736401678,nan,nan
6357847,7.5,9,716,7,6,358,51,18.203389830508474,0.1424581005586592,0.0,0.06060606060606061,8.310614525139664,nan,nan
6358495,7.5,9,308,1,0,308,20,48.63157894736842,0.06493506493506493,0.0,0.09090909090909091,3.337987012987013,nan,nan
6422329,7.5,9,269,1,0,269,4,134.5,0.01486988847583643,0.0,0.0,3.335687732342007,nan,nan
6547817,7.5,9,320,1,1,288,17,45.473684210526315,0.059027777777777776,0.0,0.0,3.0458333333333334,nan,nan
6547822,7.5,9,341,4,3,218,10,36.333333333333336,0.045871559633027525,0.0,0.0,5.611009174311927,nan,nan
6756778,7.5,9,498,1,1,457,13,91.4,0.028446389496717725,0.0,0.0,2.860175054704595,nan,nan
6896919,7.5,9,619,2,1,564,38,45.12,0.0673758865248227,0.0,0.038461538461538464,3.142553191489362,nan,nan
6920600,7.5,9,225,1,0,225,17,42.1875,0.07555555555555556,0.0,0.1111111111111111,4.327555555555556,nan,nan
6922501,7.5,9,273,1,1,239,25,39.833333333333336,0.10460251046025104,0.0,1.0,7.306694560669456,nan,nan
6922622,7.5,9,453,1,0,453,28,63.2093023255814,0.06181015452538632,0.0,0.4,3.4540838852097133,nan,nan
6941418,7.5,9,282,2,1,251,12,47.0625,0.04780876494023904,0.0,0.0,3.6219123505976096,nan,nan
6984632,7.5,9,617,2,1,578,72,29.389830508474578,0.1245674740484429,0.016666666666666666,0.07692307692307693,3.5304498269896194,nan,nan
7555066,7.5,9,339,1,0,339,20,56.5,0.058997050147492625,0.0,0.1111111111111111,3.2825958702064897,nan,nan
7557391,7.5,9,302,1,0,302,40,23.23076923076923,0.13245033112582782,0.0,0.03225806451612903,3.5347682119205297,nan,nan
7563440,7.5,9,591,1,0,591,47,49.943661971830984,0.07952622673434856,0.0,0.4444444444444444,3.2140439932318103,nan,nan
7564587,7.5,9,242,2,1,197,25,26.266666666666666,0.12690355329949238,0.0,0.3333333333333333,4.946700507614213,nan,nan
7583768,7.5,9,236,2,2,164,24,19.68,0.14634146341463414,0.0,0.06666666666666667,4.894512195121951,nan,nan
7598344,7.5,9,219,1,0,219,26,27.375,0.1187214611872146,0.0,0.06666666666666667,3.992237442922374,nan,nan
7613495,7.5,9,612,1,0,612,34,59.225806451612904,0.05555555555555555,0.0,0.045454545454545456,3.7952614379084966,nan,nan
7613518,7.5,9,285,2,2,214,21,29.86046511627907,0.09813084112149532,0.0,0.09090909090909091,5.705607476635514,nan,nan
7613731,7.5,9,271,1,1,233,13,66.57142857142857,0.055793991416309016,0.0,0.5,3.762660944206009,nan,nan
7691124,7.5,9,255,3,2,178,22,21.36,0.12359550561797752,0.0,0.07692307692307693,3.8584269662921344,nan,nan
7691163,7.5,9,301,2,1,267,30,27.620689655172413,0.11235955056179775,0.0,0.058823529411764705,4.921722846441948,nan,nan
7691232,7.5,9,601,1,0,601,83,23.115384615384617,0.13810316139767054,0.0,0.031746031746031744,3.928452579034942,nan,nan
7691423,7.5,9,303,2,1,260,33,21.08108108108108,0.12692307692307692,0.0,0.0,7.179615384615385,nan,nan
7691435,7.5,9,343,1,0,343,23,50.19512195121951,0.06705539358600583,0.0,0.09090909090909091,7.365014577259474,nan,nan
7691520,7.5,9,608,2,1,552,22,63.69230769230769,0.03985507246376811,0.0,0.0,4.408152173913043,nan,nan
7691542,7.5,9,368,2,1,306,23,39.06382978723404,0.07516339869281045,0.0,0.07692307692307693,5.00359477124183,nan,nan
7691885,7.5,9,251,2,1,208,25,24.470588235294116,0.1201923076923077,0.0,0.06666666666666667,5.21875,nan,nan
7691909,7.5,9,624,2,1,586,54,39.06666666666667,0.09215017064846416,0.0,0.2,4.7080204778157,nan,nan
7795968,7.5,9,252,1,1,195,14,50.869565217391305,0.07179487179487179,0.0,0.5,4.642051282051282,nan,nan
7797310,7.5,9,601,1,0,601,63,27.73846153846154,0.1048252911813644,0.0,0.0,3.4645590682196334,nan,nan
7799046,7.5,9,454,1,0,454,33,44.65573770491803,0.07268722466960352,0.0,0.047619047619047616,3.074229074889868,nan,nan
7799135,7.5,9,329,1,0,329,19,54.833333333333336,0.057750759878419454,0.0,0.1,3.676899696048632,nan,nan
7799180,7.5,9,645,4,3,515,33,37.68292682926829,0.06407766990291262,0.0,0.0,3.5256310679611653,nan,nan
7799209,7.5,9,525,1,0,525,36,50.0,0.06857142857142857,0.0,0.1111111111111111,3.678095238095238,nan,nan
7799211,7.5,9,232,3,2,155,21,17.22222222222222,0.13548387096774195,0.0,0.0,6.71741935483871,nan,nan
7799420,7.5,9,317,1,1,286,17,53.625,0.05944055944055944,0.0,0.125,7.508391608391609,nan,nan
7799507,7.5,9,310,3,2,196,49,12.64516129032258,0.25,0.0,0.07692307692307693,8.33469387755102,nan,nan
7852277,7.5,9,247,1,1,202,15,35.64705882352941,0.07425742574257425,0.0,0.0,3.7683168316831686,nan,nan
7852403,7.5,9,290,1,0,290,20,47.027027027027025,0.06896551724137931,0.0,0.1,2.9734482758620686,nan,nan
7852411,7.5,9,607,3,2,521,57,26.05,0.10940499040307101,0.0,0.020833333333333332,3.7009596928982726,nan,nan
7852420,7.5,9,606,2,1,562,51,36.65217391304348,0.09074733096085409,0.0,0.125,4.0948398576512455,nan,nan
7852422,7.5,9,216,1,0,216,25,32.4,0.11574074074074074,0.0,0.3333333333333333,4.128240740740741,nan,nan
7852445,7.5,9,307,1,0,307,21,40.04347826086956,0.06840390879478828,0.0,0.0,5.549185667752442,nan,nan
7852451,7.5,9,314,2,1,261,15,41.21052631578947,0.05747126436781609,0.0,0.0,6.059386973180077,nan,nan
8354596,7.5,9,385,1,0,385,75,18.934426229508198,0.19480519480519481,0.0,0.12903225806451613,4.406753246753246,nan,nan
10752853,7.5,10,615,2,1,565,75,21.455696202531644,0.13274336283185842,0.0,0.0,3.913451327433628,nan,nan
10752864,7.5,10,232,2,1,187,21,22.44,0.11229946524064172,0.0,0.0,3.610160427807487,nan,nan
10752951,7.5,10,610,1,0,610,73,29.047619047619047,0.11967213114754098,0.0,0.07317073170731707,3.031967213114754,nan,nan
10892045,7.5,10,323,2,1,282,26,28.2,0.09219858156028368,0.0,0.0,3.1546099290780143,nan,nan
10934834,7.5,10,242,1,0,242,11,55.84615384615385,0.045454545454545456,0.0,0.0,2.837603305785124,nan,nan
10934933,7.5,10,423,1,0,423,36,33.39473684210526,0.0851063829787234,0.0,0.0,4.182033096926714,nan,nan
10935081,7.5,10,278,1,0,278,21,42.76923076923077,0.07553956834532374,0.0,0.09090909090909091,3.3370503597122303,nan,nan
10935136,7.5,10,308,1,1,261,20,43.5,0.07662835249042145,0.0,0.1111111111111111,3.0593869731800765,nan,nan
10935148,7.5,10,237,2,3,66,3,28.285714285714285,0.045454545454545456,0.0,0.0,4.124242424242424,nan,nan
10935358,7.5,10,636,4,3,506,49,28.373831775700936,0.09683794466403162,0.0,0.02564102564102564,4.335770750988143,nan,nan
10935638,7.5,10,228,1,0,228,16,38.0,0.07017543859649122,0.0,0.0,3.0092105263157896,nan,nan
10935844,7.5,10,607,1,0,607,77,24.119205298013245,0.12685337726523888,0.0,0.014925373134328358,3.226194398682043,nan,nan
10969051,7.5,10,601,1,0,601,69,32.78181818181818,0.11480865224625623,0.0,0.06060606060606061,4.534941763727121,nan,nan
11058912,7.5,10,601,1,0,601,58,39.62637362637363,0.09650582362728785,0.027777777777777776,0.022222222222222223,3.9720465890183023,nan,nan
11071635,7.5,10,423,2,1,377,32,41.127272727272725,0.08488063660477453,0.0,0.2,3.7050397877984085,nan,nan
11071677,7.5,10,459,2,1,406,36,34.309859154929576,0.08866995073891626,0.0,0.041666666666666664,3.957881773399015,nan,nan
11071727,7.5,10,411,1,0,411,35,42.51724137931034,0.0851581508515815,0.0,0.14285714285714285,3.506082725060827,nan,nan
11071733,7.5,10,257,1,0,257,30,27.05263157894737,0.11673151750972763,0.0,0.05,3.294163424124514,nan,nan
11071965,7.5,10,535,3,2,448,39,33.18518518518518,0.08705357142857142,0.0,0.03571428571428571,4.1198660714285715,nan,nan
11092058,7.5,10,446,1,1,399,36,43.527272727272724,0.09022556390977443,0.0,0.2222222222222222,4.634837092731829,nan,nan
11092072,7.5,10,247,1,0,247,17,51.10344827586207,0.06882591093117409,0.0,0.2,8.306072874493927,nan,nan
4300268,7.5,10,961,5,4,431,29,33.15384615384615,0.06728538283062645,0.0,0.0,6.0429234338747095,nan,nan
4303167,7.5,10,610,3,2,518,51,31.393939393939394,0.09845559845559845,0.0,0.06666666666666667,4.873745173745173,nan,nan
4303201,7.5,10,600,1,0,600,46,37.5,0.07666666666666666,0.0,0.0,3.126333333333333,nan,nan
4326816,7.5,10,606,4,4,446,34,31.857142857142858,0.07623318385650224,0.0,0.0,6.371524663677129,nan,nan
4453473,7.5,10,610,3,2,512,52,26.482758620689655,0.1015625,0.0,0.0,3.558203125,nan,nan
4636267,7.5,10,624,4,3,474,45,26.830188679245282,0.0949367088607595,0.0,0.0,3.8795358649789033,nan,nan
4652239,7.5,10,601,4,4,432,46,24.0,0.10648148148148148,0.0,0.0,4.354166666666667,nan,nan
4660369,7.5,10,640,3,2,523,47,29.60377358490566,0.08986615678776291,0.0,0.0,3.7841300191204588,nan,nan
4748312,7.5,10,624,5,4,435,19,45.0,0.04367816091954023,0.0,0.0,3.5464367816091955,nan,nan
4748313,7.5,10,770,3,2,465,59,22.682926829268293,0.12688172043010754,0.0,0.02040816326530612,4.046666666666667,nan,nan
4779685,7.5,10,669,5,4,405,26,33.75,0.06419753086419754,0.0,0.0,3.5881481481481483,nan,nan
4792372,7.5,10,609,3,3,455,35,33.292682926829265,0.07692307692307693,0.0,0.0,3.1795604395604395,nan,nan
4793806,7.5,10,609,4,3,441,48,25.2,0.10884353741496598,0.0,0.02631578947368421,3.7870748299319725,nan,nan
4798549,7.5,10,661,5,4,447,49,22.728813559322035,0.10961968680089486,0.0,0.0,3.5333333333333337,nan,nan
4944723,7.5,10,650,5,5,292,26,24.333333333333332,0.08904109589041095,0.0,0.0,3.5976027397260273,nan,nan
4981908,7.5,10,251,1,0,251,23,30.12,0.09163346613545817,0.0,0.0,3.249402390438247,nan,nan
5084249,7.5,10,600,1,0,600,34,50.0,0.056666666666666664,0.0,0.0,5.023166666666667,nan,nan
5133027,7.5,10,628,4,4,395,30,34.85294117647059,0.0759493670886076,0.0,0.05,7.879240506329114,nan,nan
5285957,7.5,10,387,1,0,387,18,72.5625,0.046511627906976744,0.0,0.14285714285714285,3.0444444444444447,nan,nan
5286334,7.5,10,342,1,0,342,43,25.333333333333332,0.12573099415204678,0.03225806451612903,0.0,3.447076023391813,nan,nan
5395622,7.5,10,231,2,1,198,29,20.135593220338983,0.14646464646464646,0.0,0.05263157894736842,3.9474747474747476,nan,nan
5538668,7.5,10,617,1,0,617,102,18.603015075376884,0.16531604538087522,0.011111111111111112,0.0,3.5565640194489467,nan,nan
5670672,7.5,10,264,3,2,145,8,31.071428571428573,0.05517241379310345,0.0,0.0,3.704137931034483,nan,nan
5729758,7.5,10,253,1,0,253,19,36.142857142857146,0.07509881422924901,0.0,0.0,3.1090909090909093,nan,nan
5763820,7.5,10,989,4,5,347,45,28.916666666666668,0.12968299711815562,0.037037037037037035,0.09523809523809523,6.5463976945244955,nan,nan
5917923,7.5,10,272,1,0,272,44,17.73913043478261,0.16176470588235295,0.0,0.0,3.717279411764706,nan,nan
5936666,7.5,10,602,1,0,602,32,60.2,0.053156146179401995,0.0,0.045454545454545456,3.841694352159468,nan,nan
6014730,7.5,10,219,1,0,219,25,24.333333333333332,0.1141552511415525,0.0,0.0,3.980821917808219,nan,nan
6051512,7.5,10,601,2,1,568,37,41.5609756097561,0.06514084507042253,0.0,0.0,3.419894366197183,nan,nan
6053686,7.5,10,602,1,0,602,58,35.76237623762376,0.09634551495016612,0.0,0.06060606060606061,3.2691029900332227,nan,nan
6171971,7.5,10,372,1,0,372,25,47.48936170212766,0.06720430107526881,0.0,0.06666666666666667,4.626344086021505,nan,nan
6172561,7.5,10,239,1,0,239,19,40.97142857142857,0.0794979079497908,0.0,0.1111111111111111,3.694979079497908,nan,nan
6357847,7.5,10,716,7,6,358,51,17.75206611570248,0.1424581005586592,0.0,0.02564102564102564,5.494134078212291,nan,nan
6358495,7.5,10,308,1,0,308,20,42.0,0.06493506493506493,0.0,0.0,2.9025974025974026,nan,nan
6422329,7.5,10,269,1,0,269,4,134.5,0.01486988847583643,0.0,0.0,3.153531598513011,nan,nan
6547817,7.5,10,320,1,1,288,17,45.473684210526315,0.059027777777777776,0.0,0.0,3.2645833333333334,nan,nan
6547822,7.5,10,341,4,3,218,10,36.333333333333336,0.045871559633027525,0.0,0.0,5.047247706422018,nan,nan
6756778,7.5,10,498,1,1,457,13,91.4,0.028446389496717725,0.0,0.0,3.12472647702407,nan,nan
6896919,7.5,10,619,2,1,564,38,40.285714285714285,0.0673758865248227,0.0,0.0,3.1528368794326243,nan,nan
6920600,7.5,10,225,1,0,225,17,35.526315789473685,0.07555555555555556,0.0,0.0,7.022222222222222,nan,nan
6922501,7.5,10,273,1,1,239,25,30.51063829787234,0.10460251046025104,0.0,0.06666666666666667,4.968619246861925,nan,nan
6922622,7.5,10,453,1,0,453,28,45.3,0.06181015452538632,0.0,0.0,3.7852097130242828,nan,nan
6941418,7.5,10,282,2,1,251,12,47.0625,0.04780876494023904,0.0,0.0,3.618326693227092,nan,nan
6984632,7.5,10,617,2,1,578,72,29.389830508474578,0.1245674740484429,0.016666666666666666,0.07692307692307693,3.4570934256055366,nan,nan
7555066,7.5,10,339,1,0,339,20,56.5,0.058997050147492625,0.0,0.1111111111111111,3.1976401179941,nan,nan
7557391,7.5,10,302,1,0,302,40,21.571428571428573,0.13245033112582782,0.0,0.0,3.552980132450331,nan,nan
7563440,7.5,10,591,1,0,591,47,42.214285714285715,0.07952622673434856,0.0,0.07407407407407407,3.636717428087987,nan,nan
7564587,7.5,10,242,2,1,197,25,23.176470588235293,0.12690355329949238,0.0,0.0625,4.460913705583756,nan,nan
7583768,7.5,10,236,2,2,164,24,17.571428571428573,0.14634146341463414,0.0,0.0,4.490243902439024,nan,nan
7598344,7.5,10,219,1,0,219,26,27.375,0.1187214611872146,0.0,0.06666666666666667,3.2689497716894977,nan,nan
7613495,7.5,10,612,1,0,612,34,59.225806451612904,0.05555555555555555,0.0,0.045454545454545456,3.1447712418300653,nan,nan
7613518,7.5,10,285,2,2,214,21,29.86046511627907,0.09813084112149532,0.0,0.09090909090909091,4.68785046728972,nan,nan
7613731,7.5,10,271,1,1,233,13,66.57142857142857,0.055793991416309016,0.0,0.5,3.686266094420601,nan,nan
7691124,7.5,10,255,3,2,178,22,19.071428571428573,0.12359550561797752,0.0,0.0,6.424719101123595,nan,nan
7691163,7.5,10,301,2,1,267,30,27.620689655172413,0.11235955056179775,0.0,0.058823529411764705,3.5329588014981272,nan,nan
7691232,7.5,10,601,1,0,601,83,22.25925925925926,0.13810316139767054,0.0,0.013888888888888888,3.2622296173044925,nan,nan
7691423,7.5,10,303,2,1,260,33,21.08108108108108,0.12692307692307692,0.0,0.0,5.7446153846153845,nan,nan
7691435,7.5,10,343,1,0,343,23,50.19512195121951,0.06705539358600583,0.0,0.09090909090909091,3.878425655976676,nan,nan
7691520,7.5,10,608,2,1,552,22,63.69230769230769,0.03985507246376811,0.0,0.0,3.627173913043478,nan,nan
7691542,7.5,10,368,2,1,306,23,39.06382978723404,0.07516339869281045,0.0,0.07692307692307693,4.584313725490196,nan,nan
7691885,7.5,10,251,2,1,208,25,24.470588235294116,0.1201923076923077,0.0,0.06666666666666667,5.418749999999999,nan,nan
7691909,7.5,10,624,2,1,586,54,35.515151515151516,0.09215017064846416,0.0,0.06060606060606061,3.7786689419795225,nan,nan
7795968,7.5,10,252,1,1,195,14,50.869565217391305,0.07179487179487179,0.0,0.5,4.956923076923077,nan,nan
7797310,7.5,10,601,1,0,601,63,27.73846153846154,0.1048252911813644,0.0,0.0,5.320133111480866,nan,nan
7799046,7.5,10,454,1,0,454,33,43.23809523809524,0.07268722466960352,0.0,0.043478260869565216,3.387444933920705,nan,nan
7799135,7.5,10,329,1,0,329,19,47.0,0.057750759878419454,0.0,0.0,3.530699088145896,nan,nan
7799180,7.5,10,645,4,3,515,33,37.68292682926829,0.06407766990291262,0.0,0.0,3.4916504854368933,nan,nan
7799209,7.5,10,525,1,0,525,36,45.65217391304348,0.06857142857142857,0.0,0.038461538461538464,3.3944761904761904,nan,nan
7799211,7.5,10,232,3,2,155,21,17.22222222222222,0.13548387096774195,0.0,0.0,8.536774193548387,nan,nan
7799420,7.5,10,317,1,1,286,17,45.1578947368421,0.05944055944055944,0.0,0.0,5.891608391608392,nan,nan
7799507,7.5,10,310,3,2,196,49,10.690909090909091,0.25,0.0,0.0,8.581122448979592,nan,nan
7852277,7.5,10,247,1,1,202,15,35.64705882352941,0.07425742574257425,0.0,0.0,3.7534653465346537,nan,nan
7852403,7.5,10,290,1,0,290,20,47.027027027027025,0.06896551724137931,0.0,0.1,3.1679310344827587,nan,nan
7852411,7.5,10,607,3,2,521,57,24.80952380952381,0.10940499040307101,0.0,0.0,3.6276391554702494,nan,nan
7852420,7.5,10,606,2,1,562,51,32.737864077669904,0.09074733096085409,0.0,0.023809523809523808,3.469572953736655,nan,nan
7852422,7.5,10,216,1,0,216,25,28.17391304347826,0.11574074074074074,0.0,0.07142857142857142,3.6773148148148147,nan,nan
7852445,7.5,10,307,1,0,307,21,40.04347826086956,0.06840390879478828,0.0,0.0,3.663843648208469,nan,nan
7852451,7.5,10,314,2,1,261,15,41.21052631578947,0.05747126436781609,0.0,0.0,3.9191570881226054,nan,nan
8354596,7.5,10,385,1,0,385,75,15.0,0.19480519480519481,0.0,0.0,4.8797402597402595,nan,nan
10752853,10.0,2,615,2,1,565,73,21.73076923076923,0.12920353982300886,0.0,0.045454545454545456,3.9385840707964603,nan,nan
10752864,10.0,2,232,2,1,187,18,27.365853658536587,0.0962566844919786,0.0,0.8,3.5545454545454547,nan,nan
10752951,10.0,2,610,1,0,610,72,32.389380530973455,0.1180327868852459,0.0,0.8181818181818182,3.2216393442622953,nan,nan
10892045,10.0,2,323,2,1,282,22,36.78260869565217,0.07801418439716312,0.0,0.8,3.376950354609929,nan,nan
10934834,10.0,2,242,1,0,242,10,69.14285714285714,0.04132231404958678,0.0,1.0,3.2152892561983473,nan,nan
10934933,10.0,2,423,1,0,423,25,66.78947368421052,0.0591016548463357,0.0,1.0,3.132860520094563,nan,nan
10935081,10.0,2,278,1,0,278,18,55.6,0.06474820143884892,0.0,1.0,3.3111510791366907,nan,nan
10935136,10.0,2,308,1,1,261,19,55.92857142857143,0.07279693486590039,0.1,1.0,6.041379310344827,nan,nan
10935148,10.0,2,237,2,3,66,2,33.0,0.030303030303030304,0.0,0.0,12.783333333333333,nan,nan
10935358,10.0,2,636,4,3,506,41,34.1123595505618,0.08102766798418973,0.0,1.0,5.316600790513833,nan,nan
10935638,10.0,2,228,1,0,228,2,152.0,0.008771929824561403,0.0,1.0,3.050438596491228,nan,nan
10935844,10.0,2,607,1,0,607,75,39.16129032258065,0.12355848434925865,0.08695652173913043,1.0,4.538714991762768,nan,nan
10969051,10.0,2,601,1,0,601,67,37.175257731958766,0.11148086522462562,0.0,0.75,4.5630615640599,nan,nan
11058912,10.0,2,601,1,0,601,54,57.23809523809524,0.08985024958402663,0.4,1.0,6.375873544093178,nan,nan
11071635,10.0,2,423,2,1,377,30,41.888888888888886,0.07957559681697612,0.0,0.8,4.872679045092839,nan,nan
11071677,10.0,2,459,2,1,406,34,42.73684210526316,0.08374384236453201,0.0,1.0,3.503940886699507,nan,nan
11071727,10.0,2,411,1,0,411,34,44.836363636363636,0.0827250608272506,0.06896551724137931,1.0,3.326520681265207,nan,nan
11071733,10.0,2,257,1,0,257,27,30.84,0.10505836575875487,0.0,1.0,4.186381322957199,nan,nan
11071965,10.0,2,535,3,2,448,35,42.0,0.078125,0.0,1.0,5.753125,nan,nan
11092058,10.0,2,446,1,1,399,31,52.04347826086956,0.07769423558897243,0.0,1.0,4.042606516290727,nan,nan
11092072,10.0,2,247,1,0,247,14,59.28,0.05668016194331984,0.0,1.0,3.6331983805668013,nan,nan
4300268,10.0,2,961,5,4,431,24,42.39344262295082,0.05568445475638051,0.0,0.8333333333333334,6.7668213457076565,nan,nan
4303167,10.0,2,610,3,2,518,48,35.31818181818182,0.09266409266409266,0.0,0.875,5.598455598455598,nan,nan
4303201,10.0,2,600,1,0,600,39,51.42857142857143,0.065,0.0,1.0,4.113666666666666,nan,nan
4326816,10.0,2,606,4,4,446,31,39.35294117647059,0.06950672645739911,0.03333333333333333,1.0,7.77645739910314,nan,nan
4453473,10.0,2,610,3,2,512,49,30.415841584158414,0.095703125,0.02127659574468085,0.8461538461538461,6.767578125,nan,nan
4636267,10.0,2,624,4,3,474,44,31.252747252747252,0.09282700421940929,0.0,1.0,4.696835443037975,nan,nan
4652239,10.0,2,601,4,4,432,44,28.17391304347826,0.10185185185185185,0.0,1.0,6.66574074074074,nan,nan
4660369,10.0,2,640,3,2,523,41,42.4054054054054,0.07839388145315487,0.0625,1.0,4.6063097514340345,nan,nan
4748312,10.0,2,624,5,4,435,16,53.265306122448976,0.0367816091954023,0.0,0.8,4.725287356321839,nan,nan
4748313,10.0,2,770,3,2,465,54,31.348314606741575,0.11612903225806452,0.02127659574468085,0.875,5.778279569892473,nan,nan
4779685,10.0,2,669,5,4,405,25,35.73529411764706,0.06172839506172839,0.045454545454545456,1.0,8.124444444444444,nan,nan
4792372,10.0,2,609,3,3,455,32,45.5,0.07032967032967033,0.0,1.0,4.028791208791208,nan,nan
4793806,10.0,2,609,4,3,441,48,28.76086956521739,0.10884353741496598,0.0,0.8888888888888888,5.1834467120181404,nan,nan
4798549,10.0,2,661,5,4,447,49,27.09090909090909,0.10961968680089486,0.044444444444444446,0.5384615384615384,4.545190156599553,nan,nan
4944723,10.0,2,650,5,5,292,24,27.80952380952381,0.0821917808219178,0.0,1.0,5.510616438356164,nan,nan
4981908,10.0,2,251,1,0,251,20,38.61538461538461,0.0796812749003984,0.058823529411764705,1.0,3.898406374501992,nan,nan
5084249,10.0,2,600,1,0,600,31,65.45454545454545,0.051666666666666666,0.034482758620689655,0.8333333333333334,3.658333333333333,nan,nan
5133027,10.0,2,628,4,4,395,30,38.85245901639344,0.0759493670886076,0.0,0.6666666666666666,7.20126582278481,nan,nan
5285957,10.0,2,387,1,0,387,18,70.36363636363636,0.046511627906976744,0.0,1.0,3.599224806201551,nan,nan
5286334,10.0,2,342,1,0,342,43,33.63934426229508,0.12573099415204678,0.03225806451612903,1.0,4.380116959064328,nan,nan
5395622,10.0,2,231,2,1,198,27,23.76,0.13636363636363635,0.0,1.0,4.983333333333333,nan,nan
5538668,10.0,2,617,1,0,617,95,23.28301886792453,0.1539708265802269,0.07462686567164178,0.7727272727272727,3.2768233387358183,nan,nan
5670672,10.0,2,264,3,2,145,8,32.22222222222222,0.05517241379310345,0.0,0.6666666666666666,5.0793103448275865,nan,nan
5729758,10.0,2,253,1,0,253,18,47.4375,0.07114624505928854,0.0,1.0,5.256126482213438,nan,nan
5763820,10.0,2,989,4,5,347,42,31.545454545454547,0.12103746397694524,0.15,0.8571428571428571,5.670317002881844,nan,nan
5917923,10.0,2,272,1,0,272,42,23.652173913043477,0.15441176470588236,0.0,1.0,4.100735294117648,nan,nan
5936666,10.0,2,602,1,0,602,28,78.52173913043478,0.046511627906976744,0.038461538461538464,0.6,3.6219269102990035,nan,nan
6014730,10.0,2,219,1,0,219,21,36.5,0.0958904109589041,0.0,1.0,4.954337899543379,nan,nan
6051512,10.0,2,601,2,1,568,33,50.11764705882353,0.058098591549295774,0.0,0.875,3.5033450704225353,nan,nan
6053686,10.0,2,602,1,0,602,56,43.51807228915663,0.09302325581395349,0.0,1.0,3.0573089700996676,nan,nan
6171971,10.0,2,372,1,0,372,22,51.906976744186046,0.05913978494623656,0.0,0.8,6.804569892473118,nan,nan
6172561,10.0,2,239,1,0,239,19,43.45454545454545,0.0794979079497908,0.0,1.0,4.297071129707113,nan,nan
6357847,10.0,2,716,7,6,358,43,21.058823529411764,0.12011173184357542,0.0,0.9,6.920111731843575,nan,nan
6358495,10.0,2,308,1,0,308,20,54.35294117647059,0.06493506493506493,0.0625,1.0,3.3068181818181817,nan,nan
6422329,10.0,2,269,1,0,269,4,146.72727272727272,0.01486988847583643,0.0,1.0,4.502973977695167,nan,nan
6547817,10.0,2,320,1,1,288,7,123.42857142857143,0.024305555555555556,0.0,1.0,3.361458333333333,nan,nan
6547822,10.0,2,341,4,3,218,9,39.63636363636363,0.04128440366972477,0.0,0.5,5.311467889908258,nan,nan
6756778,10.0,2,498,1,1,457,6,161.2941176470588,0.01312910284463895,0.0,1.0,6.737417943107221,nan,nan
6896919,10.0,2,619,2,1,564,35,52.06153846153846,0.06205673758865248,0.09375,1.0,5.705141843971631,nan,nan
6920600,10.0,2,225,1,0,225,17,48.214285714285715,0.07555555555555556,0.0,1.0,4.248,nan,nan
6922501,10.0,2,273,1,1,239,24,36.76923076923077,0.100418410041841,0.045454545454545456,1.0,3.828033472803347,nan,nan
6922622,10.0,2,453,1,0,453,24,73.45945945945945,0.052980132450331126,0.0,0.6666666666666666,3.4300220750551875,nan,nan
6941418,10.0,2,282,2,1,251,10,60.24,0.0398406374501992,0.0,1.0,4.154581673306772,nan,nan
6984632,10.0,2,617,2,1,578,68,35.03030303030303,0.11764705882352941,0.05660377358490566,1.0,4.383737024221453,nan,nan
7555066,10.0,2,339,1,0,339,18,75.33333333333333,0.05309734513274336,0.07142857142857142,1.0,4.235103244837759,nan,nan
7557391,10.0,2,302,1,0,302,36,28.761904761904763,0.11920529801324503,0.0,1.0,4.98046357615894,nan,nan
7563440,10.0,2,591,1,0,591,46,51.391304347826086,0.077834179357022,0.0,1.0,4.12673434856176,nan,nan
7564587,10.0,2,242,2,1,197,23,26.863636363636363,0.116751269035533,0.0,1.0,4.725380710659898,nan,nan
7583768,10.0,2,236,2,2,164,22,21.866666666666667,0.13414634146341464,0.0,1.0,5.540243902439024,nan,nan
7598344,10.0,2,219,1,0,219,24,33.69230769230769,0.1095890410958904,0.0,1.0,3.4954337899543377,nan,nan
7613495,10.0,2,612,1,0,612,26,74.93877551020408,0.042483660130718956,0.0,1.0,4.171732026143791,nan,nan
7613518,10.0,2,285,2,2,214,21,33.78947368421053,0.09813084112149532,0.18181818181818182,1.0,7.083644859813084,nan,nan
7613731,10.0,2,271,1,1,233,13,77.66666666666667,0.055793991416309016,0.2,1.0,4.524892703862661,nan,nan
7691124,10.0,2,255,3,2,178,17,26.7,0.09550561797752809,0.0,0.75,4.866853932584269,nan,nan
7691163,10.0,2,301,2,1,267,27,32.69387755102041,0.10112359550561797,0.0,1.0,5.035580524344569,nan,nan
7691232,10.0,2,601,1,0,601,78,29.557377049180328,0.129783693843594,0.04838709677419355,1.0,4.803660565723794,nan,nan
7691423,10.0,2,303,2,1,260,26,39.0,0.1,1.0,1.0,5.310384615384615,nan,nan
7691435,10.0,2,343,1,0,343,21,68.6,0.061224489795918366,0.08333333333333333,1.0,5.1935860058309045,nan,nan
7691520,10.0,2,608,2,1,552,12,106.83870967741936,0.021739130434782608,0.0,0.75,5.226811594202898,nan,nan
7691542,10.0,2,368,2,1,306,22,45.9,0.0718954248366013,0.16666666666666666,1.0,4.873529411764705,nan,nan
7691885,10.0,2,251,2,1,208,22,27.733333333333334,0.10576923076923077,0.0,1.0,4.970673076923077,nan,nan
7691909,10.0,2,624,2,1,586,51,39.50561797752809,0.08703071672354949,0.0,0.8888888888888888,3.700853242320819,nan,nan
7795968,10.0,2,252,1,1,195,12,50.869565217391305,0.06153846153846154,0.0,1.0,3.377948717948718,nan,nan
7797310,10.0,2,601,1,0,601,59,35.00970873786408,0.09816971713810316,0.038461538461538464,0.47058823529411764,3.0813643926788687,nan,nan
7799046,10.0,2,454,1,0,454,28,55.59183673469388,0.06167400881057269,0.038461538461538464,1.0,4.569603524229075,nan,nan
7799135,10.0,2,329,1,0,329,17,61.6875,0.05167173252279635,0.0,1.0,3.707598784194529,nan,nan
7799180,10.0,2,645,4,3,515,27,48.28125,0.05242718446601942,0.0,0.7142857142857143,4.119029126213593,nan,nan
7799209,10.0,2,525,1,0,525,28,73.25581395348837,0.05333333333333334,0.04,1.0,4.1516190476190475,nan,nan
7799211,10.0,2,232,3,2,155,18,21.627906976744185,0.11612903225806452,0.0,0.6,5.414193548387097,nan,nan
7799420,10.0,2,317,1,1,286,11,95.33333333333333,0.038461538461538464,0.125,1.0,3.1307692307692307,nan,nan
7799507,10.0,2,310,3,2,196,48,12.51063829787234,0.24489795918367346,0.0,0.8,8.376020408163265,nan,nan
7852277,10.0,2,247,1,1,202,10,57.714285714285715,0.04950495049504951,0.0,1.0,7.888613861386139,nan,nan
7852403,10.0,2,290,1,0,290,18,58.0,0.06206896551724138,0.0,1.0,6.698275862068965,nan,nan
7852411,10.0,2,607,3,2,521,54,34.35164835164835,0.1036468330134357,0.05,1.0,4.0345489443378115,nan,nan
7852420,10.0,2,606,2,1,562,42,46.19178082191781,0.07473309608540925,0.0,0.8571428571428571,4.173665480427046,nan,nan
7852422,10.0,2,216,1,0,216,22,39.27272727272727,0.10185185185185185,0.0,1.0,5.086574074074075,nan,nan
7852445,10.0,2,307,1,0,307,18,54.1764705882353,0.05863192182410423,0.0,1.0,3.7570032573289907,nan,nan
7852451,10.0,2,314,2,1,261,14,52.2,0.05363984674329502,0.0,0.6666666666666666,4.1900383141762445,nan,nan
8354596,10.0,2,385,1,0,385,74,22.21153846153846,0.19220779220779222,0.07142857142857142,1.0,7.642337662337662,nan,nan
10752853,10.0,3,615,2,1,565,73,22.01298701298701,0.12920353982300886,0.0,0.014285714285714285,3.42070796460177,nan,nan
10752864,10.0,3,232,2,1,187,18,28.05,0.0962566844919786,0.0,0.42857142857142855,3.464171122994652,nan,nan
10752951,10.0,3,610,1,0,610,72,32.67857142857143,0.1180327868852459,0.0,0.9,3.225081967213115,nan,nan
10892045,10.0,3,323,2,1,282,22,36.78260869565217,0.07801418439716312,0.0,0.8,3.3297872340425534,nan,nan
10934834,10.0,3,242,1,0,242,10,66.0,0.04132231404958678,0.0,0.6666666666666666,3.0995867768595042,nan,nan
10934933,10.0,3,423,1,0,423,25,66.78947368421052,0.0591016548463357,0.0,1.0,3.7378250591016546,nan,nan
10935081,10.0,3,278,1,0,278,18,55.6,0.06474820143884892,0.0,1.0,5.889928057553957,nan,nan
10935136,10.0,3,308,1,1,261,19,55.92857142857143,0.07279693486590039,0.1,1.0,3.4839080459770115,nan,nan
10935148,10.0,3,237,2,3,66,2,33.0,0.030303030303030304,0.0,0.0,6.822727272727273,nan,nan
10935358,10.0,3,636,4,3,506,41,34.1123595505618,0.08102766798418973,0.0,1.0,3.4276679841897235,nan,nan
10935638,10.0,3,228,1,0,228,2,171.0,0.008771929824561403,0.0,0.0,2.97719298245614,nan,nan
10935844,10.0,3,607,1,0,607,75,39.58695652173913,0.12355848434925865,0.08695652173913043,0.7,3.796210873146623,nan,nan
10969051,10.0,3,601,1,0,601,67,37.175257731958766,0.11148086522462562,0.0,0.75,3.7086522462562397,nan,nan
11058912,10.0,3,601,1,0,601,54,60.1,0.08985024958402663,0.23529411764705882,1.0,4.479034941763727,nan,nan
11071635,10.0,3,423,2,1,377,30,41.888888888888886,0.07957559681697612,0.0,0.8,5.116710875331565,nan,nan
11071677,10.0,3,459,2,1,406,34,42.73684210526316,0.08374384236453201,0.0,1.0,4.325123152709359,nan,nan
11071727,10.0,3,411,1,0,411,34,45.666666666666664,0.0827250608272506,0.03225806451612903,1.0,4.1564476885644766,nan,nan
11071733,10.0,3,257,1,0,257,27,32.125,0.10505836575875487,0.0,0.375,4.174319066147859,nan,nan
11071965,10.0,3,535,3,2,448,35,42.0,0.078125,0.0,1.0,3.9232142857142853,nan,nan
11092058,10.0,3,446,1,1,399,31,52.04347826086956,0.07769423558897243,0.0,1.0,3.7340852130325817,nan,nan
11092072,10.0,3,247,1,0,247,14,59.28,0.05668016194331984,0.0,1.0,8.349797570850203,nan,nan
4300268,10.0,3,961,5,4,431,24,43.1,0.05568445475638051,0.0,0.5714285714285714,8.897447795823666,nan,nan
4303167,10.0,3,610,3,2,518,48,35.31818181818182,0.09266409266409266,0.0,0.875,5.394787644787645,nan,nan
4303201,10.0,3,600,1,0,600,39,54.54545454545455,0.065,0.0,0.625,3.251333333333333,nan,nan
4326816,10.0,3,606,4,4,446,31,40.54545454545455,0.06950672645739911,0.0,0.7142857142857143,6.265695067264574,nan,nan
4453473,10.0,3,610,3,2,512,49,32.0,0.095703125,0.0,0.5333333333333333,4.8248046875,nan,nan
4636267,10.0,3,624,4,3,474,44,32.31818181818182,0.09282700421940929,0.0,1.0,3.8928270042194093,nan,nan
4652239,10.0,3,601,4,4,432,44,29.454545454545453,0.10185185185185185,0.0,0.6363636363636364,5.39212962962963,nan,nan
4660369,10.0,3,640,3,2,523,41,44.19718309859155,0.07839388145315487,0.029411764705882353,0.5555555555555556,6.28565965583174,nan,nan
4748312,10.0,3,624,5,4,435,16,54.375,0.0367816091954023,0.0,0.5,10.01264367816092,nan,nan
4748313,10.0,3,770,3,2,465,54,31.348314606741575,0.11612903225806452,0.02127659574468085,0.875,5.404301075268817,nan,nan
4779685,10.0,3,669,5,4,405,25,37.96875,0.06172839506172839,0.045454545454545456,0.4444444444444444,5.799753086419753,nan,nan
4792372,10.0,3,609,3,3,455,32,46.271186440677965,0.07032967032967033,0.0,0.6666666666666666,5.118681318681318,nan,nan
4793806,10.0,3,609,4,3,441,48,29.076923076923077,0.10884353741496598,0.0,0.7777777777777778,5.210204081632653,nan,nan
4798549,10.0,3,661,5,4,447,49,27.649484536082475,0.10961968680089486,0.021739130434782608,0.5384615384615384,4.665324384787472,nan,nan
4944723,10.0,3,650,5,5,292,24,27.80952380952381,0.0821917808219178,0.0,1.0,6.11541095890411,nan,nan
4981908,10.0,3,251,1,0,251,20,41.833333333333336,0.0796812749003984,0.058823529411764705,1.0,4.008366533864542,nan,nan
5084249,10.0,3,600,1,0,600,31,63.1578947368421,0.051666666666666666,0.034482758620689655,0.625,3.3041666666666667,nan,nan
5133027,10.0,3,628,4,4,395,30,39.5,0.0759493670886076,0.0,0.8,6.355696202531646,nan,nan
5285957,10.0,3,387,1,0,387,18,70.36363636363636,0.046511627906976744,0.0,1.0,3.4860465116279067,nan,nan
5286334,10.0,3,342,1,0,342,43,33.63934426229508,0.12573099415204678,0.03225806451612903,1.0,4.224269005847954,nan,nan
5395622,10.0,3,231,2,1,198,27,23.76,0.13636363636363635,0.0,1.0,4.861111111111111,nan,nan
5538668,10.0,3,617,1,0,617,95,24.516556291390728,0.1539708265802269,0.04225352112676056,0.56,3.7705024311183144,nan,nan
5670672,10.0,3,264,3,2,145,8,33.46153846153846,0.05517241379310345,0.0,0.25,5.927586206896552,nan,nan
5729758,10.0,3,253,1,0,253,18,47.4375,0.07114624505928854,0.0,1.0,4.253754940711462,nan,nan
5763820,10.0,3,989,4,5,347,42,32.53125,0.12103746397694524,0.09523809523809523,0.625,5.709510086455332,nan,nan
5917923,10.0,3,272,1,0,272,42,22.985915492957748,0.15441176470588236,0.0,0.8571428571428571,4.0974264705882355,nan,nan
5936666,10.0,3,602,1,0,602,28,80.26666666666667,0.046511627906976744,0.0,0.6,3.184717607973422,nan,nan
6014730,10.0,3,219,1,0,219,21,34.578947368421055,0.0958904109589041,0.0,0.75,4.7415525114155255,nan,nan
6051512,10.0,3,601,2,1,568,33,50.865671641791046,0.058098591549295774,0.0,0.6,3.427464788732394,nan,nan
6053686,10.0,3,602,1,0,602,56,42.0,0.09302325581395349,0.0,0.875,3.333222591362126,nan,nan
6171971,10.0,3,372,1,0,372,22,51.906976744186046,0.05913978494623656,0.0,0.8,3.475537634408602,nan,nan
6172561,10.0,3,239,1,0,239,19,43.45454545454545,0.0794979079497908,0.0,0.5,7.1146443514644355,nan,nan
6357847,10.0,3,716,7,6,358,43,21.48,0.12011173184357542,0.0,0.5833333333333334,6.307821229050279,nan,nan
6358495,10.0,3,308,1,0,308,20,56.0,0.06493506493506493,0.0625,1.0,3.212012987012987,nan,nan
6422329,10.0,3,269,1,0,269,4,146.72727272727272,0.01486988847583643,0.0,1.0,5.014869888475836,nan,nan
6547817,10.0,3,320,1,1,288,7,123.42857142857143,0.024305555555555556,0.0,1.0,3.3229166666666665,nan,nan
6547822,10.0,3,341,4,3,218,9,40.875,0.04128440366972477,0.0,0.2,5.013302752293578,nan,nan
6756778,10.0,3,498,1,1,457,6,171.375,0.01312910284463895,0.0,0.3333333333333333,3.073304157549234,nan,nan
6896919,10.0,3,619,2,1,564,35,52.06153846153846,0.06205673758865248,0.0,0.7142857142857143,4.1200354609929075,nan,nan
6920600,10.0,3,225,1,0,225,17,48.214285714285715,0.07555555555555556,0.0,1.0,4.292888888888889,nan,nan
6922501,10.0,3,273,1,1,239,24,36.76923076923077,0.100418410041841,0.0,1.0,4.70836820083682,nan,nan
6922622,10.0,3,453,1,0,453,24,75.5,0.052980132450331126,0.0,0.6666666666666666,3.2973509933774836,nan,nan
6941418,10.0,3,282,2,1,251,10,60.24,0.0398406374501992,0.0,1.0,4.1051792828685265,nan,nan
6984632,10.0,3,617,2,1,578,68,35.75257731958763,0.11764705882352941,0.017857142857142856,0.6363636363636364,5.240830449826989,nan,nan
7555066,10.0,3,339,1,0,339,18,75.33333333333333,0.05309734513274336,0.07142857142857142,1.0,3.6050147492625366,nan,nan
7557391,10.0,3,302,1,0,302,36,30.2,0.11920529801324503,0.0,1.0,5.004966887417218,nan,nan
7563440,10.0,3,591,1,0,591,46,48.57534246575342,0.077834179357022,0.0,1.0,5.24585448392555,nan,nan
7564587,10.0,3,242,2,1,197,23,26.863636363636363,0.116751269035533,0.0,1.0,4.512182741116751,nan,nan
7583768,10.0,3,236,2,2,164,22,22.363636363636363,0.13414634146341464,0.0,0.5,4.849390243902438,nan,nan
7598344,10.0,3,219,1,0,219,24,32.048780487804876,0.1095890410958904,0.0,0.6,5.2146118721461185,nan,nan
7613495,10.0,3,612,1,0,612,26,78.12765957446808,0.042483660130718956,0.0,0.6666666666666666,3.4142156862745097,nan,nan
7613518,10.0,3,285,2,2,214,21,33.78947368421053,0.09813084112149532,0.18181818181818182,1.0,6.293457943925233,nan,nan
7613731,10.0,3,271,1,1,233,13,77.66666666666667,0.055793991416309016,0.2,1.0,3.194849785407725,nan,nan
7691124,10.0,3,255,3,2,178,17,26.7,0.09550561797752809,0.0,0.75,9.173595505617978,nan,nan
7691163,10.0,3,301,2,1,267,27,37.25581395348837,0.10112359550561797,0.05263157894736842,0.5,6.705617977528091,nan,nan
7691232,10.0,3,601,1,0,601,78,30.82051282051282,0.129783693843594,0.04838709677419355,0.7692307692307693,3.92495840266223,nan,nan
7691423,10.0,3,303,2,1,260,26,30.0,0.1,0.0,1.0,5.6826923076923075,nan,nan
7691435,10.0,3,343,1,0,343,21,70.96551724137932,0.061224489795918366,0.08333333333333333,0.5,3.4690962099125366,nan,nan
7691520,10.0,3,608,2,1,552,12,114.20689655172414,0.021739130434782608,0.0,0.5,3.6157608695652175,nan,nan
7691542,10.0,3,368,2,1,306,22,45.9,0.0718954248366013,0.16666666666666666,1.0,4.405555555555555,nan,nan
7691885,10.0,3,251,2,1,208,22,28.363636363636363,0.10576923076923077,0.0,0.6,5.992307692307692,nan,nan
7691909,10.0,3,624,2,1,586,51,42.8780487804878,0.08703071672354949,0.0,0.8571428571428571,3.3639931740614335,nan,nan
7795968,10.0,3,252,1,1,195,12,50.869565217391305,0.06153846153846154,0.0,1.0,3.4461538461538463,nan,nan
7797310,10.0,3,601,1,0,601,59,37.5625,0.09816971713810316,0.038461538461538464,0.5,6.468386023294509,nan,nan
7799046,10.0,3,454,1,0,454,28,56.75,0.06167400881057269,0.0,1.0,7.903744493392071,nan,nan
7799135,10.0,3,329,1,0,329,17,61.6875,0.05167173252279635,0.0,1.0,4.757446808510639,nan,nan
7799180,10.0,3,645,4,3,515,27,51.5,0.05242718446601942,0.0,0.5714285714285714,5.263883495145631,nan,nan
7799209,10.0,3,525,1,0,525,28,73.25581395348837,0.05333333333333334,0.04,1.0,4.588952380952381,nan,nan
7799211,10.0,3,232,3,2,155,18,21.627906976744185,0.11612903225806452,0.0,0.6,7.392258064516128,nan,nan
7799420,10.0,3,317,1,1,286,11,95.33333333333333,0.038461538461538464,0.125,1.0,4.548601398601399,nan,nan
7799507,10.0,3,310,3,2,196,48,12.51063829787234,0.24489795918367346,0.0,0.8,6.246938775510205,nan,nan
7852277,10.0,3,247,1,1,202,10,57.714285714285715,0.04950495049504951,0.0,1.0,12.346534653465346,nan,nan
7852403,10.0,3,290,1,0,290,18,82.85714285714286,0.06206896551724138,0.2,0.6666666666666666,8.454137931034483,nan,nan
7852411,10.0,3,607,3,2,521,54,35.12359550561798,0.1036468330134357,0.05,0.8,4.723032629558541,nan,nan
7852420,10.0,3,606,2,1,562,42,47.49295774647887,0.07473309608540925,0.0,0.7142857142857143,7.466548042704626,nan,nan
7852422,10.0,3,216,1,0,216,22,39.27272727272727,0.10185185185185185,0.0,1.0,8.069444444444445,nan,nan
7852445,10.0,3,307,1,0,307,18,54.1764705882353,0.05863192182410423,0.0,1.0,4.051791530944626,nan,nan
7852451,10.0,3,314,2,1,261,14,52.2,0.05363984674329502,0.0,0.6666666666666666,4.671264367816092,nan,nan
8354596,10.0,3,385,1,0,385,74,22.647058823529413,0.19220779220779222,0.03333333333333333,0.8888888888888888,3.7532467532467533,nan,nan
10752853,10.0,4,615,2,1,565,73,22.01298701298701,0.12920353982300886,0.0,0.0,2.9302654867256637,nan,nan
10752864,10.0,4,232,2,1,187,18,28.05,0.0962566844919786,0.0,0.2222222222222222,3.213903743315508,nan,nan
10752951,10.0,4,610,1,0,610,72,32.972972972972975,0.1180327868852459,0.0,0.4666666666666667,3.07672131147541,nan,nan
10892045,10.0,4,323,2,1,282,22,36.78260869565217,0.07801418439716312,0.0,0.8,4.256028368794326,nan,nan
10934834,10.0,4,242,1,0,242,10,66.0,0.04132231404958678,0.0,0.6666666666666666,3.1334710743801653,nan,nan
10934933,10.0,4,423,1,0,423,25,66.78947368421052,0.0591016548463357,0.0,1.0,3.0633569739952717,nan,nan
10935081,10.0,4,278,1,0,278,18,55.6,0.06474820143884892,0.0,1.0,3.156474820143885,nan,nan
10935136,10.0,4,308,1,1,261,19,60.23076923076923,0.07279693486590039,0.1,0.5,3.2455938697318008,nan,nan
10935148,10.0,4,237,2,3,66,2,33.0,0.030303030303030304,0.0,0.0,7.518181818181818,nan,nan
10935358,10.0,4,636,4,3,506,41,34.89655172413793,0.08102766798418973,0.0,0.5833333333333334,5.07806324110672,nan,nan
10935638,10.0,4,228,1,0,228,2,171.0,0.008771929824561403,0.0,0.0,4.258771929824562,nan,nan
10935844,10.0,4,607,1,0,607,75,39.16129032258065,0.12355848434925865,0.061224489795918366,1.0,3.9635914332784186,nan,nan
10969051,10.0,4,601,1,0,601,67,37.175257731958766,0.11148086522462562,0.0,0.75,5.739434276206323,nan,nan
11058912,10.0,4,601,1,0,601,54,60.1,0.08985024958402663,0.15,1.0,4.840266222961731,nan,nan
11071635,10.0,4,423,2,1,377,30,41.888888888888886,0.07957559681697612,0.0,0.8,4.590450928381963,nan,nan
11071677,10.0,4,459,2,1,406,34,39.9344262295082,0.08374384236453201,0.0,1.0,4.005418719211823,nan,nan
11071727,10.0,4,411,1,0,411,34,48.35294117647059,0.0827250608272506,0.03333333333333333,0.6,4.021167883211679,nan,nan
11071733,10.0,4,257,1,0,257,27,32.125,0.10505836575875487,0.0,0.375,7.65408560311284,nan,nan
11071965,10.0,4,535,3,2,448,35,42.0,0.078125,0.0,1.0,3.6140624999999997,nan,nan
11092058,10.0,4,446,1,1,399,31,52.04347826086956,0.07769423558897243,0.0,1.0,3.3894736842105266,nan,nan
11092072,10.0,4,247,1,0,247,14,59.28,0.05668016194331984,0.0,1.0,3.3396761133603237,nan,nan
4300268,10.0,4,961,5,4,431,24,43.1,0.05568445475638051,0.0,0.5714285714285714,6.581670533642691,nan,nan
4303167,10.0,4,610,3,2,518,48,35.31818181818182,0.09266409266409266,0.0,0.6,5.766795366795367,nan,nan
4303201,10.0,4,600,1,0,600,39,54.54545454545455,0.065,0.0,0.36363636363636365,4.157833333333333,nan,nan
4326816,10.0,4,606,4,4,446,31,40.54545454545455,0.06950672645739911,0.0,0.4444444444444444,5.731390134529147,nan,nan
4453473,10.0,4,610,3,2,512,49,32.680851063829785,0.095703125,0.0,0.3157894736842105,4.4919921875,nan,nan
4636267,10.0,4,624,4,3,474,44,33.45882352941177,0.09282700421940929,0.0,0.4166666666666667,4.584810126582278,nan,nan
4652239,10.0,4,601,4,4,432,44,29.454545454545453,0.10185185185185185,0.0,0.46153846153846156,7.203240740740741,nan,nan
4660369,10.0,4,640,3,2,523,41,44.19718309859155,0.07839388145315487,0.029411764705882353,0.5555555555555556,4.595219885277247,nan,nan
4748312,10.0,4,624,5,4,435,16,54.375,0.0367816091954023,0.0,0.25,5.003908045977011,nan,nan
4748313,10.0,4,770,3,2,465,54,31.0,0.11612903225806452,0.02127659574468085,0.7777777777777778,5.865376344086021,nan,nan
4779685,10.0,4,669,5,4,405,25,38.57142857142857,0.06172839506172839,0.0,0.25,6.878518518518519,nan,nan
4792372,10.0,4,609,3,3,455,32,46.271186440677965,0.07032967032967033,0.0,0.6666666666666666,4.457802197802198,nan,nan
4793806,10.0,4,609,4,3,441,48,29.076923076923077,0.10884353741496598,0.0,0.7777777777777778,4.8612244897959185,nan,nan
4798549,10.0,4,661,5,4,447,49,27.649484536082475,0.10961968680089486,0.021739130434782608,0.4,4.28255033557047,nan,nan
4944723,10.0,4,650,5,5,292,24,27.80952380952381,0.0821917808219178,0.0,0.14285714285714285,5.107876712328767,nan,nan
4981908,10.0,4,251,1,0,251,20,41.833333333333336,0.0796812749003984,0.0,1.0,4.3804780876494025,nan,nan
5084249,10.0,4,600,1,0,600,31,65.45454545454545,0.051666666666666666,0.0,0.8333333333333334,3.947833333333333,nan,nan
5133027,10.0,4,628,4,4,395,30,39.5,0.0759493670886076,0.0,0.8,5.7906329113924055,nan,nan
5285957,10.0,4,387,1,0,387,18,70.36363636363636,0.046511627906976744,0.0,1.0,3.835142118863049,nan,nan
5286334,10.0,4,342,1,0,342,43,35.37931034482759,0.12573099415204678,0.03225806451612903,0.8333333333333334,4.137134502923977,nan,nan
5395622,10.0,4,231,2,1,198,27,23.76,0.13636363636363635,0.0,1.0,4.713636363636364,nan,nan
5538668,10.0,4,617,1,0,617,95,24.845637583892618,0.1539708265802269,0.04225352112676056,0.5,3.211183144246353,nan,nan
5670672,10.0,4,264,3,2,145,8,33.46153846153846,0.05517241379310345,0.0,0.25,3.816551724137931,nan,nan
5729758,10.0,4,253,1,0,253,18,47.4375,0.07114624505928854,0.0,1.0,4.808695652173912,nan,nan
5763820,10.0,4,989,4,5,347,42,32.53125,0.12103746397694524,0.041666666666666664,0.625,7.571469740634006,nan,nan
5917923,10.0,4,272,1,0,272,42,22.985915492957748,0.15441176470588236,0.0,0.75,4.086029411764706,nan,nan
5936666,10.0,4,602,1,0,602,28,80.26666666666667,0.046511627906976744,0.0,0.6,3.5998338870431894,nan,nan
6014730,10.0,4,219,1,0,219,21,34.578947368421055,0.0958904109589041,0.0,0.75,6.279452054794521,nan,nan
6051512,10.0,4,601,2,1,568,33,53.25,0.058098591549295774,0.0,0.3076923076923077,3.5714788732394362,nan,nan
6053686,10.0,4,602,1,0,602,56,42.49411764705882,0.09302325581395349,0.0,0.6,4.08156146179402,nan,nan
6171971,10.0,4,372,1,0,372,22,54.4390243902439,0.05913978494623656,0.0,0.5,7.795698924731183,nan,nan
6172561,10.0,4,239,1,0,239,19,43.45454545454545,0.0794979079497908,0.0,0.5,8.597907949790795,nan,nan
6357847,10.0,4,716,7,6,358,43,21.48,0.12011173184357542,0.0,0.42857142857142855,14.80558659217877,nan,nan
6358495,10.0,4,308,1,0,308,20,52.8,0.06493506493506493,0.0,1.0,7.202272727272728,nan,nan
6422329,10.0,4,269,1,0,269,4,146.72727272727272,0.01486988847583643,0.0,1.0,4.727509293680297,nan,nan
6547817,10.0,4,320,1,1,288,7,101.6470588235294,0.024305555555555556,0.0,0.3333333333333333,6.337847222222222,nan,nan
6547822,10.0,4,341,4,3,218,9,40.875,0.04128440366972477,0.0,0.2,6.121559633027523,nan,nan
6756778,10.0,4,498,1,1,457,6,182.8,0.01312910284463895,0.0,0.5,3.042450765864333,nan,nan
6896919,10.0,4,619,2,1,564,35,52.06153846153846,0.06205673758865248,0.0,0.7142857142857143,3.697340425531915,nan,nan
6920600,10.0,4,225,1,0,225,17,48.214285714285715,0.07555555555555556,0.0,1.0,4.571111111111111,nan,nan
6922501,10.0,4,273,1,1,239,24,36.76923076923077,0.100418410041841,0.0,1.0,9.159832635983262,nan,nan
6922622,10.0,4,453,1,0,453,24,73.45945945945945,0.052980132450331126,0.0,0.6666666666666666,4.960485651214128,nan,nan
6941418,10.0,4,282,2,1,251,10,62.75,0.0398406374501992,0.0,1.0,3.9159362549800796,nan,nan
6984632,10.0,4,617,2,1,578,68,35.75257731958763,0.11764705882352941,0.017857142857142856,0.6363636363636364,4.876989619377163,nan,nan
7555066,10.0,4,339,1,0,339,18,70.13793103448276,0.05309734513274336,0.0,1.0,3.61976401179941,nan,nan
7557391,10.0,4,302,1,0,302,36,31.24137931034483,0.11920529801324503,0.03225806451612903,1.0,3.9178807947019867,nan,nan
7563440,10.0,4,591,1,0,591,46,48.57534246575342,0.077834179357022,0.0,1.0,4.57580372250423,nan,nan
7564587,10.0,4,242,2,1,197,23,27.488372093023255,0.116751269035533,0.0,0.75,4.51015228426396,nan,nan
7583768,10.0,4,236,2,2,164,22,22.363636363636363,0.13414634146341464,0.0,0.25,4.860365853658537,nan,nan
7598344,10.0,4,219,1,0,219,24,32.048780487804876,0.1095890410958904,0.0,0.6,3.9885844748858448,nan,nan
7613495,10.0,4,612,1,0,612,26,79.82608695652173,0.042483660130718956,0.0,0.42857142857142855,3.1524509803921568,nan,nan
7613518,10.0,4,285,2,2,214,21,34.7027027027027,0.09813084112149532,0.2,0.5,5.576168224299066,nan,nan
7613731,10.0,4,271,1,1,233,13,77.66666666666667,0.055793991416309016,0.2,1.0,4.569527896995709,nan,nan
7691124,10.0,4,255,3,2,178,17,26.7,0.09550561797752809,0.0,0.3333333333333333,6.058988764044944,nan,nan
7691163,10.0,4,301,2,1,267,27,33.375,0.10112359550561797,0.0,0.5,4.72434456928839,nan,nan
7691232,10.0,4,601,1,0,601,78,30.82051282051282,0.129783693843594,0.04838709677419355,0.5625,4.749916805324459,nan,nan
7691423,10.0,4,303,2,1,260,26,30.58823529411765,0.1,0.0,0.3333333333333333,4.598846153846154,nan,nan
7691435,10.0,4,343,1,0,343,21,70.96551724137932,0.061224489795918366,0.08333333333333333,0.5,3.62332361516035,nan,nan
7691520,10.0,4,608,2,1,552,12,110.4,0.021739130434782608,0.0,0.4,4.019202898550724,nan,nan
7691542,10.0,4,368,2,1,306,22,49.62162162162162,0.0718954248366013,0.16666666666666666,0.75,4.371895424836601,nan,nan
7691885,10.0,4,251,2,1,208,22,28.363636363636363,0.10576923076923077,0.0,0.6,4.9423076923076925,nan,nan
7691909,10.0,4,624,2,1,586,51,41.36470588235294,0.08703071672354949,0.0,0.875,5.79556313993174,nan,nan
7795968,10.0,4,252,1,1,195,12,50.869565217391305,0.06153846153846154,0.0,0.25,4.098461538461539,nan,nan
7797310,10.0,4,601,1,0,601,59,37.5625,0.09816971713810316,0.01818181818181818,0.35294117647058826,4.201497504159733,nan,nan
7799046,10.0,4,454,1,0,454,28,56.75,0.06167400881057269,0.0,1.0,3.0614537444933925,nan,nan
7799135,10.0,4,329,1,0,329,17,61.6875,0.05167173252279635,0.0,1.0,4.270212765957447,nan,nan
7799180,10.0,4,645,4,3,515,27,49.83870967741935,0.05242718446601942,0.0,0.5,5.006019417475728,nan,nan
7799209,10.0,4,525,1,0,525,28,73.25581395348837,0.05333333333333334,0.0,1.0,4.761142857142857,nan,nan
7799211,10.0,4,232,3,2,155,18,21.627906976744185,0.11612903225806452,0.0,0.6,11.15741935483871,nan,nan
7799420,10.0,4,317,1,1,286,11,95.33333333333333,0.038461538461538464,0.0,1.0,3.7328671328671326,nan,nan
7799507,10.0,4,310,3,2,196,48,14.341463414634147,0.24489795918367346,0.0,0.7142857142857143,13.105612244897959,nan,nan
7852277,10.0,4,247,1,1,202,10,57.714285714285715,0.04950495049504951,0.0,1.0,10.458910891089108,nan,nan
7852403,10.0,4,290,1,0,290,18,69.6,0.06206896551724138,0.3333333333333333,0.6666666666666666,5.3100000000000005,nan,nan
7852411,10.0,4,607,3,2,521,54,34.35164835164835,0.1036468330134357,0.05,0.7272727272727273,3.6566218809980806,nan,nan
7852420,10.0,4,606,2,1,562,42,46.833333333333336,0.07473309608540925,0.0,0.625,4.233274021352313,nan,nan
7852422,10.0,4,216,1,0,216,22,39.27272727272727,0.10185185185185185,0.0,1.0,4.454166666666667,nan,nan
7852445,10.0,4,307,1,0,307,18,54.1764705882353,0.05863192182410423,0.0,1.0,4.097394136807818,nan,nan
7852451,10.0,4,314,2,1,261,14,52.2,0.05363984674329502,0.0,0.6666666666666666,4.599616858237548,nan,nan
8354596,10.0,4,385,1,0,385,74,22.871287128712872,0.19220779220779222,0.03333333333333333,0.7,4.006753246753247,nan,nan
10752853,10.0,5,615,2,1,565,73,22.01298701298701,0.12920353982300886,0.0,0.0,4.587610619469027,nan,nan
10752864,10.0,5,232,2,1,187,18,28.05,0.0962566844919786,0.0,0.08333333333333333,5.147058823529412,nan,nan
10752951,10.0,5,610,1,0,610,72,32.972972972972975,0.1180327868852459,0.0,0.4666666666666667,3.6514754098360656,nan,nan
10892045,10.0,5,323,2,1,282,22,35.25,0.07801418439716312,0.0,0.16666666666666666,3.2808510638297874,nan,nan
10934834,10.0,5,242,1,0,242,10,76.42105263157895,0.04132231404958678,0.0,0.3333333333333333,2.9388429752066116,nan,nan
10934933,10.0,5,423,1,0,423,25,66.78947368421052,0.0591016548463357,0.0,1.0,2.987706855791962,nan,nan
10935081,10.0,5,278,1,0,278,18,52.125,0.06474820143884892,0.0,0.5,3.1176258992805757,nan,nan
10935136,10.0,5,308,1,1,261,19,60.23076923076923,0.07279693486590039,0.1,0.5,3.1,nan,nan
10935148,10.0,5,237,2,3,66,2,33.0,0.030303030303030304,0.0,0.0,6.121212121212121,nan,nan
10935358,10.0,5,636,4,3,506,41,34.5,0.08102766798418973,0.0,0.19047619047619047,4.0600790513834,nan,nan
10935638,10.0,5,228,1,0,228,2,171.0,0.008771929824561403,0.0,0.0,3.0973684210526318,nan,nan
10935844,10.0,5,607,1,0,607,75,39.58695652173913,0.12355848434925865,0.038461538461538464,0.7,3.5762767710049426,nan,nan
10969051,10.0,5,601,1,0,601,67,37.175257731958766,0.11148086522462562,0.0,0.75,3.953743760399334,nan,nan
11058912,10.0,5,601,1,0,601,54,57.23809523809524,0.08985024958402663,0.15789473684210525,0.42857142857142855,3.66089850249584,nan,nan
11071635,10.0,5,423,2,1,377,30,41.888888888888886,0.07957559681697612,0.0,0.8,4.659946949602122,nan,nan
11071677,10.0,5,459,2,1,406,34,42.0,0.08374384236453201,0.0,0.42857142857142855,4.108866995073892,nan,nan
11071727,10.0,5,411,1,0,411,34,45.666666666666664,0.0827250608272506,0.0,1.0,3.4017031630170314,nan,nan
11071733,10.0,5,257,1,0,257,27,32.125,0.10505836575875487,0.0,0.3333333333333333,4.618287937743191,nan,nan
11071965,10.0,5,535,3,2,448,35,40.72727272727273,0.078125,0.0,0.2727272727272727,3.970982142857143,nan,nan
11092058,10.0,5,446,1,1,399,31,50.93617021276596,0.07769423558897243,0.0,0.3333333333333333,3.86140350877193,nan,nan
11092072,10.0,5,247,1,0,247,14,59.28,0.05668016194331984,0.0,0.6666666666666666,3.406477732793522,nan,nan
4300268,10.0,5,961,5,4,431,24,41.70967741935484,0.05568445475638051,0.0,0.15384615384615385,7.3904872389791185,nan,nan
4303167,10.0,5,610,3,2,518,48,34.15384615384615,0.09266409266409266,0.0,0.46153846153846156,6.588223938223938,nan,nan
4303201,10.0,5,600,1,0,600,39,53.73134328358209,0.065,0.0,0.2,3.5875,nan,nan
4326816,10.0,5,606,4,4,446,31,39.940298507462686,0.06950672645739911,0.0,0.23076923076923078,5.273766816143498,nan,nan
4453473,10.0,5,610,3,2,512,49,31.670103092783506,0.095703125,0.0,0.21739130434782608,4.70859375,nan,nan
4636267,10.0,5,624,4,3,474,44,32.689655172413794,0.09282700421940929,0.0,0.35714285714285715,7.902320675105485,nan,nan
4652239,10.0,5,601,4,4,432,44,28.8,0.10185185185185185,0.0,0.21052631578947367,9.016666666666666,nan,nan
4660369,10.0,5,640,3,2,523,41,44.19718309859155,0.07839388145315487,0.029411764705882353,0.3076923076923077,5.454684512428298,nan,nan
4748312,10.0,5,624,5,4,435,16,53.265306122448976,0.0367816091954023,0.0,0.09090909090909091,4.690574712643678,nan,nan
4748313,10.0,5,770,3,2,465,54,30.65934065934066,0.11612903225806452,0.02127659574468085,0.5,4.730322580645161,nan,nan
4779685,10.0,5,669,5,4,405,25,37.96875,0.06172839506172839,0.0,0.13333333333333333,4.610864197530865,nan,nan
4792372,10.0,5,609,3,3,455,32,45.5,0.07032967032967033,0.0,0.3333333333333333,4.923296703296703,nan,nan
4793806,10.0,5,609,4,3,441,48,28.451612903225808,0.10884353741496598,0.0,0.3125,5.0281179138322,nan,nan
4798549,10.0,5,661,5,4,447,49,27.367346938775512,0.10961968680089486,0.0,0.4,4.042058165548099,nan,nan
4944723,10.0,5,650,5,5,292,24,26.953846153846154,0.0821917808219178,0.0,0.05555555555555555,6.021575342465753,nan,nan
4981908,10.0,5,251,1,0,251,20,40.7027027027027,0.0796812749003984,0.0,0.2857142857142857,4.889243027888447,nan,nan
5084249,10.0,5,600,1,0,600,31,63.1578947368421,0.051666666666666666,0.0,0.36363636363636365,3.5930000000000004,nan,nan
5133027,10.0,5,628,4,4,395,30,40.86206896551724,0.0759493670886076,0.0,0.5,4.0858227848101265,nan,nan
5285957,10.0,5,387,1,0,387,18,68.29411764705883,0.046511627906976744,0.0,0.3333333333333333,3.599483204134367,nan,nan
5286334,10.0,5,342,1,0,342,43,35.37931034482759,0.12573099415204678,0.03225806451612903,0.8333333333333334,3.6385964912280704,nan,nan
5395622,10.0,5,231,2,1,198,27,23.294117647058822,0.13636363636363635,0.0,0.42857142857142855,6.171212121212122,nan,nan
5538668,10.0,5,617,1,0,617,95,24.68,0.1539708265802269,0.04225352112676056,0.4,3.981199351701783,nan,nan
5670672,10.0,5,264,3,2,145,8,33.46153846153846,0.05517241379310345,0.0,0.25,5.393103448275862,nan,nan
5729758,10.0,5,253,1,0,253,18,47.4375,0.07114624505928854,0.0,0.3333333333333333,4.0288537549407115,nan,nan
5763820,10.0,5,989,4,5,347,42,32.03076923076923,0.12103746397694524,0.041666666666666664,0.36363636363636365,5.057348703170029,nan,nan
5917923,10.0,5,272,1,0,272,42,22.054054054054053,0.15441176470588236,0.0,0.15789473684210525,4.030882352941177,nan,nan
5936666,10.0,5,602,1,0,602,28,80.26666666666667,0.046511627906976744,0.0,0.6,3.358471760797342,nan,nan
6014730,10.0,5,219,1,0,219,21,35.513513513513516,0.0958904109589041,0.0,0.2857142857142857,4.9031963470319635,nan,nan
6051512,10.0,5,601,2,1,568,33,51.63636363636363,0.058098591549295774,0.0,0.1,4.484859154929578,nan,nan
6053686,10.0,5,602,1,0,602,56,43.0,0.09302325581395349,0.0,0.8571428571428571,5.027906976744187,nan,nan
6171971,10.0,5,372,1,0,372,22,53.142857142857146,0.05913978494623656,0.0,0.2,4.896774193548387,nan,nan
6172561,10.0,5,239,1,0,239,19,43.45454545454545,0.0794979079497908,0.0,0.4,3.3648535564853557,nan,nan
6357847,10.0,5,716,7,6,358,43,21.26732673267327,0.12011173184357542,0.0,0.2,6.990782122905028,nan,nan
6358495,10.0,5,308,1,0,308,20,49.945945945945944,0.06493506493506493,0.0,0.75,3.136038961038961,nan,nan
6422329,10.0,5,269,1,0,269,4,134.5,0.01486988847583643,0.0,0.0,2.9408921933085503,nan,nan
6547817,10.0,5,320,1,1,288,7,108.0,0.024305555555555556,0.0,0.5,8.948611111111111,nan,nan
6547822,10.0,5,341,4,3,218,9,40.875,0.04128440366972477,0.0,0.2,7.13302752293578,nan,nan
6756778,10.0,5,498,1,1,457,6,171.375,0.01312910284463895,0.0,0.0,3.0345733041575493,nan,nan
6896919,10.0,5,619,2,1,564,35,52.875,0.06205673758865248,0.0,0.4,4.0,nan,nan
6920600,10.0,5,225,1,0,225,17,71.05263157894737,0.07555555555555556,0.2,1.0,3.587111111111111,nan,nan
6922501,10.0,5,273,1,1,239,24,36.76923076923077,0.100418410041841,0.0,0.75,4.031380753138075,nan,nan
6922622,10.0,5,453,1,0,453,24,73.45945945945945,0.052980132450331126,0.0,0.6666666666666666,3.325827814569536,nan,nan
6941418,10.0,5,282,2,1,251,10,57.92307692307692,0.0398406374501992,0.0,0.16666666666666666,5.276892430278885,nan,nan
6984632,10.0,5,617,2,1,578,68,35.38775510204081,0.11764705882352941,0.017857142857142856,0.4,3.7721453287197235,nan,nan
7555066,10.0,5,339,1,0,339,18,88.43478260869566,0.05309734513274336,0.125,0.2,3.4233038348082596,nan,nan
7557391,10.0,5,302,1,0,302,36,29.704918032786885,0.11920529801324503,0.0,0.4444444444444444,4.069205298013245,nan,nan
7563440,10.0,5,591,1,0,591,46,48.57534246575342,0.077834179357022,0.0,1.0,3.3705583756345177,nan,nan
7564587,10.0,5,242,2,1,197,23,26.863636363636363,0.116751269035533,0.0,0.5,5.401522842639594,nan,nan
7583768,10.0,5,236,2,2,164,22,22.363636363636363,0.13414634146341464,0.0,0.25,3.7060975609756093,nan,nan
7598344,10.0,5,219,1,0,219,24,32.048780487804876,0.1095890410958904,0.0,0.2857142857142857,4.305022831050228,nan,nan
7613495,10.0,5,612,1,0,612,26,79.82608695652173,0.042483660130718956,0.0,0.375,4.355882352941177,nan,nan
7613518,10.0,5,285,2,2,214,21,31.317073170731707,0.09813084112149532,0.18181818181818182,0.2,4.661682242990654,nan,nan
7613731,10.0,5,271,1,1,233,13,77.66666666666667,0.055793991416309016,0.2,1.0,3.9600858369098715,nan,nan
7691124,10.0,5,255,3,2,178,17,26.048780487804876,0.09550561797752809,0.0,0.1111111111111111,4.656741573033708,nan,nan
7691163,10.0,5,301,2,1,267,27,32.69387755102041,0.10112359550561797,0.0,0.2222222222222222,5.454681647940075,nan,nan
7691232,10.0,5,601,1,0,601,78,25.041666666666668,0.129783693843594,0.030303030303030304,0.05084745762711865,3.4863560732113146,nan,nan
7691423,10.0,5,303,2,1,260,26,30.58823529411765,0.1,0.0,0.3333333333333333,3.8534615384615383,nan,nan
7691435,10.0,5,343,1,0,343,21,70.96551724137932,0.061224489795918366,0.08333333333333333,0.5,3.478425655976676,nan,nan
7691520,10.0,5,608,2,1,552,12,114.20689655172414,0.021739130434782608,0.0,0.14285714285714285,5.702898550724638,nan,nan
7691542,10.0,5,368,2,1,306,22,48.31578947368421,0.0718954248366013,0.0625,0.75,5.268300653594771,nan,nan
7691885,10.0,5,251,2,1,208,22,27.733333333333334,0.10576923076923077,0.0,0.2222222222222222,5.105769230769231,nan,nan
7691909,10.0,5,624,2,1,586,51,40.883720930232556,0.08703071672354949,0.0,0.6363636363636364,3.8339590443686005,nan,nan
7795968,10.0,5,252,1,1,195,12,50.869565217391305,0.06153846153846154,0.0,1.0,3.2348717948717947,nan,nan
7797310,10.0,5,601,1,0,601,59,36.06,0.09816971713810316,0.0,0.15384615384615385,3.087520798668885,nan,nan
7799046,10.0,5,454,1,0,454,28,60.53333333333333,0.06167400881057269,0.0,0.75,3.8918502202643173,nan,nan
7799135,10.0,5,329,1,0,329,17,61.6875,0.05167173252279635,0.0,1.0,3.280243161094225,nan,nan
7799180,10.0,5,645,4,3,515,27,48.28125,0.05242718446601942,0.0,0.13333333333333333,4.8910679611650485,nan,nan
7799209,10.0,5,525,1,0,525,28,71.5909090909091,0.05333333333333334,0.0,0.3333333333333333,3.2954285714285714,nan,nan
7799211,10.0,5,232,3,2,155,18,20.217391304347824,0.11612903225806452,0.0,0.07692307692307693,7.958064516129032,nan,nan
7799420,10.0,5,317,1,1,286,11,95.33333333333333,0.038461538461538464,0.0,1.0,4.326573426573427,nan,nan
7799507,10.0,5,310,3,2,196,48,14.0,0.24489795918367346,0.0,0.5555555555555556,6.606122448979591,nan,nan
7852277,10.0,5,247,1,1,202,10,55.09090909090909,0.04950495049504951,0.0,0.2,4.500990099009901,nan,nan
7852403,10.0,5,290,1,0,290,18,69.6,0.06206896551724138,0.3333333333333333,0.5,5.318620689655173,nan,nan
7852411,10.0,5,607,3,2,521,54,35.12359550561798,0.1036468330134357,0.023255813953488372,0.6363636363636364,4.9656429942418425,nan,nan
7852420,10.0,5,606,2,1,562,42,46.19178082191781,0.07473309608540925,0.0,0.5555555555555556,3.489679715302491,nan,nan
7852422,10.0,5,216,1,0,216,22,39.27272727272727,0.10185185185185185,0.0,1.0,4.113425925925926,nan,nan
7852445,10.0,5,307,1,0,307,18,54.1764705882353,0.05863192182410423,0.0,0.3333333333333333,4.284364820846905,nan,nan
7852451,10.0,5,314,2,1,261,14,52.2,0.05363984674329502,0.0,0.6666666666666666,4.235249042145594,nan,nan
8354596,10.0,5,385,1,0,385,74,22.42718446601942,0.19220779220779222,0.03333333333333333,0.5833333333333334,3.9070129870129873,nan,nan
10752853,10.0,6,615,2,1,565,73,22.01298701298701,0.12920353982300886,0.0,0.0,5.508318584070796,nan,nan
10752864,10.0,6,232,2,1,187,18,28.05,0.0962566844919786,0.0,0.08333333333333333,3.5796791443850267,nan,nan
10752951,10.0,6,610,1,0,610,72,32.389380530973455,0.1180327868852459,0.0,0.3,3.1488524590163935,nan,nan
10892045,10.0,6,323,2,1,282,22,34.53061224489796,0.07801418439716312,0.0,0.0625,3.8390070921985813,nan,nan
10934834,10.0,6,242,1,0,242,10,76.42105263157895,0.04132231404958678,0.0,0.3333333333333333,2.800413223140496,nan,nan
10934933,10.0,6,423,1,0,423,25,65.07692307692308,0.0591016548463357,0.0,0.3333333333333333,2.850354609929078,nan,nan
10935081,10.0,6,278,1,0,278,18,52.125,0.06474820143884892,0.0,0.5,2.933812949640288,nan,nan
10935136,10.0,6,308,1,1,261,19,62.64,0.07279693486590039,0.1,0.16666666666666666,2.9616858237547894,nan,nan
10935148,10.0,6,237,2,3,66,2,33.0,0.030303030303030304,0.0,0.0,5.868181818181818,nan,nan
10935358,10.0,6,636,4,3,506,41,32.297872340425535,0.08102766798418973,0.0,0.029411764705882353,3.9173913043478263,nan,nan
10935638,10.0,6,228,1,0,228,2,171.0,0.008771929824561403,0.0,0.0,2.9438596491228073,nan,nan
10935844,10.0,6,607,1,0,607,75,38.744680851063826,0.12355848434925865,0.017543859649122806,0.7,3.5967051070840195,nan,nan
10969051,10.0,6,601,1,0,601,67,36.42424242424242,0.11148086522462562,0.0,0.38461538461538464,3.5188019966722135,nan,nan
11058912,10.0,6,601,1,0,601,54,58.16129032258065,0.08985024958402663,0.08333333333333333,0.35714285714285715,3.2520798668885194,nan,nan
11071635,10.0,6,423,2,1,377,30,41.888888888888886,0.07957559681697612,0.0,0.8,4.523342175066313,nan,nan
11071677,10.0,6,459,2,1,406,34,42.0,0.08374384236453201,0.0,0.42857142857142855,4.630788177339901,nan,nan
11071727,10.0,6,411,1,0,411,34,44.035714285714285,0.0827250608272506,0.0,0.3333333333333333,3.3888077858880776,nan,nan
11071733,10.0,6,257,1,0,257,27,32.125,0.10505836575875487,0.0,0.18181818181818182,4.819066147859922,nan,nan
11071965,10.0,6,535,3,2,448,35,40.72727272727273,0.078125,0.0,0.2727272727272727,3.6629464285714284,nan,nan
11092058,10.0,6,446,1,1,399,31,50.93617021276596,0.07769423558897243,0.0,0.3333333333333333,3.488721804511278,nan,nan
11092072,10.0,6,247,1,0,247,14,59.28,0.05668016194331984,0.0,0.6666666666666666,3.9744939271255064,nan,nan
4300268,10.0,6,961,5,4,431,24,41.70967741935484,0.05568445475638051,0.0,0.15384615384615385,5.920881670533643,nan,nan
4303167,10.0,6,610,3,2,518,48,34.53333333333333,0.09266409266409266,0.0,0.2222222222222222,6.113706563706564,nan,nan
4303201,10.0,6,600,1,0,600,39,55.38461538461539,0.065,0.0,0.23076923076923078,3.838166666666667,nan,nan
4326816,10.0,6,606,4,4,446,31,38.78260869565217,0.06950672645739911,0.0,0.11764705882352941,5.154484304932736,nan,nan
4453473,10.0,6,610,3,2,512,49,31.03030303030303,0.095703125,0.0,0.1,4.255859375,nan,nan
4636267,10.0,6,624,4,3,474,44,34.265060240963855,0.09282700421940929,0.0,0.45454545454545453,5.751898734177216,nan,nan
4652239,10.0,6,601,4,4,432,44,27.870967741935484,0.10185185185185185,0.0,0.125,4.84675925925926,nan,nan
4660369,10.0,6,640,3,2,523,41,41.28947368421053,0.07839388145315487,0.029411764705882353,0.08333333333333333,4.460611854684513,nan,nan
4748312,10.0,6,624,5,4,435,16,53.265306122448976,0.0367816091954023,0.0,0.09090909090909091,4.348735632183908,nan,nan
4748313,10.0,6,770,3,2,465,54,30.0,0.11612903225806452,0.02127659574468085,0.29411764705882354,4.1950537634408605,nan,nan
4779685,10.0,6,669,5,4,405,25,36.81818181818182,0.06172839506172839,0.0,0.05263157894736842,4.325679012345679,nan,nan
4792372,10.0,6,609,3,3,455,32,45.5,0.07032967032967033,0.0,0.3333333333333333,4.799120879120879,nan,nan
4793806,10.0,6,609,4,3,441,48,26.727272727272727,0.10884353741496598,0.0,0.1111111111111111,4.4662131519274375,nan,nan
4798549,10.0,6,661,5,4,447,49,26.554455445544555,0.10961968680089486,0.0,0.18181818181818182,4.006487695749441,nan,nan
4944723,10.0,6,650,5,5,292,24,26.953846153846154,0.0821917808219178,0.0,0.05555555555555555,3.912328767123288,nan,nan
4981908,10.0,6,251,1,0,251,20,39.63157894736842,0.0796812749003984,0.0,0.2222222222222222,3.512749003984064,nan,nan
5084249,10.0,6,600,1,0,600,31,58.064516129032256,0.051666666666666666,0.0,0.041666666666666664,3.5791666666666666,nan,nan
5133027,10.0,6,628,4,4,395,30,40.86206896551724,0.0759493670886076,0.0,0.5,4.972911392405063,nan,nan
5285957,10.0,6,387,1,0,387,18,72.5625,0.046511627906976744,0.0,0.14285714285714285,5.121963824289406,nan,nan
5286334,10.0,6,342,1,0,342,43,35.37931034482759,0.12573099415204678,0.03225806451612903,0.8333333333333334,4.119298245614035,nan,nan
5395622,10.0,6,231,2,1,198,27,22.846153846153847,0.13636363636363635,0.0,0.18181818181818182,4.312121212121212,nan,nan
5538668,10.0,6,617,1,0,617,95,20.915254237288135,0.1539708265802269,0.012048192771084338,0.024691358024691357,3.8448946515397084,nan,nan
5670672,10.0,6,264,3,2,145,8,31.071428571428573,0.05517241379310345,0.0,0.0,4.748275862068965,nan,nan
5729758,10.0,6,253,1,0,253,18,48.96774193548387,0.07114624505928854,0.0,0.5,3.7292490118577075,nan,nan
5763820,10.0,6,989,4,5,347,42,33.04761904761905,0.12103746397694524,0.041666666666666664,0.23076923076923078,5.30835734870317,nan,nan
5917923,10.0,6,272,1,0,272,42,21.76,0.15441176470588236,0.0,0.08695652173913043,6.886029411764706,nan,nan
5936666,10.0,6,602,1,0,602,28,78.52173913043478,0.046511627906976744,0.0,0.5,4.119601328903655,nan,nan
6014730,10.0,6,219,1,0,219,21,33.69230769230769,0.0958904109589041,0.0,0.25,4.2196347031963475,nan,nan
6051512,10.0,6,601,2,1,568,33,48.0,0.058098591549295774,0.0,0.037037037037037035,3.2656690140845073,nan,nan
6053686,10.0,6,602,1,0,602,56,42.0,0.09302325581395349,0.0,0.45454545454545453,3.4812292358803982,nan,nan
6171971,10.0,6,372,1,0,372,22,55.8,0.05913978494623656,0.0,0.25,3.7833333333333337,nan,nan
6172561,10.0,6,239,1,0,239,19,44.8125,0.0794979079497908,0.0,0.6666666666666666,5.46234309623431,nan,nan
6357847,10.0,6,716,7,6,358,43,22.144329896907216,0.12011173184357542,0.0,0.25,6.031005586592179,nan,nan
6358495,10.0,6,308,1,0,308,20,56.0,0.06493506493506493,0.0,0.6666666666666666,3.6113636363636363,nan,nan
6422329,10.0,6,269,1,0,269,4,134.5,0.01486988847583643,0.0,0.0,2.8475836431226766,nan,nan
6547817,10.0,6,320,1,1,288,7,115.2,0.024305555555555556,0.0,1.0,2.9253472222222223,nan,nan
6547822,10.0,6,341,4,3,218,9,38.470588235294116,0.04128440366972477,0.0,0.0,7.398165137614678,nan,nan
6756778,10.0,6,498,1,1,457,6,171.375,0.01312910284463895,0.0,0.0,2.894091903719912,nan,nan
6896919,10.0,6,619,2,1,564,35,63.84905660377358,0.06205673758865248,0.16666666666666666,0.04,3.3553191489361702,nan,nan
6920600,10.0,6,225,1,0,225,17,46.55172413793103,0.07555555555555556,0.0,1.0,5.006666666666667,nan,nan
6922501,10.0,6,273,1,1,239,24,37.73684210526316,0.100418410041841,0.0,1.0,6.3748953974895395,nan,nan
6922622,10.0,6,453,1,0,453,24,73.45945945945945,0.052980132450331126,0.0,0.6666666666666666,3.6454746136865346,nan,nan
6941418,10.0,6,282,2,1,251,10,53.785714285714285,0.0398406374501992,0.0,0.0,3.6705179282868525,nan,nan
6984632,10.0,6,617,2,1,578,68,36.125,0.11764705882352941,0.01818181818181818,0.3333333333333333,3.447404844290657,nan,nan
7555066,10.0,6,339,1,0,339,18,67.8,0.05309734513274336,0.0,0.2,3.2828908554572274,nan,nan
7557391,10.0,6,302,1,0,302,36,34.18867924528302,0.11920529801324503,0.041666666666666664,0.21428571428571427,3.7887417218543047,nan,nan
7563440,10.0,6,591,1,0,591,46,49.943661971830984,0.077834179357022,0.0,0.625,4.5495769881556685,nan,nan
7564587,10.0,6,242,2,1,197,23,25.695652173913043,0.116751269035533,0.0,0.2,3.7741116751269037,nan,nan
7583768,10.0,6,236,2,2,164,22,21.391304347826086,0.13414634146341464,0.0,0.07692307692307693,4.879268292682927,nan,nan
7598344,10.0,6,219,1,0,219,24,30.558139534883722,0.1095890410958904,0.0,0.07692307692307693,3.831963470319635,nan,nan
7613495,10.0,6,612,1,0,612,26,76.5,0.042483660130718956,0.0,0.15384615384615385,3.4171568627450983,nan,nan
7613518,10.0,6,285,2,2,214,21,31.317073170731707,0.09813084112149532,0.0,0.2857142857142857,4.302803738317757,nan,nan
7613731,10.0,6,271,1,1,233,13,58.25,0.055793991416309016,0.0,1.0,3.0605150214592274,nan,nan
7691124,10.0,6,255,3,2,178,17,26.048780487804876,0.09550561797752809,0.0,0.1111111111111111,6.514044943820225,nan,nan
7691163,10.0,6,301,2,1,267,27,32.69387755102041,0.10112359550561797,0.0,0.2222222222222222,5.170786516853933,nan,nan
7691232,10.0,6,601,1,0,601,78,25.041666666666668,0.129783693843594,0.030303030303030304,0.05,4.038935108153078,nan,nan
7691423,10.0,6,303,2,1,260,26,28.88888888888889,0.1,0.0,0.14285714285714285,4.740769230769231,nan,nan
7691435,10.0,6,343,1,0,343,21,68.6,0.061224489795918366,0.08333333333333333,0.4,3.2644314868804667,nan,nan
7691520,10.0,6,608,2,1,552,12,114.20689655172414,0.021739130434782608,0.0,0.14285714285714285,3.521195652173913,nan,nan
7691542,10.0,6,368,2,1,306,22,40.8,0.0718954248366013,0.0625,0.06666666666666667,3.830718954248366,nan,nan
7691885,10.0,6,251,2,1,208,22,26.5531914893617,0.10576923076923077,0.0,0.07142857142857142,4.255288461538462,nan,nan
7691909,10.0,6,624,2,1,586,51,40.883720930232556,0.08703071672354949,0.0,0.3125,3.373890784982935,nan,nan
7795968,10.0,6,252,1,1,195,12,53.18181818181818,0.06153846153846154,0.0,0.3333333333333333,3.1010256410256414,nan,nan
7797310,10.0,6,601,1,0,601,59,31.356521739130436,0.09816971713810316,0.0,0.02040816326530612,3.485524126455907,nan,nan
7799046,10.0,6,454,1,0,454,28,63.348837209302324,0.06167400881057269,0.047619047619047616,0.2222222222222222,4.498458149779736,nan,nan
7799135,10.0,6,329,1,0,329,17,63.67741935483871,0.05167173252279635,0.0,0.4,3.7969604863221886,nan,nan
7799180,10.0,6,645,4,3,515,27,50.65573770491803,0.05242718446601942,0.0,0.15384615384615385,3.783883495145631,nan,nan
7799209,10.0,6,525,1,0,525,28,71.5909090909091,0.05333333333333334,0.0,0.3333333333333333,3.5824761904761906,nan,nan
7799211,10.0,6,232,3,2,155,18,21.136363636363637,0.11612903225806452,0.0,0.08333333333333333,6.636774193548387,nan,nan
7799420,10.0,6,317,1,1,286,11,95.33333333333333,0.038461538461538464,0.0,1.0,4.011188811188811,nan,nan
7799507,10.0,6,310,3,2,196,48,11.2,0.24489795918367346,0.0,0.023809523809523808,6.104591836734694,nan,nan
7852277,10.0,6,247,1,1,202,10,50.5,0.04950495049504951,0.0,0.0,4.65940594059406,nan,nan
7852403,10.0,6,290,1,0,290,18,64.44444444444444,0.06206896551724138,0.1111111111111111,0.1,4.427931034482758,nan,nan
7852411,10.0,6,607,3,2,521,54,31.897959183673468,0.1036468330134357,0.0,0.4,4.287140115163147,nan,nan
7852420,10.0,6,606,2,1,562,42,44.96,0.07473309608540925,0.0,0.17647058823529413,3.6274021352313164,nan,nan
7852422,10.0,6,216,1,0,216,22,38.11764705882353,0.10185185185185185,0.0,1.0,4.086111111111111,nan,nan
7852445,10.0,6,307,1,0,307,18,54.1764705882353,0.05863192182410423,0.0,0.3333333333333333,3.9009771986970683,nan,nan
7852451,10.0,6,314,2,1,261,14,52.2,0.05363984674329502,0.0,0.6666666666666666,4.166666666666667,nan,nan
8354596,10.0,6,385,1,0,385,74,17.11111111111111,0.19220779220779222,0.015384615384615385,0.05555555555555555,3.5322077922077924,nan,nan
10752853,10.0,7,615,2,1,565,73,22.01298701298701,0.12920353982300886,0.0,0.0,4.9525663716814154,nan,nan
10752864,10.0,7,232,2,1,187,18,28.05,0.0962566844919786,0.0,0.08333333333333333,5.639572192513368,nan,nan
10752951,10.0,7,610,1,0,610,72,31.551724137931036,0.1180327868852459,0.0,0.19230769230769232,3.9062295081967218,nan,nan
10892045,10.0,7,323,2,1,282,22,32.53846153846154,0.07801418439716312,0.0,0.0,3.4109929078014183,nan,nan
10934834,10.0,7,242,1,0,242,10,76.42105263157895,0.04132231404958678,0.0,0.3333333333333333,3.09297520661157,nan,nan
10934933,10.0,7,423,1,0,423,25,65.07692307692308,0.0591016548463357,0.0,0.3333333333333333,3.173758865248227,nan,nan
10935081,10.0,7,278,1,0,278,18,53.806451612903224,0.06474820143884892,0.0,0.16666666666666666,3.3492805755395683,nan,nan
10935136,10.0,7,308,1,1,261,19,62.64,0.07279693486590039,0.1,0.16666666666666666,4.3919540229885055,nan,nan
10935148,10.0,7,237,2,3,66,2,33.0,0.030303030303030304,0.0,0.0,5.3954545454545455,nan,nan
10935358,10.0,7,636,4,3,506,41,32.297872340425535,0.08102766798418973,0.0,0.029411764705882353,4.715810276679841,nan,nan
10935638,10.0,7,228,1,0,228,2,171.0,0.008771929824561403,0.0,0.0,4.042543859649123,nan,nan
10935844,10.0,7,607,1,0,607,75,34.03738317757009,0.12355848434925865,0.017543859649122806,0.12903225806451613,4.252883031301483,nan,nan
10969051,10.0,7,601,1,0,601,67,36.42424242424242,0.11148086522462562,0.0,0.38461538461538464,3.6878535773710484,nan,nan
11058912,10.0,7,601,1,0,601,54,53.029411764705884,0.08985024958402663,0.08333333333333333,0.12,3.2211314475873545,nan,nan
11071635,10.0,7,423,2,1,377,30,41.127272727272725,0.07957559681697612,0.0,0.375,6.33262599469496,nan,nan
11071677,10.0,7,459,2,1,406,34,40.6,0.08374384236453201,0.0,0.3333333333333333,5.261083743842365,nan,nan
11071727,10.0,7,411,1,0,411,34,45.666666666666664,0.0827250608272506,0.0,0.2,3.74014598540146,nan,nan
11071733,10.0,7,257,1,0,257,27,32.125,0.10505836575875487,0.0,0.18181818181818182,5.645525291828794,nan,nan
11071965,10.0,7,535,3,2,448,35,40.11940298507463,0.078125,0.0,0.25,3.827455357142857,nan,nan
11092058,10.0,7,446,1,1,399,31,50.93617021276596,0.07769423558897243,0.0,0.3333333333333333,4.946616541353383,nan,nan
11092072,10.0,7,247,1,0,247,14,59.28,0.05668016194331984,0.0,0.25,5.052631578947368,nan,nan
4300268,10.0,7,961,5,4,431,24,42.39344262295082,0.05568445475638051,0.0,0.06666666666666667,5.088167053364269,nan,nan
4303167,10.0,7,610,3,2,518,48,34.15384615384615,0.09266409266409266,0.0,0.13636363636363635,5.561776061776062,nan,nan
4303201,10.0,7,600,1,0,600,39,52.17391304347826,0.065,0.0,0.1,3.1658333333333335,nan,nan
4326816,10.0,7,606,4,4,446,31,39.940298507462686,0.06950672645739911,0.0,0.125,4.217713004484304,nan,nan
4453473,10.0,7,610,3,2,512,49,32.33684210526316,0.095703125,0.0,0.10714285714285714,4.632421875,nan,nan
4636267,10.0,7,624,4,3,474,44,33.06976744186046,0.09282700421940929,0.0,0.23529411764705882,5.239451476793249,nan,nan
4652239,10.0,7,601,4,4,432,44,27.28421052631579,0.10185185185185185,0.0,0.06896551724137931,4.294212962962963,nan,nan
4660369,10.0,7,640,3,2,523,41,39.225,0.07839388145315487,0.0,0.09090909090909091,3.9990439770554493,nan,nan
4748312,10.0,7,624,5,4,435,16,50.19230769230769,0.0367816091954023,0.0,0.0,3.7282758620689656,nan,nan
4748313,10.0,7,770,3,2,465,54,30.32608695652174,0.11612903225806452,0.02127659574468085,0.3125,5.083655913978495,nan,nan
4779685,10.0,7,669,5,4,405,25,36.81818181818182,0.06172839506172839,0.0,0.05263157894736842,4.3170370370370375,nan,nan
4792372,10.0,7,609,3,3,455,32,51.509433962264154,0.07032967032967033,0.043478260869565216,0.42857142857142855,3.670769230769231,nan,nan
4793806,10.0,7,609,4,3,441,48,26.46,0.10884353741496598,0.0,0.06666666666666667,4.625396825396825,nan,nan
4798549,10.0,7,661,5,4,447,49,26.554455445544555,0.10961968680089486,0.0,0.18181818181818182,4.321700223713647,nan,nan
4944723,10.0,7,650,5,5,292,24,27.375,0.0821917808219178,0.0,0.05555555555555555,4.991438356164384,nan,nan
4981908,10.0,7,251,1,0,251,20,38.61538461538461,0.0796812749003984,0.0,0.08333333333333333,3.8374501992031873,nan,nan
5084249,10.0,7,600,1,0,600,31,66.66666666666667,0.051666666666666666,0.0,0.3,4.3955,nan,nan
5133027,10.0,7,628,4,4,395,30,40.86206896551724,0.0759493670886076,0.0,0.5,4.480759493670886,nan,nan
5285957,10.0,7,387,1,0,387,18,72.5625,0.046511627906976744,0.0,0.14285714285714285,3.3,nan,nan
5286334,10.0,7,342,1,0,342,43,33.63934426229508,0.12573099415204678,0.03225806451612903,0.36363636363636365,3.859941520467836,nan,nan
5395622,10.0,7,231,2,1,198,27,21.6,0.13636363636363635,0.0,0.058823529411764705,4.413131313131313,nan,nan
5538668,10.0,7,617,1,0,617,95,28.045454545454547,0.1539708265802269,0.012048192771084338,0.24,3.512155591572123,nan,nan
5670672,10.0,7,264,3,2,145,8,31.071428571428573,0.05517241379310345,0.0,0.0,4.887586206896552,nan,nan
5729758,10.0,7,253,1,0,253,18,42.166666666666664,0.07114624505928854,0.0,0.08333333333333333,4.659683794466403,nan,nan
5763820,10.0,7,989,4,5,347,42,31.545454545454547,0.12103746397694524,0.041666666666666664,0.1111111111111111,11.027089337175793,nan,nan
5917923,10.0,7,272,1,0,272,42,24.35820895522388,0.15441176470588236,0.030303030303030304,0.08695652173913043,3.3525735294117647,nan,nan
5936666,10.0,7,602,1,0,602,28,76.85106382978724,0.046511627906976744,0.0,0.2,3.256644518272425,nan,nan
6014730,10.0,7,219,1,0,219,21,36.5,0.0958904109589041,0.0,0.3333333333333333,4.278082191780822,nan,nan
6051512,10.0,7,601,2,1,568,33,48.68571428571428,0.058098591549295774,0.0,0.037037037037037035,3.9968309859154925,nan,nan
6053686,10.0,7,602,1,0,602,56,41.04545454545455,0.09302325581395349,0.0,0.25,4.1913621262458465,nan,nan
6171971,10.0,7,372,1,0,372,22,55.8,0.05913978494623656,0.0,0.25,4.238440860215054,nan,nan
6172561,10.0,7,239,1,0,239,19,46.25806451612903,0.0794979079497908,0.0,0.6666666666666666,3.894979079497908,nan,nan
6357847,10.0,7,716,7,6,358,43,21.918367346938776,0.12011173184357542,0.0,0.09090909090909091,5.884916201117319,nan,nan
6358495,10.0,7,308,1,0,308,20,56.0,0.06493506493506493,0.0,0.6666666666666666,3.8431818181818183,nan,nan
6422329,10.0,7,269,1,0,269,4,134.5,0.01486988847583643,0.0,0.0,3.205204460966543,nan,nan
6547817,10.0,7,320,1,1,288,7,96.0,0.024305555555555556,0.0,0.0,3.5128472222222222,nan,nan
6547822,10.0,7,341,4,3,218,9,38.470588235294116,0.04128440366972477,0.0,0.0,6.731651376146789,nan,nan
6756778,10.0,7,498,1,1,457,6,171.375,0.01312910284463895,0.0,0.0,4.2428884026258205,nan,nan
6896919,10.0,7,619,2,1,564,35,52.06153846153846,0.06205673758865248,0.0,0.05263157894736842,4.074468085106383,nan,nan
6920600,10.0,7,225,1,0,225,17,46.55172413793103,0.07555555555555556,0.0,0.6666666666666666,3.872444444444444,nan,nan
6922501,10.0,7,273,1,1,239,24,34.142857142857146,0.100418410041841,0.0,0.09090909090909091,3.3552301255230126,nan,nan
6922622,10.0,7,453,1,0,453,24,73.45945945945945,0.052980132450331126,0.0,0.6666666666666666,2.9516556291390725,nan,nan
6941418,10.0,7,282,2,1,251,10,53.785714285714285,0.0398406374501992,0.0,0.0,3.206772908366534,nan,nan
6984632,10.0,7,617,2,1,578,68,35.03030303030303,0.11764705882352941,0.017857142857142856,0.19047619047619047,3.8698961937716265,nan,nan
7555066,10.0,7,339,1,0,339,18,67.8,0.05309734513274336,0.0,0.2,3.9979351032448376,nan,nan
7557391,10.0,7,302,1,0,302,36,29.225806451612904,0.11920529801324503,0.0,0.23076923076923078,6.312251655629139,nan,nan
7563440,10.0,7,591,1,0,591,46,51.391304347826086,0.077834179357022,0.0,0.5,2.999323181049069,nan,nan
7564587,10.0,7,242,2,1,197,23,28.142857142857142,0.116751269035533,0.0,0.3333333333333333,4.379695431472081,nan,nan
7583768,10.0,7,236,2,2,164,22,21.391304347826086,0.13414634146341464,0.0,0.07692307692307693,3.5146341463414634,nan,nan
7598344,10.0,7,219,1,0,219,24,30.558139534883722,0.1095890410958904,0.0,0.07692307692307693,3.134703196347032,nan,nan
7613495,10.0,7,612,1,0,612,26,76.5,0.042483660130718956,0.0,0.15384615384615385,3.360294117647059,nan,nan
7613518,10.0,7,285,2,2,214,21,29.181818181818183,0.09813084112149532,0.0,0.07692307692307693,4.118691588785047,nan,nan
7613731,10.0,7,271,1,1,233,13,66.57142857142857,0.055793991416309016,0.0,0.5,4.277682403433476,nan,nan
7691124,10.0,7,255,3,2,178,17,26.048780487804876,0.09550561797752809,0.0,0.1111111111111111,8.12247191011236,nan,nan
7691163,10.0,7,301,2,1,267,27,30.807692307692307,0.10112359550561797,0.0,0.07142857142857142,3.9187265917602994,nan,nan
7691232,10.0,7,601,1,0,601,78,24.364864864864863,0.129783693843594,0.014084507042253521,0.03125,3.7046589018302827,nan,nan
7691423,10.0,7,303,2,1,260,26,40.0,0.1,0.18181818181818182,0.18181818181818182,3.811923076923077,nan,nan
7691435,10.0,7,343,1,0,343,21,68.6,0.061224489795918366,0.08333333333333333,0.4,3.292419825072886,nan,nan
7691520,10.0,7,608,2,1,552,12,103.5,0.021739130434782608,0.0,0.0,3.1096014492753623,nan,nan
7691542,10.0,7,368,2,1,306,22,39.06382978723404,0.0718954248366013,0.0,0.07142857142857142,4.183333333333333,nan,nan
7691885,10.0,7,251,2,1,208,22,26.5531914893617,0.10576923076923077,0.0,0.07142857142857142,4.6134615384615385,nan,nan
7691909,10.0,7,624,2,1,586,51,40.883720930232556,0.08703071672354949,0.0,0.3125,4.821843003412969,nan,nan
7795968,10.0,7,252,1,1,195,12,53.18181818181818,0.06153846153846154,0.0,0.3333333333333333,3.643076923076923,nan,nan
7797310,10.0,7,601,1,0,601,59,31.356521739130436,0.09816971713810316,0.0,0.02040816326530612,3.237104825291181,nan,nan
7799046,10.0,7,454,1,0,454,28,57.95744680851064,0.06167400881057269,0.0,0.2222222222222222,3.547356828193833,nan,nan
7799135,10.0,7,329,1,0,329,17,58.05882352941177,0.05167173252279635,0.0,0.09090909090909091,3.3604863221884496,nan,nan
7799180,10.0,7,645,4,3,515,27,52.3728813559322,0.05242718446601942,0.0,0.18181818181818182,5.033009708737864,nan,nan
7799209,10.0,7,525,1,0,525,28,71.5909090909091,0.05333333333333334,0.0,0.3333333333333333,6.013333333333334,nan,nan
7799211,10.0,7,232,3,2,155,18,19.375,0.11612903225806452,0.0,0.0,9.898709677419355,nan,nan
7799420,10.0,7,317,1,1,286,11,95.33333333333333,0.038461538461538464,0.0,1.0,4.0860139860139855,nan,nan
7799507,10.0,7,310,3,2,196,48,10.88888888888889,0.24489795918367346,0.0,0.0,5.41734693877551,nan,nan
7852277,10.0,7,247,1,1,202,10,50.5,0.04950495049504951,0.0,0.0,3.6044554455445548,nan,nan
7852403,10.0,7,290,1,0,290,18,51.1764705882353,0.06206896551724138,0.0,0.1,3.4224137931034484,nan,nan
7852411,10.0,7,607,3,2,521,54,28.16216216216216,0.1036468330134357,0.0,0.05128205128205128,4.850287907869482,nan,nan
7852420,10.0,7,606,2,1,562,42,42.15,0.07473309608540925,0.0,0.08333333333333333,4.731138790035588,nan,nan
7852422,10.0,7,216,1,0,216,22,39.27272727272727,0.10185185185185185,0.0,1.0,3.9050925925925926,nan,nan
7852445,10.0,7,307,1,0,307,18,55.81818181818182,0.05863192182410423,0.0,0.125,3.614332247557003,nan,nan
7852451,10.0,7,314,2,1,261,14,48.9375,0.05363984674329502,0.0,0.125,4.0007662835249045,nan,nan
8354596,10.0,7,385,1,0,385,74,16.73913043478261,0.19220779220779222,0.015384615384615385,0.03333333333333333,3.668831168831169,nan,nan
10752853,10.0,8,615,2,1,565,73,22.01298701298701,0.12920353982300886,0.0,0.0,3.1486725663716815,nan,nan
10752864,10.0,8,232,2,1,187,18,25.5,0.0962566844919786,0.0,0.0,3.2951871657754013,nan,nan
10752951,10.0,8,610,1,0,610,72,30.5,0.1180327868852459,0.0,0.12121212121212122,3.108360655737705,nan,nan
10892045,10.0,8,323,2,1,282,22,32.53846153846154,0.07801418439716312,0.0,0.0,4.026950354609928,nan,nan
10934834,10.0,8,242,1,0,242,10,76.42105263157895,0.04132231404958678,0.0,0.3333333333333333,3.0942148760330577,nan,nan
10934933,10.0,8,423,1,0,423,25,65.07692307692308,0.0591016548463357,0.0,0.3333333333333333,3.1664302600472816,nan,nan
10935081,10.0,8,278,1,0,278,18,53.806451612903224,0.06474820143884892,0.0,0.16666666666666666,3.2133093525179857,nan,nan
10935136,10.0,8,308,1,1,261,19,62.64,0.07279693486590039,0.1,0.16666666666666666,3.2019157088122605,nan,nan
10935148,10.0,8,237,2,3,66,2,33.0,0.030303030303030304,0.0,0.0,4.178787878787879,nan,nan
10935358,10.0,8,636,4,3,506,41,30.979591836734695,0.08102766798418973,0.0,0.0,3.7839920948616603,nan,nan
10935638,10.0,8,228,1,0,228,2,171.0,0.008771929824561403,0.0,0.0,3.137719298245614,nan,nan
10935844,10.0,8,607,1,0,607,75,32.810810810810814,0.12355848434925865,0.017543859649122806,0.07894736842105263,3.843822075782537,nan,nan
10969051,10.0,8,601,1,0,601,67,35.00970873786408,0.11148086522462562,0.0,0.2,4.803826955074875,nan,nan
11058912,10.0,8,601,1,0,601,54,50.083333333333336,0.08985024958402663,0.08333333333333333,0.0625,3.988352745424293,nan,nan
11071635,10.0,8,423,2,1,377,30,35.904761904761905,0.07957559681697612,0.0,0.043478260869565216,5.218037135278514,nan,nan
11071677,10.0,8,459,2,1,406,34,35.8235294117647,0.08374384236453201,0.0,0.043478260869565216,4.127339901477833,nan,nan
11071727,10.0,8,411,1,0,411,34,45.666666666666664,0.0827250608272506,0.0,0.2,4.234549878345499,nan,nan
11071733,10.0,8,257,1,0,257,27,29.09433962264151,0.10505836575875487,0.0,0.05263157894736842,4.599221789883268,nan,nan
11071965,10.0,8,535,3,2,448,35,40.72727272727273,0.078125,0.0,0.14285714285714285,6.118973214285715,nan,nan
11092058,10.0,8,446,1,1,399,31,50.93617021276596,0.07769423558897243,0.0,0.3333333333333333,4.052380952380952,nan,nan
11092072,10.0,8,247,1,0,247,14,59.28,0.05668016194331984,0.0,0.25,3.9222672064777324,nan,nan
4300268,10.0,8,961,5,4,431,24,42.39344262295082,0.05568445475638051,0.0,0.06666666666666667,4.674709976798144,nan,nan
4303167,10.0,8,610,3,2,518,48,32.71578947368421,0.09266409266409266,0.0,0.06896551724137931,3.327027027027027,nan,nan
4303201,10.0,8,600,1,0,600,39,56.25,0.065,0.0,0.25,3.0773333333333337,nan,nan
4326816,10.0,8,606,4,4,446,31,39.940298507462686,0.06950672645739911,0.0,0.125,5.300000000000001,nan,nan
4453473,10.0,8,610,3,2,512,49,31.346938775510203,0.095703125,0.0,0.06060606060606061,4.3953125,nan,nan
4636267,10.0,8,624,4,3,474,44,30.25531914893617,0.09282700421940929,0.0,0.06896551724137931,3.9864978902953583,nan,nan
4652239,10.0,8,601,4,4,432,44,27.870967741935484,0.10185185185185185,0.0,0.07142857142857142,4.788194444444445,nan,nan
4660369,10.0,8,640,3,2,523,41,39.225,0.07839388145315487,0.0,0.09090909090909091,4.412237093690249,nan,nan
4748312,10.0,8,624,5,4,435,16,50.19230769230769,0.0367816091954023,0.0,0.0,6.206206896551723,nan,nan
4748313,10.0,8,770,3,2,465,54,25.363636363636363,0.11612903225806452,0.0,0.05263157894736842,4.628817204301075,nan,nan
4779685,10.0,8,669,5,4,405,25,34.714285714285715,0.06172839506172839,0.0,0.0,4.50716049382716,nan,nan
4792372,10.0,8,609,3,3,455,32,46.271186440677965,0.07032967032967033,0.043478260869565216,0.125,3.273186813186813,nan,nan
4793806,10.0,8,609,4,3,441,48,25.2,0.10884353741496598,0.0,0.02631578947368421,4.84625850340136,nan,nan
4798549,10.0,8,661,5,4,447,49,23.734513274336283,0.10961968680089486,0.0,0.024390243902439025,5.087024608501118,nan,nan
4944723,10.0,8,650,5,5,292,24,25.764705882352942,0.0821917808219178,0.0,0.0,4.791438356164384,nan,nan
4981908,10.0,8,251,1,0,251,20,34.22727272727273,0.0796812749003984,0.0,0.0,3.1920318725099603,nan,nan
5084249,10.0,8,600,1,0,600,31,54.54545454545455,0.051666666666666666,0.0,0.0,3.184333333333333,nan,nan
5133027,10.0,8,628,4,4,395,30,40.86206896551724,0.0759493670886076,0.0,0.5,3.596708860759494,nan,nan
5285957,10.0,8,387,1,0,387,18,72.5625,0.046511627906976744,0.0,0.14285714285714285,2.896382428940569,nan,nan
5286334,10.0,8,342,1,0,342,43,33.63934426229508,0.12573099415204678,0.03225806451612903,0.36363636363636365,3.195906432748538,nan,nan
5395622,10.0,8,231,2,1,198,27,21.6,0.13636363636363635,0.0,0.058823529411764705,3.822222222222222,nan,nan
5538668,10.0,8,617,1,0,617,95,20.566666666666666,0.1539708265802269,0.012048192771084338,0.011494252873563218,3.2487844408427877,nan,nan
5670672,10.0,8,264,3,2,145,8,31.071428571428573,0.05517241379310345,0.0,0.0,6.168275862068965,nan,nan
5729758,10.0,8,253,1,0,253,18,46.0,0.07114624505928854,0.0,0.125,5.839920948616601,nan,nan
5763820,10.0,8,989,4,5,347,42,31.545454545454547,0.12103746397694524,0.041666666666666664,0.1111111111111111,6.194236311239194,nan,nan
5917923,10.0,8,272,1,0,272,42,20.4,0.15441176470588236,0.0,0.03225806451612903,3.353308823529412,nan,nan
5936666,10.0,8,602,1,0,602,28,70.82352941176471,0.046511627906976744,0.0,0.058823529411764705,3.219767441860465,nan,nan
6014730,10.0,8,219,1,0,219,21,32.048780487804876,0.0958904109589041,0.0,0.07692307692307693,3.846118721461187,nan,nan
6051512,10.0,8,601,2,1,568,33,49.391304347826086,0.058098591549295774,0.0,0.04,3.5149647887323945,nan,nan
6053686,10.0,8,602,1,0,602,56,43.0,0.09302325581395349,0.0,0.3076923076923077,5.637707641196013,nan,nan
6171971,10.0,8,372,1,0,372,22,46.5,0.05913978494623656,0.0,0.0,3.9298387096774197,nan,nan
6172561,10.0,8,239,1,0,239,19,40.97142857142857,0.0794979079497908,0.0,0.1111111111111111,4.139330543933054,nan,nan
6357847,10.0,8,716,7,6,358,43,19.706422018348626,0.12011173184357542,0.0,0.027777777777777776,7.217877094972067,nan,nan
6358495,10.0,8,308,1,0,308,20,47.38461538461539,0.06493506493506493,0.0,0.08333333333333333,3.164285714285714,nan,nan
6422329,10.0,8,269,1,0,269,4,134.5,0.01486988847583643,0.0,0.0,3.504832713754647,nan,nan
6547817,10.0,8,320,1,1,288,7,96.0,0.024305555555555556,0.0,0.0,3.5340277777777778,nan,nan
6547822,10.0,8,341,4,3,218,9,38.470588235294116,0.04128440366972477,0.0,0.0,7.5619266055045875,nan,nan
6756778,10.0,8,498,1,1,457,6,171.375,0.01312910284463895,0.0,0.0,2.9317286652078773,nan,nan
6896919,10.0,8,619,2,1,564,35,47.66197183098591,0.06205673758865248,0.0,0.038461538461538464,3.22854609929078,nan,nan
6920600,10.0,8,225,1,0,225,17,45.0,0.07555555555555556,0.0,0.16666666666666666,3.3604444444444446,nan,nan
6922501,10.0,8,273,1,1,239,24,31.866666666666667,0.100418410041841,0.0,0.06666666666666667,3.38326359832636,nan,nan
6922622,10.0,8,453,1,0,453,24,73.45945945945945,0.052980132450331126,0.0,0.6666666666666666,3.0501103752759384,nan,nan
6941418,10.0,8,282,2,1,251,10,53.785714285714285,0.0398406374501992,0.0,0.0,3.446215139442231,nan,nan
6984632,10.0,8,617,2,1,578,68,32.111111111111114,0.11764705882352941,0.017857142857142856,0.05555555555555555,3.4655709342560552,nan,nan
7555066,10.0,8,339,1,0,339,18,67.8,0.05309734513274336,0.0,0.2,4.591150442477876,nan,nan
7557391,10.0,8,302,1,0,302,36,28.3125,0.11920529801324503,0.0,0.1111111111111111,3.6596026490066227,nan,nan
7563440,10.0,8,591,1,0,591,46,49.943661971830984,0.077834179357022,0.0,0.4,3.3678510998307956,nan,nan
7564587,10.0,8,242,2,1,197,23,29.55,0.116751269035533,0.0,0.5,4.921827411167513,nan,nan
7583768,10.0,8,236,2,2,164,22,21.391304347826086,0.13414634146341464,0.0,0.07692307692307693,3.7310975609756096,nan,nan
7598344,10.0,8,219,1,0,219,24,30.558139534883722,0.1095890410958904,0.0,0.07692307692307693,3.8255707762557076,nan,nan
7613495,10.0,8,612,1,0,612,26,72.0,0.042483660130718956,0.0,0.05555555555555555,3.1803921568627453,nan,nan
7613518,10.0,8,285,2,2,214,21,29.181818181818183,0.09813084112149532,0.0,0.07692307692307693,4.201401869158879,nan,nan
7613731,10.0,8,271,1,1,233,13,66.57142857142857,0.055793991416309016,0.0,0.5,3.6665236051502146,nan,nan
7691124,10.0,8,255,3,2,178,17,26.048780487804876,0.09550561797752809,0.0,0.1111111111111111,4.984269662921348,nan,nan
7691163,10.0,8,301,2,1,267,27,30.807692307692307,0.10112359550561797,0.0,0.07142857142857142,8.037078651685393,nan,nan
7691232,10.0,8,601,1,0,601,78,22.5375,0.129783693843594,0.0,0.0,5.628452579034941,nan,nan
7691423,10.0,8,303,2,1,260,26,31.836734693877553,0.1,0.0,0.18181818181818182,7.849230769230769,nan,nan
7691435,10.0,8,343,1,0,343,21,70.96551724137932,0.061224489795918366,0.08333333333333333,0.5,3.5142857142857147,nan,nan
7691520,10.0,8,608,2,1,552,12,103.5,0.021739130434782608,0.0,0.0,3.256340579710145,nan,nan
7691542,10.0,8,368,2,1,306,22,39.06382978723404,0.0718954248366013,0.0,0.07142857142857142,5.786274509803921,nan,nan
7691885,10.0,8,251,2,1,208,22,26.5531914893617,0.10576923076923077,0.0,0.07142857142857142,4.315384615384615,nan,nan
7691909,10.0,8,624,2,1,586,51,39.06666666666667,0.08703071672354949,0.0,0.12,3.922696245733788,nan,nan
7795968,10.0,8,252,1,1,195,12,53.18181818181818,0.06153846153846154,0.0,0.3333333333333333,3.209230769230769,nan,nan
7797310,10.0,8,601,1,0,601,59,31.356521739130436,0.09816971713810316,0.0,0.02040816326530612,3.157404326123128,nan,nan
7799046,10.0,8,454,1,0,454,28,54.48,0.06167400881057269,0.0,0.06666666666666667,4.13215859030837,nan,nan
7799135,10.0,8,329,1,0,329,17,51.94736842105263,0.05167173252279635,0.0,0.0,3.3927051671732524,nan,nan
7799180,10.0,8,645,4,3,515,27,52.3728813559322,0.05242718446601942,0.0,0.16666666666666666,6.238834951456311,nan,nan
7799209,10.0,8,525,1,0,525,28,71.5909090909091,0.05333333333333334,0.0,0.3333333333333333,3.6043809523809522,nan,nan
7799211,10.0,8,232,3,2,155,18,19.375,0.11612903225806452,0.0,0.0,6.554838709677419,nan,nan
7799420,10.0,8,317,1,1,286,11,95.33333333333333,0.038461538461538464,0.0,1.0,3.728671328671329,nan,nan
7799507,10.0,8,310,3,2,196,48,10.88888888888889,0.24489795918367346,0.0,0.0,4.561224489795919,nan,nan
7852277,10.0,8,247,1,1,202,10,50.5,0.04950495049504951,0.0,0.0,3.478217821782178,nan,nan
7852403,10.0,8,290,1,0,290,18,51.1764705882353,0.06206896551724138,0.0,0.1,3.580689655172414,nan,nan
7852411,10.0,8,607,3,2,521,54,27.182608695652174,0.1036468330134357,0.0,0.021739130434782608,4.401727447216891,nan,nan
7852420,10.0,8,606,2,1,562,42,43.79220779220779,0.07473309608540925,0.0,0.09523809523809523,7.1637010676156585,nan,nan
7852422,10.0,8,216,1,0,216,22,39.27272727272727,0.10185185185185185,0.0,1.0,3.9425925925925926,nan,nan
7852445,10.0,8,307,1,0,307,18,55.81818181818182,0.05863192182410423,0.0,0.125,3.7550488599348535,nan,nan
7852451,10.0,8,314,2,1,261,14,43.5,0.05363984674329502,0.0,0.0,3.9363984674329506,nan,nan
8354596,10.0,8,385,1,0,385,74,15.821917808219178,0.19220779220779222,0.015384615384615385,0.0,3.608831168831169,nan,nan
10752853,10.0,9,615,2,1,565,73,22.01298701298701,0.12920353982300886,0.0,0.0,3.0720353982300885,nan,nan
10752864,10.0,9,232,2,1,187,18,25.5,0.0962566844919786,0.0,0.0,3.2048128342245987,nan,nan
10752951,10.0,9,610,1,0,610,72,29.28,0.1180327868852459,0.0,0.07317073170731707,4.195409836065574,nan,nan
10892045,10.0,9,323,2,1,282,22,32.53846153846154,0.07801418439716312,0.0,0.0,3.1822695035460993,nan,nan
10934834,10.0,9,242,1,0,242,10,60.5,0.04132231404958678,0.0,0.0,2.912809917355372,nan,nan
10934933,10.0,9,423,1,0,423,25,65.07692307692308,0.0591016548463357,0.0,0.3333333333333333,3.0141843971631204,nan,nan
10935081,10.0,9,278,1,0,278,18,53.806451612903224,0.06474820143884892,0.0,0.16666666666666666,3.5841726618705034,nan,nan
10935136,10.0,9,308,1,1,261,19,62.64,0.07279693486590039,0.1,0.16666666666666666,3.1563218390804595,nan,nan
10935148,10.0,9,237,2,3,66,2,33.0,0.030303030303030304,0.0,0.0,4.043939393939394,nan,nan
10935358,10.0,9,636,4,3,506,41,30.979591836734695,0.08102766798418973,0.0,0.0,3.4225296442687747,nan,nan
10935638,10.0,9,228,1,0,228,2,171.0,0.008771929824561403,0.0,0.0,3.311842105263158,nan,nan
10935844,10.0,9,607,1,0,607,75,32.810810810810814,0.12355848434925865,0.017543859649122806,0.07894736842105263,4.551565074135091,nan,nan
10969051,10.0,9,601,1,0,601,67,33.388888888888886,0.11148086522462562,0.0,0.10714285714285714,3.826955074875208,nan,nan
11058912,10.0,9,601,1,0,601,54,46.83116883116883,0.08985024958402663,0.03125,0.0625,3.052745424292845,nan,nan
11071635,10.0,9,423,2,1,377,30,33.26470588235294,0.07957559681697612,0.0,0.0,4.271883289124668,nan,nan
11071677,10.0,9,459,2,1,406,34,35.8235294117647,0.08374384236453201,0.0,0.043478260869565216,4.300738916256157,nan,nan
11071727,10.0,9,411,1,0,411,34,45.666666666666664,0.0827250608272506,0.0,0.2,4.820924574209246,nan,nan
11071733,10.0,9,257,1,0,257,27,29.653846153846153,0.10505836575875487,0.0,0.05555555555555555,12.640856031128404,nan,nan
11071965,10.0,9,535,3,2,448,35,40.72727272727273,0.078125,0.0,0.14285714285714285,4.940401785714286,nan,nan
11092058,10.0,9,446,1,1,399,31,50.93617021276596,0.07769423558897243,0.0,0.3333333333333333,3.7802005012531326,nan,nan
11092072,10.0,9,247,1,0,247,14,59.28,0.05668016194331984,0.0,0.25,3.4878542510121457,nan,nan
4300268,10.0,9,961,5,4,431,24,42.39344262295082,0.05568445475638051,0.0,0.06666666666666667,3.837122969837587,nan,nan
4303167,10.0,9,610,3,2,518,48,31.08,0.09266409266409266,0.0,0.02702702702702703,3.3689189189189186,nan,nan
4303201,10.0,9,600,1,0,600,39,52.17391304347826,0.065,0.0,0.1,4.367166666666667,nan,nan
4326816,10.0,9,606,4,4,446,31,37.166666666666664,0.06950672645739911,0.0,0.043478260869565216,5.30762331838565,nan,nan
4453473,10.0,9,610,3,2,512,49,27.927272727272726,0.095703125,0.0,0.0,3.8998046875,nan,nan
4636267,10.0,9,624,4,3,474,44,27.346153846153847,0.09282700421940929,0.0,0.0,3.899367088607595,nan,nan
4652239,10.0,9,601,4,4,432,44,24.923076923076923,0.10185185185185185,0.0,0.0,4.614583333333333,nan,nan
4660369,10.0,9,640,3,2,523,41,36.06896551724138,0.07839388145315487,0.0,0.03125,5.205927342256214,nan,nan
4748312,10.0,9,624,5,4,435,16,50.19230769230769,0.0367816091954023,0.0,0.0,3.6301149425287353,nan,nan
4748313,10.0,9,770,3,2,465,54,23.25,0.11612903225806452,0.0,0.0,3.5148387096774196,nan,nan
4779685,10.0,9,669,5,4,405,25,34.714285714285715,0.06172839506172839,0.0,0.0,4.064197530864197,nan,nan
4792372,10.0,9,609,3,3,455,32,39.0,0.07032967032967033,0.0,0.041666666666666664,3.458021978021978,nan,nan
4793806,10.0,9,609,4,3,441,48,25.2,0.10884353741496598,0.0,0.02631578947368421,3.3945578231292517,nan,nan
4798549,10.0,9,661,5,4,447,49,22.728813559322035,0.10961968680089486,0.0,0.0,4.995078299776287,nan,nan
4944723,10.0,9,650,5,5,292,24,25.764705882352942,0.0821917808219178,0.0,0.0,4.563356164383562,nan,nan
4981908,10.0,9,251,1,0,251,20,34.22727272727273,0.0796812749003984,0.0,0.0,3.689243027888446,nan,nan
5084249,10.0,9,600,1,0,600,31,54.54545454545455,0.051666666666666666,0.0,0.0,2.9678333333333335,nan,nan
5133027,10.0,9,628,4,4,395,30,34.85294117647059,0.0759493670886076,0.0,0.05,3.585822784810127,nan,nan
5285957,10.0,9,387,1,0,387,18,72.5625,0.046511627906976744,0.0,0.14285714285714285,3.0736434108527133,nan,nan
5286334,10.0,9,342,1,0,342,43,25.333333333333332,0.12573099415204678,0.03225806451612903,0.0,3.380409356725146,nan,nan
5395622,10.0,9,231,2,1,198,27,21.6,0.13636363636363635,0.0,0.058823529411764705,3.878282828282828,nan,nan
5538668,10.0,9,617,1,0,617,95,20.01081081081081,0.1539708265802269,0.012048192771084338,0.0,4.9588330632090765,nan,nan
5670672,10.0,9,264,3,2,145,8,31.071428571428573,0.05517241379310345,0.0,0.0,6.211724137931035,nan,nan
5729758,10.0,9,253,1,0,253,18,37.95,0.07114624505928854,0.0,0.0,5.0770750988142295,nan,nan
5763820,10.0,9,989,4,5,347,42,31.545454545454547,0.12103746397694524,0.041666666666666664,0.1111111111111111,6.610086455331412,nan,nan
5917923,10.0,9,272,1,0,272,42,20.4,0.15441176470588236,0.0,0.03225806451612903,3.8051470588235294,nan,nan
5936666,10.0,9,602,1,0,602,28,70.82352941176471,0.046511627906976744,0.0,0.058823529411764705,2.962624584717608,nan,nan
6014730,10.0,9,219,1,0,219,21,28.565217391304348,0.0958904109589041,0.0,0.0,3.962100456621005,nan,nan
6051512,10.0,9,601,2,1,568,33,46.054054054054056,0.058098591549295774,0.0,0.0,4.391549295774648,nan,nan
6053686,10.0,9,602,1,0,602,56,36.484848484848484,0.09302325581395349,0.0,0.06060606060606061,3.6619601328903655,nan,nan
6171971,10.0,9,372,1,0,372,22,46.5,0.05913978494623656,0.0,0.0,4.39758064516129,nan,nan
6172561,10.0,9,239,1,0,239,19,40.97142857142857,0.0794979079497908,0.0,0.1111111111111111,3.397907949790795,nan,nan
6357847,10.0,9,716,7,6,358,43,20.074766355140188,0.12011173184357542,0.0,0.029411764705882353,6.636871508379889,nan,nan
6358495,10.0,9,308,1,0,308,20,42.0,0.06493506493506493,0.0,0.0,3.533441558441558,nan,nan
6422329,10.0,9,269,1,0,269,4,134.5,0.01486988847583643,0.0,0.0,3.0263940520446098,nan,nan
6547817,10.0,9,320,1,1,288,7,96.0,0.024305555555555556,0.0,0.0,6.234375,nan,nan
6547822,10.0,9,341,4,3,218,9,38.470588235294116,0.04128440366972477,0.0,0.0,8.220183486238533,nan,nan
6756778,10.0,9,498,1,1,457,6,171.375,0.01312910284463895,0.0,0.0,3.393654266958425,nan,nan
6896919,10.0,9,619,2,1,564,35,47.66197183098591,0.06205673758865248,0.0,0.04,3.5599290780141843,nan,nan
6920600,10.0,9,225,1,0,225,17,42.1875,0.07555555555555556,0.0,0.1111111111111111,3.4186666666666667,nan,nan
6922501,10.0,9,273,1,1,239,24,32.59090909090909,0.100418410041841,0.0,0.07692307692307693,3.6154811715481174,nan,nan
6922622,10.0,9,453,1,0,453,24,73.45945945945945,0.052980132450331126,0.0,0.6666666666666666,3.907064017660044,nan,nan
6941418,10.0,9,282,2,1,251,10,53.785714285714285,0.0398406374501992,0.0,0.0,5.465338645418327,nan,nan
6984632,10.0,9,617,2,1,578,68,32.111111111111114,0.11764705882352941,0.017857142857142856,0.05555555555555555,4.082006920415225,nan,nan
7555066,10.0,9,339,1,0,339,18,67.8,0.05309734513274336,0.0,0.2,3.326253687315634,nan,nan
7557391,10.0,9,302,1,0,302,36,28.3125,0.11920529801324503,0.0,0.1111111111111111,3.45,nan,nan
7563440,10.0,9,591,1,0,591,46,47.28,0.077834179357022,0.0,0.17647058823529413,3.1505922165820643,nan,nan
7564587,10.0,9,242,2,1,197,23,29.55,0.116751269035533,0.0,0.5,4.022335025380711,nan,nan
7583768,10.0,9,236,2,2,164,22,21.391304347826086,0.13414634146341464,0.0,0.07692307692307693,3.7750000000000004,nan,nan
7598344,10.0,9,219,1,0,219,24,30.558139534883722,0.1095890410958904,0.0,0.07692307692307693,3.795433789954338,nan,nan
7613495,10.0,9,612,1,0,612,26,74.93877551020408,0.042483660130718956,0.0,0.058823529411764705,3.5563725490196076,nan,nan
7613518,10.0,9,285,2,2,214,21,34.7027027027027,0.09813084112149532,0.09090909090909091,0.07692307692307693,4.710747663551402,nan,nan
7613731,10.0,9,271,1,1,233,13,66.57142857142857,0.055793991416309016,0.0,0.5,4.590557939914163,nan,nan
7691124,10.0,9,255,3,2,178,17,26.7,0.09550561797752809,0.0,0.1111111111111111,5.682022471910113,nan,nan
7691163,10.0,9,301,2,1,267,27,30.807692307692307,0.10112359550561797,0.0,0.07142857142857142,3.8865168539325845,nan,nan
7691232,10.0,9,601,1,0,601,78,22.5375,0.129783693843594,0.0,0.0,3.3695507487520797,nan,nan
7691423,10.0,9,303,2,1,260,26,28.88888888888889,0.1,0.0,0.05555555555555555,4.8926923076923075,nan,nan
7691435,10.0,9,343,1,0,343,21,60.529411764705884,0.061224489795918366,0.08333333333333333,0.08333333333333333,2.874052478134111,nan,nan
7691520,10.0,9,608,2,1,552,12,103.5,0.021739130434782608,0.0,0.0,2.911231884057971,nan,nan
7691542,10.0,9,368,2,1,306,22,40.8,0.0718954248366013,0.0,0.07692307692307693,5.227124183006536,nan,nan
7691885,10.0,9,251,2,1,208,22,24.0,0.10576923076923077,0.0,0.0,7.045192307692308,nan,nan
7691909,10.0,9,624,2,1,586,51,37.01052631578948,0.08703071672354949,0.0,0.0625,3.4957337883959045,nan,nan
7795968,10.0,9,252,1,1,195,12,53.18181818181818,0.06153846153846154,0.0,0.3333333333333333,3.0117948717948715,nan,nan
7797310,10.0,9,601,1,0,601,59,31.356521739130436,0.09816971713810316,0.0,0.02040816326530612,3.176539101497504,nan,nan
7799046,10.0,9,454,1,0,454,28,54.48,0.06167400881057269,0.0,0.06666666666666667,3.405286343612335,nan,nan
7799135,10.0,9,329,1,0,329,17,51.94736842105263,0.05167173252279635,0.0,0.0,3.1753799392097264,nan,nan
7799180,10.0,9,645,4,3,515,27,48.28125,0.05242718446601942,0.0,0.05263157894736842,4.381165048543689,nan,nan
7799209,10.0,9,525,1,0,525,28,71.5909090909091,0.05333333333333334,0.0,0.3333333333333333,3.4146666666666667,nan,nan
7799211,10.0,9,232,3,2,155,18,19.375,0.11612903225806452,0.0,0.0,4.4477419354838705,nan,nan
7799420,10.0,9,317,1,1,286,11,95.33333333333333,0.038461538461538464,0.0,1.0,4.2846153846153845,nan,nan
7799507,10.0,9,310,3,2,196,48,10.88888888888889,0.24489795918367346,0.0,0.0,4.6020408163265305,nan,nan
7852277,10.0,9,247,1,1,202,10,50.5,0.04950495049504951,0.0,0.0,3.514356435643564,nan,nan
7852403,10.0,9,290,1,0,290,18,51.1764705882353,0.06206896551724138,0.0,0.1,3.432413793103448,nan,nan
7852411,10.0,9,607,3,2,521,54,26.05,0.1036468330134357,0.0,0.0,3.668330134357006,nan,nan
7852420,10.0,9,606,2,1,562,42,43.79220779220779,0.07473309608540925,0.0,0.09523809523809523,3.865124555160142,nan,nan
7852422,10.0,9,216,1,0,216,22,39.27272727272727,0.10185185185185185,0.0,1.0,5.127314814814815,nan,nan
7852445,10.0,9,307,1,0,307,18,55.81818181818182,0.05863192182410423,0.0,0.125,3.700651465798045,nan,nan
7852451,10.0,9,314,2,1,261,14,43.5,0.05363984674329502,0.0,0.0,4.219540229885057,nan,nan
8354596,10.0,9,385,1,0,385,74,15.821917808219178,0.19220779220779222,0.015384615384615385,0.0,3.6459740259740263,nan,nan
10752853,10.0,10,615,2,1,565,73,22.01298701298701,0.12920353982300886,0.0,0.0,3.01858407079646,nan,nan
10752864,10.0,10,232,2,1,187,18,25.5,0.0962566844919786,0.0,0.0,3.140641711229946,nan,nan
10752951,10.0,10,610,1,0,610,72,27.938931297709924,0.1180327868852459,0.0,0.04081632653061224,3.019344262295082,nan,nan
10892045,10.0,10,323,2,1,282,22,32.53846153846154,0.07801418439716312,0.0,0.0,3.171276595744681,nan,nan
10934834,10.0,10,242,1,0,242,10,60.5,0.04132231404958678,0.0,0.0,2.909090909090909,nan,nan
10934933,10.0,10,423,1,0,423,25,56.4,0.0591016548463357,0.0,0.07142857142857142,6.771631205673759,nan,nan
10935081,10.0,10,278,1,0,278,18,53.806451612903224,0.06474820143884892,0.0,0.16666666666666666,6.001438848920864,nan,nan
10935136,10.0,10,308,1,1,261,19,50.516129032258064,0.07279693486590039,0.0,0.16666666666666666,5.635249042145594,nan,nan
10935148,10.0,10,237,2,3,66,2,33.0,0.030303030303030304,0.0,0.0,4.268181818181818,nan,nan
10935358,10.0,10,636,4,3,506,41,30.979591836734695,0.08102766798418973,0.0,0.0,3.477272727272727,nan,nan
10935638,10.0,10,228,1,0,228,2,171.0,0.008771929824561403,0.0,0.0,3.3039473684210523,nan,nan
10935844,10.0,10,607,1,0,607,75,31.94736842105263,0.12355848434925865,0.017543859649122806,0.07317073170731707,3.285172981878089,nan,nan
10969051,10.0,10,601,1,0,601,67,33.388888888888886,0.11148086522462562,0.0,0.0625,4.4440931780366055,nan,nan
11058912,10.0,10,601,1,0,601,54,43.44578313253012,0.08985024958402663,0.03125,0.024390243902439025,3.2738768718801996,nan,nan
11071635,10.0,10,423,2,1,377,30,33.26470588235294,0.07957559681697612,0.0,0.0,4.290185676392573,nan,nan
11071677,10.0,10,459,2,1,406,34,35.8235294117647,0.08374384236453201,0.0,0.043478260869565216,3.674384236453202,nan,nan
11071727,10.0,10,411,1,0,411,34,44.836363636363636,0.0827250608272506,0.0,0.18181818181818182,3.6452554744525547,nan,nan
11071733,10.0,10,257,1,0,257,27,26.586206896551722,0.10505836575875487,0.0,0.0,4.905836575875486,nan,nan
11071965,10.0,10,535,3,2,448,35,37.333333333333336,0.078125,0.0,0.043478260869565216,5.977678571428571,nan,nan
11092058,10.0,10,446,1,1,399,31,50.93617021276596,0.07769423558897243,0.0,0.3333333333333333,7.864912280701754,nan,nan
11092072,10.0,10,247,1,0,247,14,59.28,0.05668016194331984,0.0,0.25,7.901214574898785,nan,nan
4300268,10.0,10,961,5,4,431,24,42.39344262295082,0.05568445475638051,0.0,0.06666666666666667,9.478886310904873,nan,nan
4303167,10.0,10,610,3,2,518,48,31.08,0.09266409266409266,0.0,0.02702702702702703,7.035714285714286,nan,nan
4303201,10.0,10,600,1,0,600,39,50.70422535211268,0.065,0.0,0.04,3.3085,nan,nan
4326816,10.0,10,606,4,4,446,31,34.30769230769231,0.06950672645739911,0.0,0.0,3.9381165919282513,nan,nan
4453473,10.0,10,610,3,2,512,49,27.927272727272726,0.095703125,0.0,0.0,3.7970703125,nan,nan
4636267,10.0,10,624,4,3,474,44,27.346153846153847,0.09282700421940929,0.0,0.0,3.8765822784810124,nan,nan
4652239,10.0,10,601,4,4,432,44,24.923076923076923,0.10185185185185185,0.0,0.0,4.979398148148148,nan,nan
4660369,10.0,10,640,3,2,523,41,36.06896551724138,0.07839388145315487,0.0,0.03125,3.193881453154876,nan,nan
4748312,10.0,10,624,5,4,435,16,50.19230769230769,0.0367816091954023,0.0,0.0,3.4347126436781608,nan,nan
4748313,10.0,10,770,3,2,465,54,23.25,0.11612903225806452,0.0,0.0,4.377419354838709,nan,nan
4779685,10.0,10,669,5,4,405,25,34.714285714285715,0.06172839506172839,0.0,0.0,4.177777777777778,nan,nan
4792372,10.0,10,609,3,3,455,32,35.921052631578945,0.07032967032967033,0.0,0.0,3.215164835164835,nan,nan
4793806,10.0,10,609,4,3,441,48,25.2,0.10884353741496598,0.0,0.02631578947368421,6.14625850340136,nan,nan
4798549,10.0,10,661,5,4,447,49,22.728813559322035,0.10961968680089486,0.0,0.0,4.005369127516778,nan,nan
4944723,10.0,10,650,5,5,292,24,25.764705882352942,0.0821917808219178,0.0,0.0,3.527739726027397,nan,nan
4981908,10.0,10,251,1,0,251,20,34.22727272727273,0.0796812749003984,0.0,0.0,3.1211155378486053,nan,nan
5084249,10.0,10,600,1,0,600,31,54.54545454545455,0.051666666666666666,0.0,0.0,2.881333333333333,nan,nan
5133027,10.0,10,628,4,4,395,30,34.85294117647059,0.0759493670886076,0.0,0.05,3.460253164556962,nan,nan
5285957,10.0,10,387,1,0,387,18,72.5625,0.046511627906976744,0.0,0.14285714285714285,3.292764857881137,nan,nan
5286334,10.0,10,342,1,0,342,43,25.333333333333332,0.12573099415204678,0.03225806451612903,0.0,4.06812865497076,nan,nan
5395622,10.0,10,231,2,1,198,27,21.6,0.13636363636363635,0.0,0.058823529411764705,5.11969696969697,nan,nan
5538668,10.0,10,617,1,0,617,95,20.01081081081081,0.1539708265802269,0.012048192771084338,0.0,4.602917341977309,nan,nan
5670672,10.0,10,264,3,2,145,8,31.071428571428573,0.05517241379310345,0.0,0.0,4.022758620689655,nan,nan
5729758,10.0,10,253,1,0,253,18,37.95,0.07114624505928854,0.0,0.0,3.0873517786561266,nan,nan
5763820,10.0,10,989,4,5,347,42,31.545454545454547,0.12103746397694524,0.041666666666666664,0.1111111111111111,5.3072046109510085,nan,nan
5917923,10.0,10,272,1,0,272,42,20.4,0.15441176470588236,0.0,0.03225806451612903,3.9136029411764706,nan,nan
5936666,10.0,10,602,1,0,602,28,70.82352941176471,0.046511627906976744,0.0,0.058823529411764705,2.85265780730897,nan,nan
6014730,10.0,10,219,1,0,219,21,28.565217391304348,0.0958904109589041,0.0,0.0,5.697716894977169,nan,nan
6051512,10.0,10,601,2,1,568,33,46.054054054054056,0.058098591549295774,0.0,0.0,7.065140845070423,nan,nan
6053686,10.0,10,602,1,0,602,56,36.857142857142854,0.09302325581395349,0.0,0.0625,3.565116279069767,nan,nan
6171971,10.0,10,372,1,0,372,22,46.5,0.05913978494623656,0.0,0.0,3.0483870967741935,nan,nan
6172561,10.0,10,239,1,0,239,19,40.97142857142857,0.0794979079497908,0.0,0.1111111111111111,3.1577405857740586,nan,nan
6357847,10.0,10,716,7,6,358,43,20.074766355140188,0.12011173184357542,0.0,0.029411764705882353,5.880167597765363,nan,nan
6358495,10.0,10,308,1,0,308,20,42.0,0.06493506493506493,0.0,0.0,4.44935064935065,nan,nan
6422329,10.0,10,269,1,0,269,4,134.5,0.01486988847583643,0.0,0.0,2.9524163568773236,nan,nan
6547817,10.0,10,320,1,1,288,7,96.0,0.024305555555555556,0.0,0.0,3.388888888888889,nan,nan
6547822,10.0,10,341,4,3,218,9,38.470588235294116,0.04128440366972477,0.0,0.0,5.152752293577981,nan,nan
6756778,10.0,10,498,1,1,457,6,171.375,0.01312910284463895,0.0,0.0,2.9118161925601753,nan,nan
6896919,10.0,10,619,2,1,564,35,47.66197183098591,0.06205673758865248,0.0,0.04,3.132269503546099,nan,nan
6920600,10.0,10,225,1,0,225,17,35.526315789473685,0.07555555555555556,0.0,0.0,3.7706666666666666,nan,nan
6922501,10.0,10,273,1,1,239,24,32.59090909090909,0.100418410041841,0.0,0.07692307692307693,3.2958158995815903,nan,nan
6922622,10.0,10,453,1,0,453,24,63.2093023255814,0.052980132450331126,0.0,0.08333333333333333,3.077483443708609,nan,nan
6941418,10.0,10,282,2,1,251,10,53.785714285714285,0.0398406374501992,0.0,0.0,3.3844621513944224,nan,nan
6984632,10.0,10,617,2,1,578,68,32.111111111111114,0.11764705882352941,0.017857142857142856,0.05555555555555555,5.74325259515571,nan,nan
7555066,10.0,10,339,1,0,339,18,67.8,0.05309734513274336,0.0,0.2,3.5628318584070797,nan,nan
7557391,10.0,10,302,1,0,302,36,23.842105263157894,0.11920529801324503,0.0,0.0,3.482450331125828,nan,nan
7563440,10.0,10,591,1,0,591,46,43.24390243902439,0.077834179357022,0.0,0.07692307692307693,3.2568527918781727,nan,nan
7564587,10.0,10,242,2,1,197,23,25.148936170212767,0.116751269035533,0.0,0.07142857142857142,3.9710659898477156,nan,nan
7583768,10.0,10,236,2,2,164,22,18.923076923076923,0.13414634146341464,0.0,0.0,3.6542682926829264,nan,nan
7598344,10.0,10,219,1,0,219,24,30.558139534883722,0.1095890410958904,0.0,0.07692307692307693,3.747488584474886,nan,nan
7613495,10.0,10,612,1,0,612,26,65.57142857142857,0.042483660130718956,0.0,0.0,4.051633986928104,nan,nan
7613518,10.0,10,285,2,2,214,21,29.86046511627907,0.09813084112149532,0.09090909090909091,0.0,8.416822429906542,nan,nan
7613731,10.0,10,271,1,1,233,13,66.57142857142857,0.055793991416309016,0.0,0.5,6.023175965665237,nan,nan
7691124,10.0,10,255,3,2,178,17,23.217391304347824,0.09550561797752809,0.0,0.0,9.364044943820225,nan,nan
7691163,10.0,10,301,2,1,267,27,30.807692307692307,0.10112359550561797,0.0,0.07142857142857142,7.13558052434457,nan,nan
7691232,10.0,10,601,1,0,601,78,22.5375,0.129783693843594,0.0,0.0,6.911647254575707,nan,nan
7691423,10.0,10,303,2,1,260,26,26.0,0.1,0.0,0.0,4.987692307692307,nan,nan
7691435,10.0,10,343,1,0,343,21,52.76923076923077,0.061224489795918366,0.0,0.09090909090909091,3.062099125364431,nan,nan
7691520,10.0,10,608,2,1,552,12,103.5,0.021739130434782608,0.0,0.0,3.8552536231884056,nan,nan
7691542,10.0,10,368,2,1,306,22,40.8,0.0718954248366013,0.0,0.07692307692307693,4.408823529411764,nan,nan
7691885,10.0,10,251,2,1,208,22,24.0,0.10576923076923077,0.0,0.0,4.249519230769231,nan,nan
7691909,10.0,10,624,2,1,586,51,34.81188118811881,0.08703071672354949,0.0,0.025,3.2638225255972695,nan,nan
7795968,10.0,10,252,1,1,195,12,41.785714285714285,0.06153846153846154,0.0,0.0,3.6333333333333333,nan,nan
7797310,10.0,10,601,1,0,601,59,31.356521739130436,0.09816971713810316,0.0,0.02040816326530612,5.308985024958402,nan,nan
7799046,10.0,10,454,1,0,454,28,54.48,0.06167400881057269,0.0,0.06666666666666667,5.191409691629956,nan,nan
7799135,10.0,10,329,1,0,329,17,51.94736842105263,0.05167173252279635,0.0,0.0,3.3182370820668696,nan,nan
7799180,10.0,10,645,4,3,515,27,44.142857142857146,0.05242718446601942,0.0,0.0,3.695728155339806,nan,nan
7799209,10.0,10,525,1,0,525,28,63.0,0.05333333333333334,0.0,0.06666666666666667,3.2645714285714287,nan,nan
7799211,10.0,10,232,3,2,155,18,19.375,0.11612903225806452,0.0,0.0,4.9154838709677415,nan,nan
7799420,10.0,10,317,1,1,286,11,95.33333333333333,0.038461538461538464,0.0,1.0,3.263286713286713,nan,nan
7799507,10.0,10,310,3,2,196,48,10.88888888888889,0.24489795918367346,0.0,0.0,7.597448979591836,nan,nan
7852277,10.0,10,247,1,1,202,10,50.5,0.04950495049504951,0.0,0.0,4.253960396039604,nan,nan
7852403,10.0,10,290,1,0,290,18,52.72727272727273,0.06206896551724138,0.0,0.1111111111111111,3.2234482758620686,nan,nan
7852411,10.0,10,607,3,2,521,54,26.05,0.1036468330134357,0.0,0.0,3.827063339731286,nan,nan
7852420,10.0,10,606,2,1,562,42,43.79220779220779,0.07473309608540925,0.0,0.09523809523809523,3.2186832740213527,nan,nan
7852422,10.0,10,216,1,0,216,22,31.609756097560975,0.10185185185185185,0.0,0.08333333333333333,3.5199074074074073,nan,nan
7852445,10.0,10,307,1,0,307,18,55.81818181818182,0.05863192182410423,0.0,0.125,3.5361563517915306,nan,nan
7852451,10.0,10,314,2,1,261,14,43.5,0.05363984674329502,0.0,0.0,3.6306513409961685,nan,nan
8354596,10.0,10,385,1,0,385,74,15.197368421052632,0.19220779220779222,0.0,0.0,4.078961038961039,nan,nan
10752853,15.0,2,615,2,1,565,71,22.15686274509804,0.1256637168141593,0.0,0.046153846153846156,3.161238938053097,nan,nan
10752864,15.0,2,232,2,1,187,18,25.5,0.0962566844919786,0.0,1.0,4.975935828877005,nan,nan
10752951,15.0,2,610,1,0,610,70,34.528301886792455,0.11475409836065574,0.0,0.8888888888888888,3.494098360655738,nan,nan
10892045,15.0,2,323,2,1,282,19,38.45454545454545,0.0673758865248227,0.0,0.8,3.1854609929078013,nan,nan
10934834,15.0,2,242,1,0,242,10,69.14285714285714,0.04132231404958678,0.0,1.0,2.9417355371900826,nan,nan
10934933,15.0,2,423,1,0,423,24,65.07692307692308,0.05673758865248227,0.0,1.0,3.0846335697399527,nan,nan
10935081,15.0,2,278,1,0,278,18,50.54545454545455,0.06474820143884892,0.0,1.0,3.105755395683453,nan,nan
10935136,15.0,2,308,1,1,261,17,71.18181818181819,0.06513409961685823,0.125,1.0,3.0593869731800765,nan,nan
10935148,15.0,2,237,2,3,66,2,33.0,0.030303030303030304,0.0,0.0,5.283333333333333,nan,nan
10935358,15.0,2,636,4,3,506,38,37.48148148148148,0.07509881422924901,0.0,1.0,4.509090909090909,nan,nan
10935638,15.0,2,228,1,0,228,2,152.0,0.008771929824561403,0.0,1.0,3.678508771929825,nan,nan
10935844,15.0,2,607,1,0,607,72,40.92134831460674,0.1186161449752883,0.061224489795918366,1.0,3.8037891268533772,nan,nan
10969051,15.0,2,601,1,0,601,67,37.175257731958766,0.11148086522462562,0.0,0.75,3.6743760399334446,nan,nan
11058912,15.0,2,601,1,0,601,51,68.0377358490566,0.08485856905158069,0.36363636363636365,1.0,3.392845257903494,nan,nan
11071635,15.0,2,423,2,1,377,29,46.16326530612245,0.07692307692307693,0.0,0.75,3.9312997347480105,nan,nan
11071677,15.0,2,459,2,1,406,33,41.28813559322034,0.0812807881773399,0.0,1.0,6.852216748768473,nan,nan
11071727,15.0,2,411,1,0,411,32,53.608695652173914,0.07785888077858881,0.038461538461538464,0.75,4.02360097323601,nan,nan
11071733,15.0,2,257,1,0,257,25,35.04545454545455,0.09727626459143969,0.0,1.0,4.736964980544747,nan,nan
11071965,15.0,2,535,3,2,448,34,40.11940298507463,0.07589285714285714,0.0,1.0,3.6875,nan,nan
11092058,15.0,2,446,1,1,399,29,54.40909090909091,0.07268170426065163,0.0,1.0,3.400501253132832,nan,nan
11092072,15.0,2,247,1,0,247,13,61.75,0.05263157894736842,0.0,1.0,4.370445344129554,nan,nan
4300268,15.0,2,961,5,4,431,24,41.04761904761905,0.05568445475638051,0.0,0.7142857142857143,4.579814385150812,nan,nan
4303167,15.0,2,610,3,2,518,45,36.56470588235294,0.08687258687258688,0.0,0.875,9.111196911196911,nan,nan
4303201,15.0,2,600,1,0,600,35,61.016949152542374,0.058333333333333334,0.0,0.8333333333333334,3.2571666666666665,nan,nan
4326816,15.0,2,606,4,4,446,28,41.16923076923077,0.06278026905829596,0.037037037037037035,1.0,5.375112107623319,nan,nan
4453473,15.0,2,610,3,2,512,45,32.680851063829785,0.087890625,0.023255813953488372,0.8181818181818182,4.655859375,nan,nan
4636267,15.0,2,624,4,3,474,42,33.45882352941177,0.08860759493670886,0.0,1.0,5.90548523206751,nan,nan
4652239,15.0,2,601,4,4,432,35,34.10526315789474,0.08101851851851852,0.0,1.0,6.046064814814815,nan,nan
4660369,15.0,2,640,3,2,523,39,44.82857142857143,0.0745697896749522,0.03225806451612903,0.875,3.544550669216061,nan,nan
4748312,15.0,2,624,5,4,435,15,54.375,0.034482758620689655,0.0,0.8,4.992413793103448,nan,nan
4748313,15.0,2,770,3,2,465,54,28.762886597938145,0.11612903225806452,0.0,0.8888888888888888,5.169462365591398,nan,nan
4779685,15.0,2,669,5,4,405,25,35.73529411764706,0.06172839506172839,0.045454545454545456,1.0,5.386666666666667,nan,nan
4792372,15.0,2,609,3,3,455,31,47.89473684210526,0.06813186813186813,0.0,0.8,3.7973626373626375,nan,nan
4793806,15.0,2,609,4,3,441,45,29.4,0.10204081632653061,0.0,0.7777777777777778,4.049659863945578,nan,nan
4798549,15.0,2,661,5,4,447,49,27.649484536082475,0.10961968680089486,0.021739130434782608,0.5384615384615384,4.749664429530201,nan,nan
4944723,15.0,2,650,5,5,292,24,27.80952380952381,0.0821917808219178,0.0,1.0,5.073287671232877,nan,nan
4981908,15.0,2,251,1,0,251,20,38.61538461538461,0.0796812749003984,0.058823529411764705,1.0,5.70796812749004,nan,nan
5084249,15.0,2,600,1,0,600,28,67.9245283018868,0.04666666666666667,0.037037037037037035,0.8333333333333334,3.6216666666666666,nan,nan
5133027,15.0,2,628,4,4,395,30,39.5,0.0759493670886076,0.0,0.8,4.113670886075949,nan,nan
5285957,15.0,2,387,1,0,387,16,74.90322580645162,0.041343669250646,0.0,1.0,3.511627906976744,nan,nan
5286334,15.0,2,342,1,0,342,43,35.37931034482759,0.12573099415204678,0.03225806451612903,0.8571428571428571,3.7152046783625727,nan,nan
5395622,15.0,2,231,2,1,198,26,23.76,0.13131313131313133,0.0,1.0,4.8671717171717175,nan,nan
5538668,15.0,2,617,1,0,617,94,24.038961038961038,0.15235008103727715,0.058823529411764705,0.7272727272727273,3.343760129659643,nan,nan
5670672,15.0,2,264,3,2,145,8,32.22222222222222,0.05517241379310345,0.0,0.6666666666666666,6.11448275862069,nan,nan
5729758,15.0,2,253,1,0,253,17,54.214285714285715,0.06719367588932806,0.0,1.0,6.562845849802372,nan,nan
5763820,15.0,2,989,4,5,347,40,33.58064516129032,0.11527377521613832,0.16666666666666666,1.0,6.716426512968299,nan,nan
5917923,15.0,2,272,1,0,272,42,24.0,0.15441176470588236,0.0,1.0,3.795955882352941,nan,nan
5936666,15.0,2,602,1,0,602,28,78.52173913043478,0.046511627906976744,0.038461538461538464,0.6,3.8906976744186044,nan,nan
6014730,15.0,2,219,1,0,219,18,41.0625,0.0821917808219178,0.0,1.0,4.05662100456621,nan,nan
6051512,15.0,2,601,2,1,568,32,50.11764705882353,0.056338028169014086,0.0,0.7777777777777778,3.3577464788732394,nan,nan
6053686,15.0,2,602,1,0,602,55,43.51807228915663,0.09136212624584718,0.0,1.0,4.7593023255813955,nan,nan
6171971,15.0,2,372,1,0,372,21,55.8,0.056451612903225805,0.0,1.0,3.6064516129032254,nan,nan
6172561,15.0,2,239,1,0,239,18,49.44827586206897,0.07531380753138076,0.0,1.0,4.07907949790795,nan,nan
6357847,15.0,2,716,7,6,358,43,21.696969696969695,0.12011173184357542,0.0,0.8888888888888888,8.813687150837989,nan,nan
6358495,15.0,2,308,1,0,308,19,57.75,0.06168831168831169,0.06666666666666667,1.0,4.646103896103896,nan,nan
6422329,15.0,2,269,1,0,269,3,161.4,0.011152416356877323,0.0,1.0,3.2546468401486988,nan,nan
6547817,15.0,2,320,1,1,288,7,123.42857142857143,0.024305555555555556,0.0,1.0,2.8899305555555554,nan,nan
6547822,15.0,2,341,4,3,218,9,39.63636363636363,0.04128440366972477,0.0,0.5,6.419724770642202,nan,nan
6756778,15.0,2,498,1,1,457,5,228.5,0.010940919037199124,0.0,1.0,3.1431072210065647,nan,nan
6896919,15.0,2,619,2,1,564,33,52.875,0.05851063829787234,0.1,0.8333333333333334,3.7735815602836884,nan,nan
6920600,15.0,2,225,1,0,225,17,48.214285714285715,0.07555555555555556,0.0,1.0,3.9875555555555557,nan,nan
6922501,15.0,2,273,1,1,239,22,42.1764705882353,0.09205020920502092,0.05,1.0,3.5288702928870292,nan,nan
6922622,15.0,2,453,1,0,453,23,79.94117647058823,0.05077262693156733,0.0,1.0,3.360044150110375,nan,nan
6941418,15.0,2,282,2,1,251,9,65.47826086956522,0.035856573705179286,0.0,1.0,4.025498007968127,nan,nan
6984632,15.0,2,617,2,1,578,66,36.50526315789474,0.11418685121107267,0.038461538461538464,1.0,4.166435986159169,nan,nan
7555066,15.0,2,339,1,0,339,17,78.23076923076923,0.05014749262536873,0.07692307692307693,1.0,6.828023598820058,nan,nan
7557391,15.0,2,302,1,0,302,34,38.5531914893617,0.11258278145695365,0.045454545454545456,1.0,5.095033112582781,nan,nan
7563440,15.0,2,591,1,0,591,43,53.72727272727273,0.0727580372250423,0.0,1.0,3.7270727580372247,nan,nan
7564587,15.0,2,242,2,1,197,23,28.829268292682926,0.116751269035533,0.05555555555555555,0.75,5.200507614213198,nan,nan
7583768,15.0,2,236,2,2,164,19,24.0,0.11585365853658537,0.0,1.0,5.025,nan,nan
7598344,15.0,2,219,1,0,219,22,36.5,0.1004566210045662,0.0,1.0,4.076255707762558,nan,nan
7613495,15.0,2,612,1,0,612,23,96.63157894736842,0.03758169934640523,0.0,1.0,3.866013071895425,nan,nan
7613518,15.0,2,285,2,2,214,19,37.76470588235294,0.08878504672897196,0.2222222222222222,1.0,5.565420560747664,nan,nan
7613731,15.0,2,271,1,1,233,13,77.66666666666667,0.055793991416309016,0.2,1.0,4.776394849785408,nan,nan
7691124,15.0,2,255,3,2,178,17,26.7,0.09550561797752809,0.0,0.75,7.092134831460674,nan,nan
7691163,15.0,2,301,2,1,267,27,33.375,0.10112359550561797,0.0,1.0,4.294007490636704,nan,nan
7691232,15.0,2,601,1,0,601,77,32.19642857142857,0.1281198003327787,0.01639344262295082,0.8461538461538461,3.7913477537437603,nan,nan
7691423,15.0,2,303,2,1,260,26,29.433962264150942,0.1,0.0,1.0,5.354230769230769,nan,nan
7691435,15.0,2,343,1,0,343,19,70.96551724137932,0.05539358600583091,0.09090909090909091,1.0,3.990379008746356,nan,nan
7691520,15.0,2,608,2,1,552,12,103.5,0.021739130434782608,0.0,0.75,5.922826086956522,nan,nan
7691542,15.0,2,368,2,1,306,20,51.0,0.06535947712418301,0.16666666666666666,1.0,4.528104575163399,nan,nan
7691885,15.0,2,251,2,1,208,20,29.023255813953487,0.09615384615384616,0.0,1.0,5.080288461538462,nan,nan
7691909,15.0,2,624,2,1,586,45,45.07692307692308,0.07679180887372014,0.023809523809523808,0.875,3.4438566552901024,nan,nan
7795968,15.0,2,252,1,1,195,12,48.75,0.06153846153846154,0.0,1.0,3.237435897435897,nan,nan
7797310,15.0,2,601,1,0,601,59,36.42424242424242,0.09816971713810316,0.0196078431372549,0.4444444444444444,3.2484193011647253,nan,nan
7799046,15.0,2,454,1,0,454,25,61.90909090909091,0.05506607929515418,0.043478260869565216,1.0,3.8196035242290747,nan,nan
7799135,15.0,2,329,1,0,329,15,68.06896551724138,0.04559270516717325,0.0,1.0,7.351975683890578,nan,nan
7799180,15.0,2,645,4,3,515,24,52.3728813559322,0.04660194174757282,0.0,0.8333333333333334,4.36504854368932,nan,nan
7799209,15.0,2,525,1,0,525,27,73.25581395348837,0.05142857142857143,0.0,1.0,3.642666666666667,nan,nan
7799211,15.0,2,232,3,2,155,18,21.136363636363637,0.11612903225806452,0.0,0.6,8.236129032258065,nan,nan
7799420,15.0,2,317,1,1,286,11,95.33333333333333,0.038461538461538464,0.0,1.0,2.8762237762237763,nan,nan
7799507,15.0,2,310,3,2,196,47,12.378947368421052,0.23979591836734693,0.0,0.8181818181818182,5.968367346938775,nan,nan
7852277,15.0,2,247,1,1,202,10,57.714285714285715,0.04950495049504951,0.0,1.0,4.512376237623762,nan,nan
7852403,15.0,2,290,1,0,290,18,87.0,0.06206896551724138,0.25,0.6666666666666666,7.627586206896551,nan,nan
7852411,15.0,2,607,3,2,521,52,32.22680412371134,0.09980806142034548,0.0,1.0,5.52763915547025,nan,nan
7852420,15.0,2,606,2,1,562,42,48.17142857142857,0.07473309608540925,0.0,0.8333333333333334,3.926690391459075,nan,nan
7852422,15.0,2,216,1,0,216,22,39.27272727272727,0.10185185185185185,0.0,1.0,4.161574074074074,nan,nan
7852445,15.0,2,307,1,0,307,17,55.81818181818182,0.05537459283387622,0.0,1.0,4.06514657980456,nan,nan
7852451,15.0,2,314,2,1,261,14,52.2,0.05363984674329502,0.0,0.6666666666666666,3.746360153256705,nan,nan
8354596,15.0,2,385,1,0,385,73,20.08695652173913,0.18961038961038962,0.07272727272727272,1.0,8.922337662337663,nan,nan
10752853,15.0,3,615,2,1,565,71,22.6,0.1256637168141593,0.0,0.0,6.557345132743363,nan,nan
10752864,15.0,3,232,2,1,187,18,26.093023255813954,0.0962566844919786,0.0,0.5714285714285714,6.933689839572192,nan,nan
10752951,15.0,3,610,1,0,610,70,34.528301886792455,0.11475409836065574,0.0,0.8888888888888888,5.267213114754099,nan,nan
10892045,15.0,3,323,2,1,282,19,38.45454545454545,0.0673758865248227,0.0,0.8,5.6046099290780145,nan,nan
10934834,15.0,3,242,1,0,242,10,66.0,0.04132231404958678,0.0,0.6666666666666666,4.369421487603306,nan,nan
10934933,15.0,3,423,1,0,423,24,65.07692307692308,0.05673758865248227,0.0,1.0,3.4813238770685575,nan,nan
10935081,15.0,3,278,1,0,278,18,50.54545454545455,0.06474820143884892,0.0,1.0,3.4550359712230216,nan,nan
10935136,15.0,3,308,1,1,261,17,71.18181818181819,0.06513409961685823,0.125,1.0,3.0904214559386975,nan,nan
10935148,15.0,3,237,2,3,66,2,33.0,0.030303030303030304,0.0,0.0,6.263636363636364,nan,nan
10935358,15.0,3,636,4,3,506,38,37.48148148148148,0.07509881422924901,0.0,1.0,3.257905138339921,nan,nan
10935638,15.0,3,228,1,0,228,2,171.0,0.008771929824561403,0.0,0.0,2.981140350877193,nan,nan
10935844,15.0,3,607,1,0,607,72,41.38636363636363,0.1186161449752883,0.0625,1.0,4.371828665568369,nan,nan
10969051,15.0,3,601,1,0,601,67,37.175257731958766,0.11148086522462562,0.0,0.75,3.737271214642263,nan,nan
11058912,15.0,3,601,1,0,601,51,69.34615384615384,0.08485856905158069,0.25,1.0,3.4504159733777033,nan,nan
11071635,15.0,3,423,2,1,377,29,46.16326530612245,0.07692307692307693,0.0,0.75,4.014854111405835,nan,nan
11071677,15.0,3,459,2,1,406,33,41.28813559322034,0.0812807881773399,0.0,1.0,4.438177339901478,nan,nan
11071727,15.0,3,411,1,0,411,32,53.608695652173914,0.07785888077858881,0.038461538461538464,0.75,3.387591240875912,nan,nan
11071733,15.0,3,257,1,0,257,25,35.86046511627907,0.09727626459143969,0.0,0.6,4.5809338521400775,nan,nan
11071965,15.0,3,535,3,2,448,34,42.0,0.07589285714285714,0.0,0.8333333333333334,4.7196428571428575,nan,nan
11092058,15.0,3,446,1,1,399,29,54.40909090909091,0.07268170426065163,0.0,1.0,5.062155388471178,nan,nan
11092072,15.0,3,247,1,0,247,13,61.75,0.05263157894736842,0.0,1.0,3.779352226720648,nan,nan
4300268,15.0,3,961,5,4,431,24,42.39344262295082,0.05568445475638051,0.0,0.5,5.160324825986079,nan,nan
4303167,15.0,3,610,3,2,518,45,37.0,0.08687258687258688,0.0,0.6666666666666666,4.311583011583012,nan,nan
4303201,15.0,3,600,1,0,600,35,62.06896551724138,0.058333333333333334,0.0,0.5714285714285714,3.0498333333333334,nan,nan
4326816,15.0,3,606,4,4,446,28,44.6,0.06278026905829596,0.0,0.6666666666666666,9.921300448430493,nan,nan
4453473,15.0,3,610,3,2,512,45,34.13333333333333,0.087890625,0.0,0.4666666666666667,8.4236328125,nan,nan
4636267,15.0,3,624,4,3,474,42,33.857142857142854,0.08860759493670886,0.0,0.875,6.8075949367088615,nan,nan
4652239,15.0,3,601,4,4,432,35,35.027027027027025,0.08101851851851852,0.0,0.75,5.366666666666667,nan,nan
4660369,15.0,3,640,3,2,523,39,47.54545454545455,0.0745697896749522,0.03225806451612903,0.4,4.696367112810707,nan,nan
4748312,15.0,3,624,5,4,435,15,56.73913043478261,0.034482758620689655,0.0,0.2857142857142857,4.840229885057472,nan,nan
4748313,15.0,3,770,3,2,465,54,28.762886597938145,0.11612903225806452,0.0,0.8888888888888888,4.167956989247312,nan,nan
4779685,15.0,3,669,5,4,405,25,37.96875,0.06172839506172839,0.045454545454545456,0.4444444444444444,6.479259259259259,nan,nan
4792372,15.0,3,609,3,3,455,31,48.75,0.06813186813186813,0.0,1.0,4.72967032967033,nan,nan
4793806,15.0,3,609,4,3,441,45,30.767441860465116,0.10204081632653061,0.0,0.75,3.8011337868480726,nan,nan
4798549,15.0,3,661,5,4,447,49,27.649484536082475,0.10961968680089486,0.021739130434782608,0.5384615384615384,4.317002237136466,nan,nan
4944723,15.0,3,650,5,5,292,24,27.80952380952381,0.0821917808219178,0.0,1.0,5.116780821917808,nan,nan
4981908,15.0,3,251,1,0,251,20,40.7027027027027,0.0796812749003984,0.058823529411764705,0.6,5.118326693227091,nan,nan
5084249,15.0,3,600,1,0,600,28,66.66666666666667,0.04666666666666667,0.0,0.36363636363636365,6.456833333333333,nan,nan
5133027,15.0,3,628,4,4,395,30,39.5,0.0759493670886076,0.0,0.8,5.385316455696202,nan,nan
5285957,15.0,3,387,1,0,387,16,77.4,0.041343669250646,0.0,0.5,3.191472868217054,nan,nan
5286334,15.0,3,342,1,0,342,43,35.37931034482759,0.12573099415204678,0.03225806451612903,0.8571428571428571,3.980701754385965,nan,nan
5395622,15.0,3,231,2,1,198,26,24.244897959183675,0.13131313131313133,0.0,1.0,5.0636363636363635,nan,nan
5538668,15.0,3,617,1,0,617,94,21.649122807017545,0.15235008103727715,0.025974025974025976,0.05555555555555555,3.182982171799028,nan,nan
5670672,15.0,3,264,3,2,145,8,33.46153846153846,0.05517241379310345,0.0,0.25,4.648965517241379,nan,nan
5729758,15.0,3,253,1,0,253,17,48.96774193548387,0.06719367588932806,0.0,0.5,5.903557312252964,nan,nan
5763820,15.0,3,989,4,5,347,40,34.7,0.11527377521613832,0.10526315789473684,0.7142857142857143,5.574063400576369,nan,nan
5917923,15.0,3,272,1,0,272,42,23.314285714285713,0.15441176470588236,0.0,1.0,4.397058823529412,nan,nan
5936666,15.0,3,602,1,0,602,28,84.0,0.046511627906976744,0.041666666666666664,0.6,3.7667774086378736,nan,nan
6014730,15.0,3,219,1,0,219,18,42.38709677419355,0.0821917808219178,0.0,1.0,3.9488584474885844,nan,nan
6051512,15.0,3,601,2,1,568,32,48.0,0.056338028169014086,0.0,0.13043478260869565,3.2624999999999997,nan,nan
6053686,15.0,3,602,1,0,602,55,43.51807228915663,0.09136212624584718,0.0,1.0,5.364950166112957,nan,nan
6171971,15.0,3,372,1,0,372,21,57.23076923076923,0.056451612903225805,0.0,1.0,5.180913978494623,nan,nan
6172561,15.0,3,239,1,0,239,18,49.44827586206897,0.07531380753138076,0.0,1.0,5.2217573221757325,nan,nan
6357847,15.0,3,716,7,6,358,43,21.918367346938776,0.12011173184357542,0.0,0.7,5.800837988826816,nan,nan
6358495,15.0,3,308,1,0,308,19,73.92,0.06168831168831169,0.14285714285714285,1.0,3.299025974025974,nan,nan
6422329,15.0,3,269,1,0,269,3,161.4,0.011152416356877323,0.0,1.0,3.0568773234200743,nan,nan
6547817,15.0,3,320,1,1,288,7,123.42857142857143,0.024305555555555556,0.0,1.0,4.789236111111111,nan,nan
6547822,15.0,3,341,4,3,218,9,40.875,0.04128440366972477,0.0,0.2,8.662385321100917,nan,nan
6756778,15.0,3,498,1,1,457,5,228.5,0.010940919037199124,0.0,1.0,4.727133479212254,nan,nan
6896919,15.0,3,619,2,1,564,33,53.714285714285715,0.05851063829787234,0.0,0.23076923076923078,4.345567375886525,nan,nan
6920600,15.0,3,225,1,0,225,17,48.214285714285715,0.07555555555555556,0.0,1.0,4.0328888888888885,nan,nan
6922501,15.0,3,273,1,1,239,22,43.45454545454545,0.09205020920502092,0.0,1.0,4.035146443514645,nan,nan
6922622,15.0,3,453,1,0,453,23,79.94117647058823,0.05077262693156733,0.0,1.0,3.273289183222958,nan,nan
6941418,15.0,3,282,2,1,251,9,62.75,0.035856573705179286,0.0,1.0,3.9633466135458164,nan,nan
6984632,15.0,3,617,2,1,578,66,36.50526315789474,0.11418685121107267,0.018518518518518517,0.42857142857142855,4.224913494809688,nan,nan
7555066,15.0,3,339,1,0,339,17,78.23076923076923,0.05014749262536873,0.07692307692307693,1.0,3.6023598820058997,nan,nan
7557391,15.0,3,302,1,0,302,34,36.24,0.11258278145695365,0.045454545454545456,1.0,4.269205298013245,nan,nan
7563440,15.0,3,591,1,0,591,43,53.72727272727273,0.0727580372250423,0.0,1.0,3.5199661590524536,nan,nan
7564587,15.0,3,242,2,1,197,23,29.55,0.116751269035533,0.05555555555555555,0.75,4.100507614213198,nan,nan
7583768,15.0,3,236,2,2,164,19,24.6,0.11585365853658537,0.0,0.2857142857142857,4.597560975609756,nan,nan
7598344,15.0,3,219,1,0,219,22,36.5,0.1004566210045662,0.0,1.0,4.218721461187214,nan,nan
7613495,15.0,3,612,1,0,612,23,96.63157894736842,0.03758169934640523,0.0,1.0,5.400490196078431,nan,nan
7613518,15.0,3,285,2,2,214,19,37.76470588235294,0.08878504672897196,0.2222222222222222,1.0,7.832242990654205,nan,nan
7613731,15.0,3,271,1,1,233,13,77.66666666666667,0.055793991416309016,0.2,1.0,5.1605150214592275,nan,nan
7691124,15.0,3,255,3,2,178,17,26.7,0.09550561797752809,0.0,0.75,6.603370786516854,nan,nan
7691163,15.0,3,301,2,1,267,27,34.08510638297872,0.10112359550561797,0.0,0.5,4.086142322097379,nan,nan
7691232,15.0,3,601,1,0,601,77,26.514705882352942,0.1281198003327787,0.01639344262295082,0.06779661016949153,3.796173044925125,nan,nan
7691423,15.0,3,303,2,1,260,26,29.433962264150942,0.1,0.0,1.0,4.46576923076923,nan,nan
7691435,15.0,3,343,1,0,343,19,70.96551724137932,0.05539358600583091,0.09090909090909091,1.0,3.4830903790087464,nan,nan
7691520,15.0,3,608,2,1,552,12,114.20689655172414,0.021739130434782608,0.0,0.5,7.247826086956522,nan,nan
7691542,15.0,3,368,2,1,306,20,51.0,0.06535947712418301,0.16666666666666666,1.0,9.130392156862746,nan,nan
7691885,15.0,3,251,2,1,208,20,29.023255813953487,0.09615384615384616,0.0,0.5,9.961057692307692,nan,nan
7691909,15.0,3,624,2,1,586,45,44.50632911392405,0.07679180887372014,0.023809523809523808,0.875,8.540102389078498,nan,nan
7795968,15.0,3,252,1,1,195,12,48.75,0.06153846153846154,0.0,1.0,3.603589743589744,nan,nan
7797310,15.0,3,601,1,0,601,59,31.086206896551722,0.09816971713810316,0.0,0.041666666666666664,3.1590682196339435,nan,nan
7799046,15.0,3,454,1,0,454,25,63.348837209302324,0.05506607929515418,0.043478260869565216,1.0,3.44295154185022,nan,nan
7799135,15.0,3,329,1,0,329,15,68.06896551724138,0.04559270516717325,0.0,1.0,4.235866261398176,nan,nan
7799180,15.0,3,645,4,3,515,24,54.21052631578947,0.04660194174757282,0.0,0.375,4.372233009708737,nan,nan
7799209,15.0,3,525,1,0,525,27,73.25581395348837,0.05142857142857143,0.0,1.0,4.108761904761905,nan,nan
7799211,15.0,3,232,3,2,155,18,20.666666666666668,0.11612903225806452,0.0,0.5,6.990322580645161,nan,nan
7799420,15.0,3,317,1,1,286,11,95.33333333333333,0.038461538461538464,0.125,1.0,3.18986013986014,nan,nan
7799507,15.0,3,310,3,2,196,47,11.41747572815534,0.23979591836734693,0.0,0.8461538461538461,7.710714285714285,nan,nan
7852277,15.0,3,247,1,1,202,10,57.714285714285715,0.04950495049504951,0.0,1.0,4.366336633663367,nan,nan
7852403,15.0,3,290,1,0,290,18,79.0909090909091,0.06206896551724138,0.25,1.0,3.986896551724138,nan,nan
7852411,15.0,3,607,3,2,521,52,32.22680412371134,0.09980806142034548,0.0,1.0,3.476007677543186,nan,nan
7852420,15.0,3,606,2,1,562,42,46.19178082191781,0.07473309608540925,0.0,0.8571428571428571,4.404092526690391,nan,nan
7852422,15.0,3,216,1,0,216,22,39.27272727272727,0.10185185185185185,0.0,1.0,14.064351851851852,nan,nan
7852445,15.0,3,307,1,0,307,17,59.41935483870968,0.05537459283387622,0.0,1.0,6.735179153094462,nan,nan
7852451,15.0,3,314,2,1,261,14,52.2,0.05363984674329502,0.0,0.6666666666666666,9.536781609195401,nan,nan
8354596,15.0,3,385,1,0,385,73,20.08695652173913,0.18961038961038962,0.03389830508474576,1.0,4.952467532467533,nan,nan
10752853,15.0,4,615,2,1,565,71,22.6,0.1256637168141593,0.0,0.0,4.606725663716815,nan,nan
10752864,15.0,4,232,2,1,187,18,28.05,0.0962566844919786,0.0,0.2222222222222222,4.30855614973262,nan,nan
10752951,15.0,4,610,1,0,610,70,34.528301886792455,0.11475409836065574,0.0,0.5833333333333334,3.0860655737704916,nan,nan
10892045,15.0,4,323,2,1,282,19,40.285714285714285,0.0673758865248227,0.0,0.5,3.4539007092198584,nan,nan
10934834,15.0,4,242,1,0,242,10,66.0,0.04132231404958678,0.0,0.6666666666666666,3.1454545454545455,nan,nan
10934933,15.0,4,423,1,0,423,24,65.07692307692308,0.05673758865248227,0.0,1.0,2.9886524822695035,nan,nan
10935081,15.0,4,278,1,0,278,18,53.806451612903224,0.06474820143884892,0.0,0.6666666666666666,3.0866906474820146,nan,nan
10935136,15.0,4,308,1,1,261,17,65.25,0.06513409961685823,0.125,0.5,3.1134099616858237,nan,nan
10935148,15.0,4,237,2,3,66,2,33.0,0.030303030303030304,0.0,0.0,6.1863636363636365,nan,nan
10935358,15.0,4,636,4,3,506,38,37.48148148148148,0.07509881422924901,0.0,0.46153846153846156,3.64901185770751,nan,nan
10935638,15.0,4,228,1,0,228,2,171.0,0.008771929824561403,0.0,0.0,4.8276315789473685,nan,nan
10935844,15.0,4,607,1,0,607,72,41.38636363636363,0.1186161449752883,0.0392156862745098,1.0,4.050906095551895,nan,nan
10969051,15.0,4,601,1,0,601,67,37.175257731958766,0.11148086522462562,0.0,0.75,3.850748752079867,nan,nan
11058912,15.0,4,601,1,0,601,51,69.34615384615384,0.08485856905158069,0.25,1.0,3.5692179700499165,nan,nan
11071635,15.0,4,423,2,1,377,29,41.127272727272725,0.07692307692307693,0.0,0.8333333333333334,5.606100795755968,nan,nan
11071677,15.0,4,459,2,1,406,33,41.28813559322034,0.0812807881773399,0.0,1.0,6.904926108374385,nan,nan
11071727,15.0,4,411,1,0,411,32,53.608695652173914,0.07785888077858881,0.038461538461538464,0.6,7.291970802919708,nan,nan
11071733,15.0,4,257,1,0,257,25,35.86046511627907,0.09727626459143969,0.0,0.6,4.250583657587549,nan,nan
11071965,15.0,4,535,3,2,448,34,42.0,0.07589285714285714,0.0,0.8333333333333334,3.6636160714285713,nan,nan
11092058,15.0,4,446,1,1,399,29,54.40909090909091,0.07268170426065163,0.0,0.4,3.720050125313283,nan,nan
11092072,15.0,4,247,1,0,247,13,61.75,0.05263157894736842,0.0,1.0,4.173684210526316,nan,nan
4300268,15.0,4,961,5,4,431,24,42.39344262295082,0.05568445475638051,0.0,0.3,7.090487238979119,nan,nan
4303167,15.0,4,610,3,2,518,45,37.90243902439025,0.08687258687258688,0.0,0.8571428571428571,4.666988416988417,nan,nan
4303201,15.0,4,600,1,0,600,35,62.06896551724138,0.058333333333333334,0.0,0.5714285714285714,3.0871666666666666,nan,nan
4326816,15.0,4,606,4,4,446,28,45.355932203389834,0.06278026905829596,0.0,0.375,5.4580717488789245,nan,nan
4453473,15.0,4,610,3,2,512,45,34.13333333333333,0.087890625,0.0,0.23809523809523808,4.162890625,nan,nan
4636267,15.0,4,624,4,3,474,42,34.68292682926829,0.08860759493670886,0.0,0.4166666666666667,6.1556962025316455,nan,nan
4652239,15.0,4,601,4,4,432,35,35.027027027027025,0.08101851851851852,0.0,0.75,5.02337962962963,nan,nan
4660369,15.0,4,640,3,2,523,39,48.276923076923076,0.0745697896749522,0.03225806451612903,0.25,3.7938814531548757,nan,nan
4748312,15.0,4,624,5,4,435,15,56.73913043478261,0.034482758620689655,0.0,0.2857142857142857,6.804367816091954,nan,nan
4748313,15.0,4,770,3,2,465,54,30.0,0.11612903225806452,0.0,0.7,8.002150537634408,nan,nan
4779685,15.0,4,669,5,4,405,25,38.57142857142857,0.06172839506172839,0.0,0.2727272727272727,4.850123456790123,nan,nan
4792372,15.0,4,609,3,3,455,31,48.75,0.06813186813186813,0.0,1.0,3.8103296703296703,nan,nan
4793806,15.0,4,609,4,3,441,45,30.413793103448278,0.10204081632653061,0.0,0.2857142857142857,4.248979591836735,nan,nan
4798549,15.0,4,661,5,4,447,49,27.649484536082475,0.10961968680089486,0.021739130434782608,0.4,3.953691275167785,nan,nan
4944723,15.0,4,650,5,5,292,24,27.80952380952381,0.0821917808219178,0.0,0.25,4.86986301369863,nan,nan
4981908,15.0,4,251,1,0,251,20,40.7027027027027,0.0796812749003984,0.0,0.6,4.176095617529881,nan,nan
5084249,15.0,4,600,1,0,600,28,67.9245283018868,0.04666666666666667,0.0,0.25,3.2053333333333334,nan,nan
5133027,15.0,4,628,4,4,395,30,39.5,0.0759493670886076,0.0,0.8,3.8417721518987342,nan,nan
5285957,15.0,4,387,1,0,387,16,77.4,0.041343669250646,0.0,0.5,3.1077519379844962,nan,nan
5286334,15.0,4,342,1,0,342,43,35.37931034482759,0.12573099415204678,0.03225806451612903,0.5555555555555556,5.5926900584795325,nan,nan
5395622,15.0,4,231,2,1,198,26,23.76,0.13131313131313133,0.0,0.42857142857142855,5.023232323232324,nan,nan
5538668,15.0,4,617,1,0,617,94,21.649122807017545,0.15235008103727715,0.025974025974025976,0.04,3.6181523500810373,nan,nan
5670672,15.0,4,264,3,2,145,8,33.46153846153846,0.05517241379310345,0.0,0.25,4.681379310344827,nan,nan
5729758,15.0,4,253,1,0,253,17,52.3448275862069,0.06719367588932806,0.0,0.6666666666666666,4.550592885375494,nan,nan
5763820,15.0,4,989,4,5,347,40,34.7,0.11527377521613832,0.045454545454545456,0.7142857142857143,4.711239193083573,nan,nan
5917923,15.0,4,272,1,0,272,42,23.652173913043477,0.15441176470588236,0.0,0.625,3.443014705882353,nan,nan
5936666,15.0,4,602,1,0,602,28,84.0,0.046511627906976744,0.041666666666666664,0.6,3.882392026578073,nan,nan
6014730,15.0,4,219,1,0,219,18,42.38709677419355,0.0821917808219178,0.0,1.0,5.022374429223745,nan,nan
6051512,15.0,4,601,2,1,568,32,48.68571428571428,0.056338028169014086,0.0,0.08333333333333333,3.5628521126760564,nan,nan
6053686,15.0,4,602,1,0,602,55,43.51807228915663,0.09136212624584718,0.0,1.0,6.128239202657807,nan,nan
6171971,15.0,4,372,1,0,372,21,58.73684210526316,0.056451612903225805,0.0,0.6,6.718548387096774,nan,nan
6172561,15.0,4,239,1,0,239,18,46.25806451612903,0.07531380753138076,0.0,0.6666666666666666,4.7418410041841,nan,nan
6357847,15.0,4,716,7,6,358,43,21.918367346938776,0.12011173184357542,0.0,0.35714285714285715,5.891899441340783,nan,nan
6358495,15.0,4,308,1,0,308,19,73.92,0.06168831168831169,0.14285714285714285,1.0,3.7607142857142857,nan,nan
6422329,15.0,4,269,1,0,269,3,161.4,0.011152416356877323,0.0,0.0,4.844981412639405,nan,nan
6547817,15.0,4,320,1,1,288,7,115.2,0.024305555555555556,0.0,1.0,5.451388888888889,nan,nan
6547822,15.0,4,341,4,3,218,9,40.875,0.04128440366972477,0.0,0.2,6.076605504587156,nan,nan
6756778,15.0,4,498,1,1,457,5,228.5,0.010940919037199124,0.0,1.0,3.104814004376368,nan,nan
6896919,15.0,4,619,2,1,564,33,53.714285714285715,0.05851063829787234,0.0,0.23076923076923078,3.5824468085106385,nan,nan
6920600,15.0,4,225,1,0,225,17,43.54838709677419,0.07555555555555556,0.0,0.5,3.6755555555555555,nan,nan
6922501,15.0,4,273,1,1,239,22,43.45454545454545,0.09205020920502092,0.0,1.0,3.6238493723849374,nan,nan
6922622,15.0,4,453,1,0,453,23,79.94117647058823,0.05077262693156733,0.0,1.0,3.3898454746136863,nan,nan
6941418,15.0,4,282,2,1,251,9,62.75,0.035856573705179286,0.0,0.2,4.208764940239044,nan,nan
6984632,15.0,4,617,2,1,578,66,37.69565217391305,0.11418685121107267,0.018518518518518517,0.38461538461538464,5.33477508650519,nan,nan
7555066,15.0,4,339,1,0,339,17,96.85714285714286,0.05014749262536873,0.14285714285714285,0.25,3.8380530973451323,nan,nan
7557391,15.0,4,302,1,0,302,34,38.5531914893617,0.11258278145695365,0.045454545454545456,1.0,4.47748344370861,nan,nan
7563440,15.0,4,591,1,0,591,43,54.55384615384615,0.0727580372250423,0.0,1.0,3.2898477157360406,nan,nan
7564587,15.0,4,242,2,1,197,23,29.55,0.116751269035533,0.05555555555555555,0.75,4.771573604060913,nan,nan
7583768,15.0,4,236,2,2,164,19,24.6,0.11585365853658537,0.0,0.2857142857142857,4.5774390243902445,nan,nan
7598344,15.0,4,219,1,0,219,22,36.5,0.1004566210045662,0.0,0.5,3.653881278538813,nan,nan
7613495,15.0,4,612,1,0,612,23,94.15384615384616,0.03758169934640523,0.0,0.75,4.991830065359477,nan,nan
7613518,15.0,4,285,2,2,214,19,37.76470588235294,0.08878504672897196,0.2222222222222222,0.4,6.578504672897196,nan,nan
7613731,15.0,4,271,1,1,233,13,77.66666666666667,0.055793991416309016,0.2,1.0,4.149356223175966,nan,nan
7691124,15.0,4,255,3,2,178,17,26.7,0.09550561797752809,0.0,0.3333333333333333,4.061797752808989,nan,nan
7691163,15.0,4,301,2,1,267,27,33.375,0.10112359550561797,0.0,0.5,5.3498127340823975,nan,nan
7691232,15.0,4,601,1,0,601,77,26.514705882352942,0.1281198003327787,0.01639344262295082,0.04838709677419355,3.571880199667221,nan,nan
7691423,15.0,4,303,2,1,260,26,30.58823529411765,0.1,0.0,0.3333333333333333,6.21576923076923,nan,nan
7691435,15.0,4,343,1,0,343,19,70.96551724137932,0.05539358600583091,0.09090909090909091,1.0,4.800874635568514,nan,nan
7691520,15.0,4,608,2,1,552,12,114.20689655172414,0.021739130434782608,0.0,0.5,5.757246376811594,nan,nan
7691542,15.0,4,368,2,1,306,20,54.0,0.06535947712418301,0.07692307692307693,1.0,6.209477124183007,nan,nan
7691885,15.0,4,251,2,1,208,20,30.4390243902439,0.09615384615384616,0.0,0.25,4.195673076923077,nan,nan
7691909,15.0,4,624,2,1,586,45,46.88,0.07679180887372014,0.023809523809523808,0.8571428571428571,4.065529010238908,nan,nan
7795968,15.0,4,252,1,1,195,12,48.75,0.06153846153846154,0.0,1.0,3.761025641025641,nan,nan
7797310,15.0,4,601,1,0,601,59,31.356521739130436,0.09816971713810316,0.0,0.02040816326530612,3.5871880199667223,nan,nan
7799046,15.0,4,454,1,0,454,25,69.84615384615384,0.05506607929515418,0.05555555555555555,0.5,4.068061674008811,nan,nan
7799135,15.0,4,329,1,0,329,15,65.8,0.04559270516717325,0.0,0.4,3.723404255319149,nan,nan
7799180,15.0,4,645,4,3,515,24,54.21052631578947,0.04660194174757282,0.0,0.375,3.979223300970874,nan,nan
7799209,15.0,4,525,1,0,525,27,73.25581395348837,0.05142857142857143,0.0,1.0,3.465333333333333,nan,nan
7799211,15.0,4,232,3,2,155,18,22.142857142857142,0.11612903225806452,0.0,0.6,7.434193548387096,nan,nan
7799420,15.0,4,317,1,1,286,11,95.33333333333333,0.038461538461538464,0.0,1.0,3.8877622377622383,nan,nan
7799507,15.0,4,310,3,2,196,47,11.529411764705882,0.23979591836734693,0.0,0.05405405405405406,4.944897959183674,nan,nan
7852277,15.0,4,247,1,1,202,10,71.29411764705883,0.04950495049504951,0.25,0.25,9.62821782178218,nan,nan
7852403,15.0,4,290,1,0,290,18,91.57894736842105,0.06206896551724138,0.25,0.6666666666666666,4.906896551724138,nan,nan
7852411,15.0,4,607,3,2,521,52,32.5625,0.09980806142034548,0.0,0.7272727272727273,4.290786948176583,nan,nan
7852420,15.0,4,606,2,1,562,42,51.87692307692308,0.07473309608540925,0.0,1.0,4.314056939501779,nan,nan
7852422,15.0,4,216,1,0,216,22,38.11764705882353,0.10185185185185185,0.0,1.0,4.828703703703703,nan,nan
7852445,15.0,4,307,1,0,307,17,55.81818181818182,0.05537459283387622,0.0,1.0,4.2110749185667755,nan,nan
7852451,15.0,4,314,2,1,261,14,52.2,0.05363984674329502,0.0,0.6666666666666666,5.588505747126437,nan,nan
8354596,15.0,4,385,1,0,385,73,20.263157894736842,0.18961038961038962,0.03389830508474576,0.8666666666666667,3.9514285714285715,nan,nan
10752853,15.0,5,615,2,1,565,71,22.6,0.1256637168141593,0.0,0.0,3.3017699115044246,nan,nan
10752864,15.0,5,232,2,1,187,18,28.05,0.0962566844919786,0.0,0.08333333333333333,3.379679144385027,nan,nan
10752951,15.0,5,610,1,0,610,70,34.528301886792455,0.11475409836065574,0.0,0.5833333333333334,3.2006557377049183,nan,nan
10892045,15.0,5,323,2,1,282,19,38.45454545454545,0.0673758865248227,0.0,0.07142857142857142,3.445390070921986,nan,nan
10934834,15.0,5,242,1,0,242,10,76.42105263157895,0.04132231404958678,0.0,0.3333333333333333,3.1479338842975206,nan,nan
10934933,15.0,5,423,1,0,423,24,63.45,0.05673758865248227,0.0,0.6,3.135697399527187,nan,nan
10935081,15.0,5,278,1,0,278,18,52.125,0.06474820143884892,0.0,0.5,5.807913669064748,nan,nan
10935136,15.0,5,308,1,1,261,17,74.57142857142857,0.06513409961685823,0.125,0.25,6.090804597701149,nan,nan
10935148,15.0,5,237,2,3,66,2,33.0,0.030303030303030304,0.0,0.0,4.96060606060606,nan,nan
10935358,15.0,5,636,4,3,506,38,37.02439024390244,0.07509881422924901,0.0,0.15,4.525098814229248,nan,nan
10935638,15.0,5,228,1,0,228,2,171.0,0.008771929824561403,0.0,0.0,3.1359649122807016,nan,nan
10935844,15.0,5,607,1,0,607,72,41.38636363636363,0.1186161449752883,0.018518518518518517,1.0,4.0,nan,nan
10969051,15.0,5,601,1,0,601,67,37.175257731958766,0.11148086522462562,0.0,0.75,3.6841930116472543,nan,nan
11058912,15.0,5,601,1,0,601,51,69.34615384615384,0.08485856905158069,0.25,1.0,7.243261231281198,nan,nan
11071635,15.0,5,423,2,1,377,29,41.888888888888886,0.07692307692307693,0.0,0.6666666666666666,8.26153846153846,nan,nan
11071677,15.0,5,459,2,1,406,33,39.9344262295082,0.0812807881773399,0.0,0.2727272727272727,5.269704433497537,nan,nan
11071727,15.0,5,411,1,0,411,32,53.608695652173914,0.07785888077858881,0.038461538461538464,0.6,4.586861313868614,nan,nan
11071733,15.0,5,257,1,0,257,25,35.86046511627907,0.09727626459143969,0.0,0.6,7.913618677042801,nan,nan
11071965,15.0,5,535,3,2,448,34,40.72727272727273,0.07589285714285714,0.0,0.25,5.920089285714285,nan,nan
11092058,15.0,5,446,1,1,399,29,54.40909090909091,0.07268170426065163,0.0,0.4,5.609273182957393,nan,nan
11092072,15.0,5,247,1,0,247,13,61.75,0.05263157894736842,0.0,0.2,7.8331983805668015,nan,nan
4300268,15.0,5,961,5,4,431,24,41.70967741935484,0.05568445475638051,0.0,0.15384615384615385,7.330394431554525,nan,nan
4303167,15.0,5,610,3,2,518,45,39.34177215189873,0.08687258687258688,0.0,0.625,5.4005791505791505,nan,nan
4303201,15.0,5,600,1,0,600,35,61.016949152542374,0.058333333333333334,0.0,0.2727272727272727,3.2783333333333333,nan,nan
4326816,15.0,5,606,4,4,446,28,45.355932203389834,0.06278026905829596,0.0,0.375,4.550896860986547,nan,nan
4453473,15.0,5,610,3,2,512,45,36.57142857142857,0.087890625,0.0,0.21052631578947367,4.207421875,nan,nan
4636267,15.0,5,624,4,3,474,42,34.68292682926829,0.08860759493670886,0.0,0.4166666666666667,7.507805907172996,nan,nan
4652239,15.0,5,601,4,4,432,35,33.66233766233766,0.08101851851851852,0.0,0.17647058823529413,6.037268518518518,nan,nan
4660369,15.0,5,640,3,2,523,39,46.83582089552239,0.0745697896749522,0.03225806451612903,0.21428571428571427,4.771128107074571,nan,nan
4748312,15.0,5,624,5,4,435,15,55.53191489361702,0.034482758620689655,0.0,0.1,4.733563218390804,nan,nan
4748313,15.0,5,770,3,2,465,54,30.32608695652174,0.11612903225806452,0.02127659574468085,0.42857142857142855,5.224086021505376,nan,nan
4779685,15.0,5,669,5,4,405,25,37.96875,0.06172839506172839,0.0,0.13333333333333333,5.334320987654321,nan,nan
4792372,15.0,5,609,3,3,455,31,47.89473684210526,0.06813186813186813,0.0,0.42857142857142855,4.049230769230769,nan,nan
4793806,15.0,5,609,4,3,441,45,30.767441860465116,0.10204081632653061,0.0,0.2857142857142857,5.055328798185942,nan,nan
4798549,15.0,5,661,5,4,447,49,27.367346938775512,0.10961968680089486,0.0,0.4,4.817225950782998,nan,nan
4944723,15.0,5,650,5,5,292,24,26.953846153846154,0.0821917808219178,0.0,0.05555555555555555,4.9958904109589035,nan,nan
4981908,15.0,5,251,1,0,251,20,39.63157894736842,0.0796812749003984,0.0,0.2222222222222222,5.978884462151394,nan,nan
5084249,15.0,5,600,1,0,600,28,70.58823529411765,0.04666666666666667,0.0,0.3,3.2735,nan,nan
5133027,15.0,5,628,4,4,395,30,38.85245901639344,0.0759493670886076,0.0,0.3333333333333333,5.5268354430379745,nan,nan
5285957,15.0,5,387,1,0,387,16,77.4,0.041343669250646,0.0,0.5,3.496640826873385,nan,nan
5286334,15.0,5,342,1,0,342,43,35.37931034482759,0.12573099415204678,0.03225806451612903,0.5555555555555556,4.673976608187134,nan,nan
5395622,15.0,5,231,2,1,198,26,23.76,0.13131313131313133,0.0,0.42857142857142855,8.381313131313131,nan,nan
5538668,15.0,5,617,1,0,617,94,30.34426229508197,0.15235008103727715,0.041666666666666664,0.4375,6.6354943273905995,nan,nan
5670672,15.0,5,264,3,2,145,8,33.46153846153846,0.05517241379310345,0.0,0.25,7.759310344827585,nan,nan
5729758,15.0,5,253,1,0,253,17,48.96774193548387,0.06719367588932806,0.0,0.5,4.118577075098814,nan,nan
5763820,15.0,5,989,4,5,347,40,32.53125,0.11527377521613832,0.045454545454545456,0.3333333333333333,4.404034582132565,nan,nan
5917923,15.0,5,272,1,0,272,42,25.5,0.15441176470588236,0.030303030303030304,0.75,4.611029411764706,nan,nan
5936666,15.0,5,602,1,0,602,28,80.26666666666667,0.046511627906976744,0.0,0.6,3.931395348837209,nan,nan
6014730,15.0,5,219,1,0,219,18,42.38709677419355,0.0821917808219178,0.0,0.6666666666666666,5.0680365296803656,nan,nan
6051512,15.0,5,601,2,1,568,32,53.25,0.056338028169014086,0.0,0.1,5.254401408450704,nan,nan
6053686,15.0,5,602,1,0,602,55,44.048780487804876,0.09136212624584718,0.0,1.0,4.129069767441861,nan,nan
6171971,15.0,5,372,1,0,372,21,55.8,0.056451612903225805,0.0,0.42857142857142855,3.771236559139785,nan,nan
6172561,15.0,5,239,1,0,239,18,46.25806451612903,0.07531380753138076,0.0,0.6666666666666666,4.288284518828452,nan,nan
6357847,15.0,5,716,7,6,358,43,21.696969696969695,0.12011173184357542,0.0,0.2222222222222222,6.955027932960894,nan,nan
6358495,15.0,5,308,1,0,308,19,52.8,0.06168831168831169,0.0,0.75,4.841233766233766,nan,nan
6422329,15.0,5,269,1,0,269,3,161.4,0.011152416356877323,0.0,0.0,3.0397769516728625,nan,nan
6547817,15.0,5,320,1,1,288,7,115.2,0.024305555555555556,0.0,1.0,4.251388888888889,nan,nan
6547822,15.0,5,341,4,3,218,9,40.875,0.04128440366972477,0.0,0.2,6.209174311926605,nan,nan
6756778,15.0,5,498,1,1,457,5,228.5,0.010940919037199124,0.0,1.0,3.2684901531728667,nan,nan
6896919,15.0,5,619,2,1,564,33,54.58064516129032,0.05851063829787234,0.0,0.25,3.630496453900709,nan,nan
6920600,15.0,5,225,1,0,225,17,43.54838709677419,0.07555555555555556,0.0,0.5,4.291555555555556,nan,nan
6922501,15.0,5,273,1,1,239,22,43.45454545454545,0.09205020920502092,0.0,1.0,4.935146443514644,nan,nan
6922622,15.0,5,453,1,0,453,23,79.94117647058823,0.05077262693156733,0.0,1.0,6.4121412803532,nan,nan
6941418,15.0,5,282,2,1,251,9,62.75,0.035856573705179286,0.0,0.2,7.866533864541832,nan,nan
6984632,15.0,5,617,2,1,578,66,40.325581395348834,0.11418685121107267,0.018518518518518517,0.625,7.0261245674740485,nan,nan
7555066,15.0,5,339,1,0,339,17,96.85714285714286,0.05014749262536873,0.14285714285714285,0.25,7.291445427728614,nan,nan
7557391,15.0,5,302,1,0,302,34,32.357142857142854,0.11258278145695365,0.0,0.5714285714285714,6.190066225165563,nan,nan
7563440,15.0,5,591,1,0,591,43,54.55384615384615,0.0727580372250423,0.0,1.0,4.338240270727581,nan,nan
7564587,15.0,5,242,2,1,197,23,29.55,0.116751269035533,0.05555555555555555,0.3333333333333333,6.461928934010152,nan,nan
7583768,15.0,5,236,2,2,164,19,25.23076923076923,0.11585365853658537,0.0,0.3333333333333333,4.015853658536585,nan,nan
7598344,15.0,5,219,1,0,219,22,39.81818181818182,0.1004566210045662,0.0,1.0,4.46027397260274,nan,nan
7613495,15.0,5,612,1,0,612,23,91.8,0.03758169934640523,0.0,0.6,3.8828431372549024,nan,nan
7613518,15.0,5,285,2,2,214,19,37.76470588235294,0.08878504672897196,0.2222222222222222,0.4,7.760747663551402,nan,nan
7613731,15.0,5,271,1,1,233,13,58.25,0.055793991416309016,0.0,1.0,6.074678111587983,nan,nan
7691124,15.0,5,255,3,2,178,17,26.048780487804876,0.09550561797752809,0.0,0.1111111111111111,8.536516853932584,nan,nan
7691163,15.0,5,301,2,1,267,27,36.40909090909091,0.10112359550561797,0.125,0.2222222222222222,3.991385767790262,nan,nan
7691232,15.0,5,601,1,0,601,77,34.34285714285714,0.1281198003327787,0.01639344262295082,0.6428571428571429,3.4787021630615635,nan,nan
7691423,15.0,5,303,2,1,260,26,30.58823529411765,0.1,0.0,0.3333333333333333,5.493846153846154,nan,nan
7691435,15.0,5,343,1,0,343,19,68.6,0.05539358600583091,0.09090909090909091,0.3333333333333333,4.088338192419825,nan,nan
7691520,15.0,5,608,2,1,552,12,110.4,0.021739130434782608,0.0,0.14285714285714285,3.8105072463768117,nan,nan
7691542,15.0,5,368,2,1,306,20,52.457142857142856,0.06535947712418301,0.07692307692307693,0.3333333333333333,7.127450980392157,nan,nan
7691885,15.0,5,251,2,1,208,20,30.4390243902439,0.09615384615384616,0.0,0.25,6.1745192307692305,nan,nan
7691909,15.0,5,624,2,1,586,45,43.95,0.07679180887372014,0.0,0.3333333333333333,4.136860068259385,nan,nan
7795968,15.0,5,252,1,1,195,12,48.75,0.06153846153846154,0.0,0.6666666666666666,4.684615384615385,nan,nan
7797310,15.0,5,601,1,0,601,59,36.795918367346935,0.09816971713810316,0.0,0.35294117647058826,3.310316139767055,nan,nan
7799046,15.0,5,454,1,0,454,25,64.85714285714286,0.05506607929515418,0.0,0.75,3.132819383259912,nan,nan
7799135,15.0,5,329,1,0,329,15,73.11111111111111,0.04559270516717325,0.0,0.6666666666666666,4.886626139817629,nan,nan
7799180,15.0,5,645,4,3,515,24,55.17857142857143,0.04660194174757282,0.0,0.375,5.065242718446601,nan,nan
7799209,15.0,5,525,1,0,525,27,73.25581395348837,0.05142857142857143,0.0,1.0,3.42552380952381,nan,nan
7799211,15.0,5,232,3,2,155,18,20.666666666666668,0.11612903225806452,0.0,0.08333333333333333,9.016129032258064,nan,nan
7799420,15.0,5,317,1,1,286,11,95.33333333333333,0.038461538461538464,0.0,1.0,4.945804195804196,nan,nan
7799507,15.0,5,310,3,2,196,47,13.83529411764706,0.23979591836734693,0.0,0.16666666666666666,6.332142857142856,nan,nan
7852277,15.0,5,247,1,1,202,10,57.714285714285715,0.04950495049504951,0.0,0.25,4.841089108910891,nan,nan
7852403,15.0,5,290,1,0,290,18,91.57894736842105,0.06206896551724138,0.25,0.6666666666666666,4.508620689655173,nan,nan
7852411,15.0,5,607,3,2,521,52,31.575757575757574,0.09980806142034548,0.0,0.3333333333333333,4.053934740882918,nan,nan
7852420,15.0,5,606,2,1,562,42,48.17142857142857,0.07473309608540925,0.0,0.8333333333333334,3.8208185053380785,nan,nan
7852422,15.0,5,216,1,0,216,22,38.11764705882353,0.10185185185185185,0.0,1.0,4.092592592592593,nan,nan
7852445,15.0,5,307,1,0,307,17,55.81818181818182,0.05537459283387622,0.0,0.3333333333333333,4.240716612377851,nan,nan
7852451,15.0,5,314,2,1,261,14,52.2,0.05363984674329502,0.0,0.6666666666666666,4.337931034482759,nan,nan
8354596,15.0,5,385,1,0,385,73,19.913793103448278,0.18961038961038962,0.03389830508474576,0.5,3.4584415584415584,nan,nan
10752853,15.0,6,615,2,1,565,71,22.6,0.1256637168141593,0.0,0.0,3.3608849557522125,nan,nan
10752864,15.0,6,232,2,1,187,18,28.05,0.0962566844919786,0.0,0.08333333333333333,6.883957219251337,nan,nan
10752951,15.0,6,610,1,0,610,70,33.888888888888886,0.11475409836065574,0.0,0.35294117647058826,4.283934426229508,nan,nan
10892045,15.0,6,323,2,1,282,19,36.78260869565217,0.0673758865248227,0.0,0.0,3.6099290780141846,nan,nan
10934834,15.0,6,242,1,0,242,10,76.42105263157895,0.04132231404958678,0.0,0.3333333333333333,3.1363636363636362,nan,nan
10934933,15.0,6,423,1,0,423,24,60.42857142857143,0.05673758865248227,0.0,0.09090909090909091,3.088179669030733,nan,nan
10935081,15.0,6,278,1,0,278,18,49.05882352941177,0.06474820143884892,0.0,0.1,3.1863309352517986,nan,nan
10935136,15.0,6,308,1,1,261,17,74.57142857142857,0.06513409961685823,0.125,0.25,3.8835249042145596,nan,nan
10935148,15.0,6,237,2,3,66,2,33.0,0.030303030303030304,0.0,0.0,4.196969696969697,nan,nan
10935358,15.0,6,636,4,3,506,38,36.142857142857146,0.07509881422924901,0.0,0.08333333333333333,3.659683794466403,nan,nan
10935638,15.0,6,228,1,0,228,2,171.0,0.008771929824561403,0.0,0.0,5.097368421052632,nan,nan
10935844,15.0,6,607,1,0,607,72,39.16129032258065,0.1186161449752883,0.018518518518518517,0.2777777777777778,3.8128500823723233,nan,nan
10969051,15.0,6,601,1,0,601,67,36.795918367346935,0.11148086522462562,0.0,0.4166666666666667,3.345091514143095,nan,nan
11058912,15.0,6,601,1,0,601,51,72.12,0.08485856905158069,0.25,0.45454545454545453,3.674708818635607,nan,nan
11071635,15.0,6,423,2,1,377,29,46.16326530612245,0.07692307692307693,0.0,0.75,4.2169761273209545,nan,nan
11071677,15.0,6,459,2,1,406,33,41.28813559322034,0.0812807881773399,0.0,0.3,3.873399014778325,nan,nan
11071727,15.0,6,411,1,0,411,32,51.375,0.07785888077858881,0.038461538461538464,0.2222222222222222,7.276885644768857,nan,nan
11071733,15.0,6,257,1,0,257,25,35.04545454545455,0.09727626459143969,0.0,0.2222222222222222,7.18171206225681,nan,nan
11071965,15.0,6,535,3,2,448,34,40.72727272727273,0.07589285714285714,0.0,0.25,4.353794642857143,nan,nan
11092058,15.0,6,446,1,1,399,29,54.40909090909091,0.07268170426065163,0.0,0.4,3.3388471177944865,nan,nan
11092072,15.0,6,247,1,0,247,13,61.75,0.05263157894736842,0.0,0.2,4.6898785425101215,nan,nan
4300268,15.0,6,961,5,4,431,24,41.70967741935484,0.05568445475638051,0.0,0.15384615384615385,7.502088167053365,nan,nan
4303167,15.0,6,610,3,2,518,45,37.44578313253012,0.08687258687258688,0.0,0.2857142857142857,5.58938223938224,nan,nan
4303201,15.0,6,600,1,0,600,35,61.016949152542374,0.058333333333333334,0.0,0.2727272727272727,3.6319999999999997,nan,nan
4326816,15.0,6,606,4,4,446,28,44.6,0.06278026905829596,0.0,0.375,4.817264573991031,nan,nan
4453473,15.0,6,610,3,2,512,45,34.13333333333333,0.087890625,0.0,0.06896551724137931,3.7953125,nan,nan
4636267,15.0,6,624,4,3,474,42,35.55,0.08860759493670886,0.0,0.5,5.485021097046413,nan,nan
4652239,15.0,6,601,4,4,432,35,32.81012658227848,0.08101851851851852,0.0,0.09090909090909091,4.461342592592593,nan,nan
4660369,15.0,6,640,3,2,523,39,46.83582089552239,0.0745697896749522,0.03225806451612903,0.21428571428571427,4.547418738049713,nan,nan
4748312,15.0,6,624,5,4,435,15,55.53191489361702,0.034482758620689655,0.0,0.1,4.55816091954023,nan,nan
4748313,15.0,6,770,3,2,465,54,29.680851063829788,0.11612903225806452,0.02127659574468085,0.2777777777777778,3.690537634408602,nan,nan
4779685,15.0,6,669,5,4,405,25,36.81818181818182,0.06172839506172839,0.0,0.05263157894736842,6.648395061728395,nan,nan
4792372,15.0,6,609,3,3,455,31,47.89473684210526,0.06813186813186813,0.0,0.42857142857142855,3.602637362637363,nan,nan
4793806,15.0,6,609,4,3,441,45,29.076923076923077,0.10204081632653061,0.0,0.08333333333333333,4.2517006802721085,nan,nan
4798549,15.0,6,661,5,4,447,49,26.554455445544555,0.10961968680089486,0.0,0.18181818181818182,3.9503355704697984,nan,nan
4944723,15.0,6,650,5,5,292,24,26.953846153846154,0.0821917808219178,0.0,0.05555555555555555,4.017808219178082,nan,nan
4981908,15.0,6,251,1,0,251,20,39.63157894736842,0.0796812749003984,0.0,0.2222222222222222,3.259760956175299,nan,nan
5084249,15.0,6,600,1,0,600,28,69.23076923076923,0.04666666666666667,0.0,0.13333333333333333,2.9593333333333334,nan,nan
5133027,15.0,6,628,4,4,395,30,40.86206896551724,0.0759493670886076,0.0,0.5,5.965569620253165,nan,nan
5285957,15.0,6,387,1,0,387,16,82.92857142857143,0.041343669250646,0.0,0.2,5.455555555555556,nan,nan
5286334,15.0,6,342,1,0,342,43,35.37931034482759,0.12573099415204678,0.03225806451612903,0.5555555555555556,3.5938596491228068,nan,nan
5395622,15.0,6,231,2,1,198,26,22.41509433962264,0.13131313131313133,0.0,0.058823529411764705,4.3858585858585855,nan,nan
5538668,15.0,6,617,1,0,617,94,21.154285714285713,0.15235008103727715,0.012195121951219513,0.025,3.5619124797406805,nan,nan
5670672,15.0,6,264,3,2,145,8,31.071428571428573,0.05517241379310345,0.0,0.0,5.412413793103448,nan,nan
5729758,15.0,6,253,1,0,253,17,56.22222222222222,0.06719367588932806,0.0,0.3333333333333333,3.857707509881423,nan,nan
5763820,15.0,6,989,4,5,347,40,33.04761904761905,0.11527377521613832,0.045454545454545456,0.11764705882352941,7.94178674351585,nan,nan
5917923,15.0,6,272,1,0,272,42,21.473684210526315,0.15441176470588236,0.0,0.08333333333333333,3.8573529411764707,nan,nan
5936666,15.0,6,602,1,0,602,28,78.52173913043478,0.046511627906976744,0.0,0.5,3.589036544850498,nan,nan
6014730,15.0,6,219,1,0,219,18,45.310344827586206,0.0821917808219178,0.0,1.0,3.9990867579908675,nan,nan
6051512,15.0,6,601,2,1,568,32,47.333333333333336,0.056338028169014086,0.0,0.0,3.7304577464788733,nan,nan
6053686,15.0,6,602,1,0,602,55,42.49411764705882,0.09136212624584718,0.0,0.45454545454545453,4.277906976744187,nan,nan
6171971,15.0,6,372,1,0,372,21,58.73684210526316,0.056451612903225805,0.0,0.2857142857142857,5.055376344086021,nan,nan
6172561,15.0,6,239,1,0,239,18,47.8,0.07531380753138076,0.0,0.6666666666666666,4.286192468619247,nan,nan
6357847,15.0,6,716,7,6,358,43,22.851063829787233,0.12011173184357542,0.0,0.2,6.4768156424581,nan,nan
6358495,15.0,6,308,1,0,308,19,56.0,0.06168831168831169,0.0,0.4,3.5620129870129866,nan,nan
6422329,15.0,6,269,1,0,269,3,161.4,0.011152416356877323,0.0,0.0,2.9144981412639406,nan,nan
6547817,15.0,6,320,1,1,288,7,115.2,0.024305555555555556,0.0,1.0,2.9899305555555555,nan,nan
6547822,15.0,6,341,4,3,218,9,38.470588235294116,0.04128440366972477,0.0,0.0,6.884862385321101,nan,nan
6756778,15.0,6,498,1,1,457,5,195.85714285714286,0.010940919037199124,0.0,0.0,3.051203501094092,nan,nan
6896919,15.0,6,619,2,1,564,33,86.76923076923077,0.05851063829787234,0.3333333333333333,0.058823529411764705,6.632446808510638,nan,nan
6920600,15.0,6,225,1,0,225,17,43.54838709677419,0.07555555555555556,0.0,0.5,7.111555555555555,nan,nan
6922501,15.0,6,273,1,1,239,22,49.44827586206897,0.09205020920502092,0.0,1.0,3.607949790794979,nan,nan
6922622,15.0,6,453,1,0,453,23,79.94117647058823,0.05077262693156733,0.0,1.0,3.187858719646799,nan,nan
6941418,15.0,6,282,2,1,251,9,57.92307692307692,0.035856573705179286,0.0,0.0,3.3784860557768925,nan,nan
6984632,15.0,6,617,2,1,578,66,37.69565217391305,0.11418685121107267,0.018518518518518517,0.3333333333333333,3.6583044982698962,nan,nan
7555066,15.0,6,339,1,0,339,17,96.85714285714286,0.05014749262536873,0.14285714285714285,0.25,5.213569321533924,nan,nan
7557391,15.0,6,302,1,0,302,34,31.24137931034483,0.11258278145695365,0.0,0.25,5.895695364238411,nan,nan
7563440,15.0,6,591,1,0,591,43,53.72727272727273,0.0727580372250423,0.0,1.0,3.114720812182741,nan,nan
7564587,15.0,6,242,2,1,197,23,28.142857142857142,0.116751269035533,0.0,0.3333333333333333,4.3497461928934005,nan,nan
7583768,15.0,6,236,2,2,164,19,24.0,0.11585365853658537,0.0,0.09090909090909091,6.03109756097561,nan,nan
7598344,15.0,6,219,1,0,219,22,36.5,0.1004566210045662,0.0,0.5,4.846118721461187,nan,nan
7613495,15.0,6,612,1,0,612,23,87.42857142857143,0.03758169934640523,0.0,0.2,3.3859477124183,nan,nan
7613518,15.0,6,285,2,2,214,19,36.68571428571428,0.08878504672897196,0.07692307692307693,0.4,5.588317757009346,nan,nan
7613731,15.0,6,271,1,1,233,13,58.25,0.055793991416309016,0.0,1.0,6.611158798283262,nan,nan
7691124,15.0,6,255,3,2,178,17,26.048780487804876,0.09550561797752809,0.0,0.1111111111111111,6.087640449438202,nan,nan
7691163,15.0,6,301,2,1,267,27,32.69387755102041,0.10112359550561797,0.0,0.2222222222222222,3.5232209737827715,nan,nan
7691232,15.0,6,601,1,0,601,77,26.514705882352942,0.1281198003327787,0.01639344262295082,0.031746031746031744,3.8029950083194675,nan,nan
7691423,15.0,6,303,2,1,260,26,34.666666666666664,0.1,0.18181818181818182,0.05263157894736842,5.375384615384615,nan,nan
7691435,15.0,6,343,1,0,343,19,79.15384615384616,0.05539358600583091,0.09090909090909091,0.6666666666666666,3.5807580174927116,nan,nan
7691520,15.0,6,608,2,1,552,12,103.5,0.021739130434782608,0.0,0.0,3.496376811594203,nan,nan
7691542,15.0,6,368,2,1,306,20,52.457142857142856,0.06535947712418301,0.09090909090909091,0.1,7.861437908496732,nan,nan
7691885,15.0,6,251,2,1,208,20,28.363636363636363,0.09615384615384616,0.0,0.07692307692307693,6.778365384615385,nan,nan
7691909,15.0,6,624,2,1,586,45,45.07692307692308,0.07679180887372014,0.0,0.26666666666666666,4.437542662116041,nan,nan
7795968,15.0,6,252,1,1,195,12,53.18181818181818,0.06153846153846154,0.0,0.3333333333333333,4.267692307692308,nan,nan
7797310,15.0,6,601,1,0,601,59,31.356521739130436,0.09816971713810316,0.0,0.02040816326530612,3.302495840266223,nan,nan
7799046,15.0,6,454,1,0,454,25,63.348837209302324,0.05506607929515418,0.0,0.25,3.3801762114537444,nan,nan
7799135,15.0,6,329,1,0,329,15,65.8,0.04559270516717325,0.0,0.1111111111111111,3.378115501519757,nan,nan
7799180,15.0,6,645,4,3,515,24,53.275862068965516,0.04660194174757282,0.0,0.16666666666666666,4.859029126213592,nan,nan
7799209,15.0,6,525,1,0,525,27,80.76923076923077,0.05142857142857143,0.0,1.0,4.1146666666666665,nan,nan
7799211,15.0,6,232,3,2,155,18,20.666666666666668,0.11612903225806452,0.0,0.08333333333333333,6.406451612903226,nan,nan
7799420,15.0,6,317,1,1,286,11,95.33333333333333,0.038461538461538464,0.0,1.0,4.004195804195804,nan,nan
7799507,15.0,6,310,3,2,196,47,11.41747572815534,0.23979591836734693,0.0,0.024390243902439025,5.965816326530612,nan,nan
7852277,15.0,6,247,1,1,202,10,60.6,0.04950495049504951,0.25,0.0,4.261386138613861,nan,nan
7852403,15.0,6,290,1,0,290,18,52.72727272727273,0.06206896551724138,0.0,0.125,3.5858620689655174,nan,nan
7852411,15.0,6,607,3,2,521,52,31.897959183673468,0.09980806142034548,0.0,0.25,4.43742802303263,nan,nan
7852420,15.0,6,606,2,1,562,42,46.833333333333336,0.07473309608540925,0.0,0.36363636363636365,3.6137010676156587,nan,nan
7852422,15.0,6,216,1,0,216,22,39.27272727272727,0.10185185185185185,0.0,1.0,3.914814814814815,nan,nan
7852445,15.0,6,307,1,0,307,17,52.628571428571426,0.05537459283387622,0.0,0.09090909090909091,3.4758957654723126,nan,nan
7852451,15.0,6,314,2,1,261,14,52.2,0.05363984674329502,0.0,0.6666666666666666,3.8264367816091958,nan,nan
8354596,15.0,6,385,1,0,385,73,21.79245283018868,0.18961038961038962,0.015625,0.6923076923076923,4.220519480519481,nan,nan
10752853,15.0,7,615,2,1,565,71,22.6,0.1256637168141593,0.0,0.0,5.230619469026549,nan,nan
10752864,15.0,7,232,2,1,187,18,28.05,0.0962566844919786,0.0,0.08333333333333333,6.457219251336898,nan,nan
10752951,15.0,7,610,1,0,610,70,32.972972972972975,0.11475409836065574,0.0,0.21739130434782608,5.921803278688525,nan,nan
10892045,15.0,7,323,2,1,282,19,36.78260869565217,0.0673758865248227,0.0,0.0,3.259929078014184,nan,nan
10934834,15.0,7,242,1,0,242,10,76.42105263157895,0.04132231404958678,0.0,0.3333333333333333,3.0648760330578515,nan,nan
10934933,15.0,7,423,1,0,423,24,60.42857142857143,0.05673758865248227,0.0,0.09090909090909091,3.0858156028368793,nan,nan
10935081,15.0,7,278,1,0,278,18,49.05882352941177,0.06474820143884892,0.0,0.1,3.210431654676259,nan,nan
10935136,15.0,7,308,1,1,261,17,74.57142857142857,0.06513409961685823,0.125,0.25,3.0540229885057473,nan,nan
10935148,15.0,7,237,2,3,66,2,33.0,0.030303030303030304,0.0,0.0,3.9696969696969697,nan,nan
10935358,15.0,7,636,4,3,506,38,36.142857142857146,0.07509881422924901,0.0,0.08333333333333333,4.5938735177865615,nan,nan
10935638,15.0,7,228,1,0,228,2,171.0,0.008771929824561403,0.0,0.0,4.080263157894737,nan,nan
10935844,15.0,7,607,1,0,607,72,37.9375,0.1186161449752883,0.018518518518518517,0.17391304347826086,3.7942339373970344,nan,nan
10969051,15.0,7,601,1,0,601,67,36.795918367346935,0.11148086522462562,0.0,0.4166666666666667,3.2552412645590683,nan,nan
11058912,15.0,7,601,1,0,601,51,70.70588235294117,0.08485856905158069,0.25,0.2857142857142857,3.6437603993344427,nan,nan
11071635,15.0,7,423,2,1,377,29,46.16326530612245,0.07692307692307693,0.0,0.75,4.172944297082228,nan,nan
11071677,15.0,7,459,2,1,406,33,42.73684210526316,0.0812807881773399,0.0,0.375,5.239655172413793,nan,nan
11071727,15.0,7,411,1,0,411,32,48.35294117647059,0.07785888077858881,0.0,0.2222222222222222,3.216788321167883,nan,nan
11071733,15.0,7,257,1,0,257,25,35.04545454545455,0.09727626459143969,0.0,0.2222222222222222,4.3486381322957195,nan,nan
11071965,15.0,7,535,3,2,448,34,40.72727272727273,0.07589285714285714,0.0,0.13333333333333333,3.8758928571428575,nan,nan
11092058,15.0,7,446,1,1,399,29,54.40909090909091,0.07268170426065163,0.0,0.4,4.496240601503759,nan,nan
11092072,15.0,7,247,1,0,247,13,61.75,0.05263157894736842,0.0,0.2,4.146558704453441,nan,nan
4300268,15.0,7,961,5,4,431,24,42.39344262295082,0.05568445475638051,0.0,0.06666666666666667,5.834570765661253,nan,nan
4303167,15.0,7,610,3,2,518,45,37.0,0.08687258687258688,0.0,0.16666666666666666,7.611776061776062,nan,nan
4303201,15.0,7,600,1,0,600,35,58.064516129032256,0.058333333333333334,0.0,0.11764705882352941,3.784666666666667,nan,nan
4326816,15.0,7,606,4,4,446,28,46.13793103448276,0.06278026905829596,0.0,0.42857142857142855,4.636547085201794,nan,nan
4453473,15.0,7,610,3,2,512,45,34.90909090909091,0.087890625,0.0,0.125,4.159765625,nan,nan
4636267,15.0,7,624,4,3,474,42,33.06976744186046,0.08860759493670886,0.0,0.14285714285714285,7.616033755274262,nan,nan
4652239,15.0,7,601,4,4,432,35,33.23076923076923,0.08101851851851852,0.0,0.09090909090909091,5.196296296296297,nan,nan
4660369,15.0,7,640,3,2,523,39,41.28947368421053,0.0745697896749522,0.0,0.1,3.9338432122370937,nan,nan
4748312,15.0,7,624,5,4,435,15,52.2,0.034482758620689655,0.0,0.0,4.552873563218391,nan,nan
4748313,15.0,7,770,3,2,465,54,28.181818181818183,0.11612903225806452,0.02127659574468085,0.16,4.084731182795699,nan,nan
4779685,15.0,7,669,5,4,405,25,36.81818181818182,0.06172839506172839,0.0,0.05263157894736842,6.37679012345679,nan,nan
4792372,15.0,7,609,3,3,455,31,47.89473684210526,0.06813186813186813,0.0,0.42857142857142855,5.703516483516483,nan,nan
4793806,15.0,7,609,4,3,441,45,29.730337078651687,0.10204081632653061,0.0,0.08695652173913043,5.292063492063493,nan,nan
4798549,15.0,7,661,5,4,447,49,26.554455445544555,0.10961968680089486,0.0,0.18181818181818182,4.153020134228188,nan,nan
4944723,15.0,7,650,5,5,292,24,28.258064516129032,0.0821917808219178,0.0,0.0625,5.222260273972603,nan,nan
4981908,15.0,7,251,1,0,251,20,37.65,0.0796812749003984,0.0,0.07692307692307693,4.77211155378486,nan,nan
5084249,15.0,7,600,1,0,600,28,64.28571428571429,0.04666666666666667,0.0,0.047619047619047616,4.1241666666666665,nan,nan
5133027,15.0,7,628,4,4,395,30,40.86206896551724,0.0759493670886076,0.0,0.5,5.088860759493671,nan,nan
5285957,15.0,7,387,1,0,387,16,82.92857142857143,0.041343669250646,0.0,0.2,3.901033591731266,nan,nan
5286334,15.0,7,342,1,0,342,43,33.63934426229508,0.12573099415204678,0.03225806451612903,0.26666666666666666,5.002046783625731,nan,nan
5395622,15.0,7,231,2,1,198,26,22.41509433962264,0.13131313131313133,0.0,0.058823529411764705,5.852020202020202,nan,nan
5538668,15.0,7,617,1,0,617,94,27.021897810218977,0.15235008103727715,0.012195121951219513,0.15151515151515152,4.994651539708266,nan,nan
5670672,15.0,7,264,3,2,145,8,31.071428571428573,0.05517241379310345,0.0,0.0,7.177931034482758,nan,nan
5729758,15.0,7,253,1,0,253,17,44.64705882352941,0.06719367588932806,0.0,0.09090909090909091,3.894861660079051,nan,nan
5763820,15.0,7,989,4,5,347,40,33.04761904761905,0.11527377521613832,0.045454545454545456,0.11764705882352941,5.384149855907781,nan,nan
5917923,15.0,7,272,1,0,272,42,24.35820895522388,0.15441176470588236,0.030303030303030304,0.08695652173913043,3.4544117647058825,nan,nan
5936666,15.0,7,602,1,0,602,28,75.25,0.046511627906976744,0.0,0.18181818181818182,3.262956810631229,nan,nan
6014730,15.0,7,219,1,0,219,18,43.8,0.0821917808219178,0.0,0.6666666666666666,4.144748858447489,nan,nan
6051512,15.0,7,601,2,1,568,32,50.865671641791046,0.056338028169014086,0.0,0.04,4.363556338028169,nan,nan
6053686,15.0,7,602,1,0,602,55,44.048780487804876,0.09136212624584718,0.0,0.3333333333333333,4.8393687707641195,nan,nan
6171971,15.0,7,372,1,0,372,21,58.73684210526316,0.056451612903225805,0.0,0.2857142857142857,3.8833333333333333,nan,nan
6172561,15.0,7,239,1,0,239,18,43.45454545454545,0.07531380753138076,0.0,0.125,4.184937238493724,nan,nan
6357847,15.0,7,716,7,6,358,43,20.457142857142856,0.12011173184357542,0.0,0.06896551724137931,5.767877094972067,nan,nan
6358495,15.0,7,308,1,0,308,19,56.0,0.06168831168831169,0.0,0.5,3.706168831168831,nan,nan
6422329,15.0,7,269,1,0,269,3,161.4,0.011152416356877323,0.0,0.0,3.6691449814126393,nan,nan
6547817,15.0,7,320,1,1,288,7,96.0,0.024305555555555556,0.0,0.0,3.0434027777777777,nan,nan
6547822,15.0,7,341,4,3,218,9,38.470588235294116,0.04128440366972477,0.0,0.0,13.384403669724772,nan,nan
6756778,15.0,7,498,1,1,457,5,195.85714285714286,0.010940919037199124,0.0,0.0,3.4354485776805253,nan,nan
6896919,15.0,7,619,2,1,564,33,52.875,0.05851063829787234,0.0,0.11764705882352941,4.101950354609929,nan,nan
6920600,15.0,7,225,1,0,225,17,46.55172413793103,0.07555555555555556,0.0,0.6666666666666666,3.516,nan,nan
6922501,15.0,7,273,1,1,239,22,43.45454545454545,0.09205020920502092,0.0,1.0,3.594142259414226,nan,nan
6922622,15.0,7,453,1,0,453,23,79.94117647058823,0.05077262693156733,0.0,1.0,3.171743929359823,nan,nan
6941418,15.0,7,282,2,1,251,9,57.92307692307692,0.035856573705179286,0.0,0.0,3.4776892430278883,nan,nan
6984632,15.0,7,617,2,1,578,66,39.40909090909091,0.11418685121107267,0.018518518518518517,0.3076923076923077,5.224221453287197,nan,nan
7555066,15.0,7,339,1,0,339,17,72.64285714285714,0.05014749262536873,0.0,0.25,3.6038348082595872,nan,nan
7557391,15.0,7,302,1,0,302,34,30.71186440677966,0.11258278145695365,0.0,0.23076923076923078,4.101655629139073,nan,nan
7563440,15.0,7,591,1,0,591,43,54.55384615384615,0.0727580372250423,0.0,0.6666666666666666,3.0788494077834176,nan,nan
7564587,15.0,7,242,2,1,197,23,28.142857142857142,0.116751269035533,0.0,0.3333333333333333,3.678172588832487,nan,nan
7583768,15.0,7,236,2,2,164,19,24.0,0.11585365853658537,0.0,0.09090909090909091,3.767073170731707,nan,nan
7598344,15.0,7,219,1,0,219,22,36.5,0.1004566210045662,0.0,0.4,6.361643835616438,nan,nan
7613495,15.0,7,612,1,0,612,23,87.42857142857143,0.03758169934640523,0.0,0.2222222222222222,4.572222222222222,nan,nan
7613518,15.0,7,285,2,2,214,19,33.78947368421053,0.08878504672897196,0.0,0.4,7.328504672897196,nan,nan
7613731,15.0,7,271,1,1,233,13,66.57142857142857,0.055793991416309016,0.0,0.5,4.178969957081545,nan,nan
7691124,15.0,7,255,3,2,178,17,26.048780487804876,0.09550561797752809,0.0,0.1111111111111111,7.965168539325842,nan,nan
7691163,15.0,7,301,2,1,267,27,33.375,0.10112359550561797,0.0,0.2222222222222222,3.8082397003745316,nan,nan
7691232,15.0,7,601,1,0,601,77,25.216783216783217,0.1281198003327787,0.0,0.05660377358490566,3.6903494176372713,nan,nan
7691423,15.0,7,303,2,1,260,26,28.363636363636363,0.1,0.0,0.05263157894736842,4.386153846153847,nan,nan
7691435,15.0,7,343,1,0,343,19,79.15384615384616,0.05539358600583091,0.09090909090909091,0.6666666666666666,3.6379008746355685,nan,nan
7691520,15.0,7,608,2,1,552,12,103.5,0.021739130434782608,0.0,0.0,6.479891304347826,nan,nan
7691542,15.0,7,368,2,1,306,20,49.62162162162162,0.06535947712418301,0.07692307692307693,0.09090909090909091,5.206862745098039,nan,nan
7691885,15.0,7,251,2,1,208,20,26.0,0.09615384615384616,0.0,0.0,4.8,nan,nan
7691909,15.0,7,624,2,1,586,45,45.66233766233766,0.07679180887372014,0.0,0.2857142857142857,4.184641638225256,nan,nan
7795968,15.0,7,252,1,1,195,12,48.75,0.06153846153846154,0.0,0.2,4.369230769230769,nan,nan
7797310,15.0,7,601,1,0,601,59,31.086206896551722,0.09816971713810316,0.0,0.02,4.100166389351081,nan,nan
7799046,15.0,7,454,1,0,454,25,66.4390243902439,0.05506607929515418,0.0,0.3333333333333333,3.336563876651982,nan,nan
7799135,15.0,7,329,1,0,329,15,65.8,0.04559270516717325,0.0,0.1111111111111111,3.8069908814589666,nan,nan
7799180,15.0,7,645,4,3,515,24,58.301886792452834,0.04660194174757282,0.0,0.2222222222222222,4.448543689320388,nan,nan
7799209,15.0,7,525,1,0,525,27,73.25581395348837,0.05142857142857143,0.0,0.2857142857142857,3.5428571428571427,nan,nan
7799211,15.0,7,232,3,2,155,18,19.375,0.11612903225806452,0.0,0.0,7.325806451612904,nan,nan
7799420,15.0,7,317,1,1,286,11,95.33333333333333,0.038461538461538464,0.0,1.0,3.501398601398601,nan,nan
7799507,15.0,7,310,3,2,196,47,14.341463414634147,0.23979591836734693,0.0,0.1875,5.481122448979591,nan,nan
7852277,15.0,7,247,1,1,202,10,50.5,0.04950495049504951,0.0,0.0,4.47970297029703,nan,nan
7852403,15.0,7,290,1,0,290,18,52.72727272727273,0.06206896551724138,0.0,0.125,4.469310344827586,nan,nan
7852411,15.0,7,607,3,2,521,52,31.897959183673468,0.09980806142034548,0.0,0.12,4.7368522072936665,nan,nan
7852420,15.0,7,606,2,1,562,42,45.567567567567565,0.07473309608540925,0.0,0.2,3.7747330960854093,nan,nan
7852422,15.0,7,216,1,0,216,22,39.27272727272727,0.10185185185185185,0.0,1.0,3.811574074074074,nan,nan
7852445,15.0,7,307,1,0,307,17,59.41935483870968,0.05537459283387622,0.0,0.14285714285714285,3.905211726384365,nan,nan
7852451,15.0,7,314,2,1,261,14,48.9375,0.05363984674329502,0.0,0.125,4.138314176245211,nan,nan
8354596,15.0,7,385,1,0,385,73,20.625,0.18961038961038962,0.015625,0.19230769230769232,4.9062337662337665,nan,nan
10752853,15.0,8,615,2,1,565,71,22.6,0.1256637168141593,0.0,0.0,5.9564601769911505,nan,nan
10752864,15.0,8,232,2,1,187,18,25.5,0.0962566844919786,0.0,0.0,3.658288770053476,nan,nan
10752951,15.0,8,610,1,0,610,70,32.972972972972975,0.11475409836065574,0.0,0.21739130434782608,3.248852459016393,nan,nan
10892045,15.0,8,323,2,1,282,19,36.78260869565217,0.0673758865248227,0.0,0.0,3.35,nan,nan
10934834,15.0,8,242,1,0,242,10,76.42105263157895,0.04132231404958678,0.0,0.3333333333333333,3.1173553719008265,nan,nan
10934933,15.0,8,423,1,0,423,24,60.42857142857143,0.05673758865248227,0.0,0.09090909090909091,3.118912529550827,nan,nan
10935081,15.0,8,278,1,0,278,18,49.05882352941177,0.06474820143884892,0.0,0.1,3.2172661870503596,nan,nan
10935136,15.0,8,308,1,1,261,17,74.57142857142857,0.06513409961685823,0.125,0.25,4.340229885057471,nan,nan
10935148,15.0,8,237,2,3,66,2,33.0,0.030303030303030304,0.0,0.0,4.201515151515152,nan,nan
10935358,15.0,8,636,4,3,506,38,34.89655172413793,0.07509881422924901,0.0,0.03333333333333333,3.756719367588933,nan,nan
10935638,15.0,8,228,1,0,228,2,171.0,0.008771929824561403,0.0,0.0,3.853947368421053,nan,nan
10935844,15.0,8,607,1,0,607,72,34.35849056603774,0.1186161449752883,0.018518518518518517,0.08333333333333333,4.849093904448106,nan,nan
10969051,15.0,8,601,1,0,601,67,35.7029702970297,0.11148086522462562,0.0,0.2222222222222222,6.089018302828619,nan,nan
11058912,15.0,8,601,1,0,601,51,65.56363636363636,0.08485856905158069,0.25,0.14285714285714285,4.940099833610649,nan,nan
11071635,15.0,8,423,2,1,377,29,37.08196721311475,0.07692307692307693,0.0,0.045454545454545456,4.335013262599469,nan,nan
11071677,15.0,8,459,2,1,406,33,39.9344262295082,0.0812807881773399,0.0,0.14285714285714285,4.733497536945813,nan,nan
11071727,15.0,8,411,1,0,411,32,48.35294117647059,0.07785888077858881,0.0,0.2222222222222222,3.8464720194647204,nan,nan
11071733,15.0,8,257,1,0,257,25,32.125,0.09727626459143969,0.0,0.0625,4.33112840466926,nan,nan
11071965,15.0,8,535,3,2,448,34,42.0,0.07589285714285714,0.0,0.14285714285714285,4.7040178571428575,nan,nan
11092058,15.0,8,446,1,1,399,29,54.40909090909091,0.07268170426065163,0.0,0.4,6.836090225563909,nan,nan
11092072,15.0,8,247,1,0,247,13,61.75,0.05263157894736842,0.0,0.2,5.479757085020243,nan,nan
4300268,15.0,8,961,5,4,431,24,42.39344262295082,0.05568445475638051,0.0,0.06666666666666667,6.363805104408353,nan,nan
4303167,15.0,8,610,3,2,518,45,37.0,0.08687258687258688,0.0,0.16666666666666666,4.5416988416988415,nan,nan
4303201,15.0,8,600,1,0,600,35,58.064516129032256,0.058333333333333334,0.0,0.11764705882352941,3.3055,nan,nan
4326816,15.0,8,606,4,4,446,28,43.16129032258065,0.06278026905829596,0.0,0.14285714285714285,6.1304932735426005,nan,nan
4453473,15.0,8,610,3,2,512,45,32.0,0.087890625,0.0,0.027777777777777776,4.119921875,nan,nan
4636267,15.0,8,624,4,3,474,42,31.6,0.08860759493670886,0.0,0.07407407407407407,4.431434599156118,nan,nan
4652239,15.0,8,601,4,4,432,35,30.13953488372093,0.08101851851851852,0.0,0.0,4.464583333333334,nan,nan
4660369,15.0,8,640,3,2,523,39,41.28947368421053,0.0745697896749522,0.0,0.1,3.9143403441682603,nan,nan
4748312,15.0,8,624,5,4,435,15,52.2,0.034482758620689655,0.0,0.0,5.450344827586207,nan,nan
4748313,15.0,8,770,3,2,465,54,24.26086956521739,0.11612903225806452,0.0,0.021739130434782608,4.294838709677419,nan,nan
4779685,15.0,8,669,5,4,405,25,34.714285714285715,0.06172839506172839,0.0,0.0,4.625925925925926,nan,nan
4792372,15.0,8,609,3,3,455,31,47.89473684210526,0.06813186813186813,0.0,0.42857142857142855,4.568131868131868,nan,nan
4793806,15.0,8,609,4,3,441,45,27.0,0.10204081632653061,0.0,0.029411764705882353,3.946485260770975,nan,nan
4798549,15.0,8,661,5,4,447,49,23.734513274336283,0.10961968680089486,0.0,0.024390243902439025,5.1046979865771815,nan,nan
4944723,15.0,8,650,5,5,292,24,28.258064516129032,0.0821917808219178,0.0,0.0625,5.840753424657534,nan,nan
4981908,15.0,8,251,1,0,251,20,34.22727272727273,0.0796812749003984,0.0,0.0,3.944223107569721,nan,nan
5084249,15.0,8,600,1,0,600,28,60.0,0.04666666666666667,0.0,0.0,3.0171666666666668,nan,nan
5133027,15.0,8,628,4,4,395,30,40.86206896551724,0.0759493670886076,0.0,0.5,4.218481012658228,nan,nan
5285957,15.0,8,387,1,0,387,16,82.92857142857143,0.041343669250646,0.0,0.2,3.3322997416020668,nan,nan
5286334,15.0,8,342,1,0,342,43,33.63934426229508,0.12573099415204678,0.03225806451612903,0.26666666666666666,3.8190058479532163,nan,nan
5395622,15.0,8,231,2,1,198,26,22.41509433962264,0.13131313131313133,0.0,0.058823529411764705,4.846969696969698,nan,nan
5538668,15.0,8,617,1,0,617,94,27.021897810218977,0.15235008103727715,0.012195121951219513,0.15151515151515152,5.449756888168557,nan,nan
5670672,15.0,8,264,3,2,145,8,31.071428571428573,0.05517241379310345,0.0,0.0,5.182068965517241,nan,nan
5729758,15.0,8,253,1,0,253,17,50.6,0.06719367588932806,0.0,0.16666666666666666,5.63201581027668,nan,nan
5763820,15.0,8,989,4,5,347,40,33.04761904761905,0.11527377521613832,0.045454545454545456,0.11764705882352941,6.072046109510087,nan,nan
5917923,15.0,8,272,1,0,272,42,22.985915492957748,0.15441176470588236,0.030303030303030304,0.03333333333333333,3.9025735294117645,nan,nan
5936666,15.0,8,602,1,0,602,28,69.46153846153847,0.046511627906976744,0.0,0.05555555555555555,3.438704318936877,nan,nan
6014730,15.0,8,219,1,0,219,18,38.64705882352941,0.0821917808219178,0.0,0.1111111111111111,5.545662100456621,nan,nan
6051512,15.0,8,601,2,1,568,32,50.865671641791046,0.056338028169014086,0.0,0.04,3.8385563380281695,nan,nan
6053686,15.0,8,602,1,0,602,55,44.048780487804876,0.09136212624584718,0.0,0.3333333333333333,4.454817275747509,nan,nan
6171971,15.0,8,372,1,0,372,21,48.52173913043478,0.056451612903225805,0.0,0.0,3.5379032258064513,nan,nan
6172561,15.0,8,239,1,0,239,18,43.45454545454545,0.07531380753138076,0.0,0.125,3.8401673640167364,nan,nan
6357847,15.0,8,716,7,6,358,43,19.706422018348626,0.12011173184357542,0.0,0.027777777777777776,5.714804469273743,nan,nan
6358495,15.0,8,308,1,0,308,19,49.945945945945944,0.06168831168831169,0.0,0.09090909090909091,3.090909090909091,nan,nan
6422329,15.0,8,269,1,0,269,3,161.4,0.011152416356877323,0.0,0.0,6.333828996282528,nan,nan
6547817,15.0,8,320,1,1,288,7,96.0,0.024305555555555556,0.0,0.0,5.274652777777778,nan,nan
6547822,15.0,8,341,4,3,218,9,38.470588235294116,0.04128440366972477,0.0,0.0,6.076146788990825,nan,nan
6756778,15.0,8,498,1,1,457,5,195.85714285714286,0.010940919037199124,0.0,0.0,3.043544857768053,nan,nan
6896919,15.0,8,619,2,1,564,33,50.507462686567166,0.05851063829787234,0.0,0.041666666666666664,3.222872340425532,nan,nan
6920600,15.0,8,225,1,0,225,17,42.1875,0.07555555555555556,0.0,0.1111111111111111,3.1946666666666665,nan,nan
6922501,15.0,8,273,1,1,239,22,43.45454545454545,0.09205020920502092,0.0,1.0,3.921757322175732,nan,nan
6922622,15.0,8,453,1,0,453,23,79.94117647058823,0.05077262693156733,0.0,1.0,3.079690949227373,nan,nan
6941418,15.0,8,282,2,1,251,9,57.92307692307692,0.035856573705179286,0.0,0.0,5.370517928286852,nan,nan
6984632,15.0,8,617,2,1,578,66,33.34615384615385,0.11418685121107267,0.018518518518518517,0.058823529411764705,4.546885813148789,nan,nan
7555066,15.0,8,339,1,0,339,17,72.64285714285714,0.05014749262536873,0.0,0.25,3.4097345132743366,nan,nan
7557391,15.0,8,302,1,0,302,34,29.704918032786885,0.11258278145695365,0.0,0.1111111111111111,4.414900662251656,nan,nan
7563440,15.0,8,591,1,0,591,43,54.55384615384615,0.0727580372250423,0.0,0.5714285714285714,3.482571912013536,nan,nan
7564587,15.0,8,242,2,1,197,23,29.55,0.116751269035533,0.0,0.5,5.630456852791879,nan,nan
7583768,15.0,8,236,2,2,164,19,24.0,0.11585365853658537,0.0,0.09090909090909091,3.8780487804878048,nan,nan
7598344,15.0,8,219,1,0,219,22,35.513513513513516,0.1004566210045662,0.0,0.1111111111111111,3.9273972602739726,nan,nan
7613495,15.0,8,612,1,0,612,23,81.6,0.03758169934640523,0.0,0.0625,4.545915032679739,nan,nan
7613518,15.0,8,285,2,2,214,19,32.1,0.08878504672897196,0.0,0.09090909090909091,4.72803738317757,nan,nan
7613731,15.0,8,271,1,1,233,13,66.57142857142857,0.055793991416309016,0.0,0.5,3.977682403433476,nan,nan
7691124,15.0,8,255,3,2,178,17,26.048780487804876,0.09550561797752809,0.0,0.1111111111111111,6.239325842696629,nan,nan
7691163,15.0,8,301,2,1,267,27,30.22641509433962,0.10112359550561797,0.0,0.0625,3.762921348314607,nan,nan
7691232,15.0,8,601,1,0,601,77,22.82278481012658,0.1281198003327787,0.0,0.0,3.497171381031614,nan,nan
7691423,15.0,8,303,2,1,260,26,28.363636363636363,0.1,0.0,0.05263157894736842,4.770384615384615,nan,nan
7691435,15.0,8,343,1,0,343,19,66.38709677419355,0.05539358600583091,0.09090909090909091,0.1,4.303790087463557,nan,nan
7691520,15.0,8,608,2,1,552,12,103.5,0.021739130434782608,0.0,0.0,5.528623188405797,nan,nan
7691542,15.0,8,368,2,1,306,20,44.78048780487805,0.06535947712418301,0.0,0.09090909090909091,4.953267973856209,nan,nan
7691885,15.0,8,251,2,1,208,20,29.714285714285715,0.09615384615384616,0.0,0.08333333333333333,4.6125,nan,nan
7691909,15.0,8,624,2,1,586,45,45.07692307692308,0.07679180887372014,0.0,0.16666666666666666,5.854948805460751,nan,nan
7795968,15.0,8,252,1,1,195,12,53.18181818181818,0.06153846153846154,0.0,0.3333333333333333,3.8600000000000003,nan,nan
7797310,15.0,8,601,1,0,601,59,31.086206896551722,0.09816971713810316,0.0,0.0196078431372549,4.75108153078203,nan,nan
7799046,15.0,8,454,1,0,454,25,57.95744680851064,0.05506607929515418,0.0,0.06666666666666667,3.9061674008810576,nan,nan
7799135,15.0,8,329,1,0,329,15,58.05882352941177,0.04559270516717325,0.0,0.0,3.503647416413374,nan,nan
7799180,15.0,8,645,4,3,515,24,58.301886792452834,0.04660194174757282,0.0,0.2222222222222222,3.9590291262135926,nan,nan
7799209,15.0,8,525,1,0,525,27,73.25581395348837,0.05142857142857143,0.0,0.2857142857142857,3.542666666666667,nan,nan
7799211,15.0,8,232,3,2,155,18,19.375,0.11612903225806452,0.0,0.0,4.029677419354839,nan,nan
7799420,15.0,8,317,1,1,286,11,95.33333333333333,0.038461538461538464,0.0,1.0,4.201048951048951,nan,nan
7799507,15.0,8,310,3,2,196,47,11.09433962264151,0.23979591836734693,0.0,0.0,15.68673469387755,nan,nan
7852277,15.0,8,247,1,1,202,10,50.5,0.04950495049504951,0.0,0.0,8.057920792079209,nan,nan
7852403,15.0,8,290,1,0,290,18,52.72727272727273,0.06206896551724138,0.0,0.125,8.375172413793104,nan,nan
7852411,15.0,8,607,3,2,521,52,28.16216216216216,0.09980806142034548,0.0,0.022727272727272728,9.56468330134357,nan,nan
7852420,15.0,8,606,2,1,562,42,46.833333333333336,0.07473309608540925,0.0,0.23076923076923078,6.495017793594306,nan,nan
7852422,15.0,8,216,1,0,216,22,39.27272727272727,0.10185185185185185,0.0,1.0,8.720833333333333,nan,nan
7852445,15.0,8,307,1,0,307,17,59.41935483870968,0.05537459283387622,0.0,0.14285714285714285,3.822149837133551,nan,nan
7852451,15.0,8,314,2,1,261,14,43.5,0.05363984674329502,0.0,0.0,3.925670498084291,nan,nan
8354596,15.0,8,385,1,0,385,73,16.041666666666668,0.18961038961038962,0.015625,0.0,3.8062337662337664,nan,nan
10752853,15.0,9,615,2,1,565,71,22.6,0.1256637168141593,0.0,0.0,4.390442477876106,nan,nan
10752864,15.0,9,232,2,1,187,18,25.5,0.0962566844919786,0.0,0.0,3.7946524064171125,nan,nan
10752951,15.0,9,610,1,0,610,70,30.0,0.11475409836065574,0.0,0.075,3.2826229508196723,nan,nan
10892045,15.0,9,323,2,1,282,19,36.78260869565217,0.0673758865248227,0.0,0.0,3.2872340425531914,nan,nan
10934834,15.0,9,242,1,0,242,10,60.5,0.04132231404958678,0.0,0.0,3.0417355371900827,nan,nan
10934933,15.0,9,423,1,0,423,24,60.42857142857143,0.05673758865248227,0.0,0.09090909090909091,3.087706855791962,nan,nan
10935081,15.0,9,278,1,0,278,18,49.05882352941177,0.06474820143884892,0.0,0.1,3.4035971223021586,nan,nan
10935136,15.0,9,308,1,1,261,17,74.57142857142857,0.06513409961685823,0.125,0.25,5.145593869731801,nan,nan
10935148,15.0,9,237,2,3,66,2,33.0,0.030303030303030304,0.0,0.0,9.043939393939393,nan,nan
10935358,15.0,9,636,4,3,506,38,33.0,0.07509881422924901,0.0,0.0,6.756916996047431,nan,nan
10935638,15.0,9,228,1,0,228,2,171.0,0.008771929824561403,0.0,0.0,3.835526315789474,nan,nan
10935844,15.0,9,607,1,0,607,72,36.42,0.1186161449752883,0.018518518518518517,0.1,3.9886326194398682,nan,nan
10969051,15.0,9,601,1,0,601,67,34.0188679245283,0.11148086522462562,0.0,0.11538461538461539,3.5495840266222967,nan,nan
11058912,15.0,9,601,1,0,601,51,51.51428571428571,0.08485856905158069,0.03571428571428571,0.06896551724137931,3.4214642262895176,nan,nan
11071635,15.0,9,423,2,1,377,29,39.68421052631579,0.07692307692307693,0.0,0.05555555555555555,4.389655172413794,nan,nan
11071677,15.0,9,459,2,1,406,33,36.90909090909091,0.0812807881773399,0.0,0.045454545454545456,9.175615763546798,nan,nan
11071727,15.0,9,411,1,0,411,32,48.35294117647059,0.07785888077858881,0.0,0.2222222222222222,5.072019464720195,nan,nan
11071733,15.0,9,257,1,0,257,25,32.125,0.09727626459143969,0.0,0.0625,4.209727626459144,nan,nan
11071965,15.0,9,535,3,2,448,34,42.0,0.07589285714285714,0.0,0.14285714285714285,4.706919642857143,nan,nan
11092058,15.0,9,446,1,1,399,29,54.40909090909091,0.07268170426065163,0.0,0.4,3.6764411027568924,nan,nan
11092072,15.0,9,247,1,0,247,13,61.75,0.05263157894736842,0.0,0.2,6.560728744939271,nan,nan
4300268,15.0,9,961,5,4,431,24,42.39344262295082,0.05568445475638051,0.0,0.06666666666666667,4.8856148491879345,nan,nan
4303167,15.0,9,610,3,2,518,45,35.31818181818182,0.08687258687258688,0.0,0.08,6.121042471042471,nan,nan
4303201,15.0,9,600,1,0,600,35,53.73134328358209,0.058333333333333334,0.0,0.04,5.475833333333333,nan,nan
4326816,15.0,9,606,4,4,446,28,37.166666666666664,0.06278026905829596,0.0,0.0,6.1887892376681615,nan,nan
4453473,15.0,9,610,3,2,512,45,32.680851063829785,0.087890625,0.0,0.02857142857142857,4.191015625,nan,nan
4636267,15.0,9,624,4,3,474,42,28.44,0.08860759493670886,0.0,0.0,4.0445147679324895,nan,nan
4652239,15.0,9,601,4,4,432,35,30.13953488372093,0.08101851851851852,0.0,0.0,3.784490740740741,nan,nan
4660369,15.0,9,640,3,2,523,39,37.80722891566265,0.0745697896749522,0.0,0.03333333333333333,3.4577437858508606,nan,nan
4748312,15.0,9,624,5,4,435,15,52.2,0.034482758620689655,0.0,0.0,5.118850574712643,nan,nan
4748313,15.0,9,770,3,2,465,54,23.25,0.11612903225806452,0.0,0.0,5.759784946236559,nan,nan
4779685,15.0,9,669,5,4,405,25,34.714285714285715,0.06172839506172839,0.0,0.0,4.002469135802469,nan,nan
4792372,15.0,9,609,3,3,455,31,40.14705882352941,0.06813186813186813,0.0,0.043478260869565216,3.3593406593406594,nan,nan
4793806,15.0,9,609,4,3,441,45,28.451612903225808,0.10204081632653061,0.0,0.07407407407407407,3.6117913832199546,nan,nan
4798549,15.0,9,661,5,4,447,49,22.728813559322035,0.10961968680089486,0.0,0.0,3.742953020134228,nan,nan
4944723,15.0,9,650,5,5,292,24,28.258064516129032,0.0821917808219178,0.0,0.0625,4.074657534246575,nan,nan
4981908,15.0,9,251,1,0,251,20,40.7027027027027,0.0796812749003984,0.0,0.1,5.025099601593626,nan,nan
5084249,15.0,9,600,1,0,600,28,66.66666666666667,0.04666666666666667,0.0,0.05,3.2108333333333334,nan,nan
5133027,15.0,9,628,4,4,395,30,34.85294117647059,0.0759493670886076,0.0,0.05,4.35493670886076,nan,nan
5285957,15.0,9,387,1,0,387,16,82.92857142857143,0.041343669250646,0.0,0.2,3.5165374677002585,nan,nan
5286334,15.0,9,342,1,0,342,43,28.901408450704224,0.12573099415204678,0.03225806451612903,0.03225806451612903,3.558771929824561,nan,nan
5395622,15.0,9,231,2,1,198,26,22.41509433962264,0.13131313131313133,0.0,0.058823529411764705,4.280808080808081,nan,nan
5538668,15.0,9,617,1,0,617,94,20.229508196721312,0.15235008103727715,0.012195121951219513,0.0,3.527228525121556,nan,nan
5670672,15.0,9,264,3,2,145,8,31.071428571428573,0.05517241379310345,0.0,0.0,3.788275862068965,nan,nan
5729758,15.0,9,253,1,0,253,17,47.4375,0.06719367588932806,0.0,0.125,5.3007905138339915,nan,nan
5763820,15.0,9,989,4,5,347,40,33.04761904761905,0.11527377521613832,0.045454545454545456,0.11764705882352941,5.40806916426513,nan,nan
5917923,15.0,9,272,1,0,272,42,20.4,0.15441176470588236,0.0,0.03225806451612903,3.4511029411764707,nan,nan
5936666,15.0,9,602,1,0,602,28,69.46153846153847,0.046511627906976744,0.0,0.05555555555555555,3.2014950166112954,nan,nan
6014730,15.0,9,219,1,0,219,18,38.64705882352941,0.0821917808219178,0.0,0.1111111111111111,3.9004566210045666,nan,nan
6051512,15.0,9,601,2,1,568,32,47.333333333333336,0.056338028169014086,0.0,0.0,4.595070422535211,nan,nan
6053686,15.0,9,602,1,0,602,55,37.23711340206186,0.09136212624584718,0.0,0.0625,4.289202657807309,nan,nan
6171971,15.0,9,372,1,0,372,21,48.52173913043478,0.056451612903225805,0.0,0.0,7.281720430107527,nan,nan
6172561,15.0,9,239,1,0,239,18,43.45454545454545,0.07531380753138076,0.0,0.125,5.361087866108787,nan,nan
6357847,15.0,9,716,7,6,358,43,20.074766355140188,0.12011173184357542,0.0,0.029411764705882353,6.430446927374302,nan,nan
6358495,15.0,9,308,1,0,308,19,44.0,0.06168831168831169,0.0,0.0,3.6314935064935066,nan,nan
6422329,15.0,9,269,1,0,269,3,161.4,0.011152416356877323,0.0,0.0,3.6524163568773234,nan,nan
6547817,15.0,9,320,1,1,288,7,96.0,0.024305555555555556,0.0,0.0,3.577777777777778,nan,nan
6547822,15.0,9,341,4,3,218,9,38.470588235294116,0.04128440366972477,0.0,0.0,6.971100917431193,nan,nan
6756778,15.0,9,498,1,1,457,5,195.85714285714286,0.010940919037199124,0.0,0.0,3.5306345733041575,nan,nan
6896919,15.0,9,619,2,1,564,33,50.507462686567166,0.05851063829787234,0.0,0.043478260869565216,3.4031914893617023,nan,nan
6920600,15.0,9,225,1,0,225,17,42.1875,0.07555555555555556,0.0,0.1111111111111111,3.555111111111111,nan,nan
6922501,15.0,9,273,1,1,239,22,43.45454545454545,0.09205020920502092,0.0,1.0,3.6343096234309624,nan,nan
6922622,15.0,9,453,1,0,453,23,82.36363636363636,0.05077262693156733,0.0,1.0,3.165121412803532,nan,nan
6941418,15.0,9,282,2,1,251,9,57.92307692307692,0.035856573705179286,0.0,0.0,3.637051792828685,nan,nan
6984632,15.0,9,617,2,1,578,66,33.34615384615385,0.11418685121107267,0.018518518518518517,0.058823529411764705,3.630795847750865,nan,nan
7555066,15.0,9,339,1,0,339,17,72.64285714285714,0.05014749262536873,0.0,0.2,5.5,nan,nan
7557391,15.0,9,302,1,0,302,34,27.454545454545453,0.11258278145695365,0.0,0.04,7.176490066225166,nan,nan
7563440,15.0,9,591,1,0,591,43,51.391304347826086,0.0727580372250423,0.0,0.21428571428571427,4.877326565143824,nan,nan
7564587,15.0,9,242,2,1,197,23,29.55,0.116751269035533,0.0,0.5,3.8588832487309648,nan,nan
7583768,15.0,9,236,2,2,164,19,25.23076923076923,0.11585365853658537,0.0,0.1,3.9390243902439024,nan,nan
7598344,15.0,9,219,1,0,219,22,35.513513513513516,0.1004566210045662,0.0,0.1111111111111111,4.120091324200913,nan,nan
7613495,15.0,9,612,1,0,612,23,73.44,0.03758169934640523,0.0,0.0,3.1996732026143793,nan,nan
7613518,15.0,9,285,2,2,214,19,32.1,0.08878504672897196,0.0,0.09090909090909091,10.98644859813084,nan,nan
7613731,15.0,9,271,1,1,233,13,66.57142857142857,0.055793991416309016,0.0,0.5,9.062231759656653,nan,nan
7691124,15.0,9,255,3,2,178,17,26.7,0.09550561797752809,0.0,0.1111111111111111,11.060112359550562,nan,nan
7691163,15.0,9,301,2,1,267,27,30.22641509433962,0.10112359550561797,0.0,0.0625,6.710861423220973,nan,nan
7691232,15.0,9,601,1,0,601,77,22.82278481012658,0.1281198003327787,0.0,0.0,4.981364392678869,nan,nan
7691423,15.0,9,303,2,1,260,26,26.0,0.1,0.0,0.0,5.424230769230769,nan,nan
7691435,15.0,9,343,1,0,343,19,57.166666666666664,0.05539358600583091,0.0,0.1,4.161516034985423,nan,nan
7691520,15.0,9,608,2,1,552,12,103.5,0.021739130434782608,0.0,0.0,3.4503623188405794,nan,nan
7691542,15.0,9,368,2,1,306,20,44.78048780487805,0.06535947712418301,0.0,0.09090909090909091,4.374509803921568,nan,nan
7691885,15.0,9,251,2,1,208,20,29.714285714285715,0.09615384615384616,0.0,0.08333333333333333,5.114423076923076,nan,nan
7691909,15.0,9,624,2,1,586,45,42.36144578313253,0.07679180887372014,0.0,0.08,3.6863481228668937,nan,nan
7795968,15.0,9,252,1,1,195,12,53.18181818181818,0.06153846153846154,0.0,0.3333333333333333,3.5702564102564103,nan,nan
7797310,15.0,9,601,1,0,601,59,31.086206896551722,0.09816971713810316,0.0,0.0196078431372549,4.118635607321131,nan,nan
7799046,15.0,9,454,1,0,454,25,57.95744680851064,0.05506607929515418,0.0,0.06666666666666667,3.605726872246696,nan,nan
7799135,15.0,9,329,1,0,329,15,58.05882352941177,0.04559270516717325,0.0,0.0,4.4787234042553195,nan,nan
7799180,15.0,9,645,4,3,515,24,53.275862068965516,0.04660194174757282,0.0,0.0625,4.367572815533981,nan,nan
7799209,15.0,9,525,1,0,525,27,73.25581395348837,0.05142857142857143,0.0,0.2857142857142857,3.5594285714285716,nan,nan
7799211,15.0,9,232,3,2,155,18,19.375,0.11612903225806452,0.0,0.0,3.985806451612903,nan,nan
7799420,15.0,9,317,1,1,286,11,95.33333333333333,0.038461538461538464,0.0,1.0,3.868181818181818,nan,nan
7799507,15.0,9,310,3,2,196,47,11.09433962264151,0.23979591836734693,0.0,0.0,7.9862244897959185,nan,nan
7852277,15.0,9,247,1,1,202,10,50.5,0.04950495049504951,0.0,0.0,7.736138613861386,nan,nan
7852403,15.0,9,290,1,0,290,18,52.72727272727273,0.06206896551724138,0.0,0.125,7.806206896551725,nan,nan
7852411,15.0,9,607,3,2,521,52,26.948275862068964,0.09980806142034548,0.0,0.0,4.693474088291747,nan,nan
7852420,15.0,9,606,2,1,562,42,43.79220779220779,0.07473309608540925,0.0,0.09523809523809523,4.209252669039146,nan,nan
7852422,15.0,9,216,1,0,216,22,39.27272727272727,0.10185185185185185,0.0,1.0,3.9439814814814813,nan,nan
7852445,15.0,9,307,1,0,307,17,59.41935483870968,0.05537459283387622,0.0,0.14285714285714285,4.684039087947883,nan,nan
7852451,15.0,9,314,2,1,261,14,43.5,0.05363984674329502,0.0,0.0,4.021072796934866,nan,nan
8354596,15.0,9,385,1,0,385,73,16.041666666666668,0.18961038961038962,0.015625,0.0,4.1103896103896105,nan,nan
10752853,15.0,10,615,2,1,565,71,22.6,0.1256637168141593,0.0,0.0,3.849557522123894,nan,nan
10752864,15.0,10,232,2,1,187,18,25.5,0.0962566844919786,0.0,0.0,3.4791443850267383,nan,nan
10752951,15.0,10,610,1,0,610,70,28.59375,0.11475409836065574,0.0,0.041666666666666664,3.298524590163934,nan,nan
10892045,15.0,10,323,2,1,282,19,36.78260869565217,0.0673758865248227,0.0,0.0,3.5404255319148934,nan,nan
10934834,15.0,10,242,1,0,242,10,60.5,0.04132231404958678,0.0,0.0,3.1578512396694216,nan,nan
10934933,15.0,10,423,1,0,423,24,60.42857142857143,0.05673758865248227,0.0,0.09090909090909091,4.176595744680851,nan,nan
10935081,15.0,10,278,1,0,278,18,50.54545454545455,0.06474820143884892,0.0,0.125,3.4694244604316546,nan,nan
10935136,15.0,10,308,1,1,261,17,58.0,0.06513409961685823,0.0,0.25,3.459003831417624,nan,nan
10935148,15.0,10,237,2,3,66,2,33.0,0.030303030303030304,0.0,0.0,6.648484848484848,nan,nan
10935358,15.0,10,636,4,3,506,38,33.0,0.07509881422924901,0.0,0.0,4.01897233201581,nan,nan
10935638,15.0,10,228,1,0,228,2,171.0,0.008771929824561403,0.0,0.0,3.301754385964912,nan,nan
10935844,15.0,10,607,1,0,607,72,35.359223300970875,0.1186161449752883,0.018518518518518517,0.13333333333333333,3.346128500823723,nan,nan
10969051,15.0,10,601,1,0,601,67,35.00970873786408,0.11148086522462562,0.0,0.2,3.521630615640599,nan,nan
11058912,15.0,10,601,1,0,601,51,47.44736842105263,0.08485856905158069,0.03571428571428571,0.02631578947368421,5.015806988352746,nan,nan
11071635,15.0,10,423,2,1,377,29,39.68421052631579,0.07692307692307693,0.0,0.05555555555555555,6.7610079575596815,nan,nan
11071677,15.0,10,459,2,1,406,33,36.90909090909091,0.0812807881773399,0.0,0.045454545454545456,7.632266009852216,nan,nan
11071727,15.0,10,411,1,0,411,32,48.35294117647059,0.07785888077858881,0.0,0.2222222222222222,4.130656934306569,nan,nan
11071733,15.0,10,257,1,0,257,25,28.555555555555557,0.09727626459143969,0.0,0.0,3.9128404669260703,nan,nan
11071965,15.0,10,535,3,2,448,34,38.4,0.07589285714285714,0.0,0.045454545454545456,6.581026785714286,nan,nan
11092058,15.0,10,446,1,1,399,29,54.40909090909091,0.07268170426065163,0.0,0.4,7.6649122807017545,nan,nan
11092072,15.0,10,247,1,0,247,13,64.43478260869566,0.05263157894736842,0.0,0.25,5.701214574898786,nan,nan
4300268,15.0,10,961,5,4,431,24,42.39344262295082,0.05568445475638051,0.0,0.06666666666666667,4.650580046403713,nan,nan
4303167,15.0,10,610,3,2,518,45,33.06382978723404,0.08687258687258688,0.0,0.029411764705882353,4.4198841698841695,nan,nan
4303201,15.0,10,600,1,0,600,35,53.73134328358209,0.058333333333333334,0.0,0.04,5.904,nan,nan
4326816,15.0,10,606,4,4,446,28,37.166666666666664,0.06278026905829596,0.0,0.0,6.930717488789237,nan,nan
4453473,15.0,10,610,3,2,512,45,32.680851063829785,0.087890625,0.0,0.02857142857142857,5.7939453125,nan,nan
4636267,15.0,10,624,4,3,474,42,28.44,0.08860759493670886,0.0,0.0,5.54493670886076,nan,nan
4652239,15.0,10,601,4,4,432,35,30.13953488372093,0.08101851851851852,0.0,0.0,6.417129629629629,nan,nan
4660369,15.0,10,640,3,2,523,39,37.80722891566265,0.0745697896749522,0.0,0.03333333333333333,3.8458891013384324,nan,nan
4748312,15.0,10,624,5,4,435,15,52.2,0.034482758620689655,0.0,0.0,4.015402298850574,nan,nan
4748313,15.0,10,770,3,2,465,54,23.25,0.11612903225806452,0.0,0.0,4.648172043010753,nan,nan
4779685,15.0,10,669,5,4,405,25,34.714285714285715,0.06172839506172839,0.0,0.0,5.333333333333333,nan,nan
4792372,15.0,10,609,3,3,455,31,36.891891891891895,0.06813186813186813,0.0,0.0,4.237582417582417,nan,nan
4793806,15.0,10,609,4,3,441,45,26.727272727272727,0.10204081632653061,0.0,0.027777777777777776,3.8145124716553287,nan,nan
4798549,15.0,10,661,5,4,447,49,22.728813559322035,0.10961968680089486,0.0,0.0,3.5993288590604027,nan,nan
4944723,15.0,10,650,5,5,292,24,25.764705882352942,0.0821917808219178,0.0,0.0,6.289041095890411,nan,nan
4981908,15.0,10,251,1,0,251,20,34.22727272727273,0.0796812749003984,0.0,0.0,7.110358565737052,nan,nan
5084249,15.0,10,600,1,0,600,28,60.0,0.04666666666666667,0.0,0.0,7.031833333333334,nan,nan
5133027,15.0,10,628,4,4,395,30,34.85294117647059,0.0759493670886076,0.0,0.05,8.03620253164557,nan,nan
5285957,15.0,10,387,1,0,387,16,82.92857142857143,0.041343669250646,0.0,0.2,6.623514211886305,nan,nan
5286334,15.0,10,342,1,0,342,43,25.333333333333332,0.12573099415204678,0.03225806451612903,0.0,7.667251461988304,nan,nan
5395622,15.0,10,231,2,1,198,26,22.41509433962264,0.13131313131313133,0.0,0.058823529411764705,11.83838383838384,nan,nan
5538668,15.0,10,617,1,0,617,94,20.229508196721312,0.15235008103727715,0.012195121951219513,0.0,6.92933549432739,nan,nan
5670672,15.0,10,264,3,2,145,8,31.071428571428573,0.05517241379310345,0.0,0.0,4.1786206896551725,nan,nan
5729758,15.0,10,253,1,0,253,17,39.94736842105263,0.06719367588932806,0.0,0.0,3.4114624505928854,nan,nan
5763820,15.0,10,989,4,5,347,40,33.04761904761905,0.11527377521613832,0.045454545454545456,0.11764705882352941,5.6596541786743515,nan,nan
5917923,15.0,10,272,1,0,272,42,20.4,0.15441176470588236,0.0,0.03225806451612903,5.654779411764705,nan,nan
5936666,15.0,10,602,1,0,602,28,69.46153846153847,0.046511627906976744,0.0,0.05555555555555555,6.100332225913621,nan,nan
6014730,15.0,10,219,1,0,219,18,32.85,0.0821917808219178,0.0,0.0,5.101369863013699,nan,nan
6051512,15.0,10,601,2,1,568,32,47.333333333333336,0.056338028169014086,0.0,0.0,4.3603873239436615,nan,nan
6053686,15.0,10,602,1,0,602,55,37.625,0.09136212624584718,0.0,0.06451612903225806,3.695348837209302,nan,nan
6171971,15.0,10,372,1,0,372,21,48.52173913043478,0.056451612903225805,0.0,0.0,4.869354838709677,nan,nan
6172561,15.0,10,239,1,0,239,18,43.45454545454545,0.07531380753138076,0.0,0.125,5.939748953974895,nan,nan
6357847,15.0,10,716,7,6,358,43,20.074766355140188,0.12011173184357542,0.0,0.029411764705882353,8.846648044692737,nan,nan
6358495,15.0,10,308,1,0,308,19,44.0,0.06168831168831169,0.0,0.0,3.903246753246753,nan,nan
6422329,15.0,10,269,1,0,269,3,161.4,0.011152416356877323,0.0,0.0,3.503345724907063,nan,nan
6547817,15.0,10,320,1,1,288,7,96.0,0.024305555555555556,0.0,0.0,4.573263888888889,nan,nan
6547822,15.0,10,341,4,3,218,9,38.470588235294116,0.04128440366972477,0.0,0.0,5.284403669724771,nan,nan
6756778,15.0,10,498,1,1,457,5,195.85714285714286,0.010940919037199124,0.0,0.0,5.120131291028446,nan,nan
6896919,15.0,10,619,2,1,564,33,50.507462686567166,0.05851063829787234,0.0,0.043478260869565216,4.846808510638298,nan,nan
6920600,15.0,10,225,1,0,225,17,35.526315789473685,0.07555555555555556,0.0,0.0,3.9475555555555557,nan,nan
6922501,15.0,10,273,1,1,239,22,35.85,0.09205020920502092,0.0,0.09090909090909091,5.06234309623431,nan,nan
6922622,15.0,10,453,1,0,453,23,82.36363636363636,0.05077262693156733,0.0,1.0,3.429580573951435,nan,nan
6941418,15.0,10,282,2,1,251,9,57.92307692307692,0.035856573705179286,0.0,0.0,4.747410358565737,nan,nan
6984632,15.0,10,617,2,1,578,66,33.34615384615385,0.11418685121107267,0.018518518518518517,0.058823529411764705,5.0299307958477515,nan,nan
7555066,15.0,10,339,1,0,339,17,72.64285714285714,0.05014749262536873,0.0,0.2,9.088200589970501,nan,nan
7557391,15.0,10,302,1,0,302,34,25.166666666666668,0.11258278145695365,0.0,0.0,4.317549668874173,nan,nan
7563440,15.0,10,591,1,0,591,43,51.391304347826086,0.0727580372250423,0.0,0.21428571428571427,4.054314720812183,nan,nan
7564587,15.0,10,242,2,1,197,23,25.695652173913043,0.116751269035533,0.0,0.07692307692307693,4.502030456852792,nan,nan
7583768,15.0,10,236,2,2,164,19,25.23076923076923,0.11585365853658537,0.0,0.1,3.81280487804878,nan,nan
7598344,15.0,10,219,1,0,219,22,34.578947368421055,0.1004566210045662,0.0,0.1,3.972146118721461,nan,nan
7613495,15.0,10,612,1,0,612,23,73.44,0.03758169934640523,0.0,0.0,4.339705882352941,nan,nan
7613518,15.0,10,285,2,2,214,19,27.91304347826087,0.08878504672897196,0.0,0.0,6.447196261682243,nan,nan
7613731,15.0,10,271,1,1,233,13,66.57142857142857,0.055793991416309016,0.0,0.5,4.76824034334764,nan,nan
7691124,15.0,10,255,3,2,178,17,23.217391304347824,0.09550561797752809,0.0,0.0,5.119101123595506,nan,nan
7691163,15.0,10,301,2,1,267,27,30.22641509433962,0.10112359550561797,0.0,0.0625,4.838202247191011,nan,nan
7691232,15.0,10,601,1,0,601,77,22.82278481012658,0.1281198003327787,0.0,0.0,3.5590682196339434,nan,nan
7691423,15.0,10,303,2,1,260,26,26.0,0.1,0.0,0.0,4.263076923076923,nan,nan
7691435,15.0,10,343,1,0,343,19,60.529411764705884,0.05539358600583091,0.0,0.1111111111111111,4.799708454810496,nan,nan
7691520,15.0,10,608,2,1,552,12,103.5,0.021739130434782608,0.0,0.0,7.186050724637681,nan,nan
7691542,15.0,10,368,2,1,306,20,44.78048780487805,0.06535947712418301,0.0,0.09090909090909091,7.2823529411764705,nan,nan
7691885,15.0,10,251,2,1,208,20,26.0,0.09615384615384616,0.0,0.0,8.07451923076923,nan,nan
7691909,15.0,10,624,2,1,586,45,39.50561797752809,0.07679180887372014,0.0,0.029411764705882353,6.271331058020478,nan,nan
7795968,15.0,10,252,1,1,195,12,41.785714285714285,0.06153846153846154,0.0,0.0,4.553333333333333,nan,nan
7797310,15.0,10,601,1,0,601,59,31.356521739130436,0.09816971713810316,0.0,0.02040816326530612,3.6477537437603997,nan,nan
7799046,15.0,10,454,1,0,454,25,57.95744680851064,0.05506607929515418,0.0,0.06666666666666667,3.4801762114537445,nan,nan
7799135,15.0,10,329,1,0,329,15,58.05882352941177,0.04559270516717325,0.0,0.0,3.4313069908814593,nan,nan
7799180,15.0,10,645,4,3,515,24,48.28125,0.04660194174757282,0.0,0.0,3.9528155339805826,nan,nan
7799209,15.0,10,525,1,0,525,27,73.25581395348837,0.05142857142857143,0.0,0.2857142857142857,3.583047619047619,nan,nan
7799211,15.0,10,232,3,2,155,18,19.375,0.11612903225806452,0.0,0.0,8.154193548387097,nan,nan
7799420,15.0,10,317,1,1,286,11,95.33333333333333,0.038461538461538464,0.0,1.0,5.1,nan,nan
7799507,15.0,10,310,3,2,196,47,11.09433962264151,0.23979591836734693,0.0,0.0,6.2693877551020405,nan,nan
7852277,15.0,10,247,1,1,202,10,50.5,0.04950495049504951,0.0,0.0,4.358415841584159,nan,nan
7852403,15.0,10,290,1,0,290,18,52.72727272727273,0.06206896551724138,0.0,0.125,4.07,nan,nan
7852411,15.0,10,607,3,2,521,52,26.948275862068964,0.09980806142034548,0.0,0.0,4.253550863723608,nan,nan
7852420,15.0,10,606,2,1,562,42,43.79220779220779,0.07473309608540925,0.0,0.09523809523809523,4.120818505338079,nan,nan
7852422,15.0,10,216,1,0,216,22,39.27272727272727,0.10185185185185185,0.0,1.0,5.20462962962963,nan,nan
7852445,15.0,10,307,1,0,307,17,59.41935483870968,0.05537459283387622,0.0,0.14285714285714285,7.639739413680782,nan,nan
7852451,15.0,10,314,2,1,261,14,43.5,0.05363984674329502,0.0,0.0,4.680842911877395,nan,nan
8354596,15.0,10,385,1,0,385,73,15.4,0.18961038961038962,0.0,0.0,3.9916883116883115,nan,nan
10752853,20.0,2,615,2,1,565,70,22.6,0.12389380530973451,0.0,0.030303030303030304,3.261238938053097,nan,nan
10752864,20.0,2,232,2,1,187,17,26.093023255813954,0.09090909090909091,0.0,1.0,3.9010695187165774,nan,nan
10752951,20.0,2,610,1,0,610,69,35.19230769230769,0.11311475409836065,0.0,1.0,3.2557377049180327,nan,nan
10892045,20.0,2,323,2,1,282,18,41.26829268292683,0.06382978723404255,0.0,1.0,4.868794326241135,nan,nan
10934834,20.0,2,242,1,0,242,10,69.14285714285714,0.04132231404958678,0.0,1.0,5.144214876033058,nan,nan
10934933,20.0,2,423,1,0,423,24,68.5945945945946,0.05673758865248227,0.0,1.0,4.0591016548463354,nan,nan
10935081,20.0,2,278,1,0,278,17,52.125,0.06115107913669065,0.0,1.0,3.214028776978417,nan,nan
10935136,20.0,2,308,1,1,261,17,78.3,0.06513409961685823,0.14285714285714285,1.0,3.1126436781609192,nan,nan
10935148,20.0,2,237,2,3,66,2,33.0,0.030303030303030304,0.0,0.0,6.156060606060606,nan,nan
10935358,20.0,2,636,4,3,506,38,37.48148148148148,0.07509881422924901,0.0,1.0,3.5063241106719367,nan,nan
10935638,20.0,2,228,1,0,228,2,152.0,0.008771929824561403,0.0,1.0,2.974122807017544,nan,nan
10935844,20.0,2,607,1,0,607,72,41.86206896551724,0.1186161449752883,0.06382978723404255,1.0,3.867380560131796,nan,nan
10969051,20.0,2,601,1,0,601,67,37.175257731958766,0.11148086522462562,0.0,0.75,4.878868552412645,nan,nan
11058912,20.0,2,601,1,0,601,51,68.0377358490566,0.08485856905158069,0.36363636363636365,1.0,4.02179700499168,nan,nan
11071635,20.0,2,423,2,1,377,29,46.16326530612245,0.07692307692307693,0.0,0.75,4.146153846153846,nan,nan
11071677,20.0,2,459,2,1,406,33,41.28813559322034,0.0812807881773399,0.0,1.0,4.654433497536946,nan,nan
11071727,20.0,2,411,1,0,411,32,53.608695652173914,0.07785888077858881,0.038461538461538464,0.75,6.791484184914842,nan,nan
11071733,20.0,2,257,1,0,257,25,35.04545454545455,0.09727626459143969,0.0,1.0,12.194941634241244,nan,nan
11071965,20.0,2,535,3,2,448,34,42.0,0.07589285714285714,0.0,0.8333333333333334,4.443973214285714,nan,nan
11092058,20.0,2,446,1,1,399,29,54.40909090909091,0.07268170426065163,0.0,1.0,4.9448621553884715,nan,nan
11092072,20.0,2,247,1,0,247,13,61.75,0.05263157894736842,0.0,1.0,3.905263157894737,nan,nan
4300268,20.0,2,961,5,4,431,24,41.04761904761905,0.05568445475638051,0.0,0.7142857142857143,5.759396751740139,nan,nan
4303167,20.0,2,610,3,2,518,45,36.56470588235294,0.08687258687258688,0.0,0.875,6.021235521235521,nan,nan
4303201,20.0,2,600,1,0,600,35,61.016949152542374,0.058333333333333334,0.0,0.8333333333333334,3.388,nan,nan
4326816,20.0,2,606,4,4,446,28,41.16923076923077,0.06278026905829596,0.037037037037037035,1.0,5.315695067264574,nan,nan
4453473,20.0,2,610,3,2,512,44,33.391304347826086,0.0859375,0.023809523809523808,0.8181818181818182,4.22421875,nan,nan
4636267,20.0,2,624,4,3,474,42,33.45882352941177,0.08860759493670886,0.0,1.0,6.261814345991561,nan,nan
4652239,20.0,2,601,4,4,432,33,37.02857142857143,0.0763888888888889,0.0,1.0,6.755787037037037,nan,nan
4660369,20.0,2,640,3,2,523,39,44.82857142857143,0.0745697896749522,0.03225806451612903,0.875,3.8912045889101337,nan,nan
4748312,20.0,2,624,5,4,435,15,54.375,0.034482758620689655,0.0,0.8,4.323908045977012,nan,nan
4748313,20.0,2,770,3,2,465,54,29.36842105263158,0.11612903225806452,0.0,0.8888888888888888,4.1520430107526884,nan,nan
4779685,20.0,2,669,5,4,405,25,35.73529411764706,0.06172839506172839,0.045454545454545456,1.0,6.815308641975308,nan,nan
4792372,20.0,2,609,3,3,455,31,47.89473684210526,0.06813186813186813,0.0,0.8,7.361978021978022,nan,nan
4793806,20.0,2,609,4,3,441,44,30.413793103448278,0.09977324263038549,0.0,0.875,7.596598639455782,nan,nan
4798549,20.0,2,661,5,4,447,49,27.649484536082475,0.10961968680089486,0.021739130434782608,0.5384615384615384,7.993736017897091,nan,nan
4944723,20.0,2,650,5,5,292,24,27.80952380952381,0.0821917808219178,0.0,1.0,5.386643835616439,nan,nan
4981908,20.0,2,251,1,0,251,20,39.63157894736842,0.0796812749003984,0.058823529411764705,1.0,3.9944223107569723,nan,nan
5084249,20.0,2,600,1,0,600,28,66.66666666666667,0.04666666666666667,0.0,0.36363636363636365,3.229,nan,nan
5133027,20.0,2,628,4,4,395,30,39.5,0.0759493670886076,0.0,0.8,4.035949367088608,nan,nan
5285957,20.0,2,387,1,0,387,16,74.90322580645162,0.041343669250646,0.0,1.0,3.3260981912144705,nan,nan
5286334,20.0,2,342,1,0,342,43,34.779661016949156,0.12573099415204678,0.03225806451612903,0.8571428571428571,4.25,nan,nan
5395622,20.0,2,231,2,1,198,26,23.76,0.13131313131313133,0.0,1.0,5.872222222222223,nan,nan
5538668,20.0,2,617,1,0,617,91,21.90532544378698,0.14748784440842788,0.041666666666666664,0.09090909090909091,6.668395461912479,nan,nan
5670672,20.0,2,264,3,2,145,8,32.22222222222222,0.05517241379310345,0.0,0.6666666666666666,8.13448275862069,nan,nan
5729758,20.0,2,253,1,0,253,17,48.96774193548387,0.06719367588932806,0.0,1.0,6.946640316205533,nan,nan
5763820,20.0,2,989,4,5,347,40,33.58064516129032,0.11527377521613832,0.16666666666666666,1.0,7.01700288184438,nan,nan
5917923,20.0,2,272,1,0,272,42,23.652173913043477,0.15441176470588236,0.0,1.0,3.9676470588235295,nan,nan
5936666,20.0,2,602,1,0,602,27,80.26666666666667,0.044850498338870434,0.04,0.6,7.024916943521594,nan,nan
6014730,20.0,2,219,1,0,219,18,41.0625,0.0821917808219178,0.0,1.0,4.991780821917809,nan,nan
6051512,20.0,2,601,2,1,568,32,48.0,0.056338028169014086,0.0,0.42857142857142855,3.5161971830985914,nan,nan
6053686,20.0,2,602,1,0,602,55,43.51807228915663,0.09136212624584718,0.018867924528301886,1.0,3.5401993355481727,nan,nan
6171971,20.0,2,372,1,0,372,21,60.32432432432432,0.056451612903225805,0.0,1.0,3.7088709677419356,nan,nan
6172561,20.0,2,239,1,0,239,18,46.25806451612903,0.07531380753138076,0.0,0.6666666666666666,3.8656903765690376,nan,nan
6357847,20.0,2,716,7,6,358,43,22.144329896907216,0.12011173184357542,0.0,0.7777777777777778,8.45949720670391,nan,nan
6358495,20.0,2,308,1,0,308,19,57.75,0.06168831168831169,0.06666666666666667,1.0,3.8775974025974023,nan,nan
6422329,20.0,2,269,1,0,269,3,161.4,0.011152416356877323,0.0,1.0,3.9479553903345725,nan,nan
6547817,20.0,2,320,1,1,288,7,123.42857142857143,0.024305555555555556,0.0,1.0,4.073958333333334,nan,nan
6547822,20.0,2,341,4,3,218,9,39.63636363636363,0.04128440366972477,0.0,0.5,6.914220183486238,nan,nan
6756778,20.0,2,498,1,1,457,5,228.5,0.010940919037199124,0.0,1.0,3.5936542669584246,nan,nan
6896919,20.0,2,619,2,1,564,32,70.5,0.05673758865248227,0.8,0.4166666666666667,4.749468085106383,nan,nan
6920600,20.0,2,225,1,0,225,17,46.55172413793103,0.07555555555555556,0.0,1.0,4.088888888888889,nan,nan
6922501,20.0,2,273,1,1,239,22,38.75675675675676,0.09205020920502092,0.05,1.0,3.910041841004184,nan,nan
6922622,20.0,2,453,1,0,453,23,82.36363636363636,0.05077262693156733,0.0,1.0,3.573951434878587,nan,nan
6941418,20.0,2,282,2,1,251,9,65.47826086956522,0.035856573705179286,0.0,1.0,3.954581673306773,nan,nan
6984632,20.0,2,617,2,1,578,66,36.8936170212766,0.11418685121107267,0.018518518518518517,1.0,3.7884083044982697,nan,nan
7555066,20.0,2,339,1,0,339,17,78.23076923076923,0.05014749262536873,0.07692307692307693,1.0,3.7474926253687317,nan,nan
7557391,20.0,2,302,1,0,302,34,31.789473684210527,0.11258278145695365,0.0,1.0,4.805960264900663,nan,nan
7563440,20.0,2,591,1,0,591,43,54.55384615384615,0.0727580372250423,0.0,1.0,7.406260575296109,nan,nan
7564587,20.0,2,242,2,1,197,23,27.488372093023255,0.116751269035533,0.0,0.75,6.092385786802031,nan,nan
7583768,20.0,2,236,2,2,164,19,23.428571428571427,0.11585365853658537,0.0,1.0,4.304878048780488,nan,nan
7598344,20.0,2,219,1,0,219,22,35.513513513513516,0.1004566210045662,0.0,1.0,4.705479452054795,nan,nan
7613495,20.0,2,612,1,0,612,23,96.63157894736842,0.03758169934640523,0.0,1.0,4.1075163398692816,nan,nan
7613518,20.0,2,285,2,2,214,19,37.76470588235294,0.08878504672897196,0.2222222222222222,1.0,6.391121495327103,nan,nan
7613731,20.0,2,271,1,1,233,13,77.66666666666667,0.055793991416309016,0.2,1.0,6.808583690987125,nan,nan
7691124,20.0,2,255,3,2,178,17,26.7,0.09550561797752809,0.0,0.75,5.989325842696629,nan,nan
7691163,20.0,2,301,2,1,267,27,32.69387755102041,0.10112359550561797,0.0,1.0,4.511610486891385,nan,nan
7691232,20.0,2,601,1,0,601,77,26.711111111111112,0.1281198003327787,0.01639344262295082,0.09433962264150944,4.851913477537438,nan,nan
7691423,20.0,2,303,2,1,260,24,31.836734693877553,0.09230769230769231,0.0,1.0,7.134230769230769,nan,nan
7691435,20.0,2,343,1,0,343,19,70.96551724137932,0.05539358600583091,0.09090909090909091,1.0,4.36734693877551,nan,nan
7691520,20.0,2,608,2,1,552,12,97.41176470588235,0.021739130434782608,0.0,1.0,6.385688405797102,nan,nan
7691542,20.0,2,368,2,1,306,20,57.375,0.06535947712418301,0.09090909090909091,1.0,4.394771241830065,nan,nan
7691885,20.0,2,251,2,1,208,20,30.4390243902439,0.09615384615384616,0.0,1.0,4.446153846153846,nan,nan
7691909,20.0,2,624,2,1,586,44,45.66233766233766,0.07508532423208192,0.024390243902439025,0.875,3.6407849829351537,nan,nan
7795968,20.0,2,252,1,1,195,12,50.869565217391305,0.06153846153846154,0.0,1.0,3.851794871794872,nan,nan
7797310,20.0,2,601,1,0,601,59,36.42424242424242,0.09816971713810316,0.0,0.4375,3.67720465890183,nan,nan
7799046,20.0,2,454,1,0,454,25,61.90909090909091,0.05506607929515418,0.043478260869565216,1.0,4.552643171806167,nan,nan
7799135,20.0,2,329,1,0,329,15,65.8,0.04559270516717325,0.0,1.0,6.73677811550152,nan,nan
7799180,20.0,2,645,4,3,515,24,52.3728813559322,0.04660194174757282,0.0,0.8333333333333334,5.590679611650485,nan,nan
7799209,20.0,2,525,1,0,525,27,73.25581395348837,0.05142857142857143,0.0,1.0,4.923238095238095,nan,nan
7799211,20.0,2,232,3,2,155,17,22.142857142857142,0.10967741935483871,0.0,0.6,7.96516129032258,nan,nan
7799420,20.0,2,317,1,1,286,11,95.33333333333333,0.038461538461538464,0.125,1.0,4.4118881118881115,nan,nan
7799507,20.0,2,310,3,2,196,47,14.168674698795181,0.23979591836734693,0.0,0.75,10.734183673469389,nan,nan
7852277,20.0,2,247,1,1,202,10,57.714285714285715,0.04950495049504951,0.0,1.0,5.552475247524752,nan,nan
7852403,20.0,2,290,1,0,290,18,79.0909090909091,0.06206896551724138,0.25,1.0,5.239310344827587,nan,nan
7852411,20.0,2,607,3,2,521,52,41.13157894736842,0.09980806142034548,0.06451612903225806,0.875,4.78253358925144,nan,nan
7852420,20.0,2,606,2,1,562,42,46.833333333333336,0.07473309608540925,0.0,1.0,4.048576512455516,nan,nan
7852422,20.0,2,216,1,0,216,22,39.27272727272727,0.10185185185185185,0.0,1.0,5.089351851851852,nan,nan
7852445,20.0,2,307,1,0,307,16,59.41935483870968,0.05211726384364821,0.0,1.0,7.447557003257329,nan,nan
7852451,20.0,2,314,2,1,261,14,52.2,0.05363984674329502,0.0,0.6666666666666666,5.108812260536399,nan,nan
8354596,20.0,2,385,1,0,385,73,26.551724137931036,0.18961038961038962,0.061224489795918366,1.0,6.156623376623377,nan,nan
10752853,20.0,3,615,2,1,565,70,22.905405405405407,0.12389380530973451,0.0,0.0,4.728318584070797,nan,nan
10752864,20.0,3,232,2,1,187,17,26.714285714285715,0.09090909090909091,0.0,0.5714285714285714,5.844385026737968,nan,nan
10752951,20.0,3,610,1,0,610,69,35.19230769230769,0.11311475409836065,0.0,1.0,6.468360655737705,nan,nan
10892045,20.0,3,323,2,1,282,18,42.3,0.06382978723404255,0.0,0.6,5.716312056737588,nan,nan
10934834,20.0,3,242,1,0,242,10,66.0,0.04132231404958678,0.0,0.6666666666666666,5.148347107438017,nan,nan
10934933,20.0,3,423,1,0,423,24,68.5945945945946,0.05673758865248227,0.0,1.0,6.054373522458629,nan,nan
10935081,20.0,3,278,1,0,278,17,53.806451612903224,0.06115107913669065,0.0,0.5,6.221942446043165,nan,nan
10935136,20.0,3,308,1,1,261,17,78.3,0.06513409961685823,0.14285714285714285,1.0,4.645977011494253,nan,nan
10935148,20.0,3,237,2,3,66,2,33.0,0.030303030303030304,0.0,0.0,13.466666666666667,nan,nan
10935358,20.0,3,636,4,3,506,38,37.48148148148148,0.07509881422924901,0.0,1.0,4.6992094861660085,nan,nan
10935638,20.0,3,228,1,0,228,2,171.0,0.008771929824561403,0.0,0.0,3.832894736842105,nan,nan
10935844,20.0,3,607,1,0,607,72,41.86206896551724,0.1186161449752883,0.06382978723404255,1.0,3.800164744645799,nan,nan
10969051,20.0,3,601,1,0,601,67,37.175257731958766,0.11148086522462562,0.0,0.75,3.6893510815307824,nan,nan
11058912,20.0,3,601,1,0,601,51,69.34615384615384,0.08485856905158069,0.25,1.0,4.174376039933445,nan,nan
11071635,20.0,3,423,2,1,377,29,46.16326530612245,0.07692307692307693,0.0,0.75,7.322546419098143,nan,nan
11071677,20.0,3,459,2,1,406,33,41.28813559322034,0.0812807881773399,0.0,1.0,8.395566502463055,nan,nan
11071727,20.0,3,411,1,0,411,32,53.608695652173914,0.07785888077858881,0.038461538461538464,0.75,4.2659367396593675,nan,nan
11071733,20.0,3,257,1,0,257,25,35.86046511627907,0.09727626459143969,0.0,0.6,6.356031128404669,nan,nan
11071965,20.0,3,535,3,2,448,34,42.0,0.07589285714285714,0.0,0.8333333333333334,4.472098214285714,nan,nan
11092058,20.0,3,446,1,1,399,29,54.40909090909091,0.07268170426065163,0.0,1.0,8.152380952380954,nan,nan
11092072,20.0,3,247,1,0,247,13,61.75,0.05263157894736842,0.0,1.0,5.186234817813765,nan,nan
4300268,20.0,3,961,5,4,431,24,42.39344262295082,0.05568445475638051,0.0,0.5,6.845939675174014,nan,nan
4303167,20.0,3,610,3,2,518,45,37.0,0.08687258687258688,0.0,0.6666666666666666,7.510810810810811,nan,nan
4303201,20.0,3,600,1,0,600,35,62.06896551724138,0.058333333333333334,0.0,0.5714285714285714,5.136666666666667,nan,nan
4326816,20.0,3,606,4,4,446,28,44.6,0.06278026905829596,0.0,0.6666666666666666,5.813004484304932,nan,nan
4453473,20.0,3,610,3,2,512,44,34.90909090909091,0.0859375,0.0,0.4666666666666667,4.2505859375,nan,nan
4636267,20.0,3,624,4,3,474,42,33.857142857142854,0.08860759493670886,0.0,0.875,4.992616033755274,nan,nan
4652239,20.0,3,601,4,4,432,33,37.02857142857143,0.0763888888888889,0.0,1.0,6.023148148148148,nan,nan
4660369,20.0,3,640,3,2,523,39,47.54545454545455,0.0745697896749522,0.03225806451612903,0.4,4.565009560229446,nan,nan
4748312,20.0,3,624,5,4,435,15,56.73913043478261,0.034482758620689655,0.0,0.2857142857142857,4.764367816091954,nan,nan
4748313,20.0,3,770,3,2,465,54,28.762886597938145,0.11612903225806452,0.0,0.8888888888888888,4.696344086021505,nan,nan
4779685,20.0,3,669,5,4,405,25,37.96875,0.06172839506172839,0.045454545454545456,0.4444444444444444,6.706419753086419,nan,nan
4792372,20.0,3,609,3,3,455,31,48.75,0.06813186813186813,0.0,1.0,6.768571428571428,nan,nan
4793806,20.0,3,609,4,3,441,44,31.5,0.09977324263038549,0.0,0.8571428571428571,4.224716553287982,nan,nan
4798549,20.0,3,661,5,4,447,49,27.649484536082475,0.10961968680089486,0.021739130434782608,0.5384615384615384,4.759060402684564,nan,nan
4944723,20.0,3,650,5,5,292,24,27.80952380952381,0.0821917808219178,0.0,1.0,6.726027397260274,nan,nan
4981908,20.0,3,251,1,0,251,20,40.7027027027027,0.0796812749003984,0.058823529411764705,0.6,5.486454183266932,nan,nan
5084249,20.0,3,600,1,0,600,28,66.66666666666667,0.04666666666666667,0.0,0.36363636363636365,4.946,nan,nan
5133027,20.0,3,628,4,4,395,30,39.5,0.0759493670886076,0.0,0.8,4.76506329113924,nan,nan
5285957,20.0,3,387,1,0,387,16,77.4,0.041343669250646,0.0,0.5,4.256072351421189,nan,nan
5286334,20.0,3,342,1,0,342,43,35.37931034482759,0.12573099415204678,0.03225806451612903,0.8571428571428571,3.680116959064327,nan,nan
5395622,20.0,3,231,2,1,198,26,24.244897959183675,0.13131313131313133,0.0,1.0,5.98939393939394,nan,nan
5538668,20.0,3,617,1,0,617,91,22.301204819277107,0.14748784440842788,0.02702702702702703,0.05714285714285714,6.16482982171799,nan,nan
5670672,20.0,3,264,3,2,145,8,33.46153846153846,0.05517241379310345,0.0,0.25,11.718620689655173,nan,nan
5729758,20.0,3,253,1,0,253,17,48.96774193548387,0.06719367588932806,0.0,0.5,5.073122529644269,nan,nan
5763820,20.0,3,989,4,5,347,40,34.7,0.11527377521613832,0.10526315789473684,0.7142857142857143,5.002017291066283,nan,nan
5917923,20.0,3,272,1,0,272,42,23.314285714285713,0.15441176470588236,0.0,1.0,4.404779411764705,nan,nan
5936666,20.0,3,602,1,0,602,27,86.0,0.044850498338870434,0.043478260869565216,0.6,4.570431893687708,nan,nan
6014730,20.0,3,219,1,0,219,18,42.38709677419355,0.0821917808219178,0.0,1.0,10.765296803652967,nan,nan
6051512,20.0,3,601,2,1,568,32,50.11764705882353,0.056338028169014086,0.0,0.15789473684210525,5.4875,nan,nan
6053686,20.0,3,602,1,0,602,55,43.51807228915663,0.09136212624584718,0.018867924528301886,1.0,6.116279069767442,nan,nan
6171971,20.0,3,372,1,0,372,21,60.32432432432432,0.056451612903225805,0.0,1.0,4.41236559139785,nan,nan
6172561,20.0,3,239,1,0,239,18,49.44827586206897,0.07531380753138076,0.0,1.0,5.23723849372385,nan,nan
6357847,20.0,3,716,7,6,358,43,22.375,0.12011173184357542,0.0,0.6,7.698324022346369,nan,nan
6358495,20.0,3,308,1,0,308,19,73.92,0.06168831168831169,0.14285714285714285,1.0,4.3441558441558445,nan,nan
6422329,20.0,3,269,1,0,269,3,161.4,0.011152416356877323,0.0,1.0,3.533085501858736,nan,nan
6547817,20.0,3,320,1,1,288,7,123.42857142857143,0.024305555555555556,0.0,1.0,4.851388888888889,nan,nan
6547822,20.0,3,341,4,3,218,9,40.875,0.04128440366972477,0.0,0.2,5.36697247706422,nan,nan
6756778,20.0,3,498,1,1,457,5,228.5,0.010940919037199124,0.0,1.0,3.135010940919037,nan,nan
6896919,20.0,3,619,2,1,564,32,82.53658536585365,0.05673758865248227,0.3333333333333333,0.23076923076923078,4.907624113475178,nan,nan
6920600,20.0,3,225,1,0,225,17,48.214285714285715,0.07555555555555556,0.0,1.0,3.952888888888889,nan,nan
6922501,20.0,3,273,1,1,239,22,43.45454545454545,0.09205020920502092,0.0,1.0,3.667782426778243,nan,nan
6922622,20.0,3,453,1,0,453,23,79.94117647058823,0.05077262693156733,0.0,1.0,3.435099337748344,nan,nan
6941418,20.0,3,282,2,1,251,9,62.75,0.035856573705179286,0.0,1.0,3.937848605577689,nan,nan
6984632,20.0,3,617,2,1,578,66,37.29032258064516,0.11418685121107267,0.018518518518518517,0.7,3.754152249134948,nan,nan
7555066,20.0,3,339,1,0,339,17,101.7,0.05014749262536873,0.14285714285714285,1.0,3.3430678466076693,nan,nan
7557391,20.0,3,302,1,0,302,34,35.529411764705884,0.11258278145695365,0.045454545454545456,1.0,3.855629139072848,nan,nan
7563440,20.0,3,591,1,0,591,43,54.55384615384615,0.0727580372250423,0.0,1.0,5.480541455160744,nan,nan
7564587,20.0,3,242,2,1,197,23,29.55,0.116751269035533,0.05555555555555555,0.75,7.2030456852791875,nan,nan
7583768,20.0,3,236,2,2,164,19,24.6,0.11585365853658537,0.0,0.2857142857142857,4.481097560975609,nan,nan
7598344,20.0,3,219,1,0,219,22,36.5,0.1004566210045662,0.0,1.0,3.3926940639269407,nan,nan
7613495,20.0,3,612,1,0,612,23,94.15384615384616,0.03758169934640523,0.0,1.0,4.563398692810458,nan,nan
7613518,20.0,3,285,2,2,214,19,37.76470588235294,0.08878504672897196,0.2222222222222222,1.0,6.852803738317757,nan,nan
7613731,20.0,3,271,1,1,233,13,77.66666666666667,0.055793991416309016,0.2,1.0,4.394849785407725,nan,nan
7691124,20.0,3,255,3,2,178,17,26.7,0.09550561797752809,0.0,0.75,9.002808988764045,nan,nan
7691163,20.0,3,301,2,1,267,27,34.08510638297872,0.10112359550561797,0.0,0.5,4.671535580524345,nan,nan
7691232,20.0,3,601,1,0,601,77,26.514705882352942,0.1281198003327787,0.01639344262295082,0.06779661016949153,4.036106489184692,nan,nan
7691423,20.0,3,303,2,1,260,24,31.2,0.09230769230769231,0.0,1.0,5.441538461538461,nan,nan
7691435,20.0,3,343,1,0,343,19,70.96551724137932,0.05539358600583091,0.09090909090909091,1.0,3.5466472303206995,nan,nan
7691520,20.0,3,608,2,1,552,12,114.20689655172414,0.021739130434782608,0.0,0.5,5.1603260869565215,nan,nan
7691542,20.0,3,368,2,1,306,20,57.375,0.06535947712418301,0.09090909090909091,1.0,9.552941176470588,nan,nan
7691885,20.0,3,251,2,1,208,20,31.2,0.09615384615384616,0.0,0.6,5.0307692307692315,nan,nan
7691909,20.0,3,624,2,1,586,44,47.513513513513516,0.07508532423208192,0.024390243902439025,0.8571428571428571,4.047269624573379,nan,nan
7795968,20.0,3,252,1,1,195,12,48.75,0.06153846153846154,0.0,1.0,3.4461538461538463,nan,nan
7797310,20.0,3,601,1,0,601,59,31.356521739130436,0.09816971713810316,0.0,0.02040816326530612,3.1440931780366057,nan,nan
7799046,20.0,3,454,1,0,454,25,69.84615384615384,0.05506607929515418,0.125,1.0,3.5770925110132157,nan,nan
7799135,20.0,3,329,1,0,329,15,65.8,0.04559270516717325,0.0,1.0,4.48693009118541,nan,nan
7799180,20.0,3,645,4,3,515,24,54.21052631578947,0.04660194174757282,0.0,0.375,7.509514563106796,nan,nan
7799209,20.0,3,525,1,0,525,27,73.25581395348837,0.05142857142857143,0.0,1.0,4.315047619047619,nan,nan
7799211,20.0,3,232,3,2,155,17,21.627906976744185,0.10967741935483871,0.0,0.42857142857142855,5.563870967741935,nan,nan
7799420,20.0,3,317,1,1,286,11,95.33333333333333,0.038461538461538464,0.125,1.0,4.614335664335664,nan,nan
7799507,20.0,3,310,3,2,196,47,11.529411764705882,0.23979591836734693,0.0,0.7142857142857143,6.201020408163266,nan,nan
7852277,20.0,3,247,1,1,202,10,57.714285714285715,0.04950495049504951,0.0,1.0,4.523762376237624,nan,nan
7852403,20.0,3,290,1,0,290,18,79.0909090909091,0.06206896551724138,0.25,1.0,7.285172413793103,nan,nan
7852411,20.0,3,607,3,2,521,52,32.5625,0.09980806142034548,0.0,1.0,4.773512476007678,nan,nan
7852420,20.0,3,606,2,1,562,42,51.87692307692308,0.07473309608540925,0.0,1.0,4.722241992882562,nan,nan
7852422,20.0,3,216,1,0,216,22,38.11764705882353,0.10185185185185185,0.0,1.0,5.830092592592592,nan,nan
7852445,20.0,3,307,1,0,307,16,59.41935483870968,0.05211726384364821,0.0,1.0,5.507166123778502,nan,nan
7852451,20.0,3,314,2,1,261,14,52.2,0.05363984674329502,0.0,0.6666666666666666,5.711877394636015,nan,nan
8354596,20.0,3,385,1,0,385,73,20.263157894736842,0.18961038961038962,0.03389830508474576,0.8666666666666667,6.722597402597402,nan,nan
10752853,20.0,4,615,2,1,565,70,22.905405405405407,0.12389380530973451,0.0,0.0,3.3295575221238938,nan,nan
10752864,20.0,4,232,2,1,187,17,28.76923076923077,0.09090909090909091,0.0,0.2222222222222222,3.467379679144385,nan,nan
10752951,20.0,4,610,1,0,610,69,35.19230769230769,0.11311475409836065,0.0,1.0,3.225573770491803,nan,nan
10892045,20.0,4,323,2,1,282,18,42.3,0.06382978723404255,0.0,0.6,3.351418439716312,nan,nan
10934834,20.0,4,242,1,0,242,10,66.0,0.04132231404958678,0.0,0.6666666666666666,4.338842975206612,nan,nan
10934933,20.0,4,423,1,0,423,24,68.5945945945946,0.05673758865248227,0.0,1.0,7.493617021276596,nan,nan
10935081,20.0,4,278,1,0,278,17,55.6,0.06115107913669065,0.0,0.6666666666666666,6.331654676258993,nan,nan
10935136,20.0,4,308,1,1,261,17,71.18181818181819,0.06513409961685823,0.14285714285714285,0.5,5.878544061302682,nan,nan
10935148,20.0,4,237,2,3,66,2,33.0,0.030303030303030304,0.0,0.0,11.48181818181818,nan,nan
10935358,20.0,4,636,4,3,506,38,37.48148148148148,0.07509881422924901,0.0,0.46153846153846156,7.219169960474309,nan,nan
10935638,20.0,4,228,1,0,228,2,171.0,0.008771929824561403,0.0,0.0,5.409210526315789,nan,nan
10935844,20.0,4,607,1,0,607,72,41.86206896551724,0.1186161449752883,0.06382978723404255,1.0,6.03673805601318,nan,nan
10969051,20.0,4,601,1,0,601,67,37.175257731958766,0.11148086522462562,0.0,0.75,5.5148086522462565,nan,nan
11058912,20.0,4,601,1,0,601,51,69.34615384615384,0.08485856905158069,0.25,1.0,3.758569051580699,nan,nan
11071635,20.0,4,423,2,1,377,29,41.127272727272725,0.07692307692307693,0.0,0.8333333333333334,4.627320954907161,nan,nan
11071677,20.0,4,459,2,1,406,33,41.28813559322034,0.0812807881773399,0.0,1.0,5.6931034482758625,nan,nan
11071727,20.0,4,411,1,0,411,32,53.608695652173914,0.07785888077858881,0.038461538461538464,0.6,4.463990267639903,nan,nan
11071733,20.0,4,257,1,0,257,25,35.86046511627907,0.09727626459143969,0.0,0.6,4.536964980544747,nan,nan
11071965,20.0,4,535,3,2,448,34,42.0,0.07589285714285714,0.0,0.8333333333333334,3.6941964285714284,nan,nan
11092058,20.0,4,446,1,1,399,29,54.40909090909091,0.07268170426065163,0.0,0.4,5.095238095238095,nan,nan
11092072,20.0,4,247,1,0,247,13,61.75,0.05263157894736842,0.0,1.0,5.412145748987854,nan,nan
4300268,20.0,4,961,5,4,431,24,42.39344262295082,0.05568445475638051,0.0,0.3,11.371925754060324,nan,nan
4303167,20.0,4,610,3,2,518,45,37.90243902439025,0.08687258687258688,0.0,0.8571428571428571,8.86003861003861,nan,nan
4303201,20.0,4,600,1,0,600,35,62.06896551724138,0.058333333333333334,0.0,0.5714285714285714,6.127666666666666,nan,nan
4326816,20.0,4,606,4,4,446,28,45.355932203389834,0.06278026905829596,0.0,0.375,6.389910313901345,nan,nan
4453473,20.0,4,610,3,2,512,44,34.90909090909091,0.0859375,0.0,0.17391304347826086,3.935546875,nan,nan
4636267,20.0,4,624,4,3,474,42,34.68292682926829,0.08860759493670886,0.0,0.4166666666666667,4.924894514767932,nan,nan
4652239,20.0,4,601,4,4,432,33,37.02857142857143,0.0763888888888889,0.0,1.0,4.5055555555555555,nan,nan
4660369,20.0,4,640,3,2,523,39,48.276923076923076,0.0745697896749522,0.03225806451612903,0.25,4.84321223709369,nan,nan
4748312,20.0,4,624,5,4,435,15,56.73913043478261,0.034482758620689655,0.0,0.2857142857142857,4.170114942528736,nan,nan
4748313,20.0,4,770,3,2,465,54,30.0,0.11612903225806452,0.0,0.7,4.19247311827957,nan,nan
4779685,20.0,4,669,5,4,405,25,38.57142857142857,0.06172839506172839,0.0,0.2727272727272727,4.800740740740741,nan,nan
4792372,20.0,4,609,3,3,455,31,48.75,0.06813186813186813,0.0,1.0,4.128351648351648,nan,nan
4793806,20.0,4,609,4,3,441,44,31.129411764705882,0.09977324263038549,0.0,0.3076923076923077,5.495918367346938,nan,nan
4798549,20.0,4,661,5,4,447,49,27.649484536082475,0.10961968680089486,0.021739130434782608,0.4,7.8718120805369125,nan,nan
4944723,20.0,4,650,5,5,292,24,27.80952380952381,0.0821917808219178,0.0,0.25,4.78013698630137,nan,nan
4981908,20.0,4,251,1,0,251,20,40.7027027027027,0.0796812749003984,0.0,0.6,3.7796812749003985,nan,nan
5084249,20.0,4,600,1,0,600,28,67.9245283018868,0.04666666666666667,0.0,0.25,3.1146666666666665,nan,nan
5133027,20.0,4,628,4,4,395,30,39.5,0.0759493670886076,0.0,0.8,5.622784810126582,nan,nan
5285957,20.0,4,387,1,0,387,16,77.4,0.041343669250646,0.0,0.5,5.501550387596899,nan,nan
5286334,20.0,4,342,1,0,342,43,35.37931034482759,0.12573099415204678,0.03225806451612903,0.5555555555555556,3.803216374269006,nan,nan
5395622,20.0,4,231,2,1,198,26,23.76,0.13131313131313133,0.0,0.42857142857142855,4.945959595959596,nan,nan
5538668,20.0,4,617,1,0,617,91,22.301204819277107,0.14748784440842788,0.02702702702702703,0.0410958904109589,3.6325769854132903,nan,nan
5670672,20.0,4,264,3,2,145,8,33.46153846153846,0.05517241379310345,0.0,0.25,4.068275862068965,nan,nan
5729758,20.0,4,253,1,0,253,17,52.3448275862069,0.06719367588932806,0.0,0.6666666666666666,4.333201581027668,nan,nan
5763820,20.0,4,989,4,5,347,40,34.7,0.11527377521613832,0.045454545454545456,0.7142857142857143,4.570893371757925,nan,nan
5917923,20.0,4,272,1,0,272,42,23.652173913043477,0.15441176470588236,0.0,0.625,3.6437500000000003,nan,nan
5936666,20.0,4,602,1,0,602,27,86.0,0.044850498338870434,0.043478260869565216,0.6,5.912956810631229,nan,nan
6014730,20.0,4,219,1,0,219,18,42.38709677419355,0.0821917808219178,0.0,1.0,5.145205479452055,nan,nan
6051512,20.0,4,601,2,1,568,32,50.11764705882353,0.056338028169014086,0.0,0.15789473684210525,3.84137323943662,nan,nan
6053686,20.0,4,602,1,0,602,55,43.51807228915663,0.09136212624584718,0.0,1.0,3.460299003322259,nan,nan
6171971,20.0,4,372,1,0,372,21,60.32432432432432,0.056451612903225805,0.0,1.0,3.560752688172043,nan,nan
6172561,20.0,4,239,1,0,239,18,46.25806451612903,0.07531380753138076,0.0,0.6666666666666666,3.9719665271966527,nan,nan
6357847,20.0,4,716,7,6,358,43,22.375,0.12011173184357542,0.0,0.4166666666666667,12.171787709497206,nan,nan
6358495,20.0,4,308,1,0,308,19,73.92,0.06168831168831169,0.14285714285714285,1.0,6.77987012987013,nan,nan
6422329,20.0,4,269,1,0,269,3,161.4,0.011152416356877323,0.0,0.0,6.550557620817844,nan,nan
6547817,20.0,4,320,1,1,288,7,123.42857142857143,0.024305555555555556,0.0,1.0,8.151041666666666,nan,nan
6547822,20.0,4,341,4,3,218,9,40.875,0.04128440366972477,0.0,0.2,10.253211009174311,nan,nan
6756778,20.0,4,498,1,1,457,5,228.5,0.010940919037199124,0.0,1.0,3.3536105032822756,nan,nan
6896919,20.0,4,619,2,1,564,32,82.53658536585365,0.05673758865248227,0.3333333333333333,0.125,3.6735815602836883,nan,nan
6920600,20.0,4,225,1,0,225,17,48.214285714285715,0.07555555555555556,0.0,1.0,3.7035555555555555,nan,nan
6922501,20.0,4,273,1,1,239,22,43.45454545454545,0.09205020920502092,0.0,1.0,3.7142259414225944,nan,nan
6922622,20.0,4,453,1,0,453,23,79.94117647058823,0.05077262693156733,0.0,1.0,3.352317880794702,nan,nan
6941418,20.0,4,282,2,1,251,9,62.75,0.035856573705179286,0.0,0.2,3.964940239043825,nan,nan
6984632,20.0,4,617,2,1,578,66,38.53333333333333,0.11418685121107267,0.018518518518518517,0.6666666666666666,4.894117647058824,nan,nan
7555066,20.0,4,339,1,0,339,17,101.7,0.05014749262536873,0.14285714285714285,0.25,3.9091445427728613,nan,nan
7557391,20.0,4,302,1,0,302,34,38.5531914893617,0.11258278145695365,0.045454545454545456,1.0,3.9109271523178806,nan,nan
7563440,20.0,4,591,1,0,591,43,55.40625,0.0727580372250423,0.0,1.0,3.22165820642978,nan,nan
7564587,20.0,4,242,2,1,197,23,29.55,0.116751269035533,0.05555555555555555,0.75,5.426903553299492,nan,nan
7583768,20.0,4,236,2,2,164,19,24.6,0.11585365853658537,0.0,0.2857142857142857,3.71890243902439,nan,nan
7598344,20.0,4,219,1,0,219,22,36.5,0.1004566210045662,0.0,1.0,3.4164383561643836,nan,nan
7613495,20.0,4,612,1,0,612,23,94.15384615384616,0.03758169934640523,0.0,0.75,3.3893790849673207,nan,nan
7613518,20.0,4,285,2,2,214,19,37.76470588235294,0.08878504672897196,0.2222222222222222,0.4,4.349532710280374,nan,nan
7613731,20.0,4,271,1,1,233,13,77.66666666666667,0.055793991416309016,0.2,1.0,10.539484978540772,nan,nan
7691124,20.0,4,255,3,2,178,17,26.7,0.09550561797752809,0.0,0.3333333333333333,7.113483146067416,nan,nan
7691163,20.0,4,301,2,1,267,27,33.375,0.10112359550561797,0.0,0.5,4.7314606741573035,nan,nan
7691232,20.0,4,601,1,0,601,77,26.91044776119403,0.1281198003327787,0.01639344262295082,0.05172413793103448,3.7101497504159737,nan,nan
7691423,20.0,4,303,2,1,260,24,34.666666666666664,0.09230769230769231,0.0,0.5,4.333461538461538,nan,nan
7691435,20.0,4,343,1,0,343,19,70.96551724137932,0.05539358600583091,0.09090909090909091,1.0,3.306122448979592,nan,nan
7691520,20.0,4,608,2,1,552,12,114.20689655172414,0.021739130434782608,0.0,0.5,3.721739130434783,nan,nan
7691542,20.0,4,368,2,1,306,20,57.375,0.06535947712418301,0.09090909090909091,1.0,8.519934640522875,nan,nan
7691885,20.0,4,251,2,1,208,20,30.4390243902439,0.09615384615384616,0.0,0.25,9.412980769230769,nan,nan
7691909,20.0,4,624,2,1,586,44,47.513513513513516,0.07508532423208192,0.0,0.625,8.142832764505119,nan,nan
7795968,20.0,4,252,1,1,195,12,48.75,0.06153846153846154,0.0,0.6666666666666666,7.755897435897436,nan,nan
7797310,20.0,4,601,1,0,601,59,31.356521739130436,0.09816971713810316,0.0,0.02040816326530612,3.9913477537437605,nan,nan
7799046,20.0,4,454,1,0,454,25,69.84615384615384,0.05506607929515418,0.05555555555555555,0.5,3.516079295154185,nan,nan
7799135,20.0,4,329,1,0,329,15,70.5,0.04559270516717325,0.0,0.5,3.545592705167173,nan,nan
7799180,20.0,4,645,4,3,515,24,54.21052631578947,0.04660194174757282,0.0,0.375,3.8584466019417474,nan,nan
7799209,20.0,4,525,1,0,525,27,73.25581395348837,0.05142857142857143,0.0,1.0,3.784,nan,nan
7799211,20.0,4,232,3,2,155,17,21.627906976744185,0.10967741935483871,0.0,0.2222222222222222,7.195483870967742,nan,nan
7799420,20.0,4,317,1,1,286,11,95.33333333333333,0.038461538461538464,0.0,1.0,4.806293706293706,nan,nan
7799507,20.0,4,310,3,2,196,47,11.643564356435643,0.23979591836734693,0.0,0.05405405405405406,10.366836734693878,nan,nan
7852277,20.0,4,247,1,1,202,10,55.09090909090909,0.04950495049504951,0.0,1.0,7.414851485148515,nan,nan
7852403,20.0,4,290,1,0,290,18,75.65217391304348,0.06206896551724138,0.1111111111111111,0.6666666666666666,4.639310344827586,nan,nan
7852411,20.0,4,607,3,2,521,52,40.5974025974026,0.09980806142034548,0.06451612903225806,0.6,4.263915547024952,nan,nan
7852420,20.0,4,606,2,1,562,42,52.6875,0.07473309608540925,0.0,1.0,4.160854092526691,nan,nan
7852422,20.0,4,216,1,0,216,22,38.11764705882353,0.10185185185185185,0.0,1.0,4.091203703703704,nan,nan
7852445,20.0,4,307,1,0,307,16,59.41935483870968,0.05211726384364821,0.0,1.0,5.289250814332247,nan,nan
7852451,20.0,4,314,2,1,261,14,52.2,0.05363984674329502,0.0,0.6666666666666666,4.331800766283525,nan,nan
8354596,20.0,4,385,1,0,385,73,26.25,0.18961038961038962,0.0392156862745098,0.7777777777777778,3.709350649350649,nan,nan
10752853,20.0,5,615,2,1,565,70,22.905405405405407,0.12389380530973451,0.0,0.0,4.699823008849558,nan,nan
10752864,20.0,5,232,2,1,187,17,28.76923076923077,0.09090909090909091,0.0,0.08333333333333333,3.718716577540107,nan,nan
10752951,20.0,5,610,1,0,610,69,34.857142857142854,0.11311475409836065,0.0,0.5833333333333334,3.404262295081967,nan,nan
10892045,20.0,5,323,2,1,282,18,40.285714285714285,0.06382978723404255,0.0,0.07692307692307693,3.5446808510638297,nan,nan
10934834,20.0,5,242,1,0,242,10,76.42105263157895,0.04132231404958678,0.0,0.3333333333333333,5.675619834710743,nan,nan
10934933,20.0,5,423,1,0,423,24,68.5945945945946,0.05673758865248227,0.0,1.0,6.32080378250591,nan,nan
10935081,20.0,5,278,1,0,278,17,55.6,0.06115107913669065,0.0,0.6666666666666666,6.539928057553957,nan,nan
10935136,20.0,5,308,1,1,261,17,82.42105263157895,0.06513409961685823,0.14285714285714285,0.25,6.524137931034483,nan,nan
10935148,20.0,5,237,2,3,66,2,33.0,0.030303030303030304,0.0,0.0,9.64090909090909,nan,nan
10935358,20.0,5,636,4,3,506,38,37.02439024390244,0.07509881422924901,0.0,0.15,3.332213438735178,nan,nan
10935638,20.0,5,228,1,0,228,2,171.0,0.008771929824561403,0.0,0.0,3.025438596491228,nan,nan
10935844,20.0,5,607,1,0,607,72,41.38636363636363,0.1186161449752883,0.018518518518518517,1.0,7.004118616144975,nan,nan
10969051,20.0,5,601,1,0,601,67,37.175257731958766,0.11148086522462562,0.0,0.75,4.37936772046589,nan,nan
11058912,20.0,5,601,1,0,601,51,69.34615384615384,0.08485856905158069,0.25,1.0,3.893344425956739,nan,nan
11071635,20.0,5,423,2,1,377,29,41.888888888888886,0.07692307692307693,0.0,0.6666666666666666,3.6496021220159154,nan,nan
11071677,20.0,5,459,2,1,406,33,39.9344262295082,0.0812807881773399,0.0,0.2727272727272727,5.200985221674877,nan,nan
11071727,20.0,5,411,1,0,411,32,53.608695652173914,0.07785888077858881,0.038461538461538464,0.6,4.491727493917275,nan,nan
11071733,20.0,5,257,1,0,257,25,35.86046511627907,0.09727626459143969,0.0,0.6,4.968093385214008,nan,nan
11071965,20.0,5,535,3,2,448,34,40.72727272727273,0.07589285714285714,0.0,0.25,3.9573660714285714,nan,nan
11092058,20.0,5,446,1,1,399,29,54.40909090909091,0.07268170426065163,0.0,0.4,3.5458646616541354,nan,nan
11092072,20.0,5,247,1,0,247,13,61.75,0.05263157894736842,0.0,0.2,4.404453441295547,nan,nan
4300268,20.0,5,961,5,4,431,24,41.70967741935484,0.05568445475638051,0.0,0.15384615384615385,5.021345707656612,nan,nan
4303167,20.0,5,610,3,2,518,45,39.34177215189873,0.08687258687258688,0.0,0.625,5.988223938223938,nan,nan
4303201,20.0,5,600,1,0,600,35,61.016949152542374,0.058333333333333334,0.0,0.2727272727272727,3.177,nan,nan
4326816,20.0,5,606,4,4,446,28,45.355932203389834,0.06278026905829596,0.0,0.375,4.228699551569507,nan,nan
4453473,20.0,5,610,3,2,512,44,37.01204819277108,0.0859375,0.0,0.21052631578947367,4.0888671875,nan,nan
4636267,20.0,5,624,4,3,474,42,34.68292682926829,0.08860759493670886,0.0,0.4166666666666667,4.8706751054852315,nan,nan
4652239,20.0,5,601,4,4,432,33,35.50684931506849,0.0763888888888889,0.0,0.2,9.031712962962963,nan,nan
4660369,20.0,5,640,3,2,523,39,46.83582089552239,0.0745697896749522,0.03225806451612903,0.21428571428571427,4.64225621414914,nan,nan
4748312,20.0,5,624,5,4,435,15,55.53191489361702,0.034482758620689655,0.0,0.1,5.108505747126436,nan,nan
4748313,20.0,5,770,3,2,465,54,30.32608695652174,0.11612903225806452,0.02127659574468085,0.42857142857142855,4.274623655913978,nan,nan
4779685,20.0,5,669,5,4,405,25,37.96875,0.06172839506172839,0.0,0.13333333333333333,7.3795061728395055,nan,nan
4792372,20.0,5,609,3,3,455,31,47.89473684210526,0.06813186813186813,0.0,0.42857142857142855,4.46989010989011,nan,nan
4793806,20.0,5,609,4,3,441,44,31.5,0.09977324263038549,0.0,0.3076923076923077,4.72562358276644,nan,nan
4798549,20.0,5,661,5,4,447,49,27.367346938775512,0.10961968680089486,0.0,0.4,4.114317673378076,nan,nan
4944723,20.0,5,650,5,5,292,24,26.953846153846154,0.0821917808219178,0.0,0.05555555555555555,4.765753424657534,nan,nan
4981908,20.0,5,251,1,0,251,20,39.63157894736842,0.0796812749003984,0.0,0.2222222222222222,4.241035856573705,nan,nan
5084249,20.0,5,600,1,0,600,28,70.58823529411765,0.04666666666666667,0.0,0.3,4.2090000000000005,nan,nan
5133027,20.0,5,628,4,4,395,30,38.85245901639344,0.0759493670886076,0.0,0.3333333333333333,4.649113924050633,nan,nan
5285957,20.0,5,387,1,0,387,16,77.4,0.041343669250646,0.0,0.5,3.3147286821705424,nan,nan
5286334,20.0,5,342,1,0,342,43,35.37931034482759,0.12573099415204678,0.03225806451612903,0.5555555555555556,4.251169590643275,nan,nan
5395622,20.0,5,231,2,1,198,26,23.76,0.13131313131313133,0.0,0.42857142857142855,4.9267676767676765,nan,nan
5538668,20.0,5,617,1,0,617,91,31.641025641025642,0.14748784440842788,0.043478260869565216,0.35294117647058826,3.999513776337115,nan,nan
5670672,20.0,5,264,3,2,145,8,33.46153846153846,0.05517241379310345,0.0,0.25,5.133103448275862,nan,nan
5729758,20.0,5,253,1,0,253,17,48.96774193548387,0.06719367588932806,0.0,0.5,7.718577075098814,nan,nan
5763820,20.0,5,989,4,5,347,40,33.04761904761905,0.11527377521613832,0.045454545454545456,0.36363636363636365,5.5236311239193085,nan,nan
5917923,20.0,5,272,1,0,272,42,25.5,0.15441176470588236,0.030303030303030304,0.75,4.574264705882353,nan,nan
5936666,20.0,5,602,1,0,602,27,82.0909090909091,0.044850498338870434,0.0,0.6,3.908305647840532,nan,nan
6014730,20.0,5,219,1,0,219,18,42.38709677419355,0.0821917808219178,0.0,0.6666666666666666,4.402739726027398,nan,nan
6051512,20.0,5,601,2,1,568,32,53.25,0.056338028169014086,0.0,0.10526315789473684,3.5875,nan,nan
6053686,20.0,5,602,1,0,602,55,44.048780487804876,0.09136212624584718,0.0,1.0,6.276411960132891,nan,nan
6171971,20.0,5,372,1,0,372,21,55.8,0.056451612903225805,0.0,0.42857142857142855,5.047849462365591,nan,nan
6172561,20.0,5,239,1,0,239,18,49.44827586206897,0.07531380753138076,0.0,1.0,4.179079497907949,nan,nan
6357847,20.0,5,716,7,6,358,43,22.144329896907216,0.12011173184357542,0.0,0.26666666666666666,7.821508379888268,nan,nan
6358495,20.0,5,308,1,0,308,19,52.8,0.06168831168831169,0.0,0.3333333333333333,3.9724025974025974,nan,nan
6422329,20.0,5,269,1,0,269,3,161.4,0.011152416356877323,0.0,0.0,3.8249070631970263,nan,nan
6547817,20.0,5,320,1,1,288,7,115.2,0.024305555555555556,0.0,1.0,5.521527777777778,nan,nan
6547822,20.0,5,341,4,3,218,9,40.875,0.04128440366972477,0.0,0.2,8.81651376146789,nan,nan
6756778,20.0,5,498,1,1,457,5,228.5,0.010940919037199124,0.0,1.0,3.6448577680525167,nan,nan
6896919,20.0,5,619,2,1,564,32,89.05263157894737,0.05673758865248227,0.3333333333333333,0.3,3.952304964539007,nan,nan
6920600,20.0,5,225,1,0,225,17,46.55172413793103,0.07555555555555556,0.0,1.0,3.957333333333333,nan,nan
6922501,20.0,5,273,1,1,239,22,42.1764705882353,0.09205020920502092,0.0,0.6666666666666666,3.9644351464435146,nan,nan
6922622,20.0,5,453,1,0,453,23,79.94117647058823,0.05077262693156733,0.0,1.0,3.6439293598233995,nan,nan
6941418,20.0,5,282,2,1,251,9,62.75,0.035856573705179286,0.0,0.2,7.139840637450199,nan,nan
6984632,20.0,5,617,2,1,578,66,39.86206896551724,0.11418685121107267,0.018518518518518517,0.36363636363636365,5.1242214532871975,nan,nan
7555066,20.0,5,339,1,0,339,17,72.64285714285714,0.05014749262536873,0.0,0.25,3.8392330383480826,nan,nan
7557391,20.0,5,302,1,0,302,34,32.945454545454545,0.11258278145695365,0.0,0.5714285714285714,3.9205298013245033,nan,nan
7563440,20.0,5,591,1,0,591,43,53.72727272727273,0.0727580372250423,0.0,0.5,3.974788494077834,nan,nan
7564587,20.0,5,242,2,1,197,23,28.142857142857142,0.116751269035533,0.0,0.3333333333333333,4.913197969543147,nan,nan
7583768,20.0,5,236,2,2,164,19,25.23076923076923,0.11585365853658537,0.0,0.3333333333333333,3.9359756097560976,nan,nan
7598344,20.0,5,219,1,0,219,22,36.5,0.1004566210045662,0.0,1.0,8.252054794520548,nan,nan
7613495,20.0,5,612,1,0,612,23,85.3953488372093,0.03758169934640523,0.0,0.42857142857142855,3.993790849673202,nan,nan
7613518,20.0,5,285,2,2,214,19,37.76470588235294,0.08878504672897196,0.2222222222222222,0.4,6.430841121495328,nan,nan
7613731,20.0,5,271,1,1,233,13,58.25,0.055793991416309016,0.0,1.0,3.375107296137339,nan,nan
7691124,20.0,5,255,3,2,178,17,26.048780487804876,0.09550561797752809,0.0,0.1111111111111111,6.540449438202248,nan,nan
7691163,20.0,5,301,2,1,267,27,36.40909090909091,0.10112359550561797,0.125,0.2222222222222222,3.5295880149812735,nan,nan
7691232,20.0,5,601,1,0,601,77,33.700934579439256,0.1281198003327787,0.01639344262295082,0.47058823529411764,3.871214642262895,nan,nan
7691423,20.0,5,303,2,1,260,24,32.5,0.09230769230769231,0.0,0.375,8.551923076923076,nan,nan
7691435,20.0,5,343,1,0,343,19,68.6,0.05539358600583091,0.09090909090909091,0.3333333333333333,3.8597667638483966,nan,nan
7691520,20.0,5,608,2,1,552,12,110.4,0.021739130434782608,0.0,0.14285714285714285,3.7686594202898553,nan,nan
7691542,20.0,5,368,2,1,306,20,55.63636363636363,0.06535947712418301,0.09090909090909091,0.3333333333333333,4.3803921568627455,nan,nan
7691885,20.0,5,251,2,1,208,20,31.2,0.09615384615384616,0.0,0.25,4.376442307692307,nan,nan
7691909,20.0,5,624,2,1,586,44,45.07692307692308,0.07508532423208192,0.0,0.35714285714285715,4.395904436860068,nan,nan
7795968,20.0,5,252,1,1,195,12,48.75,0.06153846153846154,0.0,0.6666666666666666,4.276410256410256,nan,nan
7797310,20.0,5,601,1,0,601,59,36.795918367346935,0.09816971713810316,0.0,0.35294117647058826,6.766722129783695,nan,nan
7799046,20.0,5,454,1,0,454,25,68.1,0.05506607929515418,0.0,1.0,3.3182819383259914,nan,nan
7799135,20.0,5,329,1,0,329,15,73.11111111111111,0.04559270516717325,0.0,0.6666666666666666,4.006382978723404,nan,nan
7799180,20.0,5,645,4,3,515,24,55.17857142857143,0.04660194174757282,0.0,0.375,5.9493203883495145,nan,nan
7799209,20.0,5,525,1,0,525,27,73.25581395348837,0.05142857142857143,0.0,1.0,5.233714285714285,nan,nan
7799211,20.0,5,232,3,2,155,17,21.627906976744185,0.10967741935483871,0.0,0.09090909090909091,7.712903225806452,nan,nan
7799420,20.0,5,317,1,1,286,11,95.33333333333333,0.038461538461538464,0.0,1.0,3.818881118881119,nan,nan
7799507,20.0,5,310,3,2,196,47,14.0,0.23979591836734693,0.0,0.1875,7.758673469387755,nan,nan
7852277,20.0,5,247,1,1,202,10,57.714285714285715,0.04950495049504951,0.0,0.25,5.319306930693069,nan,nan
7852403,20.0,5,290,1,0,290,18,87.0,0.06206896551724138,0.25,0.6666666666666666,3.996551724137931,nan,nan
7852411,20.0,5,607,3,2,521,52,32.22680412371134,0.09980806142034548,0.0,0.5384615384615384,3.978886756238004,nan,nan
7852420,20.0,5,606,2,1,562,42,48.17142857142857,0.07473309608540925,0.0,0.8333333333333334,4.841814946619217,nan,nan
7852422,20.0,5,216,1,0,216,22,39.27272727272727,0.10185185185185185,0.0,1.0,4.966203703703704,nan,nan
7852445,20.0,5,307,1,0,307,16,59.41935483870968,0.05211726384364821,0.0,0.3333333333333333,3.9133550488599353,nan,nan
7852451,20.0,5,314,2,1,261,14,55.92857142857143,0.05363984674329502,0.0,1.0,3.8942528735632185,nan,nan
8354596,20.0,5,385,1,0,385,73,21.588785046728972,0.18961038961038962,0.03389830508474576,0.42105263157894735,3.9062337662337665,nan,nan
10752853,20.0,6,615,2,1,565,70,22.905405405405407,0.12389380530973451,0.0,0.0,3.161238938053097,nan,nan
10752864,20.0,6,232,2,1,187,17,28.76923076923077,0.09090909090909091,0.0,0.08333333333333333,3.3117647058823527,nan,nan
10752951,20.0,6,610,1,0,610,69,34.205607476635514,0.11311475409836065,0.0,0.35294117647058826,3.0613114754098363,nan,nan
10892045,20.0,6,323,2,1,282,18,38.45454545454545,0.06382978723404255,0.0,0.0,5.275177304964538,nan,nan
10934834,20.0,6,242,1,0,242,10,76.42105263157895,0.04132231404958678,0.0,0.3333333333333333,4.7797520661157025,nan,nan
10934933,20.0,6,423,1,0,423,24,66.78947368421052,0.05673758865248227,0.0,0.3333333333333333,4.359101654846336,nan,nan
10935081,20.0,6,278,1,0,278,17,55.6,0.06115107913669065,0.0,0.6666666666666666,4.833812949640287,nan,nan
10935136,20.0,6,308,1,1,261,17,82.42105263157895,0.06513409961685823,0.14285714285714285,0.25,3.0846743295019157,nan,nan
10935148,20.0,6,237,2,3,66,2,33.0,0.030303030303030304,0.0,0.0,6.348484848484849,nan,nan
10935358,20.0,6,636,4,3,506,38,36.142857142857146,0.07509881422924901,0.0,0.08333333333333333,3.2490118577075098,nan,nan
10935638,20.0,6,228,1,0,228,2,171.0,0.008771929824561403,0.0,0.0,3.1157894736842104,nan,nan
10935844,20.0,6,607,1,0,607,72,39.16129032258065,0.1186161449752883,0.018518518518518517,0.2777777777777778,4.3607907742998355,nan,nan
10969051,20.0,6,601,1,0,601,67,36.795918367346935,0.11148086522462562,0.0,0.4166666666666667,4.02179700499168,nan,nan
11058912,20.0,6,601,1,0,601,51,72.12,0.08485856905158069,0.25,0.45454545454545453,3.870715474209651,nan,nan
11071635,20.0,6,423,2,1,377,29,46.16326530612245,0.07692307692307693,0.0,0.75,4.259416445623342,nan,nan
11071677,20.0,6,459,2,1,406,33,41.28813559322034,0.0812807881773399,0.0,0.3,4.599261083743842,nan,nan
11071727,20.0,6,411,1,0,411,32,51.375,0.07785888077858881,0.038461538461538464,0.2222222222222222,4.275912408759124,nan,nan
11071733,20.0,6,257,1,0,257,25,35.04545454545455,0.09727626459143969,0.0,0.2222222222222222,6.389494163424124,nan,nan
11071965,20.0,6,535,3,2,448,34,40.72727272727273,0.07589285714285714,0.0,0.25,5.078348214285714,nan,nan
11092058,20.0,6,446,1,1,399,29,54.40909090909091,0.07268170426065163,0.0,0.4,3.183208020050125,nan,nan
11092072,20.0,6,247,1,0,247,13,61.75,0.05263157894736842,0.0,0.2,4.09919028340081,nan,nan
4300268,20.0,6,961,5,4,431,24,41.70967741935484,0.05568445475638051,0.0,0.15384615384615385,6.0573085846867745,nan,nan
4303167,20.0,6,610,3,2,518,45,37.44578313253012,0.08687258687258688,0.0,0.2857142857142857,4.487644787644787,nan,nan
4303201,20.0,6,600,1,0,600,35,61.016949152542374,0.058333333333333334,0.0,0.2727272727272727,5.3485,nan,nan
4326816,20.0,6,606,4,4,446,28,44.6,0.06278026905829596,0.0,0.375,4.3847533632286995,nan,nan
4453473,20.0,6,610,3,2,512,44,34.51685393258427,0.0859375,0.0,0.06896551724137931,3.6611328125,nan,nan
4636267,20.0,6,624,4,3,474,42,35.55,0.08860759493670886,0.0,0.5,4.547257383966245,nan,nan
4652239,20.0,6,601,4,4,432,33,34.56,0.0763888888888889,0.0,0.1,4.090046296296297,nan,nan
4660369,20.0,6,640,3,2,523,39,46.83582089552239,0.0745697896749522,0.03225806451612903,0.21428571428571427,5.454302103250478,nan,nan
4748312,20.0,6,624,5,4,435,15,55.53191489361702,0.034482758620689655,0.0,0.1,4.52183908045977,nan,nan
4748313,20.0,6,770,3,2,465,54,29.680851063829788,0.11612903225806452,0.02127659574468085,0.2777777777777778,4.291397849462365,nan,nan
4779685,20.0,6,669,5,4,405,25,36.81818181818182,0.06172839506172839,0.0,0.05263157894736842,7.808888888888888,nan,nan
4792372,20.0,6,609,3,3,455,31,47.89473684210526,0.06813186813186813,0.0,0.42857142857142855,6.072307692307692,nan,nan
4793806,20.0,6,609,4,3,441,44,29.730337078651687,0.09977324263038549,0.0,0.08695652173913043,4.37641723356009,nan,nan
4798549,20.0,6,661,5,4,447,49,26.554455445544555,0.10961968680089486,0.0,0.18181818181818182,4.149888143176733,nan,nan
4944723,20.0,6,650,5,5,292,24,26.953846153846154,0.0821917808219178,0.0,0.05555555555555555,4.192123287671232,nan,nan
4981908,20.0,6,251,1,0,251,20,39.63157894736842,0.0796812749003984,0.0,0.2222222222222222,3.4808764940239048,nan,nan
5084249,20.0,6,600,1,0,600,28,69.23076923076923,0.04666666666666667,0.0,0.13333333333333333,3.1915,nan,nan
5133027,20.0,6,628,4,4,395,30,40.86206896551724,0.0759493670886076,0.0,0.5,6.317215189873418,nan,nan
5285957,20.0,6,387,1,0,387,16,82.92857142857143,0.041343669250646,0.0,0.2,6.808010335917312,nan,nan
5286334,20.0,6,342,1,0,342,43,35.37931034482759,0.12573099415204678,0.03225806451612903,0.5555555555555556,7.628362573099415,nan,nan
5395622,20.0,6,231,2,1,198,26,22.41509433962264,0.13131313131313133,0.0,0.058823529411764705,9.301010101010101,nan,nan
5538668,20.0,6,617,1,0,617,91,21.90532544378698,0.14748784440842788,0.012658227848101266,0.025974025974025976,7.420907617504051,nan,nan
5670672,20.0,6,264,3,2,145,8,31.071428571428573,0.05517241379310345,0.0,0.0,5.695862068965517,nan,nan
5729758,20.0,6,253,1,0,253,17,56.22222222222222,0.06719367588932806,0.0,0.3333333333333333,5.648221343873518,nan,nan
5763820,20.0,6,989,4,5,347,40,33.04761904761905,0.11527377521613832,0.045454545454545456,0.11764705882352941,6.788760806916426,nan,nan
5917923,20.0,6,272,1,0,272,42,21.473684210526315,0.15441176470588236,0.0,0.08333333333333333,3.4801470588235297,nan,nan
5936666,20.0,6,602,1,0,602,27,82.0909090909091,0.044850498338870434,0.0,0.6,3.647840531561462,nan,nan
6014730,20.0,6,219,1,0,219,18,45.310344827586206,0.0821917808219178,0.0,1.0,4.046118721461188,nan,nan
6051512,20.0,6,601,2,1,568,32,47.333333333333336,0.056338028169014086,0.0,0.0,4.0188380281690135,nan,nan
6053686,20.0,6,602,1,0,602,55,42.49411764705882,0.09136212624584718,0.0,0.45454545454545453,3.7822259136212626,nan,nan
6171971,20.0,6,372,1,0,372,21,58.73684210526316,0.056451612903225805,0.0,0.2857142857142857,3.939247311827957,nan,nan
6172561,20.0,6,239,1,0,239,18,47.8,0.07531380753138076,0.0,0.6666666666666666,3.3083682008368203,nan,nan
6357847,20.0,6,716,7,6,358,43,22.851063829787233,0.12011173184357542,0.0,0.2,6.969832402234636,nan,nan
6358495,20.0,6,308,1,0,308,19,56.0,0.06168831168831169,0.0,0.4,3.632792207792208,nan,nan
6422329,20.0,6,269,1,0,269,3,161.4,0.011152416356877323,0.0,0.0,3.047955390334572,nan,nan
6547817,20.0,6,320,1,1,288,7,115.2,0.024305555555555556,0.0,1.0,3.067361111111111,nan,nan
6547822,20.0,6,341,4,3,218,9,38.470588235294116,0.04128440366972477,0.0,0.0,10.224311926605505,nan,nan
6756778,20.0,6,498,1,1,457,5,195.85714285714286,0.010940919037199124,0.0,0.0,3.7234135667396058,nan,nan
6896919,20.0,6,619,2,1,564,32,86.76923076923077,0.05673758865248227,0.3333333333333333,0.058823529411764705,4.01241134751773,nan,nan
6920600,20.0,6,225,1,0,225,17,43.54838709677419,0.07555555555555556,0.0,0.5,3.7653333333333334,nan,nan
6922501,20.0,6,273,1,1,239,22,49.44827586206897,0.09205020920502092,0.0,1.0,3.2656903765690375,nan,nan
6922622,20.0,6,453,1,0,453,23,79.94117647058823,0.05077262693156733,0.0,1.0,3.262251655629139,nan,nan
6941418,20.0,6,282,2,1,251,9,57.92307692307692,0.035856573705179286,0.0,0.0,3.5258964143426295,nan,nan
6984632,20.0,6,617,2,1,578,66,37.69565217391305,0.11418685121107267,0.018518518518518517,0.3333333333333333,6.2745674740484425,nan,nan
7555066,20.0,6,339,1,0,339,17,96.85714285714286,0.05014749262536873,0.14285714285714285,0.25,3.7327433628318585,nan,nan
7557391,20.0,6,302,1,0,302,34,31.24137931034483,0.11258278145695365,0.0,0.25,3.6215231788079474,nan,nan
7563440,20.0,6,591,1,0,591,43,53.72727272727273,0.0727580372250423,0.0,1.0,3.1143824027072755,nan,nan
7564587,20.0,6,242,2,1,197,23,28.142857142857142,0.116751269035533,0.0,0.3333333333333333,4.323857868020304,nan,nan
7583768,20.0,6,236,2,2,164,19,24.0,0.11585365853658537,0.0,0.09090909090909091,4.475609756097561,nan,nan
7598344,20.0,6,219,1,0,219,22,36.5,0.1004566210045662,0.0,0.5,4.080821917808219,nan,nan
7613495,20.0,6,612,1,0,612,23,87.42857142857143,0.03758169934640523,0.0,0.2,3.804575163398693,nan,nan
7613518,20.0,6,285,2,2,214,19,36.68571428571428,0.08878504672897196,0.07692307692307693,0.4,5.9953271028037385,nan,nan
7613731,20.0,6,271,1,1,233,13,58.25,0.055793991416309016,0.0,1.0,3.7935622317596565,nan,nan
7691124,20.0,6,255,3,2,178,17,26.048780487804876,0.09550561797752809,0.0,0.1111111111111111,5.146629213483147,nan,nan
7691163,20.0,6,301,2,1,267,27,32.69387755102041,0.10112359550561797,0.0,0.2222222222222222,3.659550561797753,nan,nan
7691232,20.0,6,601,1,0,601,77,26.514705882352942,0.1281198003327787,0.01639344262295082,0.031746031746031744,4.8683860232945095,nan,nan
7691423,20.0,6,303,2,1,260,24,53.793103448275865,0.09230769230769231,1.0,0.18181818181818182,5.708076923076923,nan,nan
7691435,20.0,6,343,1,0,343,19,79.15384615384616,0.05539358600583091,0.09090909090909091,0.6666666666666666,3.548396501457726,nan,nan
7691520,20.0,6,608,2,1,552,12,103.5,0.021739130434782608,0.0,0.0,6.311413043478261,nan,nan
7691542,20.0,6,368,2,1,306,20,52.457142857142856,0.06535947712418301,0.09090909090909091,0.1,5.087908496732027,nan,nan
7691885,20.0,6,251,2,1,208,20,31.2,0.09615384615384616,0.0,0.25,5.520192307692308,nan,nan
7691909,20.0,6,624,2,1,586,44,46.26315789473684,0.07508532423208192,0.0,0.2857142857142857,4.001023890784983,nan,nan
7795968,20.0,6,252,1,1,195,12,53.18181818181818,0.06153846153846154,0.0,0.3333333333333333,5.118974358974359,nan,nan
7797310,20.0,6,601,1,0,601,59,31.356521739130436,0.09816971713810316,0.0,0.02040816326530612,3.485524126455907,nan,nan
7799046,20.0,6,454,1,0,454,25,63.348837209302324,0.05506607929515418,0.0,0.25,4.741409691629956,nan,nan
7799135,20.0,6,329,1,0,329,15,65.8,0.04559270516717325,0.0,0.1111111111111111,3.5714285714285716,nan,nan
7799180,20.0,6,645,4,3,515,24,53.275862068965516,0.04660194174757282,0.0,0.16666666666666666,3.6415533980582526,nan,nan
7799209,20.0,6,525,1,0,525,27,80.76923076923077,0.05142857142857143,0.0,1.0,3.452,nan,nan
7799211,20.0,6,232,3,2,155,17,21.627906976744185,0.10967741935483871,0.0,0.09090909090909091,8.120645161290323,nan,nan
7799420,20.0,6,317,1,1,286,11,95.33333333333333,0.038461538461538464,0.0,1.0,4.745104895104895,nan,nan
7799507,20.0,6,310,3,2,196,47,11.41747572815534,0.23979591836734693,0.0,0.024390243902439025,6.684183673469387,nan,nan
7852277,20.0,6,247,1,1,202,10,60.6,0.04950495049504951,0.25,0.0,5.526732673267327,nan,nan
7852403,20.0,6,290,1,0,290,18,52.72727272727273,0.06206896551724138,0.0,0.125,3.7948275862068965,nan,nan
7852411,20.0,6,607,3,2,521,52,31.897959183673468,0.09980806142034548,0.0,0.25,4.0113243761996165,nan,nan
7852420,20.0,6,606,2,1,562,42,46.833333333333336,0.07473309608540925,0.0,0.36363636363636365,3.711209964412811,nan,nan
7852422,20.0,6,216,1,0,216,22,39.27272727272727,0.10185185185185185,0.0,1.0,4.018055555555556,nan,nan
7852445,20.0,6,307,1,0,307,16,55.81818181818182,0.05211726384364821,0.0,0.1,3.452768729641694,nan,nan
7852451,20.0,6,314,2,1,261,14,52.2,0.05363984674329502,0.0,0.6666666666666666,3.886206896551724,nan,nan
8354596,20.0,6,385,1,0,385,73,21.79245283018868,0.18961038961038962,0.015625,0.6923076923076923,4.259740259740259,nan,nan
10752853,20.0,7,615,2,1,565,70,22.905405405405407,0.12389380530973451,0.0,0.0,5.298407079646018,nan,nan
10752864,20.0,7,232,2,1,187,17,26.714285714285715,0.09090909090909091,0.0,0.0,3.540641711229947,nan,nan
10752951,20.0,7,610,1,0,610,69,33.27272727272727,0.11311475409836065,0.0,0.21739130434782608,3.3636065573770493,nan,nan
10892045,20.0,7,323,2,1,282,18,38.45454545454545,0.06382978723404255,0.0,0.0,3.3297872340425534,nan,nan
10934834,20.0,7,242,1,0,242,10,76.42105263157895,0.04132231404958678,0.0,0.3333333333333333,3.152479338842975,nan,nan
10934933,20.0,7,423,1,0,423,24,66.78947368421052,0.05673758865248227,0.0,0.3333333333333333,3.057919621749409,nan,nan
10935081,20.0,7,278,1,0,278,17,55.6,0.06115107913669065,0.0,0.6666666666666666,3.146043165467626,nan,nan
10935136,20.0,7,308,1,1,261,17,82.42105263157895,0.06513409961685823,0.14285714285714285,0.25,3.117241379310345,nan,nan
10935148,20.0,7,237,2,3,66,2,33.0,0.030303030303030304,0.0,0.0,6.089393939393939,nan,nan
10935358,20.0,7,636,4,3,506,38,36.142857142857146,0.07509881422924901,0.0,0.08333333333333333,4.487549407114624,nan,nan
10935638,20.0,7,228,1,0,228,2,171.0,0.008771929824561403,0.0,0.0,2.9837719298245613,nan,nan
10935844,20.0,7,607,1,0,607,72,37.9375,0.1186161449752883,0.018518518518518517,0.17391304347826086,3.8266886326194403,nan,nan
10969051,20.0,7,601,1,0,601,67,36.795918367346935,0.11148086522462562,0.0,0.4166666666666667,3.649417637271215,nan,nan
11058912,20.0,7,601,1,0,601,51,70.70588235294117,0.08485856905158069,0.25,0.2857142857142857,4.039767054908486,nan,nan
11071635,20.0,7,423,2,1,377,29,46.16326530612245,0.07692307692307693,0.0,0.75,5.303183023872679,nan,nan
11071677,20.0,7,459,2,1,406,33,42.73684210526316,0.0812807881773399,0.0,0.375,6.277586206896551,nan,nan
11071727,20.0,7,411,1,0,411,32,48.35294117647059,0.07785888077858881,0.0,0.2222222222222222,3.212895377128954,nan,nan
11071733,20.0,7,257,1,0,257,25,35.04545454545455,0.09727626459143969,0.0,0.2222222222222222,4.226848249027237,nan,nan
11071965,20.0,7,535,3,2,448,34,40.72727272727273,0.07589285714285714,0.0,0.13333333333333333,3.9388392857142853,nan,nan
11092058,20.0,7,446,1,1,399,29,54.40909090909091,0.07268170426065163,0.0,0.4,3.8353383458646615,nan,nan
11092072,20.0,7,247,1,0,247,13,61.75,0.05263157894736842,0.0,0.2,4.2,nan,nan
4300268,20.0,7,961,5,4,431,24,42.39344262295082,0.05568445475638051,0.0,0.06666666666666667,7.266357308584687,nan,nan
4303167,20.0,7,610,3,2,518,45,37.0,0.08687258687258688,0.0,0.16666666666666666,5.837837837837838,nan,nan
4303201,20.0,7,600,1,0,600,35,58.064516129032256,0.058333333333333334,0.0,0.11764705882352941,3.4251666666666667,nan,nan
4326816,20.0,7,606,4,4,446,28,46.13793103448276,0.06278026905829596,0.0,0.42857142857142855,4.382511210762332,nan,nan
4453473,20.0,7,610,3,2,512,44,35.72093023255814,0.0859375,0.0,0.13043478260869565,4.069140625,nan,nan
4636267,20.0,7,624,4,3,474,42,33.06976744186046,0.08860759493670886,0.0,0.14285714285714285,4.667510548523207,nan,nan
4652239,20.0,7,601,4,4,432,33,35.027027027027025,0.0763888888888889,0.0,0.1,4.487962962962963,nan,nan
4660369,20.0,7,640,3,2,523,39,41.28947368421053,0.0745697896749522,0.0,0.1,3.8422562141491396,nan,nan
4748312,20.0,7,624,5,4,435,15,52.2,0.034482758620689655,0.0,0.0,4.5137931034482754,nan,nan
4748313,20.0,7,770,3,2,465,54,28.181818181818183,0.11612903225806452,0.02127659574468085,0.16,4.304516129032258,nan,nan
4779685,20.0,7,669,5,4,405,25,36.81818181818182,0.06172839506172839,0.0,0.05263157894736842,5.3049382716049385,nan,nan
4792372,20.0,7,609,3,3,455,31,47.89473684210526,0.06813186813186813,0.0,0.42857142857142855,4.067032967032967,nan,nan
4793806,20.0,7,609,4,3,441,44,30.413793103448278,0.09977324263038549,0.0,0.09090909090909091,4.393197278911565,nan,nan
4798549,20.0,7,661,5,4,447,49,26.554455445544555,0.10961968680089486,0.0,0.18181818181818182,4.205592841163311,nan,nan
4944723,20.0,7,650,5,5,292,24,28.258064516129032,0.0821917808219178,0.0,0.0625,4.940753424657534,nan,nan
4981908,20.0,7,251,1,0,251,20,37.65,0.0796812749003984,0.0,0.07692307692307693,3.6637450199203188,nan,nan
5084249,20.0,7,600,1,0,600,28,64.28571428571429,0.04666666666666667,0.0,0.047619047619047616,2.9753333333333334,nan,nan
5133027,20.0,7,628,4,4,395,30,40.86206896551724,0.0759493670886076,0.0,0.5,8.011898734177215,nan,nan
5285957,20.0,7,387,1,0,387,16,82.92857142857143,0.041343669250646,0.0,0.2,3.5669250645994834,nan,nan
5286334,20.0,7,342,1,0,342,43,33.63934426229508,0.12573099415204678,0.03225806451612903,0.26666666666666666,3.708187134502924,nan,nan
5395622,20.0,7,231,2,1,198,26,22.41509433962264,0.13131313131313133,0.0,0.058823529411764705,4.775252525252525,nan,nan
5538668,20.0,7,617,1,0,617,91,29.616,0.14748784440842788,0.012658227848101266,0.14814814814814814,3.5453808752025933,nan,nan
5670672,20.0,7,264,3,2,145,8,31.071428571428573,0.05517241379310345,0.0,0.0,6.135862068965517,nan,nan
5729758,20.0,7,253,1,0,253,17,44.64705882352941,0.06719367588932806,0.0,0.09090909090909091,3.6656126482213436,nan,nan
5763820,20.0,7,989,4,5,347,40,33.04761904761905,0.11527377521613832,0.045454545454545456,0.11764705882352941,6.787896253602305,nan,nan
5917923,20.0,7,272,1,0,272,42,24.35820895522388,0.15441176470588236,0.030303030303030304,0.08695652173913043,3.3988970588235294,nan,nan
5936666,20.0,7,602,1,0,602,27,78.52173913043478,0.044850498338870434,0.0,0.2,3.2827242524916946,nan,nan
6014730,20.0,7,219,1,0,219,18,43.8,0.0821917808219178,0.0,0.6666666666666666,5.352054794520548,nan,nan
6051512,20.0,7,601,2,1,568,32,50.865671641791046,0.056338028169014086,0.0,0.04,5.013204225352113,nan,nan
6053686,20.0,7,602,1,0,602,55,44.048780487804876,0.09136212624584718,0.0,0.3333333333333333,5.904152823920266,nan,nan
6171971,20.0,7,372,1,0,372,21,58.73684210526316,0.056451612903225805,0.0,0.2857142857142857,4.029032258064516,nan,nan
6172561,20.0,7,239,1,0,239,18,43.45454545454545,0.07531380753138076,0.0,0.125,3.4577405857740584,nan,nan
6357847,20.0,7,716,7,6,358,43,20.457142857142856,0.12011173184357542,0.0,0.06896551724137931,6.977374301675978,nan,nan
6358495,20.0,7,308,1,0,308,19,56.0,0.06168831168831169,0.0,0.5,3.6230519480519483,nan,nan
6422329,20.0,7,269,1,0,269,3,161.4,0.011152416356877323,0.0,0.0,3.48364312267658,nan,nan
6547817,20.0,7,320,1,1,288,7,96.0,0.024305555555555556,0.0,0.0,3.020138888888889,nan,nan
6547822,20.0,7,341,4,3,218,9,38.470588235294116,0.04128440366972477,0.0,0.0,6.478899082568808,nan,nan
6756778,20.0,7,498,1,1,457,5,195.85714285714286,0.010940919037199124,0.0,0.0,6.265426695842451,nan,nan
6896919,20.0,7,619,2,1,564,32,57.355932203389834,0.05673758865248227,0.0,0.15384615384615385,4.728368794326242,nan,nan
6920600,20.0,7,225,1,0,225,17,46.55172413793103,0.07555555555555556,0.0,0.6666666666666666,4.252888888888889,nan,nan
6922501,20.0,7,273,1,1,239,22,37.73684210526316,0.09205020920502092,0.0,0.2857142857142857,4.344769874476988,nan,nan
6922622,20.0,7,453,1,0,453,23,79.94117647058823,0.05077262693156733,0.0,1.0,5.768432671081677,nan,nan
6941418,20.0,7,282,2,1,251,9,57.92307692307692,0.035856573705179286,0.0,0.0,7.512749003984064,nan,nan
6984632,20.0,7,617,2,1,578,66,39.40909090909091,0.11418685121107267,0.018518518518518517,0.3076923076923077,4.547058823529412,nan,nan
7555066,20.0,7,339,1,0,339,17,72.64285714285714,0.05014749262536873,0.0,0.25,4.304129793510325,nan,nan
7557391,20.0,7,302,1,0,302,34,30.71186440677966,0.11258278145695365,0.0,0.23076923076923078,4.059933774834437,nan,nan
7563440,20.0,7,591,1,0,591,43,54.55384615384615,0.0727580372250423,0.0,0.6666666666666666,3.557360406091371,nan,nan
7564587,20.0,7,242,2,1,197,23,28.142857142857142,0.116751269035533,0.0,0.3333333333333333,3.7979695431472082,nan,nan
7583768,20.0,7,236,2,2,164,19,24.0,0.11585365853658537,0.0,0.09090909090909091,3.857317073170732,nan,nan
7598344,20.0,7,219,1,0,219,22,36.5,0.1004566210045662,0.0,0.4,4.21324200913242,nan,nan
7613495,20.0,7,612,1,0,612,23,87.42857142857143,0.03758169934640523,0.0,0.2222222222222222,5.408660130718954,nan,nan
7613518,20.0,7,285,2,2,214,19,33.78947368421053,0.08878504672897196,0.0,0.4,5.844859813084112,nan,nan
7613731,20.0,7,271,1,1,233,13,66.57142857142857,0.055793991416309016,0.0,0.5,3.9793991416309016,nan,nan
7691124,20.0,7,255,3,2,178,17,26.048780487804876,0.09550561797752809,0.0,0.1111111111111111,7.257865168539326,nan,nan
7691163,20.0,7,301,2,1,267,27,33.375,0.10112359550561797,0.0,0.2222222222222222,3.6913857677902624,nan,nan
7691232,20.0,7,601,1,0,601,77,25.216783216783217,0.1281198003327787,0.0,0.05660377358490566,4.503993344425957,nan,nan
7691423,20.0,7,303,2,1,260,24,33.191489361702125,0.09230769230769231,0.0,0.18181818181818182,7.509230769230769,nan,nan
7691435,20.0,7,343,1,0,343,19,79.15384615384616,0.05539358600583091,0.09090909090909091,0.6666666666666666,6.460058309037901,nan,nan
7691520,20.0,7,608,2,1,552,12,103.5,0.021739130434782608,0.0,0.0,4.90018115942029,nan,nan
7691542,20.0,7,368,2,1,306,20,52.457142857142856,0.06535947712418301,0.09090909090909091,0.09090909090909091,3.6209150326797386,nan,nan
7691885,20.0,7,251,2,1,208,20,29.023255813953487,0.09615384615384616,0.0,0.07692307692307693,4.430288461538462,nan,nan
7691909,20.0,7,624,2,1,586,44,46.88,0.07508532423208192,0.0,0.3076923076923077,3.7133105802047783,nan,nan
7795968,20.0,7,252,1,1,195,12,48.75,0.06153846153846154,0.0,0.2,3.7794871794871794,nan,nan
7797310,20.0,7,601,1,0,601,59,31.086206896551722,0.09816971713810316,0.0,0.02,3.946089850249584,nan,nan
7799046,20.0,7,454,1,0,454,25,66.4390243902439,0.05506607929515418,0.0,0.3333333333333333,4.108370044052863,nan,nan
7799135,20.0,7,329,1,0,329,15,65.8,0.04559270516717325,0.0,0.1111111111111111,3.9285714285714284,nan,nan
7799180,20.0,7,645,4,3,515,24,58.301886792452834,0.04660194174757282,0.0,0.2222222222222222,4.178640776699029,nan,nan
7799209,20.0,7,525,1,0,525,27,73.25581395348837,0.05142857142857143,0.0,0.2857142857142857,3.4838095238095237,nan,nan
7799211,20.0,7,232,3,2,155,17,22.142857142857142,0.10967741935483871,0.0,0.09090909090909091,7.101935483870967,nan,nan
7799420,20.0,7,317,1,1,286,11,95.33333333333333,0.038461538461538464,0.0,1.0,3.432167832167832,nan,nan
7799507,20.0,7,310,3,2,196,47,14.341463414634147,0.23979591836734693,0.0,0.1875,7.571938775510204,nan,nan
7852277,20.0,7,247,1,1,202,10,50.5,0.04950495049504951,0.0,0.0,3.5742574257425743,nan,nan
7852403,20.0,7,290,1,0,290,18,52.72727272727273,0.06206896551724138,0.0,0.125,4.082758620689655,nan,nan
7852411,20.0,7,607,3,2,521,52,31.897959183673468,0.09980806142034548,0.0,0.12,4.582533589251439,nan,nan
7852420,20.0,7,606,2,1,562,42,45.567567567567565,0.07473309608540925,0.0,0.2,4.100355871886121,nan,nan
7852422,20.0,7,216,1,0,216,22,39.27272727272727,0.10185185185185185,0.0,1.0,3.787037037037037,nan,nan
7852445,20.0,7,307,1,0,307,16,63.51724137931034,0.05211726384364821,0.0,0.16666666666666666,3.66742671009772,nan,nan
7852451,20.0,7,314,2,1,261,14,48.9375,0.05363984674329502,0.0,0.125,3.903065134099617,nan,nan
8354596,20.0,7,385,1,0,385,73,20.625,0.18961038961038962,0.015625,0.19230769230769232,7.0280519480519485,nan,nan
10752853,20.0,8,615,2,1,565,70,22.905405405405407,0.12389380530973451,0.0,0.0,3.807433628318584,nan,nan
10752864,20.0,8,232,2,1,187,17,26.714285714285715,0.09090909090909091,0.0,0.0,3.602139037433155,nan,nan
10752951,20.0,8,610,1,0,610,69,31.82608695652174,0.11311475409836065,0.0,0.12903225806451613,3.1795081967213115,nan,nan
10892045,20.0,8,323,2,1,282,18,38.45454545454545,0.06382978723404255,0.0,0.0,3.267375886524823,nan,nan
10934834,20.0,8,242,1,0,242,10,76.42105263157895,0.04132231404958678,0.0,0.3333333333333333,3.110330578512397,nan,nan
10934933,20.0,8,423,1,0,423,24,66.78947368421052,0.05673758865248227,0.0,0.3333333333333333,3.165011820330969,nan,nan
10935081,20.0,8,278,1,0,278,17,55.6,0.06115107913669065,0.0,0.16666666666666666,5.661870503597123,nan,nan
10935136,20.0,8,308,1,1,261,17,82.42105263157895,0.06513409961685823,0.14285714285714285,0.25,3.3011494252873566,nan,nan
10935148,20.0,8,237,2,3,66,2,33.0,0.030303030303030304,0.0,0.0,4.107575757575758,nan,nan
10935358,20.0,8,636,4,3,506,38,34.89655172413793,0.07509881422924901,0.0,0.03333333333333333,3.7851778656126482,nan,nan
10935638,20.0,8,228,1,0,228,2,171.0,0.008771929824561403,0.0,0.0,3.0899122807017543,nan,nan
10935844,20.0,8,607,1,0,607,72,34.35849056603774,0.1186161449752883,0.018518518518518517,0.08333333333333333,3.7792421746293248,nan,nan
10969051,20.0,8,601,1,0,601,67,35.35294117647059,0.11148086522462562,0.0,0.21052631578947367,3.889850249584027,nan,nan
11058912,20.0,8,601,1,0,601,51,65.56363636363636,0.08485856905158069,0.25,0.14285714285714285,5.065890183028286,nan,nan
11071635,20.0,8,423,2,1,377,29,43.5,0.07692307692307693,0.0,0.2,4.295755968169761,nan,nan
11071677,20.0,8,459,2,1,406,33,39.9344262295082,0.0812807881773399,0.0,0.14285714285714285,5.525615763546798,nan,nan
11071727,20.0,8,411,1,0,411,32,48.35294117647059,0.07785888077858881,0.0,0.2222222222222222,4.2635036496350365,nan,nan
11071733,20.0,8,257,1,0,257,25,32.125,0.09727626459143969,0.0,0.0625,4.570038910505836,nan,nan
11071965,20.0,8,535,3,2,448,34,42.0,0.07589285714285714,0.0,0.14285714285714285,4.0772321428571425,nan,nan
11092058,20.0,8,446,1,1,399,29,54.40909090909091,0.07268170426065163,0.0,0.4,7.192731829573935,nan,nan
11092072,20.0,8,247,1,0,247,13,61.75,0.05263157894736842,0.0,0.2,7.568825910931174,nan,nan
4300268,20.0,8,961,5,4,431,24,42.39344262295082,0.05568445475638051,0.0,0.06666666666666667,14.079350348027841,nan,nan
4303167,20.0,8,610,3,2,518,45,37.0,0.08687258687258688,0.0,0.16666666666666666,7.0415057915057915,nan,nan
4303201,20.0,8,600,1,0,600,35,58.064516129032256,0.058333333333333334,0.0,0.11764705882352941,3.4691666666666667,nan,nan
4326816,20.0,8,606,4,4,446,28,43.16129032258065,0.06278026905829596,0.0,0.14285714285714285,4.414798206278027,nan,nan
4453473,20.0,8,610,3,2,512,44,32.680851063829785,0.0859375,0.0,0.02857142857142857,3.895703125,nan,nan
4636267,20.0,8,624,4,3,474,42,31.6,0.08860759493670886,0.0,0.07407407407407407,4.379957805907173,nan,nan
4652239,20.0,8,601,4,4,432,33,31.609756097560975,0.0763888888888889,0.0,0.0,5.922685185185185,nan,nan
4660369,20.0,8,640,3,2,523,39,41.28947368421053,0.0745697896749522,0.0,0.1,5.153728489483748,nan,nan
4748312,20.0,8,624,5,4,435,15,52.2,0.034482758620689655,0.0,0.0,4.858620689655172,nan,nan
4748313,20.0,8,770,3,2,465,54,24.26086956521739,0.11612903225806452,0.0,0.021739130434782608,3.8516129032258064,nan,nan
4779685,20.0,8,669,5,4,405,25,34.714285714285715,0.06172839506172839,0.0,0.0,4.182716049382716,nan,nan
4792372,20.0,8,609,3,3,455,31,47.89473684210526,0.06813186813186813,0.0,0.42857142857142855,4.846373626373627,nan,nan
4793806,20.0,8,609,4,3,441,44,27.5625,0.09977324263038549,0.0,0.030303030303030304,4.621315192743764,nan,nan
4798549,20.0,8,661,5,4,447,49,23.734513274336283,0.10961968680089486,0.0,0.024390243902439025,4.191275167785235,nan,nan
4944723,20.0,8,650,5,5,292,24,28.258064516129032,0.0821917808219178,0.0,0.0625,4.717465753424658,nan,nan
4981908,20.0,8,251,1,0,251,20,34.22727272727273,0.0796812749003984,0.0,0.0,3.7768924302788847,nan,nan
5084249,20.0,8,600,1,0,600,28,60.0,0.04666666666666667,0.0,0.0,3.141166666666667,nan,nan
5133027,20.0,8,628,4,4,395,30,40.86206896551724,0.0759493670886076,0.0,0.5,5.000253164556962,nan,nan
5285957,20.0,8,387,1,0,387,16,82.92857142857143,0.041343669250646,0.0,0.2,3.40749354005168,nan,nan
5286334,20.0,8,342,1,0,342,43,33.63934426229508,0.12573099415204678,0.03225806451612903,0.26666666666666666,3.868713450292397,nan,nan
5395622,20.0,8,231,2,1,198,26,22.41509433962264,0.13131313131313133,0.0,0.058823529411764705,5.17020202020202,nan,nan
5538668,20.0,8,617,1,0,617,91,29.616,0.14748784440842788,0.012658227848101266,0.14814814814814814,3.625121555915721,nan,nan
5670672,20.0,8,264,3,2,145,8,31.071428571428573,0.05517241379310345,0.0,0.0,4.030344827586207,nan,nan
5729758,20.0,8,253,1,0,253,17,46.0,0.06719367588932806,0.0,0.1111111111111111,3.9083003952569166,nan,nan
5763820,20.0,8,989,4,5,347,40,33.04761904761905,0.11527377521613832,0.045454545454545456,0.11764705882352941,5.675792507204611,nan,nan
5917923,20.0,8,272,1,0,272,42,22.985915492957748,0.15441176470588236,0.030303030303030304,0.03333333333333333,5.235294117647059,nan,nan
5936666,20.0,8,602,1,0,602,27,72.24,0.044850498338870434,0.0,0.058823529411764705,3.432558139534884,nan,nan
6014730,20.0,8,219,1,0,219,18,38.64705882352941,0.0821917808219178,0.0,0.1111111111111111,4.585388127853881,nan,nan
6051512,20.0,8,601,2,1,568,32,50.865671641791046,0.056338028169014086,0.0,0.04,3.825176056338028,nan,nan
6053686,20.0,8,602,1,0,602,55,44.048780487804876,0.09136212624584718,0.0,0.3333333333333333,3.7139534883720935,nan,nan
6171971,20.0,8,372,1,0,372,21,48.52173913043478,0.056451612903225805,0.0,0.0,3.85,nan,nan
6172561,20.0,8,239,1,0,239,18,43.45454545454545,0.07531380753138076,0.0,0.125,4.971966527196653,nan,nan
6357847,20.0,8,716,7,6,358,43,19.706422018348626,0.12011173184357542,0.0,0.027777777777777776,9.2231843575419,nan,nan
6358495,20.0,8,308,1,0,308,19,49.945945945945944,0.06168831168831169,0.0,0.09090909090909091,4.442532467532468,nan,nan
6422329,20.0,8,269,1,0,269,3,161.4,0.011152416356877323,0.0,0.0,4.588847583643123,nan,nan
6547817,20.0,8,320,1,1,288,7,96.0,0.024305555555555556,0.0,0.0,4.146875,nan,nan
6547822,20.0,8,341,4,3,218,9,38.470588235294116,0.04128440366972477,0.0,0.0,6.481651376146789,nan,nan
6756778,20.0,8,498,1,1,457,5,195.85714285714286,0.010940919037199124,0.0,0.0,3.065207877461707,nan,nan
6896919,20.0,8,619,2,1,564,32,51.27272727272727,0.05673758865248227,0.0,0.043478260869565216,5.016489361702128,nan,nan
6920600,20.0,8,225,1,0,225,17,42.1875,0.07555555555555556,0.0,0.1111111111111111,5.390666666666667,nan,nan
6922501,20.0,8,273,1,1,239,22,43.45454545454545,0.09205020920502092,0.0,1.0,3.6999999999999997,nan,nan
6922622,20.0,8,453,1,0,453,23,79.94117647058823,0.05077262693156733,0.0,1.0,3.303973509933775,nan,nan
6941418,20.0,8,282,2,1,251,9,57.92307692307692,0.035856573705179286,0.0,0.0,3.4322709163346614,nan,nan
6984632,20.0,8,617,2,1,578,66,33.34615384615385,0.11418685121107267,0.018518518518518517,0.058823529411764705,3.549134948096886,nan,nan
7555066,20.0,8,339,1,0,339,17,72.64285714285714,0.05014749262536873,0.0,0.25,3.3250737463126847,nan,nan
7557391,20.0,8,302,1,0,302,34,29.704918032786885,0.11258278145695365,0.0,0.1111111111111111,4.599668874172185,nan,nan
7563440,20.0,8,591,1,0,591,43,54.55384615384615,0.0727580372250423,0.0,0.5714285714285714,4.816074450084603,nan,nan
7564587,20.0,8,242,2,1,197,23,29.55,0.116751269035533,0.0,0.5,5.719289340101523,nan,nan
7583768,20.0,8,236,2,2,164,19,24.0,0.11585365853658537,0.0,0.09090909090909091,4.232317073170732,nan,nan
7598344,20.0,8,219,1,0,219,22,35.513513513513516,0.1004566210045662,0.0,0.1111111111111111,4.132876712328767,nan,nan
7613495,20.0,8,612,1,0,612,23,81.6,0.03758169934640523,0.0,0.0625,3.0949346405228755,nan,nan
7613518,20.0,8,285,2,2,214,19,32.1,0.08878504672897196,0.0,0.09090909090909091,4.02196261682243,nan,nan
7613731,20.0,8,271,1,1,233,13,66.57142857142857,0.055793991416309016,0.0,0.5,3.5759656652360516,nan,nan
7691124,20.0,8,255,3,2,178,17,26.048780487804876,0.09550561797752809,0.0,0.1111111111111111,5.605617977528089,nan,nan
7691163,20.0,8,301,2,1,267,27,30.22641509433962,0.10112359550561797,0.0,0.0625,3.440074906367041,nan,nan
7691232,20.0,8,601,1,0,601,77,22.82278481012658,0.1281198003327787,0.0,0.0,5.569717138103162,nan,nan
7691423,20.0,8,303,2,1,260,24,33.91304347826087,0.09230769230769231,0.0,0.2,8.100384615384614,nan,nan
7691435,20.0,8,343,1,0,343,19,66.38709677419355,0.05539358600583091,0.09090909090909091,0.1,5.9740524781341104,nan,nan
7691520,20.0,8,608,2,1,552,12,103.5,0.021739130434782608,0.0,0.0,5.372644927536231,nan,nan
7691542,20.0,8,368,2,1,306,20,52.457142857142856,0.06535947712418301,0.09090909090909091,0.09090909090909091,7.42516339869281,nan,nan
7691885,20.0,8,251,2,1,208,20,29.023255813953487,0.09615384615384616,0.0,0.08333333333333333,4.94375,nan,nan
7691909,20.0,8,624,2,1,586,44,46.26315789473684,0.07508532423208192,0.0,0.17647058823529413,4.057679180887372,nan,nan
7795968,20.0,8,252,1,1,195,12,53.18181818181818,0.06153846153846154,0.0,0.3333333333333333,3.6241025641025644,nan,nan
7797310,20.0,8,601,1,0,601,59,31.086206896551722,0.09816971713810316,0.0,0.0196078431372549,3.493011647254576,nan,nan
7799046,20.0,8,454,1,0,454,25,57.95744680851064,0.05506607929515418,0.0,0.06666666666666667,3.7640969162995597,nan,nan
7799135,20.0,8,329,1,0,329,15,58.05882352941177,0.04559270516717325,0.0,0.0,3.017629179331307,nan,nan
7799180,20.0,8,645,4,3,515,24,58.301886792452834,0.04660194174757282,0.0,0.2222222222222222,5.599611650485437,nan,nan
7799209,20.0,8,525,1,0,525,27,73.25581395348837,0.05142857142857143,0.0,0.2857142857142857,3.8695238095238094,nan,nan
7799211,20.0,8,232,3,2,155,17,20.217391304347824,0.10967741935483871,0.0,0.0,4.252258064516129,nan,nan
7799420,20.0,8,317,1,1,286,11,95.33333333333333,0.038461538461538464,0.0,1.0,3.0493006993006992,nan,nan
7799507,20.0,8,310,3,2,196,47,11.09433962264151,0.23979591836734693,0.0,0.0,7.144897959183674,nan,nan
7852277,20.0,8,247,1,1,202,10,50.5,0.04950495049504951,0.0,0.0,3.868316831683168,nan,nan
7852403,20.0,8,290,1,0,290,18,52.72727272727273,0.06206896551724138,0.0,0.125,3.768275862068965,nan,nan
7852411,20.0,8,607,3,2,521,52,28.16216216216216,0.09980806142034548,0.0,0.022727272727272728,4.16257197696737,nan,nan
7852420,20.0,8,606,2,1,562,42,46.833333333333336,0.07473309608540925,0.0,0.23076923076923078,8.230249110320283,nan,nan
7852422,20.0,8,216,1,0,216,22,39.27272727272727,0.10185185185185185,0.0,1.0,4.410648148148148,nan,nan
7852445,20.0,8,307,1,0,307,16,63.51724137931034,0.05211726384364821,0.0,0.16666666666666666,3.796091205211727,nan,nan
7852451,20.0,8,314,2,1,261,14,43.5,0.05363984674329502,0.0,0.0,3.703065134099617,nan,nan
8354596,20.0,8,385,1,0,385,73,16.041666666666668,0.18961038961038962,0.015625,0.0,3.692467532467532,nan,nan
10752853,20.0,9,615,2,1,565,70,22.905405405405407,0.12389380530973451,0.0,0.0,3.1371681415929205,nan,nan
10752864,20.0,9,232,2,1,187,17,26.714285714285715,0.09090909090909091,0.0,0.0,7.519251336898395,nan,nan
10752951,20.0,9,610,1,0,610,69,30.5,0.11311475409836065,0.0,0.07692307692307693,5.488032786885245,nan,nan
10892045,20.0,9,323,2,1,282,18,38.45454545454545,0.06382978723404255,0.0,0.0,4.4758865248226956,nan,nan
10934834,20.0,9,242,1,0,242,10,60.5,0.04132231404958678,0.0,0.0,4.964049586776859,nan,nan
10934933,20.0,9,423,1,0,423,24,66.78947368421052,0.05673758865248227,0.0,0.3333333333333333,5.136406619385342,nan,nan
10935081,20.0,9,278,1,0,278,17,55.6,0.06115107913669065,0.0,0.16666666666666666,5.39136690647482,nan,nan
10935136,20.0,9,308,1,1,261,17,82.42105263157895,0.06513409961685823,0.14285714285714285,0.25,7.0888888888888895,nan,nan
10935148,20.0,9,237,2,3,66,2,33.0,0.030303030303030304,0.0,0.0,7.690909090909091,nan,nan
10935358,20.0,9,636,4,3,506,38,33.0,0.07509881422924901,0.0,0.0,4.131818181818182,nan,nan
10935638,20.0,9,228,1,0,228,2,171.0,0.008771929824561403,0.0,0.0,3.811842105263158,nan,nan
10935844,20.0,9,607,1,0,607,72,36.42,0.1186161449752883,0.018518518518518517,0.1,3.8996705107084018,nan,nan
10969051,20.0,9,601,1,0,601,67,33.700934579439256,0.11148086522462562,0.0,0.1111111111111111,3.5351081530782027,nan,nan
11058912,20.0,9,601,1,0,601,51,51.51428571428571,0.08485856905158069,0.03571428571428571,0.06896551724137931,6.538768718801997,nan,nan
11071635,20.0,9,423,2,1,377,29,39.68421052631579,0.07692307692307693,0.0,0.05555555555555555,9.707957559681699,nan,nan
11071677,20.0,9,459,2,1,406,33,36.90909090909091,0.0812807881773399,0.0,0.045454545454545456,7.277832512315271,nan,nan
11071727,20.0,9,411,1,0,411,32,48.35294117647059,0.07785888077858881,0.0,0.2222222222222222,7.443552311435524,nan,nan
11071733,20.0,9,257,1,0,257,25,32.125,0.09727626459143969,0.0,0.0625,4.441634241245136,nan,nan
11071965,20.0,9,535,3,2,448,34,42.0,0.07589285714285714,0.0,0.14285714285714285,5.2508928571428575,nan,nan
11092058,20.0,9,446,1,1,399,29,54.40909090909091,0.07268170426065163,0.0,0.4,7.101754385964912,nan,nan
11092072,20.0,9,247,1,0,247,13,61.75,0.05263157894736842,0.0,0.2,4.2607287449392715,nan,nan
4300268,20.0,9,961,5,4,431,24,42.39344262295082,0.05568445475638051,0.0,0.06666666666666667,4.324129930394432,nan,nan
4303167,20.0,9,610,3,2,518,45,35.31818181818182,0.08687258687258688,0.0,0.08,6.500965250965251,nan,nan
4303201,20.0,9,600,1,0,600,35,53.73134328358209,0.058333333333333334,0.0,0.04,3.615333333333333,nan,nan
4326816,20.0,9,606,4,4,446,28,37.166666666666664,0.06278026905829596,0.0,0.0,4.260762331838565,nan,nan
4453473,20.0,9,610,3,2,512,44,33.391304347826086,0.0859375,0.0,0.029411764705882353,4.3109375,nan,nan
4636267,20.0,9,624,4,3,474,42,28.44,0.08860759493670886,0.0,0.0,4.147679324894515,nan,nan
4652239,20.0,9,601,4,4,432,33,31.609756097560975,0.0763888888888889,0.0,0.0,6.208333333333333,nan,nan
4660369,20.0,9,640,3,2,523,39,37.80722891566265,0.0745697896749522,0.0,0.03333333333333333,3.722562141491396,nan,nan
4748312,20.0,9,624,5,4,435,15,52.2,0.034482758620689655,0.0,0.0,3.8671264367816094,nan,nan
4748313,20.0,9,770,3,2,465,54,23.25,0.11612903225806452,0.0,0.0,3.649462365591398,nan,nan
4779685,20.0,9,669,5,4,405,25,34.714285714285715,0.06172839506172839,0.0,0.0,3.820493827160494,nan,nan
4792372,20.0,9,609,3,3,455,31,40.14705882352941,0.06813186813186813,0.0,0.043478260869565216,3.4294505494505496,nan,nan
4793806,20.0,9,609,4,3,441,44,29.076923076923077,0.09977324263038549,0.0,0.07692307692307693,5.477777777777777,nan,nan
4798549,20.0,9,661,5,4,447,49,22.728813559322035,0.10961968680089486,0.0,0.0,4.02013422818792,nan,nan
4944723,20.0,9,650,5,5,292,24,28.258064516129032,0.0821917808219178,0.0,0.0625,4.189383561643836,nan,nan
4981908,20.0,9,251,1,0,251,20,40.7027027027027,0.0796812749003984,0.0,0.1,3.389641434262948,nan,nan
5084249,20.0,9,600,1,0,600,28,66.66666666666667,0.04666666666666667,0.0,0.05,3.1698333333333335,nan,nan
5133027,20.0,9,628,4,4,395,30,34.85294117647059,0.0759493670886076,0.0,0.05,3.650632911392405,nan,nan
5285957,20.0,9,387,1,0,387,16,82.92857142857143,0.041343669250646,0.0,0.2,3.4687338501291993,nan,nan
5286334,20.0,9,342,1,0,342,43,28.901408450704224,0.12573099415204678,0.03225806451612903,0.03225806451612903,4.144152046783626,nan,nan
5395622,20.0,9,231,2,1,198,26,22.41509433962264,0.13131313131313133,0.0,0.058823529411764705,4.2146464646464645,nan,nan
5538668,20.0,9,617,1,0,617,91,20.915254237288135,0.14748784440842788,0.012658227848101266,0.0,3.5068071312803886,nan,nan
5670672,20.0,9,264,3,2,145,8,31.071428571428573,0.05517241379310345,0.0,0.0,4.348275862068966,nan,nan
5729758,20.0,9,253,1,0,253,17,47.4375,0.06719367588932806,0.0,0.125,3.7039525691699606,nan,nan
5763820,20.0,9,989,4,5,347,40,33.04761904761905,0.11527377521613832,0.045454545454545456,0.11764705882352941,5.979827089337176,nan,nan
5917923,20.0,9,272,1,0,272,42,20.4,0.15441176470588236,0.0,0.03225806451612903,3.5220588235294117,nan,nan
5936666,20.0,9,602,1,0,602,27,72.24,0.044850498338870434,0.0,0.058823529411764705,3.233720930232558,nan,nan
6014730,20.0,9,219,1,0,219,18,38.64705882352941,0.0821917808219178,0.0,0.1111111111111111,8.198173515981736,nan,nan
6051512,20.0,9,601,2,1,568,32,47.333333333333336,0.056338028169014086,0.0,0.0,7.9477112676056345,nan,nan
6053686,20.0,9,602,1,0,602,55,37.23711340206186,0.09136212624584718,0.0,0.0625,6.627574750830565,nan,nan
6171971,20.0,9,372,1,0,372,21,48.52173913043478,0.056451612903225805,0.0,0.0,6.224462365591398,nan,nan
6172561,20.0,9,239,1,0,239,18,43.45454545454545,0.07531380753138076,0.0,0.125,4.3941422594142265,nan,nan
6357847,20.0,9,716,7,6,358,43,20.074766355140188,0.12011173184357542,0.0,0.029411764705882353,6.610055865921788,nan,nan
6358495,20.0,9,308,1,0,308,19,44.0,0.06168831168831169,0.0,0.0,4.2412337662337665,nan,nan
6422329,20.0,9,269,1,0,269,3,161.4,0.011152416356877323,0.0,0.0,3.5490706319702605,nan,nan
6547817,20.0,9,320,1,1,288,7,96.0,0.024305555555555556,0.0,0.0,3.027083333333333,nan,nan
6547822,20.0,9,341,4,3,218,9,38.470588235294116,0.04128440366972477,0.0,0.0,4.854587155963302,nan,nan
6756778,20.0,9,498,1,1,457,5,195.85714285714286,0.010940919037199124,0.0,0.0,3.0157549234135668,nan,nan
6896919,20.0,9,619,2,1,564,32,51.27272727272727,0.05673758865248227,0.0,0.043478260869565216,3.7111702127659574,nan,nan
6920600,20.0,9,225,1,0,225,17,42.1875,0.07555555555555556,0.0,0.1111111111111111,3.9506666666666668,nan,nan
6922501,20.0,9,273,1,1,239,22,43.45454545454545,0.09205020920502092,0.0,1.0,4.705020920502092,nan,nan
6922622,20.0,9,453,1,0,453,23,82.36363636363636,0.05077262693156733,0.0,1.0,3.1774834437086095,nan,nan
6941418,20.0,9,282,2,1,251,9,57.92307692307692,0.035856573705179286,0.0,0.0,3.6366533864541832,nan,nan
6984632,20.0,9,617,2,1,578,66,33.34615384615385,0.11418685121107267,0.018518518518518517,0.058823529411764705,3.4524221453287196,nan,nan
7555066,20.0,9,339,1,0,339,17,72.64285714285714,0.05014749262536873,0.0,0.2,3.424778761061947,nan,nan
7557391,20.0,9,302,1,0,302,34,27.454545454545453,0.11258278145695365,0.0,0.04,3.5096026490066228,nan,nan
7563440,20.0,9,591,1,0,591,43,51.391304347826086,0.0727580372250423,0.0,0.21428571428571427,4.551945854483925,nan,nan
7564587,20.0,9,242,2,1,197,23,29.55,0.116751269035533,0.0,0.5,5.352284263959391,nan,nan
7583768,20.0,9,236,2,2,164,19,25.23076923076923,0.11585365853658537,0.0,0.1,4.099390243902438,nan,nan
7598344,20.0,9,219,1,0,219,22,35.513513513513516,0.1004566210045662,0.0,0.1111111111111111,4.13607305936073,nan,nan
7613495,20.0,9,612,1,0,612,23,73.44,0.03758169934640523,0.0,0.0,3.064542483660131,nan,nan
7613518,20.0,9,285,2,2,214,19,32.1,0.08878504672897196,0.0,0.09090909090909091,6.796261682242991,nan,nan
7613731,20.0,9,271,1,1,233,13,66.57142857142857,0.055793991416309016,0.0,0.5,5.824463519313304,nan,nan
7691124,20.0,9,255,3,2,178,17,26.7,0.09550561797752809,0.0,0.1111111111111111,8.446067415730338,nan,nan
7691163,20.0,9,301,2,1,267,27,30.22641509433962,0.10112359550561797,0.0,0.0625,5.213483146067416,nan,nan
7691232,20.0,9,601,1,0,601,77,22.82278481012658,0.1281198003327787,0.0,0.0,4.40648918469218,nan,nan
7691423,20.0,9,303,2,1,260,24,27.857142857142858,0.09230769230769231,0.0,0.0,4.235769230769231,nan,nan
7691435,20.0,9,343,1,0,343,19,57.166666666666664,0.05539358600583091,0.0,0.1,3.7892128279883384,nan,nan
7691520,20.0,9,608,2,1,552,12,103.5,0.021739130434782608,0.0,0.0,3.30054347826087,nan,nan
7691542,20.0,9,368,2,1,306,20,52.457142857142856,0.06535947712418301,0.09090909090909091,0.09090909090909091,4.830065359477124,nan,nan
7691885,20.0,9,251,2,1,208,20,29.714285714285715,0.09615384615384616,0.0,0.08333333333333333,4.700961538461538,nan,nan
7691909,20.0,9,624,2,1,586,44,43.407407407407405,0.07508532423208192,0.0,0.08333333333333333,4.685665529010239,nan,nan
7795968,20.0,9,252,1,1,195,12,53.18181818181818,0.06153846153846154,0.0,0.3333333333333333,4.02,nan,nan
7797310,20.0,9,601,1,0,601,59,31.086206896551722,0.09816971713810316,0.0,0.0196078431372549,3.724792013311148,nan,nan
7799046,20.0,9,454,1,0,454,25,57.95744680851064,0.05506607929515418,0.0,0.06666666666666667,3.329955947136564,nan,nan
7799135,20.0,9,329,1,0,329,15,58.05882352941177,0.04559270516717325,0.0,0.0,3.4948328267477202,nan,nan
7799180,20.0,9,645,4,3,515,24,53.275862068965516,0.04660194174757282,0.0,0.0625,4.254757281553398,nan,nan
7799209,20.0,9,525,1,0,525,27,73.25581395348837,0.05142857142857143,0.0,0.2857142857142857,4.717142857142857,nan,nan
7799211,20.0,9,232,3,2,155,17,20.217391304347824,0.10967741935483871,0.0,0.0,6.190967741935484,nan,nan
7799420,20.0,9,317,1,1,286,11,95.33333333333333,0.038461538461538464,0.0,1.0,4.638811188811189,nan,nan
7799507,20.0,9,310,3,2,196,47,11.09433962264151,0.23979591836734693,0.0,0.0,7.33265306122449,nan,nan
7852277,20.0,9,247,1,1,202,10,50.5,0.04950495049504951,0.0,0.0,3.847029702970297,nan,nan
7852403,20.0,9,290,1,0,290,18,52.72727272727273,0.06206896551724138,0.0,0.125,4.98551724137931,nan,nan
7852411,20.0,9,607,3,2,521,52,26.948275862068964,0.09980806142034548,0.0,0.0,4.221689059500959,nan,nan
7852420,20.0,9,606,2,1,562,42,43.79220779220779,0.07473309608540925,0.0,0.09523809523809523,4.743060498220641,nan,nan
7852422,20.0,9,216,1,0,216,22,39.27272727272727,0.10185185185185185,0.0,1.0,3.8305555555555553,nan,nan
7852445,20.0,9,307,1,0,307,16,63.51724137931034,0.05211726384364821,0.0,0.16666666666666666,3.850488599348534,nan,nan
7852451,20.0,9,314,2,1,261,14,43.5,0.05363984674329502,0.0,0.0,3.921455938697318,nan,nan
8354596,20.0,9,385,1,0,385,73,16.041666666666668,0.18961038961038962,0.015625,0.0,3.9231168831168834,nan,nan
10752853,20.0,10,615,2,1,565,70,22.905405405405407,0.12389380530973451,0.0,0.0,3.2015929203539826,nan,nan
10752864,20.0,10,232,2,1,187,17,26.714285714285715,0.09090909090909091,0.0,0.0,3.5272727272727273,nan,nan
10752951,20.0,10,610,1,0,610,69,29.047619047619047,0.11311475409836065,0.0,0.0425531914893617,3.204590163934426,nan,nan
10892045,20.0,10,323,2,1,282,18,38.45454545454545,0.06382978723404255,0.0,0.0,3.4429078014184396,nan,nan
10934834,20.0,10,242,1,0,242,10,60.5,0.04132231404958678,0.0,0.0,5.1099173553719,nan,nan
10934933,20.0,10,423,1,0,423,24,57.68181818181818,0.05673758865248227,0.0,0.07142857142857142,3.2713947990543732,nan,nan
10935081,20.0,10,278,1,0,278,17,55.6,0.06115107913669065,0.0,0.16666666666666666,3.192086330935252,nan,nan
10935136,20.0,10,308,1,1,261,17,82.42105263157895,0.06513409961685823,0.14285714285714285,0.25,4.009195402298851,nan,nan
10935148,20.0,10,237,2,3,66,2,33.0,0.030303030303030304,0.0,0.0,4.278787878787878,nan,nan
10935358,20.0,10,636,4,3,506,38,33.0,0.07509881422924901,0.0,0.0,3.6367588932806325,nan,nan
10935638,20.0,10,228,1,0,228,2,171.0,0.008771929824561403,0.0,0.0,3.031578947368421,nan,nan
10935844,20.0,10,607,1,0,607,72,31.94736842105263,0.1186161449752883,0.0,0.10344827586206896,3.5179571663920925,nan,nan
10969051,20.0,10,601,1,0,601,67,35.35294117647059,0.11148086522462562,0.0,0.13636363636363635,4.386855241264559,nan,nan
11058912,20.0,10,601,1,0,601,51,47.44736842105263,0.08485856905158069,0.03571428571428571,0.02631578947368421,6.079866888519135,nan,nan
11071635,20.0,10,423,2,1,377,29,39.68421052631579,0.07692307692307693,0.0,0.05555555555555555,5.603448275862069,nan,nan
11071677,20.0,10,459,2,1,406,33,36.90909090909091,0.0812807881773399,0.0,0.045454545454545456,4.283990147783251,nan,nan
11071727,20.0,10,411,1,0,411,32,48.35294117647059,0.07785888077858881,0.0,0.2222222222222222,3.660827250608272,nan,nan
11071733,20.0,10,257,1,0,257,25,28.555555555555557,0.09727626459143969,0.0,0.0,4.19455252918288,nan,nan
11071965,20.0,10,535,3,2,448,34,37.859154929577464,0.07589285714285714,0.0,0.045454545454545456,6.0303571428571425,nan,nan
11092058,20.0,10,446,1,1,399,29,54.40909090909091,0.07268170426065163,0.0,0.4,3.210526315789474,nan,nan
11092072,20.0,10,247,1,0,247,13,64.43478260869566,0.05263157894736842,0.0,0.3333333333333333,5.494736842105263,nan,nan
4300268,20.0,10,961,5,4,431,24,42.39344262295082,0.05568445475638051,0.0,0.06666666666666667,5.213457076566125,nan,nan
4303167,20.0,10,610,3,2,518,45,33.06382978723404,0.08687258687258688,0.0,0.029411764705882353,3.4687258687258686,nan,nan
4303201,20.0,10,600,1,0,600,35,56.25,0.058333333333333334,0.0,0.045454545454545456,3.5388333333333337,nan,nan
4326816,20.0,10,606,4,4,446,28,37.166666666666664,0.06278026905829596,0.0,0.0,5.429372197309417,nan,nan
4453473,20.0,10,610,3,2,512,44,33.391304347826086,0.0859375,0.0,0.029411764705882353,3.7392578125,nan,nan
4636267,20.0,10,624,4,3,474,42,28.44,0.08860759493670886,0.0,0.0,3.904008438818565,nan,nan
4652239,20.0,10,601,4,4,432,33,31.609756097560975,0.0763888888888889,0.0,0.0,3.7513888888888887,nan,nan
4660369,20.0,10,640,3,2,523,39,37.80722891566265,0.0745697896749522,0.0,0.03333333333333333,3.52810707456979,nan,nan
4748312,20.0,10,624,5,4,435,15,52.2,0.034482758620689655,0.0,0.0,5.87287356321839,nan,nan
4748313,20.0,10,770,3,2,465,54,23.25,0.11612903225806452,0.0,0.0,4.738279569892473,nan,nan
4779685,20.0,10,669,5,4,405,25,34.714285714285715,0.06172839506172839,0.0,0.0,3.8945679012345678,nan,nan
4792372,20.0,10,609,3,3,455,31,36.891891891891895,0.06813186813186813,0.0,0.0,3.3035164835164834,nan,nan
4793806,20.0,10,609,4,3,441,44,27.278350515463917,0.09977324263038549,0.0,0.02857142857142857,3.6743764172335602,nan,nan
4798549,20.0,10,661,5,4,447,49,22.728813559322035,0.10961968680089486,0.0,0.0,3.6536912751677852,nan,nan
4944723,20.0,10,650,5,5,292,24,25.764705882352942,0.0821917808219178,0.0,0.0,4.901712328767123,nan,nan
4981908,20.0,10,251,1,0,251,20,34.22727272727273,0.0796812749003984,0.0,0.0,3.4784860557768926,nan,nan
5084249,20.0,10,600,1,0,600,28,60.0,0.04666666666666667,0.0,0.0,3.2048333333333336,nan,nan
5133027,20.0,10,628,4,4,395,30,34.85294117647059,0.0759493670886076,0.0,0.05,3.8868354430379743,nan,nan
5285957,20.0,10,387,1,0,387,16,82.92857142857143,0.041343669250646,0.0,0.2,3.253488372093023,nan,nan
5286334,20.0,10,342,1,0,342,43,25.333333333333332,0.12573099415204678,0.03225806451612903,0.0,3.5789473684210527,nan,nan
5395622,20.0,10,231,2,1,198,26,22.41509433962264,0.13131313131313133,0.0,0.058823529411764705,4.11010101010101,nan,nan
5538668,20.0,10,617,1,0,617,91,20.915254237288135,0.14748784440842788,0.012658227848101266,0.0,3.621393841166937,nan,nan
5670672,20.0,10,264,3,2,145,8,31.071428571428573,0.05517241379310345,0.0,0.0,3.872413793103448,nan,nan
5729758,20.0,10,253,1,0,253,17,39.94736842105263,0.06719367588932806,0.0,0.0,5.122134387351779,nan,nan
5763820,20.0,10,989,4,5,347,40,33.04761904761905,0.11527377521613832,0.045454545454545456,0.11764705882352941,5.648414985590778,nan,nan
5917923,20.0,10,272,1,0,272,42,20.4,0.15441176470588236,0.0,0.03225806451612903,4.058088235294117,nan,nan
5936666,20.0,10,602,1,0,602,27,72.24,0.044850498338870434,0.0,0.058823529411764705,3.204651162790698,nan,nan
6014730,20.0,10,219,1,0,219,18,32.85,0.0821917808219178,0.0,0.0,5.746118721461188,nan,nan
6051512,20.0,10,601,2,1,568,32,47.333333333333336,0.056338028169014086,0.0,0.0,4.13080985915493,nan,nan
6053686,20.0,10,602,1,0,602,55,37.625,0.09136212624584718,0.0,0.06451612903225806,6.115448504983389,nan,nan
6171971,20.0,10,372,1,0,372,21,48.52173913043478,0.056451612903225805,0.0,0.0,6.543817204301075,nan,nan
6172561,20.0,10,239,1,0,239,18,43.45454545454545,0.07531380753138076,0.0,0.125,6.0807531380753135,nan,nan
6357847,20.0,10,716,7,6,358,43,20.074766355140188,0.12011173184357542,0.0,0.029411764705882353,11.02905027932961,nan,nan
6358495,20.0,10,308,1,0,308,19,44.0,0.06168831168831169,0.0,0.0,7.913636363636364,nan,nan
6422329,20.0,10,269,1,0,269,3,161.4,0.011152416356877323,0.0,0.0,5.964312267657993,nan,nan
6547817,20.0,10,320,1,1,288,7,96.0,0.024305555555555556,0.0,0.0,4.38125,nan,nan
6547822,20.0,10,341,4,3,218,9,38.470588235294116,0.04128440366972477,0.0,0.0,5.577064220183486,nan,nan
6756778,20.0,10,498,1,1,457,5,195.85714285714286,0.010940919037199124,0.0,0.0,3.086652078774617,nan,nan
6896919,20.0,10,619,2,1,564,32,47.0,0.05673758865248227,0.0,0.0,3.3471631205673757,nan,nan
6920600,20.0,10,225,1,0,225,17,35.526315789473685,0.07555555555555556,0.0,0.0,3.656,nan,nan
6922501,20.0,10,273,1,1,239,22,43.45454545454545,0.09205020920502092,0.0,1.0,3.8606694560669457,nan,nan
6922622,20.0,10,453,1,0,453,23,82.36363636363636,0.05077262693156733,0.0,1.0,3.8649006622516557,nan,nan
6941418,20.0,10,282,2,1,251,9,57.92307692307692,0.035856573705179286,0.0,0.0,3.9533864541832666,nan,nan
6984632,20.0,10,617,2,1,578,66,33.34615384615385,0.11418685121107267,0.018518518518518517,0.058823529411764705,3.942387543252595,nan,nan
7555066,20.0,10,339,1,0,339,17,72.64285714285714,0.05014749262536873,0.0,0.2,3.7392330383480825,nan,nan
7557391,20.0,10,302,1,0,302,34,25.166666666666668,0.11258278145695365,0.0,0.0,3.760596026490066,nan,nan
7563440,20.0,10,591,1,0,591,43,51.391304347826086,0.0727580372250423,0.0,0.21428571428571427,3.264467005076142,nan,nan
7564587,20.0,10,242,2,1,197,23,25.695652173913043,0.116751269035533,0.0,0.07692307692307693,4.568527918781726,nan,nan
7583768,20.0,10,236,2,2,164,19,25.23076923076923,0.11585365853658537,0.0,0.1,3.9457317073170732,nan,nan
7598344,20.0,10,219,1,0,219,22,35.513513513513516,0.1004566210045662,0.0,0.1111111111111111,5.541095890410959,nan,nan
7613495,20.0,10,612,1,0,612,23,73.44,0.03758169934640523,0.0,0.0,4.23218954248366,nan,nan
7613518,20.0,10,285,2,2,214,19,27.91304347826087,0.08878504672897196,0.0,0.0,4.604672897196261,nan,nan
7613731,20.0,10,271,1,1,233,13,66.57142857142857,0.055793991416309016,0.0,0.5,3.9991416309012875,nan,nan
7691124,20.0,10,255,3,2,178,17,23.217391304347824,0.09550561797752809,0.0,0.0,7.226966292134832,nan,nan
7691163,20.0,10,301,2,1,267,27,30.22641509433962,0.10112359550561797,0.0,0.0625,4.6475655430711615,nan,nan
7691232,20.0,10,601,1,0,601,77,22.82278481012658,0.1281198003327787,0.0,0.0,4.100998336106489,nan,nan
7691423,20.0,10,303,2,1,260,24,27.857142857142858,0.09230769230769231,0.0,0.0,6.1680769230769235,nan,nan
7691435,20.0,10,343,1,0,343,19,60.529411764705884,0.05539358600583091,0.0,0.1111111111111111,6.720116618075802,nan,nan
7691520,20.0,10,608,2,1,552,12,103.5,0.021739130434782608,0.0,0.0,5.485326086956522,nan,nan
7691542,20.0,10,368,2,1,306,20,44.78048780487805,0.06535947712418301,0.0,0.09090909090909091,3.988562091503268,nan,nan
7691885,20.0,10,251,2,1,208,20,26.0,0.09615384615384616,0.0,0.0,4.020192307692308,nan,nan
7691909,20.0,10,624,2,1,586,44,40.41379310344828,0.07508532423208192,0.0,0.030303030303030304,3.3706484641638226,nan,nan
7795968,20.0,10,252,1,1,195,12,41.785714285714285,0.06153846153846154,0.0,0.0,3.7430769230769227,nan,nan
7797310,20.0,10,601,1,0,601,59,31.356521739130436,0.09816971713810316,0.0,0.02040816326530612,4.261397670549084,nan,nan
7799046,20.0,10,454,1,0,454,25,57.95744680851064,0.05506607929515418,0.0,0.06666666666666667,3.4475770925110134,nan,nan
7799135,20.0,10,329,1,0,329,15,58.05882352941177,0.04559270516717325,0.0,0.0,3.3534954407294832,nan,nan
7799180,20.0,10,645,4,3,515,24,48.28125,0.04660194174757282,0.0,0.0,3.801165048543689,nan,nan
7799209,20.0,10,525,1,0,525,27,73.25581395348837,0.05142857142857143,0.0,0.2857142857142857,3.3925714285714283,nan,nan
7799211,20.0,10,232,3,2,155,17,20.217391304347824,0.10967741935483871,0.0,0.0,4.309677419354839,nan,nan
7799420,20.0,10,317,1,1,286,11,95.33333333333333,0.038461538461538464,0.0,1.0,3.315034965034965,nan,nan
7799507,20.0,10,310,3,2,196,47,11.09433962264151,0.23979591836734693,0.0,0.0,8.958673469387756,nan,nan
7852277,20.0,10,247,1,1,202,10,50.5,0.04950495049504951,0.0,0.0,6.625742574257426,nan,nan
7852403,20.0,10,290,1,0,290,18,52.72727272727273,0.06206896551724138,0.0,0.125,3.5824137931034485,nan,nan
7852411,20.0,10,607,3,2,521,52,26.948275862068964,0.09980806142034548,0.0,0.0,3.7593090211132436,nan,nan
7852420,20.0,10,606,2,1,562,42,43.79220779220779,0.07473309608540925,0.0,0.09523809523809523,4.6322064056939505,nan,nan
7852422,20.0,10,216,1,0,216,22,39.27272727272727,0.10185185185185185,0.0,1.0,3.6888888888888887,nan,nan
7852445,20.0,10,307,1,0,307,16,63.51724137931034,0.05211726384364821,0.0,0.16666666666666666,3.7068403908794787,nan,nan
7852451,20.0,10,314,2,1,261,14,43.5,0.05363984674329502,0.0,0.0,5.354789272030651,nan,nan
8354596,20.0,10,385,1,0,385,73,15.4,0.18961038961038962,0.0,0.0,6.04025974025974,nan,nan
