trajectory,gamma_mps,k,n_points,n_moves,n_stops,n_move_points,n_move_keypoints,move_cr,move_retention_ratio,e_match_rate,v_match_rate,move_latency_us_per_point,move_latency_p25_us_per_point,move_latency_p75_us_per_point
4216956,2.0,2,910,6,5,363,82,13.04191616766467,0.22589531680440772,0.02631578947368421,0.5384615384615384,7.301101928374656,nan,nan
4272243,2.0,2,646,2,1,600,275,6.976744186046512,0.4583333333333333,0.0,0.07253886010362694,8.368,nan,nan
4344977,2.0,2,1187,5,5,384,102,12.387096774193548,0.265625,0.009900990099009901,1.0,9.16015625,nan,nan
4350946,2.0,2,690,5,5,394,64,19.06451612903226,0.16243654822335024,0.016129032258064516,1.0,9.989593908629441,nan,nan
4351935,2.0,2,775,6,5,369,94,13.418181818181818,0.25474254742547425,0.03333333333333333,1.0,10.126016260162602,nan,nan
4352377,2.0,2,716,5,4,428,91,16.56774193548387,0.21261682242990654,0.0,0.9230769230769231,10.097196261682244,nan,nan
4358853,2.0,2,666,4,3,528,95,22.0,0.17992424242424243,0.024390243902439025,0.9166666666666666,9.365530303030303,nan,nan
4359232,2.0,2,681,3,2,590,198,9.725274725274724,0.33559322033898303,0.00510204081632653,0.11016949152542373,9.843389830508475,nan,nan
4370045,2.0,2,720,4,3,467,125,14.01,0.2676659528907923,0.0,1.0,11.532119914346895,nan,nan
4389353,2.0,2,650,5,4,462,126,13.137440758293838,0.2727272727272727,0.016129032258064516,1.0,12.891558441558441,nan,nan
4389414,2.0,2,645,5,5,422,99,16.23076923076923,0.23459715639810427,0.010638297872340425,0.9166666666666666,13.703791469194313,nan,nan
4392729,2.0,2,652,4,3,478,109,15.933333333333334,0.2280334728033473,0.009345794392523364,0.9333333333333333,11.64205020920502,nan,nan
4393045,2.0,2,936,4,3,438,88,18.771428571428572,0.2009132420091324,0.08955223880597014,1.0,10.959817351598172,nan,nan
4440451,2.0,2,657,3,2,546,162,14.181818181818182,0.2967032967032967,0.061068702290076333,1.0,13.417765567765569,nan,nan
4443744,2.0,2,710,7,6,399,126,11.29245283018868,0.3157894736842105,0.02564102564102564,0.8333333333333334,16.861152882205516,nan,nan
4448887,2.0,2,666,6,6,333,49,19.782178217821784,0.14714714714714713,0.13157894736842105,1.0,17.34024024024024,nan,nan
4469551,2.0,2,670,4,3,512,120,18.395209580838323,0.234375,0.13157894736842105,1.0,11.594921875,nan,nan
4472905,2.0,2,816,4,3,463,104,15.874285714285714,0.22462203023758098,0.04081632653061224,1.0,9.220950323974083,nan,nan
4473229,2.0,2,673,4,4,446,103,15.03370786516854,0.23094170403587444,0.020202020202020204,0.9375,12.209192825112108,nan,nan
4481970,2.0,2,642,3,2,494,81,23.15625,0.16396761133603238,0.012658227848101266,0.9,9.169028340080972,nan,nan
4482888,2.0,2,647,1,0,647,191,12.40255591054313,0.29520865533230295,0.0,0.5813953488372093,10.874652241112829,nan,nan
4487550,2.0,2,653,4,3,480,103,18.46153846153846,0.21458333333333332,0.03333333333333333,0.9166666666666666,11.669166666666666,nan,nan
4487946,2.0,2,710,2,1,227,87,10.55813953488372,0.3832599118942731,0.21568627450980393,1.0,21.899118942731278,nan,nan
4504164,2.0,2,649,5,5,364,77,14.756756756756756,0.21153846153846154,0.041666666666666664,0.9285714285714286,10.901098901098901,nan,nan
4527487,2.0,2,671,4,5,134,16,18.697674418604652,0.11940298507462686,0.06666666666666667,0.75,12.387313432835821,nan,nan
4544584,2.0,2,672,4,3,540,118,17.608695652173914,0.21851851851851853,0.017543859649122806,1.0,15.45148148148148,nan,nan
4547202,2.0,2,696,5,4,436,71,19.669172932330827,0.1628440366972477,0.045454545454545456,0.9166666666666666,13.079128440366972,nan,nan
4559519,2.0,2,991,6,5,358,79,15.020979020979022,0.2206703910614525,0.09375,1.0,13.069553072625697,nan,nan
4575701,2.0,2,700,2,1,657,254,10.88950276243094,0.3866057838660578,0.058823529411764705,0.96,9.32054794520548,nan,nan
4579744,2.0,2,678,6,5,377,92,13.544910179640718,0.2440318302387268,0.03614457831325301,1.0,14.12838196286472,nan,nan
4605892,2.0,2,678,2,3,41,5,12.947368421052632,0.12195121951219512,0.0,1.0,12.824390243902437,nan,nan
4668185,2.0,2,641,7,6,372,99,13.527272727272727,0.2661290322580645,0.023255813953488372,1.0,17.734139784946237,nan,nan
4705097,2.0,2,659,4,4,451,109,15.824561403508772,0.24168514412416853,0.01904761904761905,1.0,10.577827050997783,nan,nan
4724133,2.0,2,650,4,4,454,90,15.477272727272727,0.19823788546255505,0.011235955056179775,0.1956521739130435,11.614537444933921,nan,nan
4749525,2.0,2,805,3,2,526,85,23.036496350364963,0.16159695817490494,0.025,1.0,10.269011406844106,nan,nan
4754626,2.0,2,1144,5,4,433,91,17.917241379310344,0.21016166281755197,0.04054054054054054,1.0,8.833718244803695,nan,nan
4754956,2.0,2,647,5,4,419,113,12.958762886597938,0.26968973747016706,0.008928571428571428,1.0,15.314319809069213,nan,nan
4775763,2.0,2,718,6,5,449,98,15.050279329608939,0.2182628062360802,0.10344827586206896,0.9285714285714286,11.466815144766148,nan,nan
4785421,2.0,2,773,4,4,460,74,22.258064516129032,0.1608695652173913,0.06153846153846154,1.0,10.699782608695651,nan,nan
4789937,2.0,2,678,4,4,524,100,19.40740740740741,0.19083969465648856,0.010309278350515464,0.9230769230769231,10.868129770992367,nan,nan
4792515,2.0,2,705,7,6,236,35,17.06024096385542,0.1483050847457627,0.11538461538461539,0.875,13.540677966101695,nan,nan
4811115,2.0,2,643,4,3,483,73,21.789473684210527,0.15113871635610765,0.013888888888888888,0.7333333333333333,9.295859213250516,nan,nan
4824328,2.0,2,688,4,3,355,55,21.95876288659794,0.15492957746478872,0.061224489795918366,0.875,9.707887323943662,nan,nan
4861227,2.0,2,710,7,6,240,41,15.652173913043478,0.17083333333333334,0.058823529411764705,0.8888888888888888,14.381666666666666,nan,nan
4861687,2.0,2,746,8,7,302,83,11.185185185185185,0.27483443708609273,0.11764705882352941,0.9230769230769231,15.17814569536424,nan,nan
4862222,2.0,2,670,4,3,486,201,7.4961439588688945,0.41358024691358025,0.005,0.08695652173913043,9.39567901234568,nan,nan
4862380,2.0,2,660,3,2,522,107,19.21472392638037,0.2049808429118774,0.030612244897959183,1.0,9.021072796934867,nan,nan
4865550,2.0,2,642,5,5,382,116,12.0,0.3036649214659686,0.0,0.9375,11.689528795811517,nan,nan
4865558,2.0,2,649,5,4,503,177,10.702127659574469,0.3518886679920477,0.11450381679389313,0.92,13.745924453280317,nan,nan
4912927,2.0,2,674,2,1,638,202,11.6,0.3166144200626959,0.038461538461538464,0.19736842105263158,10.210031347962383,nan,nan
4915833,2.0,2,675,4,3,479,123,15.451612903225806,0.2567849686847599,0.017094017094017096,1.0,12.03152400835073,nan,nan
4940890,2.0,2,683,3,2,530,119,17.569060773480665,0.22452830188679246,0.036036036036036036,0.9285714285714286,12.559622641509435,nan,nan
5244934,2.0,2,656,6,6,274,38,17.869565217391305,0.1386861313868613,0.08823529411764706,0.8888888888888888,20.433576642335765,nan,nan
5351422,2.0,2,654,4,3,487,116,16.415730337078653,0.23819301848049282,0.0,1.0,15.153798767967144,nan,nan
5477477,2.0,2,678,2,2,586,148,14.17741935483871,0.2525597269624573,0.00684931506849315,0.24074074074074073,8.997952218430035,nan,nan
5499001,2.0,2,670,2,1,632,202,11.77639751552795,0.31962025316455694,0.0,0.37037037037037035,10.555063291139241,nan,nan
5503058,2.0,2,916,6,5,414,88,16.025806451612905,0.21256038647342995,0.011494252873563218,1.0,14.456280193236713,nan,nan
5503168,2.0,2,695,6,5,336,50,19.96039603960396,0.1488095238095238,0.14285714285714285,0.8,18.386904761904763,nan,nan
5503359,2.0,2,716,6,6,319,42,21.75,0.13166144200626959,0.13333333333333333,0.7777777777777778,10.050783699059561,nan,nan
5540718,2.0,2,663,6,6,333,56,18.163636363636364,0.16816816816816818,0.018867924528301886,1.0,10.612312312312312,nan,nan
5540722,2.0,2,691,5,5,426,47,26.905263157894737,0.11032863849765258,0.044444444444444446,1.0,9.006103286384976,nan,nan
5540733,2.0,2,641,4,3,490,90,20.416666666666668,0.1836734693877551,0.023255813953488372,0.9090909090909091,8.691020408163267,nan,nan
5540847,2.0,2,869,6,6,375,53,22.058823529411764,0.14133333333333334,0.06818181818181818,0.8888888888888888,8.221866666666665,nan,nan
5547018,2.0,2,649,6,5,388,79,15.52,0.2036082474226804,0.025974025974025976,0.9230769230769231,12.262113402061855,nan,nan
5565253,2.0,2,670,4,5,385,52,24.0625,0.13506493506493505,0.14634146341463414,0.875,9.193246753246754,nan,nan
5615881,2.0,2,1051,6,6,357,92,11.966480446927374,0.25770308123249297,0.03409090909090909,0.4,10.280672268907562,nan,nan
5615968,2.0,2,642,6,5,378,91,14.0,0.24074074074074073,0.1095890410958904,1.0,11.024603174603175,nan,nan
5615986,2.0,2,685,5,4,343,65,17.440677966101696,0.18950437317784258,0.03278688524590164,1.0,10.081924198250729,nan,nan
5615988,2.0,2,671,6,5,356,64,17.225806451612904,0.1797752808988764,0.06779661016949153,1.0,10.974719101123595,nan,nan
5616015,2.0,2,657,2,1,624,148,15.21951219512195,0.23717948717948717,0.0,0.9583333333333334,8.145673076923076,nan,nan
5633515,2.0,2,663,6,5,410,84,15.974025974025974,0.2048780487804878,0.1044776119402985,0.9285714285714286,12.028536585365853,nan,nan
5692189,2.0,2,1527,6,5,401,79,15.623376623376624,0.1970074812967581,0.08571428571428572,0.9285714285714286,12.113216957605983,nan,nan
5705278,2.0,2,643,8,7,323,85,11.817073170731707,0.2631578947368421,0.036585365853658534,0.8571428571428571,13.097832817337462,nan,nan
5705752,2.0,2,682,5,4,434,81,18.083333333333332,0.18663594470046083,0.012658227848101266,1.0,10.840552995391706,nan,nan
5706077,2.0,2,656,5,5,382,55,21.42056074766355,0.14397905759162305,0.0392156862745098,0.8,7.921989528795811,nan,nan
5706137,2.0,2,737,7,7,173,23,12.975,0.1329479768786127,0.5333333333333333,1.0,17.160693641618497,nan,nan
5715345,2.0,2,923,4,3,491,98,17.127906976744185,0.19959266802443992,0.02127659574468085,1.0,7.867413441955193,nan,nan
5771585,2.0,2,720,6,5,355,63,17.459016393442624,0.17746478873239438,0.09090909090909091,0.9,10.054929577464788,nan,nan
5771621,2.0,2,675,6,5,379,55,19.94736842105263,0.14511873350923482,0.018518518518518517,1.0,9.814511873350924,nan,nan
5772092,2.0,2,729,8,7,335,52,16.89075630252101,0.15522388059701492,0.09302325581395349,1.0,10.58776119402985,nan,nan
5772102,2.0,2,725,5,4,359,56,20.32075471698113,0.15598885793871867,0.0,0.8,9.278272980501393,nan,nan
5772192,2.0,2,706,7,6,381,69,16.446043165467625,0.18110236220472442,0.1,0.9166666666666666,10.341207349081365,nan,nan
5874746,2.0,2,729,6,6,364,58,21.0,0.15934065934065933,0.04,1.0,9.772252747252747,nan,nan
5874767,2.0,2,1278,8,7,245,37,15.638297872340425,0.1510204081632653,0.13333333333333333,0.7777777777777778,11.508571428571429,nan,nan
5874769,2.0,2,649,6,6,322,43,19.128712871287128,0.13354037267080746,0.08108108108108109,0.9,9.28664596273292,nan,nan
5874787,2.0,2,1064,5,5,225,42,15.340909090909092,0.18666666666666668,0.025,0.6666666666666666,9.969777777777777,nan,nan
5875173,2.0,2,712,4,4,95,10,16.285714285714285,0.10526315789473684,0.125,0.5,9.370526315789474,nan,nan
5882173,2.0,2,665,8,7,273,51,14.495575221238939,0.18681318681318682,0.041666666666666664,0.9,10.368498168498169,nan,nan
5969330,2.0,2,721,6,5,459,144,9.595818815331011,0.3137254901960784,0.014388489208633094,0.13793103448275862,7.294771241830066,nan,nan
5969331,2.0,2,706,6,5,359,65,16.96062992125984,0.181058495821727,0.03225806451612903,0.9090909090909091,9.728969359331476,nan,nan
5969362,2.0,2,672,5,5,449,74,20.723076923076924,0.16481069042316257,0.046875,0.9090909090909091,8.855902004454343,nan,nan
6058407,2.0,2,696,7,7,329,116,8.773333333333333,0.3525835866261398,0.028037383177570093,0.7777777777777778,12.071124620060791,nan,nan
6062407,2.0,2,666,7,6,333,62,16.112903225806452,0.18618618618618618,0.01639344262295082,0.8181818181818182,8.831231231231232,nan,nan
6109129,2.0,2,721,4,3,482,76,21.74436090225564,0.15767634854771784,0.0273972602739726,1.0,9.183609958506224,nan,nan
6148097,2.0,2,725,4,4,458,98,17.844155844155843,0.21397379912663755,0.010309278350515464,1.0,9.136026200873363,nan,nan
6148143,2.0,2,677,5,4,437,76,18.863309352517987,0.17391304347826086,0.046153846153846156,1.0,10.438901601830665,nan,nan
6148208,2.0,2,646,3,3,319,70,16.938053097345133,0.219435736677116,0.0,1.0,10.363636363636363,nan,nan
6190357,2.0,2,710,2,2,494,77,24.097560975609756,0.15587044534412955,0.043478260869565216,1.0,9.679757085020244,nan,nan
6193396,2.0,2,658,6,5,370,37,23.125,0.1,0.15625,1.0,8.965675675675676,nan,nan
6193436,2.0,2,666,5,6,94,14,13.116279069767442,0.14893617021276595,0.0,0.4,12.142553191489363,nan,nan
4216956,2.0,3,910,6,5,363,82,13.527950310559007,0.22589531680440772,0.01282051282051282,0.3225806451612903,6.963085399449035,nan,nan
4272243,2.0,3,646,2,1,600,275,7.017543859649122,0.4583333333333333,0.0,0.061224489795918366,7.536833333333334,nan,nan
4344977,2.0,3,1187,5,5,384,102,12.454054054054055,0.265625,0.0,0.8421052631578947,8.993229166666667,nan,nan
4350946,2.0,3,690,5,5,394,64,19.37704918032787,0.16243654822335024,0.0,0.8333333333333334,10.1248730964467,nan,nan
4351935,2.0,3,775,6,5,369,94,13.751552795031056,0.25474254742547425,0.010869565217391304,0.7333333333333333,9.850677506775067,nan,nan
4352377,2.0,3,716,5,4,428,91,16.675324675324674,0.21261682242990654,0.0,0.7857142857142857,10.442757009345794,nan,nan
4358853,2.0,3,666,4,3,528,95,22.0,0.17992424242424243,0.024390243902439025,0.9166666666666666,7.896969696969697,nan,nan
4359232,2.0,3,681,3,2,590,198,9.833333333333334,0.33559322033898303,0.0,0.09166666666666666,8.21728813559322,nan,nan
4370045,2.0,3,720,4,3,467,125,14.01,0.2676659528907923,0.0,1.0,9.645182012847966,nan,nan
4389353,2.0,3,650,5,4,462,126,13.45631067961165,0.2727272727272727,0.0,0.7,11.653679653679653,nan,nan
4389414,2.0,3,645,5,5,422,99,16.23076923076923,0.23459715639810427,0.010638297872340425,0.9166666666666666,15.588862559241706,nan,nan
4392729,2.0,3,652,4,3,478,109,15.933333333333334,0.2280334728033473,0.0,0.9333333333333333,12.278033472803347,nan,nan
4393045,2.0,3,936,4,3,438,88,18.638297872340427,0.2009132420091324,0.0125,0.8461538461538461,9.821232876712328,nan,nan
4440451,2.0,3,657,3,2,546,162,14.431718061674008,0.2967032967032967,0.044444444444444446,0.9444444444444444,11.221245421245422,nan,nan
4443744,2.0,3,710,7,6,399,126,11.4,0.3157894736842105,0.01680672268907563,0.8333333333333334,12.780451127819548,nan,nan
4448887,2.0,3,666,6,6,333,49,19.98,0.14714714714714713,0.1,1.0,17.615915915915917,nan,nan
4469551,2.0,3,670,4,3,512,120,18.618181818181817,0.234375,0.10256410256410256,1.0,10.225,nan,nan
4472905,2.0,3,816,4,3,463,104,16.24561403508772,0.22462203023758098,0.0,0.875,9.49719222462203,nan,nan
4473229,2.0,3,673,4,4,446,103,15.379310344827585,0.23094170403587444,0.0,0.875,11.619282511210763,nan,nan
4481970,2.0,3,642,3,2,494,81,23.338582677165356,0.16396761133603238,0.0,0.9,9.08481781376518,nan,nan
4482888,2.0,3,647,1,0,647,191,12.811881188118813,0.29520865533230295,0.0,0.3333333333333333,8.78516228748068,nan,nan
4487550,2.0,3,653,4,3,480,103,18.823529411764707,0.21458333333333332,0.03333333333333333,1.0,11.307083333333333,nan,nan
4487946,2.0,3,710,2,1,227,87,10.896,0.3832599118942731,0.14545454545454545,0.9090909090909091,13.458590308370043,nan,nan
4504164,2.0,3,649,5,5,364,77,17.19685039370079,0.21153846153846154,0.03508771929824561,0.9230769230769231,11.354120879120877,nan,nan
4527487,2.0,3,671,4,5,134,16,20.1,0.11940298507462686,0.0,0.16666666666666666,13.161194029850746,nan,nan
4544584,2.0,3,672,4,3,540,118,17.802197802197803,0.21851851851851853,0.0,1.0,15.980185185185183,nan,nan
4547202,2.0,3,696,5,4,436,71,20.123076923076923,0.1628440366972477,0.014705882352941176,0.6428571428571429,11.435550458715596,nan,nan
4559519,2.0,3,991,6,5,358,79,15.453237410071942,0.2206703910614525,0.07692307692307693,0.7692307692307693,14.490223463687151,nan,nan
4575701,2.0,3,700,2,1,657,254,9.363420427553445,0.3866057838660578,0.0,0.576271186440678,9.354033485540336,nan,nan
4579744,2.0,3,678,6,5,377,92,13.962962962962964,0.2440318302387268,0.03614457831325301,0.8666666666666667,10.96392572944297,nan,nan
4605892,2.0,3,678,2,3,41,5,13.666666666666666,0.12195121951219512,0.0,0.3333333333333333,18.700000000000003,nan,nan
4668185,2.0,3,641,7,6,372,99,13.207100591715976,0.2661290322580645,0.010638297872340425,0.8571428571428571,17.014516129032256,nan,nan
4705097,2.0,3,659,4,4,451,109,15.641618497109826,0.24168514412416853,0.0,1.0,13.131929046563194,nan,nan
4724133,2.0,3,650,4,4,454,90,15.655172413793103,0.19823788546255505,0.0,0.14583333333333334,9.709030837004404,nan,nan
4749525,2.0,3,805,3,2,526,85,23.729323308270676,0.16159695817490494,0.025,0.8181818181818182,10.665019011406844,nan,nan
4754626,2.0,3,1144,5,4,433,91,18.425531914893618,0.21016166281755197,0.02666666666666667,0.9166666666666666,8.533718244803694,nan,nan
4754956,2.0,3,647,5,4,419,113,13.66304347826087,0.26968973747016706,0.0,0.8666666666666667,10.981384248210023,nan,nan
4775763,2.0,3,718,6,5,449,98,16.035714285714285,0.2182628062360802,0.0,0.6875,12.36391982182628,nan,nan
4785421,2.0,3,773,4,4,460,74,22.4390243902439,0.1608695652173913,0.06349206349206349,0.8181818181818182,10.518695652173914,nan,nan
4789937,2.0,3,678,4,4,524,100,19.89873417721519,0.19083969465648856,0.010309278350515464,0.9166666666666666,11.69503816793893,nan,nan
4792515,2.0,3,705,7,6,236,35,17.7,0.1483050847457627,0.03571428571428571,0.6666666666666666,13.538135593220339,nan,nan
4811115,2.0,3,643,4,3,483,73,21.789473684210527,0.15113871635610765,0.0,0.7333333333333333,10.454865424430642,nan,nan
4824328,2.0,3,688,4,3,355,55,21.73469387755102,0.15492957746478872,0.061224489795918366,0.7777777777777778,8.199154929577464,nan,nan
4861227,2.0,3,710,7,6,240,41,15.319148936170214,0.17083333333333334,0.0,0.7,11.49875,nan,nan
4861687,2.0,3,746,8,7,302,83,11.921052631578947,0.27483443708609273,0.02702702702702703,0.7857142857142857,11.650993377483443,nan,nan
4862222,2.0,3,670,4,3,486,201,7.714285714285714,0.41358024691358025,0.0,0.125,9.894855967078188,nan,nan
4862380,2.0,3,660,3,2,522,107,18.75449101796407,0.2049808429118774,0.019417475728155338,0.8571428571428571,7.771072796934866,nan,nan
4865550,2.0,3,642,5,5,382,116,11.9375,0.3036649214659686,0.0,0.8823529411764706,10.62303664921466,nan,nan
4865558,2.0,3,649,5,4,503,177,11.261194029850746,0.3518886679920477,0.04054054054054054,0.9565217391304348,10.38230616302187,nan,nan
4912927,2.0,3,674,2,1,638,202,11.9625,0.3166144200626959,0.021621621621621623,0.18666666666666668,8.734012539184953,nan,nan
4915833,2.0,3,675,4,3,479,123,15.966666666666667,0.2567849686847599,0.00847457627118644,1.0,9.694572025052192,nan,nan
4940890,2.0,3,683,3,2,530,119,17.966101694915253,0.22452830188679246,0.008771929824561403,0.9230769230769231,10.00867924528302,nan,nan
5244934,2.0,3,656,6,6,274,38,18.896551724137932,0.1386861313868613,0.027777777777777776,0.6,18.91058394160584,nan,nan
5351422,2.0,3,654,4,3,487,116,16.14364640883978,0.23819301848049282,0.0,0.9285714285714286,15.049486652977414,nan,nan
5477477,2.0,3,678,2,2,586,148,14.711297071129707,0.2525597269624573,0.0,0.21153846153846154,9.576621160409555,nan,nan
5499001,2.0,3,670,2,1,632,202,11.962145110410095,0.31962025316455694,0.0,0.26229508196721313,9.021044303797469,nan,nan
5503058,2.0,3,916,6,5,414,88,16.450331125827816,0.21256038647342995,0.0,0.6,9.617149758454106,nan,nan
5503168,2.0,3,695,6,5,336,50,20.571428571428573,0.1488095238095238,0.05128205128205128,0.8,17.604464285714286,nan,nan
5503359,2.0,3,716,6,6,319,42,21.50561797752809,0.13166144200626959,0.09375,1.0,11.539811912225705,nan,nan
5540718,2.0,3,663,6,6,333,56,18.5,0.16816816816816818,0.018867924528301886,0.7272727272727273,10.71891891891892,nan,nan
5540722,2.0,3,691,5,5,426,47,28.4,0.11032863849765258,0.0,1.0,8.655633802816903,nan,nan
5540733,2.0,3,641,4,3,490,90,20.704225352112676,0.1836734693877551,0.011494252873563218,0.9090909090909091,9.563061224489795,nan,nan
5540847,2.0,3,869,6,6,375,53,21.634615384615383,0.14133333333333334,0.044444444444444446,0.7272727272727273,10.281866666666666,nan,nan
5547018,2.0,3,649,6,5,388,79,15.83673469387755,0.2036082474226804,0.0,1.0,10.752835051546393,nan,nan
5565253,2.0,3,670,4,5,385,52,24.574468085106382,0.13506493506493505,0.06521739130434782,0.875,8.496103896103897,nan,nan
5615881,2.0,3,1051,6,6,357,92,12.24,0.25770308123249297,0.0,0.34375,10.959103641456583,nan,nan
5615968,2.0,3,642,6,5,378,91,13.662650602409638,0.24074074074074073,0.0,0.7058823529411765,11.218783068783068,nan,nan
5615986,2.0,3,685,5,4,343,65,17.294117647058822,0.18950437317784258,0.0,0.8181818181818182,10.777842565597668,nan,nan
5615988,2.0,3,671,6,5,356,64,17.949579831932773,0.1797752808988764,0.0,0.6666666666666666,8.424157303370787,nan,nan
5616015,2.0,3,657,2,1,624,148,16.64,0.23717948717948717,0.0,1.0,8.779967948717948,nan,nan
5633515,2.0,3,663,6,5,410,84,15.76923076923077,0.2048780487804878,0.05714285714285714,0.7647058823529411,11.299512195121952,nan,nan
5692189,2.0,3,1527,6,5,401,79,16.14765100671141,0.1970074812967581,0.013157894736842105,0.8571428571428571,12.456857855361596,nan,nan
5705278,2.0,3,643,8,7,323,85,11.889570552147239,0.2631578947368421,0.0,0.8,14.289164086687306,nan,nan
5705752,2.0,3,682,5,4,434,81,18.20979020979021,0.18663594470046083,0.012658227848101266,0.8461538461538461,10.90552995391705,nan,nan
5706077,2.0,3,656,5,5,382,55,22.03846153846154,0.14397905759162305,0.018867924528301886,0.6363636363636364,10.402094240837696,nan,nan
5706137,2.0,3,737,7,7,173,23,15.492537313432836,0.1329479768786127,0.0,0.16666666666666666,16.810404624277457,nan,nan
5715345,2.0,3,923,4,3,491,98,17.32941176470588,0.19959266802443992,0.010526315789473684,0.875,9.492871690427698,nan,nan
5771585,2.0,3,720,6,5,355,63,17.317073170731707,0.17746478873239438,0.034482758620689655,0.5714285714285714,9.034929577464789,nan,nan
5771621,2.0,3,675,6,5,379,55,20.303571428571427,0.14511873350923482,0.0,0.8181818181818182,8.295514511873352,nan,nan
5772092,2.0,3,729,8,7,335,52,17.47826086956522,0.15522388059701492,0.0425531914893617,0.8181818181818182,8.720597014925373,nan,nan
5772102,2.0,3,725,5,4,359,56,20.514285714285716,0.15598885793871867,0.0,0.8888888888888888,8.924791086350975,nan,nan
5772192,2.0,3,706,7,6,381,69,16.933333333333334,0.18110236220472442,0.015384615384615385,0.5625,7.706824146981628,nan,nan
5874746,2.0,3,729,6,6,364,58,18.991304347826087,0.15934065934065933,0.0,0.8181818181818182,6.583241758241758,nan,nan
5874767,2.0,3,1278,8,7,245,37,16.51685393258427,0.1510204081632653,0.0967741935483871,0.5555555555555556,13.131020408163264,nan,nan
5874769,2.0,3,649,6,6,322,43,19.714285714285715,0.13354037267080746,0.025,0.7272727272727273,9.482919254658386,nan,nan
5874787,2.0,3,1064,5,5,225,42,16.071428571428573,0.18666666666666668,0.0,0.625,6.867999999999999,nan,nan
5875173,2.0,3,712,4,4,95,10,16.764705882352942,0.10526315789473684,0.125,0.2,13.434736842105263,nan,nan
5882173,2.0,3,665,8,7,273,51,14.756756756756756,0.18681318681318682,0.02040816326530612,0.42857142857142855,9.59047619047619,nan,nan
5969330,2.0,3,721,6,5,459,144,9.5625,0.3137254901960784,0.0070921985815602835,0.10638297872340426,9.335076252723312,nan,nan
5969331,2.0,3,706,6,5,359,65,17.232,0.181058495821727,0.0,0.7692307692307693,9.860167130919221,nan,nan
5969362,2.0,3,672,5,5,449,74,21.212598425196852,0.16481069042316257,0.014705882352941176,0.6428571428571429,7.559688195991091,nan,nan
6058407,2.0,3,696,7,7,329,116,8.972727272727273,0.3525835866261398,0.01834862385321101,0.6,12.317325227963526,nan,nan
6062407,2.0,3,666,7,6,333,62,16.65,0.18618618618618618,0.0,0.8,10.440840840840842,nan,nan
6109129,2.0,3,721,4,3,482,76,21.90909090909091,0.15767634854771784,0.013513513513513514,1.0,7.8153526970954355,nan,nan
6148097,2.0,3,725,4,4,458,98,17.96078431372549,0.21397379912663755,0.0,0.8333333333333334,8.211135371179038,nan,nan
6148143,2.0,3,677,5,4,437,76,19.714285714285715,0.17391304347826086,0.046153846153846156,0.6666666666666666,7.58604118993135,nan,nan
6148208,2.0,3,646,3,3,319,70,16.643478260869564,0.219435736677116,0.0,1.0,8.03730407523511,nan,nan
6190357,2.0,3,710,2,2,494,77,24.49586776859504,0.15587044534412955,0.013888888888888888,0.8181818181818182,8.172267206477732,nan,nan
6193396,2.0,3,658,6,5,370,37,25.517241379310345,0.1,0.0,0.38461538461538464,8.642162162162162,nan,nan
6193436,2.0,3,666,5,6,94,14,13.428571428571429,0.14893617021276595,0.0,0.16666666666666666,13.878723404255318,nan,nan
4216956,2.0,4,910,6,5,363,82,13.527950310559007,0.22589531680440772,0.01282051282051282,0.2647058823529412,5.989531680440771,nan,nan
4272243,2.0,4,646,2,1,600,275,7.017543859649122,0.4583333333333333,0.0,0.061224489795918366,6.808666666666666,nan,nan
4344977,2.0,4,1187,5,5,384,102,12.59016393442623,0.265625,0.0,0.6363636363636364,6.8671875,nan,nan
4350946,2.0,4,690,5,5,394,64,19.37704918032787,0.16243654822335024,0.0,0.6428571428571429,6.945685279187817,nan,nan
4351935,2.0,4,775,6,5,369,94,13.751552795031056,0.25474254742547425,0.0,0.7333333333333333,10.591327913279132,nan,nan
4352377,2.0,4,716,5,4,428,91,16.675324675324674,0.21261682242990654,0.0,0.5,8.374766355140187,nan,nan
4358853,2.0,4,666,4,3,528,95,22.0,0.17992424242424243,0.024390243902439025,0.9166666666666666,7.609469696969697,nan,nan
4359232,2.0,4,681,3,2,590,198,9.516129032258064,0.33559322033898303,0.0,0.05714285714285714,10.325762711864407,nan,nan
4370045,2.0,4,720,4,3,467,125,14.223350253807107,0.2676659528907923,0.0,0.8823529411764706,8.355032119914346,nan,nan
4389353,2.0,4,650,5,4,462,126,13.391304347826088,0.2727272727272727,0.0,0.6666666666666666,9.41060606060606,nan,nan
4389414,2.0,4,645,5,5,422,99,16.23076923076923,0.23459715639810427,0.010638297872340425,0.9166666666666666,12.679383886255923,nan,nan
4392729,2.0,4,652,4,3,478,109,15.933333333333334,0.2280334728033473,0.0,0.7647058823529411,9.673430962343096,nan,nan
4393045,2.0,4,936,4,3,438,88,19.043478260869566,0.2009132420091324,0.0125,0.7692307692307693,10.704794520547944,nan,nan
4440451,2.0,4,657,3,2,546,162,14.495575221238939,0.2967032967032967,0.028985507246376812,0.7619047619047619,10.723809523809523,nan,nan
4443744,2.0,4,710,7,6,399,126,11.4,0.3157894736842105,0.01680672268907563,0.5909090909090909,18.19323308270677,nan,nan
4448887,2.0,4,666,6,6,333,49,19.782178217821784,0.14714714714714713,0.0,0.46153846153846156,16.997597597597597,nan,nan
4469551,2.0,4,670,4,3,512,120,18.50602409638554,0.234375,0.07317073170731707,0.8666666666666667,11.8603515625,nan,nan
4472905,2.0,4,816,4,3,463,104,16.24561403508772,0.22462203023758098,0.0,1.0,8.923758099352051,nan,nan
4473229,2.0,4,673,4,4,446,103,15.291428571428572,0.23094170403587444,0.0,0.65,10.856278026905828,nan,nan
4481970,2.0,4,642,3,2,494,81,23.15625,0.16396761133603238,0.0,0.6666666666666666,8.955668016194332,nan,nan
4482888,2.0,4,647,1,0,647,191,12.811881188118813,0.29520865533230295,0.0,0.2982456140350877,9.927666151468316,nan,nan
4487550,2.0,4,653,4,3,480,103,18.227848101265824,0.21458333333333332,0.03333333333333333,0.625,10.891875,nan,nan
4487946,2.0,4,710,2,1,227,87,10.896,0.3832599118942731,0.06060606060606061,0.9090909090909091,9.908370044052862,nan,nan
4504164,2.0,4,649,5,5,364,77,17.612903225806452,0.21153846153846154,0.03508771929824561,0.42105263157894735,11.010439560439561,nan,nan
4527487,2.0,4,671,4,5,134,16,20.1,0.11940298507462686,0.0,0.16666666666666666,18.119402985074625,nan,nan
4544584,2.0,4,672,4,3,540,118,18.0,0.21851851851851853,0.0,0.6875,15.51074074074074,nan,nan
4547202,2.0,4,696,5,4,436,71,20.123076923076923,0.1628440366972477,0.0,0.6428571428571429,11.864220183486239,nan,nan
4559519,2.0,4,991,6,5,358,79,15.453237410071942,0.2206703910614525,0.043478260869565216,0.7692307692307693,13.865642458100558,nan,nan
4575701,2.0,4,700,2,1,657,254,9.363420427553445,0.3866057838660578,0.0,0.532258064516129,9.025722983257229,nan,nan
4579744,2.0,4,678,6,5,377,92,13.962962962962964,0.2440318302387268,0.011235955056179775,0.7058823529411765,12.179045092838196,nan,nan
4605892,2.0,4,678,2,3,41,5,13.666666666666666,0.12195121951219512,0.0,0.0,10.853658536585366,nan,nan
4668185,2.0,4,641,7,6,372,99,13.207100591715976,0.2661290322580645,0.010638297872340425,0.8571428571428571,16.783870967741937,nan,nan
4705097,2.0,4,659,4,4,451,109,15.641618497109826,0.24168514412416853,0.0,0.8,10.07871396895787,nan,nan
4724133,2.0,4,650,4,4,454,90,15.655172413793103,0.19823788546255505,0.0,0.11764705882352941,8.970704845814977,nan,nan
4749525,2.0,4,805,3,2,526,85,23.729323308270676,0.16159695817490494,0.0,0.8181818181818182,8.701901140684411,nan,nan
4754626,2.0,4,1144,5,4,433,91,18.425531914893618,0.21016166281755197,0.01282051282051282,0.5625,10.047113163972286,nan,nan
4754956,2.0,4,647,5,4,419,113,13.88950276243094,0.26968973747016706,0.0,0.8,9.6472553699284,nan,nan
4775763,2.0,4,718,6,5,449,98,16.035714285714285,0.2182628062360802,0.0,0.6875,9.186859688195991,nan,nan
4785421,2.0,4,773,4,4,460,74,22.4390243902439,0.1608695652173913,0.029411764705882353,0.6153846153846154,7.432173913043479,nan,nan
4789937,2.0,4,678,4,4,524,100,19.89873417721519,0.19083969465648856,0.0,0.9166666666666666,10.467175572519084,nan,nan
4792515,2.0,4,705,7,6,236,35,17.7,0.1483050847457627,0.03571428571428571,0.45454545454545453,13.108898305084745,nan,nan
4811115,2.0,4,643,4,3,483,73,21.62686567164179,0.15113871635610765,0.0,0.5555555555555556,10.465010351966875,nan,nan
4824328,2.0,4,688,4,3,355,55,21.73469387755102,0.15492957746478872,0.0,0.7777777777777778,11.761971830985916,nan,nan
4861227,2.0,4,710,7,6,240,41,15.319148936170214,0.17083333333333334,0.0,0.35714285714285715,11.064583333333333,nan,nan
4861687,2.0,4,746,8,7,302,83,11.921052631578947,0.27483443708609273,0.013157894736842105,0.625,13.133112582781456,nan,nan
4862222,2.0,4,670,4,3,486,201,7.653543307086614,0.41358024691358025,0.0,0.09090909090909091,11.02283950617284,nan,nan
4862380,2.0,4,660,3,2,522,107,18.75449101796407,0.2049808429118774,0.0,0.8571428571428571,8.719157088122605,nan,nan
4865550,2.0,4,642,5,5,382,116,11.9375,0.3036649214659686,0.0,0.8823529411764706,11.3717277486911,nan,nan
4865558,2.0,4,649,5,4,503,177,11.219330855018587,0.3518886679920477,0.026143790849673203,0.6896551724137931,10.762823061630218,nan,nan
4912927,2.0,4,674,2,1,638,202,11.9625,0.3166144200626959,0.010471204188481676,0.16666666666666666,10.396081504702193,nan,nan
4915833,2.0,4,675,4,3,479,123,15.966666666666667,0.2567849686847599,0.00847457627118644,0.7857142857142857,10.85427974947808,nan,nan
4940890,2.0,4,683,3,2,530,119,17.966101694915253,0.22452830188679246,0.008771929824561403,0.9230769230769231,9.53245283018868,nan,nan
5244934,2.0,4,656,6,6,274,38,18.896551724137932,0.1386861313868613,0.0,0.2857142857142857,17.752554744525547,nan,nan
5351422,2.0,4,654,4,3,487,116,16.054945054945055,0.23819301848049282,0.0,0.8666666666666667,14.394455852156058,nan,nan
5477477,2.0,4,678,2,2,586,148,14.711297071129707,0.2525597269624573,0.0,0.21153846153846154,9.791296928327645,nan,nan
5499001,2.0,4,670,2,1,632,202,12.0,0.31962025316455694,0.0,0.24193548387096775,9.983860759493671,nan,nan
5503058,2.0,4,916,6,5,414,88,16.783783783783782,0.21256038647342995,0.0,0.6923076923076923,13.045169082125604,nan,nan
5503168,2.0,4,695,6,5,336,50,20.363636363636363,0.1488095238095238,0.05128205128205128,0.5833333333333334,17.89047619047619,nan,nan
5503359,2.0,4,716,6,6,319,42,21.50561797752809,0.13166144200626959,0.058823529411764705,0.46153846153846156,16.90344827586207,nan,nan
5540718,2.0,4,663,6,6,333,56,18.3302752293578,0.16816816816816818,0.0,0.7272727272727273,8.952852852852853,nan,nan
5540722,2.0,4,691,5,5,426,47,27.483870967741936,0.11032863849765258,0.0,0.5,8.591784037558686,nan,nan
5540733,2.0,4,641,4,3,490,90,20.416666666666668,0.1836734693877551,0.0,0.6923076923076923,8.644285714285713,nan,nan
5540847,2.0,4,869,6,6,375,53,21.844660194174757,0.14133333333333334,0.02127659574468085,0.5384615384615384,9.766133333333334,nan,nan
5547018,2.0,4,649,6,5,388,79,16.51063829787234,0.2036082474226804,0.0,0.8333333333333334,10.730154639175257,nan,nan
5565253,2.0,4,670,4,5,385,52,25.108695652173914,0.13506493506493505,0.02127659574468085,0.6,8.41948051948052,nan,nan
5615881,2.0,4,1051,6,6,357,92,12.101694915254237,0.25770308123249297,0.0,0.24324324324324326,10.65658263305322,nan,nan
5615968,2.0,4,642,6,5,378,91,13.914110429447852,0.24074074074074073,0.0,0.6111111111111112,10.646031746031746,nan,nan
5615986,2.0,4,685,5,4,343,65,19.6,0.18950437317784258,0.17647058823529413,0.5714285714285714,10.059766763848396,nan,nan
5615988,2.0,4,671,6,5,356,64,17.949579831932773,0.1797752808988764,0.0,0.6666666666666666,8.402808988764045,nan,nan
5616015,2.0,4,657,2,1,624,148,16.42105263157895,0.23717948717948717,0.0,0.9,6.576121794871795,nan,nan
5633515,2.0,4,663,6,5,410,84,15.668789808917197,0.2048780487804878,0.0410958904109589,0.7222222222222222,10.824146341463413,nan,nan
5692189,2.0,4,1527,6,5,401,79,15.828947368421053,0.1970074812967581,0.0,0.7058823529411765,12.399999999999999,nan,nan
5705278,2.0,4,643,8,7,323,85,12.037267080745341,0.2631578947368421,0.0,0.8,12.896904024767801,nan,nan
5705752,2.0,4,682,5,4,434,81,18.20979020979021,0.18663594470046083,0.0,0.5294117647058824,8.507142857142856,nan,nan
5706077,2.0,4,656,5,5,382,55,21.62264150943396,0.14397905759162305,0.0,0.5384615384615384,8.192670157068063,nan,nan
5706137,2.0,4,737,7,7,173,23,15.492537313432836,0.1329479768786127,0.0,0.16666666666666666,12.262427745664741,nan,nan
5715345,2.0,4,923,4,3,491,98,17.228070175438596,0.19959266802443992,0.0,0.65,7.7297352342158865,nan,nan
5771585,2.0,4,720,6,5,355,63,17.75,0.17746478873239438,0.0,0.375,9.565633802816903,nan,nan
5771621,2.0,4,675,6,5,379,55,20.303571428571427,0.14511873350923482,0.0,0.6153846153846154,9.539313984168865,nan,nan
5772092,2.0,4,729,8,7,335,52,17.47826086956522,0.15522388059701492,0.0,0.6153846153846154,11.107462686567164,nan,nan
5772102,2.0,4,725,5,4,359,56,20.514285714285716,0.15598885793871867,0.0,0.8888888888888888,9.519220055710306,nan,nan
5772192,2.0,4,706,7,6,381,69,16.933333333333334,0.18110236220472442,0.015384615384615385,0.5625,10.686876640419946,nan,nan
5874746,2.0,4,729,6,6,364,58,19.327433628318584,0.15934065934065933,0.0,0.5384615384615384,9.43598901098901,nan,nan
5874767,2.0,4,1278,8,7,245,37,15.978260869565217,0.1510204081632653,0.0,0.4166666666666667,13.24734693877551,nan,nan
5874769,2.0,4,649,6,6,322,43,20.125,0.13354037267080746,0.0,0.46153846153846156,9.366770186335403,nan,nan
5874787,2.0,4,1064,5,5,225,42,16.265060240963855,0.18666666666666668,0.0,0.625,10.074666666666667,nan,nan
5875173,2.0,4,712,4,4,95,10,16.764705882352942,0.10526315789473684,0.0,0.2,10.238947368421053,nan,nan
5882173,2.0,4,665,8,7,273,51,15.027522935779816,0.18681318681318682,0.0,0.23529411764705882,10.428571428571429,nan,nan
5969330,2.0,4,721,6,5,459,144,9.5625,0.3137254901960784,0.0,0.08080808080808081,9.174291938997822,nan,nan
5969331,2.0,4,706,6,5,359,65,17.51219512195122,0.181058495821727,0.0,0.5714285714285714,10.119220055710306,nan,nan
5969362,2.0,4,672,5,5,449,74,21.212598425196852,0.16481069042316257,0.014705882352941176,0.6428571428571429,8.33652561247216,nan,nan
6058407,2.0,4,696,7,7,329,116,9.055045871559633,0.3525835866261398,0.01834862385321101,0.47058823529411764,10.361094224924013,nan,nan
6062407,2.0,4,666,7,6,333,62,16.93220338983051,0.18618618618618618,0.0,0.8,8.653453453453453,nan,nan
6109129,2.0,4,721,4,3,482,76,21.90909090909091,0.15767634854771784,0.0,0.6,6.756016597510373,nan,nan
6148097,2.0,4,725,4,4,458,98,17.96078431372549,0.21397379912663755,0.0,0.6428571428571429,7.632096069868996,nan,nan
6148143,2.0,4,677,5,4,437,76,19.863636363636363,0.17391304347826086,0.029411764705882353,0.7142857142857143,8.403661327231122,nan,nan
6148208,2.0,4,646,3,3,319,70,16.643478260869564,0.219435736677116,0.0,1.0,8.487460815047022,nan,nan
6190357,2.0,4,710,2,2,494,77,24.49586776859504,0.15587044534412955,0.013888888888888888,0.8181818181818182,8.40101214574899,nan,nan
6193396,2.0,4,658,6,5,370,37,26.428571428571427,0.1,0.0,0.3076923076923077,10.527837837837838,nan,nan
6193436,2.0,4,666,5,6,94,14,13.428571428571429,0.14893617021276595,0.0,0.16666666666666666,22.39148936170213,nan,nan
4216956,2.0,5,910,6,5,363,82,13.527950310559007,0.22589531680440772,0.01282051282051282,0.175,6.07465564738292,nan,nan
4272243,2.0,5,646,2,1,600,275,7.03125,0.4583333333333333,0.0,0.04975124378109453,7.4656666666666665,nan,nan
4344977,2.0,5,1187,5,5,384,102,12.387096774193548,0.265625,0.0,0.225,9.226822916666666,nan,nan
4350946,2.0,5,690,5,5,394,64,19.06451612903226,0.16243654822335024,0.0,0.35,8.430964467005076,nan,nan
4351935,2.0,5,775,6,5,369,94,13.751552795031056,0.25474254742547425,0.0,0.7333333333333333,10.786720867208672,nan,nan
4352377,2.0,5,716,5,4,428,91,16.56774193548387,0.21261682242990654,0.0,0.38095238095238093,9.182242990654206,nan,nan
4358853,2.0,5,666,4,3,528,95,22.309859154929576,0.17992424242424243,0.024390243902439025,0.5625,7.54469696969697,nan,nan
4359232,2.0,5,681,3,2,590,198,9.490616621983914,0.33559322033898303,0.0,0.056338028169014086,9.320677966101695,nan,nan
4370045,2.0,5,720,4,3,467,125,14.080402010050252,0.2676659528907923,0.0,0.5652173913043478,9.769164882226981,nan,nan
4389353,2.0,5,650,5,4,462,126,13.263157894736842,0.2727272727272727,0.0,0.52,13.74978354978355,nan,nan
4389414,2.0,5,645,5,5,422,99,15.924528301886792,0.23459715639810427,0.0,0.9166666666666666,13.524170616113743,nan,nan
4392729,2.0,5,652,4,3,478,109,15.845303867403315,0.2280334728033473,0.0,0.7777777777777778,8.534728033472803,nan,nan
4393045,2.0,5,936,4,3,438,88,19.043478260869566,0.2009132420091324,0.0125,0.7692307692307693,9.687671232876712,nan,nan
4440451,2.0,5,657,3,2,546,162,14.431718061674008,0.2967032967032967,0.02112676056338028,0.7619047619047619,7.784432234432235,nan,nan
4443744,2.0,5,710,7,6,399,126,11.4,0.3157894736842105,0.00819672131147541,0.48,16.727568922305764,nan,nan
4448887,2.0,5,666,6,6,333,49,19.782178217821784,0.14714714714714713,0.0,0.3333333333333333,21.739939939939937,nan,nan
4469551,2.0,5,670,4,3,512,120,18.285714285714285,0.234375,0.0449438202247191,0.6666666666666666,10.8810546875,nan,nan
4472905,2.0,5,816,4,3,463,104,16.535714285714285,0.22462203023758098,0.0,0.631578947368421,10.0414686825054,nan,nan
4473229,2.0,5,673,4,4,446,103,14.949720670391061,0.23094170403587444,0.0,0.3333333333333333,11.073766816143497,nan,nan
4481970,2.0,5,642,3,2,494,81,22.625954198473284,0.16396761133603238,0.0,0.6428571428571429,9.687854251012146,nan,nan
4482888,2.0,5,647,1,0,647,191,12.811881188118813,0.29520865533230295,0.0,0.26666666666666666,7.920092735703246,nan,nan
4487550,2.0,5,653,4,3,480,103,18.11320754716981,0.21458333333333332,0.021505376344086023,0.7857142857142857,9.330416666666668,nan,nan
4487946,2.0,5,710,2,1,227,87,10.80952380952381,0.3832599118942731,0.043478260869565216,0.6428571428571429,12.980176211453745,nan,nan
4504164,2.0,5,649,5,5,364,77,16.8,0.21153846153846154,0.01639344262295082,0.34782608695652173,10.731043956043957,nan,nan
4527487,2.0,5,671,4,5,134,16,20.1,0.11940298507462686,0.0,0.16666666666666666,14.62910447761194,nan,nan
4544584,2.0,5,672,4,3,540,118,17.32620320855615,0.21851851851851853,0.0,0.631578947368421,15.613333333333335,nan,nan
4547202,2.0,5,696,5,4,436,71,19.96946564885496,0.1628440366972477,0.0,0.6428571428571429,11.925,nan,nan
4559519,2.0,5,991,6,5,358,79,15.453237410071942,0.2206703910614525,0.0136986301369863,0.5294117647058824,16.33240223463687,nan,nan
4575701,2.0,5,700,2,1,657,254,11.073033707865168,0.3866057838660578,0.0040650406504065045,0.4878048780487805,9.989193302891932,nan,nan
4579744,2.0,5,678,6,5,377,92,13.792682926829269,0.2440318302387268,0.0,0.45454545454545453,13.205570291777189,nan,nan
4605892,2.0,5,678,2,3,41,5,13.666666666666666,0.12195121951219512,0.0,0.0,10.178048780487805,nan,nan
4668185,2.0,5,641,7,6,372,99,13.052631578947368,0.2661290322580645,0.010638297872340425,0.5,18.2,nan,nan
4705097,2.0,5,659,4,4,451,109,15.732558139534884,0.24168514412416853,0.0,0.5263157894736842,10.582483370288248,nan,nan
4724133,2.0,5,650,4,4,454,90,15.655172413793103,0.19823788546255505,0.0,0.11764705882352941,8.763876651982379,nan,nan
4749525,2.0,5,805,3,2,526,85,23.55223880597015,0.16159695817490494,0.0,0.5714285714285714,10.907414448669202,nan,nan
4754626,2.0,5,1144,5,4,433,91,18.425531914893618,0.21016166281755197,0.01282051282051282,0.5625,9.207390300230948,nan,nan
4754956,2.0,5,647,5,4,419,113,13.813186813186814,0.26968973747016706,0.0,0.75,10.814797136038186,nan,nan
4775763,2.0,5,718,6,5,449,98,15.75438596491228,0.2182628062360802,0.0,0.45454545454545453,12.784187082405346,nan,nan
4785421,2.0,5,773,4,4,460,74,22.08,0.1608695652173913,0.0,0.6153846153846154,8.22391304347826,nan,nan
4789937,2.0,5,678,4,4,524,100,19.527950310559007,0.19083969465648856,0.0,0.625,10.612786259541986,nan,nan
4792515,2.0,5,705,7,6,236,35,17.06024096385542,0.1483050847457627,0.03571428571428571,0.16666666666666666,13.140254237288135,nan,nan
4811115,2.0,5,643,4,3,483,73,21.62686567164179,0.15113871635610765,0.0,0.21428571428571427,9.314285714285715,nan,nan
4824328,2.0,5,688,4,3,355,55,21.73469387755102,0.15492957746478872,0.0,0.38461538461538464,10.045633802816901,nan,nan
4861227,2.0,5,710,7,6,240,41,15.157894736842104,0.17083333333333334,0.0,0.23529411764705882,12.410416666666666,nan,nan
4861687,2.0,5,746,8,7,302,83,11.185185185185185,0.27483443708609273,0.0,0.375,10.167880794701986,nan,nan
4862222,2.0,5,670,4,3,486,201,7.534883720930233,0.41358024691358025,0.0,0.06206896551724138,10.405555555555557,nan,nan
4862380,2.0,5,660,3,2,522,107,18.867469879518072,0.2049808429118774,0.0,0.6470588235294118,6.828735632183908,nan,nan
4865550,2.0,5,642,5,5,382,116,12.524590163934427,0.3036649214659686,0.019801980198019802,0.7894736842105263,9.010471204188482,nan,nan
4865558,2.0,5,649,5,4,503,177,11.388679245283019,0.3518886679920477,0.034482758620689655,0.5757575757575758,7.046520874751491,nan,nan
4912927,2.0,5,674,2,1,638,202,10.262734584450403,0.3166144200626959,0.0,0.04895104895104895,6.8854231974921625,nan,nan
4915833,2.0,5,675,4,3,479,123,15.704918032786885,0.2567849686847599,0.0,0.7857142857142857,8.837160751565762,nan,nan
4940890,2.0,5,683,3,2,530,119,17.47252747252747,0.22452830188679246,0.008771929824561403,0.8666666666666667,10.767547169811321,nan,nan
5244934,2.0,5,656,6,6,274,38,18.681818181818183,0.1386861313868613,0.0,0.17647058823529413,15.083211678832118,nan,nan
5351422,2.0,5,654,4,3,487,116,16.602272727272727,0.23819301848049282,0.0,0.7333333333333333,17.06694045174538,nan,nan
5477477,2.0,5,678,2,2,586,148,14.00796812749004,0.2525597269624573,0.0,0.2033898305084746,9.759044368600684,nan,nan
5499001,2.0,5,670,2,1,632,202,11.813084112149532,0.31962025316455694,0.0,0.27419354838709675,9.749208860759493,nan,nan
5503058,2.0,5,916,6,5,414,88,17.013698630136986,0.21256038647342995,0.0,0.6153846153846154,12.841787439613526,nan,nan
5503168,2.0,5,695,6,5,336,50,20.571428571428573,0.1488095238095238,0.05128205128205128,0.4,15.474702380952381,nan,nan
5503359,2.0,5,716,6,6,319,42,21.266666666666666,0.13166144200626959,0.02702702702702703,0.23529411764705882,17.432915360501568,nan,nan
5540718,2.0,5,663,6,6,333,56,18.0,0.16816816816816818,0.0,0.375,11.416516516516516,nan,nan
5540722,2.0,5,691,5,5,426,47,30.070588235294117,0.11032863849765258,0.02702702702702703,0.6,8.561971830985916,nan,nan
5540733,2.0,5,641,4,3,490,90,20.416666666666668,0.1836734693877551,0.0,0.8333333333333334,8.461836734693877,nan,nan
5540847,2.0,5,869,6,6,375,53,21.634615384615383,0.14133333333333334,0.02127659574468085,0.5384615384615384,8.314666666666668,nan,nan
5547018,2.0,5,649,6,5,388,79,15.417218543046358,0.2036082474226804,0.0,0.25,9.947422680412371,nan,nan
5565253,2.0,5,670,4,5,385,52,24.838709677419356,0.13506493506493505,0.0,0.6666666666666666,7.79948051948052,nan,nan
5615881,2.0,5,1051,6,6,357,92,12.453488372093023,0.25770308123249297,0.0,0.35714285714285715,10.494117647058824,nan,nan
5615968,2.0,5,642,6,5,378,91,14.264150943396226,0.24074074074074073,0.011494252873563218,0.3076923076923077,10.216931216931217,nan,nan
5615986,2.0,5,685,5,4,343,65,17.15,0.18950437317784258,0.0,0.3333333333333333,10.154518950437318,nan,nan
5615988,2.0,5,671,6,5,356,64,17.65289256198347,0.1797752808988764,0.0,0.4666666666666667,10.779213483146068,nan,nan
5616015,2.0,5,657,2,1,624,148,17.253456221198157,0.23717948717948717,0.0,0.6363636363636364,8.36025641025641,nan,nan
5633515,2.0,5,663,6,5,410,84,16.73469387755102,0.2048780487804878,0.02631578947368421,0.5,10.813902439024389,nan,nan
5692189,2.0,5,1527,6,5,401,79,16.04,0.1970074812967581,0.0,0.4090909090909091,11.161097256857856,nan,nan
5705278,2.0,5,643,8,7,323,85,11.817073170731707,0.2631578947368421,0.0,0.45454545454545453,14.061609907120742,nan,nan
5705752,2.0,5,682,5,4,434,81,17.714285714285715,0.18663594470046083,0.0,0.42857142857142855,9.679953917050693,nan,nan
5706077,2.0,5,656,5,5,382,55,21.82857142857143,0.14397905759162305,0.0,0.5833333333333334,8.990314136125654,nan,nan
5706137,2.0,5,737,7,7,173,23,15.492537313432836,0.1329479768786127,0.0,0.16666666666666666,15.10578034682081,nan,nan
5715345,2.0,5,923,4,3,491,98,19.254901960784313,0.19959266802443992,0.0379746835443038,0.6666666666666666,8.937474541751527,nan,nan
5771585,2.0,5,720,6,5,355,63,17.177419354838708,0.17746478873239438,0.0,0.3888888888888889,9.964788732394366,nan,nan
5771621,2.0,5,675,6,5,379,55,19.94736842105263,0.14511873350923482,0.0,0.3157894736842105,9.02928759894459,nan,nan
5772092,2.0,5,729,8,7,335,52,17.787610619469028,0.15522388059701492,0.0,0.5,10.74865671641791,nan,nan
5772102,2.0,5,725,5,4,359,56,20.32075471698113,0.15598885793871867,0.0,0.5384615384615384,8.232033426183845,nan,nan
5772192,2.0,5,706,7,6,381,69,16.933333333333334,0.18110236220472442,0.0,0.4444444444444444,8.063779527559056,nan,nan
5874746,2.0,5,729,6,6,364,58,19.675675675675677,0.15934065934065933,0.0,0.46153846153846156,7.519505494505494,nan,nan
5874767,2.0,5,1278,8,7,245,37,15.638297872340425,0.1510204081632653,0.0,0.1,9.82,nan,nan
5874769,2.0,5,649,6,6,322,43,19.714285714285715,0.13354037267080746,0.0,0.29411764705882354,9.282919254658385,nan,nan
5874787,2.0,5,1064,5,5,225,42,15.517241379310345,0.18666666666666668,0.0,0.6666666666666666,8.476888888888888,nan,nan
5875173,2.0,5,712,4,4,95,10,16.764705882352942,0.10526315789473684,0.0,0.2,9.76842105263158,nan,nan
5882173,2.0,5,665,8,7,273,51,14.756756756756756,0.18681318681318682,0.0,0.3125,11.148717948717948,nan,nan
5969330,2.0,5,721,6,5,459,144,9.5625,0.3137254901960784,0.0,0.08080808080808081,8.558605664488018,nan,nan
5969331,2.0,5,706,6,5,359,65,17.65573770491803,0.181058495821727,0.0,0.3157894736842105,8.52284122562674,nan,nan
5969362,2.0,5,672,5,5,449,74,21.38095238095238,0.16481069042316257,0.014705882352941176,0.6428571428571429,7.428285077951003,nan,nan
6058407,2.0,5,696,7,7,329,116,8.891891891891891,0.3525835866261398,0.0,0.3023255813953488,11.682978723404254,nan,nan
6062407,2.0,5,666,7,6,333,62,16.512396694214875,0.18618618618618618,0.0,0.35294117647058826,9.31981981981982,nan,nan
6109129,2.0,5,721,4,3,482,76,21.74436090225564,0.15767634854771784,0.0,0.35,7.328423236514523,nan,nan
6148097,2.0,5,725,4,4,458,98,17.96078431372549,0.21397379912663755,0.0,0.6428571428571429,9.810917030567685,nan,nan
6148143,2.0,5,677,5,4,437,76,19.567164179104477,0.17391304347826086,0.014084507042253521,0.30434782608695654,9.294279176201373,nan,nan
6148208,2.0,5,646,3,3,319,70,16.938053097345133,0.219435736677116,0.0,0.6363636363636364,6.585579937304076,nan,nan
6190357,2.0,5,710,2,2,494,77,24.907563025210084,0.15587044534412955,0.013888888888888888,0.6153846153846154,6.160121457489878,nan,nan
6193396,2.0,5,658,6,5,370,37,26.428571428571427,0.1,0.0,0.3333333333333333,8.331621621621622,nan,nan
6193436,2.0,5,666,5,6,94,14,13.428571428571429,0.14893617021276595,0.0,0.16666666666666666,20.2531914893617,nan,nan
4216956,2.0,6,910,6,5,363,82,13.36196319018405,0.22589531680440772,0.0,0.14634146341463414,6.9928374655647385,nan,nan
4272243,2.0,6,646,2,1,600,275,6.976744186046512,0.4583333333333333,0.0,0.037914691943127965,7.248833333333334,nan,nan
4344977,2.0,6,1187,5,5,384,102,12.126315789473685,0.265625,0.0,0.11320754716981132,8.21640625,nan,nan
4350946,2.0,6,690,5,5,394,64,18.912,0.16243654822335024,0.0,0.19230769230769232,8.27766497461929,nan,nan
4351935,2.0,6,775,6,5,369,94,13.25748502994012,0.25474254742547425,0.0,0.2857142857142857,11.07018970189702,nan,nan
4352377,2.0,6,716,5,4,428,91,16.56774193548387,0.21261682242990654,0.0,0.38095238095238093,9.620327102803738,nan,nan
4358853,2.0,6,666,4,3,528,95,22.309859154929576,0.17992424242424243,0.024390243902439025,0.5625,7.1581439393939394,nan,nan
4359232,2.0,6,681,3,2,590,198,9.490616621983914,0.33559322033898303,0.0,0.0410958904109589,8.230338983050848,nan,nan
4370045,2.0,6,720,4,3,467,125,13.940298507462687,0.2676659528907923,0.0,0.42857142857142855,11.357173447537473,nan,nan
4389353,2.0,6,650,5,4,462,126,13.263157894736842,0.2727272727272727,0.0,0.42857142857142855,11.023593073593073,nan,nan
4389414,2.0,6,645,5,5,422,99,16.23076923076923,0.23459715639810427,0.010638297872340425,0.7142857142857143,9.859715639810426,nan,nan
4392729,2.0,6,652,4,3,478,109,16.388571428571428,0.2280334728033473,0.0,0.55,9.347489539748954,nan,nan
4393045,2.0,6,936,4,3,438,88,19.466666666666665,0.2009132420091324,0.0273972602739726,0.5294117647058824,15.86187214611872,nan,nan
4440451,2.0,6,657,3,2,546,162,14.305676855895197,0.2967032967032967,0.0136986301369863,0.5185185185185185,9.53864468864469,nan,nan
4443744,2.0,6,710,7,6,399,126,11.03225806451613,0.3157894736842105,0.0,0.23684210526315788,14.150877192982456,nan,nan
4448887,2.0,6,666,6,6,333,49,19.98,0.14714714714714713,0.0,0.35714285714285715,19.62942942942943,nan,nan
4469551,2.0,6,670,4,3,512,120,17.75722543352601,0.234375,0.0449438202247191,0.3448275862068966,13.605078125,nan,nan
4472905,2.0,6,816,4,3,463,104,16.634730538922156,0.22462203023758098,0.0,0.5,10.115334773218141,nan,nan
4473229,2.0,6,673,4,4,446,103,14.543478260869565,0.23094170403587444,0.0,0.1951219512195122,12.247757847533633,nan,nan
4481970,2.0,6,642,3,2,494,81,23.15625,0.16396761133603238,0.0,0.4666666666666667,9.477327935222672,nan,nan
4482888,2.0,6,647,1,0,647,191,12.769736842105264,0.29520865533230295,0.0,0.18571428571428572,7.1667697063369395,nan,nan
4487550,2.0,6,653,4,3,480,103,18.0,0.21458333333333332,0.010526315789473684,0.4090909090909091,14.508958333333334,nan,nan
4487946,2.0,6,710,2,1,227,87,10.55813953488372,0.3832599118942731,0.02702702702702703,0.6,10.316740088105727,nan,nan
4504164,2.0,6,649,5,5,364,77,15.712230215827338,0.21153846153846154,0.0,0.30434782608695654,11.634065934065935,nan,nan
4527487,2.0,6,671,4,5,134,16,20.1,0.11940298507462686,0.0,0.16666666666666666,15.169402985074628,nan,nan
4544584,2.0,6,672,4,3,540,118,17.608695652173914,0.21851851851851853,0.0,0.375,16.360740740740738,nan,nan
4547202,2.0,6,696,5,4,436,71,19.52238805970149,0.1628440366972477,0.0,0.24,13.500229357798165,nan,nan
4559519,2.0,6,991,6,5,358,79,15.23404255319149,0.2206703910614525,0.0136986301369863,0.5,11.995530726256982,nan,nan
4575701,2.0,6,700,2,1,657,254,8.663736263736263,0.3866057838660578,0.0,0.08387096774193549,7.087671232876713,nan,nan
4579744,2.0,6,678,6,5,377,92,13.626506024096386,0.2440318302387268,0.0,0.3333333333333333,10.222811671087532,nan,nan
4605892,2.0,6,678,2,3,41,5,13.666666666666666,0.12195121951219512,0.0,0.0,12.229268292682926,nan,nan
4668185,2.0,6,641,7,6,372,99,12.901734104046243,0.2661290322580645,0.010638297872340425,0.375,19.525537634408604,nan,nan
4705097,2.0,6,659,4,4,451,109,16.107142857142858,0.24168514412416853,0.0,0.625,10.290022172949003,nan,nan
4724133,2.0,6,650,4,4,454,90,15.565714285714286,0.19823788546255505,0.0,0.11320754716981132,9.772246696035243,nan,nan
4749525,2.0,6,805,3,2,526,85,23.55223880597015,0.16159695817490494,0.0,0.5714285714285714,8.86425855513308,nan,nan
4754626,2.0,6,1144,5,4,433,91,18.425531914893618,0.21016166281755197,0.027777777777777776,0.4,8.16974595842956,nan,nan
4754956,2.0,6,647,5,4,419,113,13.813186813186814,0.26968973747016706,0.0,0.8,10.320763723150357,nan,nan
4775763,2.0,6,718,6,5,449,98,15.662790697674419,0.2182628062360802,0.0,0.36,12.055902004454344,nan,nan
4785421,2.0,6,773,4,4,460,74,21.73228346456693,0.1608695652173913,0.0,0.3888888888888889,8.523695652173913,nan,nan
4789937,2.0,6,678,4,4,524,100,19.40740740740741,0.19083969465648856,0.0,0.5882352941176471,9.347709923664121,nan,nan
4792515,2.0,6,705,7,6,236,35,17.7,0.1483050847457627,0.03571428571428571,0.21428571428571427,10.36271186440678,nan,nan
4811115,2.0,6,643,4,3,483,73,21.789473684210527,0.15113871635610765,0.0,0.16129032258064516,9.617391304347827,nan,nan
4824328,2.0,6,688,4,3,355,55,22.1875,0.15492957746478872,0.0,0.2857142857142857,9.254084507042252,nan,nan
4861227,2.0,6,710,7,6,240,41,14.545454545454545,0.17083333333333334,0.0,0.08,11.799166666666668,nan,nan
4861687,2.0,6,746,8,7,302,83,11.254658385093167,0.27483443708609273,0.0,0.25925925925925924,13.144370860927152,nan,nan
4862222,2.0,6,670,4,3,486,201,7.4961439588688945,0.41358024691358025,0.0,0.05333333333333334,11.123251028806584,nan,nan
4862380,2.0,6,660,3,2,522,107,18.423529411764704,0.2049808429118774,0.0,0.5789473684210527,8.051149425287356,nan,nan
4865550,2.0,6,642,5,5,382,116,11.875647668393782,0.3036649214659686,0.0,0.7,10.902879581151831,nan,nan
4865558,2.0,6,649,5,4,503,177,10.664310954063604,0.3518886679920477,0.005988023952095809,0.3,9.01013916500994,nan,nan
4912927,2.0,6,674,2,1,638,202,11.6,0.3166144200626959,0.00510204081632653,0.1348314606741573,10.37742946708464,nan,nan
4915833,2.0,6,675,4,3,479,123,15.704918032786885,0.2567849686847599,0.0,0.7857142857142857,9.399791231732777,nan,nan
4940890,2.0,6,683,3,2,530,119,17.096774193548388,0.22452830188679246,0.0,0.5714285714285714,10.340566037735849,nan,nan
5244934,2.0,6,656,6,6,274,38,18.471910112359552,0.1386861313868613,0.0,0.09523809523809523,15.61058394160584,nan,nan
5351422,2.0,6,654,4,3,487,116,15.378947368421052,0.23819301848049282,0.0,0.3793103448275862,18.629774127310064,nan,nan
5477477,2.0,6,678,2,2,586,148,16.429906542056074,0.2525597269624573,0.007142857142857143,0.52,8.382935153583617,nan,nan
5499001,2.0,6,670,2,1,632,202,13.446808510638299,0.31962025316455694,0.0,0.5357142857142857,9.449683544303797,nan,nan
5503058,2.0,6,916,6,5,414,88,16.783783783783782,0.21256038647342995,0.0,0.3888888888888889,16.106280193236714,nan,nan
5503168,2.0,6,695,6,5,336,50,19.0188679245283,0.1488095238095238,0.022727272727272728,0.16666666666666666,15.94047619047619,nan,nan
5503359,2.0,6,716,6,6,319,42,21.266666666666666,0.13166144200626959,0.02702702702702703,0.15,17.899059561128528,nan,nan
5540718,2.0,6,663,6,6,333,56,17.37391304347826,0.16816816816816818,0.0,0.16666666666666666,10.565465465465467,nan,nan
5540722,2.0,6,691,5,5,426,47,26.905263157894737,0.11032863849765258,0.0,0.23529411764705882,8.307276995305164,nan,nan
5540733,2.0,6,641,4,3,490,90,20.416666666666668,0.1836734693877551,0.0,0.6428571428571429,9.810204081632653,nan,nan
5540847,2.0,6,869,6,6,375,53,22.058823529411764,0.14133333333333334,0.02127659574468085,0.42857142857142855,9.420533333333333,nan,nan
5547018,2.0,6,649,6,5,388,79,16.166666666666668,0.2036082474226804,0.0,0.3333333333333333,9.605154639175257,nan,nan
5565253,2.0,6,670,4,5,385,52,24.838709677419356,0.13506493506493505,0.0,0.4166666666666667,8.302597402597403,nan,nan
5615881,2.0,6,1051,6,6,357,92,11.9,0.25770308123249297,0.0,0.1276595744680851,9.502240896358543,nan,nan
5615968,2.0,6,642,6,5,378,91,13.829268292682928,0.24074074074074073,0.0,0.36,11.146560846560845,nan,nan
5615986,2.0,6,685,5,4,343,65,19.055555555555557,0.18950437317784258,0.041666666666666664,0.35294117647058826,9.61137026239067,nan,nan
5615988,2.0,6,671,6,5,356,64,17.949579831932773,0.1797752808988764,0.0,0.375,9.516292134831462,nan,nan
5616015,2.0,6,657,2,1,624,148,16.068669527896997,0.23717948717948717,0.0,0.4,8.454326923076923,nan,nan
5633515,2.0,6,663,6,5,410,84,15.0920245398773,0.2048780487804878,0.0,0.18421052631578946,11.785365853658536,nan,nan
5692189,2.0,6,1527,6,5,401,79,15.522580645161291,0.1970074812967581,0.0,0.21875,11.605985037406484,nan,nan
5705278,2.0,6,643,8,7,323,85,11.333333333333334,0.2631578947368421,0.0,0.2,13.761300309597521,nan,nan
5705752,2.0,6,682,5,4,434,81,17.835616438356166,0.18663594470046083,0.0,0.2916666666666667,10.000921658986174,nan,nan
5706077,2.0,6,656,5,5,382,55,22.03846153846154,0.14397905759162305,0.0,0.42857142857142855,8.560732984293193,nan,nan
5706137,2.0,6,737,7,7,173,23,15.043478260869565,0.1329479768786127,0.0,0.0625,13.902890173410404,nan,nan
5715345,2.0,6,923,4,3,491,98,17.854545454545455,0.19959266802443992,0.0,0.43478260869565216,7.812016293279022,nan,nan
5771585,2.0,6,720,6,5,355,63,17.899159663865547,0.17746478873239438,0.0,0.25,11.559718309859154,nan,nan
5771621,2.0,6,675,6,5,379,55,19.94736842105263,0.14511873350923482,0.0,0.23809523809523808,9.32137203166227,nan,nan
5772092,2.0,6,729,8,7,335,52,16.08,0.15522388059701492,0.0,0.08571428571428572,9.202388059701493,nan,nan
5772102,2.0,6,725,5,4,359,56,19.761467889908257,0.15598885793871867,0.0,0.35294117647058826,7.472701949860724,nan,nan
5772192,2.0,6,706,7,6,381,69,16.21276595744681,0.18110236220472442,0.0,0.20689655172413793,7.054068241469816,nan,nan
5874746,2.0,6,729,6,6,364,58,19.5,0.15934065934065933,0.0,0.29411764705882354,7.2554945054945055,nan,nan
5874767,2.0,6,1278,8,7,245,37,15.638297872340425,0.1510204081632653,0.0,0.16666666666666666,9.218367346938775,nan,nan
5874769,2.0,6,649,6,6,322,43,19.32,0.13354037267080746,0.0,0.125,7.6819875776397515,nan,nan
5874787,2.0,6,1064,5,5,225,42,15.0,0.18666666666666668,0.0,0.09090909090909091,7.211111111111111,nan,nan
5875173,2.0,6,712,4,4,95,10,17.272727272727273,0.10526315789473684,0.0,0.2,10.74,nan,nan
5882173,2.0,6,665,8,7,273,51,14.89090909090909,0.18681318681318682,0.0,0.23529411764705882,7.261172161172161,nan,nan
5969330,2.0,6,721,6,5,459,144,9.463917525773196,0.3137254901960784,0.0,0.04504504504504504,6.723093681917211,nan,nan
5969331,2.0,6,706,6,5,359,65,17.232,0.181058495821727,0.0,0.22727272727272727,10.466295264623955,nan,nan
5969362,2.0,6,672,5,5,449,74,21.552,0.16481069042316257,0.014705882352941176,0.3888888888888889,8.493763919821825,nan,nan
6058407,2.0,6,696,7,7,329,116,8.582608695652175,0.3525835866261398,0.0,0.10606060606060606,10.586018237082067,nan,nan
6062407,2.0,6,666,7,6,333,62,16.37704918032787,0.18618618618618618,0.0,0.35294117647058826,9.472372372372373,nan,nan
6109129,2.0,6,721,4,3,482,76,22.41860465116279,0.15767634854771784,0.0,0.3888888888888889,8.686514522821575,nan,nan
6148097,2.0,6,725,4,4,458,98,17.729032258064517,0.21397379912663755,0.0,0.6,8.507205240174672,nan,nan
6148143,2.0,6,677,5,4,437,76,19.42222222222222,0.17391304347826086,0.014084507042253521,0.28,8.266590389016018,nan,nan
6148208,2.0,6,646,3,3,319,70,16.5,0.219435736677116,0.0,0.6153846153846154,9.02539184952978,nan,nan
6190357,2.0,6,710,2,2,494,77,23.712,0.15587044534412955,0.0,0.47058823529411764,8.00161943319838,nan,nan
6193396,2.0,6,658,6,5,370,37,25.813953488372093,0.1,0.0,0.17647058823529413,8.69972972972973,nan,nan
6193436,2.0,6,666,5,6,94,14,13.428571428571429,0.14893617021276595,0.0,0.16666666666666666,19.74787234042553,nan,nan
4216956,2.0,7,910,6,5,363,82,13.04191616766467,0.22589531680440772,0.0,0.0784313725490196,6.667493112947659,nan,nan
4272243,2.0,7,646,2,1,600,275,6.923076923076923,0.4583333333333333,0.0,0.027149321266968326,7.375666666666666,nan,nan
4344977,2.0,7,1187,5,5,384,102,11.755102040816327,0.265625,0.0,0.06349206349206349,9.203645833333333,nan,nan
4350946,2.0,7,690,5,5,394,64,18.761904761904763,0.16243654822335024,0.0,0.12903225806451613,8.486294416243654,nan,nan
4351935,2.0,7,775,6,5,369,94,13.25748502994012,0.25474254742547425,0.0,0.2857142857142857,10.219241192411925,nan,nan
4352377,2.0,7,716,5,4,428,91,16.253164556962027,0.21261682242990654,0.0,0.25925925925925924,8.263317757009345,nan,nan
4358853,2.0,7,666,4,3,528,95,19.92452830188679,0.17992424242424243,0.011494252873563218,0.17142857142857143,8.056439393939394,nan,nan
4359232,2.0,7,681,3,2,590,198,9.516129032258064,0.33559322033898303,0.0,0.041379310344827586,8.558983050847457,nan,nan
4370045,2.0,7,720,4,3,467,125,13.940298507462687,0.2676659528907923,0.0,0.30303030303030304,12.552034261241971,nan,nan
4389353,2.0,7,650,5,4,462,126,13.2,0.2727272727272727,0.0,0.4,11.7495670995671,nan,nan
4389414,2.0,7,645,5,5,422,99,14.807017543859649,0.23459715639810427,0.0,0.21875,11.297156398104265,nan,nan
4392729,2.0,7,652,4,3,478,109,15.672131147540984,0.2280334728033473,0.0,0.22857142857142856,9.580543933054393,nan,nan
4393045,2.0,7,936,4,3,438,88,19.182481751824817,0.2009132420091324,0.0273972602739726,0.30434782608695654,13.58675799086758,nan,nan
4440451,2.0,7,657,3,2,546,162,13.940425531914894,0.2967032967032967,0.0136986301369863,0.2619047619047619,7.189010989010988,nan,nan
4443744,2.0,7,710,7,6,399,126,10.881818181818181,0.3157894736842105,0.0,0.14893617021276595,16.568421052631578,nan,nan
4448887,2.0,7,666,6,6,333,49,19.02857142857143,0.14714714714714713,0.0,0.07692307692307693,23.244744744744743,nan,nan
4469551,2.0,7,670,4,3,512,120,15.835051546391753,0.234375,0.0,0.2727272727272727,10.537890625,nan,nan
4472905,2.0,7,816,4,3,463,104,16.437869822485208,0.22462203023758098,0.0,0.43478260869565216,9.892656587473002,nan,nan
4473229,2.0,7,673,4,4,446,103,14.23404255319149,0.23094170403587444,0.0,0.11538461538461539,8.685874439461884,nan,nan
4481970,2.0,7,642,3,2,494,81,22.625954198473284,0.16396761133603238,0.0,0.4117647058823529,9.7334008097166,nan,nan
4482888,2.0,7,647,1,0,647,191,12.284810126582279,0.29520865533230295,0.0,0.09574468085106383,8.516846986089645,nan,nan
4487550,2.0,7,653,4,3,480,103,18.46153846153846,0.21458333333333332,0.010526315789473684,0.47368421052631576,9.715416666666666,nan,nan
4487946,2.0,7,710,2,1,227,87,10.088888888888889,0.3832599118942731,0.0125,0.38095238095238093,12.5647577092511,nan,nan
4504164,2.0,7,649,5,5,364,77,16.058823529411764,0.21153846153846154,0.0,0.2,12.116758241758241,nan,nan
4527487,2.0,7,671,4,5,134,16,20.1,0.11940298507462686,0.0,0.16666666666666666,25.62985074626866,nan,nan
4544584,2.0,7,672,4,3,540,118,17.419354838709676,0.21851851851851853,0.0,0.34615384615384615,11.156481481481482,nan,nan
4547202,2.0,7,696,5,4,436,71,19.235294117647058,0.1628440366972477,0.0,0.16129032258064516,13.224770642201834,nan,nan
4559519,2.0,7,991,6,5,358,79,14.03921568627451,0.2206703910614525,0.0136986301369863,0.125,13.052513966480447,nan,nan
4575701,2.0,7,700,2,1,657,254,8.588235294117647,0.3866057838660578,0.0,0.05952380952380952,7.457382039573821,nan,nan
4579744,2.0,7,678,6,5,377,92,13.544910179640718,0.2440318302387268,0.0,0.25,10.037665782493368,nan,nan
4605892,2.0,7,678,2,3,41,5,13.666666666666666,0.12195121951219512,0.0,0.0,19.09512195121951,nan,nan
4668185,2.0,7,641,7,6,372,99,13.052631578947368,0.2661290322580645,0.01098901098901099,0.2962962962962963,14.333064516129031,nan,nan
4705097,2.0,7,659,4,4,451,109,15.462857142857143,0.24168514412416853,0.0,0.2857142857142857,7.955432372505544,nan,nan
4724133,2.0,7,650,4,4,454,90,15.049723756906078,0.19823788546255505,0.0,0.04477611940298507,8.008590308370044,nan,nan
4749525,2.0,7,805,3,2,526,85,22.705035971223023,0.16159695817490494,0.0,0.24,9.417300380228136,nan,nan
4754626,2.0,7,1144,5,4,433,91,17.6734693877551,0.21016166281755197,0.01282051282051282,0.42857142857142855,9.630715935334873,nan,nan
4754956,2.0,7,647,5,4,419,113,13.301587301587302,0.26968973747016706,0.0,0.35714285714285715,11.665155131264916,nan,nan
4775763,2.0,7,718,6,5,449,98,15.220338983050848,0.2182628062360802,0.0,0.16216216216216217,11.673273942093541,nan,nan
4785421,2.0,7,773,4,4,460,74,22.4390243902439,0.1608695652173913,0.0,0.4666666666666667,10.059565217391304,nan,nan
4789937,2.0,7,678,4,4,524,100,19.170731707317074,0.19083969465648856,0.0,0.42857142857142855,7.84675572519084,nan,nan
4792515,2.0,7,705,7,6,236,35,17.924050632911392,0.1483050847457627,0.03571428571428571,0.21428571428571427,14.223728813559323,nan,nan
4811115,2.0,7,643,4,3,483,73,20.5531914893617,0.15113871635610765,0.0,0.06976744186046512,7.583643892339545,nan,nan
4824328,2.0,7,688,4,3,355,55,22.659574468085108,0.15492957746478872,0.0,0.3333333333333333,8.98225352112676,nan,nan
4861227,2.0,7,710,7,6,240,41,14.545454545454545,0.17083333333333334,0.0,0.08,10.77125,nan,nan
4861687,2.0,7,746,8,7,302,83,11.048780487804878,0.27483443708609273,0.0,0.17142857142857143,12.037417218543046,nan,nan
4862222,2.0,7,670,4,3,486,201,7.476923076923077,0.41358024691358025,0.0,0.03821656050955414,9.031069958847738,nan,nan
4862380,2.0,7,660,3,2,522,107,18.98181818181818,0.2049808429118774,0.0,0.5263157894736842,7.432758620689655,nan,nan
4865550,2.0,7,642,5,5,382,116,11.402985074626866,0.3036649214659686,0.0,0.1951219512195122,12.098952879581152,nan,nan
4865558,2.0,7,649,5,4,503,177,10.515679442508711,0.3518886679920477,0.005988023952095809,0.2727272727272727,9.11272365805169,nan,nan
4912927,2.0,7,674,2,1,638,202,10.345945945945946,0.3166144200626959,0.0,0.04195804195804196,8.184796238244514,nan,nan
4915833,2.0,7,675,4,3,479,123,15.368983957219251,0.2567849686847599,0.0,0.4090909090909091,9.069937369519833,nan,nan
4940890,2.0,7,683,3,2,530,119,16.649214659685864,0.22452830188679246,0.0,0.3125,11.472264150943397,nan,nan
5244934,2.0,7,656,6,6,274,38,17.869565217391305,0.1386861313868613,0.0,0.037037037037037035,16.093065693430656,nan,nan
5351422,2.0,7,654,4,3,487,116,15.542553191489361,0.23819301848049282,0.0,0.35714285714285715,15.928747433264887,nan,nan
5477477,2.0,7,678,2,2,586,148,14.120481927710843,0.2525597269624573,0.0,0.15625,8.968259385665528,nan,nan
5499001,2.0,7,670,2,1,632,202,11.596330275229358,0.31962025316455694,0.0,0.12941176470588237,8.294303797468354,nan,nan
5503058,2.0,7,916,6,5,414,88,16.025806451612905,0.21256038647342995,0.0,0.24,10.938164251207729,nan,nan
5503168,2.0,7,695,6,5,336,50,19.2,0.1488095238095238,0.022727272727272728,0.1111111111111111,17.23154761904762,nan,nan
5503359,2.0,7,716,6,6,319,42,20.580645161290324,0.13166144200626959,0.0,0.15789473684210525,13.617554858934168,nan,nan
5540718,2.0,7,663,6,6,333,56,16.93220338983051,0.16816816816816818,0.0,0.1,9.22072072072072,nan,nan
5540722,2.0,7,691,5,5,426,47,26.081632653061224,0.11032863849765258,0.0,0.13043478260869565,8.826291079812206,nan,nan
5540733,2.0,7,641,4,3,490,90,19.864864864864863,0.1836734693877551,0.0,0.2916666666666667,7.811020408163266,nan,nan
5540847,2.0,7,869,6,6,375,53,23.195876288659793,0.14133333333333334,0.02127659574468085,0.4166666666666667,8.219199999999999,nan,nan
5547018,2.0,7,649,6,5,388,79,15.417218543046358,0.2036082474226804,0.0,0.1388888888888889,8.968556701030929,nan,nan
5565253,2.0,7,670,4,5,385,52,24.838709677419356,0.13506493506493505,0.0,0.26666666666666666,7.88909090909091,nan,nan
5615881,2.0,7,1051,6,6,357,92,11.704918032786885,0.25770308123249297,0.0,0.09090909090909091,9.612324929971988,nan,nan
5615968,2.0,7,642,6,5,378,91,14.264150943396226,0.24074074074074073,0.0,0.25925925925925924,10.142328042328042,nan,nan
5615986,2.0,7,685,5,4,343,65,17.00826446280992,0.18950437317784258,0.0,0.1111111111111111,8.734402332361515,nan,nan
5615988,2.0,7,671,6,5,356,64,17.225806451612904,0.1797752808988764,0.0,0.22727272727272727,8.603932584269662,nan,nan
5616015,2.0,7,657,2,1,624,148,16.864864864864863,0.23717948717948717,0.0,0.2702702702702703,8.190064102564103,nan,nan
5633515,2.0,7,663,6,5,410,84,13.977272727272727,0.2048780487804878,0.0,0.07142857142857142,10.531951219512196,nan,nan
5692189,2.0,7,1527,6,5,401,79,15.423076923076923,0.1970074812967581,0.0,0.1282051282051282,12.701995012468828,nan,nan
5705278,2.0,7,643,8,7,323,85,11.074285714285715,0.2631578947368421,0.0,0.1111111111111111,11.428173374613003,nan,nan
5705752,2.0,7,682,5,4,434,81,18.46808510638298,0.18663594470046083,0.0,0.35,7.196313364055299,nan,nan
5706077,2.0,7,656,5,5,382,55,21.62264150943396,0.14397905759162305,0.0,0.375,8.487696335078535,nan,nan
5706137,2.0,7,737,7,7,173,23,15.043478260869565,0.1329479768786127,0.0,0.0625,15.402312138728323,nan,nan
5715345,2.0,7,923,4,3,491,98,16.64406779661017,0.19959266802443992,0.0,0.16279069767441862,7.454582484725051,nan,nan
5771585,2.0,7,720,6,5,355,63,16.904761904761905,0.17746478873239438,0.0,0.14285714285714285,8.735211267605633,nan,nan
5771621,2.0,7,675,6,5,379,55,20.123893805309734,0.14511873350923482,0.0,0.23809523809523808,9.82928759894459,nan,nan
5772092,2.0,7,729,8,7,335,52,15.581395348837209,0.15522388059701492,0.0,0.023255813953488372,10.15492537313433,nan,nan
5772102,2.0,7,725,5,4,359,56,19.405405405405407,0.15598885793871867,0.0,0.23809523809523808,7.797771587743733,nan,nan
5772192,2.0,7,706,7,6,381,69,15.657534246575343,0.18110236220472442,0.0,0.10526315789473684,7.930446194225722,nan,nan
5874746,2.0,7,729,6,6,364,58,19.157894736842106,0.15934065934065933,0.0,0.18181818181818182,7.894505494505494,nan,nan
5874767,2.0,7,1278,8,7,245,37,15.154639175257731,0.1510204081632653,0.0,0.08695652173913043,7.209387755102041,nan,nan
5874769,2.0,7,649,6,6,322,43,19.128712871287128,0.13354037267080746,0.0,0.07142857142857142,7.185714285714286,nan,nan
5874787,2.0,7,1064,5,5,225,42,14.835164835164836,0.18666666666666668,0.0,0.08695652173913043,9.60311111111111,nan,nan
5875173,2.0,7,712,4,4,95,10,15.833333333333334,0.10526315789473684,0.0,0.0,10.715789473684211,nan,nan
5882173,2.0,7,665,8,7,273,51,14.756756756756756,0.18681318681318682,0.0,0.2222222222222222,10.223443223443223,nan,nan
5969330,2.0,7,721,6,5,459,144,9.431506849315069,0.3137254901960784,0.0,0.035398230088495575,9.557952069716777,nan,nan
5969331,2.0,7,706,6,5,359,65,16.828125,0.181058495821727,0.0,0.14285714285714285,10.654596100278551,nan,nan
5969362,2.0,7,672,5,5,449,74,20.25563909774436,0.16481069042316257,0.014705882352941176,0.2222222222222222,9.033853006681515,nan,nan
6058407,2.0,7,696,7,7,329,116,8.472103004291846,0.3525835866261398,0.0,0.06666666666666667,10.246504559270516,nan,nan
6062407,2.0,7,666,7,6,333,62,15.857142857142858,0.18618618618618618,0.0,0.21739130434782608,9.125225225225226,nan,nan
6109129,2.0,7,721,4,3,482,76,21.42222222222222,0.15767634854771784,0.0,0.1724137931034483,7.844190871369295,nan,nan
6148097,2.0,7,725,4,4,458,98,17.615384615384617,0.21397379912663755,0.0,0.3333333333333333,7.814628820960698,nan,nan
6148143,2.0,7,677,5,4,437,76,18.863309352517987,0.17391304347826086,0.0,0.21428571428571427,9.27025171624714,nan,nan
6148208,2.0,7,646,3,3,319,70,15.560975609756097,0.219435736677116,0.0,0.24,9.47460815047022,nan,nan
6190357,2.0,7,710,2,2,494,77,22.8,0.15587044534412955,0.0,0.28,7.467611336032388,nan,nan
6193396,2.0,7,658,6,5,370,37,24.9438202247191,0.1,0.0,0.09090909090909091,10.518648648648648,nan,nan
6193436,2.0,7,666,5,6,94,14,13.428571428571429,0.14893617021276595,0.0,0.16666666666666666,17.28191489361702,nan,nan
4216956,2.0,8,910,6,5,363,82,12.887573964497042,0.22589531680440772,0.0,0.05263157894736842,6.561432506887053,nan,nan
4272243,2.0,8,646,2,1,600,275,6.857142857142857,0.4583333333333333,0.0,0.021929824561403508,6.4035,nan,nan
4344977,2.0,8,1187,5,5,384,102,11.937823834196891,0.265625,0.0,0.06666666666666667,7.533854166666667,nan,nan
4350946,2.0,8,690,5,5,394,64,18.325581395348838,0.16243654822335024,0.0,0.07894736842105263,8.982994923857868,nan,nan
4351935,2.0,8,775,6,5,369,94,13.25748502994012,0.25474254742547425,0.0,0.23333333333333334,10.955555555555556,nan,nan
4352377,2.0,8,716,5,4,428,91,15.46987951807229,0.21261682242990654,0.0,0.12195121951219512,9.219392523364487,nan,nan
4358853,2.0,8,666,4,3,528,95,19.43558282208589,0.17992424242424243,0.011494252873563218,0.11904761904761904,7.683901515151515,nan,nan
4359232,2.0,8,681,3,2,590,198,9.490616621983914,0.33559322033898303,0.0,0.033783783783783786,9.167118644067797,nan,nan
4370045,2.0,8,720,4,3,467,125,14.080402010050252,0.2676659528907923,0.0,0.3125,11.060813704496788,nan,nan
4389353,2.0,8,650,5,4,462,126,12.893023255813954,0.2727272727272727,0.0,0.17391304347826086,11.469480519480518,nan,nan
4389414,2.0,8,645,5,5,422,99,14.468571428571428,0.23459715639810427,0.0,0.15384615384615385,12.399526066350711,nan,nan
4392729,2.0,8,652,4,3,478,109,15.015706806282722,0.2280334728033473,0.0,0.15217391304347827,11.79937238493724,nan,nan
4393045,2.0,8,936,4,3,438,88,18.507042253521128,0.2009132420091324,0.0125,0.30434782608695654,11.602283105022831,nan,nan
4440451,2.0,8,657,3,2,546,162,14.0,0.2967032967032967,0.006535947712418301,0.2894736842105263,9.906593406593407,nan,nan
4443744,2.0,8,710,7,6,399,126,10.783783783783784,0.3157894736842105,0.0,0.14285714285714285,15.864661654135338,nan,nan
4448887,2.0,8,666,6,6,333,49,18.163636363636364,0.14714714714714713,0.0,0.06451612903225806,19.492192192192192,nan,nan
4469551,2.0,8,670,4,3,512,120,15.835051546391753,0.234375,0.0,0.28125,10.5736328125,nan,nan
4472905,2.0,8,816,4,3,463,104,15.694915254237289,0.22462203023758098,0.0,0.1891891891891892,9.031965442764578,nan,nan
4473229,2.0,8,673,4,4,446,103,14.08421052631579,0.23094170403587444,0.0,0.08771929824561403,9.615470852017937,nan,nan
4481970,2.0,8,642,3,2,494,81,22.454545454545453,0.16396761133603238,0.0,0.2727272727272727,9.646356275303644,nan,nan
4482888,2.0,8,647,1,0,647,191,11.835365853658537,0.29520865533230295,0.0,0.05217391304347826,8.262287480680062,nan,nan
4487550,2.0,8,653,4,3,480,103,18.343949044585987,0.21458333333333332,0.010526315789473684,0.42857142857142855,13.24625,nan,nan
4487946,2.0,8,710,2,1,227,87,9.458333333333334,0.3832599118942731,0.0,0.1935483870967742,11.299118942731278,nan,nan
4504164,2.0,8,649,5,5,364,77,16.058823529411764,0.21153846153846154,0.0,0.2,13.08434065934066,nan,nan
4527487,2.0,8,671,4,5,134,16,19.142857142857142,0.11940298507462686,0.0,0.125,20.579850746268654,nan,nan
4544584,2.0,8,672,4,3,540,118,16.03960396039604,0.21851851851851853,0.0,0.12,12.166481481481481,nan,nan
4547202,2.0,8,696,5,4,436,71,19.235294117647058,0.1628440366972477,0.0,0.12121212121212122,13.672477064220184,nan,nan
4559519,2.0,8,991,6,5,358,79,14.416107382550335,0.2206703910614525,0.0,0.16129032258064516,11.345530726256984,nan,nan
4575701,2.0,8,700,2,1,657,254,10.88950276243094,0.3866057838660578,0.0040650406504065045,0.2153846153846154,9.051750380517504,nan,nan
4579744,2.0,8,678,6,5,377,92,12.852272727272727,0.2440318302387268,0.0,0.10416666666666667,12.843766578249339,nan,nan
4605892,2.0,8,678,2,3,41,5,13.666666666666666,0.12195121951219512,0.0,0.0,12.951219512195122,nan,nan
4668185,2.0,8,641,7,6,372,99,12.19672131147541,0.2661290322580645,0.0,0.1891891891891892,22.97795698924731,nan,nan
4705097,2.0,8,659,4,4,451,109,14.868131868131869,0.24168514412416853,0.0,0.19444444444444445,12.186696230598669,nan,nan
4724133,2.0,8,650,4,4,454,90,15.133333333333333,0.19823788546255505,0.0,0.046153846153846156,10.709251101321586,nan,nan
4749525,2.0,8,805,3,2,526,85,22.705035971223023,0.16159695817490494,0.0,0.24,10.47338403041825,nan,nan
4754626,2.0,8,1144,5,4,433,91,17.917241379310344,0.21016166281755197,0.01282051282051282,0.2222222222222222,7.764896073903002,nan,nan
4754956,2.0,8,647,5,4,419,113,12.57,0.26968973747016706,0.0,0.14583333333333334,12.525775656324583,nan,nan
4775763,2.0,8,718,6,5,449,98,15.75438596491228,0.2182628062360802,0.0,0.22580645161290322,10.034521158129175,nan,nan
4785421,2.0,8,773,4,4,460,74,22.4390243902439,0.1608695652173913,0.0,0.4666666666666667,11.560217391304347,nan,nan
4789937,2.0,8,678,4,4,524,100,19.77358490566038,0.19083969465648856,0.0,0.5,8.558587786259542,nan,nan
4792515,2.0,8,705,7,6,236,35,17.06024096385542,0.1483050847457627,0.03571428571428571,0.1,15.961864406779661,nan,nan
4811115,2.0,8,643,4,3,483,73,20.265734265734267,0.15113871635610765,0.0,0.06666666666666667,9.316356107660456,nan,nan
4824328,2.0,8,688,4,3,355,55,21.95876288659794,0.15492957746478872,0.0,0.38461538461538464,10.881971830985915,nan,nan
4861227,2.0,8,710,7,6,240,41,14.845360824742269,0.17083333333333334,0.0,0.08333333333333333,11.580416666666668,nan,nan
4861687,2.0,8,746,8,7,302,83,10.721893491124261,0.27483443708609273,0.0,0.12195121951219512,11.657284768211921,nan,nan
4862222,2.0,8,670,4,3,486,201,6.976076555023924,0.41358024691358025,0.0,0.0,8.955761316872428,nan,nan
4862380,2.0,8,660,3,2,522,107,18.31578947368421,0.2049808429118774,0.0,0.3103448275862069,7.7620689655172415,nan,nan
4865550,2.0,8,642,5,5,382,116,10.862559241706162,0.3036649214659686,0.0,0.1016949152542373,11.182198952879583,nan,nan
4865558,2.0,8,649,5,4,503,177,10.335616438356164,0.3518886679920477,0.005988023952095809,0.17391304347826086,10.357256461232604,nan,nan
4912927,2.0,8,674,2,1,638,202,11.392857142857142,0.3166144200626959,0.0,0.11578947368421053,9.526645768025078,nan,nan
4915833,2.0,8,675,4,3,479,123,15.451612903225806,0.2567849686847599,0.0,0.4090909090909091,9.684342379958247,nan,nan
4940890,2.0,8,683,3,2,530,119,16.307692307692307,0.22452830188679246,0.0,0.2,8.233962264150943,nan,nan
5244934,2.0,8,656,6,6,274,38,17.869565217391305,0.1386861313868613,0.0,0.037037037037037035,16.113868613138685,nan,nan
5351422,2.0,8,654,4,3,487,116,15.378947368421052,0.23819301848049282,0.0,0.28125,17.705544147843945,nan,nan
5477477,2.0,8,678,2,2,586,148,13.952380952380953,0.2525597269624573,0.0,0.1267605633802817,9.474914675767918,nan,nan
5499001,2.0,8,670,2,1,632,202,11.218934911242604,0.31962025316455694,0.0,0.0761904761904762,8.285126582278481,nan,nan
5503058,2.0,8,916,6,5,414,88,16.671140939597315,0.21256038647342995,0.0,0.2857142857142857,15.126811594202898,nan,nan
5503168,2.0,8,695,6,5,336,50,19.384615384615383,0.1488095238095238,0.0,0.14285714285714285,17.811904761904763,nan,nan
5503359,2.0,8,716,6,6,319,42,19.7319587628866,0.13166144200626959,0.0,0.07407407407407407,18.4858934169279,nan,nan
5540718,2.0,8,663,6,6,333,56,17.076923076923077,0.16816816816816818,0.0,0.10344827586206896,10.025225225225226,nan,nan
5540722,2.0,8,691,5,5,426,47,26.081632653061224,0.11032863849765258,0.0,0.13043478260869565,8.298591549295773,nan,nan
5540733,2.0,8,641,4,3,490,90,19.731543624161073,0.1836734693877551,0.0,0.21428571428571427,6.856326530612245,nan,nan
5540847,2.0,8,869,6,6,375,53,19.911504424778762,0.14133333333333334,0.0,0.06451612903225806,7.790133333333334,nan,nan
5547018,2.0,8,649,6,5,388,79,15.417218543046358,0.2036082474226804,0.0,0.1388888888888889,9.319329896907217,nan,nan
5565253,2.0,8,670,4,5,385,52,23.333333333333332,0.13506493506493505,0.0,0.13043478260869565,6.525974025974026,nan,nan
5615881,2.0,8,1051,6,6,357,92,11.454545454545455,0.25770308123249297,0.0,0.06557377049180328,9.402521008403362,nan,nan
5615968,2.0,8,642,6,5,378,91,13.5,0.24074074074074073,0.0,0.15384615384615385,7.216137566137566,nan,nan
5615986,2.0,8,685,5,4,343,65,15.830769230769231,0.18950437317784258,0.0,0.08108108108108109,7.186297376093295,nan,nan
5615988,2.0,8,671,6,5,356,64,17.365853658536587,0.1797752808988764,0.0,0.17391304347826086,9.103370786516855,nan,nan
5616015,2.0,8,657,2,1,624,148,16.789237668161434,0.23717948717948717,0.0,0.21951219512195122,7.67051282051282,nan,nan
5633515,2.0,8,663,6,5,410,84,13.666666666666666,0.2048780487804878,0.0,0.030303030303030304,10.932439024390245,nan,nan
5692189,2.0,8,1527,6,5,401,79,14.760736196319018,0.1970074812967581,0.0,0.057692307692307696,12.406733167082296,nan,nan
5705278,2.0,8,643,8,7,323,85,10.475675675675676,0.2631578947368421,0.0,0.031746031746031744,14.30030959752322,nan,nan
5705752,2.0,8,682,5,4,434,81,18.083333333333332,0.18663594470046083,0.0,0.23076923076923078,8.620737327188941,nan,nan
5706077,2.0,8,656,5,5,382,55,19.58974358974359,0.14397905759162305,0.0,0.05405405405405406,6.765183246073299,nan,nan
5706137,2.0,8,737,7,7,173,23,15.043478260869565,0.1329479768786127,0.0,0.0625,12.525433526011561,nan,nan
5715345,2.0,8,923,4,3,491,98,15.838709677419354,0.19959266802443992,0.0,0.08620689655172414,8.39327902240326,nan,nan
5771585,2.0,8,720,6,5,355,63,17.04,0.17746478873239438,0.0,0.14814814814814814,9.9,nan,nan
5771621,2.0,8,675,6,5,379,55,18.338709677419356,0.14511873350923482,0.0,0.05,8.203957783641162,nan,nan
5772092,2.0,8,729,8,7,335,52,15.581395348837209,0.15522388059701492,0.0,0.023255813953488372,11.022388059701493,nan,nan
5772102,2.0,8,725,5,4,359,56,16.96062992125984,0.15598885793871867,0.0,0.020833333333333332,7.59108635097493,nan,nan
5772192,2.0,8,706,7,6,381,69,14.941176470588236,0.18110236220472442,0.0,0.0392156862745098,8.976902887139108,nan,nan
5874746,2.0,8,729,6,6,364,58,15.6,0.15934065934065933,0.0,0.0,8.46043956043956,nan,nan
5874767,2.0,8,1278,8,7,245,37,14.554455445544555,0.1510204081632653,0.0,0.034482758620689655,8.721224489795917,nan,nan
5874769,2.0,8,649,6,6,322,43,17.563636363636363,0.13354037267080746,0.0,0.0,7.529192546583851,nan,nan
5874787,2.0,8,1064,5,5,225,42,12.98076923076923,0.18666666666666668,0.0,0.0,8.540888888888889,nan,nan
5875173,2.0,8,712,4,4,95,10,15.833333333333334,0.10526315789473684,0.0,0.0,9.190526315789475,nan,nan
5882173,2.0,8,665,8,7,273,51,14.368421052631579,0.18681318681318682,0.0,0.125,8.534798534798535,nan,nan
5969330,2.0,8,721,6,5,459,144,9.119205298013245,0.3137254901960784,0.0,0.015503875968992248,7.807407407407407,nan,nan
5969331,2.0,8,706,6,5,359,65,16.828125,0.181058495821727,0.0,0.09375,8.672423398328691,nan,nan
5969362,2.0,8,672,5,5,449,74,19.664233576642335,0.16481069042316257,0.0,0.16129032258064516,8.480400890868596,nan,nan
6058407,2.0,8,696,7,7,329,116,8.329113924050633,0.3525835866261398,0.0,0.04878048780487805,11.23677811550152,nan,nan
6062407,2.0,8,666,7,6,333,62,15.488372093023257,0.18618618618618618,0.0,0.14285714285714285,9.126126126126126,nan,nan
6109129,2.0,8,721,4,3,482,76,20.805755395683452,0.15767634854771784,0.0,0.1111111111111111,8.78921161825726,nan,nan
6148097,2.0,8,725,4,4,458,98,17.06832298136646,0.21397379912663755,0.0,0.25925925925925924,7.870087336244541,nan,nan
6148143,2.0,8,677,5,4,437,76,18.464788732394368,0.17391304347826086,0.0,0.1111111111111111,8.804118993135011,nan,nan
6148208,2.0,8,646,3,3,319,70,14.283582089552239,0.219435736677116,0.0,0.043478260869565216,7.771786833855799,nan,nan
6190357,2.0,8,710,2,2,494,77,21.635036496350367,0.15587044534412955,0.0,0.1,8.582793522267206,nan,nan
6193396,2.0,8,658,6,5,370,37,23.870967741935484,0.1,0.0,0.034482758620689655,9.76027027027027,nan,nan
6193436,2.0,8,666,5,6,94,14,13.428571428571429,0.14893617021276595,0.0,0.16666666666666666,18.68936170212766,nan,nan
4216956,2.0,9,910,6,5,363,82,12.887573964497042,0.22589531680440772,0.0,0.05263157894736842,7.068870523415978,nan,nan
4272243,2.0,9,646,2,1,600,275,6.818181818181818,0.4583333333333333,0.0,0.017094017094017096,8.455166666666667,nan,nan
4344977,2.0,9,1187,5,5,384,102,11.937823834196891,0.265625,0.0,0.06666666666666667,10.036979166666667,nan,nan
4350946,2.0,9,690,5,5,394,64,17.774436090225564,0.16243654822335024,0.0,0.046511627906976744,9.251776649746192,nan,nan
4351935,2.0,9,775,6,5,369,94,13.100591715976332,0.25474254742547425,0.0,0.16666666666666666,11.662872628726289,nan,nan
4352377,2.0,9,716,5,4,428,91,15.950310559006212,0.21261682242990654,0.0,0.17647058823529413,8.739018691588786,nan,nan
4358853,2.0,9,666,4,3,528,95,19.317073170731707,0.17992424242424243,0.0,0.1282051282051282,7.487121212121211,nan,nan
4359232,2.0,9,681,3,2,590,198,9.21875,0.33559322033898303,0.0,0.01818181818181818,8.330508474576272,nan,nan
4370045,2.0,9,720,4,3,467,125,13.4066985645933,0.2676659528907923,0.0,0.14583333333333334,12.36745182012848,nan,nan
4389353,2.0,9,650,5,4,462,126,12.657534246575343,0.2727272727272727,0.0,0.1320754716981132,12.92965367965368,nan,nan
4389414,2.0,9,645,5,5,422,99,14.720930232558139,0.23459715639810427,0.0,0.16666666666666666,12.309004739336492,nan,nan
4392729,2.0,9,652,4,3,478,109,14.058823529411764,0.2280334728033473,0.0,0.05970149253731343,10.428242677824267,nan,nan
4393045,2.0,9,936,4,3,438,88,16.528301886792452,0.2009132420091324,0.0,0.11904761904761904,9.822374429223744,nan,nan
4440451,2.0,9,657,3,2,546,162,12.89763779527559,0.2967032967032967,0.006535947712418301,0.10144927536231885,10.334249084249084,nan,nan
4443744,2.0,9,710,7,6,399,126,10.274678111587983,0.3157894736842105,0.0,0.05970149253731343,17.06766917293233,nan,nan
4448887,2.0,9,666,6,6,333,49,19.02857142857143,0.14714714714714713,0.0,0.07692307692307693,19.21981981981982,nan,nan
4469551,2.0,9,670,4,3,512,120,15.207920792079207,0.234375,0.0,0.15217391304347827,11.2916015625,nan,nan
4472905,2.0,9,816,4,3,463,104,15.519553072625698,0.22462203023758098,0.0,0.13953488372093023,9.966522678185745,nan,nan
4473229,2.0,9,673,4,4,446,103,14.010471204188482,0.23094170403587444,0.0,0.06557377049180328,9.818609865470853,nan,nan
4481970,2.0,9,642,3,2,494,81,22.454545454545453,0.16396761133603238,0.0,0.20833333333333334,9.541093117408908,nan,nan
4482888,2.0,9,647,1,0,647,191,11.835365853658537,0.29520865533230295,0.0,0.05217391304347826,8.803091190108193,nan,nan
4487550,2.0,9,653,4,3,480,103,17.454545454545453,0.21458333333333332,0.010526315789473684,0.21212121212121213,9.795416666666666,nan,nan
4487946,2.0,9,710,2,1,227,87,9.140939597315436,0.3832599118942731,0.0,0.1282051282051282,11.351541850220265,nan,nan
4504164,2.0,9,649,5,5,364,77,16.058823529411764,0.21153846153846154,0.0,0.2,13.938461538461539,nan,nan
4527487,2.0,9,671,4,5,134,16,19.142857142857142,0.11940298507462686,0.0,0.125,20.20597014925373,nan,nan
4544584,2.0,9,672,4,3,540,118,16.615384615384617,0.21851851851851853,0.0,0.13636363636363635,11.350185185185186,nan,nan
4547202,2.0,9,696,5,4,436,71,19.235294117647058,0.1628440366972477,0.0,0.12121212121212122,9.992660550458716,nan,nan
4559519,2.0,9,991,6,5,358,79,15.020979020979022,0.2206703910614525,0.0,0.18518518518518517,12.873463687150837,nan,nan
4575701,2.0,9,700,2,1,657,254,8.663736263736263,0.3866057838660578,0.0,0.05389221556886228,9.350532724505328,nan,nan
4579744,2.0,9,678,6,5,377,92,12.428571428571429,0.2440318302387268,0.0,0.07017543859649122,12.703978779840847,nan,nan
4605892,2.0,9,678,2,3,41,5,13.666666666666666,0.12195121951219512,0.0,0.0,12.424390243902439,nan,nan
4668185,2.0,9,641,7,6,372,99,12.331491712707182,0.2661290322580645,0.0,0.15789473684210525,18.378494623655914,nan,nan
4705097,2.0,9,659,4,4,451,109,14.627027027027028,0.24168514412416853,0.0,0.1111111111111111,9.755654101995566,nan,nan
4724133,2.0,9,650,4,4,454,90,14.336842105263157,0.19823788546255505,0.0,0.012345679012345678,8.937224669603523,nan,nan
4749525,2.0,9,805,3,2,526,85,22.542857142857144,0.16159695817490494,0.0,0.23076923076923078,9.309125475285171,nan,nan
4754626,2.0,9,1144,5,4,433,91,18.041666666666668,0.21016166281755197,0.01282051282051282,0.23076923076923078,9.65473441108545,nan,nan
4754956,2.0,9,647,5,4,419,113,12.633165829145728,0.26968973747016706,0.0,0.14583333333333334,11.124105011933175,nan,nan
4775763,2.0,9,718,6,5,449,98,14.721311475409836,0.2182628062360802,0.0,0.08,11.365478841870825,nan,nan
4785421,2.0,9,773,4,4,460,74,21.068702290076335,0.1608695652173913,0.0,0.18518518518518517,10.624565217391305,nan,nan
4789937,2.0,9,678,4,4,524,100,18.173410404624278,0.19083969465648856,0.0,0.15384615384615385,10.950190839694656,nan,nan
4792515,2.0,9,705,7,6,236,35,14.448979591836734,0.1483050847457627,0.0,0.0,16.29364406779661,nan,nan
4811115,2.0,9,643,4,3,483,73,19.714285714285715,0.15113871635610765,0.0,0.038461538461538464,9.371014492753623,nan,nan
4824328,2.0,9,688,4,3,355,55,20.88235294117647,0.15492957746478872,0.0,0.13043478260869565,8.889859154929578,nan,nan
4861227,2.0,9,710,7,6,240,41,13.980582524271844,0.17083333333333334,0.0,0.03125,11.964583333333334,nan,nan
4861687,2.0,9,746,8,7,302,83,10.295454545454545,0.27483443708609273,0.0,0.05555555555555555,11.258940397350992,nan,nan
4862222,2.0,9,670,4,3,486,201,7.094890510948905,0.41358024691358025,0.0,0.005235602094240838,10.820781893004115,nan,nan
4862380,2.0,9,660,3,2,522,107,17.4,0.2049808429118774,0.0,0.13636363636363635,8.874137931034483,nan,nan
4865550,2.0,9,642,5,5,382,116,10.966507177033494,0.3036649214659686,0.0,0.10714285714285714,11.89371727748691,nan,nan
4865558,2.0,9,649,5,4,503,177,10.12751677852349,0.3518886679920477,0.005988023952095809,0.125,9.51769383697813,nan,nan
4912927,2.0,9,674,2,1,638,202,11.160349854227405,0.3166144200626959,0.0,0.08333333333333333,9.129153605015674,nan,nan
4915833,2.0,9,675,4,3,479,123,15.791208791208792,0.2567849686847599,0.0,0.5,11.019832985386222,nan,nan
4940890,2.0,9,683,3,2,530,119,16.649214659685864,0.22452830188679246,0.0,0.2222222222222222,10.171509433962264,nan,nan
5244934,2.0,9,656,6,6,274,38,17.869565217391305,0.1386861313868613,0.0,0.037037037037037035,18.423722627737227,nan,nan
5351422,2.0,9,654,4,3,487,116,14.83248730964467,0.23819301848049282,0.0,0.15555555555555556,17.80369609856263,nan,nan
5477477,2.0,9,678,2,2,586,148,13.119402985074627,0.2525597269624573,0.0,0.06382978723404255,8.667576791808873,nan,nan
5499001,2.0,9,670,2,1,632,202,11.185840707964601,0.31962025316455694,0.0,0.06422018348623854,8.92879746835443,nan,nan
5503058,2.0,9,916,6,5,414,88,15.923076923076923,0.21256038647342995,0.0,0.23076923076923078,13.82463768115942,nan,nan
5503168,2.0,9,695,6,5,336,50,19.57281553398058,0.1488095238095238,0.0,0.14285714285714285,17.94017857142857,nan,nan
5503359,2.0,9,716,6,6,319,42,18.764705882352942,0.13166144200626959,0.0,0.029411764705882353,14.360815047021944,nan,nan
5540718,2.0,9,663,6,6,333,56,17.526315789473685,0.16816816816816818,0.021739130434782608,0.05714285714285714,9.000900900900902,nan,nan
5540722,2.0,9,691,5,5,426,47,25.058823529411764,0.11032863849765258,0.0,0.06896551724137931,7.696948356807512,nan,nan
5540733,2.0,9,641,4,3,490,90,18.726114649681527,0.1836734693877551,0.0,0.1388888888888889,7.502244897959184,nan,nan
5540847,2.0,9,869,6,6,375,53,19.911504424778762,0.14133333333333334,0.0,0.06451612903225806,8.755733333333334,nan,nan
5547018,2.0,9,649,6,5,388,79,15.417218543046358,0.2036082474226804,0.0,0.10810810810810811,8.956958762886599,nan,nan
5565253,2.0,9,670,4,5,385,52,22.21153846153846,0.13506493506493505,0.0,0.06666666666666667,7.750909090909091,nan,nan
5615881,2.0,9,1051,6,6,357,92,10.928571428571429,0.25770308123249297,0.0,0.02666666666666667,10.058263305322129,nan,nan
5615968,2.0,9,642,6,5,378,91,13.03448275862069,0.24074074074074073,0.0,0.08333333333333333,10.881746031746033,nan,nan
5615986,2.0,9,685,5,4,343,65,15.35820895522388,0.18950437317784258,0.0,0.046511627906976744,8.871137026239067,nan,nan
5615988,2.0,9,671,6,5,356,64,16.952380952380953,0.1797752808988764,0.0,0.10344827586206896,10.250280898876404,nan,nan
5616015,2.0,9,657,2,1,624,148,14.075187969924812,0.23717948717948717,0.0,0.04040404040404041,7.44102564102564,nan,nan
5633515,2.0,9,663,6,5,410,84,13.666666666666666,0.2048780487804878,0.0,0.030303030303030304,8.999756097560976,nan,nan
5692189,2.0,9,1527,6,5,401,79,14.321428571428571,0.1970074812967581,0.0,0.03389830508474576,9.04364089775561,nan,nan
5705278,2.0,9,643,8,7,323,85,10.475675675675676,0.2631578947368421,0.0,0.031746031746031744,11.185139318885449,nan,nan
5705752,2.0,9,682,5,4,434,81,16.692307692307693,0.18663594470046083,0.0,0.09302325581395349,9.330184331797236,nan,nan
5706077,2.0,9,656,5,5,382,55,19.58974358974359,0.14397905759162305,0.0,0.05405405405405406,7.746596858638743,nan,nan
5706137,2.0,9,737,7,7,173,23,14.027027027027026,0.1329479768786127,0.0,0.0,13.81907514450867,nan,nan
5715345,2.0,9,923,4,3,491,98,15.34375,0.19959266802443992,0.0,0.04225352112676056,8.924236252545825,nan,nan
5771585,2.0,9,720,6,5,355,63,16.384615384615383,0.17746478873239438,0.0,0.08571428571428572,9.988450704225352,nan,nan
5771621,2.0,9,675,6,5,379,55,17.765625,0.14511873350923482,0.0,0.02127659574468085,8.056728232189974,nan,nan
5772092,2.0,9,729,8,7,335,52,15.461538461538462,0.15522388059701492,0.0,0.022727272727272728,7.7259701492537305,nan,nan
5772102,2.0,9,725,5,4,359,56,17.095238095238095,0.15598885793871867,0.0,0.02127659574468085,6.046518105849581,nan,nan
5772192,2.0,9,706,7,6,381,69,14.941176470588236,0.18110236220472442,0.0,0.0392156862745098,7.083202099737532,nan,nan
5874746,2.0,9,729,6,6,364,58,15.6,0.15934065934065933,0.0,0.0,7.287362637362637,nan,nan
5874767,2.0,9,1278,8,7,245,37,13.867924528301886,0.1510204081632653,0.0,0.0,8.869387755102041,nan,nan
5874769,2.0,9,649,6,6,322,43,17.563636363636363,0.13354037267080746,0.0,0.0,7.34223602484472,nan,nan
5874787,2.0,9,1064,5,5,225,42,12.98076923076923,0.18666666666666668,0.0,0.0,6.8084444444444445,nan,nan
5875173,2.0,9,712,4,4,95,10,15.833333333333334,0.10526315789473684,0.0,0.0,7.966315789473684,nan,nan
5882173,2.0,9,665,8,7,273,51,13.764705882352942,0.18681318681318682,0.0,0.0625,8.148351648351648,nan,nan
5969330,2.0,9,721,6,5,459,144,8.826923076923077,0.3137254901960784,0.0,0.0,9.404139433551197,nan,nan
5969331,2.0,9,706,6,5,359,65,16.195488721804512,0.181058495821727,0.0,0.05,9.634818941504179,nan,nan
5969362,2.0,9,672,5,5,449,74,16.732919254658384,0.16481069042316257,0.0,0.015384615384615385,7.16792873051225,nan,nan
6058407,2.0,9,696,7,7,329,116,8.15702479338843,0.3525835866261398,0.0,0.03333333333333333,10.645896656534955,nan,nan
6062407,2.0,9,666,7,6,333,62,14.37410071942446,0.18618618618618618,0.0,0.045454545454545456,8.451351351351352,nan,nan
6109129,2.0,9,721,4,3,482,76,20.083333333333332,0.15767634854771784,0.0,0.06818181818181818,8.473029045643154,nan,nan
6148097,2.0,9,725,4,4,458,98,16.962962962962962,0.21397379912663755,0.0,0.1875,7.953275109170305,nan,nan
6148143,2.0,9,677,5,4,437,76,18.464788732394368,0.17391304347826086,0.0,0.1111111111111111,8.090617848970252,nan,nan
6148208,2.0,9,646,3,3,319,70,14.283582089552239,0.219435736677116,0.0,0.043478260869565216,6.233855799373041,nan,nan
6190357,2.0,9,710,2,2,494,77,22.119402985074625,0.15587044534412955,0.0,0.10526315789473684,7.43582995951417,nan,nan
6193396,2.0,9,658,6,5,370,37,24.130434782608695,0.1,0.0,0.03571428571428571,9.352162162162163,nan,nan
6193436,2.0,9,666,5,6,94,14,13.428571428571429,0.14893617021276595,0.0,0.16666666666666666,21.564893617021276,nan,nan
4216956,2.0,10,910,6,5,363,82,12.033149171270718,0.22589531680440772,0.0,0.0136986301369863,6.946556473829201,nan,nan
4272243,2.0,10,646,2,1,600,275,6.741573033707865,0.4583333333333333,0.0,0.012345679012345678,6.862333333333333,nan,nan
4344977,2.0,10,1187,5,5,384,102,12.06282722513089,0.265625,0.0,0.06896551724137931,8.566666666666666,nan,nan
4350946,2.0,10,690,5,5,394,64,17.007194244604317,0.16243654822335024,0.0,0.019230769230769232,9.219289340101524,nan,nan
4351935,2.0,10,775,6,5,369,94,12.3,0.25474254742547425,0.0,0.0784313725490196,10.879403794037941,nan,nan
4352377,2.0,10,716,5,4,428,91,15.195266272189349,0.21261682242990654,0.0,0.0851063829787234,7.186915887850467,nan,nan
4358853,2.0,10,666,4,3,528,95,18.857142857142858,0.17992424242424243,0.0,0.08695652173913043,6.026704545454545,nan,nan
4359232,2.0,10,681,3,2,590,198,9.076923076923077,0.33559322033898303,0.0,0.011494252873563218,9.313559322033898,nan,nan
4370045,2.0,10,720,4,3,467,125,13.093457943925234,0.2676659528907923,0.0,0.10714285714285714,10.783511777301927,nan,nan
4389353,2.0,10,650,5,4,462,126,12.052173913043479,0.2727272727272727,0.0,0.07246376811594203,10.51060606060606,nan,nan
4389414,2.0,10,645,5,5,422,99,14.386363636363637,0.23459715639810427,0.0,0.11904761904761904,14.089099526066352,nan,nan
4392729,2.0,10,652,4,3,478,109,14.058823529411764,0.2280334728033473,0.0,0.05970149253731343,10.160669456066946,nan,nan
4393045,2.0,10,936,4,3,438,88,16.024390243902438,0.2009132420091324,0.0,0.058823529411764705,9.436986301369862,nan,nan
4440451,2.0,10,657,3,2,546,162,12.948616600790514,0.2967032967032967,0.006535947712418301,0.10294117647058823,10.146520146520146,nan,nan
4443744,2.0,10,710,7,6,399,126,10.058823529411764,0.3157894736842105,0.0,0.04,14.958646616541353,nan,nan
4448887,2.0,10,666,6,6,333,49,19.02857142857143,0.14714714714714713,0.0,0.07692307692307693,17.27867867867868,nan,nan
4469551,2.0,10,670,4,3,512,120,15.515151515151516,0.234375,0.0,0.17073170731707318,9.842578125,nan,nan
4472905,2.0,10,816,4,3,463,104,15.606741573033707,0.22462203023758098,0.0,0.14285714285714285,8.358963282937365,nan,nan
4473229,2.0,10,673,4,4,446,103,13.182266009852217,0.23094170403587444,0.0,0.02564102564102564,10.197309417040358,nan,nan
4481970,2.0,10,642,3,2,494,81,20.87323943661972,0.16396761133603238,0.0,0.075,7.061943319838057,nan,nan
4482888,2.0,10,647,1,0,647,191,11.799392097264437,0.29520865533230295,0.0,0.05172413793103448,8.351004636785163,nan,nan
4487550,2.0,10,653,4,3,480,103,16.647398843930635,0.21458333333333332,0.0,0.16216216216216217,9.566458333333333,nan,nan
4487946,2.0,10,710,2,1,227,87,9.019867549668874,0.3832599118942731,0.0,0.09090909090909091,13.918061674008811,nan,nan
4504164,2.0,10,649,5,5,364,77,14.756756756756756,0.21153846153846154,0.0,0.07142857142857142,16.322252747252747,nan,nan
4527487,2.0,10,671,4,5,134,16,19.609756097560975,0.11940298507462686,0.0,0.14285714285714285,21.444776119402984,nan,nan
4544584,2.0,10,672,4,3,540,118,16.787564766839377,0.21851851851851853,0.0,0.1794871794871795,11.678333333333333,nan,nan
4547202,2.0,10,696,5,4,436,71,17.91780821917808,0.1628440366972477,0.0,0.04081632653061224,10.617660550458716,nan,nan
4559519,2.0,10,991,6,5,358,79,13.594936708860759,0.2206703910614525,0.0,0.06382978723404255,10.447765363128491,nan,nan
4575701,2.0,10,700,2,1,657,254,8.127835051546391,0.3866057838660578,0.0,0.018957345971563982,9.088127853881279,nan,nan
4579744,2.0,10,678,6,5,377,92,11.905263157894737,0.2440318302387268,0.0,0.028985507246376812,14.019893899204243,nan,nan
4605892,2.0,10,678,2,3,41,5,13.666666666666666,0.12195121951219512,0.0,0.0,17.79268292682927,nan,nan
4668185,2.0,10,641,7,6,372,99,11.872340425531915,0.2661290322580645,0.0,0.0784313725490196,13.16747311827957,nan,nan
4705097,2.0,10,659,4,4,451,109,14.393617021276595,0.24168514412416853,0.0,0.10204081632653061,8.283592017738359,nan,nan
4724133,2.0,10,650,4,4,454,90,13.89795918367347,0.19823788546255505,0.0,0.0,8.618722466960353,nan,nan
4749525,2.0,10,805,3,2,526,85,23.036496350364963,0.16159695817490494,0.013513513513513514,0.15151515151515152,9.428136882129277,nan,nan
4754626,2.0,10,1144,5,4,433,91,16.761290322580646,0.21016166281755197,0.01282051282051282,0.09302325581395349,8.700692840646651,nan,nan
4754956,2.0,10,647,5,4,419,113,11.585253456221198,0.26968973747016706,0.0,0.0547945205479452,11.068019093078759,nan,nan
4775763,2.0,10,718,6,5,449,98,14.253968253968255,0.2182628062360802,0.0,0.05084745762711865,11.675723830734967,nan,nan
4785421,2.0,10,773,4,4,460,74,19.574468085106382,0.1608695652173913,0.0,0.07142857142857142,9.414130434782608,nan,nan
4789937,2.0,10,678,4,4,524,100,17.274725274725274,0.19083969465648856,0.0,0.07272727272727272,9.707442748091603,nan,nan
4792515,2.0,10,705,7,6,236,35,14.448979591836734,0.1483050847457627,0.0,0.0,13.58093220338983,nan,nan
4811115,2.0,10,643,4,3,483,73,17.88888888888889,0.15113871635610765,0.0,0.0,7.7209109730848855,nan,nan
4824328,2.0,10,688,4,3,355,55,18.050847457627118,0.15492957746478872,0.0,0.022727272727272728,9.347887323943661,nan,nan
4861227,2.0,10,710,7,6,240,41,13.980582524271844,0.17083333333333334,0.0,0.03125,8.922500000000001,nan,nan
4861687,2.0,10,746,8,7,302,83,9.847826086956522,0.27483443708609273,0.0,0.03125,8.94205298013245,nan,nan
4862222,2.0,10,670,4,3,486,201,6.976076555023924,0.41358024691358025,0.0,0.0,9.934156378600823,nan,nan
4862380,2.0,10,660,3,2,522,107,15.979591836734693,0.2049808429118774,0.0,0.04411764705882353,9.240996168582376,nan,nan
4865550,2.0,10,642,5,5,382,116,10.324324324324325,0.3036649214659686,0.0,0.05263157894736842,10.657068062827225,nan,nan
4865558,2.0,10,649,5,4,503,177,9.58095238095238,0.3518886679920477,0.005988023952095809,0.05504587155963303,12.558648111332008,nan,nan
4912927,2.0,10,674,2,1,638,202,9.740458015267176,0.3166144200626959,0.0,0.011299435028248588,7.495611285266458,nan,nan
4915833,2.0,10,675,4,3,479,123,14.442211055276381,0.2567849686847599,0.0,0.175,9.213778705636743,nan,nan
4940890,2.0,10,683,3,2,530,119,15.665024630541872,0.22452830188679246,0.0,0.1111111111111111,8.981698113207548,nan,nan
5244934,2.0,10,656,6,6,274,38,17.869565217391305,0.1386861313868613,0.0,0.037037037037037035,18.496715328467154,nan,nan
5351422,2.0,10,654,4,3,487,116,13.980861244019138,0.23819301848049282,0.0,0.06153846153846154,12.727926078028748,nan,nan
5477477,2.0,10,678,2,2,586,148,11.878378378378379,0.2525597269624573,0.0,0.007246376811594203,8.001365187713311,nan,nan
5499001,2.0,10,670,2,1,632,202,11.218934911242604,0.31962025316455694,0.0,0.05405405405405406,9.112183544303797,nan,nan
5503058,2.0,10,916,6,5,414,88,15.622641509433961,0.21256038647342995,0.0,0.1111111111111111,13.429468599033816,nan,nan
5503168,2.0,10,695,6,5,336,50,17.23076923076923,0.1488095238095238,0.0,0.025,15.428571428571429,nan,nan
5503359,2.0,10,716,6,6,319,42,17.72222222222222,0.13166144200626959,0.0,0.0,19.736990595611285,nan,nan
5540718,2.0,10,663,6,6,333,56,16.512396694214875,0.16816816816816818,0.0,0.05714285714285714,8.292192192192193,nan,nan
5540722,2.0,10,691,5,5,426,47,22.42105263157895,0.11032863849765258,0.0,0.0,6.997887323943662,nan,nan
5540733,2.0,10,641,4,3,490,90,18.846153846153847,0.1836734693877551,0.0,0.0975609756097561,7.142448979591837,nan,nan
5540847,2.0,10,869,6,6,375,53,19.911504424778762,0.14133333333333334,0.0,0.06451612903225806,6.8984000000000005,nan,nan
5547018,2.0,10,649,6,5,388,79,14.024096385542169,0.2036082474226804,0.0,0.03508771929824561,6.5639175257731965,nan,nan
5565253,2.0,10,670,4,5,385,52,21.0,0.13506493506493505,0.0,0.02564102564102564,7.14987012987013,nan,nan
5615881,2.0,10,1051,6,6,357,92,10.298076923076923,0.25770308123249297,0.0,0.0,8.608963585434173,nan,nan
5615968,2.0,10,642,6,5,378,91,11.936842105263159,0.24074074074074073,0.0,0.02857142857142857,9.102910052910053,nan,nan
5615986,2.0,10,685,5,4,343,65,15.021897810218977,0.18950437317784258,0.0,0.02,11.578717201166182,nan,nan
5615988,2.0,10,671,6,5,356,64,15.705882352941176,0.1797752808988764,0.0,0.047619047619047616,9.414325842696629,nan,nan
5616015,2.0,10,657,2,1,624,148,13.714285714285714,0.23717948717948717,0.0,0.027777777777777776,7.3426282051282055,nan,nan
5633515,2.0,10,663,6,5,410,84,12.8125,0.2048780487804878,0.0,0.0,9.04048780487805,nan,nan
5692189,2.0,10,1527,6,5,401,79,13.827586206896552,0.1970074812967581,0.0,0.014705882352941176,10.983042394014962,nan,nan
5705278,2.0,10,643,8,7,323,85,9.594059405940595,0.2631578947368421,0.0,0.0,9.99752321981424,nan,nan
5705752,2.0,10,682,5,4,434,81,14.88,0.18663594470046083,0.0,0.014084507042253521,8.443548387096774,nan,nan
5706077,2.0,10,656,5,5,382,55,17.630769230769232,0.14397905759162305,0.0,0.0,7.472251308900524,nan,nan
5706137,2.0,10,737,7,7,173,23,14.027027027027026,0.1329479768786127,0.0,0.0,9.147398843930636,nan,nan
5715345,2.0,10,923,4,3,491,98,14.441176470588236,0.19959266802443992,0.0,0.011363636363636364,7.479022403258655,nan,nan
5771585,2.0,10,720,6,5,355,63,14.895104895104895,0.17746478873239438,0.0,0.018867924528301886,8.324788732394367,nan,nan
5771621,2.0,10,675,6,5,379,55,16.970149253731343,0.14511873350923482,0.0,0.0,7.825593667546174,nan,nan
5772092,2.0,10,729,8,7,335,52,14.779411764705882,0.15522388059701492,0.0,0.0,7.8191044776119405,nan,nan
5772102,2.0,10,725,5,4,359,56,16.318181818181817,0.15598885793871867,0.0,0.0,7.313370473537605,nan,nan
5772192,2.0,10,706,7,6,381,69,15.039473684210526,0.18110236220472442,0.0,0.04,6.075590551181103,nan,nan
5874746,2.0,10,729,6,6,364,58,15.6,0.15934065934065933,0.0,0.0,7.009615384615385,nan,nan
5874767,2.0,10,1278,8,7,245,37,13.867924528301886,0.1510204081632653,0.0,0.0,8.20938775510204,nan,nan
5874769,2.0,10,649,6,6,322,43,17.563636363636363,0.13354037267080746,0.0,0.0,6.638509316770186,nan,nan
5874787,2.0,10,1064,5,5,225,42,12.98076923076923,0.18666666666666668,0.0,0.0,7.159111111111111,nan,nan
5875173,2.0,10,712,4,4,95,10,15.833333333333334,0.10526315789473684,0.0,0.0,8.910526315789474,nan,nan
5882173,2.0,10,665,8,7,273,51,13.764705882352942,0.18681318681318682,0.0,0.0625,7.779120879120878,nan,nan
5969330,2.0,10,721,6,5,459,144,8.826923076923077,0.3137254901960784,0.0,0.0,8.267320261437908,nan,nan
5969331,2.0,10,706,6,5,359,65,16.195488721804512,0.181058495821727,0.0,0.05,9.315320334261838,nan,nan
5969362,2.0,10,672,5,5,449,74,16.732919254658384,0.16481069042316257,0.0,0.015384615384615385,7.527616926503341,nan,nan
6058407,2.0,10,696,7,7,329,116,7.592307692307692,0.3525835866261398,0.0,0.0,8.44984802431611,nan,nan
6062407,2.0,10,666,7,6,333,62,14.478260869565217,0.18618618618618618,0.0,0.046511627906976744,9.646246246246246,nan,nan
6109129,2.0,10,721,4,3,482,76,19.28,0.15767634854771784,0.0,0.03773584905660377,6.97863070539419,nan,nan
6148097,2.0,10,725,4,4,458,98,16.962962962962962,0.21397379912663755,0.0,0.1875,6.46943231441048,nan,nan
6148143,2.0,10,677,5,4,437,76,17.716216216216218,0.17391304347826086,0.0,0.06818181818181818,7.540274599542334,nan,nan
6148208,2.0,10,646,3,3,319,70,14.283582089552239,0.219435736677116,0.0,0.043478260869565216,7.2065830721003135,nan,nan
6190357,2.0,10,710,2,2,494,77,20.301369863013697,0.15587044534412955,0.0,0.03571428571428571,7.1882591093117405,nan,nan
6193396,2.0,10,658,6,5,370,37,22.653061224489797,0.1,0.0,0.0,10.178648648648648,nan,nan
6193436,2.0,10,666,5,6,94,14,11.75,0.14893617021276595,0.0,0.0,15.075531914893617,nan,nan
4216956,3.0,2,910,6,5,363,65,15.782608695652174,0.1790633608815427,0.04838709677419355,0.47619047619047616,5.633057851239669,nan,nan
4272243,3.0,2,646,2,1,600,228,8.126410835214447,0.38,0.0,0.09090909090909091,7.4431666666666665,nan,nan
4344977,3.0,2,1187,5,5,384,85,13.879518072289157,0.22135416666666666,0.011904761904761904,1.0,7.2054687500000005,nan,nan
4350946,3.0,2,690,5,5,394,43,25.978021978021978,0.10913705583756345,0.024390243902439025,1.0,8.176649746192894,nan,nan
4351935,3.0,2,775,6,5,369,64,18.147540983606557,0.17344173441734417,0.03278688524590164,0.9,9.75230352303523,nan,nan
4352377,3.0,2,716,5,4,428,70,19.603053435114504,0.16355140186915887,0.0,0.9166666666666666,9.45911214953271,nan,nan
4358853,3.0,2,666,4,3,528,57,32.326530612244895,0.10795454545454546,0.041666666666666664,0.8888888888888888,8.885795454545454,nan,nan
4359232,3.0,2,681,3,2,590,170,10.662650602409638,0.288135593220339,0.043478260869565216,0.9761904761904762,8.84728813559322,nan,nan
4370045,3.0,2,720,4,3,467,95,16.879518072289155,0.20342612419700215,0.0,1.0,11.246252676659529,nan,nan
4389353,3.0,2,650,5,4,462,93,17.217391304347824,0.2012987012987013,0.010869565217391304,1.0,15.109523809523811,nan,nan
4389414,3.0,2,645,5,5,422,75,18.61764705882353,0.17772511848341233,0.013888888888888888,0.9166666666666666,13.001421800947869,nan,nan
4392729,3.0,2,652,4,3,478,82,21.08823529411765,0.17154811715481172,0.0125,1.0,8.785355648535564,nan,nan
4393045,3.0,2,936,4,3,438,61,22.85217391304348,0.13926940639269406,0.12244897959183673,1.0,10.888356164383563,nan,nan
4440451,3.0,2,657,3,2,546,130,16.974093264248705,0.23809523809523808,0.0761904761904762,1.0,9.345787545787546,nan,nan
4443744,3.0,2,710,7,6,399,108,13.153846153846153,0.2706766917293233,0.0297029702970297,0.9285714285714286,16.643358395989974,nan,nan
4448887,3.0,2,666,6,6,333,35,22.2,0.10510510510510511,0.13793103448275862,0.8888888888888888,15.482882882882883,nan,nan
4469551,3.0,2,670,4,3,512,97,19.080745341614907,0.189453125,0.031914893617021274,1.0,11.806640625,nan,nan
4472905,3.0,2,816,4,3,463,72,23.34453781512605,0.15550755939524838,0.014705882352941176,1.0,10.438660907127431,nan,nan
4473229,3.0,2,673,4,4,446,76,18.455172413793104,0.17040358744394618,0.0273972602739726,0.8125,10.207847533632286,nan,nan
4481970,3.0,2,642,3,2,494,54,31.2,0.10931174089068826,0.0,1.0,8.496963562753036,nan,nan
4482888,3.0,2,647,1,0,647,151,16.449152542372882,0.23338485316846985,0.0,0.9090909090909091,7.290880989180835,nan,nan
4487550,3.0,2,653,4,3,480,83,20.425531914893618,0.17291666666666666,0.04054054054054054,0.9166666666666666,9.300208333333334,nan,nan
4487946,3.0,2,710,2,1,227,66,12.728971962616823,0.2907488986784141,0.15217391304347827,1.0,12.616740088105727,nan,nan
4504164,3.0,2,649,5,5,364,61,17.19685039370079,0.16758241758241757,0.034482758620689655,1.0,11.165109890109889,nan,nan
4527487,3.0,2,671,4,5,134,11,24.363636363636363,0.08208955223880597,0.0,0.25,11.787313432835822,nan,nan
4544584,3.0,2,672,4,3,540,73,24.17910447761194,0.13518518518518519,0.028169014084507043,1.0,12.872777777777777,nan,nan
4547202,3.0,2,696,5,4,436,48,25.153846153846153,0.11009174311926606,0.06818181818181818,0.7272727272727273,10.04564220183486,nan,nan
4559519,3.0,2,991,6,5,358,61,17.184,0.17039106145251395,0.1346153846153846,1.0,10.649162011173184,nan,nan
4575701,3.0,2,700,2,1,657,206,9.498795180722892,0.3135464231354642,0.055865921787709494,0.9074074074074074,7.423896499238965,nan,nan
4579744,3.0,2,678,6,5,377,61,17.952380952380953,0.16180371352785147,0.05357142857142857,1.0,10.257294429708223,nan,nan
4605892,3.0,2,678,2,3,41,2,20.5,0.04878048780487805,0.0,0.0,28.685365853658535,nan,nan
4668185,3.0,2,641,7,6,372,76,15.608391608391608,0.20430107526881722,0.03076923076923077,0.9230769230769231,11.297849462365592,nan,nan
4705097,3.0,2,659,4,4,451,78,20.345864661654137,0.1729490022172949,0.02702702702702703,1.0,9.959866962305986,nan,nan
4724133,3.0,2,650,4,4,454,74,17.025,0.16299559471365638,0.0136986301369863,0.9473684210526315,9.03920704845815,nan,nan
4749525,3.0,2,805,3,2,526,58,30.346153846153847,0.11026615969581749,0.037037037037037035,0.8888888888888888,8.673003802281368,nan,nan
4754626,3.0,2,1144,5,4,433,68,22.205128205128204,0.15704387990762125,0.03333333333333333,1.0,11.624018475750576,nan,nan
4754956,3.0,2,647,5,4,419,94,15.423312883435583,0.2243436754176611,0.0,0.8666666666666667,10.719331742243435,nan,nan
4775763,3.0,2,718,6,5,449,72,19.106382978723403,0.1603563474387528,0.09375,1.0,10.637861915367482,nan,nan
4785421,3.0,2,773,4,4,460,55,27.326732673267326,0.11956521739130435,0.09090909090909091,0.8888888888888888,12.009347826086957,nan,nan
4789937,3.0,2,678,4,4,524,71,26.42016806722689,0.13549618320610687,0.06349206349206349,0.8888888888888888,9.808396946564887,nan,nan
4792515,3.0,2,705,7,6,236,27,19.666666666666668,0.11440677966101695,0.045454545454545456,0.625,16.283050847457627,nan,nan
4811115,3.0,2,643,4,3,483,48,32.561797752808985,0.09937888198757763,0.0,1.0,11.422360248447205,nan,nan
4824328,3.0,2,688,4,3,355,38,27.662337662337663,0.10704225352112676,0.05555555555555555,0.8571428571428571,9.56112676056338,nan,nan
4861227,3.0,2,710,7,6,240,33,17.77777777777778,0.1375,0.07692307692307693,0.6666666666666666,14.374166666666667,nan,nan
4861687,3.0,2,746,8,7,302,66,12.942857142857143,0.2185430463576159,0.06557377049180328,1.0,13.41092715231788,nan,nan
4862222,3.0,2,670,4,3,486,144,11.805668016194332,0.2962962962962963,0.14666666666666667,1.0,8.806378600823045,nan,nan
4862380,3.0,2,660,3,2,522,75,25.056,0.14367816091954022,0.02857142857142857,0.9090909090909091,7.924137931034482,nan,nan
4865550,3.0,2,642,5,5,382,95,13.48235294117647,0.2486910994764398,0.0,1.0,10.86020942408377,nan,nan
4865558,3.0,2,649,5,4,503,135,13.008620689655173,0.268389662027833,0.09259259259259259,0.9090909090909091,9.800795228628232,nan,nan
4912927,3.0,2,674,2,1,638,185,15.560975609756097,0.28996865203761757,0.07042253521126761,0.9444444444444444,7.86128526645768,nan,nan
4915833,3.0,2,675,4,3,479,96,18.189873417721518,0.20041753653444677,0.02197802197802198,0.9230769230769231,8.593736951983297,nan,nan
4940890,3.0,2,683,3,2,530,89,23.043478260869566,0.16792452830188678,0.03571428571428571,0.9,10.092641509433962,nan,nan
5244934,3.0,2,656,6,6,274,27,24.90909090909091,0.09854014598540146,0.08,0.5,18.094160583941605,nan,nan
5351422,3.0,2,654,4,3,487,88,19.223684210526315,0.1806981519507187,0.0,1.0,17.343326488706367,nan,nan
5477477,3.0,2,678,2,2,586,134,14.65,0.22866894197952217,0.061946902654867256,0.8888888888888888,7.053242320819113,nan,nan
5499001,3.0,2,670,2,1,632,165,15.669421487603305,0.2610759493670886,0.0,1.0,11.501898734177216,nan,nan
5503058,3.0,2,916,6,5,414,65,20.7,0.1570048309178744,0.05172413793103448,1.0,13.985507246376812,nan,nan
5503168,3.0,2,695,6,5,336,39,22.651685393258425,0.11607142857142858,0.10344827586206896,0.8888888888888888,17.49345238095238,nan,nan
5503359,3.0,2,716,6,6,319,31,22.785714285714285,0.09717868338557993,0.12,0.8888888888888888,13.679310344827586,nan,nan
5540718,3.0,2,663,6,6,333,47,19.21153846153846,0.14114114114114115,0.0,0.9,10.162762762762762,nan,nan
5540722,3.0,2,691,5,5,426,35,34.08,0.08215962441314555,0.029411764705882353,1.0,7.581924882629108,nan,nan
5540733,3.0,2,641,4,3,490,56,29.10891089108911,0.11428571428571428,0.01818181818181818,1.0,8.141224489795919,nan,nan
5540847,3.0,2,869,6,6,375,39,25.862068965517242,0.104,0.09090909090909091,0.875,8.7656,nan,nan
5547018,3.0,2,649,6,5,388,68,18.046511627906977,0.17525773195876287,0.030303030303030304,0.9,10.241494845360824,nan,nan
5565253,3.0,2,670,4,5,385,39,28.170731707317074,0.1012987012987013,0.28,1.0,10.142597402597403,nan,nan
5615881,3.0,2,1051,6,6,357,58,17.557377049180328,0.16246498599439776,0.017543859649122806,1.0,12.303921568627452,nan,nan
5615968,3.0,2,642,6,5,378,70,17.05263157894737,0.18518518518518517,0.0,0.9166666666666666,10.85873015873016,nan,nan
5615986,3.0,2,685,5,4,343,49,22.615384615384617,0.14285714285714285,0.4090909090909091,0.875,10.968804664723033,nan,nan
5615988,3.0,2,671,6,5,356,53,20.150943396226417,0.14887640449438203,0.04,1.0,10.442134831460674,nan,nan
5616015,3.0,2,657,2,1,624,131,18.26341463414634,0.20993589743589744,0.07339449541284404,0.8888888888888888,5.949839743589743,nan,nan
5633515,3.0,2,663,6,5,410,67,16.29139072847682,0.16341463414634147,0.12727272727272726,1.0,10.71609756097561,nan,nan
5692189,3.0,2,1527,6,5,401,57,19.5609756097561,0.14214463840399003,0.1,1.0,10.084788029925187,nan,nan
5705278,3.0,2,643,8,7,323,56,16.016528925619834,0.17337461300309598,0.01818181818181818,1.0,13.43405572755418,nan,nan
5705752,3.0,2,682,5,4,434,64,21.7,0.14746543778801843,0.016129032258064516,0.9090909090909091,9.260138248847927,nan,nan
5706077,3.0,2,656,5,5,382,43,25.752808988764045,0.112565445026178,0.04878048780487805,1.0,10.018848167539266,nan,nan
5706137,3.0,2,737,7,7,173,16,15.264705882352942,0.09248554913294797,0.45454545454545453,0.8571428571428571,16.30115606936416,nan,nan
5715345,3.0,2,923,4,3,491,71,22.318181818181817,0.1446028513238289,0.029411764705882353,0.9230769230769231,8.927087576374745,nan,nan
5771585,3.0,2,720,6,5,355,34,26.962025316455698,0.09577464788732394,0.06666666666666667,1.0,8.774647887323944,nan,nan
5771621,3.0,2,675,6,5,379,37,26.137931034482758,0.09762532981530343,0.0,0.875,8.634564643799472,nan,nan
5772092,3.0,2,729,8,7,335,39,19.142857142857142,0.11641791044776119,0.05555555555555555,0.8181818181818182,11.705373134328358,nan,nan
5772102,3.0,2,725,5,4,359,39,25.642857142857142,0.10863509749303621,0.0,0.875,8.50807799442897,nan,nan
5772192,3.0,2,706,7,6,381,42,21.98076923076923,0.11023622047244094,0.05128205128205128,0.8181818181818182,9.985301837270342,nan,nan
5874746,3.0,2,729,6,6,364,48,21.84,0.13186813186813187,0.02127659574468085,1.0,10.241208791208791,nan,nan
5874767,3.0,2,1278,8,7,245,25,17.926829268292682,0.10204081632653061,0.13636363636363635,0.6666666666666666,12.67265306122449,nan,nan
5874769,3.0,2,649,6,6,322,36,21.466666666666665,0.11180124223602485,0.0967741935483871,1.0,11.013043478260869,nan,nan
5874787,3.0,2,1064,5,5,225,24,21.774193548387096,0.10666666666666667,0.0,0.7142857142857143,11.55688888888889,nan,nan
5875173,3.0,2,712,4,4,95,6,20.357142857142858,0.06315789473684211,0.0,0.25,12.981052631578947,nan,nan
5882173,3.0,2,665,8,7,273,37,16.88659793814433,0.13553113553113552,0.05714285714285714,0.8888888888888888,14.406959706959707,nan,nan
5969330,3.0,2,721,6,5,459,126,12.026200873362445,0.27450980392156865,0.04424778761061947,0.9090909090909091,10.772331154684096,nan,nan
5969331,3.0,2,706,6,5,359,50,21.54,0.1392757660167131,0.0,0.7777777777777778,10.85933147632312,nan,nan
5969362,3.0,2,672,5,5,449,53,25.65714285714286,0.11804008908685969,0.06521739130434782,1.0,9.181069042316258,nan,nan
6058407,3.0,2,696,7,7,329,82,11.215909090909092,0.24924012158054712,0.05333333333333334,0.9444444444444444,11.760486322188449,nan,nan
6062407,3.0,2,666,7,6,333,45,19.782178217821784,0.13513513513513514,0.0,0.8888888888888888,12.17117117117117,nan,nan
6109129,3.0,2,721,4,3,482,54,27.807692307692307,0.11203319502074689,0.038461538461538464,1.0,8.559128630705395,nan,nan
6148097,3.0,2,725,4,4,458,74,21.984,0.1615720524017467,0.0136986301369863,0.9,9.416375545851528,nan,nan
6148143,3.0,2,677,5,4,437,50,24.50467289719626,0.11441647597254005,0.043478260869565216,1.0,8.378032036613272,nan,nan
6148208,3.0,2,646,3,3,319,59,18.95049504950495,0.18495297805642633,0.1111111111111111,1.0,8.46332288401254,nan,nan
6190357,3.0,2,710,2,2,494,58,30.244897959183675,0.11740890688259109,0.017543859649122806,1.0,7.790890688259109,nan,nan
6193396,3.0,2,658,6,5,370,23,33.134328358208954,0.062162162162162166,0.0,0.625,11.436486486486487,nan,nan
6193436,3.0,2,666,5,6,94,12,14.461538461538462,0.1276595744680851,0.0,0.2,17.657446808510638,nan,nan
4216956,3.0,3,910,6,5,363,65,16.133333333333333,0.1790633608815427,0.0,0.375,6.327548209366391,nan,nan
4272243,3.0,3,646,2,1,600,228,8.181818181818182,0.38,0.0,0.07100591715976332,6.042,nan,nan
4344977,3.0,3,1187,5,5,384,85,13.963636363636363,0.22135416666666666,0.0,1.0,8.084114583333333,nan,nan
4350946,3.0,3,690,5,5,394,43,26.56179775280899,0.10913705583756345,0.0,0.7777777777777778,6.657868020304568,nan,nan
4351935,3.0,3,775,6,5,369,64,18.76271186440678,0.17344173441734417,0.0,0.5833333333333334,9.0449864498645,nan,nan
4352377,3.0,3,716,5,4,428,70,19.906976744186046,0.16355140186915887,0.0,0.6428571428571429,8.970560747663551,nan,nan
4358853,3.0,3,666,4,3,528,57,32.326530612244895,0.10795454545454546,0.041666666666666664,0.8888888888888888,8.006818181818183,nan,nan
4359232,3.0,3,681,3,2,590,170,11.839464882943144,0.288135593220339,0.03597122302158273,0.15217391304347827,10.249661016949153,nan,nan
4370045,3.0,3,720,4,3,467,95,16.98181818181818,0.20342612419700215,0.0,0.7647058823529411,10.721413276231262,nan,nan
4389353,3.0,3,650,5,4,462,93,17.656050955414013,0.2012987012987013,0.0,0.625,13.845887445887445,nan,nan
4389414,3.0,3,645,5,5,422,75,18.61764705882353,0.17772511848341233,0.0,0.9166666666666666,13.194075829383886,nan,nan
4392729,3.0,3,652,4,3,478,82,21.244444444444444,0.17154811715481172,0.0,1.0,9.353347280334727,nan,nan
4393045,3.0,3,936,4,3,438,61,24.333333333333332,0.13926940639269406,0.03773584905660377,0.5384615384615384,9.512785388127854,nan,nan
4440451,3.0,3,657,3,2,546,130,17.151832460732983,0.23809523809523808,0.045454545454545456,1.0,9.55952380952381,nan,nan
4443744,3.0,3,710,7,6,399,108,13.374301675977653,0.2706766917293233,0.0196078431372549,0.6470588235294118,15.446365914786968,nan,nan
4448887,3.0,3,666,6,6,333,35,23.50588235294118,0.10510510510510511,0.06451612903225806,0.4166666666666667,13.051951951951953,nan,nan
4469551,3.0,3,670,4,3,512,97,19.56687898089172,0.189453125,0.0,0.8461538461538461,11.1353515625,nan,nan
4472905,3.0,3,816,4,3,463,72,23.54237288135593,0.15550755939524838,0.014705882352941176,0.8,11.29611231101512,nan,nan
4473229,3.0,3,673,4,4,446,76,19.25179856115108,0.17040358744394618,0.0,0.75,11.947533632286996,nan,nan
4481970,3.0,3,642,3,2,494,54,31.2,0.10931174089068826,0.0,1.0,7.646963562753037,nan,nan
4482888,3.0,3,647,1,0,647,151,16.51914893617021,0.23338485316846985,0.0,0.7916666666666666,6.466151468315302,nan,nan
4487550,3.0,3,653,4,3,480,83,20.13986013986014,0.17291666666666666,0.02631578947368421,0.7857142857142857,9.708958333333333,nan,nan
4487946,3.0,3,710,2,1,227,66,13.352941176470589,0.2907488986784141,0.08,1.0,12.311453744493392,nan,nan
4504164,3.0,3,649,5,5,364,61,17.0625,0.16758241758241757,0.0,0.8,10.279120879120878,nan,nan
4527487,3.0,3,671,4,5,134,11,24.363636363636363,0.08208955223880597,0.0,0.25,11.714925373134328,nan,nan
4544584,3.0,3,672,4,3,540,73,25.11627906976744,0.13518518518518519,0.0,0.7142857142857143,15.301851851851852,nan,nan
4547202,3.0,3,696,5,4,436,48,27.829787234042552,0.11009174311926606,0.0,0.5454545454545454,9.064449541284404,nan,nan
4559519,3.0,3,991,6,5,358,61,18.517241379310345,0.17039106145251395,0.017543859649122806,0.8181818181818182,11.180167597765363,nan,nan
4575701,3.0,3,700,2,1,657,206,11.459302325581396,0.3135464231354642,0.03888888888888889,0.868421052631579,6.7835616438356166,nan,nan
4579744,3.0,3,678,6,5,377,61,19.008403361344538,0.16180371352785147,0.01694915254237288,0.6923076923076923,12.553580901856764,nan,nan
4605892,3.0,3,678,2,3,41,2,20.5,0.04878048780487805,0.0,0.0,25.297560975609755,nan,nan
4668185,3.0,3,641,7,6,372,76,15.829787234042554,0.20430107526881722,0.03076923076923077,1.0,12.610752688172042,nan,nan
4705097,3.0,3,659,4,4,451,78,20.345864661654137,0.1729490022172949,0.0,1.0,11.118847006651885,nan,nan
4724133,3.0,3,650,4,4,454,74,18.65753424657534,0.16299559471365638,0.0,0.28125,10.64977973568282,nan,nan
4749525,3.0,3,805,3,2,526,58,31.247524752475247,0.11026615969581749,0.0,0.7,7.5353612167300374,nan,nan
4754626,3.0,3,1144,5,4,433,68,22.591304347826085,0.15704387990762125,0.016129032258064516,0.8,9.983833718244803,nan,nan
4754956,3.0,3,647,5,4,419,94,15.518518518518519,0.2243436754176611,0.0,0.8666666666666667,8.918138424821002,nan,nan
4775763,3.0,3,718,6,5,449,72,20.104477611940297,0.1603563474387528,0.0,0.8333333333333334,10.253229398663697,nan,nan
4785421,3.0,3,773,4,4,460,55,27.87878787878788,0.11956521739130435,0.041666666666666664,0.8888888888888888,10.101304347826087,nan,nan
4789937,3.0,3,678,4,4,524,71,26.871794871794872,0.13549618320610687,0.030303030303030304,0.8888888888888888,9.170801526717558,nan,nan
4792515,3.0,3,705,7,6,236,27,19.666666666666668,0.11440677966101695,0.045454545454545456,0.625,16.14364406779661,nan,nan
4811115,3.0,3,643,4,3,483,48,32.561797752808985,0.09937888198757763,0.0,0.875,11.607867494824017,nan,nan
4824328,3.0,3,688,4,3,355,38,28.4,0.10704225352112676,0.0,0.8571428571428571,9.754084507042252,nan,nan
4861227,3.0,3,710,7,6,240,33,18.0,0.1375,0.07692307692307693,0.75,15.329583333333334,nan,nan
4861687,3.0,3,746,8,7,302,66,13.522388059701493,0.2185430463576159,0.0,0.8333333333333334,12.48112582781457,nan,nan
4862222,3.0,3,670,4,3,486,144,12.678260869565218,0.2962962962962963,0.11538461538461539,0.46808510638297873,9.473251028806585,nan,nan
4862380,3.0,3,660,3,2,522,75,25.884297520661157,0.14367816091954022,0.029850746268656716,0.6153846153846154,8.351340996168581,nan,nan
4865550,3.0,3,642,5,5,382,95,13.562130177514794,0.2486910994764398,0.0,0.875,11.141361256544503,nan,nan
4865558,3.0,3,649,5,4,503,135,13.413333333333334,0.268389662027833,0.03361344537815126,0.8260869565217391,10.020079522862824,nan,nan
4912927,3.0,3,674,2,1,638,185,15.818181818181818,0.28996865203761757,0.05555555555555555,0.9444444444444444,7.745141065830721,nan,nan
4915833,3.0,3,675,4,3,479,96,18.305732484076433,0.20041753653444677,0.010869565217391304,0.9230769230769231,10.251356993736952,nan,nan
4940890,3.0,3,683,3,2,530,89,23.38235294117647,0.16792452830188678,0.011627906976744186,0.9,11.023207547169811,nan,nan
5244934,3.0,3,656,6,6,274,27,26.095238095238095,0.09854014598540146,0.0,0.2857142857142857,15.750364963503651,nan,nan
5351422,3.0,3,654,4,3,487,88,20.013698630136986,0.1806981519507187,0.0,0.8461538461538461,15.42422997946612,nan,nan
5477477,3.0,3,678,2,2,586,134,18.603174603174605,0.22866894197952217,0.07920792079207921,0.9333333333333333,9.085324232081911,nan,nan
5499001,3.0,3,670,2,1,632,165,16.136170212765958,0.2610759493670886,0.0,0.9411764705882353,10.530854430379748,nan,nan
5503058,3.0,3,916,6,5,414,65,20.52892561983471,0.1570048309178744,0.03389830508474576,0.6666666666666666,11.202415458937198,nan,nan
5503168,3.0,3,695,6,5,336,39,22.90909090909091,0.11607142857142858,0.06451612903225806,0.8888888888888888,18.85595238095238,nan,nan
5503359,3.0,3,716,6,6,319,31,24.53846153846154,0.09717868338557993,0.037037037037037035,0.45454545454545453,15.510971786833856,nan,nan
5540718,3.0,3,663,6,6,333,47,19.21153846153846,0.14114114114114115,0.0,0.6666666666666666,9.87987987987988,nan,nan
5540722,3.0,3,691,5,5,426,35,34.54054054054054,0.08215962441314555,0.0,1.0,6.382159624413146,nan,nan
5540733,3.0,3,641,4,3,490,56,28.823529411764707,0.11428571428571428,0.0,0.8888888888888888,7.77734693877551,nan,nan
5540847,3.0,3,869,6,6,375,39,25.862068965517242,0.104,0.02857142857142857,0.5454545454545454,9.724,nan,nan
5547018,3.0,3,649,6,5,388,68,18.046511627906977,0.17525773195876287,0.0,0.9090909090909091,12.100515463917526,nan,nan
5565253,3.0,3,670,4,5,385,39,28.51851851851852,0.1012987012987013,0.0,0.6,7.561038961038961,nan,nan
5615881,3.0,3,1051,6,6,357,58,17.414634146341463,0.16246498599439776,0.0,0.6666666666666666,11.905602240896359,nan,nan
5615968,3.0,3,642,6,5,378,70,16.8,0.18518518518518517,0.0,0.8461538461538461,11.27989417989418,nan,nan
5615986,3.0,3,685,5,4,343,49,21.216494845360824,0.14285714285714285,0.0,0.6363636363636364,10.574052478134112,nan,nan
5615988,3.0,3,671,6,5,356,53,19.77777777777778,0.14887640449438203,0.0,0.7272727272727273,13.022191011235954,nan,nan
5616015,3.0,3,657,2,1,624,131,18.44334975369458,0.20993589743589744,0.043859649122807015,0.8,8.204647435897435,nan,nan
5633515,3.0,3,663,6,5,410,67,17.083333333333332,0.16341463414634147,0.05084745762711865,0.6842105263157895,9.199512195121951,nan,nan
5692189,3.0,3,1527,6,5,401,57,20.389830508474578,0.14214463840399003,0.018518518518518517,0.8333333333333334,10.893266832917705,nan,nan
5705278,3.0,3,643,8,7,323,56,15.380952380952381,0.17337461300309598,0.0,0.7692307692307693,15.26532507739938,nan,nan
5705752,3.0,3,682,5,4,434,64,21.0,0.14746543778801843,0.016129032258064516,0.7142857142857143,10.094009216589862,nan,nan
5706077,3.0,3,656,5,5,382,43,26.344827586206897,0.112565445026178,0.0,1.0,9.639267015706805,nan,nan
5706137,3.0,3,737,7,7,173,16,17.896551724137932,0.09248554913294797,0.0,0.08333333333333333,12.191907514450866,nan,nan
5715345,3.0,3,923,4,3,491,71,21.194244604316548,0.1446028513238289,0.014492753623188406,0.8125,9.668228105906314,nan,nan
5771585,3.0,3,720,6,5,355,34,26.296296296296298,0.09577464788732394,0.03225806451612903,0.6,10.017183098591548,nan,nan
5771621,3.0,3,675,6,5,379,37,25.266666666666666,0.09762532981530343,0.0,0.6363636363636364,8.279419525065963,nan,nan
5772092,3.0,3,729,8,7,335,39,19.705882352941178,0.11641791044776119,0.0,0.6666666666666666,11.52179104477612,nan,nan
5772102,3.0,3,725,5,4,359,39,24.75862068965517,0.10863509749303621,0.0,0.7777777777777778,9.14874651810585,nan,nan
5772192,3.0,3,706,7,6,381,42,22.633663366336634,0.11023622047244094,0.0,0.6666666666666666,9.563517060367454,nan,nan
5874746,3.0,3,729,6,6,364,48,21.623762376237625,0.13186813186813187,0.0,0.6363636363636364,10.722527472527473,nan,nan
5874767,3.0,3,1278,8,7,245,25,19.09090909090909,0.10204081632653061,0.0,0.36363636363636365,12.640816326530611,nan,nan
5874769,3.0,3,649,6,6,322,36,22.20689655172414,0.11180124223602485,0.0,0.7777777777777778,12.263664596273292,nan,nan
5874787,3.0,3,1064,5,5,225,24,21.09375,0.10666666666666667,0.0,0.5555555555555556,13.021777777777778,nan,nan
5875173,3.0,3,712,4,4,95,6,20.357142857142858,0.06315789473684211,0.0,0.25,10.923157894736843,nan,nan
5882173,3.0,3,665,8,7,273,37,17.804347826086957,0.13553113553113552,0.0,0.4166666666666667,11.065567765567765,nan,nan
5969330,3.0,3,721,6,5,459,126,10.511450381679388,0.27450980392156865,0.0,0.11494252873563218,9.51764705882353,nan,nan
5969331,3.0,3,706,6,5,359,50,21.54,0.1392757660167131,0.0,0.5454545454545454,10.365181058495821,nan,nan
5969362,3.0,3,672,5,5,449,53,25.903846153846153,0.11804008908685969,0.02,0.5,7.593541202672606,nan,nan
6058407,3.0,3,696,7,7,329,82,11.28,0.24924012158054712,0.012658227848101266,0.6,9.338905775075988,nan,nan
6062407,3.0,3,666,7,6,333,45,20.181818181818183,0.13513513513513514,0.0,1.0,7.350750750750751,nan,nan
6109129,3.0,3,721,4,3,482,54,28.633663366336634,0.11203319502074689,0.0,0.8,5.075518672199171,nan,nan
6148097,3.0,3,725,4,4,458,74,21.984,0.1615720524017467,0.0,0.75,6.617467248908297,nan,nan
6148143,3.0,3,677,5,4,437,50,25.96039603960396,0.11441647597254005,0.020833333333333332,0.5384615384615384,6.160183066361556,nan,nan
6148208,3.0,3,646,3,3,319,59,18.403846153846153,0.18495297805642633,0.0,0.6666666666666666,5.401567398119122,nan,nan
6190357,3.0,3,710,2,2,494,58,29.939393939393938,0.11740890688259109,0.0,0.8,5.4016194331983804,nan,nan
6193396,3.0,3,658,6,5,370,23,34.6875,0.062162162162162166,0.0,0.18181818181818182,6.555405405405406,nan,nan
6193436,3.0,3,666,5,6,94,12,14.461538461538462,0.1276595744680851,0.0,0.2,16.982978723404255,nan,nan
4216956,3.0,4,910,6,5,363,65,16.133333333333333,0.1790633608815427,0.0,0.25,6.090358126721764,nan,nan
4272243,3.0,4,646,2,1,600,228,8.237986270022883,0.38,0.0,0.05813953488372093,7.7316666666666665,nan,nan
4344977,3.0,4,1187,5,5,384,85,14.222222222222221,0.22135416666666666,0.0,0.2727272727272727,8.329427083333334,nan,nan
4350946,3.0,4,690,5,5,394,43,26.56179775280899,0.10913705583756345,0.0,0.5454545454545454,8.521573604060913,nan,nan
4351935,3.0,4,775,6,5,369,64,18.76271186440678,0.17344173441734417,0.0,0.5833333333333334,9.480758807588076,nan,nan
4352377,3.0,4,716,5,4,428,70,19.906976744186046,0.16355140186915887,0.0,0.3888888888888889,8.259345794392523,nan,nan
4358853,3.0,4,666,4,3,528,57,32.65979381443299,0.10795454545454546,0.041666666666666664,0.7,8.168181818181818,nan,nan
4359232,3.0,4,681,3,2,590,170,11.839464882943144,0.288135593220339,0.013513513513513514,0.08490566037735849,8.442372881355933,nan,nan
4370045,3.0,4,720,4,3,467,95,17.190184049079754,0.20342612419700215,0.0,0.6,10.663169164882227,nan,nan
4389353,3.0,4,650,5,4,462,93,17.656050955414013,0.2012987012987013,0.0,0.625,15.46883116883117,nan,nan
4389414,3.0,4,645,5,5,422,75,19.181818181818183,0.17772511848341233,0.0,0.6428571428571429,13.446682464454977,nan,nan
4392729,3.0,4,652,4,3,478,82,21.56390977443609,0.17154811715481172,0.0,0.9,7.969246861924686,nan,nan
4393045,3.0,4,936,4,3,438,61,24.333333333333332,0.13926940639269406,0.03773584905660377,0.5384615384615384,9.788356164383561,nan,nan
4440451,3.0,4,657,3,2,546,130,17.708108108108107,0.23809523809523808,0.03636363636363636,0.9375,10.592673992673994,nan,nan
4443744,3.0,4,710,7,6,399,108,13.226519337016574,0.2706766917293233,0.009615384615384616,0.5789473684210527,17.659147869674186,nan,nan
4448887,3.0,4,666,6,6,333,35,23.50588235294118,0.10510510510510511,0.0,0.4166666666666667,14.481981981981981,nan,nan
4469551,3.0,4,670,4,3,512,97,19.56687898089172,0.189453125,0.0,0.8461538461538461,9.533984375,nan,nan
4472905,3.0,4,816,4,3,463,72,23.54237288135593,0.15550755939524838,0.014705882352941176,0.8,9.555723542116631,nan,nan
4473229,3.0,4,673,4,4,446,76,19.676470588235293,0.17040358744394618,0.0,0.5555555555555556,10.17914798206278,nan,nan
4481970,3.0,4,642,3,2,494,54,31.2,0.10931174089068826,0.0,0.7,7.878744939271255,nan,nan
4482888,3.0,4,647,1,0,647,151,16.58974358974359,0.23338485316846985,0.0,0.6923076923076923,7.92982998454405,nan,nan
4487550,3.0,4,653,4,3,480,83,20.571428571428573,0.17291666666666666,0.012658227848101266,0.5625,8.97125,nan,nan
4487946,3.0,4,710,2,1,227,66,13.352941176470589,0.2907488986784141,0.03636363636363636,1.0,13.312775330396477,nan,nan
4504164,3.0,4,649,5,5,364,61,17.472,0.16758241758241757,0.0,0.2916666666666667,11.864010989010989,nan,nan
4527487,3.0,4,671,4,5,134,11,24.363636363636363,0.08208955223880597,0.0,0.25,11.969402985074627,nan,nan
4544584,3.0,4,672,4,3,540,73,25.3125,0.13518518518518519,0.0,0.7142857142857143,13.096851851851852,nan,nan
4547202,3.0,4,696,5,4,436,48,27.25,0.11009174311926606,0.0,0.5,9.451376146788991,nan,nan
4559519,3.0,4,991,6,5,358,61,18.517241379310345,0.17039106145251395,0.017543859649122806,0.6153846153846154,13.154189944134078,nan,nan
4575701,3.0,4,700,2,1,657,206,11.628318584070797,0.3135464231354642,0.026881720430107527,0.6744186046511628,8.417047184170471,nan,nan
4579744,3.0,4,678,6,5,377,61,19.008403361344538,0.16180371352785147,0.0,0.6923076923076923,13.925994694960213,nan,nan
4605892,3.0,4,678,2,3,41,2,20.5,0.04878048780487805,0.0,0.0,29.107317073170734,nan,nan
4668185,3.0,4,641,7,6,372,76,15.829787234042554,0.20430107526881722,0.03076923076923077,0.5,14.10241935483871,nan,nan
4705097,3.0,4,659,4,4,451,78,20.345864661654137,0.1729490022172949,0.0,0.6,10.743458980044347,nan,nan
4724133,3.0,4,650,4,4,454,74,18.65753424657534,0.16299559471365638,0.0,0.15,9.675330396475772,nan,nan
4749525,3.0,4,805,3,2,526,58,31.247524752475247,0.11026615969581749,0.0,0.46153846153846156,8.616539923954374,nan,nan
4754626,3.0,4,1144,5,4,433,68,22.591304347826085,0.15704387990762125,0.016129032258064516,0.5833333333333334,10.217321016166283,nan,nan
4754956,3.0,4,647,5,4,419,94,15.81132075471698,0.2243436754176611,0.0,0.6470588235294118,9.178997613365155,nan,nan
4775763,3.0,4,718,6,5,449,72,20.104477611940297,0.1603563474387528,0.0,0.8333333333333334,9.975946547884186,nan,nan
4785421,3.0,4,773,4,4,460,55,27.87878787878788,0.11956521739130435,0.02,0.46153846153846156,10.494782608695653,nan,nan
4789937,3.0,4,678,4,4,524,71,27.339130434782607,0.13549618320610687,0.015151515151515152,0.8888888888888888,9.002290076335877,nan,nan
4792515,3.0,4,705,7,6,236,27,19.666666666666668,0.11440677966101695,0.045454545454545456,0.4,15.03728813559322,nan,nan
4811115,3.0,4,643,4,3,483,48,32.93181818181818,0.09937888198757763,0.0,0.5,10.968944099378882,nan,nan
4824328,3.0,4,688,4,3,355,38,26.962025316455698,0.10704225352112676,0.0,0.4166666666666667,11.13887323943662,nan,nan
4861227,3.0,4,710,7,6,240,33,17.349397590361445,0.1375,0.0,0.5,14.864166666666668,nan,nan
4861687,3.0,4,746,8,7,302,66,13.62406015037594,0.2185430463576159,0.0,0.8333333333333334,14.925827814569537,nan,nan
4862222,3.0,4,670,4,3,486,144,12.902654867256636,0.2962962962962963,0.1,0.23076923076923078,10.360288065843623,nan,nan
4862380,3.0,4,660,3,2,522,75,25.056,0.14367816091954022,0.014084507042253521,0.7692307692307693,8.432758620689654,nan,nan
4865550,3.0,4,642,5,5,382,95,13.562130177514794,0.2486910994764398,0.0,0.6842105263157895,11.154450261780104,nan,nan
4865558,3.0,4,649,5,4,503,135,13.594594594594595,0.268389662027833,0.016,0.8571428571428571,10.193439363817097,nan,nan
4912927,3.0,4,674,2,1,638,185,15.883817427385893,0.28996865203761757,0.040268456375838924,0.7619047619047619,7.9228840125391855,nan,nan
4915833,3.0,4,675,4,3,479,96,18.305732484076433,0.20041753653444677,0.010869565217391304,0.7333333333333333,8.777244258872651,nan,nan
4940890,3.0,4,683,3,2,530,89,23.909774436090224,0.16792452830188678,0.02531645569620253,1.0,7.753396226415095,nan,nan
5244934,3.0,4,656,6,6,274,27,24.53731343283582,0.09854014598540146,0.0,0.375,15.170072992700732,nan,nan
5351422,3.0,4,654,4,3,487,88,20.291666666666668,0.1806981519507187,0.0,0.7692307692307693,18.16488706365503,nan,nan
5477477,3.0,4,678,2,2,586,134,19.005405405405405,0.22866894197952217,0.046296296296296294,0.8125,9.413651877133105,nan,nan
5499001,3.0,4,670,2,1,632,165,16.205128205128204,0.2610759493670886,0.0,0.7894736842105263,10.055221518987342,nan,nan
5503058,3.0,4,916,6,5,414,65,20.7,0.1570048309178744,0.0,0.6666666666666666,12.891062801932366,nan,nan
5503168,3.0,4,695,6,5,336,39,22.90909090909091,0.11607142857142858,0.06451612903225806,0.46153846153846156,16.55297619047619,nan,nan
5503359,3.0,4,716,6,6,319,31,23.925,0.09717868338557993,0.037037037037037035,0.17647058823529413,16.76896551724138,nan,nan
5540718,3.0,4,663,6,6,333,47,19.58823529411765,0.14114114114114115,0.0,0.375,12.356756756756758,nan,nan
5540722,3.0,4,691,5,5,426,35,34.54054054054054,0.08215962441314555,0.0,0.625,8.671361502347418,nan,nan
5540733,3.0,4,641,4,3,490,56,28.823529411764707,0.11428571428571428,0.0,0.6363636363636364,7.475510204081632,nan,nan
5540847,3.0,4,869,6,6,375,39,26.162790697674417,0.104,0.02857142857142857,0.5454545454545454,10.4128,nan,nan
5547018,3.0,4,649,6,5,388,68,18.1875,0.17525773195876287,0.0,0.9090909090909091,12.215979381443299,nan,nan
5565253,3.0,4,670,4,5,385,39,28.51851851851852,0.1012987012987013,0.0,0.4166666666666667,6.546233766233767,nan,nan
5615881,3.0,4,1051,6,6,357,58,17.85,0.16246498599439776,0.0,0.4444444444444444,12.062745098039215,nan,nan
5615968,3.0,4,642,6,5,378,70,17.181818181818183,0.18518518518518517,0.0,0.4444444444444444,10.57037037037037,nan,nan
5615986,3.0,4,685,5,4,343,49,21.216494845360824,0.14285714285714285,0.0,0.46153846153846156,11.47667638483965,nan,nan
5615988,3.0,4,671,6,5,356,53,20.150943396226417,0.14887640449438203,0.0,0.5833333333333334,13.190730337078652,nan,nan
5616015,3.0,4,657,2,1,624,131,19.2,0.20993589743589744,0.025423728813559324,0.7,8.404807692307694,nan,nan
5633515,3.0,4,663,6,5,410,67,17.202797202797203,0.16341463414634147,0.0,0.25806451612903225,9.247317073170732,nan,nan
5692189,3.0,4,1527,6,5,401,57,20.389830508474578,0.14214463840399003,0.0,0.6428571428571429,11.020199501246884,nan,nan
5705278,3.0,4,643,8,7,323,56,15.380952380952381,0.17337461300309598,0.0,0.47058823529411764,14.7984520123839,nan,nan
5705752,3.0,4,682,5,4,434,64,20.832,0.14746543778801843,0.0,0.3333333333333333,7.029493087557604,nan,nan
5706077,3.0,4,656,5,5,382,43,26.344827586206897,0.112565445026178,0.0,1.0,10.4282722513089,nan,nan
5706137,3.0,4,737,7,7,173,16,17.896551724137932,0.09248554913294797,0.0,0.08333333333333333,16.64971098265896,nan,nan
5715345,3.0,4,923,4,3,491,71,21.347826086956523,0.1446028513238289,0.0,0.55,8.826069246435846,nan,nan
5771585,3.0,4,720,6,5,355,34,26.296296296296298,0.09577464788732394,0.0,0.2857142857142857,9.284788732394366,nan,nan
5771621,3.0,4,675,6,5,379,37,25.266666666666666,0.09762532981530343,0.0,0.3333333333333333,8.540633245382587,nan,nan
5772092,3.0,4,729,8,7,335,39,19.900990099009903,0.11641791044776119,0.0,0.4666666666666667,9.877014925373135,nan,nan
5772102,3.0,4,725,5,4,359,39,24.75862068965517,0.10863509749303621,0.0,0.5,7.273537604456824,nan,nan
5772192,3.0,4,706,7,6,381,42,22.86,0.11023622047244094,0.0,0.4,8.832020997375327,nan,nan
5874746,3.0,4,729,6,6,364,48,21.623762376237625,0.13186813186813187,0.0,0.42857142857142855,9.001923076923076,nan,nan
5874767,3.0,4,1278,8,7,245,25,19.09090909090909,0.10204081632653061,0.0,0.23076923076923078,9.46204081632653,nan,nan
5874769,3.0,4,649,6,6,322,36,21.954545454545453,0.11180124223602485,0.0,0.23529411764705882,7.33664596273292,nan,nan
5874787,3.0,4,1064,5,5,225,24,21.774193548387096,0.10666666666666667,0.0,0.4,7.842222222222222,nan,nan
5875173,3.0,4,712,4,4,95,6,20.357142857142858,0.06315789473684211,0.0,0.0,10.45578947368421,nan,nan
5882173,3.0,4,665,8,7,273,37,18.40449438202247,0.13553113553113552,0.0,0.21428571428571427,8.397069597069597,nan,nan
5969330,3.0,4,721,6,5,459,126,10.633204633204633,0.27450980392156865,0.0,0.07692307692307693,7.404357298474945,nan,nan
5969331,3.0,4,706,6,5,359,50,21.11764705882353,0.1392757660167131,0.0,0.46153846153846156,8.361838440111422,nan,nan
5969362,3.0,4,672,5,5,449,53,25.903846153846153,0.11804008908685969,0.02,0.5,7.544097995545657,nan,nan
6058407,3.0,4,696,7,7,329,82,11.410404624277456,0.24924012158054712,0.0,0.3870967741935484,10.188753799392098,nan,nan
6062407,3.0,4,666,7,6,333,45,20.181818181818183,0.13513513513513514,0.0,0.7,9.56906906906907,nan,nan
6109129,3.0,4,721,4,3,482,54,28.633663366336634,0.11203319502074689,0.0,0.8,7.702282157676349,nan,nan
6148097,3.0,4,725,4,4,458,74,21.984,0.1615720524017467,0.0,0.75,7.684934497816593,nan,nan
6148143,3.0,4,677,5,4,437,50,26.22,0.11441647597254005,0.0,0.29411764705882354,8.009382151029747,nan,nan
6148208,3.0,4,646,3,3,319,59,18.403846153846153,0.18495297805642633,0.0,0.6666666666666666,8.392789968652037,nan,nan
6190357,3.0,4,710,2,2,494,58,30.244897959183675,0.11740890688259109,0.0,0.5833333333333334,6.059514170040486,nan,nan
6193396,3.0,4,658,6,5,370,23,34.6875,0.062162162162162166,0.0,0.18181818181818182,7.377567567567567,nan,nan
6193436,3.0,4,666,5,6,94,12,14.461538461538462,0.1276595744680851,0.0,0.2,21.032978723404256,nan,nan
4216956,3.0,5,910,6,5,363,65,16.37593984962406,0.1790633608815427,0.0,0.2,5.702754820936639,nan,nan
4272243,3.0,5,646,2,1,600,228,8.314087759815243,0.38,0.0,0.052941176470588235,6.7485,nan,nan
4344977,3.0,5,1187,5,5,384,85,14.048780487804878,0.22135416666666666,0.0,0.1794871794871795,8.466145833333334,nan,nan
4350946,3.0,5,690,5,5,394,43,26.266666666666666,0.10913705583756345,0.0,0.35714285714285715,8.773096446700507,nan,nan
4351935,3.0,5,775,6,5,369,64,18.605042016806724,0.17344173441734417,0.0,0.4,10.359620596205962,nan,nan
4352377,3.0,5,716,5,4,428,70,19.906976744186046,0.16355140186915887,0.0,0.3888888888888889,9.039252336448598,nan,nan
4358853,3.0,5,666,4,3,528,57,32.0,0.10795454545454546,0.041666666666666664,0.29411764705882354,8.178219696969698,nan,nan
4359232,3.0,5,681,3,2,590,170,11.839464882943144,0.288135593220339,0.013513513513513514,0.07339449541284404,8.529661016949152,nan,nan
4370045,3.0,5,720,4,3,467,95,16.98181818181818,0.20342612419700215,0.0,0.38461538461538464,9.859957173447539,nan,nan
4389353,3.0,5,650,5,4,462,93,17.656050955414013,0.2012987012987013,0.0,0.625,12.033116883116884,nan,nan
4389414,3.0,5,645,5,5,422,75,19.476923076923075,0.17772511848341233,0.0,0.75,12.710426540284361,nan,nan
4392729,3.0,5,652,4,3,478,82,21.56390977443609,0.17154811715481172,0.0,0.8181818181818182,8.743096234309624,nan,nan
4393045,3.0,5,936,4,3,438,61,24.110091743119266,0.13926940639269406,0.0,0.4,9.598173515981735,nan,nan
4440451,3.0,5,657,3,2,546,130,17.333333333333332,0.23809523809523808,0.02654867256637168,0.46153846153846156,11.863003663003663,nan,nan
4443744,3.0,5,710,7,6,399,108,12.94054054054054,0.2706766917293233,0.009615384615384616,0.3333333333333333,14.22907268170426,nan,nan
4448887,3.0,5,666,6,6,333,35,23.50588235294118,0.10510510510510511,0.0,0.25,16.541741741741742,nan,nan
4469551,3.0,5,670,4,3,512,97,18.962962962962962,0.189453125,0.0,0.375,10.5984375,nan,nan
4472905,3.0,5,816,4,3,463,72,22.770491803278688,0.15550755939524838,0.0,0.6153846153846154,8.96414686825054,nan,nan
4473229,3.0,5,673,4,4,446,76,21.408,0.17040358744394618,0.01639344262295082,0.45,9.945291479820629,nan,nan
4481970,3.0,5,642,3,2,494,54,31.53191489361702,0.10931174089068826,0.0,0.5,7.669838056680162,nan,nan
4482888,3.0,5,647,1,0,647,151,15.78048780487805,0.23338485316846985,0.0,0.21428571428571427,7.427202472952086,nan,nan
4487550,3.0,5,653,4,3,480,83,20.719424460431654,0.17291666666666666,0.012658227848101266,0.5,9.231666666666666,nan,nan
4487946,3.0,5,710,2,1,227,66,13.485148514851485,0.2907488986784141,0.03773584905660377,1.0,12.179295154185022,nan,nan
4504164,3.0,5,649,5,5,364,61,17.901639344262296,0.16758241758241757,0.0,0.3333333333333333,8.142032967032966,nan,nan
4527487,3.0,5,671,4,5,134,11,24.363636363636363,0.08208955223880597,0.0,0.25,12.632089552238806,nan,nan
4544584,3.0,5,672,4,3,540,73,26.129032258064516,0.13518518518518519,0.0,0.5333333333333333,9.88962962962963,nan,nan
4547202,3.0,5,696,5,4,436,48,26.693877551020407,0.11009174311926606,0.0,0.3125,9.70275229357798,nan,nan
4559519,3.0,5,991,6,5,358,61,18.678260869565218,0.17039106145251395,0.017543859649122806,0.5,10.989385474860335,nan,nan
4575701,3.0,5,700,2,1,657,206,13.735191637630662,0.3135464231354642,0.015706806282722512,0.5862068965517241,8.389193302891933,nan,nan
4579744,3.0,5,678,6,5,377,61,18.540983606557376,0.16180371352785147,0.0,0.3684210526315789,13.654907161803713,nan,nan
4605892,3.0,5,678,2,3,41,2,20.5,0.04878048780487805,0.0,0.0,19.336585365853658,nan,nan
4668185,3.0,5,641,7,6,372,76,15.5,0.20430107526881722,0.014084507042253521,0.5,14.300806451612901,nan,nan
4705097,3.0,5,659,4,4,451,78,20.5,0.1729490022172949,0.0,0.3684210526315789,11.584257206208425,nan,nan
4724133,3.0,5,650,4,4,454,74,22.512396694214875,0.16299559471365638,0.0,0.5833333333333334,9.68612334801762,nan,nan
4749525,3.0,5,805,3,2,526,58,32.204081632653065,0.11026615969581749,0.041666666666666664,0.4,8.730038022813687,nan,nan
4754626,3.0,5,1144,5,4,433,68,22.396551724137932,0.15704387990762125,0.016129032258064516,0.4,9.515242494226328,nan,nan
4754956,3.0,5,647,5,4,419,94,15.7125,0.2243436754176611,0.0,0.5263157894736842,10.217661097852028,nan,nan
4775763,3.0,5,718,6,5,449,72,19.808823529411764,0.1603563474387528,0.0,0.4444444444444444,12.220712694877506,nan,nan
4785421,3.0,5,773,4,4,460,55,27.326732673267326,0.11956521739130435,0.02,0.19047619047619047,8.648043478260869,nan,nan
4789937,3.0,5,678,4,4,524,71,25.770491803278688,0.13549618320610687,0.0,0.5714285714285714,10.512022900763359,nan,nan
4792515,3.0,5,705,7,6,236,27,19.943661971830984,0.11440677966101695,0.045454545454545456,0.25,14.278813559322035,nan,nan
4811115,3.0,5,643,4,3,483,48,32.561797752808985,0.09937888198757763,0.0,0.45454545454545453,9.00103519668737,nan,nan
4824328,3.0,5,688,4,3,355,38,27.307692307692307,0.10704225352112676,0.0,0.1875,8.476901408450704,nan,nan
4861227,3.0,5,710,7,6,240,33,16.941176470588236,0.1375,0.0,0.1875,10.815,nan,nan
4861687,3.0,5,746,8,7,302,66,13.130434782608695,0.2185430463576159,0.0,0.30434782608695654,11.095364238410596,nan,nan
4862222,3.0,5,670,4,3,486,144,10.055172413793104,0.2962962962962963,0.0,0.03305785123966942,9.605349794238682,nan,nan
4862380,3.0,5,660,3,2,522,75,24.857142857142858,0.14367816091954022,0.0,0.47058823529411764,7.252873563218391,nan,nan
4865550,3.0,5,642,5,5,382,95,13.562130177514794,0.2486910994764398,0.0,0.37037037037037035,10.243979057591623,nan,nan
4865558,3.0,5,649,5,4,503,135,13.594594594594595,0.268389662027833,0.016,0.5714285714285714,7.312127236580517,nan,nan
4912927,3.0,5,674,2,1,638,185,11.063583815028903,0.28996865203761757,0.0,0.043795620437956206,5.24294670846395,nan,nan
4915833,3.0,5,675,4,3,479,96,18.189873417721518,0.20041753653444677,0.0,0.7333333333333333,8.021920668058454,nan,nan
4940890,3.0,5,683,3,2,530,89,23.38235294117647,0.16792452830188678,0.02531645569620253,1.0,9.830754716981133,nan,nan
5244934,3.0,5,656,6,6,274,27,24.176470588235293,0.09854014598540146,0.0,0.18181818181818182,9.833576642335768,nan,nan
5351422,3.0,5,654,4,3,487,88,19.48,0.1806981519507187,0.0,0.5263157894736842,11.622381930184806,nan,nan
5477477,3.0,5,678,2,2,586,134,17.93877551020408,0.22866894197952217,0.01652892561983471,0.7,8.861092150170649,nan,nan
5499001,3.0,5,670,2,1,632,165,16.205128205128204,0.2610759493670886,0.0,0.5416666666666666,8.651898734177216,nan,nan
5503058,3.0,5,916,6,5,414,65,20.360655737704917,0.1570048309178744,0.0,0.4666666666666667,10.870289855072464,nan,nan
5503168,3.0,5,695,6,5,336,39,22.90909090909091,0.11607142857142858,0.02857142857142857,0.15789473684210525,15.762202380952383,nan,nan
5503359,3.0,5,716,6,6,319,31,23.925,0.09717868338557993,0.0,0.10526315789473684,17.665517241379312,nan,nan
5540718,3.0,5,663,6,6,333,47,19.21153846153846,0.14114114114114115,0.0,0.23809523809523808,9.172372372372372,nan,nan
5540722,3.0,5,691,5,5,426,35,34.08,0.08215962441314555,0.0,0.36363636363636365,7.545070422535211,nan,nan
5540733,3.0,5,641,4,3,490,56,28.0,0.11428571428571428,0.0,0.22727272727272727,8.051428571428572,nan,nan
5540847,3.0,5,869,6,6,375,39,26.470588235294116,0.104,0.02857142857142857,0.3076923076923077,8.924266666666666,nan,nan
5547018,3.0,5,649,6,5,388,68,16.74820143884892,0.17525773195876287,0.0,0.14705882352941177,9.677835051546392,nan,nan
5565253,3.0,5,670,4,5,385,39,28.170731707317074,0.1012987012987013,0.0,0.25,7.455064935064935,nan,nan
5615881,3.0,5,1051,6,6,357,58,17.557377049180328,0.16246498599439776,0.0,0.24,9.224089635854341,nan,nan
5615968,3.0,5,642,6,5,378,70,18.59016393442623,0.18518518518518517,0.03278688524590164,0.3333333333333333,8.399735449735449,nan,nan
5615986,3.0,5,685,5,4,343,49,21.0,0.14285714285714285,0.0,0.3125,8.946355685131195,nan,nan
5615988,3.0,5,671,6,5,356,53,19.962616822429908,0.14887640449438203,0.0,0.2777777777777778,6.033146067415731,nan,nan
5616015,3.0,5,657,2,1,624,131,19.102040816326532,0.20993589743589744,0.0,0.3333333333333333,7.519391025641026,nan,nan
5633515,3.0,5,663,6,5,410,67,16.84931506849315,0.16341463414634147,0.0,0.11363636363636363,10.008048780487805,nan,nan
5692189,3.0,5,1527,6,5,401,57,19.403225806451612,0.14214463840399003,0.0,0.28,9.783790523690774,nan,nan
5705278,3.0,5,643,8,7,323,56,15.380952380952381,0.17337461300309598,0.0,0.2727272727272727,10.90340557275542,nan,nan
5705752,3.0,5,682,5,4,434,64,21.0,0.14746543778801843,0.0,0.35,8.046543778801842,nan,nan
5706077,3.0,5,656,5,5,382,43,26.344827586206897,0.112565445026178,0.0,0.75,10.42565445026178,nan,nan
5706137,3.0,5,737,7,7,173,16,17.896551724137932,0.09248554913294797,0.0,0.08333333333333333,13.27398843930636,nan,nan
5715345,3.0,5,923,4,3,491,71,23.015625,0.1446028513238289,0.015151515151515152,0.4,8.677800407331976,nan,nan
5771585,3.0,5,720,6,5,355,34,26.625,0.09577464788732394,0.0,0.3076923076923077,9.045070422535211,nan,nan
5771621,3.0,5,675,6,5,379,37,26.137931034482758,0.09762532981530343,0.0,0.2857142857142857,9.454353562005277,nan,nan
5772092,3.0,5,729,8,7,335,39,18.962264150943398,0.11641791044776119,0.0,0.06666666666666667,10.238805970149254,nan,nan
5772102,3.0,5,725,5,4,359,39,25.046511627906977,0.10863509749303621,0.0,0.3333333333333333,8.157103064066852,nan,nan
5772192,3.0,5,706,7,6,381,42,22.41176470588235,0.11023622047244094,0.0,0.13043478260869565,7.259055118110235,nan,nan
5874746,3.0,5,729,6,6,364,48,22.515463917525775,0.13186813186813187,0.0,0.4166666666666667,8.087912087912088,nan,nan
5874767,3.0,5,1278,8,7,245,25,19.342105263157894,0.10204081632653061,0.0,0.14285714285714285,10.057142857142857,nan,nan
5874769,3.0,5,649,6,6,322,36,21.707865168539325,0.11180124223602485,0.0,0.15,7.477329192546583,nan,nan
5874787,3.0,5,1064,5,5,225,24,21.428571428571427,0.10666666666666667,0.0,0.15384615384615385,8.734222222222222,nan,nan
5875173,3.0,5,712,4,4,95,6,20.357142857142858,0.06315789473684211,0.0,0.0,8.918947368421053,nan,nan
5882173,3.0,5,665,8,7,273,37,16.88659793814433,0.13553113553113552,0.0,0.23529411764705882,9.437728937728938,nan,nan
5969330,3.0,5,721,6,5,459,126,10.674418604651162,0.27450980392156865,0.0,0.06451612903225806,8.947058823529412,nan,nan
5969331,3.0,5,706,6,5,359,50,21.11764705882353,0.1392757660167131,0.0,0.29411764705882354,7.936490250696378,nan,nan
5969362,3.0,5,672,5,5,449,53,25.41509433962264,0.11804008908685969,0.0,0.35294117647058826,7.758129175946548,nan,nan
6058407,3.0,5,696,7,7,329,82,11.28,0.24924012158054712,0.0,0.12244897959183673,9.659270516717326,nan,nan
6062407,3.0,5,666,7,6,333,45,20.387755102040817,0.13513513513513514,0.0,0.7,9.048048048048049,nan,nan
6109129,3.0,5,721,4,3,482,54,26.53211009174312,0.11203319502074689,0.0,0.2857142857142857,6.774273858921162,nan,nan
6148097,3.0,5,725,4,4,458,74,21.984,0.1615720524017467,0.0,0.75,6.844541484716157,nan,nan
6148143,3.0,5,677,5,4,437,50,27.3125,0.11441647597254005,0.0,0.25,7.359496567505721,nan,nan
6148208,3.0,5,646,3,3,319,59,18.228571428571428,0.18495297805642633,0.0,0.4666666666666667,7.276175548589341,nan,nan
6190357,3.0,5,710,2,2,494,58,30.244897959183675,0.11740890688259109,0.0,0.5833333333333334,6.882793522267206,nan,nan
6193396,3.0,5,658,6,5,370,23,34.6875,0.062162162162162166,0.0,0.18181818181818182,9.008648648648649,nan,nan
6193436,3.0,5,666,5,6,94,12,14.461538461538462,0.1276595744680851,0.0,0.2,18.188297872340424,nan,nan
4216956,3.0,6,910,6,5,363,65,16.37593984962406,0.1790633608815427,0.0,0.20689655172413793,6.359228650137741,nan,nan
4272243,3.0,6,646,2,1,600,228,8.16326530612245,0.38,0.0,0.02631578947368421,6.899166666666667,nan,nan
4344977,3.0,6,1187,5,5,384,85,13.879518072289157,0.22135416666666666,0.0,0.13953488372093023,8.282552083333334,nan,nan
4350946,3.0,6,690,5,5,394,43,25.978021978021978,0.10913705583756345,0.0,0.23529411764705882,9.05989847715736,nan,nan
4351935,3.0,6,775,6,5,369,64,18.0,0.17344173441734417,0.0,0.16666666666666666,9.614363143631437,nan,nan
4352377,3.0,6,716,5,4,428,70,19.603053435114504,0.16355140186915887,0.0,0.19230769230769232,7.011448598130841,nan,nan
4358853,3.0,6,666,4,3,528,57,29.06422018348624,0.10795454545454546,0.0,0.16,6.1342803030303035,nan,nan
4359232,3.0,6,681,3,2,590,170,10.759878419452887,0.288135593220339,0.0,0.03787878787878788,7.468474576271186,nan,nan
4370045,3.0,6,720,4,3,467,95,17.190184049079754,0.20342612419700215,0.0,0.32142857142857145,8.869807280513918,nan,nan
4389353,3.0,6,650,5,4,462,93,17.325,0.2012987012987013,0.0,0.4090909090909091,11.008008658008658,nan,nan
4389414,3.0,6,645,5,5,422,75,19.476923076923075,0.17772511848341233,0.0,0.3888888888888889,10.710663507109004,nan,nan
4392729,3.0,6,652,4,3,478,82,20.055944055944057,0.17154811715481172,0.0,0.47368421052631576,8.643514644351464,nan,nan
4393045,3.0,6,936,4,3,438,61,23.89090909090909,0.13926940639269406,0.0,0.375,8.48904109589041,nan,nan
4440451,3.0,6,657,3,2,546,130,16.88659793814433,0.23809523809523808,0.008264462809917356,0.3125,8.691025641025641,nan,nan
4443744,3.0,6,710,7,6,399,108,12.534031413612565,0.2706766917293233,0.0,0.19444444444444445,14.355137844611528,nan,nan
4448887,3.0,6,666,6,6,333,35,22.44943820224719,0.10510510510510511,0.0,0.037037037037037035,12.230930930930931,nan,nan
4469551,3.0,6,670,4,3,512,97,18.846625766871167,0.189453125,0.0,0.34615384615384615,12.270703125,nan,nan
4472905,3.0,6,816,4,3,463,72,22.403225806451612,0.15550755939524838,0.0,0.3888888888888889,10.404103671706265,nan,nan
4473229,3.0,6,673,4,4,446,76,21.070866141732285,0.17040358744394618,0.01639344262295082,0.25925925925925924,10.568161434977577,nan,nan
4481970,3.0,6,642,3,2,494,54,31.2,0.10931174089068826,0.0,0.3333333333333333,7.959514170040486,nan,nan
4482888,3.0,6,647,1,0,647,151,15.975308641975309,0.23338485316846985,0.0,0.19642857142857142,6.3369397217928904,nan,nan
4487550,3.0,6,653,4,3,480,83,20.13986013986014,0.17291666666666666,0.0,0.36363636363636365,9.489374999999999,nan,nan
4487946,3.0,6,710,2,1,227,66,13.223300970873787,0.2907488986784141,0.03773584905660377,0.4375,10.666960352422908,nan,nan
4504164,3.0,6,649,5,5,364,61,18.82758620689655,0.16758241758241757,0.018867924528301886,0.2,10.043131868131868,nan,nan
4527487,3.0,6,671,4,5,134,11,24.363636363636363,0.08208955223880597,0.0,0.25,11.42313432835821,nan,nan
4544584,3.0,6,672,4,3,540,73,24.923076923076923,0.13518518518518519,0.0,0.30434782608695654,10.349814814814815,nan,nan
4547202,3.0,6,696,5,4,436,48,26.16,0.11009174311926606,0.0,0.29411764705882354,11.270412844036697,nan,nan
4559519,3.0,6,991,6,5,358,61,17.9,0.17039106145251395,0.0,0.3,10.679329608938547,nan,nan
4575701,3.0,6,700,2,1,657,206,13.317567567567568,0.3135464231354642,0.0,0.39473684210526316,8.276712328767124,nan,nan
4579744,3.0,6,678,6,5,377,61,17.811023622047244,0.16180371352785147,0.0,0.1724137931034483,13.388328912466843,nan,nan
4605892,3.0,6,678,2,3,41,2,20.5,0.04878048780487805,0.0,0.0,20.141463414634146,nan,nan
4668185,3.0,6,641,7,6,372,76,14.979865771812081,0.20430107526881722,0.014084507042253521,0.25,16.14462365591398,nan,nan
4705097,3.0,6,659,4,4,451,78,20.5,0.1729490022172949,0.0,0.3684210526315789,10.744789356984478,nan,nan
4724133,3.0,6,650,4,4,454,74,22.512396694214875,0.16299559471365638,0.0,0.5833333333333334,9.718722466960353,nan,nan
4749525,3.0,6,805,3,2,526,58,30.640776699029125,0.11026615969581749,0.0,0.4,7.9826996197718625,nan,nan
4754626,3.0,6,1144,5,4,433,68,22.396551724137932,0.15704387990762125,0.016129032258064516,0.4,9.501154734411086,nan,nan
4754956,3.0,6,647,5,4,419,94,15.329268292682928,0.2243436754176611,0.0,0.34615384615384615,8.195942720763723,nan,nan
4775763,3.0,6,718,6,5,449,72,19.242857142857144,0.1603563474387528,0.0,0.2222222222222222,12.991982182628062,nan,nan
4785421,3.0,6,773,4,4,460,55,26.796116504854368,0.11956521739130435,0.0,0.19047619047619047,7.361739130434783,nan,nan
4789937,3.0,6,678,4,4,524,71,25.983471074380166,0.13549618320610687,0.0,0.6153846153846154,10.34732824427481,nan,nan
4792515,3.0,6,705,7,6,236,27,18.88,0.11440677966101695,0.045454545454545456,0.047619047619047616,12.55,nan,nan
4811115,3.0,6,643,4,3,483,48,32.93181818181818,0.09937888198757763,0.0,0.45454545454545453,9.357556935817804,nan,nan
4824328,3.0,6,688,4,3,355,38,27.307692307692307,0.10704225352112676,0.0,0.1875,8.073802816901408,nan,nan
4861227,3.0,6,710,7,6,240,33,16.941176470588236,0.1375,0.0,0.10526315789473684,11.011249999999999,nan,nan
4861687,3.0,6,746,8,7,302,66,13.130434782608695,0.2185430463576159,0.0,0.25,11.94569536423841,nan,nan
4862222,3.0,6,670,4,3,486,144,10.089965397923875,0.2962962962962963,0.0,0.03361344537815126,8.400617283950616,nan,nan
4862380,3.0,6,660,3,2,522,75,25.056,0.14367816091954022,0.0,0.4117647058823529,7.571455938697318,nan,nan
4865550,3.0,6,642,5,5,382,95,13.48235294117647,0.2486910994764398,0.0,0.25,10.938219895287958,nan,nan
4865558,3.0,6,649,5,4,503,135,13.121739130434783,0.268389662027833,0.007751937984496124,0.2608695652173913,8.367992047713718,nan,nan
4912927,3.0,6,674,2,1,638,185,11.063583815028903,0.28996865203761757,0.0,0.043795620437956206,7.938557993730408,nan,nan
4915833,3.0,6,675,4,3,479,96,17.74074074074074,0.20041753653444677,0.0,0.5,8.664509394572026,nan,nan
4940890,3.0,6,683,3,2,530,89,22.5531914893617,0.16792452830188678,0.0,0.47058823529411764,7.9209433962264155,nan,nan
5244934,3.0,6,656,6,6,274,27,23.82608695652174,0.09854014598540146,0.0,0.16666666666666666,18.34817518248175,nan,nan
5351422,3.0,6,654,4,3,487,88,19.223684210526315,0.1806981519507187,0.0,0.391304347826087,9.956057494866531,nan,nan
5477477,3.0,6,678,2,2,586,134,17.93877551020408,0.22866894197952217,0.007936507936507936,0.6190476190476191,8.124402730375426,nan,nan
5499001,3.0,6,670,2,1,632,165,16.136170212765958,0.2610759493670886,0.0,0.4444444444444444,8.523417721518987,nan,nan
5503058,3.0,6,916,6,5,414,65,20.195121951219512,0.1570048309178744,0.0,0.3157894736842105,9.494444444444444,nan,nan
5503168,3.0,6,695,6,5,336,39,21.677419354838708,0.11607142857142858,0.0,0.08333333333333333,23.86279761904762,nan,nan
5503359,3.0,6,716,6,6,319,31,23.341463414634145,0.09717868338557993,0.0,0.041666666666666664,15.164890282131662,nan,nan
5540718,3.0,6,663,6,6,333,47,19.398058252427184,0.14114114114114115,0.0,0.07692307692307693,7.83873873873874,nan,nan
5540722,3.0,6,691,5,5,426,35,33.1948051948052,0.08215962441314555,0.0,0.2,6.844131455399061,nan,nan
5540733,3.0,6,641,4,3,490,56,28.26923076923077,0.11428571428571428,0.0,0.18181818181818182,7.015714285714285,nan,nan
5540847,3.0,6,869,6,6,375,39,24.725274725274726,0.104,0.0,0.09090909090909091,7.638933333333333,nan,nan
5547018,3.0,6,649,6,5,388,68,17.636363636363637,0.17525773195876287,0.0,0.25,8.690463917525774,nan,nan
5565253,3.0,6,670,4,5,385,39,27.176470588235293,0.1012987012987013,0.0,0.13636363636363635,8.206233766233767,nan,nan
5615881,3.0,6,1051,6,6,357,58,18.0,0.16246498599439776,0.0,0.2727272727272727,8.07843137254902,nan,nan
5615968,3.0,6,642,6,5,378,70,17.181818181818183,0.18518518518518517,0.0,0.2608695652173913,9.913492063492065,nan,nan
5615986,3.0,6,685,5,4,343,49,20.376237623762375,0.14285714285714285,0.0,0.2,7.692711370262391,nan,nan
5615988,3.0,6,671,6,5,356,53,19.962616822429908,0.14887640449438203,0.0,0.2,7.414606741573033,nan,nan
5616015,3.0,6,657,2,1,624,131,18.534653465346533,0.20993589743589744,0.0,0.64,7.83525641025641,nan,nan
5633515,3.0,6,663,6,5,410,67,16.62162162162162,0.16341463414634147,0.0,0.06,9.700731707317074,nan,nan
5692189,3.0,6,1527,6,5,401,57,19.884297520661157,0.14214463840399003,0.0,0.14285714285714285,11.45137157107232,nan,nan
5705278,3.0,6,643,8,7,323,56,15.629032258064516,0.17337461300309598,0.0,0.20833333333333334,10.607430340557276,nan,nan
5705752,3.0,6,682,5,4,434,64,20.503937007874015,0.14746543778801843,0.0,0.1724137931034483,9.420046082949309,nan,nan
5706077,3.0,6,656,5,5,382,43,25.752808988764045,0.112565445026178,0.0,0.38461538461538464,8.911518324607329,nan,nan
5706137,3.0,6,737,7,7,173,16,17.3,0.09248554913294797,0.0,0.0,10.888439306358382,nan,nan
5715345,3.0,6,923,4,3,491,71,21.503649635036496,0.1446028513238289,0.0,0.17647058823529413,7.4723014256619145,nan,nan
5771585,3.0,6,720,6,5,355,34,24.482758620689655,0.09577464788732394,0.0,0.038461538461538464,10.06507042253521,nan,nan
5771621,3.0,6,675,6,5,379,37,25.55056179775281,0.09762532981530343,0.0,0.08333333333333333,7.969656992084433,nan,nan
5772092,3.0,6,729,8,7,335,39,18.785046728971963,0.11641791044776119,0.0,0.030303030303030304,7.672537313432836,nan,nan
5772102,3.0,6,725,5,4,359,39,24.75862068965517,0.10863509749303621,0.0,0.15,6.547910863509749,nan,nan
5772192,3.0,6,706,7,6,381,42,22.41176470588235,0.11023622047244094,0.0,0.13043478260869565,7.307874015748032,nan,nan
5874746,3.0,6,729,6,6,364,48,20.411214953271028,0.13186813186813187,0.0,0.11538461538461539,6.970054945054945,nan,nan
5874767,3.0,6,1278,8,7,245,25,18.846153846153847,0.10204081632653061,0.0,0.05555555555555555,10.298367346938775,nan,nan
5874769,3.0,6,649,6,6,322,36,22.20689655172414,0.11180124223602485,0.0,0.15789473684210525,8.763975155279503,nan,nan
5874787,3.0,6,1064,5,5,225,24,20.76923076923077,0.10666666666666667,0.0,0.05555555555555555,8.668444444444445,nan,nan
5875173,3.0,6,712,4,4,95,6,20.357142857142858,0.06315789473684211,0.0,0.0,10.030526315789473,nan,nan
5882173,3.0,6,665,8,7,273,37,17.612903225806452,0.13553113553113552,0.0,0.17647058823529413,8.67875457875458,nan,nan
5969330,3.0,6,721,6,5,459,126,11.620253164556962,0.27450980392156865,0.0,0.2037037037037037,7.864705882352942,nan,nan
5969331,3.0,6,706,6,5,359,50,21.54,0.1392757660167131,0.0,0.25,8.994986072423398,nan,nan
5969362,3.0,6,672,5,5,449,53,26.94,0.11804008908685969,0.0,0.3333333333333333,7.169042316258352,nan,nan
6058407,3.0,6,696,7,7,329,82,11.611764705882353,0.24924012158054712,0.0,0.14285714285714285,9.929483282674772,nan,nan
6062407,3.0,6,666,7,6,333,45,19.782178217821784,0.13513513513513514,0.0,0.2,10.735735735735735,nan,nan
6109129,3.0,6,721,4,3,482,54,28.07766990291262,0.11203319502074689,0.0,0.2777777777777778,7.833195020746888,nan,nan
6148097,3.0,6,725,4,4,458,74,21.46875,0.1615720524017467,0.0,0.3,7.5884279475982535,nan,nan
6148143,3.0,6,677,5,4,437,50,26.484848484848484,0.11441647597254005,0.0,0.2222222222222222,8.02608695652174,nan,nan
6148208,3.0,6,646,3,3,319,59,17.88785046728972,0.18495297805642633,0.0,0.3157894736842105,8.360815047021942,nan,nan
6190357,3.0,6,710,2,2,494,58,29.939393939393938,0.11740890688259109,0.0,0.375,7.457894736842105,nan,nan
6193396,3.0,6,658,6,5,370,23,35.806451612903224,0.062162162162162166,0.0,0.2,10.44918918918919,nan,nan
6193436,3.0,6,666,5,6,94,12,14.461538461538462,0.1276595744680851,0.0,0.2,17.607446808510637,nan,nan
4216956,3.0,7,910,6,5,363,65,15.557142857142857,0.1790633608815427,0.0,0.06666666666666667,6.895316804407713,nan,nan
4272243,3.0,7,646,2,1,600,228,8.108108108108109,0.38,0.0,0.02040816326530612,7.665166666666667,nan,nan
4344977,3.0,7,1187,5,5,384,85,13.714285714285714,0.22135416666666666,0.0,0.07692307692307693,8.184375000000001,nan,nan
4350946,3.0,7,690,5,5,394,43,26.266666666666666,0.10913705583756345,0.0,0.15,9.125634517766498,nan,nan
4351935,3.0,7,775,6,5,369,64,18.0,0.17344173441734417,0.0,0.16666666666666666,9.46639566395664,nan,nan
4352377,3.0,7,716,5,4,428,70,19.603053435114504,0.16355140186915887,0.0,0.19230769230769232,8.15981308411215,nan,nan
4358853,3.0,7,666,4,3,528,57,29.06422018348624,0.10795454545454546,0.0,0.16,7.592234848484848,nan,nan
4359232,3.0,7,681,3,2,590,170,10.792682926829269,0.288135593220339,0.0,0.03816793893129771,9.06542372881356,nan,nan
4370045,3.0,7,720,4,3,467,95,17.403726708074533,0.20342612419700215,0.0,0.36,7.482655246252677,nan,nan
4389353,3.0,7,650,5,4,462,93,16.698795180722893,0.2012987012987013,0.0,0.21875,9.979437229437229,nan,nan
4389414,3.0,7,645,5,5,422,75,19.476923076923075,0.17772511848341233,0.0,0.3888888888888889,11.004976303317536,nan,nan
4392729,3.0,7,652,4,3,478,82,20.197183098591548,0.17154811715481172,0.0,0.38095238095238093,8.927196652719665,nan,nan
4393045,3.0,7,936,4,3,438,61,23.89090909090909,0.13926940639269406,0.0,0.375,8.176940639269406,nan,nan
4440451,3.0,7,657,3,2,546,130,16.545454545454547,0.23809523809523808,0.008264462809917356,0.19047619047619047,8.736630036630036,nan,nan
4443744,3.0,7,710,7,6,399,108,12.73404255319149,0.2706766917293233,0.0,0.17142857142857143,14.056140350877191,nan,nan
4448887,3.0,7,666,6,6,333,35,23.232558139534884,0.10510510510510511,0.0,0.041666666666666664,13.897597597597597,nan,nan
4469551,3.0,7,670,4,3,512,97,18.17751479289941,0.189453125,0.0,0.15789473684210525,10.078515625,nan,nan
4472905,3.0,7,816,4,3,463,72,23.34453781512605,0.15550755939524838,0.0,0.4,9.398488120950324,nan,nan
4473229,3.0,7,673,4,4,446,76,19.114285714285714,0.17040358744394618,0.0,0.1935483870967742,9.818609865470853,nan,nan
4481970,3.0,7,642,3,2,494,54,29.939393939393938,0.10931174089068826,0.0,0.125,8.77408906882591,nan,nan
4482888,3.0,7,647,1,0,647,151,15.404761904761905,0.23338485316846985,0.0,0.10810810810810811,7.4112828438949,nan,nan
4487550,3.0,7,653,4,3,480,83,19.726027397260275,0.17291666666666666,0.0,0.25,8.503125,nan,nan
4487946,3.0,7,710,2,1,227,66,12.495412844036696,0.2907488986784141,0.01694915254237288,0.2727272727272727,9.648017621145375,nan,nan
4504164,3.0,7,649,5,5,364,61,18.508474576271187,0.16758241758241757,0.0,0.22727272727272727,11.473901098901099,nan,nan
4527487,3.0,7,671,4,5,134,11,24.363636363636363,0.08208955223880597,0.0,0.25,13.782089552238805,nan,nan
4544584,3.0,7,672,4,3,540,73,24.545454545454547,0.13518518518518519,0.0,0.23076923076923078,11.164074074074074,nan,nan
4547202,3.0,7,696,5,4,436,48,25.398058252427184,0.11009174311926606,0.0,0.1111111111111111,9.389908256880734,nan,nan
4559519,3.0,7,991,6,5,358,61,17.60655737704918,0.17039106145251395,0.0,0.20833333333333334,10.379888268156424,nan,nan
4575701,3.0,7,700,2,1,657,206,11.628318584070797,0.3135464231354642,0.0,0.2236842105263158,7.119634703196348,nan,nan
4579744,3.0,7,678,6,5,377,61,17.53488372093023,0.16180371352785147,0.0,0.08108108108108109,11.122015915119363,nan,nan
4605892,3.0,7,678,2,3,41,2,20.5,0.04878048780487805,0.0,0.0,25.992682926829268,nan,nan
4668185,3.0,7,641,7,6,372,76,14.493506493506494,0.20430107526881722,0.0,0.1388888888888889,13.481182795698924,nan,nan
4705097,3.0,7,659,4,4,451,78,19.897058823529413,0.1729490022172949,0.0,0.3181818181818182,8.01529933481153,nan,nan
4724133,3.0,7,650,4,4,454,74,17.68831168831169,0.16299559471365638,0.0,0.03389830508474576,7.270925110132159,nan,nan
4749525,3.0,7,805,3,2,526,58,30.941176470588236,0.11026615969581749,0.0,0.42857142857142855,7.30722433460076,nan,nan
4754626,3.0,7,1144,5,4,433,68,21.295081967213115,0.15704387990762125,0.0,0.3333333333333333,8.427944572748268,nan,nan
4754956,3.0,7,647,5,4,419,94,15.518518518518519,0.2243436754176611,0.0,0.34615384615384615,9.99474940334129,nan,nan
4775763,3.0,7,718,6,5,449,72,17.723684210526315,0.1603563474387528,0.0,0.06382978723404255,7.587082405345211,nan,nan
4785421,3.0,7,773,4,4,460,55,26.285714285714285,0.11956521739130435,0.0,0.18181818181818182,8.684130434782608,nan,nan
4789937,3.0,7,678,4,4,524,71,25.983471074380166,0.13549618320610687,0.0,0.4117647058823529,8.929389312977099,nan,nan
4792515,3.0,7,705,7,6,236,27,17.26829268292683,0.11440677966101695,0.0,0.0,10.663983050847456,nan,nan
4811115,3.0,7,643,4,3,483,48,30.829787234042552,0.09937888198757763,0.0,0.13043478260869565,7.876190476190476,nan,nan
4824328,3.0,7,688,4,3,355,38,27.307692307692307,0.10704225352112676,0.0,0.10526315789473684,8.162253521126761,nan,nan
4861227,3.0,7,710,7,6,240,33,17.142857142857142,0.1375,0.0,0.10526315789473684,10.185,nan,nan
4861687,3.0,7,746,8,7,302,66,12.243243243243244,0.2185430463576159,0.0,0.07142857142857142,9.643708609271524,nan,nan
4862222,3.0,7,670,4,3,486,144,9.884745762711864,0.2962962962962963,0.0,0.015267175572519083,9.79485596707819,nan,nan
4862380,3.0,7,660,3,2,522,75,24.661417322834644,0.14367816091954022,0.0,0.2608695652173913,6.780842911877395,nan,nan
4865550,3.0,7,642,5,5,382,95,13.48235294117647,0.2486910994764398,0.0,0.24242424242424243,10.707329842931937,nan,nan
4865558,3.0,7,649,5,4,503,135,12.952789699570815,0.268389662027833,0.007751937984496124,0.18518518518518517,6.930616302186879,nan,nan
4912927,3.0,7,674,2,1,638,185,10.905982905982906,0.28996865203761757,0.0,0.02702702702702703,8.298902821316615,nan,nan
4915833,3.0,7,675,4,3,479,96,18.305732484076433,0.20041753653444677,0.0,0.45,10.460751565762004,nan,nan
4940890,3.0,7,683,3,2,530,89,22.5531914893617,0.16792452830188678,0.0,0.47058823529411764,7.0277358490566035,nan,nan
5244934,3.0,7,656,6,6,274,27,26.095238095238095,0.09854014598540146,0.0,0.2857142857142857,17.50729927007299,nan,nan
5351422,3.0,7,654,4,3,487,88,18.851612903225806,0.1806981519507187,0.0,0.27586206896551724,12.422381930184805,nan,nan
5477477,3.0,7,678,2,2,586,134,17.58,0.22866894197952217,0.007936507936507936,0.4444444444444444,8.86877133105802,nan,nan
5499001,3.0,7,670,2,1,632,165,15.540983606557377,0.2610759493670886,0.0,0.23809523809523808,10.27009493670886,nan,nan
5503058,3.0,7,916,6,5,414,65,20.7,0.1570048309178744,0.0,0.2777777777777778,14.228260869565217,nan,nan
5503168,3.0,7,695,6,5,336,39,21.677419354838708,0.11607142857142858,0.0,0.08,13.355059523809524,nan,nan
5503359,3.0,7,716,6,6,319,31,22.25581395348837,0.09717868338557993,0.0,0.0,18.391849529780565,nan,nan
5540718,3.0,7,663,6,6,333,47,17.68141592920354,0.14114114114114115,0.0,0.02564102564102564,7.386786786786788,nan,nan
5540722,3.0,7,691,5,5,426,35,33.1948051948052,0.08215962441314555,0.0,0.2,6.927230046948357,nan,nan
5540733,3.0,7,641,4,3,490,56,28.54368932038835,0.11428571428571428,0.0,0.2631578947368421,6.661632653061224,nan,nan
5540847,3.0,7,869,6,6,375,39,23.93617021276596,0.104,0.0,0.03571428571428571,6.837866666666666,nan,nan
5547018,3.0,7,649,6,5,388,68,16.3943661971831,0.17525773195876287,0.0,0.06976744186046512,7.586340206185567,nan,nan
5565253,3.0,7,670,4,5,385,39,26.86046511627907,0.1012987012987013,0.0,0.03571428571428571,7.28909090909091,nan,nan
5615881,3.0,7,1051,6,6,357,58,16.227272727272727,0.16246498599439776,0.0,0.045454545454545456,8.382352941176471,nan,nan
5615968,3.0,7,642,6,5,378,70,17.58139534883721,0.18518518518518517,0.0,0.21739130434782608,7.711375661375661,nan,nan
5615986,3.0,7,685,5,4,343,49,19.41509433962264,0.14285714285714285,0.0,0.0625,7.480466472303208,nan,nan
5615988,3.0,7,671,6,5,356,53,18.736842105263158,0.14887640449438203,0.0,0.0625,6.909831460674158,nan,nan
5616015,3.0,7,657,2,1,624,131,18.08695652173913,0.20993589743589744,0.0,0.325,6.454006410256411,nan,nan
5633515,3.0,7,663,6,5,410,67,16.18421052631579,0.16341463414634147,0.0,0.01694915254237288,8.051463414634146,nan,nan
5692189,3.0,7,1527,6,5,401,57,18.796875,0.14214463840399003,0.0,0.04878048780487805,8.662593516209476,nan,nan
5705278,3.0,7,643,8,7,323,56,14.793893129770993,0.17337461300309598,0.0,0.05263157894736842,11.240557275541795,nan,nan
5705752,3.0,7,682,5,4,434,64,19.288888888888888,0.14746543778801843,0.0,0.06666666666666667,7.556221198156682,nan,nan
5706077,3.0,7,656,5,5,382,43,23.387755102040817,0.112565445026178,0.0,0.06896551724137931,7.5837696335078535,nan,nan
5706137,3.0,7,737,7,7,173,16,17.3,0.09248554913294797,0.0,0.0,10.460693641618498,nan,nan
5715345,3.0,7,923,4,3,491,71,19.77181208053691,0.1446028513238289,0.0,0.03571428571428571,6.35213849287169,nan,nan
5771585,3.0,7,720,6,5,355,34,24.767441860465116,0.09577464788732394,0.0,0.04,6.650422535211268,nan,nan
5771621,3.0,7,675,6,5,379,37,24.451612903225808,0.09762532981530343,0.0,0.03333333333333333,6.162796833773086,nan,nan
5772092,3.0,7,729,8,7,335,39,19.142857142857142,0.11641791044776119,0.0,0.03125,6.15313432835821,nan,nan
5772102,3.0,7,725,5,4,359,39,23.41304347826087,0.10863509749303621,0.0,0.03333333333333333,6.692479108635097,nan,nan
5772192,3.0,7,706,7,6,381,42,23.09090909090909,0.11023622047244094,0.0,0.15,8.104199475065617,nan,nan
5874746,3.0,7,729,6,6,364,48,20.60377358490566,0.13186813186813187,0.0,0.11538461538461539,7.26565934065934,nan,nan
5874767,3.0,7,1278,8,7,245,25,19.342105263157894,0.10204081632653061,0.0,0.058823529411764705,8.647755102040815,nan,nan
5874769,3.0,7,649,6,6,322,36,20.125,0.11180124223602485,0.0,0.0,7.3527950310559005,nan,nan
5874787,3.0,7,1064,5,5,225,24,19.852941176470587,0.10666666666666667,0.0,0.0,7.799555555555556,nan,nan
5875173,3.0,7,712,4,4,95,6,20.357142857142858,0.06315789473684211,0.0,0.0,9.131578947368421,nan,nan
5882173,3.0,7,665,8,7,273,37,16.714285714285715,0.13553113553113552,0.0,0.08,7.535164835164835,nan,nan
5969330,3.0,7,721,6,5,459,126,10.162361623616237,0.27450980392156865,0.0,0.00847457627118644,8.151416122004358,nan,nan
5969331,3.0,7,706,6,5,359,50,21.757575757575758,0.1392757660167131,0.0,0.23529411764705882,9.073537604456824,nan,nan
5969362,3.0,7,672,5,5,449,53,25.65714285714286,0.11804008908685969,0.0,0.18181818181818182,5.987082405345211,nan,nan
6058407,3.0,7,696,7,7,329,82,11.027932960893855,0.24924012158054712,0.0,0.04918032786885246,7.987537993920973,nan,nan
6062407,3.0,7,666,7,6,333,45,18.5,0.13513513513513514,0.0,0.06666666666666667,8.118018018018018,nan,nan
6109129,3.0,7,721,4,3,482,54,27.28301886792453,0.11203319502074689,0.0,0.16666666666666666,6.812033195020747,nan,nan
6148097,3.0,7,725,4,4,458,74,21.46875,0.1615720524017467,0.0,0.2727272727272727,7.5412663755458516,nan,nan
6148143,3.0,7,677,5,4,437,50,25.21153846153846,0.11441647597254005,0.0,0.11538461538461539,7.8720823798627,nan,nan
6148208,3.0,7,646,3,3,319,59,16.084033613445378,0.18495297805642633,0.0,0.047619047619047616,6.9733542319749215,nan,nan
6190357,3.0,7,710,2,2,494,58,27.444444444444443,0.11740890688259109,0.0,0.08823529411764706,6.420647773279352,nan,nan
6193396,3.0,7,658,6,5,370,23,35.806451612903224,0.062162162162162166,0.0,0.2,9.087027027027027,nan,nan
6193436,3.0,7,666,5,6,94,12,14.461538461538462,0.1276595744680851,0.0,0.2,20.904255319148938,nan,nan
4216956,3.0,8,910,6,5,363,65,15.125,0.1790633608815427,0.0,0.0392156862745098,6.931129476584022,nan,nan
4272243,3.0,8,646,2,1,600,228,8.035714285714286,0.38,0.0,0.014778325123152709,7.8525,nan,nan
4344977,3.0,8,1187,5,5,384,85,13.963636363636363,0.22135416666666666,0.0,0.08163265306122448,9.148958333333333,nan,nan
4350946,3.0,8,690,5,5,394,43,24.122448979591837,0.10913705583756345,0.0,0.030303030303030304,7.933756345177665,nan,nan
4351935,3.0,8,775,6,5,369,64,17.85483870967742,0.17344173441734417,0.0,0.16,8.331978319783198,nan,nan
4352377,3.0,8,716,5,4,428,70,19.022222222222222,0.16355140186915887,0.0,0.12121212121212122,7.383644859813083,nan,nan
4358853,3.0,8,666,4,3,528,57,29.06422018348624,0.10795454545454546,0.0,0.1111111111111111,7.225568181818182,nan,nan
4359232,3.0,8,681,3,2,590,170,10.535714285714286,0.288135593220339,0.0,0.013513513513513514,7.982372881355933,nan,nan
4370045,3.0,8,720,4,3,467,95,15.830508474576272,0.20342612419700215,0.0,0.09615384615384616,8.688436830835117,nan,nan
4389353,3.0,8,650,5,4,462,93,16.8,0.2012987012987013,0.0,0.21875,12.017099567099566,nan,nan
4389414,3.0,8,645,5,5,422,75,18.895522388059703,0.17772511848341233,0.0,0.25,10.881753554502371,nan,nan
4392729,3.0,8,652,4,3,478,82,20.055944055944057,0.17154811715481172,0.0,0.21428571428571427,8.393933054393306,nan,nan
4393045,3.0,8,936,4,3,438,61,21.193548387096776,0.13926940639269406,0.0,0.04878048780487805,7.9662100456621,nan,nan
4440451,3.0,8,657,3,2,546,130,16.217821782178216,0.23809523809523808,0.008264462809917356,0.14583333333333334,9.175824175824175,nan,nan
4443744,3.0,8,710,7,6,399,108,11.91044776119403,0.2706766917293233,0.0,0.05263157894736842,9.713784461152883,nan,nan
4448887,3.0,8,666,6,6,333,35,23.232558139534884,0.10510510510510511,0.0,0.041666666666666664,10.193393393393393,nan,nan
4469551,3.0,8,670,4,3,512,97,18.73170731707317,0.189453125,0.0,0.17647058823529413,7.8857421875,nan,nan
4472905,3.0,8,816,4,3,463,72,20.426470588235293,0.15550755939524838,0.0,0.10526315789473684,8.569114470842333,nan,nan
4473229,3.0,8,673,4,4,446,76,17.044585987261147,0.17040358744394618,0.0,0.03333333333333333,10.124215246636771,nan,nan
4481970,3.0,8,642,3,2,494,54,29.64,0.10931174089068826,0.0,0.12,7.731174089068825,nan,nan
4482888,3.0,8,647,1,0,647,151,14.988416988416988,0.23338485316846985,0.0,0.05555555555555555,7.212364760432766,nan,nan
4487550,3.0,8,653,4,3,480,83,20.0,0.17291666666666666,0.0,0.2222222222222222,10.485416666666667,nan,nan
4487946,3.0,8,710,2,1,227,66,12.053097345132743,0.2907488986784141,0.0,0.14814814814814814,10.826872246696034,nan,nan
4504164,3.0,8,649,5,5,364,61,17.472,0.16758241758241757,0.0,0.08571428571428572,10.218681318681318,nan,nan
4527487,3.0,8,671,4,5,134,11,24.363636363636363,0.08208955223880597,0.0,0.25,19.65671641791045,nan,nan
4544584,3.0,8,672,4,3,540,73,23.47826086956522,0.13518518518518519,0.0,0.10256410256410256,8.222222222222221,nan,nan
4547202,3.0,8,696,5,4,436,48,25.153846153846153,0.11009174311926606,0.0,0.06451612903225806,9.24105504587156,nan,nan
4559519,3.0,8,991,6,5,358,61,17.463414634146343,0.17039106145251395,0.0,0.14814814814814814,9.202234636871509,nan,nan
4575701,3.0,8,700,2,1,657,206,10.081841432225064,0.3135464231354642,0.0,0.03067484662576687,7.035616438356164,nan,nan
4579744,3.0,8,678,6,5,377,61,16.63235294117647,0.16180371352785147,0.0,0.044444444444444446,9.824668435013264,nan,nan
4605892,3.0,8,678,2,3,41,2,20.5,0.04878048780487805,0.0,0.0,15.185365853658537,nan,nan
4668185,3.0,8,641,7,6,372,76,14.037735849056604,0.20430107526881722,0.0,0.09090909090909091,14.396774193548389,nan,nan
4705097,3.0,8,659,4,4,451,78,19.897058823529413,0.1729490022172949,0.0,0.23076923076923078,7.799113082039912,nan,nan
4724133,3.0,8,650,4,4,454,74,17.68831168831169,0.16299559471365638,0.0,0.03389830508474576,8.992290748898679,nan,nan
4749525,3.0,8,805,3,2,526,58,28.43243243243243,0.11026615969581749,0.0,0.09375,7.142585551330798,nan,nan
4754626,3.0,8,1144,5,4,433,68,20.784,0.15704387990762125,0.0,0.16,9.452886836027714,nan,nan
4754956,3.0,8,647,5,4,419,94,15.81132075471698,0.2243436754176611,0.0,0.32,8.971599045346062,nan,nan
4775763,3.0,8,718,6,5,449,72,17.723684210526315,0.1603563474387528,0.0,0.06382978723404255,9.1369710467706,nan,nan
4785421,3.0,8,773,4,4,460,55,25.794392523364486,0.11956521739130435,0.0,0.1111111111111111,9.610652173913042,nan,nan
4789937,3.0,8,678,4,4,524,71,24.184615384615384,0.13549618320610687,0.0,0.12121212121212122,8.163167938931299,nan,nan
4792515,3.0,8,705,7,6,236,27,17.26829268292683,0.11440677966101695,0.0,0.0,14.560593220338983,nan,nan
4811115,3.0,8,643,4,3,483,48,27.865384615384617,0.09937888198757763,0.0,0.02631578947368421,7.507660455486542,nan,nan
4824328,3.0,8,688,4,3,355,38,24.482758620689655,0.10704225352112676,0.0,0.03333333333333333,7.7383098591549295,nan,nan
4861227,3.0,8,710,7,6,240,33,17.142857142857142,0.1375,0.0,0.10526315789473684,9.560416666666667,nan,nan
4861687,3.0,8,746,8,7,302,66,12.326530612244898,0.2185430463576159,0.0,0.07317073170731707,9.561920529801323,nan,nan
4862222,3.0,8,670,4,3,486,144,9.752508361204013,0.2962962962962963,0.0,0.0072992700729927005,7.73395061728395,nan,nan
4862380,3.0,8,660,3,2,522,75,24.46875,0.14367816091954022,0.0,0.18518518518518517,6.659003831417625,nan,nan
4865550,3.0,8,642,5,5,382,95,13.172413793103448,0.2486910994764398,0.011494252873563218,0.09803921568627451,9.735078534031414,nan,nan
4865558,3.0,8,649,5,4,503,135,12.897435897435898,0.268389662027833,0.0,0.16363636363636364,9.009741550695825,nan,nan
4912927,3.0,8,674,2,1,638,185,10.692737430167599,0.28996865203761757,0.0,0.019230769230769232,6.809090909090909,nan,nan
4915833,3.0,8,675,4,3,479,96,18.305732484076433,0.20041753653444677,0.0,0.45,9.52713987473904,nan,nan
4940890,3.0,8,683,3,2,530,89,22.083333333333332,0.16792452830188678,0.0,0.3181818181818182,8.652830188679244,nan,nan
5244934,3.0,8,656,6,6,274,27,22.833333333333332,0.09854014598540146,0.0,0.05555555555555555,15.567518248175183,nan,nan
5351422,3.0,8,654,4,3,487,88,18.611464968152866,0.1806981519507187,0.0,0.16666666666666666,13.620739219712526,nan,nan
5477477,3.0,8,678,2,2,586,134,15.48898678414097,0.22866894197952217,0.007936507936507936,0.06666666666666667,8.43839590443686,nan,nan
5499001,3.0,8,670,2,1,632,165,15.604938271604938,0.2610759493670886,0.0,0.16666666666666666,7.568512658227848,nan,nan
5503058,3.0,8,916,6,5,414,65,19.559055118110237,0.1570048309178744,0.0,0.14814814814814814,15.358695652173912,nan,nan
5503168,3.0,8,695,6,5,336,39,20.783505154639176,0.11607142857142858,0.0,0.03225806451612903,16.510416666666668,nan,nan
5503359,3.0,8,716,6,6,319,31,22.25581395348837,0.09717868338557993,0.0,0.0,14.74702194357367,nan,nan
5540718,3.0,8,663,6,6,333,47,17.68141592920354,0.14114114114114115,0.0,0.02564102564102564,7.962162162162162,nan,nan
5540722,3.0,8,691,5,5,426,35,30.070588235294117,0.08215962441314555,0.0,0.03571428571428571,6.879812206572771,nan,nan
5540733,3.0,8,641,4,3,490,56,28.0,0.11428571428571428,0.0,0.18181818181818182,7.295714285714286,nan,nan
5540847,3.0,8,869,6,6,375,39,23.4375,0.104,0.0,0.03333333333333333,7.113333333333333,nan,nan
5547018,3.0,8,649,6,5,388,68,15.945205479452055,0.17525773195876287,0.0,0.04081632653061224,7.95438144329897,nan,nan
5565253,3.0,8,670,4,5,385,39,26.551724137931036,0.1012987012987013,0.0,0.034482758620689655,7.089350649350649,nan,nan
5615881,3.0,8,1051,6,6,357,58,15.3,0.16246498599439776,0.0,0.0,7.985154061624649,nan,nan
5615968,3.0,8,642,6,5,378,70,15.971830985915492,0.18518518518518517,0.0,0.07142857142857142,7.837037037037037,nan,nan
5615986,3.0,8,685,5,4,343,49,19.41509433962264,0.14285714285714285,0.0,0.0625,6.352478134110788,nan,nan
5615988,3.0,8,671,6,5,356,53,18.736842105263158,0.14887640449438203,0.0,0.0625,8.445786516853932,nan,nan
5616015,3.0,8,657,2,1,624,131,15.157894736842104,0.20993589743589744,0.0,0.03,7.211378205128205,nan,nan
5633515,3.0,8,663,6,5,410,67,16.18421052631579,0.16341463414634147,0.0,0.01694915254237288,7.40170731707317,nan,nan
5692189,3.0,8,1527,6,5,401,57,18.090225563909776,0.14214463840399003,0.0,0.02040816326530612,6.464339152119701,nan,nan
5705278,3.0,8,643,8,7,323,56,14.681818181818182,0.17337461300309598,0.0,0.05263157894736842,9.176780185758513,nan,nan
5705752,3.0,8,682,5,4,434,64,18.869565217391305,0.14746543778801843,0.0,0.041666666666666664,7.763594470046083,nan,nan
5706077,3.0,8,656,5,5,382,43,22.693069306930692,0.112565445026178,0.0,0.02857142857142857,8.263089005235603,nan,nan
5706137,3.0,8,737,7,7,173,16,17.3,0.09248554913294797,0.0,0.0,10.510404624277456,nan,nan
5715345,3.0,8,923,4,3,491,71,20.17808219178082,0.1446028513238289,0.0,0.037037037037037035,5.238289205702648,nan,nan
5771585,3.0,8,720,6,5,355,34,23.152173913043477,0.09577464788732394,0.0,0.0,6.89943661971831,nan,nan
5771621,3.0,8,675,6,5,379,37,24.451612903225808,0.09762532981530343,0.0,0.03333333333333333,7.6509234828496036,nan,nan
5772092,3.0,8,729,8,7,335,39,19.326923076923077,0.11641791044776119,0.0,0.03225806451612903,9.408955223880596,nan,nan
5772102,3.0,8,725,5,4,359,39,21.979591836734695,0.10863509749303621,0.0,0.0,7.701392757660168,nan,nan
5772192,3.0,8,706,7,6,381,42,20.410714285714285,0.11023622047244094,0.0,0.0,8.419160104986876,nan,nan
5874746,3.0,8,729,6,6,364,48,18.2,0.13186813186813187,0.0,0.0,7.237912087912088,nan,nan
5874767,3.0,8,1278,8,7,245,25,17.926829268292682,0.10204081632653061,0.0,0.0,6.776326530612245,nan,nan
5874769,3.0,8,649,6,6,322,36,20.125,0.11180124223602485,0.0,0.0,6.682608695652174,nan,nan
5874787,3.0,8,1064,5,5,225,24,19.852941176470587,0.10666666666666667,0.0,0.0,6.35288888888889,nan,nan
5875173,3.0,8,712,4,4,95,6,20.357142857142858,0.06315789473684211,0.0,0.0,5.1021052631578945,nan,nan
5882173,3.0,8,665,8,7,273,37,15.452830188679245,0.13553113553113552,0.0,0.0,9.333333333333334,nan,nan
5969330,3.0,8,721,6,5,459,126,10.162361623616237,0.27450980392156865,0.0,0.00847457627118644,6.911328976034858,nan,nan
5969331,3.0,8,706,6,5,359,50,21.54,0.1392757660167131,0.0,0.15,6.694150417827298,nan,nan
5969362,3.0,8,672,5,5,449,53,23.84070796460177,0.11804008908685969,0.0,0.058823529411764705,5.776391982182628,nan,nan
6058407,3.0,8,696,7,7,329,82,10.556149732620321,0.24924012158054712,0.0,0.013333333333333334,7.4297872340425535,nan,nan
6062407,3.0,8,666,7,6,333,45,17.839285714285715,0.13513513513513514,0.0,0.027777777777777776,7.248948948948949,nan,nan
6109129,3.0,8,721,4,3,482,54,25.36842105263158,0.11203319502074689,0.0,0.05263157894736842,7.4385892116182575,nan,nan
6148097,3.0,8,725,4,4,458,74,20.818181818181817,0.1615720524017467,0.0,0.1724137931034483,7.433624454148472,nan,nan
6148143,3.0,8,677,5,4,437,50,23.410714285714285,0.11441647597254005,0.0,0.02564102564102564,7.260869565217392,nan,nan
6148208,3.0,8,646,3,3,319,59,16.084033613445378,0.18495297805642633,0.0,0.047619047619047616,6.292789968652038,nan,nan
6190357,3.0,8,710,2,2,494,58,26.464285714285715,0.11740890688259109,0.0,0.04878048780487805,5.178137651821863,nan,nan
6193396,3.0,8,658,6,5,370,23,31.714285714285715,0.062162162162162166,0.0,0.0,8.71081081081081,nan,nan
6193436,3.0,8,666,5,6,94,12,14.461538461538462,0.1276595744680851,0.0,0.2,14.427659574468086,nan,nan
4216956,3.0,9,910,6,5,363,65,14.142857142857142,0.1790633608815427,0.0,0.0,7.0749311294765835,nan,nan
4272243,3.0,9,646,2,1,600,228,7.964601769911504,0.38,0.0,0.009523809523809525,7.327,nan,nan
4344977,3.0,9,1187,5,5,384,85,13.552941176470588,0.22135416666666666,0.0,0.05263157894736842,8.190364583333333,nan,nan
4350946,3.0,9,690,5,5,394,43,24.122448979591837,0.10913705583756345,0.0,0.030303030303030304,8.186040609137056,nan,nan
4351935,3.0,9,775,6,5,369,64,16.900763358778626,0.17344173441734417,0.0,0.08571428571428572,7.814634146341463,nan,nan
4352377,3.0,9,716,5,4,428,70,18.47482014388489,0.16355140186915887,0.0,0.075,5.369859813084113,nan,nan
4358853,3.0,9,666,4,3,528,57,28.285714285714285,0.10795454545454546,0.0,0.0967741935483871,6.952651515151516,nan,nan
4359232,3.0,9,681,3,2,590,170,10.381231671554252,0.288135593220339,0.0,0.00641025641025641,8.542033898305085,nan,nan
4370045,3.0,9,720,4,3,467,95,15.653631284916202,0.20342612419700215,0.0,0.07142857142857142,8.600642398286938,nan,nan
4389353,3.0,9,650,5,4,462,93,15.84,0.2012987012987013,0.0,0.10638297872340426,10.365151515151515,nan,nan
4389414,3.0,9,645,5,5,422,75,18.48175182481752,0.17772511848341233,0.0,0.1724137931034483,10.565402843601897,nan,nan
4392729,3.0,9,652,4,3,478,82,17.925,0.17154811715481172,0.0,0.05660377358490566,8.403138075313807,nan,nan
4393045,3.0,9,936,4,3,438,61,20.215384615384615,0.13926940639269406,0.0,0.02,8.001369863013698,nan,nan
4440451,3.0,9,657,3,2,546,130,15.166666666666666,0.23809523809523808,0.008264462809917356,0.07352941176470588,10.695421245421246,nan,nan
4443744,3.0,9,710,7,6,399,108,11.97,0.2706766917293233,0.0,0.07692307692307693,14.74736842105263,nan,nan
4448887,3.0,9,666,6,6,333,35,21.25531914893617,0.10510510510510511,0.0,0.0,10.782582582582583,nan,nan
4469551,3.0,9,670,4,3,512,97,18.17751479289941,0.189453125,0.0,0.11627906976744186,8.070703125,nan,nan
4472905,3.0,9,816,4,3,463,72,19.84285714285714,0.15550755939524838,0.0,0.06818181818181818,9.208855291576674,nan,nan
4473229,3.0,9,673,4,4,446,76,16.51851851851852,0.17040358744394618,0.0,0.014925373134328358,7.905381165919283,nan,nan
4481970,3.0,9,642,3,2,494,54,29.64,0.10931174089068826,0.0,0.12,8.541902834008097,nan,nan
4482888,3.0,9,647,1,0,647,151,14.704545454545455,0.23338485316846985,0.0,0.04081632653061224,7.139876352395673,nan,nan
4487550,3.0,9,653,4,3,480,83,18.94736842105263,0.17291666666666666,0.0,0.0975609756097561,9.227916666666665,nan,nan
4487946,3.0,9,710,2,1,227,66,11.64102564102564,0.2907488986784141,0.0,0.08823529411764706,11.007488986784141,nan,nan
4504164,3.0,9,649,5,5,364,61,16.8,0.16758241758241757,0.0,0.046511627906976744,12.520054945054946,nan,nan
4527487,3.0,9,671,4,5,134,11,21.157894736842106,0.08208955223880597,0.0,0.0,21.514179104477613,nan,nan
4544584,3.0,9,672,4,3,540,73,23.823529411764707,0.13518518518518519,0.0,0.10810810810810811,8.315555555555555,nan,nan
4547202,3.0,9,696,5,4,436,48,24.0,0.11009174311926606,0.0,0.02631578947368421,9.91032110091743,nan,nan
4559519,3.0,9,991,6,5,358,61,16.78125,0.17039106145251395,0.0,0.05263157894736842,7.784357541899442,nan,nan
4575701,3.0,9,700,2,1,657,206,9.855,0.3135464231354642,0.0,0.01675977653631285,8.4337899543379,nan,nan
4579744,3.0,9,678,6,5,377,61,15.493150684931507,0.16180371352785147,0.0,0.0,8.594694960212202,nan,nan
4605892,3.0,9,678,2,3,41,2,20.5,0.04878048780487805,0.0,0.0,24.463414634146343,nan,nan
4668185,3.0,9,641,7,6,372,76,13.285714285714286,0.20430107526881722,0.0,0.034482758620689655,12.583333333333334,nan,nan
4705097,3.0,9,659,4,4,451,78,18.534246575342465,0.1729490022172949,0.0,0.09302325581395349,6.736585365853658,nan,nan
4724133,3.0,9,650,4,4,454,74,16.609756097560975,0.16299559471365638,0.0,0.0,6.785462555066079,nan,nan
4749525,3.0,9,805,3,2,526,58,25.868852459016395,0.11026615969581749,0.0,0.02040816326530612,6.465209125475285,nan,nan
4754626,3.0,9,1144,5,4,433,68,19.102941176470587,0.15704387990762125,0.0,0.075,9.345958429561202,nan,nan
4754956,3.0,9,647,5,4,419,94,13.372340425531915,0.2243436754176611,0.0,0.046153846153846156,8.900477326968975,nan,nan
4775763,3.0,9,718,6,5,449,72,17.493506493506494,0.1603563474387528,0.0,0.03773584905660377,8.693763919821826,nan,nan
4785421,3.0,9,773,4,4,460,55,24.424778761061948,0.11956521739130435,0.0,0.05555555555555555,7.417826086956521,nan,nan
4789937,3.0,9,678,4,4,524,71,24.184615384615384,0.13549618320610687,0.0,0.125,8.881870229007633,nan,nan
4792515,3.0,9,705,7,6,236,27,17.26829268292683,0.11440677966101695,0.0,0.0,11.729237288135593,nan,nan
4811115,3.0,9,643,4,3,483,48,28.41176470588235,0.09937888198757763,0.0,0.02857142857142857,7.807453416149069,nan,nan
4824328,3.0,9,688,4,3,355,38,25.357142857142858,0.10704225352112676,0.0,0.037037037037037035,7.843380281690141,nan,nan
4861227,3.0,9,710,7,6,240,33,15.319148936170214,0.1375,0.0,0.0,11.142916666666668,nan,nan
4861687,3.0,9,746,8,7,302,66,12.08,0.2185430463576159,0.0,0.0425531914893617,8.624503311258279,nan,nan
4862222,3.0,9,670,4,3,486,144,9.592105263157896,0.2962962962962963,0.0,0.0,8.571604938271605,nan,nan
4862380,3.0,9,660,3,2,522,75,22.21276595744681,0.14367816091954022,0.0,0.06666666666666667,7.844636015325671,nan,nan
4865550,3.0,9,642,5,5,382,95,12.32258064516129,0.2486910994764398,0.0,0.047619047619047616,10.824869109947645,nan,nan
4865558,3.0,9,649,5,4,503,135,12.120481927710843,0.268389662027833,0.0,0.07792207792207792,9.335984095427435,nan,nan
4912927,3.0,9,674,2,1,638,185,10.905982905982906,0.28996865203761757,0.0,0.02702702702702703,7.619278996865204,nan,nan
4915833,3.0,9,675,4,3,479,96,16.23728813559322,0.20041753653444677,0.0,0.07547169811320754,9.709394572025053,nan,nan
4940890,3.0,9,683,3,2,530,89,21.78082191780822,0.16792452830188678,0.0,0.21428571428571427,8.853584905660377,nan,nan
5244934,3.0,9,656,6,6,274,27,22.833333333333332,0.09854014598540146,0.0,0.05555555555555555,11.404744525547446,nan,nan
5351422,3.0,9,654,4,3,487,88,17.817073170731707,0.1806981519507187,0.0,0.08333333333333333,12.927926078028747,nan,nan
5477477,3.0,9,678,2,2,586,134,14.52892561983471,0.22866894197952217,0.0,0.03296703296703297,7.4325938566552905,nan,nan
5499001,3.0,9,670,2,1,632,165,15.477551020408164,0.2610759493670886,0.0,0.16,8.548417721518987,nan,nan
5503058,3.0,9,916,6,5,414,65,18.53731343283582,0.1570048309178744,0.0,0.07894736842105263,15.201932367149759,nan,nan
5503168,3.0,9,695,6,5,336,39,19.764705882352942,0.11607142857142858,0.0,0.0,16.77529761904762,nan,nan
5503359,3.0,9,716,6,6,319,31,22.25581395348837,0.09717868338557993,0.0,0.0,11.116614420062696,nan,nan
5540718,3.0,9,663,6,6,333,47,16.93220338983051,0.14114114114114115,0.0,0.0,7.2792792792792795,nan,nan
5540722,3.0,9,691,5,5,426,35,28.4,0.08215962441314555,0.0,0.0,6.694366197183099,nan,nan
5540733,3.0,9,641,4,3,490,56,28.54368932038835,0.11428571428571428,0.0,0.2,6.4636734693877544,nan,nan
5540847,3.0,9,869,6,6,375,39,23.93617021276596,0.104,0.0,0.03571428571428571,6.948266666666666,nan,nan
5547018,3.0,9,649,6,5,388,68,15.945205479452055,0.17525773195876287,0.0,0.04081632653061224,7.830154639175258,nan,nan
5565253,3.0,9,670,4,5,385,39,26.86046511627907,0.1012987012987013,0.0,0.03571428571428571,5.964675324675325,nan,nan
5615881,3.0,9,1051,6,6,357,58,15.3,0.16246498599439776,0.0,0.0,7.92436974789916,nan,nan
5615968,3.0,9,642,6,5,378,70,16.085106382978722,0.18518518518518517,0.0,0.075,7.974338624338625,nan,nan
5615986,3.0,9,685,5,4,343,49,18.880733944954127,0.14285714285714285,0.0,0.02631578947368421,7.291836734693877,nan,nan
5615988,3.0,9,671,6,5,356,53,18.736842105263158,0.14887640449438203,0.0,0.0625,7.85,nan,nan
5616015,3.0,9,657,2,1,624,131,18.08695652173913,0.20993589743589744,0.0,0.17777777777777778,6.983333333333334,nan,nan
5633515,3.0,9,663,6,5,410,67,16.18421052631579,0.16341463414634147,0.0,0.01694915254237288,8.58,nan,nan
5692189,3.0,9,1527,6,5,401,57,17.434782608695652,0.14214463840399003,0.0,0.0,9.171571072319203,nan,nan
5705278,3.0,9,643,8,7,323,56,14.043478260869565,0.17337461300309598,0.0,0.02127659574468085,11.264396284829722,nan,nan
5705752,3.0,9,682,5,4,434,64,18.6,0.14746543778801843,0.0,0.018867924528301886,8.595161290322581,nan,nan
5706077,3.0,9,656,5,5,382,43,21.62264150943396,0.112565445026178,0.0,0.0,8.168848167539267,nan,nan
5706137,3.0,9,737,7,7,173,16,17.3,0.09248554913294797,0.0,0.0,11.271676300578035,nan,nan
5715345,3.0,9,923,4,3,491,71,18.645569620253166,0.1446028513238289,0.0,0.0,5.683910386965377,nan,nan
5771585,3.0,9,720,6,5,355,34,23.152173913043477,0.09577464788732394,0.0,0.0,7.292957746478873,nan,nan
5771621,3.0,9,675,6,5,379,37,23.20408163265306,0.09762532981530343,0.0,0.0,6.372295514511873,nan,nan
5772092,3.0,9,729,8,7,335,39,18.272727272727273,0.11641791044776119,0.0,0.0,6.668358208955224,nan,nan
5772102,3.0,9,725,5,4,359,39,21.979591836734695,0.10863509749303621,0.0,0.0,5.91058495821727,nan,nan
5772192,3.0,9,706,7,6,381,42,20.410714285714285,0.11023622047244094,0.0,0.0,6.509186351706036,nan,nan
5874746,3.0,9,729,6,6,364,48,18.2,0.13186813186813187,0.0,0.0,5.454670329670329,nan,nan
5874767,3.0,9,1278,8,7,245,25,17.926829268292682,0.10204081632653061,0.0,0.0,7.856734693877551,nan,nan
5874769,3.0,9,649,6,6,322,36,20.125,0.11180124223602485,0.0,0.0,6.532919254658385,nan,nan
5874787,3.0,9,1064,5,5,225,24,19.852941176470587,0.10666666666666667,0.0,0.0,5.700444444444444,nan,nan
5875173,3.0,9,712,4,4,95,6,20.357142857142858,0.06315789473684211,0.0,0.0,7.688421052631579,nan,nan
5882173,3.0,9,665,8,7,273,37,15.452830188679245,0.13553113553113552,0.0,0.0,6.747619047619048,nan,nan
5969330,3.0,9,721,6,5,459,126,9.978260869565217,0.27450980392156865,0.0,0.0,7.533769063180828,nan,nan
5969331,3.0,9,706,6,5,359,50,21.54,0.1392757660167131,0.0,0.15,7.921727019498608,nan,nan
5969362,3.0,9,672,5,5,449,53,23.84070796460177,0.11804008908685969,0.0,0.058823529411764705,6.901113585746102,nan,nan
6058407,3.0,9,696,7,7,329,82,10.28125,0.24924012158054712,0.0,0.0,8.221276595744682,nan,nan
6062407,3.0,9,666,7,6,333,45,18.0,0.13513513513513514,0.0,0.027777777777777776,7.195195195195195,nan,nan
6109129,3.0,9,721,4,3,482,54,23.322580645161292,0.11203319502074689,0.0,0.0,5.886721991701245,nan,nan
6148097,3.0,9,725,4,4,458,74,21.637795275590552,0.1615720524017467,0.0,0.21739130434782608,6.884279475982533,nan,nan
6148143,3.0,9,677,5,4,437,50,23.410714285714285,0.11441647597254005,0.0,0.02564102564102564,7.465675057208238,nan,nan
6148208,3.0,9,646,3,3,319,59,15.435483870967742,0.18495297805642633,0.0,0.02,6.383385579937304,nan,nan
6190357,3.0,9,710,2,2,494,58,26.464285714285715,0.11740890688259109,0.0,0.04878048780487805,4.680161943319838,nan,nan
6193396,3.0,9,658,6,5,370,23,31.714285714285715,0.062162162162162166,0.0,0.0,8.941621621621621,nan,nan
6193436,3.0,9,666,5,6,94,12,12.818181818181818,0.1276595744680851,0.0,0.0,11.402127659574468,nan,nan
4216956,3.0,10,910,6,5,363,65,14.142857142857142,0.1790633608815427,0.0,0.0,6.302479338842976,nan,nan
4272243,3.0,10,646,2,1,600,228,7.758620689655173,0.38,0.0,0.0,7.603000000000001,nan,nan
4344977,3.0,10,1187,5,5,384,85,13.090909090909092,0.22135416666666666,0.0,0.03076923076923077,10.336979166666667,nan,nan
4350946,3.0,10,690,5,5,394,43,24.122448979591837,0.10913705583756345,0.0,0.030303030303030304,9.678680203045685,nan,nan
4351935,3.0,10,775,6,5,369,64,16.16058394160584,0.17344173441734417,0.0,0.046511627906976744,10.349864498644987,nan,nan
4352377,3.0,10,716,5,4,428,70,17.958041958041957,0.16355140186915887,0.0,0.0425531914893617,7.356542056074766,nan,nan
4358853,3.0,10,666,4,3,528,57,26.4,0.10795454545454546,0.0,0.022727272727272728,6.995643939393939,nan,nan
4359232,3.0,10,681,3,2,590,170,10.381231671554252,0.288135593220339,0.0,0.00641025641025641,6.765762711864407,nan,nan
4370045,3.0,10,720,4,3,467,95,14.74736842105263,0.20342612419700215,0.0,0.0273972602739726,8.422483940042827,nan,nan
4389353,3.0,10,650,5,4,462,93,13.92964824120603,0.2012987012987013,0.0,0.012048192771084338,10.754761904761905,nan,nan
4389414,3.0,10,645,5,5,422,75,18.085714285714285,0.17772511848341233,0.0,0.11428571428571428,11.379383886255924,nan,nan
4392729,3.0,10,652,4,3,478,82,16.674418604651162,0.17154811715481172,0.0,0.014084507042253521,10.01757322175732,nan,nan
4393045,3.0,10,936,4,3,438,61,20.215384615384615,0.13926940639269406,0.0,0.02,7.698858447488584,nan,nan
4440451,3.0,10,657,3,2,546,130,14.756756756756756,0.23809523809523808,0.008264462809917356,0.05263157894736842,8.472527472527473,nan,nan
4443744,3.0,10,710,7,6,399,108,11.345971563981042,0.2706766917293233,0.0,0.02857142857142857,11.817543859649122,nan,nan
4448887,3.0,10,666,6,6,333,35,21.25531914893617,0.10510510510510511,0.0,0.0,10.246846846846847,nan,nan
4469551,3.0,10,670,4,3,512,97,17.554285714285715,0.189453125,0.0,0.0784313725490196,9.099609375,nan,nan
4472905,3.0,10,816,4,3,463,72,18.276315789473685,0.15550755939524838,0.0,0.016129032258064516,8.590064794816413,nan,nan
4473229,3.0,10,673,4,4,446,76,16.725,0.17040358744394618,0.0,0.015384615384615385,9.007399103139013,nan,nan
4481970,3.0,10,642,3,2,494,54,27.962264150943398,0.10931174089068826,0.0,0.058823529411764705,6.439676113360323,nan,nan
4482888,3.0,10,647,1,0,647,151,14.704545454545455,0.23338485316846985,0.0,0.04081632653061224,6.302782071097373,nan,nan
4487550,3.0,10,653,4,3,480,83,19.072847682119207,0.17291666666666666,0.0,0.1,8.012083333333333,nan,nan
4487946,3.0,10,710,2,1,227,66,11.073170731707316,0.2907488986784141,0.0,0.046511627906976744,11.013656387665199,nan,nan
4504164,3.0,10,649,5,5,364,61,15.380281690140846,0.16758241758241757,0.0,0.0,10.55989010989011,nan,nan
4527487,3.0,10,671,4,5,134,11,21.157894736842106,0.08208955223880597,0.0,0.0,18.37313432835821,nan,nan
4544584,3.0,10,672,4,3,540,73,22.040816326530614,0.13518518518518519,0.0,0.03773584905660377,8.523888888888889,nan,nan
4547202,3.0,10,696,5,4,436,48,24.0,0.11009174311926606,0.0,0.02631578947368421,7.061697247706422,nan,nan
4559519,3.0,10,991,6,5,358,61,16.78125,0.17039106145251395,0.0,0.05263157894736842,9.407541899441341,nan,nan
4575701,3.0,10,700,2,1,657,206,9.567961165048544,0.3135464231354642,0.0,0.005128205128205128,8.43896499238965,nan,nan
4579744,3.0,10,678,6,5,377,61,15.493150684931507,0.16180371352785147,0.0,0.0,10.9710875331565,nan,nan
4605892,3.0,10,678,2,3,41,2,20.5,0.04878048780487805,0.0,0.0,23.03170731707317,nan,nan
4668185,3.0,10,641,7,6,372,76,12.4,0.20430107526881722,0.0,0.0,11.943010752688172,nan,nan
4705097,3.0,10,659,4,4,451,78,16.4,0.1729490022172949,0.0,0.014705882352941176,7.669623059866963,nan,nan
4724133,3.0,10,650,4,4,454,74,16.609756097560975,0.16299559471365638,0.0,0.0,7.318722466960352,nan,nan
4749525,3.0,10,805,3,2,526,58,24.65625,0.11026615969581749,0.0,0.0,6.424144486692015,nan,nan
4754626,3.0,10,1144,5,4,433,68,18.295774647887324,0.15704387990762125,0.0,0.04081632653061224,9.375057736720555,nan,nan
4754956,3.0,10,647,5,4,419,94,12.958762886597938,0.2243436754176611,0.0,0.02702702702702703,8.549403341288782,nan,nan
4775763,3.0,10,718,6,5,449,72,16.8375,0.1603563474387528,0.0,0.016129032258064516,8.130289532293986,nan,nan
4785421,3.0,10,773,4,4,460,55,23.19327731092437,0.11956521739130435,0.0,0.022222222222222223,7.079130434782609,nan,nan
4789937,3.0,10,678,4,4,524,71,22.140845070422536,0.13549618320610687,0.0,0.04,8.836832061068701,nan,nan
4792515,3.0,10,705,7,6,236,27,17.26829268292683,0.11440677966101695,0.0,0.0,10.16228813559322,nan,nan
4811115,3.0,10,643,4,3,483,48,28.41176470588235,0.09937888198757763,0.0,0.02857142857142857,7.326708074534162,nan,nan
4824328,3.0,10,688,4,3,355,38,25.357142857142858,0.10704225352112676,0.0,0.037037037037037035,7.223943661971831,nan,nan
4861227,3.0,10,710,7,6,240,33,15.319148936170214,0.1375,0.0,0.0,10.085,nan,nan
4861687,3.0,10,746,8,7,302,66,11.615384615384615,0.2185430463576159,0.0,0.01818181818181818,8.439403973509933,nan,nan
4862222,3.0,10,670,4,3,486,144,9.592105263157896,0.2962962962962963,0.0,0.0,7.132921810699588,nan,nan
4862380,3.0,10,660,3,2,522,75,21.306122448979593,0.14367816091954022,0.0,0.037037037037037035,6.348084291187739,nan,nan
4865550,3.0,10,642,5,5,382,95,11.875647668393782,0.2486910994764398,0.0,0.027777777777777776,9.558638743455498,nan,nan
4865558,3.0,10,649,5,4,503,135,11.345864661654135,0.268389662027833,0.0,0.02912621359223301,8.695626242544732,nan,nan
4912927,3.0,10,674,2,1,638,185,10.783098591549296,0.28996865203761757,0.0,0.01948051948051948,7.774294670846395,nan,nan
4915833,3.0,10,675,4,3,479,96,15.619565217391305,0.20041753653444677,0.0,0.047619047619047616,9.793110647181628,nan,nan
4940890,3.0,10,683,3,2,530,89,20.254777070063696,0.16792452830188678,0.0,0.09090909090909091,8.779245283018868,nan,nan
5244934,3.0,10,656,6,6,274,27,24.176470588235293,0.09854014598540146,0.0,0.06666666666666667,17.415693430656933,nan,nan
5351422,3.0,10,654,4,3,487,88,17.188235294117646,0.1806981519507187,0.0,0.05263157894736842,12.084804928131417,nan,nan
5477477,3.0,10,678,2,2,586,134,14.292682926829269,0.22866894197952217,0.0,0.02040816326530612,9.527645051194538,nan,nan
5499001,3.0,10,670,2,1,632,165,15.669421487603305,0.2610759493670886,0.0,0.14,8.77610759493671,nan,nan
5503058,3.0,10,916,6,5,414,65,20.032258064516128,0.1570048309178744,0.0,0.16666666666666666,12.582367149758454,nan,nan
5503168,3.0,10,695,6,5,336,39,19.764705882352942,0.11607142857142858,0.0,0.0,11.637202380952381,nan,nan
5503359,3.0,10,716,6,6,319,31,22.25581395348837,0.09717868338557993,0.0,0.0,14.659247648902822,nan,nan
5540718,3.0,10,663,6,6,333,47,16.93220338983051,0.14114114114114115,0.0,0.0,7.207207207207207,nan,nan
5540722,3.0,10,691,5,5,426,35,28.4,0.08215962441314555,0.0,0.0,6.161971830985915,nan,nan
5540733,3.0,10,641,4,3,490,56,26.01769911504425,0.11428571428571428,0.0,0.05555555555555555,5.480816326530612,nan,nan
5540847,3.0,10,869,6,6,375,39,22.058823529411764,0.104,0.0,0.0,6.7157333333333336,nan,nan
5547018,3.0,10,649,6,5,388,68,15.31578947368421,0.17525773195876287,0.0,0.017241379310344827,9.117010309278351,nan,nan
5565253,3.0,10,670,4,5,385,39,26.86046511627907,0.1012987012987013,0.0,0.03571428571428571,5.7020779220779225,nan,nan
5615881,3.0,10,1051,6,6,357,58,15.3,0.16246498599439776,0.0,0.0,7.2521008403361344,nan,nan
5615968,3.0,10,642,6,5,378,70,15.428571428571429,0.18518518518518517,0.0,0.041666666666666664,7.0089947089947096,nan,nan
5615986,3.0,10,685,5,4,343,49,18.880733944954127,0.14285714285714285,0.0,0.02631578947368421,6.590962099125364,nan,nan
5615988,3.0,10,671,6,5,356,53,18.736842105263158,0.14887640449438203,0.0,0.0625,7.4525280898876405,nan,nan
5616015,3.0,10,657,2,1,624,131,15.21951219512195,0.20993589743589744,0.0,0.030612244897959183,7.098397435897435,nan,nan
5633515,3.0,10,663,6,5,410,67,15.569620253164556,0.16341463414634147,0.0,0.0,8.517317073170732,nan,nan
5692189,3.0,10,1527,6,5,401,57,17.434782608695652,0.14214463840399003,0.0,0.0,9.694513715710723,nan,nan
5705278,3.0,10,643,8,7,323,56,13.458333333333334,0.17337461300309598,0.0,0.0,8.781733746130032,nan,nan
5705752,3.0,10,682,5,4,434,64,17.594594594594593,0.14746543778801843,0.0,0.0,7.167972350230415,nan,nan
5706077,3.0,10,656,5,5,382,43,21.62264150943396,0.112565445026178,0.0,0.0,7.664397905759163,nan,nan
5706137,3.0,10,737,7,7,173,16,17.3,0.09248554913294797,0.0,0.0,9.388439306358382,nan,nan
5715345,3.0,10,923,4,3,491,71,18.645569620253166,0.1446028513238289,0.0,0.0,6.683910386965377,nan,nan
5771585,3.0,10,720,6,5,355,34,23.152173913043477,0.09577464788732394,0.0,0.0,7.375774647887324,nan,nan
5771621,3.0,10,675,6,5,379,37,23.20408163265306,0.09762532981530343,0.0,0.0,5.428759894459103,nan,nan
5772092,3.0,10,729,8,7,335,39,18.272727272727273,0.11641791044776119,0.0,0.0,7.246865671641791,nan,nan
5772102,3.0,10,725,5,4,359,39,21.979591836734695,0.10863509749303621,0.0,0.0,6.843454038997215,nan,nan
5772192,3.0,10,706,7,6,381,42,20.410714285714285,0.11023622047244094,0.0,0.0,7.461417322834646,nan,nan
5874746,3.0,10,729,6,6,364,48,18.2,0.13186813186813187,0.0,0.0,6.418681318681319,nan,nan
5874767,3.0,10,1278,8,7,245,25,17.926829268292682,0.10204081632653061,0.0,0.0,7.164489795918367,nan,nan
5874769,3.0,10,649,6,6,322,36,20.125,0.11180124223602485,0.0,0.0,6.562422360248447,nan,nan
5874787,3.0,10,1064,5,5,225,24,19.852941176470587,0.10666666666666667,0.0,0.0,6.754666666666666,nan,nan
5875173,3.0,10,712,4,4,95,6,20.357142857142858,0.06315789473684211,0.0,0.0,8.290526315789474,nan,nan
5882173,3.0,10,665,8,7,273,37,15.452830188679245,0.13553113553113552,0.0,0.0,7.203663003663003,nan,nan
5969330,3.0,10,721,6,5,459,126,9.978260869565217,0.27450980392156865,0.0,0.0,7.038562091503268,nan,nan
5969331,3.0,10,706,6,5,359,50,20.32075471698113,0.1392757660167131,0.0,0.07142857142857142,8.390529247910862,nan,nan
5969362,3.0,10,672,5,5,449,53,22.638655462184875,0.11804008908685969,0.0,0.023255813953488372,6.868151447661471,nan,nan
6058407,3.0,10,696,7,7,329,82,10.28125,0.24924012158054712,0.0,0.0,7.7902735562310035,nan,nan
6062407,3.0,10,666,7,6,333,45,18.0,0.13513513513513514,0.0,0.027777777777777776,8.166666666666666,nan,nan
6109129,3.0,10,721,4,3,482,54,23.322580645161292,0.11203319502074689,0.0,0.0,6.373236514522822,nan,nan
6148097,3.0,10,725,4,4,458,74,19.769784172661872,0.1615720524017467,0.0,0.075,5.552838427947598,nan,nan
6148143,3.0,10,677,5,4,437,50,23.410714285714285,0.11441647597254005,0.0,0.02564102564102564,6.61487414187643,nan,nan
6148208,3.0,10,646,3,3,319,59,16.084033613445378,0.18495297805642633,0.0,0.022222222222222223,5.959247648902822,nan,nan
6190357,3.0,10,710,2,2,494,58,25.333333333333332,0.11740890688259109,0.0,0.020833333333333332,6.377327935222672,nan,nan
6193396,3.0,10,658,6,5,370,23,31.714285714285715,0.062162162162162166,0.0,0.0,8.292432432432433,nan,nan
6193436,3.0,10,666,5,6,94,12,12.818181818181818,0.1276595744680851,0.0,0.0,15.395744680851065,nan,nan
4216956,4.0,2,910,6,5,363,57,17.424,0.15702479338842976,0.03636363636363636,0.5263157894736842,7.279614325068871,nan,nan
4272243,4.0,2,646,2,1,600,179,10.227272727272727,0.29833333333333334,0.0,0.1015625,7.543500000000001,nan,nan
4344977,4.0,2,1187,5,5,384,79,13.879518072289157,0.20572916666666666,0.0,1.0,8.419791666666667,nan,nan
4350946,4.0,2,690,5,5,394,32,30.307692307692307,0.08121827411167512,0.03333333333333333,0.875,8.209390862944163,nan,nan
4351935,4.0,2,775,6,5,369,52,19.767857142857142,0.14092140921409213,0.04,1.0,11.564227642276423,nan,nan
4352377,4.0,2,716,5,4,428,53,25.176470588235293,0.12383177570093458,0.0,0.8,9.539018691588785,nan,nan
4358853,4.0,2,666,4,3,528,36,42.810810810810814,0.06818181818181818,0.06896551724137931,0.75,8.943371212121212,nan,nan
4359232,4.0,2,681,3,2,590,161,10.858895705521473,0.27288135593220336,0.04580152671755725,0.9318181818181818,7.750847457627119,nan,nan
4370045,4.0,2,720,4,3,467,84,19.324137931034482,0.17987152034261242,0.0,1.0,8.968308351177729,nan,nan
4389353,4.0,2,650,5,4,462,84,18.604026845637584,0.18181818181818182,0.0,0.9230769230769231,13.351515151515152,nan,nan
4389414,4.0,2,645,5,5,422,64,21.641025641025642,0.15165876777251186,0.0,0.9,9.680568720379146,nan,nan
4392729,4.0,2,652,4,3,478,62,25.83783783783784,0.1297071129707113,0.01639344262295082,1.0,8.532008368200838,nan,nan
4393045,4.0,2,936,4,3,438,55,26.545454545454547,0.12557077625570776,0.06666666666666667,0.8888888888888888,9.045662100456621,nan,nan
4440451,4.0,2,657,3,2,546,99,21.986577181208055,0.1813186813186813,0.07058823529411765,1.0,7.918498168498169,nan,nan
4443744,4.0,2,710,7,6,399,91,15.056603773584905,0.22807017543859648,0.022727272727272728,0.9166666666666666,13.501754385964912,nan,nan
4448887,4.0,2,666,6,6,333,28,25.615384615384617,0.08408408408408409,0.17391304347826086,1.0,14.89039039039039,nan,nan
4469551,4.0,2,670,4,3,512,85,22.26086956521739,0.166015625,0.0,0.9090909090909091,9.4525390625,nan,nan
4472905,4.0,2,816,4,3,463,63,24.803571428571427,0.13606911447084233,0.016666666666666666,1.0,8.361123110151187,nan,nan
4473229,4.0,2,673,4,4,446,62,20.584615384615386,0.13901345291479822,0.03389830508474576,0.8666666666666667,9.55201793721973,nan,nan
4481970,4.0,2,642,3,2,494,49,32.93333333333333,0.09919028340080972,0.0,1.0,8.505060728744938,nan,nan
4482888,4.0,2,647,1,0,647,128,18.31132075471698,0.19783616692426584,0.0,0.5666666666666667,8.416074188562597,nan,nan
4487550,4.0,2,653,4,3,480,59,25.714285714285715,0.12291666666666666,0.05660377358490566,0.9,7.94375,nan,nan
4487946,4.0,2,710,2,1,227,56,14.1875,0.24669603524229075,0.23529411764705882,1.0,12.262555066079294,nan,nan
4504164,4.0,2,649,5,5,364,48,21.203883495145632,0.13186813186813187,0.1111111111111111,0.9090909090909091,9.391758241758241,nan,nan
4527487,4.0,2,671,4,5,134,8,26.8,0.05970149253731343,0.0,0.25,13.940298507462687,nan,nan
4544584,4.0,2,672,4,3,540,55,31.45631067961165,0.10185185185185185,0.018518518518518517,0.8888888888888888,11.301666666666666,nan,nan
4547202,4.0,2,696,5,4,436,39,30.41860465116279,0.08944954128440367,0.02631578947368421,0.7777777777777778,12.78922018348624,nan,nan
4559519,4.0,2,991,6,5,358,46,20.854368932038835,0.12849162011173185,0.0975609756097561,0.8888888888888888,13.156145251396646,nan,nan
4575701,4.0,2,700,2,1,657,189,13.880281690140846,0.2876712328767123,0.060240963855421686,1.0,9.944748858447488,nan,nan
4579744,4.0,2,678,6,5,377,45,22.848484848484848,0.11936339522546419,0.022727272727272728,1.0,12.074005305039787,nan,nan
4605892,4.0,2,678,2,3,41,2,20.5,0.04878048780487805,0.0,0.0,10.158536585365853,nan,nan
4668185,4.0,2,641,7,6,372,70,15.942857142857143,0.1881720430107527,0.03225806451612903,0.8571428571428571,17.327956989247312,nan,nan
4705097,4.0,2,659,4,4,451,56,26.792079207920793,0.12416851441241686,0.01818181818181818,1.0,9.792239467849225,nan,nan
4724133,4.0,2,650,4,4,454,56,26.97029702970297,0.12334801762114538,0.01818181818181818,1.0,9.493392070484582,nan,nan
4749525,4.0,2,805,3,2,526,48,38.48780487804878,0.09125475285171103,0.07894736842105263,0.8571428571428571,8.152661596958175,nan,nan
4754626,4.0,2,1144,5,4,433,60,23.618181818181817,0.13856812933025403,0.038461538461538464,1.0,9.8635103926097,nan,nan
4754956,4.0,2,647,5,4,419,77,17.957142857142856,0.18377088305489261,0.0,0.8461538461538461,11.129832935560858,nan,nan
4775763,4.0,2,718,6,5,449,55,21.902439024390244,0.12249443207126949,0.03773584905660377,1.0,9.9271714922049,nan,nan
4785421,4.0,2,773,4,4,460,42,34.074074074074076,0.09130434782608696,0.08571428571428572,1.0,9.281739130434783,nan,nan
4789937,4.0,2,678,4,4,524,58,30.524271844660195,0.11068702290076336,0.017857142857142856,0.8888888888888888,9.849427480916031,nan,nan
4792515,4.0,2,705,7,6,236,19,23.21311475409836,0.08050847457627118,0.0625,0.5714285714285714,19.302966101694917,nan,nan
4811115,4.0,2,643,4,3,483,44,33.69767441860465,0.09109730848861283,0.0,1.0,9.065424430641823,nan,nan
4824328,4.0,2,688,4,3,355,33,30.428571428571427,0.09295774647887324,0.1,0.8333333333333334,8.673521126760564,nan,nan
4861227,4.0,2,710,7,6,240,25,20.281690140845072,0.10416666666666667,0.0,0.7142857142857143,12.441666666666666,nan,nan
4861687,4.0,2,746,8,7,302,58,14.26771653543307,0.19205298013245034,0.08333333333333333,1.0,12.221854304635762,nan,nan
4862222,4.0,2,670,4,3,486,118,13.315068493150685,0.24279835390946503,0.06862745098039216,1.0,8.87633744855967,nan,nan
4862380,4.0,2,660,3,2,522,62,29.27102803738318,0.11877394636015326,0.034482758620689655,0.8,7.610919540229885,nan,nan
4865550,4.0,2,642,5,5,382,77,16.37142857142857,0.20157068062827224,0.0,1.0,12.692146596858638,nan,nan
4865558,4.0,2,649,5,4,503,122,13.718181818181819,0.24254473161033796,0.10204081632653061,1.0,10.694234592445328,nan,nan
4912927,4.0,2,674,2,1,638,170,15.130434782608695,0.2664576802507837,0.056451612903225805,0.14084507042253522,8.026645768025078,nan,nan
4915833,4.0,2,675,4,3,479,78,21.60902255639098,0.162839248434238,0.07692307692307693,1.0,9.693528183716074,nan,nan
4940890,4.0,2,683,3,2,530,72,26.5,0.13584905660377358,0.014492753623188406,1.0,10.651509433962264,nan,nan
5244934,4.0,2,656,6,6,274,23,27.4,0.08394160583941605,0.045454545454545456,0.5,14.438686131386861,nan,nan
5351422,4.0,2,654,4,3,487,70,22.651162790697676,0.1437371663244353,0.0,0.9166666666666666,9.938193018480492,nan,nan
5477477,4.0,2,678,2,2,586,128,19.21311475409836,0.21843003412969283,0.08,0.9285714285714286,8.812116040955631,nan,nan
5499001,4.0,2,670,2,1,632,139,16.85333333333333,0.2199367088607595,0.0,0.3684210526315789,8.35268987341772,nan,nan
5503058,4.0,2,916,6,5,414,61,21.789473684210527,0.1473429951690821,0.016666666666666666,0.8888888888888888,10.406280193236714,nan,nan
5503168,4.0,2,695,6,5,336,28,26.181818181818183,0.08333333333333333,0.09090909090909091,0.7777777777777778,12.969345238095238,nan,nan
5503359,4.0,2,716,6,6,319,30,27.73913043478261,0.09404388714733543,0.45454545454545453,1.0,11.100626959247649,nan,nan
5540718,4.0,2,663,6,6,333,39,22.44943820224719,0.11711711711711711,0.0,1.0,10.634834834834836,nan,nan
5540722,4.0,2,691,5,5,426,30,37.04347826086956,0.07042253521126761,0.0,1.0,8.717605633802817,nan,nan
5540733,4.0,2,641,4,3,490,48,32.30769230769231,0.09795918367346938,0.02127659574468085,0.875,8.357142857142858,nan,nan
5540847,4.0,2,869,6,6,375,35,28.846153846153847,0.09333333333333334,0.0625,0.7142857142857143,10.372,nan,nan
5547018,4.0,2,649,6,5,388,65,18.330708661417322,0.16752577319587628,0.031746031746031744,0.9090909090909091,10.823711340206186,nan,nan
5565253,4.0,2,670,4,5,385,30,34.47761194029851,0.07792207792207792,0.1111111111111111,0.8333333333333334,8.747012987012987,nan,nan
5615881,4.0,2,1051,6,6,357,54,18.789473684210527,0.15126050420168066,0.0,1.0,12.80560224089636,nan,nan
5615968,4.0,2,642,6,5,378,68,17.858267716535433,0.17989417989417988,0.0,0.9090909090909091,11.622222222222222,nan,nan
5615986,4.0,2,685,5,4,343,40,23.655172413793103,0.11661807580174927,0.05263157894736842,0.875,11.429737609329447,nan,nan
5615988,4.0,2,671,6,5,356,40,24.272727272727273,0.11235955056179775,0.0,0.875,10.413483146067415,nan,nan
5616015,4.0,2,657,2,1,624,120,24.794701986754966,0.19230769230769232,0.22,1.0,8.253525641025641,nan,nan
5633515,4.0,2,663,6,5,410,52,17.82608695652174,0.12682926829268293,0.08695652173913043,1.0,11.452926829268293,nan,nan
5692189,4.0,2,1527,6,5,401,43,22.073394495412845,0.10723192019950124,0.10256410256410256,1.0,9.009725685785536,nan,nan
5705278,4.0,2,643,8,7,323,46,17.303571428571427,0.14241486068111456,0.0,0.9090909090909091,11.190092879256966,nan,nan
5705752,4.0,2,682,5,4,434,45,25.782178217821784,0.10368663594470046,0.022727272727272728,1.0,8.463594470046083,nan,nan
5706077,4.0,2,656,5,5,382,38,27.6144578313253,0.09947643979057591,0.05555555555555555,1.0,7.594502617801047,nan,nan
5706137,4.0,2,737,7,7,173,14,17.3,0.08092485549132948,0.2727272727272727,0.5714285714285714,10.490173410404624,nan,nan
5715345,4.0,2,923,4,3,491,58,25.17948717948718,0.11812627291242363,0.017857142857142856,0.9166666666666666,7.455193482688391,nan,nan
5771585,4.0,2,720,6,5,355,30,27.662337662337663,0.08450704225352113,0.03571428571428571,1.0,9.611267605633802,nan,nan
5771621,4.0,2,675,6,5,379,26,32.48571428571429,0.06860158311345646,0.0,0.8571428571428571,9.534300791556728,nan,nan
5772092,4.0,2,729,8,7,335,34,20.510204081632654,0.10149253731343283,0.0625,1.0,10.099402985074628,nan,nan
5772102,4.0,2,725,5,4,359,30,28.72,0.08356545961002786,0.0,0.875,8.418941504178273,nan,nan
5772192,4.0,2,706,7,6,381,32,26.58139534883721,0.08398950131233596,0.0,0.7777777777777778,9.001312335958005,nan,nan
5874746,4.0,2,729,6,6,364,45,22.515463917525775,0.12362637362637363,0.022727272727272728,1.0,8.602747252747253,nan,nan
5874767,4.0,2,1278,8,7,245,22,18.60759493670886,0.08979591836734693,0.15789473684210525,0.6666666666666666,10.43061224489796,nan,nan
5874769,4.0,2,649,6,6,322,26,27.211267605633804,0.08074534161490683,0.08695652173913043,0.7142857142857143,7.7807453416149075,nan,nan
5874787,4.0,2,1064,5,5,225,22,22.131147540983605,0.09777777777777778,0.0,0.7142857142857143,7.564444444444445,nan,nan
5875173,4.0,2,712,4,4,95,6,20.357142857142858,0.06315789473684211,0.0,0.25,8.606315789473685,nan,nan
5882173,4.0,2,665,8,7,273,35,17.804347826086957,0.1282051282051282,0.029411764705882353,0.7777777777777778,8.067765567765568,nan,nan
5969330,4.0,2,721,6,5,459,112,11.427385892116183,0.2440087145969499,0.00909090909090909,0.14285714285714285,8.333333333333334,nan,nan
5969331,4.0,2,706,6,5,359,42,23.67032967032967,0.116991643454039,0.0,0.7777777777777778,8.11949860724234,nan,nan
5969362,4.0,2,672,5,5,449,39,28.967741935483872,0.08685968819599109,0.08823529411764706,1.0,7.067928730512249,nan,nan
6058407,4.0,2,696,7,7,329,62,14.622222222222222,0.1884498480243161,0.05263157894736842,1.0,12.124924012158054,nan,nan
6062407,4.0,2,666,7,6,333,37,22.2,0.1111111111111111,0.0,1.0,9.233933933933935,nan,nan
6109129,4.0,2,721,4,3,482,45,30.442105263157895,0.09336099585062241,0.046511627906976744,1.0,6.84460580912863,nan,nan
6148097,4.0,2,725,4,4,458,57,26.679611650485437,0.12445414847161572,0.0,0.8888888888888888,8.225982532751091,nan,nan
6148143,4.0,2,677,5,4,437,37,29.795454545454547,0.08466819221967964,0.06060606060606061,0.8,8.044393592677345,nan,nan
6148208,4.0,2,646,3,3,319,53,16.358974358974358,0.16614420062695925,0.0,0.8125,7.490595611285267,nan,nan
6190357,4.0,2,710,2,2,494,48,32.93333333333333,0.09716599190283401,0.0,1.0,6.081781376518219,nan,nan
6193396,4.0,2,658,6,5,370,19,37.6271186440678,0.051351351351351354,0.0,0.5714285714285714,7.3924324324324315,nan,nan
6193436,4.0,2,666,5,6,94,11,14.842105263157896,0.11702127659574468,0.0,0.2,10.675531914893616,nan,nan
4216956,4.0,3,910,6,5,363,57,17.70731707317073,0.15702479338842976,0.0,0.5263157894736842,6.143526170798898,nan,nan
4272243,4.0,3,646,2,1,600,179,10.285714285714286,0.29833333333333334,0.0,0.08396946564885496,5.924666666666667,nan,nan
4344977,4.0,3,1187,5,5,384,79,14.67515923566879,0.20572916666666666,0.0,0.2571428571428571,7.3148437500000005,nan,nan
4350946,4.0,3,690,5,5,394,32,31.105263157894736,0.08121827411167512,0.0,0.6666666666666666,8.233502538071066,nan,nan
4351935,4.0,3,775,6,5,369,52,20.5,0.14092140921409213,0.0,0.6666666666666666,10.99539295392954,nan,nan
4352377,4.0,3,716,5,4,428,53,25.425742574257427,0.12383177570093458,0.0,0.6363636363636364,8.168691588785046,nan,nan
4358853,4.0,3,666,4,3,528,36,43.397260273972606,0.06818181818181818,0.06896551724137931,0.75,8.072727272727272,nan,nan
4359232,4.0,3,681,3,2,590,161,12.040816326530612,0.27288135593220336,0.029850746268656716,0.14583333333333334,9.316779661016948,nan,nan
4370045,4.0,3,720,4,3,467,84,19.458333333333332,0.17987152034261242,0.0,0.8461538461538461,9.950963597430407,nan,nan
4389353,4.0,3,650,5,4,462,84,18.857142857142858,0.18181818181818182,0.0,0.6666666666666666,14.524242424242424,nan,nan
4389414,4.0,3,645,5,5,422,64,21.641025641025642,0.15165876777251186,0.0,0.9,14.101658767772511,nan,nan
4392729,4.0,3,652,4,3,478,62,26.072727272727274,0.1297071129707113,0.0,1.0,10.280962343096235,nan,nan
4393045,4.0,3,936,4,3,438,55,27.09278350515464,0.12557077625570776,0.043478260869565216,0.7,10.821689497716894,nan,nan
4440451,4.0,3,657,3,2,546,99,23.070422535211268,0.1813186813186813,0.022222222222222223,0.9,8.967032967032967,nan,nan
4443744,4.0,3,710,7,6,399,91,15.056603773584905,0.22807017543859648,0.011235955056179775,0.8461538461538461,14.01779448621554,nan,nan
4448887,4.0,3,666,6,6,333,28,27.75,0.08408408408408409,0.0,0.5555555555555556,13.910810810810812,nan,nan
4469551,4.0,3,670,4,3,512,85,22.100719424460433,0.166015625,0.0,0.8333333333333334,8.941015625,nan,nan
4472905,4.0,3,816,4,3,463,63,25.027027027027028,0.13606911447084233,0.016666666666666666,0.7272727272727273,8.704967602591793,nan,nan
4473229,4.0,3,673,4,4,446,62,21.408,0.13901345291479822,0.0,0.47619047619047616,6.870179372197309,nan,nan
4481970,4.0,3,642,3,2,494,49,32.93333333333333,0.09919028340080972,0.0,1.0,7.209514170040486,nan,nan
4482888,4.0,3,647,1,0,647,128,15.283464566929133,0.19783616692426584,0.0,0.1566265060240964,6.909428129829984,nan,nan
4487550,4.0,3,653,4,3,480,59,26.422018348623855,0.12291666666666666,0.03773584905660377,0.75,8.437083333333334,nan,nan
4487946,4.0,3,710,2,1,227,56,14.041237113402062,0.24669603524229075,0.09090909090909091,1.0,8.217180616740087,nan,nan
4504164,4.0,3,649,5,5,364,48,21.84,0.13186813186813187,0.05128205128205128,0.5333333333333333,5.928021978021978,nan,nan
4527487,4.0,3,671,4,5,134,8,26.8,0.05970149253731343,0.0,0.25,10.597014925373134,nan,nan
4544584,4.0,3,672,4,3,540,55,32.4,0.10185185185185185,0.0,0.7,9.239814814814816,nan,nan
4547202,4.0,3,696,5,4,436,39,30.776470588235295,0.08944954128440367,0.0,0.7777777777777778,10.427293577981652,nan,nan
4559519,4.0,3,991,6,5,358,46,21.48,0.12849162011173185,0.023255813953488372,0.5384615384615384,10.162011173184357,nan,nan
4575701,4.0,3,700,2,1,657,189,11.492711370262391,0.2876712328767123,0.0,0.7954545454545454,6.3025875190258756,nan,nan
4579744,4.0,3,678,6,5,377,45,23.31958762886598,0.11936339522546419,0.0,0.8,8.709018567639259,nan,nan
4605892,4.0,3,678,2,3,41,2,20.5,0.04878048780487805,0.0,0.0,13.234146341463415,nan,nan
4668185,4.0,3,641,7,6,372,70,15.829787234042554,0.1881720430107527,0.03225806451612903,0.8,12.480645161290322,nan,nan
4705097,4.0,3,659,4,4,451,56,27.333333333333332,0.12416851441241686,0.0,0.7777777777777778,9.21951219512195,nan,nan
4724133,4.0,3,650,4,4,454,56,22.89075630252101,0.12334801762114538,0.0,0.14705882352941177,7.759030837004405,nan,nan
4749525,4.0,3,805,3,2,526,48,38.96296296296296,0.09125475285171103,0.05,0.8571428571428571,7.305703422053233,nan,nan
4754626,4.0,3,1144,5,4,433,60,24.055555555555557,0.13856812933025403,0.018518518518518517,0.8,8.608314087759815,nan,nan
4754956,4.0,3,647,5,4,419,77,18.761194029850746,0.18377088305489261,0.013513513513513514,0.6923076923076923,9.060143198090692,nan,nan
4775763,4.0,3,718,6,5,449,55,23.63157894736842,0.12249443207126949,0.0,0.5714285714285714,8.938975501113585,nan,nan
4785421,4.0,3,773,4,4,460,42,34.5,0.09130434782608696,0.02631578947368421,1.0,8.184565217391304,nan,nan
4789937,4.0,3,678,4,4,524,58,30.524271844660195,0.11068702290076336,0.017857142857142856,0.8888888888888888,7.607824427480916,nan,nan
4792515,4.0,3,705,7,6,236,19,23.21311475409836,0.08050847457627118,0.0625,0.5714285714285714,15.509745762711866,nan,nan
4811115,4.0,3,643,4,3,483,44,33.69767441860465,0.09109730848861283,0.0,0.875,7.550724637681159,nan,nan
4824328,4.0,3,688,4,3,355,33,31.791044776119403,0.09295774647887324,0.0,0.8333333333333334,8.145352112676056,nan,nan
4861227,4.0,3,710,7,6,240,25,20.571428571428573,0.10416666666666667,0.1,0.7142857142857143,12.239166666666668,nan,nan
4861687,4.0,3,746,8,7,302,58,14.612903225806452,0.19205298013245034,0.0,0.6923076923076923,10.607615894039736,nan,nan
4862222,4.0,3,670,4,3,486,118,12.049586776859504,0.24279835390946503,0.0,0.12195121951219512,8.114197530864198,nan,nan
4862380,4.0,3,660,3,2,522,62,30.115384615384617,0.11877394636015326,0.03571428571428571,0.8888888888888888,7.510153256704982,nan,nan
4865550,4.0,3,642,5,5,382,77,16.25531914893617,0.20157068062827224,0.0,1.0,9.305497382198952,nan,nan
4865558,4.0,3,649,5,4,503,122,14.303317535545023,0.24254473161033796,0.02702702702702703,0.6296296296296297,9.158250497017894,nan,nan
4912927,4.0,3,674,2,1,638,170,13.337979094076655,0.2664576802507837,0.032467532467532464,0.1780821917808219,8.702978056426332,nan,nan
4915833,4.0,3,675,4,3,479,78,21.938931297709924,0.162839248434238,0.013333333333333334,0.9090909090909091,10.146346555323591,nan,nan
4940890,4.0,3,683,3,2,530,72,26.722689075630253,0.13584905660377358,0.014492753623188406,0.8181818181818182,8.405283018867925,nan,nan
5244934,4.0,3,656,6,6,274,23,27.864406779661017,0.08394160583941605,0.0,0.2857142857142857,13.361678832116787,nan,nan
5351422,4.0,3,654,4,3,487,70,23.19047619047619,0.1437371663244353,0.0,0.6,10.051950718685832,nan,nan
5477477,4.0,3,678,2,2,586,128,16.128440366972477,0.21843003412969283,0.0,0.21568627450980393,7.8858361774744035,nan,nan
5499001,4.0,3,670,2,1,632,139,17.15837104072398,0.2199367088607595,0.0,0.3,7.921677215189874,nan,nan
5503058,4.0,3,916,6,5,414,61,21.98230088495575,0.1473429951690821,0.017543859649122806,0.5833333333333334,11.244685990338164,nan,nan
5503168,4.0,3,695,6,5,336,28,28.0,0.08333333333333333,0.041666666666666664,0.36363636363636365,9.85654761904762,nan,nan
5503359,4.0,3,716,6,6,319,30,25.52,0.09404388714733543,0.08,0.5,11.950470219435736,nan,nan
5540718,4.0,3,663,6,6,333,39,22.2,0.11711711711711711,0.0,1.0,9.982882882882883,nan,nan
5540722,4.0,3,691,5,5,426,30,37.588235294117645,0.07042253521126761,0.0,0.7142857142857143,6.654929577464789,nan,nan
5540733,4.0,3,641,4,3,490,48,32.30769230769231,0.09795918367346938,0.0,0.7777777777777778,7.684897959183673,nan,nan
5540847,4.0,3,869,6,6,375,35,27.4390243902439,0.09333333333333334,0.030303030303030304,0.6666666666666666,9.477066666666667,nan,nan
5547018,4.0,3,649,6,5,388,65,17.770992366412212,0.16752577319587628,0.0,0.2692307692307692,9.430154639175258,nan,nan
5565253,4.0,3,670,4,5,385,30,36.09375,0.07792207792207792,0.0,0.5,6.01038961038961,nan,nan
5615881,4.0,3,1051,6,6,357,54,18.62608695652174,0.15126050420168066,0.0,0.3684210526315789,9.806722689075631,nan,nan
5615968,4.0,3,642,6,5,378,68,18.9,0.17989417989417988,0.07547169811320754,0.6666666666666666,9.600793650793651,nan,nan
5615986,4.0,3,685,5,4,343,40,26.050632911392405,0.11661807580174927,0.0,0.7142857142857143,7.7,nan,nan
5615988,4.0,3,671,6,5,356,40,26.048780487804876,0.11235955056179775,0.0,0.7142857142857143,8.895786516853933,nan,nan
5616015,4.0,3,657,2,1,624,120,20.129032258064516,0.19230769230769232,0.0,0.7368421052631579,7.075801282051282,nan,nan
5633515,4.0,3,663,6,5,410,52,20.0,0.12682926829268293,0.02040816326530612,0.23333333333333334,8.952926829268293,nan,nan
5692189,4.0,3,1527,6,5,401,43,24.303030303030305,0.10723192019950124,0.0,0.6666666666666666,9.980049875311721,nan,nan
5705278,4.0,3,643,8,7,323,46,17.303571428571427,0.14241486068111456,0.0,1.0,11.842105263157896,nan,nan
5705752,4.0,3,682,5,4,434,45,28.933333333333334,0.10368663594470046,0.0,0.6666666666666666,7.143548387096774,nan,nan
5706077,4.0,3,656,5,5,382,38,28.296296296296298,0.09947643979057591,0.0,1.0,8.810732984293193,nan,nan
5706137,4.0,3,737,7,7,173,14,19.22222222222222,0.08092485549132948,0.0,0.1,12.23815028901734,nan,nan
5715345,4.0,3,923,4,3,491,58,27.53271028037383,0.11812627291242363,0.017857142857142856,0.9,8.04541751527495,nan,nan
5771585,4.0,3,720,6,5,355,30,30.0,0.08450704225352113,0.0,0.7142857142857143,7.916056338028168,nan,nan
5771621,4.0,3,675,6,5,379,26,33.44117647058823,0.06860158311345646,0.0,0.4444444444444444,7.068601583113456,nan,nan
5772092,4.0,3,729,8,7,335,34,21.612903225806452,0.10149253731343283,0.0,0.46153846153846156,6.477611940298507,nan,nan
5772102,4.0,3,725,5,4,359,30,28.342105263157894,0.08356545961002786,0.0,0.7777777777777778,6.997214484679666,nan,nan
5772192,4.0,3,706,7,6,381,32,27.542168674698797,0.08398950131233596,0.0,0.5,6.8212598425196855,nan,nan
5874746,4.0,3,729,6,6,364,45,22.515463917525775,0.12362637362637363,0.0,0.6363636363636364,7.803296703296703,nan,nan
5874767,4.0,3,1278,8,7,245,22,20.136986301369863,0.08979591836734693,0.0,0.25,9.477142857142857,nan,nan
5874769,4.0,3,649,6,6,322,26,27.211267605633804,0.08074534161490683,0.0,0.5555555555555556,7.600931677018633,nan,nan
5874787,4.0,3,1064,5,5,225,22,22.5,0.09777777777777778,0.0,0.4444444444444444,7.584888888888888,nan,nan
5875173,4.0,3,712,4,4,95,6,20.357142857142858,0.06315789473684211,0.0,0.25,8.274736842105263,nan,nan
5882173,4.0,3,665,8,7,273,35,18.82758620689655,0.1282051282051282,0.0,0.23076923076923078,9.196336996336996,nan,nan
5969330,4.0,3,721,6,5,459,112,11.523012552301255,0.2440087145969499,0.0,0.09411764705882353,8.560566448801744,nan,nan
5969331,4.0,3,706,6,5,359,42,24.202247191011235,0.116991643454039,0.0,0.45454545454545453,7.462952646239554,nan,nan
5969362,4.0,3,672,5,5,449,39,30.96551724137931,0.08685968819599109,0.02702702702702703,0.42857142857142855,6.398218262806236,nan,nan
6058407,4.0,3,696,7,7,329,62,13.804195804195805,0.1884498480243161,0.01694915254237288,0.5217391304347826,9.513373860182371,nan,nan
6062407,4.0,3,666,7,6,333,37,22.2,0.1111111111111111,0.0,1.0,9.05015015015015,nan,nan
6109129,4.0,3,721,4,3,482,45,32.86363636363637,0.09336099585062241,0.0,0.7777777777777778,6.488174273858921,nan,nan
6148097,4.0,3,725,4,4,458,57,26.423076923076923,0.12445414847161572,0.0,0.8,8.792794759825327,nan,nan
6148143,4.0,3,677,5,4,437,37,32.370370370370374,0.08466819221967964,0.02857142857142857,0.38461538461538464,6.609153318077802,nan,nan
6148208,4.0,3,646,3,3,319,53,17.88785046728972,0.16614420062695925,0.0,0.16129032258064516,7.31692789968652,nan,nan
6190357,4.0,3,710,2,2,494,48,33.68181818181818,0.09716599190283401,0.0,0.8,6.313967611336032,nan,nan
6193396,4.0,3,658,6,5,370,19,38.94736842105263,0.051351351351351354,0.0,0.2222222222222222,7.63,nan,nan
6193436,4.0,3,666,5,6,94,11,14.842105263157896,0.11702127659574468,0.0,0.2,11.374468085106383,nan,nan
4216956,4.0,4,910,6,5,363,57,18.0,0.15702479338842976,0.0,0.23076923076923078,4.519834710743802,nan,nan
4272243,4.0,4,646,2,1,600,179,10.315186246418339,0.29833333333333334,0.0,0.04964539007092199,6.316,nan,nan
4344977,4.0,4,1187,5,5,384,79,14.67515923566879,0.20572916666666666,0.0,0.21621621621621623,7.254166666666666,nan,nan
4350946,4.0,4,690,5,5,394,32,30.7012987012987,0.08121827411167512,0.0,0.1875,8.260913705583757,nan,nan
4351935,4.0,4,775,6,5,369,52,20.31192660550459,0.14092140921409213,0.0,0.4666666666666667,9.334959349593495,nan,nan
4352377,4.0,4,716,5,4,428,53,25.425742574257427,0.12383177570093458,0.0,0.46153846153846156,7.6892523364485985,nan,nan
4358853,4.0,4,666,4,3,528,36,43.397260273972606,0.06818181818181818,0.03225806451612903,0.5,6.110984848484848,nan,nan
4359232,4.0,4,681,3,2,590,161,11.568627450980392,0.27288135593220336,0.0,0.08411214953271028,7.5640677966101695,nan,nan
4370045,4.0,4,720,4,3,467,84,18.80536912751678,0.17987152034261242,0.0,0.5789473684210527,9.457173447537473,nan,nan
4389353,4.0,4,650,5,4,462,84,18.857142857142858,0.18181818181818182,0.0,0.6666666666666666,10.36082251082251,nan,nan
4389414,4.0,4,645,5,5,422,64,21.82758620689655,0.15165876777251186,0.0,0.8,11.144549763033176,nan,nan
4392729,4.0,4,652,4,3,478,62,28.11764705882353,0.1297071129707113,0.018867924528301886,1.0,9.476359832635984,nan,nan
4393045,4.0,4,936,4,3,438,55,26.28,0.12557077625570776,0.043478260869565216,0.7272727272727273,9.300684931506849,nan,nan
4440451,4.0,4,657,3,2,546,99,23.23404255319149,0.1813186813186813,0.022222222222222223,0.9,10.312087912087911,nan,nan
4443744,4.0,4,710,7,6,399,91,15.056603773584905,0.22807017543859648,0.0,0.4,12.389223057644111,nan,nan
4448887,4.0,4,666,6,6,333,28,27.75,0.08408408408408409,0.0,0.36363636363636365,12.033933933933934,nan,nan
4469551,4.0,4,670,4,3,512,85,24.975609756097562,0.166015625,0.05,0.8333333333333334,8.7228515625,nan,nan
4472905,4.0,4,816,4,3,463,63,25.254545454545454,0.13606911447084233,0.0,1.0,10.638660907127429,nan,nan
4473229,4.0,4,673,4,4,446,62,21.75609756097561,0.13901345291479822,0.0,0.38095238095238093,10.394618834080717,nan,nan
4481970,4.0,4,642,3,2,494,49,34.06896551724138,0.09919028340080972,0.0,0.6,9.375101214574899,nan,nan
4482888,4.0,4,647,1,0,647,128,18.574162679425836,0.19783616692426584,0.0,0.24444444444444444,7.167542503863987,nan,nan
4487550,4.0,4,653,4,3,480,59,27.169811320754718,0.12291666666666666,0.017857142857142856,0.8,8.874166666666667,nan,nan
4487946,4.0,4,710,2,1,227,56,14.48936170212766,0.24669603524229075,0.06666666666666667,0.8888888888888888,9.70704845814978,nan,nan
4504164,4.0,4,649,5,5,364,48,21.0,0.13186813186813187,0.0,0.4117647058823529,8.224450549450548,nan,nan
4527487,4.0,4,671,4,5,134,8,26.8,0.05970149253731343,0.0,0.25,14.5455223880597,nan,nan
4544584,4.0,4,672,4,3,540,55,32.07920792079208,0.10185185185185185,0.0,0.46153846153846156,13.493888888888888,nan,nan
4547202,4.0,4,696,5,4,436,39,30.776470588235295,0.08944954128440367,0.0,0.38461538461538464,10.565825688073394,nan,nan
4559519,4.0,4,991,6,5,358,46,21.696969696969695,0.12849162011173185,0.023255813953488372,0.5384615384615384,12.121787709497207,nan,nan
4575701,4.0,4,700,2,1,657,189,14.492647058823529,0.2876712328767123,0.01694915254237288,0.7916666666666666,9.112480974124809,nan,nan
4579744,4.0,4,678,6,5,377,45,22.396039603960396,0.11936339522546419,0.0,0.5,11.23342175066313,nan,nan
4605892,4.0,4,678,2,3,41,2,20.5,0.04878048780487805,0.0,0.0,20.058536585365854,nan,nan
4668185,4.0,4,641,7,6,372,70,16.057553956834532,0.1881720430107527,0.03225806451612903,0.5882352941176471,14.464784946236557,nan,nan
4705097,4.0,4,659,4,4,451,56,27.612244897959183,0.12416851441241686,0.0,0.4166666666666667,10.790243902439023,nan,nan
4724133,4.0,4,650,4,4,454,56,27.515151515151516,0.12334801762114538,0.0,0.5454545454545454,10.318942731277533,nan,nan
4749525,4.0,4,805,3,2,526,48,36.275862068965516,0.09125475285171103,0.0,0.5,8.731749049429657,nan,nan
4754626,4.0,4,1144,5,4,433,60,26.510204081632654,0.13856812933025403,0.05,0.42857142857142855,9.747344110854504,nan,nan
4754956,4.0,4,647,5,4,419,77,18.761194029850746,0.18377088305489261,0.0,0.75,9.921718377088306,nan,nan
4775763,4.0,4,718,6,5,449,55,23.42608695652174,0.12249443207126949,0.0,0.5333333333333333,10.45523385300668,nan,nan
4785421,4.0,4,773,4,4,460,42,34.936708860759495,0.09130434782608696,0.02631578947368421,0.6666666666666666,9.324347826086957,nan,nan
4789937,4.0,4,678,4,4,524,58,29.38317757009346,0.11068702290076336,0.0,0.6666666666666666,8.671946564885497,nan,nan
4792515,4.0,4,705,7,6,236,19,23.21311475409836,0.08050847457627118,0.0625,0.3333333333333333,15.792372881355933,nan,nan
4811115,4.0,4,643,4,3,483,44,34.09411764705882,0.09109730848861283,0.0,0.6,9.174534161490683,nan,nan
4824328,4.0,4,688,4,3,355,33,31.323529411764707,0.09295774647887324,0.0,0.2727272727272727,8.189577464788734,nan,nan
4861227,4.0,4,710,7,6,240,25,20.869565217391305,0.10416666666666667,0.045454545454545456,0.4444444444444444,10.00375,nan,nan
4861687,4.0,4,746,8,7,302,58,14.852459016393443,0.19205298013245034,0.0,0.6153846153846154,8.9,nan,nan
4862222,4.0,4,670,4,3,486,118,12.252100840336135,0.24279835390946503,0.0,0.07954545454545454,9.06625514403292,nan,nan
4862380,4.0,4,660,3,2,522,62,28.472727272727273,0.11877394636015326,0.0,0.8181818181818182,6.504789272030651,nan,nan
4865550,4.0,4,642,5,5,382,77,16.25531914893617,0.20157068062827224,0.0,0.8,9.741623036649216,nan,nan
4865558,4.0,4,649,5,4,503,122,14.509615384615385,0.24254473161033796,0.008547008547008548,0.6538461538461539,9.538568588469184,nan,nan
4912927,4.0,4,674,2,1,638,170,13.622775800711743,0.2664576802507837,0.0125,0.14666666666666667,7.811598746081505,nan,nan
4915833,4.0,4,675,4,3,479,78,21.44776119402985,0.162839248434238,0.0,0.47058823529411764,8.321085594989562,nan,nan
4940890,4.0,4,683,3,2,530,72,26.722689075630253,0.13584905660377358,0.0,0.8181818181818182,8.124528301886793,nan,nan
5244934,4.0,4,656,6,6,274,23,27.864406779661017,0.08394160583941605,0.0,0.2857142857142857,16.35948905109489,nan,nan
5351422,4.0,4,654,4,3,487,70,23.19047619047619,0.1437371663244353,0.0,0.4444444444444444,10.65441478439425,nan,nan
5477477,4.0,4,678,2,2,586,128,16.128440366972477,0.21843003412969283,0.0,0.21568627450980393,8.42372013651877,nan,nan
5499001,4.0,4,670,2,1,632,139,16.928571428571427,0.2199367088607595,0.0,0.20408163265306123,8.102848101265822,nan,nan
5503058,4.0,4,916,6,5,414,61,21.789473684210527,0.1473429951690821,0.0,0.3125,11.667149758454105,nan,nan
5503168,4.0,4,695,6,5,336,28,28.0,0.08333333333333333,0.041666666666666664,0.2,11.756845238095238,nan,nan
5503359,4.0,4,716,6,6,319,30,25.864864864864863,0.09404388714733543,0.037037037037037035,0.23076923076923078,10.287147335423198,nan,nan
5540718,4.0,4,663,6,6,333,39,22.704545454545453,0.11711711711711711,0.027777777777777776,0.25,8.177477477477478,nan,nan
5540722,4.0,4,691,5,5,426,30,37.588235294117645,0.07042253521126761,0.0,0.7142857142857143,7.942723004694836,nan,nan
5540733,4.0,4,641,4,3,490,48,31.612903225806452,0.09795918367346938,0.0,0.8888888888888888,8.511224489795918,nan,nan
5540847,4.0,4,869,6,6,375,35,27.77777777777778,0.09333333333333334,0.0,0.3333333333333333,7.8232,nan,nan
5547018,4.0,4,649,6,5,388,65,18.1875,0.16752577319587628,0.0,0.5294117647058824,8.125257731958763,nan,nan
5565253,4.0,4,670,4,5,385,30,36.666666666666664,0.07792207792207792,0.0,1.0,6.002337662337663,nan,nan
5615881,4.0,4,1051,6,6,357,54,18.62608695652174,0.15126050420168066,0.0,0.2857142857142857,7.161064425770308,nan,nan
5615968,4.0,4,642,6,5,378,68,17.71875,0.17989417989417988,0.0,0.3888888888888889,8.865608465608465,nan,nan
5615986,4.0,4,685,5,4,343,40,24.211764705882352,0.11661807580174927,0.0,0.6,8.979008746355685,nan,nan
5615988,4.0,4,671,6,5,356,40,25.428571428571427,0.11235955056179775,0.0,0.5555555555555556,7.9230337078651685,nan,nan
5616015,4.0,4,657,2,1,624,120,19.705263157894738,0.19230769230769232,0.0,0.4666666666666667,7.1112179487179485,nan,nan
5633515,4.0,4,663,6,5,410,52,20.16393442622951,0.12682926829268293,0.0,0.07894736842105263,8.765365853658537,nan,nan
5692189,4.0,4,1527,6,5,401,43,25.326315789473686,0.10723192019950124,0.0,0.46153846153846156,9.236658354114713,nan,nan
5705278,4.0,4,643,8,7,323,46,17.303571428571427,0.14241486068111456,0.0,0.4375,11.737151702786377,nan,nan
5705752,4.0,4,682,5,4,434,45,29.258426966292134,0.10368663594470046,0.0,0.6,8.115668202764976,nan,nan
5706077,4.0,4,656,5,5,382,38,28.65,0.09947643979057591,0.0,0.75,8.388743455497382,nan,nan
5706137,4.0,4,737,7,7,173,14,19.22222222222222,0.08092485549132948,0.0,0.1,11.50520231213873,nan,nan
5715345,4.0,4,923,4,3,491,58,26.303571428571427,0.11812627291242363,0.0,0.6428571428571429,6.924643584521385,nan,nan
5771585,4.0,4,720,6,5,355,30,28.4,0.08450704225352113,0.0,0.3333333333333333,8.505352112676057,nan,nan
5771621,4.0,4,675,6,5,379,26,33.940298507462686,0.06860158311345646,0.0,0.2727272727272727,8.652506596306068,nan,nan
5772092,4.0,4,729,8,7,335,34,21.612903225806452,0.10149253731343283,0.0,0.3333333333333333,8.467164179104477,nan,nan
5772102,4.0,4,725,5,4,359,30,29.10810810810811,0.08356545961002786,0.0,0.4166666666666667,8.289972144846796,nan,nan
5772192,4.0,4,706,7,6,381,32,27.878048780487806,0.08398950131233596,0.0,0.3333333333333333,5.86010498687664,nan,nan
5874746,4.0,4,729,6,6,364,45,22.285714285714285,0.12362637362637363,0.0,0.5833333333333334,7.31978021978022,nan,nan
5874767,4.0,4,1278,8,7,245,22,20.136986301369863,0.08979591836734693,0.0,0.14285714285714285,9.835510204081633,nan,nan
5874769,4.0,4,649,6,6,322,26,28.41176470588235,0.08074534161490683,0.0,0.4444444444444444,7.485403726708075,nan,nan
5874787,4.0,4,1064,5,5,225,22,23.275862068965516,0.09777777777777778,0.0,0.375,7.696444444444444,nan,nan
5875173,4.0,4,712,4,4,95,6,20.357142857142858,0.06315789473684211,0.0,0.0,9.10421052631579,nan,nan
5882173,4.0,4,665,8,7,273,35,18.40449438202247,0.1282051282051282,0.0,0.3333333333333333,7.9593406593406595,nan,nan
5969330,4.0,4,721,6,5,459,112,11.523012552301255,0.2440087145969499,0.0,0.043010752688172046,7.333115468409586,nan,nan
5969331,4.0,4,706,6,5,359,42,24.477272727272727,0.116991643454039,0.0,0.45454545454545453,6.315320334261838,nan,nan
5969362,4.0,4,672,5,5,449,39,30.613636363636363,0.08685968819599109,0.0,0.46153846153846156,5.797995545657016,nan,nan
6058407,4.0,4,696,7,7,329,62,14.201438848920864,0.1884498480243161,0.0,0.22580645161290322,8.786018237082066,nan,nan
6062407,4.0,4,666,7,6,333,37,22.2,0.1111111111111111,0.0,0.5,7.807807807807808,nan,nan
6109129,4.0,4,721,4,3,482,45,31.096774193548388,0.09336099585062241,0.0,0.5833333333333334,5.888589211618258,nan,nan
6148097,4.0,4,725,4,4,458,57,27.207920792079207,0.12445414847161572,0.0,0.7,7.649126637554586,nan,nan
6148143,4.0,4,677,5,4,437,37,32.775,0.08466819221967964,0.0,0.2857142857142857,7.5720823798627,nan,nan
6148208,4.0,4,646,3,3,319,53,17.88785046728972,0.16614420062695925,0.0,0.12121212121212122,7.802194357366772,nan,nan
6190357,4.0,4,710,2,2,494,48,34.46511627906977,0.09716599190283401,0.0,0.6363636363636364,6.7647773279352235,nan,nan
6193396,4.0,4,658,6,5,370,19,38.94736842105263,0.051351351351351354,0.0,0.2222222222222222,8.428648648648648,nan,nan
6193436,4.0,4,666,5,6,94,11,14.842105263157896,0.11702127659574468,0.0,0.2,16.05,nan,nan
4216956,4.0,5,910,6,5,363,57,17.852459016393443,0.15702479338842976,0.0,0.16666666666666666,5.671349862258952,nan,nan
4272243,4.0,5,646,2,1,600,179,10.315186246418339,0.29833333333333334,0.0,0.034013605442176874,5.7795,nan,nan
4344977,4.0,5,1187,5,5,384,79,14.582278481012658,0.20572916666666666,0.0,0.1111111111111111,7.206770833333334,nan,nan
4350946,4.0,5,690,5,5,394,32,30.7012987012987,0.08121827411167512,0.0,0.1875,8.157106598984772,nan,nan
4351935,4.0,5,775,6,5,369,52,20.69158878504673,0.14092140921409213,0.0,0.5,9.26368563685637,nan,nan
4352377,4.0,5,716,5,4,428,53,25.176470588235293,0.12383177570093458,0.0,0.3125,7.662149532710281,nan,nan
4358853,4.0,5,666,4,3,528,36,43.397260273972606,0.06818181818181818,0.03225806451612903,0.45454545454545453,8.257765151515152,nan,nan
4359232,4.0,5,681,3,2,590,161,11.95945945945946,0.27288135593220336,0.006944444444444444,0.08108108108108109,8.20322033898305,nan,nan
4370045,4.0,5,720,4,3,467,84,19.19178082191781,0.17987152034261242,0.0,0.5555555555555556,9.409850107066381,nan,nan
4389353,4.0,5,650,5,4,462,84,18.857142857142858,0.18181818181818182,0.0,0.6666666666666666,11.614069264069263,nan,nan
4389414,4.0,5,645,5,5,422,64,21.45762711864407,0.15165876777251186,0.0,0.4666666666666667,10.806161137440759,nan,nan
4392729,4.0,5,652,4,3,478,62,25.83783783783784,0.1297071129707113,0.0,0.6666666666666666,10.328870292887029,nan,nan
4393045,4.0,5,936,4,3,438,55,26.816326530612244,0.12557077625570776,0.02,0.7,9.23972602739726,nan,nan
4440451,4.0,5,657,3,2,546,99,23.070422535211268,0.1813186813186813,0.010752688172043012,0.6666666666666666,10.898351648351648,nan,nan
4443744,4.0,5,710,7,6,399,91,14.869565217391305,0.22807017543859648,0.0,0.36363636363636365,13.102005012531327,nan,nan
4448887,4.0,5,666,6,6,333,28,27.0,0.08408408408408409,0.0,0.2,11.078078078078079,nan,nan
4469551,4.0,5,670,4,3,512,85,22.26086956521739,0.166015625,0.0,0.9090909090909091,9.3955078125,nan,nan
4472905,4.0,5,816,4,3,463,63,25.027027027027028,0.13606911447084233,0.0,0.7272727272727273,8.178617710583152,nan,nan
4473229,4.0,5,673,4,4,446,62,21.238095238095237,0.13901345291479822,0.0,0.14705882352941177,8.240134529147982,nan,nan
4481970,4.0,5,642,3,2,494,49,33.68181818181818,0.09919028340080972,0.0,0.38461538461538464,7.521052631578947,nan,nan
4482888,4.0,5,647,1,0,647,128,18.485714285714284,0.19783616692426584,0.0,0.20408163265306123,6.648995363214837,nan,nan
4487550,4.0,5,653,4,3,480,59,26.666666666666668,0.12291666666666666,0.0,0.5384615384615384,9.933958333333333,nan,nan
4487946,4.0,5,710,2,1,227,56,14.336842105263157,0.24669603524229075,0.02,0.5,7.640088105726872,nan,nan
4504164,4.0,5,649,5,5,364,48,21.0,0.13186813186813187,0.0,0.16,7.151923076923078,nan,nan
4527487,4.0,5,671,4,5,134,8,26.8,0.05970149253731343,0.0,0.25,12.87910447761194,nan,nan
4544584,4.0,5,672,4,3,540,55,32.4,0.10185185185185185,0.0,0.5,10.608333333333333,nan,nan
4547202,4.0,5,696,5,4,436,39,30.776470588235295,0.08944954128440367,0.0,0.26666666666666666,8.756192660550457,nan,nan
4559519,4.0,5,991,6,5,358,46,20.653846153846153,0.12849162011173185,0.0,0.22727272727272727,11.453072625698324,nan,nan
4575701,4.0,5,700,2,1,657,189,11.042016806722689,0.2876712328767123,0.0,0.07633587786259542,5.974124809741248,nan,nan
4579744,4.0,5,678,6,5,377,45,22.176470588235293,0.11936339522546419,0.0,0.17391304347826086,8.86816976127321,nan,nan
4605892,4.0,5,678,2,3,41,2,20.5,0.04878048780487805,0.0,0.0,15.78780487804878,nan,nan
4668185,4.0,5,641,7,6,372,70,15.287671232876713,0.1881720430107527,0.015384615384615385,0.2413793103448276,11.301075268817204,nan,nan
4705097,4.0,5,659,4,4,451,56,27.612244897959183,0.12416851441241686,0.0,0.4166666666666667,7.44789356984479,nan,nan
4724133,4.0,5,650,4,4,454,56,22.89075630252101,0.12334801762114538,0.0,0.07692307692307693,7.3211453744493395,nan,nan
4749525,4.0,5,805,3,2,526,48,37.57142857142857,0.09125475285171103,0.0,0.45454545454545453,6.772813688212928,nan,nan
4754626,4.0,5,1144,5,4,433,60,24.055555555555557,0.13856812933025403,0.018518518518518517,0.4,8.133025404157044,nan,nan
4754956,4.0,5,647,5,4,419,77,18.761194029850746,0.18377088305489261,0.0,0.6923076923076923,9.282816229116944,nan,nan
4775763,4.0,5,718,6,5,449,55,23.42608695652174,0.12249443207126949,0.0,0.4117647058823529,8.406458797327394,nan,nan
4785421,4.0,5,773,4,4,460,42,34.074074074074076,0.09130434782608696,0.0,0.4166666666666667,8.899130434782608,nan,nan
4789937,4.0,5,678,4,4,524,58,29.11111111111111,0.11068702290076336,0.0,0.4375,9.03263358778626,nan,nan
4792515,4.0,5,705,7,6,236,19,22.125,0.08050847457627118,0.0,0.06666666666666667,12.345762711864406,nan,nan
4811115,4.0,5,643,4,3,483,44,33.69767441860465,0.09109730848861283,0.0,0.4166666666666667,8.561076604554865,nan,nan
4824328,4.0,5,688,4,3,355,33,31.323529411764707,0.09295774647887324,0.0,0.2727272727272727,7.870140845070423,nan,nan
4861227,4.0,5,710,7,6,240,25,19.2,0.10416666666666667,0.0,0.05263157894736842,11.719583333333333,nan,nan
4861687,4.0,5,746,8,7,302,58,14.15625,0.19205298013245034,0.0,0.14285714285714285,10.075496688741723,nan,nan
4862222,4.0,5,670,4,3,486,118,12.30379746835443,0.24279835390946503,0.0,0.042105263157894736,8.278395061728395,nan,nan
4862380,4.0,5,660,3,2,522,62,29.82857142857143,0.11877394636015326,0.0,0.8,5.894636015325671,nan,nan
4865550,4.0,5,642,5,5,382,77,16.37142857142857,0.20157068062827224,0.0,0.42857142857142855,9.39083769633508,nan,nan
4865558,4.0,5,649,5,4,503,122,14.371428571428572,0.24254473161033796,0.008547008547008548,0.5333333333333333,7.901192842942346,nan,nan
4912927,4.0,5,674,2,1,638,170,11.85139318885449,0.2664576802507837,0.0,0.03787878787878788,7.929467084639499,nan,nan
4915833,4.0,5,675,4,3,479,78,21.44776119402985,0.162839248434238,0.0,0.47058823529411764,7.82901878914405,nan,nan
4940890,4.0,5,683,3,2,530,72,26.5,0.13584905660377358,0.0,0.6153846153846154,6.675094339622642,nan,nan
5244934,4.0,5,656,6,6,274,23,27.864406779661017,0.08394160583941605,0.0,0.2857142857142857,13.680656934306569,nan,nan
5351422,4.0,5,654,4,3,487,70,23.19047619047619,0.1437371663244353,0.0,0.4444444444444444,9.745995893223819,nan,nan
5477477,4.0,5,678,2,2,586,128,15.626666666666667,0.21843003412969283,0.0,0.19298245614035087,8.391467576791808,nan,nan
5499001,4.0,5,670,2,1,632,139,17.15837104072398,0.2199367088607595,0.0,0.21739130434782608,7.1645569620253164,nan,nan
5503058,4.0,5,916,6,5,414,61,21.789473684210527,0.1473429951690821,0.0,0.3125,11.957004830917874,nan,nan
5503168,4.0,5,695,6,5,336,28,28.0,0.08333333333333333,0.041666666666666664,0.125,16.77261904761905,nan,nan
5503359,4.0,5,716,6,6,319,30,25.18421052631579,0.09404388714733543,0.0,0.21428571428571427,11.99717868338558,nan,nan
5540718,4.0,5,663,6,6,333,39,21.717391304347824,0.11711711711711711,0.0,0.08695652173913043,8.175075075075076,nan,nan
5540722,4.0,5,691,5,5,426,30,37.04347826086956,0.07042253521126761,0.0,0.25,7.319718309859154,nan,nan
5540733,4.0,5,641,4,3,490,48,32.30769230769231,0.09795918367346938,0.0,0.3333333333333333,6.979387755102041,nan,nan
5540847,4.0,5,869,6,6,375,35,27.4390243902439,0.09333333333333334,0.0,0.45454545454545453,8.181333333333333,nan,nan
5547018,4.0,5,649,6,5,388,65,17.50375939849624,0.16752577319587628,0.0,0.11428571428571428,8.170618556701031,nan,nan
5565253,4.0,5,670,4,5,385,30,35.53846153846154,0.07792207792207792,0.0,0.25,6.467272727272728,nan,nan
5615881,4.0,5,1051,6,6,357,54,18.62608695652174,0.15126050420168066,0.0,0.2727272727272727,7.916526610644257,nan,nan
5615968,4.0,5,642,6,5,378,68,18.9,0.17989417989417988,0.03389830508474576,0.35294117647058826,9.537830687830688,nan,nan
5615986,4.0,5,685,5,4,343,40,25.725,0.11661807580174927,0.0,0.4,8.508746355685131,nan,nan
5615988,4.0,5,671,6,5,356,40,25.734939759036145,0.11235955056179775,0.0,0.4,8.603651685393258,nan,nan
5616015,4.0,5,657,2,1,624,120,20.02139037433155,0.19230769230769232,0.0,0.3333333333333333,6.8046474358974365,nan,nan
5633515,4.0,5,663,6,5,410,52,20.330578512396695,0.12682926829268293,0.0,0.07894736842105263,7.357073170731708,nan,nan
5692189,4.0,5,1527,6,5,401,43,24.804123711340207,0.10723192019950124,0.0,0.29411764705882354,7.720698254364089,nan,nan
5705278,4.0,5,643,8,7,323,46,16.85217391304348,0.14241486068111456,0.0,0.14814814814814814,10.235294117647058,nan,nan
5705752,4.0,5,682,5,4,434,45,29.93103448275862,0.10368663594470046,0.0,0.3333333333333333,7.3177419354838715,nan,nan
5706077,4.0,5,656,5,5,382,38,28.65,0.09947643979057591,0.0,0.5,7.7471204188481675,nan,nan
5706137,4.0,5,737,7,7,173,14,19.22222222222222,0.08092485549132948,0.0,0.1,10.250289017341041,nan,nan
5715345,4.0,5,923,4,3,491,58,27.53271028037383,0.11812627291242363,0.0,0.4666666666666667,9.019348268839105,nan,nan
5771585,4.0,5,720,6,5,355,30,28.026315789473685,0.08450704225352113,0.0,0.1875,8.301408450704225,nan,nan
5771621,4.0,5,675,6,5,379,26,33.44117647058823,0.06860158311345646,0.0,0.14285714285714285,8.248021108179419,nan,nan
5772092,4.0,5,729,8,7,335,34,20.9375,0.10149253731343283,0.0,0.07692307692307693,8.01641791044776,nan,nan
5772102,4.0,5,725,5,4,359,30,28.72,0.08356545961002786,0.0,0.10526315789473684,6.173537604456825,nan,nan
5772192,4.0,5,706,7,6,381,32,27.542168674698797,0.08398950131233596,0.0,0.2,6.4246719160104995,nan,nan
5874746,4.0,5,729,6,6,364,45,23.23404255319149,0.12362637362637363,0.0,0.38461538461538464,5.391483516483516,nan,nan
5874767,4.0,5,1278,8,7,245,22,19.864864864864863,0.08979591836734693,0.0,0.058823529411764705,8.892244897959184,nan,nan
5874769,4.0,5,649,6,6,322,26,28.0,0.08074534161490683,0.0,0.14285714285714285,7.6944099378881985,nan,nan
5874787,4.0,5,1064,5,5,225,22,22.131147540983605,0.09777777777777778,0.0,0.0625,7.909777777777778,nan,nan
5875173,4.0,5,712,4,4,95,6,20.357142857142858,0.06315789473684211,0.0,0.0,8.374736842105264,nan,nan
5882173,4.0,5,665,8,7,273,35,18.82758620689655,0.1282051282051282,0.0,0.23076923076923078,7.983150183150183,nan,nan
5969330,4.0,5,721,6,5,459,112,11.719148936170212,0.2440087145969499,0.0,0.044444444444444446,6.855119825708061,nan,nan
5969331,4.0,5,706,6,5,359,42,23.67032967032967,0.116991643454039,0.0,0.26666666666666666,7.664345403899722,nan,nan
5969362,4.0,5,672,5,5,449,39,32.07142857142857,0.08685968819599109,0.0,0.38461538461538464,6.273273942093541,nan,nan
6058407,4.0,5,696,7,7,329,62,14.1,0.1884498480243161,0.0,0.13513513513513514,8.100911854103343,nan,nan
6062407,4.0,5,666,7,6,333,37,21.483870967741936,0.1111111111111111,0.0,0.14285714285714285,6.415315315315316,nan,nan
6109129,4.0,5,721,4,3,482,45,32.49438202247191,0.09336099585062241,0.0,0.3333333333333333,5.881950207468879,nan,nan
6148097,4.0,5,725,4,4,458,57,27.207920792079207,0.12445414847161572,0.0,0.3333333333333333,6.398908296943231,nan,nan
6148143,4.0,5,677,5,4,437,37,32.370370370370374,0.08466819221967964,0.0,0.26666666666666666,7.2558352402746,nan,nan
6148208,4.0,5,646,3,3,319,53,17.559633027522935,0.16614420062695925,0.0,0.05263157894736842,7.483385579937304,nan,nan
6190357,4.0,5,710,2,2,494,48,35.285714285714285,0.09716599190283401,0.0,0.35714285714285715,6.448178137651822,nan,nan
6193396,4.0,5,658,6,5,370,19,38.94736842105263,0.051351351351351354,0.0,0.2222222222222222,8.936216216216216,nan,nan
6193436,4.0,5,666,5,6,94,11,14.842105263157896,0.11702127659574468,0.0,0.2,13.143617021276595,nan,nan
4216956,4.0,6,910,6,5,363,57,17.56451612903226,0.15702479338842976,0.0,0.11428571428571428,6.646005509641873,nan,nan
4272243,4.0,6,646,2,1,600,179,10.315186246418339,0.29833333333333334,0.0,0.02666666666666667,6.4591666666666665,nan,nan
4344977,4.0,6,1187,5,5,384,79,14.4,0.20572916666666666,0.0,0.08,7.620833333333334,nan,nan
4350946,4.0,6,690,5,5,394,32,30.7012987012987,0.08121827411167512,0.0,0.10526315789473684,7.493654822335025,nan,nan
4351935,4.0,6,775,6,5,369,52,19.767857142857142,0.14092140921409213,0.0,0.15384615384615385,9.299728997289973,nan,nan
4352377,4.0,6,716,5,4,428,53,25.68,0.12383177570093458,0.0,0.35714285714285715,7.15981308411215,nan,nan
4358853,4.0,6,666,4,3,528,36,42.24,0.06818181818181818,0.0,0.17647058823529413,6.402083333333334,nan,nan
4359232,4.0,6,681,3,2,590,161,11.60655737704918,0.27288135593220336,0.0,0.0625,8.05406779661017,nan,nan
4370045,4.0,6,720,4,3,467,84,18.43421052631579,0.17987152034261242,0.0,0.22580645161290322,8.750963597430406,nan,nan
4389353,4.0,6,650,5,4,462,84,18.72972972972973,0.18181818181818182,0.0,0.47368421052631576,9.551515151515153,nan,nan
4389414,4.0,6,645,5,5,422,64,21.641025641025642,0.15165876777251186,0.0,0.2631578947368421,9.855450236966824,nan,nan
4392729,4.0,6,652,4,3,478,62,28.11764705882353,0.1297071129707113,0.018867924528301886,0.7272727272727273,10.676150627615062,nan,nan
4393045,4.0,6,936,4,3,438,55,26.019801980198018,0.12557077625570776,0.02,0.4,9.24566210045662,nan,nan
4440451,4.0,6,657,3,2,546,99,23.4,0.1813186813186813,0.010752688172043012,0.7272727272727273,9.22069597069597,nan,nan
4443744,4.0,6,710,7,6,399,91,14.421686746987952,0.22807017543859648,0.0,0.14705882352941177,11.570426065162907,nan,nan
4448887,4.0,6,666,6,6,333,28,26.289473684210527,0.08408408408408409,0.0,0.047619047619047616,7.6882882882882875,nan,nan
4469551,4.0,6,670,4,3,512,85,24.188976377952756,0.166015625,0.03125,0.42105263157894735,9.5923828125,nan,nan
4472905,4.0,6,816,4,3,463,63,22.585365853658537,0.13606911447084233,0.0,0.16666666666666666,7.421814254859612,nan,nan
4473229,4.0,6,673,4,4,446,62,21.580645161290324,0.13901345291479822,0.0,0.11764705882352941,9.639237668161435,nan,nan
4481970,4.0,6,642,3,2,494,49,33.68181818181818,0.09919028340080972,0.0,0.25,7.57165991902834,nan,nan
4482888,4.0,6,647,1,0,647,128,15.105058365758754,0.19783616692426584,0.0,0.00819672131147541,7.357959814528594,nan,nan
4487550,4.0,6,653,4,3,480,59,25.714285714285715,0.12291666666666666,0.0,0.21739130434782608,8.483749999999999,nan,nan
4487946,4.0,6,710,2,1,227,56,14.64516129032258,0.24669603524229075,0.0,0.46153846153846156,10.799118942731278,nan,nan
4504164,4.0,6,649,5,5,364,48,21.203883495145632,0.13186813186813187,0.0,0.11538461538461539,7.907692307692308,nan,nan
4527487,4.0,6,671,4,5,134,8,25.125,0.05970149253731343,0.0,0.0,14.149999999999999,nan,nan
4544584,4.0,6,672,4,3,540,55,31.153846153846153,0.10185185185185185,0.0,0.19047619047619047,9.494814814814815,nan,nan
4547202,4.0,6,696,5,4,436,39,30.06896551724138,0.08944954128440367,0.0,0.15,8.960779816513762,nan,nan
4559519,4.0,6,991,6,5,358,46,19.527272727272727,0.12849162011173185,0.0,0.05714285714285714,9.412849162011174,nan,nan
4575701,4.0,6,700,2,1,657,189,10.859504132231406,0.2876712328767123,0.0,0.04794520547945205,8.485083713850837,nan,nan
4579744,4.0,6,678,6,5,377,45,21.75,0.11936339522546419,0.0,0.1111111111111111,9.960477453580902,nan,nan
4605892,4.0,6,678,2,3,41,2,20.5,0.04878048780487805,0.0,0.0,21.463414634146343,nan,nan
4668185,4.0,6,641,7,6,372,70,15.08108108108108,0.1881720430107527,0.0,0.1875,11.786021505376343,nan,nan
4705097,4.0,6,659,4,4,451,56,27.612244897959183,0.12416851441241686,0.0,0.4166666666666667,9.074279379157428,nan,nan
4724133,4.0,6,650,4,4,454,56,22.512396694214875,0.12334801762114538,0.0,0.045454545454545456,7.797356828193832,nan,nan
4749525,4.0,6,805,3,2,526,48,36.275862068965516,0.09125475285171103,0.0,0.23529411764705882,6.168821292775665,nan,nan
4754626,4.0,6,1144,5,4,433,60,23.834862385321102,0.13856812933025403,0.018518518518518517,0.2777777777777778,7.413163972286374,nan,nan
4754956,4.0,6,647,5,4,419,77,18.35036496350365,0.18377088305489261,0.0,0.3333333333333333,7.512887828162292,nan,nan
4775763,4.0,6,718,6,5,449,55,23.42608695652174,0.12249443207126949,0.0,0.15384615384615385,8.103118040089088,nan,nan
4785421,4.0,6,773,4,4,460,42,33.25301204819277,0.09130434782608696,0.0,0.16666666666666666,7.356739130434782,nan,nan
4789937,4.0,6,678,4,4,524,58,28.071428571428573,0.11068702290076336,0.0,0.20833333333333334,6.258396946564885,nan,nan
4792515,4.0,6,705,7,6,236,19,21.454545454545453,0.08050847457627118,0.0,0.0,9.976271186440679,nan,nan
4811115,4.0,6,643,4,3,483,44,32.561797752808985,0.09109730848861283,0.0,0.2222222222222222,7.929399585921325,nan,nan
4824328,4.0,6,688,4,3,355,33,30.428571428571427,0.09295774647887324,0.0,0.13333333333333333,6.356338028169014,nan,nan
4861227,4.0,6,710,7,6,240,25,19.2,0.10416666666666667,0.0,0.05263157894736842,9.004583333333333,nan,nan
4861687,4.0,6,746,8,7,302,58,14.15625,0.19205298013245034,0.0,0.14285714285714285,8.805960264900662,nan,nan
4862222,4.0,6,670,4,3,486,118,12.099585062240664,0.24279835390946503,0.0,0.019417475728155338,6.961316872427983,nan,nan
4862380,4.0,6,660,3,2,522,62,29.27102803738318,0.11877394636015326,0.0,0.5,6.284674329501915,nan,nan
4865550,4.0,6,642,5,5,382,77,16.140845070422536,0.20157068062827224,0.0,0.25925925925925924,8.181151832460733,nan,nan
4865558,4.0,6,649,5,4,503,122,13.972222222222221,0.24254473161033796,0.008547008547008548,0.22916666666666666,7.394234592445328,nan,nan
4912927,4.0,6,674,2,1,638,170,11.778461538461539,0.2664576802507837,0.0,0.029411764705882353,8.596394984326018,nan,nan
4915833,4.0,6,675,4,3,479,78,21.938931297709924,0.162839248434238,0.0,0.5333333333333333,9.563256784968685,nan,nan
4940890,4.0,6,683,3,2,530,72,26.065573770491802,0.13584905660377358,0.0,0.3888888888888889,8.946981132075472,nan,nan
5244934,4.0,6,656,6,6,274,23,27.864406779661017,0.08394160583941605,0.0,0.2857142857142857,14.924087591240875,nan,nan
5351422,4.0,6,654,4,3,487,70,22.30534351145038,0.1437371663244353,0.0,0.16129032258064516,10.3088295687885,nan,nan
5477477,4.0,6,678,2,2,586,128,15.353711790393014,0.21843003412969283,0.0,0.18032786885245902,8.684470989761092,nan,nan
5499001,4.0,6,670,2,1,632,139,16.778761061946902,0.2199367088607595,0.0,0.16981132075471697,8.702848101265822,nan,nan
5503058,4.0,6,916,6,5,414,61,21.413793103448278,0.1473429951690821,0.0,0.2,11.25,nan,nan
5503168,4.0,6,695,6,5,336,28,27.243243243243242,0.08333333333333333,0.0,0.125,11.207142857142857,nan,nan
5503359,4.0,6,716,6,6,319,30,23.62962962962963,0.09404388714733543,0.0,0.04,10.979310344827587,nan,nan
5540718,4.0,6,663,6,6,333,39,21.483870967741936,0.11711711711711711,0.0,0.08333333333333333,7.82042042042042,nan,nan
5540722,4.0,6,691,5,5,426,30,36.51428571428571,0.07042253521126761,0.0,0.23076923076923078,7.1,nan,nan
5540733,4.0,6,641,4,3,490,48,30.309278350515463,0.09795918367346938,0.0,0.18181818181818182,7.312857142857143,nan,nan
5540847,4.0,6,869,6,6,375,35,28.481012658227847,0.09333333333333334,0.0,0.25,7.532266666666667,nan,nan
5547018,4.0,6,649,6,5,388,65,17.50375939849624,0.16752577319587628,0.0,0.1111111111111111,8.429381443298968,nan,nan
5565253,4.0,6,670,4,5,385,30,33.970588235294116,0.07792207792207792,0.0,0.05263157894736842,7.303116883116883,nan,nan
5615881,4.0,6,1051,6,6,357,54,18.0,0.15126050420168066,0.0,0.12903225806451613,8.315126050420169,nan,nan
5615968,4.0,6,642,6,5,378,68,18.9,0.17989417989417988,0.0,0.29411764705882354,8.476455026455026,nan,nan
5615986,4.0,6,685,5,4,343,40,23.123595505617978,0.11661807580174927,0.0,0.14285714285714285,6.348104956268222,nan,nan
5615988,4.0,6,671,6,5,356,40,25.129411764705882,0.11235955056179775,0.0,0.21428571428571427,7.628651685393259,nan,nan
5616015,4.0,6,657,2,1,624,120,19.5,0.19230769230769232,0.0,0.38235294117647056,6.539423076923077,nan,nan
5633515,4.0,6,663,6,5,410,52,19.68,0.12682926829268293,0.0,0.021739130434782608,8.385365853658536,nan,nan
5692189,4.0,6,1527,6,5,401,43,24.303030303030305,0.10723192019950124,0.0,0.13043478260869565,9.374812967581049,nan,nan
5705278,4.0,6,643,8,7,323,46,16.564102564102566,0.14241486068111456,0.0,0.02702702702702703,10.353560371517027,nan,nan
5705752,4.0,6,682,5,4,434,45,27.70212765957447,0.10368663594470046,0.0,0.2,7.709216589861752,nan,nan
5706077,4.0,6,656,5,5,382,38,27.6144578313253,0.09947643979057591,0.0,0.26666666666666666,8.40890052356021,nan,nan
5706137,4.0,6,737,7,7,173,14,18.535714285714285,0.08092485549132948,0.0,0.0,10.736416184971098,nan,nan
5715345,4.0,6,923,4,3,491,58,26.303571428571427,0.11812627291242363,0.0,0.19230769230769232,7.2808553971486765,nan,nan
5771585,4.0,6,720,6,5,355,30,28.783783783783782,0.08450704225352113,0.0,0.23076923076923078,7.302535211267606,nan,nan
5771621,4.0,6,675,6,5,379,26,32.48571428571429,0.06860158311345646,0.0,0.05555555555555555,8.676517150395778,nan,nan
5772092,4.0,6,729,8,7,335,34,20.9375,0.10149253731343283,0.0,0.037037037037037035,8.36776119402985,nan,nan
5772102,4.0,6,725,5,4,359,30,27.974025974025974,0.08356545961002786,0.0,0.041666666666666664,5.5860724233983285,nan,nan
5772192,4.0,6,706,7,6,381,32,26.894117647058824,0.08398950131233596,0.0,0.10526315789473684,7.336482939632545,nan,nan
5874746,4.0,6,729,6,6,364,45,22.285714285714285,0.12362637362637363,0.0,0.19047619047619047,6.585714285714285,nan,nan
5874767,4.0,6,1278,8,7,245,22,20.416666666666668,0.08979591836734693,0.0,0.0625,9.134285714285715,nan,nan
5874769,4.0,6,649,6,6,322,26,28.41176470588235,0.08074534161490683,0.0,0.15384615384615385,6.658385093167702,nan,nan
5874787,4.0,6,1064,5,5,225,22,22.131147540983605,0.09777777777777778,0.0,0.0625,6.373777777777778,nan,nan
5875173,4.0,6,712,4,4,95,6,20.357142857142858,0.06315789473684211,0.0,0.0,8.756842105263157,nan,nan
5882173,4.0,6,665,8,7,273,35,17.804347826086957,0.1282051282051282,0.0,0.1,8.101465201465201,nan,nan
5969330,4.0,6,721,6,5,459,112,11.475,0.2440087145969499,0.0,0.02,8.304139433551198,nan,nan
5969331,4.0,6,706,6,5,359,42,23.67032967032967,0.116991643454039,0.0,0.26666666666666666,8.100278551532034,nan,nan
5969362,4.0,6,672,5,5,449,39,30.96551724137931,0.08685968819599109,0.0,0.15,7.225612472160357,nan,nan
6058407,4.0,6,696,7,7,329,62,13.901408450704226,0.1884498480243161,0.0,0.06818181818181818,8.751975683890578,nan,nan
6062407,4.0,6,666,7,6,333,37,21.03157894736842,0.1111111111111111,0.0,0.08,8.116816816816817,nan,nan
6109129,4.0,6,721,4,3,482,45,31.096774193548388,0.09336099585062241,0.0,0.2,6.7850622406639,nan,nan
6148097,4.0,6,725,4,4,458,57,26.679611650485437,0.12445414847161572,0.0,0.29411764705882354,7.068995633187773,nan,nan
6148143,4.0,6,677,5,4,437,37,31.975609756097562,0.08466819221967964,0.0,0.1,6.048054919908467,nan,nan
6148208,4.0,6,646,3,3,319,53,17.559633027522935,0.16614420062695925,0.0,0.05263157894736842,7.39153605015674,nan,nan
6190357,4.0,6,710,2,2,494,48,32.57142857142857,0.09716599190283401,0.0,0.16666666666666666,5.710931174089068,nan,nan
6193396,4.0,6,658,6,5,370,19,40.36363636363637,0.051351351351351354,0.0,0.25,8.233513513513513,nan,nan
6193436,4.0,6,666,5,6,94,11,14.842105263157896,0.11702127659574468,0.0,0.2,15.480851063829787,nan,nan
4216956,4.0,7,910,6,5,363,57,16.753846153846155,0.15702479338842976,0.0,0.044444444444444446,7.5,nan,nan
4272243,4.0,7,646,2,1,600,179,10.227272727272727,0.29833333333333334,0.0,0.019230769230769232,7.4014999999999995,nan,nan
4344977,4.0,7,1187,5,5,384,79,14.134969325153374,0.20572916666666666,0.0,0.05357142857142857,7.089322916666667,nan,nan
4350946,4.0,7,690,5,5,394,32,29.55,0.08121827411167512,0.0,0.04,7.368020304568528,nan,nan
4351935,4.0,7,775,6,5,369,52,20.31192660550459,0.14092140921409213,0.0,0.16666666666666666,8.721951219512196,nan,nan
4352377,4.0,7,716,5,4,428,53,25.68,0.12383177570093458,0.0,0.35714285714285715,7.457710280373832,nan,nan
4358853,4.0,7,666,4,3,528,36,37.714285714285715,0.06818181818181818,0.0,0.034482758620689655,6.464393939393939,nan,nan
4359232,4.0,7,681,3,2,590,161,11.20253164556962,0.27288135593220336,0.0,0.022222222222222223,7.756101694915255,nan,nan
4370045,4.0,7,720,4,3,467,84,18.07741935483871,0.17987152034261242,0.0,0.16216216216216217,8.445396145610278,nan,nan
4389353,4.0,7,650,5,4,462,84,18.11764705882353,0.18181818181818182,0.0,0.2962962962962963,10.012770562770562,nan,nan
4389414,4.0,7,645,5,5,422,64,21.641025641025642,0.15165876777251186,0.0,0.2631578947368421,11.123459715639811,nan,nan
4392729,4.0,7,652,4,3,478,62,26.31192660550459,0.1297071129707113,0.018867924528301886,0.14814814814814814,8.30857740585774,nan,nan
4393045,4.0,7,936,4,3,438,55,25.514563106796118,0.12557077625570776,0.0,0.2631578947368421,9.480365296803653,nan,nan
4440451,4.0,7,657,3,2,546,99,22.90909090909091,0.1813186813186813,0.0,0.7272727272727273,7.2183150183150175,nan,nan
4443744,4.0,7,710,7,6,399,91,14.165680473372781,0.22807017543859648,0.0,0.10256410256410256,11.279699248120302,nan,nan
4448887,4.0,7,666,6,6,333,28,26.289473684210527,0.08408408408408409,0.0,0.047619047619047616,12.681081081081082,nan,nan
4469551,4.0,7,670,4,3,512,85,22.755555555555556,0.166015625,0.03125,0.1935483870967742,8.9232421875,nan,nan
4472905,4.0,7,816,4,3,463,63,22.958677685950413,0.13606911447084233,0.0,0.12903225806451613,9.165226781857452,nan,nan
4473229,4.0,7,673,4,4,446,62,21.070866141732285,0.13901345291479822,0.0,0.075,9.311659192825113,nan,nan
4481970,4.0,7,642,3,2,494,49,31.2,0.09919028340080972,0.0,0.12,8.911943319838057,nan,nan
4482888,4.0,7,647,1,0,647,128,15.223529411764705,0.19783616692426584,0.0,0.008333333333333333,5.650540958268934,nan,nan
4487550,4.0,7,653,4,3,480,59,23.801652892561982,0.12291666666666666,0.0,0.08108108108108109,6.937708333333333,nan,nan
4487946,4.0,7,710,2,1,227,56,14.1875,0.24669603524229075,0.0,0.2777777777777778,8.105286343612335,nan,nan
4504164,4.0,7,649,5,5,364,48,21.41176470588235,0.13186813186813187,0.0,0.12,8.482692307692307,nan,nan
4527487,4.0,7,671,4,5,134,8,25.125,0.05970149253731343,0.0,0.0,10.793283582089552,nan,nan
4544584,4.0,7,672,4,3,540,55,31.45631067961165,0.10185185185185185,0.0,0.2,8.335925925925926,nan,nan
4547202,4.0,7,696,5,4,436,39,29.066666666666666,0.08944954128440367,0.0,0.07692307692307693,8.433715596330275,nan,nan
4559519,4.0,7,991,6,5,358,46,20.074766355140188,0.12849162011173185,0.0,0.06451612903225806,8.795251396648045,nan,nan
4575701,4.0,7,700,2,1,657,189,10.456233421750664,0.2876712328767123,0.0,0.011494252873563218,7.6395738203957375,nan,nan
4579744,4.0,7,678,6,5,377,45,23.081632653061224,0.11936339522546419,0.0,0.13043478260869565,11.968435013262601,nan,nan
4605892,4.0,7,678,2,3,41,2,20.5,0.04878048780487805,0.0,0.0,19.819512195121952,nan,nan
4668185,4.0,7,641,7,6,372,70,14.88,0.1881720430107527,0.0,0.09523809523809523,10.68225806451613,nan,nan
4705097,4.0,7,659,4,4,451,56,27.06,0.12416851441241686,0.0,0.25,8.388026607538803,nan,nan
4724133,4.0,7,650,4,4,454,56,21.967741935483872,0.12334801762114538,0.0,0.02040816326530612,7.019603524229075,nan,nan
4749525,4.0,7,805,3,2,526,48,33.57446808510638,0.09125475285171103,0.0,0.11538461538461539,7.769771863117871,nan,nan
4754626,4.0,7,1144,5,4,433,60,22.016949152542374,0.13856812933025403,0.0,0.15384615384615385,7.847113163972287,nan,nan
4754956,4.0,7,647,5,4,419,77,18.217391304347824,0.18377088305489261,0.0,0.24,8.899045346062053,nan,nan
4775763,4.0,7,718,6,5,449,55,23.025641025641026,0.12249443207126949,0.0,0.1,8.315144766146993,nan,nan
4785421,4.0,7,773,4,4,460,42,33.65853658536585,0.09130434782608696,0.0,0.17647058823529413,10.014565217391304,nan,nan
4789937,4.0,7,678,4,4,524,58,28.071428571428573,0.11068702290076336,0.0,0.14285714285714285,7.393511450381679,nan,nan
4792515,4.0,7,705,7,6,236,19,21.454545454545453,0.08050847457627118,0.0,0.0,12.021610169491526,nan,nan
4811115,4.0,7,643,4,3,483,44,31.5,0.09109730848861283,0.0,0.13043478260869565,7.728571428571429,nan,nan
4824328,4.0,7,688,4,3,355,33,29.583333333333332,0.09295774647887324,0.0,0.11764705882352941,8.064788732394366,nan,nan
4861227,4.0,7,710,7,6,240,25,19.45945945945946,0.10416666666666667,0.0,0.05263157894736842,10.764583333333333,nan,nan
4861687,4.0,7,746,8,7,302,58,13.522388059701493,0.19205298013245034,0.0,0.08333333333333333,9.802317880794703,nan,nan
4862222,4.0,7,670,4,3,486,118,12.515021459227468,0.24279835390946503,0.0,0.044444444444444446,8.304526748971194,nan,nan
4862380,4.0,7,660,3,2,522,62,28.216216216216218,0.11877394636015326,0.0,0.22727272727272727,7.262260536398467,nan,nan
4865550,4.0,7,642,5,5,382,77,15.38255033557047,0.20157068062827224,0.0,0.12195121951219512,11.564397905759163,nan,nan
4865558,4.0,7,649,5,4,503,122,13.718181818181819,0.24254473161033796,0.0,0.2,7.5610337972167,nan,nan
4912927,4.0,7,674,2,1,638,170,11.778461538461539,0.2664576802507837,0.0,0.029411764705882353,6.570689655172415,nan,nan
4915833,4.0,7,675,4,3,479,78,20.978102189781023,0.162839248434238,0.0,0.23076923076923078,7.733194154488517,nan,nan
4940890,4.0,7,683,3,2,530,72,26.949152542372882,0.13584905660377358,0.0,0.3333333333333333,8.416415094339623,nan,nan
5244934,4.0,7,656,6,6,274,23,27.864406779661017,0.08394160583941605,0.0,0.2857142857142857,13.992335766423357,nan,nan
5351422,4.0,7,654,4,3,487,70,21.969924812030076,0.1437371663244353,0.0,0.07894736842105263,8.117864476386037,nan,nan
5477477,4.0,7,678,2,2,586,128,15.837837837837839,0.21843003412969283,0.0,0.1724137931034483,8.623549488054607,nan,nan
5499001,4.0,7,670,2,1,632,139,16.704845814977972,0.2199367088607595,0.0,0.14035087719298245,8.046360759493671,nan,nan
5503058,4.0,7,916,6,5,414,61,21.050847457627118,0.1473429951690821,0.0,0.18181818181818182,11.339130434782607,nan,nan
5503168,4.0,7,695,6,5,336,28,26.526315789473685,0.08333333333333333,0.0,0.047619047619047616,11.959821428571429,nan,nan
5503359,4.0,7,716,6,6,319,30,22.785714285714285,0.09404388714733543,0.0,0.0,10.726018808777429,nan,nan
5540718,4.0,7,663,6,6,333,39,21.483870967741936,0.11711711711711711,0.0,0.08333333333333333,6.847147147147147,nan,nan
5540722,4.0,7,691,5,5,426,30,33.63157894736842,0.07042253521126761,0.0,0.041666666666666664,5.445539906103287,nan,nan
5540733,4.0,7,641,4,3,490,48,30.0,0.09795918367346938,0.0,0.12,5.387142857142857,nan,nan
5540847,4.0,7,869,6,6,375,35,27.4390243902439,0.09333333333333334,0.0,0.11764705882352941,5.6445333333333325,nan,nan
5547018,4.0,7,649,6,5,388,65,17.11764705882353,0.16752577319587628,0.0,0.07317073170731707,6.139690721649484,nan,nan
5565253,4.0,7,670,4,5,385,30,33.47826086956522,0.07792207792207792,0.0,0.05,5.154805194805195,nan,nan
5615881,4.0,7,1051,6,6,357,54,16.734375,0.15126050420168066,0.0,0.02127659574468085,6.112324929971988,nan,nan
5615968,4.0,7,642,6,5,378,68,17.181818181818183,0.17989417989417988,0.0,0.13333333333333333,6.58994708994709,nan,nan
5615986,4.0,7,685,5,4,343,40,22.369565217391305,0.11661807580174927,0.0,0.07407407407407407,5.702623906705539,nan,nan
5615988,4.0,7,671,6,5,356,40,24.272727272727273,0.11235955056179775,0.0,0.1875,5.840168539325842,nan,nan
5616015,4.0,7,657,2,1,624,120,19.705263157894738,0.19230769230769232,0.0,0.38235294117647056,6.083814102564103,nan,nan
5633515,4.0,7,663,6,5,410,52,19.21875,0.12682926829268293,0.0,0.0,7.976829268292683,nan,nan
5692189,4.0,7,1527,6,5,401,43,24.551020408163264,0.10723192019950124,0.0,0.13043478260869565,7.958603491271821,nan,nan
5705278,4.0,7,643,8,7,323,46,16.564102564102566,0.14241486068111456,0.0,0.02702702702702703,9.685448916408669,nan,nan
5705752,4.0,7,682,5,4,434,45,26.84536082474227,0.10368663594470046,0.0,0.12,7.964285714285714,nan,nan
5706077,4.0,7,656,5,5,382,38,26.344827586206897,0.09947643979057591,0.0,0.08695652173913043,8.184816753926702,nan,nan
5706137,4.0,7,737,7,7,173,14,18.535714285714285,0.08092485549132948,0.0,0.0,12.620231213872833,nan,nan
5715345,4.0,7,923,4,3,491,58,23.951219512195124,0.11812627291242363,0.0,0.044444444444444446,7.553767820773931,nan,nan
5771585,4.0,7,720,6,5,355,30,26.625,0.08450704225352113,0.0,0.041666666666666664,8.289295774647886,nan,nan
5771621,4.0,7,675,6,5,379,26,31.583333333333332,0.06860158311345646,0.0,0.05,7.756200527704485,nan,nan
5772092,4.0,7,729,8,7,335,34,20.9375,0.10149253731343283,0.0,0.037037037037037035,7.781492537313434,nan,nan
5772102,4.0,7,725,5,4,359,30,26.925,0.08356545961002786,0.0,0.0,6.337883008356546,nan,nan
5772192,4.0,7,706,7,6,381,32,27.214285714285715,0.08398950131233596,0.0,0.1111111111111111,6.771916010498687,nan,nan
5874746,4.0,7,729,6,6,364,45,21.41176470588235,0.12362637362637363,0.0,0.12,6.561538461538462,nan,nan
5874767,4.0,7,1278,8,7,245,22,19.342105263157894,0.08979591836734693,0.0,0.0,8.413061224489795,nan,nan
5874769,4.0,7,649,6,6,322,26,25.42105263157895,0.08074534161490683,0.0,0.0,6.541614906832298,nan,nan
5874787,4.0,7,1064,5,5,225,22,21.09375,0.09777777777777778,0.0,0.0,5.547555555555555,nan,nan
5875173,4.0,7,712,4,4,95,6,20.357142857142858,0.06315789473684211,0.0,0.0,6.303157894736842,nan,nan
5882173,4.0,7,665,8,7,273,35,17.612903225806452,0.1282051282051282,0.0,0.09090909090909091,5.844322344322344,nan,nan
5969330,4.0,7,721,6,5,459,112,11.333333333333334,0.2440087145969499,0.0,0.009523809523809525,7.122222222222222,nan,nan
5969331,4.0,7,706,6,5,359,42,24.202247191011235,0.116991643454039,0.0,0.1875,7.581894150417828,nan,nan
5969362,4.0,7,672,5,5,449,39,27.489795918367346,0.08685968819599109,0.0,0.0,6.289755011135857,nan,nan
6058407,4.0,7,696,7,7,329,62,13.337837837837839,0.1884498480243161,0.0,0.01818181818181818,8.02887537993921,nan,nan
6062407,4.0,7,666,7,6,333,37,20.387755102040817,0.1111111111111111,0.0,0.03225806451612903,8.173573573573574,nan,nan
6109129,4.0,7,721,4,3,482,45,29.814432989690722,0.09336099585062241,0.0,0.06666666666666667,7.524688796680498,nan,nan
6148097,4.0,7,725,4,4,458,57,26.679611650485437,0.12445414847161572,0.0,0.29411764705882354,5.751528384279475,nan,nan
6148143,4.0,7,677,5,4,437,37,30.847058823529412,0.08466819221967964,0.0,0.08695652173913043,5.9935926773455375,nan,nan
6148208,4.0,7,646,3,3,319,53,17.089285714285715,0.16614420062695925,0.0,0.022727272727272728,7.514420062695924,nan,nan
6190357,4.0,7,710,2,2,494,48,32.21739130434783,0.09716599190283401,0.0,0.06451612903225806,6.603036437246963,nan,nan
6193396,4.0,7,658,6,5,370,19,38.275862068965516,0.051351351351351354,0.0,0.07692307692307693,8.677567567567568,nan,nan
6193436,4.0,7,666,5,6,94,11,14.842105263157896,0.11702127659574468,0.0,0.2,14.00531914893617,nan,nan
4216956,4.0,8,910,6,5,363,57,15.782608695652174,0.15702479338842976,0.0,0.0,5.644903581267218,nan,nan
4272243,4.0,8,646,2,1,600,179,10.0,0.29833333333333334,0.0,0.0058823529411764705,7.048,nan,nan
4344977,4.0,8,1187,5,5,384,79,14.134969325153374,0.20572916666666666,0.0,0.05357142857142857,8.474479166666667,nan,nan
4350946,4.0,8,690,5,5,394,32,28.142857142857142,0.08121827411167512,0.0,0.0,8.486802030456854,nan,nan
4351935,4.0,8,775,6,5,369,52,18.923076923076923,0.14092140921409213,0.0,0.05405405405405406,9.868563685636856,nan,nan
4352377,4.0,8,716,5,4,428,53,24.692307692307693,0.12383177570093458,0.0,0.19047619047619047,7.475467289719626,nan,nan
4358853,4.0,8,666,4,3,528,36,36.0,0.06818181818181818,0.0,0.0,6.3969696969696965,nan,nan
4359232,4.0,8,681,3,2,590,161,10.792682926829269,0.27288135593220336,0.0,0.006578947368421052,8.173728813559322,nan,nan
4370045,4.0,8,720,4,3,467,84,18.43421052631579,0.17987152034261242,0.0,0.13157894736842105,8.12762312633833,nan,nan
4389353,4.0,8,650,5,4,462,84,17.006134969325153,0.18181818181818182,0.0,0.08333333333333333,7.717532467532467,nan,nan
4389414,4.0,8,645,5,5,422,64,21.641025641025642,0.15165876777251186,0.0,0.2631578947368421,10.113507109004738,nan,nan
4392729,4.0,8,652,4,3,478,62,23.508196721311474,0.1297071129707113,0.0,0.05263157894736842,9.002510460251045,nan,nan
4393045,4.0,8,936,4,3,438,55,23.675675675675677,0.12557077625570776,0.0,0.09375,9.574429223744293,nan,nan
4440451,4.0,8,657,3,2,546,99,22.135135135135137,0.1813186813186813,0.0,0.2857142857142857,8.545054945054945,nan,nan
4443744,4.0,8,710,7,6,399,91,13.918604651162791,0.22807017543859648,0.0,0.06521739130434782,12.626315789473683,nan,nan
4448887,4.0,8,666,6,6,333,28,24.975,0.08408408408408409,0.0,0.0,12.695195195195195,nan,nan
4469551,4.0,8,670,4,3,512,85,22.58823529411765,0.166015625,0.014084507042253521,0.20689655172413793,9.5240234375,nan,nan
4472905,4.0,8,816,4,3,463,63,22.958677685950413,0.13606911447084233,0.0,0.08333333333333333,9.422030237580993,nan,nan
4473229,4.0,8,673,4,4,446,62,19.822222222222223,0.13901345291479822,0.0,0.018518518518518517,9.42354260089686,nan,nan
4481970,4.0,8,642,3,2,494,49,30.244897959183675,0.09919028340080972,0.0,0.06060606060606061,7.8228744939271255,nan,nan
4482888,4.0,8,647,1,0,647,128,17.56561085972851,0.19783616692426584,0.0,0.05194805194805195,8.468006182380217,nan,nan
4487550,4.0,8,653,4,3,480,59,23.225806451612904,0.12291666666666666,0.0,0.046511627906976744,10.480208333333334,nan,nan
4487946,4.0,8,710,2,1,227,56,13.223300970873787,0.24669603524229075,0.0,0.06060606060606061,9.33964757709251,nan,nan
4504164,4.0,8,649,5,5,364,48,20.60377358490566,0.13186813186813187,0.0,0.0625,10.887087912087912,nan,nan
4527487,4.0,8,671,4,5,134,8,25.125,0.05970149253731343,0.0,0.0,15.277611940298508,nan,nan
4544584,4.0,8,672,4,3,540,55,30.2803738317757,0.10185185185185185,0.0,0.1111111111111111,8.095185185185185,nan,nan
4547202,4.0,8,696,5,4,436,39,26.693877551020407,0.08944954128440367,0.0,0.0,8.889220183486238,nan,nan
4559519,4.0,8,991,6,5,358,46,19.35135135135135,0.12849162011173185,0.0,0.02631578947368421,8.86899441340782,nan,nan
4575701,4.0,8,700,2,1,657,189,10.346456692913385,0.2876712328767123,0.0,0.0055248618784530384,7.383257229832573,nan,nan
4579744,4.0,8,678,6,5,377,45,22.176470588235293,0.11936339522546419,0.0,0.06896551724137931,9.341114058355437,nan,nan
4605892,4.0,8,678,2,3,41,2,20.5,0.04878048780487805,0.0,0.0,18.597560975609756,nan,nan
4668185,4.0,8,641,7,6,372,70,14.126582278481013,0.1881720430107527,0.0,0.037037037037037035,10.518010752688172,nan,nan
4705097,4.0,8,659,4,4,451,56,26.792079207920793,0.12416851441241686,0.0,0.2222222222222222,5.774057649667405,nan,nan
4724133,4.0,8,650,4,4,454,56,21.28125,0.12334801762114538,0.0,0.0,6.59647577092511,nan,nan
4749525,4.0,8,805,3,2,526,48,33.22105263157895,0.09125475285171103,0.0,0.06666666666666667,6.296007604562737,nan,nan
4754626,4.0,8,1144,5,4,433,60,21.121951219512194,0.13856812933025403,0.0,0.08823529411764706,7.38891454965358,nan,nan
4754956,4.0,8,647,5,4,419,77,17.21917808219178,0.18377088305489261,0.0,0.10526315789473684,8.462291169451074,nan,nan
4775763,4.0,8,718,6,5,449,55,21.552,0.12249443207126949,0.0,0.023255813953488372,7.976614699331849,nan,nan
4785421,4.0,8,773,4,4,460,42,34.074074074074076,0.09130434782608696,0.0,0.1875,8.029347826086957,nan,nan
4789937,4.0,8,678,4,4,524,58,25.770491803278688,0.11068702290076336,0.0,0.047619047619047616,7.476335877862596,nan,nan
4792515,4.0,8,705,7,6,236,19,21.454545454545453,0.08050847457627118,0.0,0.0,10.016525423728813,nan,nan
4811115,4.0,8,643,4,3,483,44,29.272727272727273,0.09109730848861283,0.0,0.027777777777777776,7.5078674948240165,nan,nan
4824328,4.0,8,688,4,3,355,33,27.662337662337663,0.09295774647887324,0.0,0.04,6.032394366197183,nan,nan
4861227,4.0,8,710,7,6,240,25,18.46153846153846,0.10416666666666667,0.0,0.0,8.886249999999999,nan,nan
4861687,4.0,8,746,8,7,302,58,13.130434782608695,0.19205298013245034,0.0,0.046511627906976744,9.115562913907285,nan,nan
4862222,4.0,8,670,4,3,486,118,12.099585062240664,0.24279835390946503,0.0,0.019417475728155338,8.127777777777778,nan,nan
4862380,4.0,8,660,3,2,522,62,27.234782608695653,0.11877394636015326,0.0,0.13793103448275862,6.949233716475096,nan,nan
4865550,4.0,8,642,5,5,382,77,14.883116883116884,0.20157068062827224,0.0,0.058823529411764705,9.735078534031414,nan,nan
4865558,4.0,8,649,5,4,503,122,13.295154185022026,0.24254473161033796,0.0,0.10606060606060606,9.101590457256462,nan,nan
4912927,4.0,8,674,2,1,638,170,11.778461538461539,0.2664576802507837,0.0,0.029411764705882353,8.753761755485893,nan,nan
4915833,4.0,8,675,4,3,479,78,20.382978723404257,0.162839248434238,0.0,0.15625,10.004592901878913,nan,nan
4940890,4.0,8,683,3,2,530,72,25.64516129032258,0.13584905660377358,0.0,0.19230769230769232,7.744905660377359,nan,nan
5244934,4.0,8,656,6,6,274,23,26.095238095238095,0.08394160583941605,0.0,0.07142857142857142,11.709854014598541,nan,nan
5351422,4.0,8,654,4,3,487,70,22.828125,0.1437371663244353,0.0,0.13333333333333333,12.560164271047228,nan,nan
5477477,4.0,8,678,2,2,586,128,13.627906976744185,0.21843003412969283,0.0,0.008403361344537815,8.20443686006826,nan,nan
5499001,4.0,8,670,2,1,632,139,15.866108786610878,0.2199367088607595,0.0,0.05,5.701107594936709,nan,nan
5503058,4.0,8,916,6,5,414,61,20.873949579831933,0.1473429951690821,0.0,0.17391304347826086,11.997101449275362,nan,nan
5503168,4.0,8,695,6,5,336,28,25.2,0.08333333333333333,0.0,0.0,11.976785714285715,nan,nan
5503359,4.0,8,716,6,6,319,30,22.785714285714285,0.09404388714733543,0.0,0.0,11.987774294670846,nan,nan
5540718,4.0,8,663,6,6,333,39,20.5979381443299,0.11711711711711711,0.0,0.03225806451612903,6.276276276276277,nan,nan
5540722,4.0,8,691,5,5,426,30,31.95,0.07042253521126761,0.0,0.0,6.849295774647888,nan,nan
5540733,4.0,8,641,4,3,490,48,28.823529411764707,0.09795918367346938,0.0,0.0625,6.7640816326530615,nan,nan
5540847,4.0,8,869,6,6,375,35,27.4390243902439,0.09333333333333334,0.0,0.11764705882352941,7.301066666666667,nan,nan
5547018,4.0,8,649,6,5,388,65,17.11764705882353,0.16752577319587628,0.0,0.07317073170731707,7.0958762886597935,nan,nan
5565253,4.0,8,670,4,5,385,30,33.47826086956522,0.07792207792207792,0.0,0.05,6.2223376623376625,nan,nan
5615881,4.0,8,1051,6,6,357,54,16.227272727272727,0.15126050420168066,0.0,0.0,7.20672268907563,nan,nan
5615968,4.0,8,642,6,5,378,68,16.434782608695652,0.17989417989417988,0.0,0.07692307692307693,7.97010582010582,nan,nan
5615986,4.0,8,685,5,4,343,40,22.129032258064516,0.11661807580174927,0.0,0.03333333333333333,6.372303206997084,nan,nan
5615988,4.0,8,671,6,5,356,40,23.217391304347824,0.11235955056179775,0.0,0.08695652173913043,6.435674157303371,nan,nan
5616015,4.0,8,657,2,1,624,120,19.2,0.19230769230769232,0.0,0.17777777777777778,6.954326923076923,nan,nan
5633515,4.0,8,663,6,5,410,52,19.21875,0.12682926829268293,0.0,0.0,8.873170731707317,nan,nan
5692189,4.0,8,1527,6,5,401,43,21.87272727272727,0.10723192019950124,0.0,0.0,7.229177057356608,nan,nan
5705278,4.0,8,643,8,7,323,46,15.629032258064516,0.14241486068111456,0.0,0.0,8.239009287925697,nan,nan
5705752,4.0,8,682,5,4,434,45,23.672727272727272,0.10368663594470046,0.0,0.0,7.265207373271889,nan,nan
5706077,4.0,8,656,5,5,382,38,23.875,0.09947643979057591,0.0,0.0,6.2492146596858635,nan,nan
5706137,4.0,8,737,7,7,173,14,18.535714285714285,0.08092485549132948,0.0,0.0,9.04913294797688,nan,nan
5715345,4.0,8,923,4,3,491,58,22.318181818181817,0.11812627291242363,0.0,0.0,6.268024439918533,nan,nan
5771585,4.0,8,720,6,5,355,30,25.357142857142858,0.08450704225352113,0.0,0.0,6.2569014084507035,nan,nan
5771621,4.0,8,675,6,5,379,26,29.92105263157895,0.06860158311345646,0.0,0.0,6.7678100263852246,nan,nan
5772092,4.0,8,729,8,7,335,34,20.1,0.10149253731343283,0.0,0.0,6.357611940298508,nan,nan
5772102,4.0,8,725,5,4,359,30,26.925,0.08356545961002786,0.0,0.0,5.370473537604457,nan,nan
5772192,4.0,8,706,7,6,381,32,24.847826086956523,0.08398950131233596,0.0,0.0,5.410761154855643,nan,nan
5874746,4.0,8,729,6,6,364,45,19.157894736842106,0.12362637362637363,0.0,0.0,5.4618131868131865,nan,nan
5874767,4.0,8,1278,8,7,245,22,19.342105263157894,0.08979591836734693,0.0,0.0,6.411428571428571,nan,nan
5874769,4.0,8,649,6,6,322,26,25.42105263157895,0.08074534161490683,0.0,0.0,7.401552795031057,nan,nan
5874787,4.0,8,1064,5,5,225,22,21.09375,0.09777777777777778,0.0,0.0,7.074222222222223,nan,nan
5875173,4.0,8,712,4,4,95,6,20.357142857142858,0.06315789473684211,0.0,0.0,8.377894736842105,nan,nan
5882173,4.0,8,665,8,7,273,35,16.88659793814433,0.1282051282051282,0.0,0.03571428571428571,8.167765567765569,nan,nan
5969330,4.0,8,721,6,5,459,112,11.333333333333334,0.2440087145969499,0.0,0.009523809523809525,7.902832244008715,nan,nan
5969331,4.0,8,706,6,5,359,42,24.202247191011235,0.116991643454039,0.0,0.1875,7.490529247910863,nan,nan
5969362,4.0,8,672,5,5,449,39,27.489795918367346,0.08685968819599109,0.0,0.0,6.242316258351893,nan,nan
6058407,4.0,8,696,7,7,329,62,12.986842105263158,0.1884498480243161,0.0,0.0,7.862310030395136,nan,nan
6062407,4.0,8,666,7,6,333,37,19.58823529411765,0.1111111111111111,0.0,0.0,7.661561561561562,nan,nan
6109129,4.0,8,721,4,3,482,45,28.633663366336634,0.09336099585062241,0.0,0.02702702702702703,6.043153526970955,nan,nan
6148097,4.0,8,725,4,4,458,57,26.941176470588236,0.12445414847161572,0.0,0.2777777777777778,5.479912663755459,nan,nan
6148143,4.0,8,677,5,4,437,37,29.46067415730337,0.08466819221967964,0.0,0.03333333333333333,6.4112128146453085,nan,nan
6148208,4.0,8,646,3,3,319,53,17.089285714285715,0.16614420062695925,0.0,0.022727272727272728,6.595924764890282,nan,nan
6190357,4.0,8,710,2,2,494,48,32.21739130434783,0.09716599190283401,0.0,0.06451612903225806,6.178137651821863,nan,nan
6193396,4.0,8,658,6,5,370,19,35.806451612903224,0.051351351351351354,0.0,0.0,8.194594594594594,nan,nan
6193436,4.0,8,666,5,6,94,11,13.428571428571429,0.11702127659574468,0.0,0.0,13.125531914893617,nan,nan
4216956,4.0,9,910,6,5,363,57,15.782608695652174,0.15702479338842976,0.0,0.0,4.994214876033058,nan,nan
4272243,4.0,9,646,2,1,600,179,10.0,0.29833333333333334,0.0,0.0058823529411764705,5.924333333333333,nan,nan
4344977,4.0,9,1187,5,5,384,79,13.963636363636363,0.20572916666666666,0.0,0.03278688524590164,8.0328125,nan,nan
4350946,4.0,9,690,5,5,394,32,28.142857142857142,0.08121827411167512,0.0,0.0,8.423096446700507,nan,nan
4351935,4.0,9,775,6,5,369,52,17.296875,0.14092140921409213,0.0,0.0,8.704065040650407,nan,nan
4352377,4.0,9,716,5,4,428,53,24.0,0.12383177570093458,0.0,0.10714285714285714,7.125934579439252,nan,nan
4358853,4.0,9,666,4,3,528,36,36.0,0.06818181818181818,0.0,0.0,6.755871212121212,nan,nan
4359232,4.0,9,681,3,2,590,161,10.792682926829269,0.27288135593220336,0.0,0.006578947368421052,7.758813559322034,nan,nan
4370045,4.0,9,720,4,3,467,84,16.98181818181818,0.17987152034261242,0.0,0.05263157894736842,9.098501070663811,nan,nan
4389353,4.0,9,650,5,4,462,84,16.210526315789473,0.18181818181818182,0.0,0.03278688524590164,8.517099567099567,nan,nan
4389414,4.0,9,645,5,5,422,64,21.641025641025642,0.15165876777251186,0.0,0.2631578947368421,8.127725118483413,nan,nan
4392729,4.0,9,652,4,3,478,62,23.508196721311474,0.1297071129707113,0.0,0.05263157894736842,8.673012552301255,nan,nan
4393045,4.0,9,936,4,3,438,55,20.857142857142858,0.12557077625570776,0.0,0.0,7.479223744292238,nan,nan
4440451,4.0,9,657,3,2,546,99,19.975609756097562,0.1813186813186813,0.0,0.09523809523809523,10.278937728937729,nan,nan
4443744,4.0,9,710,7,6,399,91,13.525423728813559,0.22807017543859648,0.0,0.03773584905660377,13.834586466165414,nan,nan
4448887,4.0,9,666,6,6,333,28,24.975,0.08408408408408409,0.0,0.0,11.526426426426427,nan,nan
4469551,4.0,9,670,4,3,512,85,19.692307692307693,0.166015625,0.0,0.08888888888888889,7.5193359375,nan,nan
4472905,4.0,9,816,4,3,463,63,21.874015748031496,0.13606911447084233,0.0,0.045454545454545456,7.75658747300216,nan,nan
4473229,4.0,9,673,4,4,446,62,20.1203007518797,0.13901345291479822,0.0,0.019230769230769232,7.006502242152466,nan,nan
4481970,4.0,9,642,3,2,494,49,28.5,0.09919028340080972,0.0,0.024390243902439025,6.986437246963563,nan,nan
4482888,4.0,9,647,1,0,647,128,16.310924369747898,0.19783616692426584,0.0,0.02,6.801700154559505,nan,nan
4487550,4.0,9,653,4,3,480,59,22.5,0.12291666666666666,0.0,0.02,9.236041666666667,nan,nan
4487946,4.0,9,710,2,1,227,56,13.223300970873787,0.24669603524229075,0.0,0.06060606060606061,11.755066079295155,nan,nan
4504164,4.0,9,649,5,5,364,48,18.82758620689655,0.13186813186813187,0.0,0.0,10.969780219780219,nan,nan
4527487,4.0,9,671,4,5,134,8,25.125,0.05970149253731343,0.0,0.0,13.326119402985075,nan,nan
4544584,4.0,9,672,4,3,540,55,27.45762711864407,0.10185185185185185,0.0,0.022727272727272728,8.982407407407408,nan,nan
4547202,4.0,9,696,5,4,436,39,26.693877551020407,0.08944954128440367,0.0,0.0,7.561467889908258,nan,nan
4559519,4.0,9,991,6,5,358,46,18.517241379310345,0.12849162011173185,0.0,0.0,8.423743016759776,nan,nan
4575701,4.0,9,700,2,1,657,189,10.373684210526315,0.2876712328767123,0.0,0.005555555555555556,7.382039573820395,nan,nan
4579744,4.0,9,678,6,5,377,45,19.842105263157894,0.11936339522546419,0.0,0.0,9.302652519893899,nan,nan
4605892,4.0,9,678,2,3,41,2,20.5,0.04878048780487805,0.0,0.0,12.49268292682927,nan,nan
4668185,4.0,9,641,7,6,372,70,13.777777777777779,0.1881720430107527,0.0,0.01639344262295082,10.004032258064516,nan,nan
4705097,4.0,9,659,4,4,451,56,24.6,0.12416851441241686,0.0,0.1,7.269179600886918,nan,nan
4724133,4.0,9,650,4,4,454,56,21.28125,0.12334801762114538,0.0,0.0,7.207929515418503,nan,nan
4749525,4.0,9,805,3,2,526,48,33.22105263157895,0.09125475285171103,0.0,0.06666666666666667,6.162357414448669,nan,nan
4754626,4.0,9,1144,5,4,433,60,20.296875,0.13856812933025403,0.0,0.047619047619047616,7.210623556581986,nan,nan
4754956,4.0,9,647,5,4,419,77,16.115384615384617,0.18377088305489261,0.0,0.03773584905660377,7.951789976133652,nan,nan
4775763,4.0,9,718,6,5,449,55,21.552,0.12249443207126949,0.0,0.023255813953488372,7.017371937639199,nan,nan
4785421,4.0,9,773,4,4,460,42,31.724137931034484,0.09130434782608696,0.0,0.08,6.912173913043478,nan,nan
4789937,4.0,9,678,4,4,524,58,24.952380952380953,0.11068702290076336,0.0,0.02040816326530612,6.889503816793893,nan,nan
4792515,4.0,9,705,7,6,236,19,21.454545454545453,0.08050847457627118,0.0,0.0,7.746610169491525,nan,nan
4811115,4.0,9,643,4,3,483,44,27.865384615384617,0.09109730848861283,0.0,0.0,6.906625258799172,nan,nan
4824328,4.0,9,688,4,3,355,33,25.975609756097562,0.09295774647887324,0.0,0.0,6.4777464788732395,nan,nan
4861227,4.0,9,710,7,6,240,25,18.46153846153846,0.10416666666666667,0.0,0.0,9.6425,nan,nan
4861687,4.0,9,746,8,7,302,58,12.243243243243244,0.19205298013245034,0.0,0.0,8.058609271523178,nan,nan
4862222,4.0,9,670,4,3,486,118,11.853658536585366,0.24279835390946503,0.0,0.00909090909090909,7.747530864197532,nan,nan
4862380,4.0,9,660,3,2,522,62,24.092307692307692,0.11877394636015326,0.0,0.018867924528301886,6.442337164750958,nan,nan
4865550,4.0,9,642,5,5,382,77,14.883116883116884,0.20157068062827224,0.0,0.058823529411764705,8.822513089005236,nan,nan
4865558,4.0,9,649,5,4,503,122,12.268292682926829,0.24254473161033796,0.0,0.030927835051546393,7.676938369781312,nan,nan
4912927,4.0,9,674,2,1,638,170,11.635258358662615,0.2664576802507837,0.0,0.02097902097902098,7.655485893416928,nan,nan
4915833,4.0,9,675,4,3,479,78,19.820689655172412,0.162839248434238,0.0,0.10256410256410256,10.975156576200419,nan,nan
4940890,4.0,9,683,3,2,530,72,23.555555555555557,0.13584905660377358,0.0,0.07142857142857142,7.886037735849057,nan,nan
5244934,4.0,9,656,6,6,274,23,26.095238095238095,0.08394160583941605,0.0,0.07142857142857142,12.385766423357664,nan,nan
5351422,4.0,9,654,4,3,487,70,20.151724137931033,0.1437371663244353,0.0,0.017857142857142856,9.463244353182752,nan,nan
5477477,4.0,9,678,2,2,586,128,13.318181818181818,0.21843003412969283,0.0,0.0,8.297610921501706,nan,nan
5499001,4.0,9,670,2,1,632,139,16.06779661016949,0.2199367088607595,0.0,0.05128205128205128,7.442246835443038,nan,nan
5503058,4.0,9,916,6,5,414,61,20.195121951219512,0.1473429951690821,0.0,0.0967741935483871,8.658695652173913,nan,nan
5503168,4.0,9,695,6,5,336,28,25.2,0.08333333333333333,0.0,0.0,8.525297619047619,nan,nan
5503359,4.0,9,716,6,6,319,30,22.785714285714285,0.09404388714733543,0.0,0.0,11.005015673981191,nan,nan
5540718,4.0,9,663,6,6,333,39,19.58823529411765,0.11711711711711711,0.0,0.0,5.368768768768769,nan,nan
5540722,4.0,9,691,5,5,426,30,31.95,0.07042253521126761,0.0,0.0,6.079107981220657,nan,nan
5540733,4.0,9,641,4,3,490,48,27.735849056603772,0.09795918367346938,0.0,0.02564102564102564,6.516530612244898,nan,nan
5540847,4.0,9,869,6,6,375,35,25.568181818181817,0.09333333333333334,0.0,0.038461538461538464,6.812266666666666,nan,nan
5547018,4.0,9,649,6,5,388,65,16.51063829787234,0.16752577319587628,0.0,0.041666666666666664,7.668298969072166,nan,nan
5565253,4.0,9,670,4,5,385,30,33.47826086956522,0.07792207792207792,0.0,0.05,6.637662337662338,nan,nan
5615881,4.0,9,1051,6,6,357,54,16.227272727272727,0.15126050420168066,0.0,0.0,7.015686274509804,nan,nan
5615968,4.0,9,642,6,5,378,68,15.86013986013986,0.17989417989417988,0.0,0.043478260869565216,8.035449735449737,nan,nan
5615986,4.0,9,685,5,4,343,40,22.129032258064516,0.11661807580174927,0.0,0.03333333333333333,7.151603498542274,nan,nan
5615988,4.0,9,671,6,5,356,40,23.217391304347824,0.11235955056179775,0.0,0.08695652173913043,7.091573033707865,nan,nan
5616015,4.0,9,657,2,1,624,120,15.931914893617021,0.19230769230769232,0.0,0.019417475728155338,5.705288461538461,nan,nan
5633515,4.0,9,663,6,5,410,52,19.21875,0.12682926829268293,0.0,0.0,7.973414634146342,nan,nan
5692189,4.0,9,1527,6,5,401,43,21.87272727272727,0.10723192019950124,0.0,0.0,8.45286783042394,nan,nan
5705278,4.0,9,643,8,7,323,46,15.629032258064516,0.14241486068111456,0.0,0.0,7.842414860681115,nan,nan
5705752,4.0,9,682,5,4,434,45,23.672727272727272,0.10368663594470046,0.0,0.0,6.747695852534562,nan,nan
5706077,4.0,9,656,5,5,382,38,23.875,0.09947643979057591,0.0,0.0,7.065183246073299,nan,nan
5706137,4.0,9,737,7,7,173,14,18.535714285714285,0.08092485549132948,0.0,0.0,8.78208092485549,nan,nan
5715345,4.0,9,923,4,3,491,58,22.318181818181817,0.11812627291242363,0.0,0.0,6.023625254582485,nan,nan
5771585,4.0,9,720,6,5,355,30,25.357142857142858,0.08450704225352113,0.0,0.0,7.016619718309859,nan,nan
5771621,4.0,9,675,6,5,379,26,29.92105263157895,0.06860158311345646,0.0,0.0,7.091292875989446,nan,nan
5772092,4.0,9,729,8,7,335,34,20.1,0.10149253731343283,0.0,0.0,7.030149253731343,nan,nan
5772102,4.0,9,725,5,4,359,30,26.925,0.08356545961002786,0.0,0.0,6.722562674094708,nan,nan
5772192,4.0,9,706,7,6,381,32,24.847826086956523,0.08398950131233596,0.0,0.0,5.873753280839895,nan,nan
5874746,4.0,9,729,6,6,364,45,19.157894736842106,0.12362637362637363,0.0,0.0,6.387087912087912,nan,nan
5874767,4.0,9,1278,8,7,245,22,19.342105263157894,0.08979591836734693,0.0,0.0,7.829387755102041,nan,nan
5874769,4.0,9,649,6,6,322,26,25.42105263157895,0.08074534161490683,0.0,0.0,6.683540372670807,nan,nan
5874787,4.0,9,1064,5,5,225,22,21.09375,0.09777777777777778,0.0,0.0,5.599111111111111,nan,nan
5875173,4.0,9,712,4,4,95,6,20.357142857142858,0.06315789473684211,0.0,0.0,6.169473684210526,nan,nan
5882173,4.0,9,665,8,7,273,35,16.058823529411764,0.1282051282051282,0.0,0.0,6.28021978021978,nan,nan
5969330,4.0,9,721,6,5,459,112,11.10483870967742,0.2440087145969499,0.0,0.0,6.960348583877996,nan,nan
5969331,4.0,9,706,6,5,359,42,22.673684210526314,0.116991643454039,0.0,0.08333333333333333,7.726740947075209,nan,nan
5969362,4.0,9,672,5,5,449,39,27.489795918367346,0.08685968819599109,0.0,0.0,6.388418708240534,nan,nan
6058407,4.0,9,696,7,7,329,62,12.986842105263158,0.1884498480243161,0.0,0.0,7.329483282674772,nan,nan
6062407,4.0,9,666,7,6,333,37,19.58823529411765,0.1111111111111111,0.0,0.0,7.974174174174174,nan,nan
6109129,4.0,9,721,4,3,482,45,27.28301886792453,0.09336099585062241,0.0,0.0,7.080082987551867,nan,nan
6148097,4.0,9,725,4,4,458,57,25.211009174311926,0.12445414847161572,0.0,0.10714285714285714,6.72882096069869,nan,nan
6148143,4.0,9,677,5,4,437,37,27.893617021276597,0.08466819221967964,0.0,0.0,6.712128146453089,nan,nan
6148208,4.0,9,646,3,3,319,53,17.089285714285715,0.16614420062695925,0.0,0.022727272727272728,6.500940438871474,nan,nan
6190357,4.0,9,710,2,2,494,48,30.875,0.09716599190283401,0.0,0.02702702702702703,5.202024291497976,nan,nan
6193396,4.0,9,658,6,5,370,19,35.806451612903224,0.051351351351351354,0.0,0.0,7.0910810810810805,nan,nan
6193436,4.0,9,666,5,6,94,11,13.428571428571429,0.11702127659574468,0.0,0.0,14.253191489361702,nan,nan
4216956,4.0,10,910,6,5,363,57,15.782608695652174,0.15702479338842976,0.0,0.0,6.201101928374656,nan,nan
4272243,4.0,10,646,2,1,600,179,9.836065573770492,0.29833333333333334,0.0,0.0,6.781166666666667,nan,nan
4344977,4.0,10,1187,5,5,384,79,13.473684210526315,0.20572916666666666,0.0,0.014285714285714285,6.04296875,nan,nan
4350946,4.0,10,690,5,5,394,32,28.142857142857142,0.08121827411167512,0.0,0.0,7.633502538071066,nan,nan
4351935,4.0,10,775,6,5,369,52,17.296875,0.14092140921409213,0.0,0.0,7.583468834688348,nan,nan
4352377,4.0,10,716,5,4,428,53,23.135135135135137,0.12383177570093458,0.0,0.058823529411764705,6.225233644859813,nan,nan
4358853,4.0,10,666,4,3,528,36,36.0,0.06818181818181818,0.0,0.0,5.585416666666666,nan,nan
4359232,4.0,10,681,3,2,590,161,10.598802395209582,0.27288135593220336,0.0,0.0,6.596101694915254,nan,nan
4370045,4.0,10,720,4,3,467,84,15.830508474576272,0.17987152034261242,0.0,0.013513513513513514,7.0832976445396145,nan,nan
4389353,4.0,10,650,5,4,462,84,16.210526315789473,0.18181818181818182,0.0,0.03278688524590164,6.99069264069264,nan,nan
4389414,4.0,10,645,5,5,422,64,20.585365853658537,0.15165876777251186,0.0,0.1,10.012085308056873,nan,nan
4392729,4.0,10,652,4,3,478,62,22.232558139534884,0.1297071129707113,0.0,0.020833333333333332,8.870711297071129,nan,nan
4393045,4.0,10,936,4,3,438,55,20.857142857142858,0.12557077625570776,0.0,0.0,7.069178082191781,nan,nan
4440451,4.0,10,657,3,2,546,99,16.714285714285715,0.1813186813186813,0.0,0.02531645569620253,6.978021978021978,nan,nan
4443744,4.0,10,710,7,6,399,91,13.226519337016574,0.22807017543859648,0.0,0.03571428571428571,10.329072681704261,nan,nan
4448887,4.0,10,666,6,6,333,28,24.975,0.08408408408408409,0.0,0.0,8.502102102102102,nan,nan
4469551,4.0,10,670,4,3,512,85,17.258426966292134,0.166015625,0.0,0.013513513513513514,7.5998046875,nan,nan
4472905,4.0,10,816,4,3,463,63,21.874015748031496,0.13606911447084233,0.0,0.046511627906976744,6.505615550755939,nan,nan
4473229,4.0,10,673,4,4,446,62,19.114285714285714,0.13901345291479822,0.0,0.0,8.110538116591929,nan,nan
4481970,4.0,10,642,3,2,494,49,26.945454545454545,0.09919028340080972,0.0,0.0,7.679352226720647,nan,nan
4482888,4.0,10,647,1,0,647,128,14.930769230769231,0.19783616692426584,0.0,0.0,6.59613601236476,nan,nan
4487550,4.0,10,653,4,3,480,59,21.492537313432837,0.12291666666666666,0.0,0.0,8.572291666666667,nan,nan
4487946,4.0,10,710,2,1,227,56,12.381818181818181,0.24669603524229075,0.0,0.023255813953488372,11.18546255506608,nan,nan
4504164,4.0,10,649,5,5,364,48,18.82758620689655,0.13186813186813187,0.0,0.0,10.471153846153847,nan,nan
4527487,4.0,10,671,4,5,134,8,25.125,0.05970149253731343,0.0,0.0,10.09776119402985,nan,nan
4544584,4.0,10,672,4,3,540,55,27.45762711864407,0.10185185185185185,0.0,0.022727272727272728,7.084629629629629,nan,nan
4547202,4.0,10,696,5,4,436,39,26.693877551020407,0.08944954128440367,0.0,0.0,6.370642201834862,nan,nan
4559519,4.0,10,991,6,5,358,46,18.517241379310345,0.12849162011173185,0.0,0.0,7.3891061452513975,nan,nan
4575701,4.0,10,700,2,1,657,189,10.212435233160623,0.2876712328767123,0.0,0.0,6.7243531202435305,nan,nan
4579744,4.0,10,678,6,5,377,45,19.842105263157894,0.11936339522546419,0.0,0.0,7.885145888594164,nan,nan
4605892,4.0,10,678,2,3,41,2,20.5,0.04878048780487805,0.0,0.0,13.75609756097561,nan,nan
4668185,4.0,10,641,7,6,372,70,13.285714285714286,0.1881720430107527,0.0,0.0,9.783333333333333,nan,nan
4705097,4.0,10,659,4,4,451,56,21.140625,0.12416851441241686,0.0,0.0,6.595787139689579,nan,nan
4724133,4.0,10,650,4,4,454,56,21.28125,0.12334801762114538,0.0,0.0,6.544052863436123,nan,nan
4749525,4.0,10,805,3,2,526,48,33.57446808510638,0.09125475285171103,0.0,0.07142857142857142,5.7606463878327,nan,nan
4754626,4.0,10,1144,5,4,433,60,19.984615384615385,0.13856812933025403,0.0,0.020833333333333332,7.608775981524249,nan,nan
4754956,4.0,10,647,5,4,419,77,16.115384615384617,0.18377088305489261,0.0,0.03773584905660377,8.601193317422435,nan,nan
4775763,4.0,10,718,6,5,449,55,21.552,0.12249443207126949,0.0,0.023255813953488372,7.187973273942093,nan,nan
4785421,4.0,10,773,4,4,460,42,29.677419354838708,0.09130434782608696,0.0,0.030303030303030304,6.3621739130434785,nan,nan
4789937,4.0,10,678,4,4,524,58,25.152,0.11068702290076336,0.0,0.020833333333333332,5.831297709923664,nan,nan
4792515,4.0,10,705,7,6,236,19,21.454545454545453,0.08050847457627118,0.0,0.0,9.247881355932204,nan,nan
4811115,4.0,10,643,4,3,483,44,27.865384615384617,0.09109730848861283,0.0,0.0,6.8875776397515525,nan,nan
4824328,4.0,10,688,4,3,355,33,25.975609756097562,0.09295774647887324,0.0,0.0,7.852394366197183,nan,nan
4861227,4.0,10,710,7,6,240,25,18.46153846153846,0.10416666666666667,0.0,0.0,7.974583333333333,nan,nan
4861687,4.0,10,746,8,7,302,58,12.243243243243244,0.19205298013245034,0.0,0.0,8.023841059602649,nan,nan
4862222,4.0,10,670,4,3,486,118,11.571428571428571,0.24279835390946503,0.0,0.0,7.466460905349794,nan,nan
4862380,4.0,10,660,3,2,522,62,23.029411764705884,0.11877394636015326,0.0,0.0,5.541187739463601,nan,nan
4865550,4.0,10,642,5,5,382,77,13.724550898203592,0.20157068062827224,0.0,0.014705882352941176,8.106544502617801,nan,nan
4865558,4.0,10,649,5,4,503,122,11.431818181818182,0.24254473161033796,0.0,0.0,7.57037773359841,nan,nan
4912927,4.0,10,674,2,1,638,170,11.225806451612904,0.2664576802507837,0.0,0.00625,6.601880877742946,nan,nan
4915833,4.0,10,675,4,3,479,78,18.189873417721518,0.162839248434238,0.0,0.034482758620689655,9.364300626304802,nan,nan
4940890,4.0,10,683,3,2,530,72,23.909774436090224,0.13584905660377358,0.0,0.075,217.19584905660378,nan,nan
5244934,4.0,10,656,6,6,274,23,26.095238095238095,0.08394160583941605,0.0,0.07142857142857142,9.184671532846714,nan,nan
5351422,4.0,10,654,4,3,487,70,20.151724137931033,0.1437371663244353,0.0,0.017857142857142856,4.803696098562629,nan,nan
5477477,4.0,10,678,2,2,586,128,13.318181818181818,0.21843003412969283,0.0,0.0,6.946245733788396,nan,nan
5499001,4.0,10,670,2,1,632,139,15.669421487603305,0.2199367088607595,0.0,0.034482758620689655,7.013449367088608,nan,nan
5503058,4.0,10,916,6,5,414,61,19.25581395348837,0.1473429951690821,0.0,0.05128205128205128,11.828260869565216,nan,nan
5503168,4.0,10,695,6,5,336,28,25.2,0.08333333333333333,0.0,0.0,10.44672619047619,nan,nan
5503359,4.0,10,716,6,6,319,30,22.785714285714285,0.09404388714733543,0.0,0.0,8.91692789968652,nan,nan
5540718,4.0,10,663,6,6,333,39,19.58823529411765,0.11711711711711711,0.0,0.0,7.2807807807807805,nan,nan
5540722,4.0,10,691,5,5,426,30,31.95,0.07042253521126761,0.0,0.0,6.371361502347417,nan,nan
5540733,4.0,10,641,4,3,490,48,28.0,0.09795918367346938,0.0,0.02631578947368421,6.5232653061224495,nan,nan
5540847,4.0,10,869,6,6,375,35,25.862068965517242,0.09333333333333334,0.0,0.04,6.935733333333333,nan,nan
5547018,4.0,10,649,6,5,388,65,15.83673469387755,0.16752577319587628,0.0,0.017857142857142856,7.625515463917525,nan,nan
5565253,4.0,10,670,4,5,385,30,33.47826086956522,0.07792207792207792,0.0,0.05,5.333506493506493,nan,nan
5615881,4.0,10,1051,6,6,357,54,16.227272727272727,0.15126050420168066,0.0,0.0,6.196918767507003,nan,nan
5615968,4.0,10,642,6,5,378,68,15.86013986013986,0.17989417989417988,0.0,0.043478260869565216,6.224603174603175,nan,nan
5615986,4.0,10,685,5,4,343,40,22.129032258064516,0.11661807580174927,0.0,0.03333333333333333,5.594752186588921,nan,nan
5615988,4.0,10,671,6,5,356,40,20.53846153846154,0.11235955056179775,0.0,0.0,5.609831460674157,nan,nan
5616015,4.0,10,657,2,1,624,120,15.535269709543568,0.19230769230769232,0.0,0.009009009009009009,5.686858974358974,nan,nan
5633515,4.0,10,663,6,5,410,52,19.21875,0.12682926829268293,0.0,0.0,6.78170731707317,nan,nan
5692189,4.0,10,1527,6,5,401,43,21.87272727272727,0.10723192019950124,0.0,0.0,6.803241895261845,nan,nan
5705278,4.0,10,643,8,7,323,46,15.629032258064516,0.14241486068111456,0.0,0.0,5.982043343653251,nan,nan
5705752,4.0,10,682,5,4,434,45,23.672727272727272,0.10368663594470046,0.0,0.0,5.006912442396313,nan,nan
5706077,4.0,10,656,5,5,382,38,23.875,0.09947643979057591,0.0,0.0,5.043717277486911,nan,nan
5706137,4.0,10,737,7,7,173,14,18.535714285714285,0.08092485549132948,0.0,0.0,6.070520231213873,nan,nan
5715345,4.0,10,923,4,3,491,58,22.318181818181817,0.11812627291242363,0.0,0.0,5.471690427698574,nan,nan
5771585,4.0,10,720,6,5,355,30,25.357142857142858,0.08450704225352113,0.0,0.0,6.572957746478873,nan,nan
5771621,4.0,10,675,6,5,379,26,29.92105263157895,0.06860158311345646,0.0,0.0,6.993931398416886,nan,nan
5772092,4.0,10,729,8,7,335,34,20.1,0.10149253731343283,0.0,0.0,5.901492537313433,nan,nan
5772102,4.0,10,725,5,4,359,30,26.925,0.08356545961002786,0.0,0.0,5.676880222841226,nan,nan
5772192,4.0,10,706,7,6,381,32,24.847826086956523,0.08398950131233596,0.0,0.0,5.932545931758531,nan,nan
5874746,4.0,10,729,6,6,364,45,19.157894736842106,0.12362637362637363,0.0,0.0,5.978021978021978,nan,nan
5874767,4.0,10,1278,8,7,245,22,19.342105263157894,0.08979591836734693,0.0,0.0,5.119591836734694,nan,nan
5874769,4.0,10,649,6,6,322,26,25.42105263157895,0.08074534161490683,0.0,0.0,4.776708074534161,nan,nan
5874787,4.0,10,1064,5,5,225,22,21.09375,0.09777777777777778,0.0,0.0,5.555999999999999,nan,nan
5875173,4.0,10,712,4,4,95,6,20.357142857142858,0.06315789473684211,0.0,0.0,6.58421052631579,nan,nan
5882173,4.0,10,665,8,7,273,35,16.058823529411764,0.1282051282051282,0.0,0.0,6.241758241758242,nan,nan
5969330,4.0,10,721,6,5,459,112,11.10483870967742,0.2440087145969499,0.0,0.0,9.52962962962963,nan,nan
5969331,4.0,10,706,6,5,359,42,23.161290322580644,0.116991643454039,0.0,0.09090909090909091,8.22841225626741,nan,nan
5969362,4.0,10,672,5,5,449,39,27.489795918367346,0.08685968819599109,0.0,0.0,6.59532293986637,nan,nan
6058407,4.0,10,696,7,7,329,62,12.986842105263158,0.1884498480243161,0.0,0.0,7.75775075987842,nan,nan
6062407,4.0,10,666,7,6,333,37,19.58823529411765,0.1111111111111111,0.0,0.0,8.08978978978979,nan,nan
6109129,4.0,10,721,4,3,482,45,27.28301886792453,0.09336099585062241,0.0,0.0,6.488796680497925,nan,nan
6148097,4.0,10,725,4,4,458,57,24.105263157894736,0.12445414847161572,0.0,0.05714285714285714,6.3517467248908295,nan,nan
6148143,4.0,10,677,5,4,437,37,27.893617021276597,0.08466819221967964,0.0,0.0,6.718764302059497,nan,nan
6148208,4.0,10,646,3,3,319,53,17.243243243243242,0.16614420062695925,0.0,0.023255813953488372,7.435736677115988,nan,nan
6190357,4.0,10,710,2,2,494,48,30.875,0.09716599190283401,0.0,0.02702702702702703,6.9048582995951415,nan,nan
6193396,4.0,10,658,6,5,370,19,35.806451612903224,0.051351351351351354,0.0,0.0,8.757837837837839,nan,nan
6193436,4.0,10,666,5,6,94,11,13.428571428571429,0.11702127659574468,0.0,0.0,14.588297872340425,nan,nan
4216956,5.0,2,910,6,5,363,53,18.30252100840336,0.14600550964187328,0.019230769230769232,0.5,6.2584022038567495,nan,nan
4272243,5.0,2,646,2,1,600,148,12.543554006968641,0.24666666666666667,0.0,0.08653846153846154,7.442166666666667,nan,nan
4344977,5.0,2,1187,5,5,384,74,15.157894736842104,0.19270833333333334,0.0,1.0,9.061979166666667,nan,nan
4350946,5.0,2,690,5,5,394,28,33.77142857142857,0.07106598984771574,0.038461538461538464,1.0,8.014467005076142,nan,nan
4351935,5.0,2,775,6,5,369,42,24.065217391304348,0.11382113821138211,0.0,0.7777777777777778,8.988075880758807,nan,nan
4352377,5.0,2,716,5,4,428,46,24.692307692307693,0.10747663551401869,0.0,0.6923076923076923,5.642056074766356,nan,nan
4358853,5.0,2,666,4,3,528,34,43.397260273972606,0.06439393939393939,0.06896551724137931,0.75,6.53030303030303,nan,nan
4359232,5.0,2,681,3,2,590,154,11.683168316831683,0.26101694915254237,0.006622516556291391,0.10377358490566038,8.177288135593221,nan,nan
4370045,5.0,2,720,4,3,467,79,19.19178082191781,0.16916488222698073,0.0,1.0,7.150535331905782,nan,nan
4389353,5.0,2,650,5,4,462,72,21.0,0.15584415584415584,0.0,1.0,8.902380952380952,nan,nan
4389414,5.0,2,645,5,5,422,57,23.444444444444443,0.13507109004739337,0.0,0.8888888888888888,8.79478672985782,nan,nan
4392729,5.0,2,652,4,3,478,57,27.314285714285713,0.1192468619246862,0.0,1.0,8.957531380753137,nan,nan
4393045,5.0,2,936,4,3,438,45,28.87912087912088,0.10273972602739725,0.023255813953488372,1.0,8.635844748858448,nan,nan
4440451,5.0,2,657,3,2,546,93,21.55263157894737,0.17032967032967034,0.058823529411764705,0.9166666666666666,8.982967032967032,nan,nan
4443744,5.0,2,710,7,6,399,84,15.647058823529411,0.21052631578947367,0.024390243902439025,0.9166666666666666,10.535087719298245,nan,nan
4448887,5.0,2,666,6,6,333,25,27.75,0.07507507507507508,0.13636363636363635,0.8571428571428571,10.495795795795795,nan,nan
4469551,5.0,2,670,4,3,512,80,25.6,0.15625,0.0784313725490196,0.9166666666666666,8.96171875,nan,nan
4472905,5.0,2,816,4,3,463,52,28.346938775510203,0.11231101511879049,0.0,1.0,10.217062634989201,nan,nan
4473229,5.0,2,673,4,4,446,53,24.10810810810811,0.11883408071748879,0.0196078431372549,0.7142857142857143,9.04932735426009,nan,nan
4481970,5.0,2,642,3,2,494,40,40.602739726027394,0.08097165991902834,0.0,1.0,7.586639676113361,nan,nan
4482888,5.0,2,647,1,0,647,109,22.83529411764706,0.16846986089644514,0.0,0.44,7.048068006182381,nan,nan
4487550,5.0,2,653,4,3,480,53,26.91588785046729,0.11041666666666666,0.06382978723404255,1.0,11.015625,nan,nan
4487946,5.0,2,710,2,1,227,45,16.40963855421687,0.19823788546255505,0.07692307692307693,0.875,12.242290748898679,nan,nan
4504164,5.0,2,649,5,5,364,36,25.3953488372093,0.0989010989010989,0.07407407407407407,0.9,7.7991758241758244,nan,nan
4527487,5.0,2,671,4,5,134,8,26.8,0.05970149253731343,0.0,0.25,12.769402985074626,nan,nan
4544584,5.0,2,672,4,3,540,42,36.40449438202247,0.07777777777777778,0.0,1.0,10.980185185185185,nan,nan
4547202,5.0,2,696,5,4,436,34,32.2962962962963,0.0779816513761468,0.030303030303030304,0.7777777777777778,11.236009174311926,nan,nan
4559519,5.0,2,991,6,5,358,43,21.918367346938776,0.12011173184357542,0.07692307692307693,0.8888888888888888,10.99804469273743,nan,nan
4575701,5.0,2,700,2,1,657,172,15.831325301204819,0.2617960426179604,0.0457516339869281,1.0,9.317199391171993,nan,nan
4579744,5.0,2,678,6,5,377,39,25.704545454545453,0.10344827586206896,0.02631578947368421,0.875,11.247745358090185,nan,nan
4605892,5.0,2,678,2,3,41,2,20.5,0.04878048780487805,0.0,0.0,23.38048780487805,nan,nan
4668185,5.0,2,641,7,6,372,59,17.856,0.1586021505376344,0.017857142857142856,1.0,13.725268817204302,nan,nan
4705097,5.0,2,659,4,4,451,46,31.103448275862068,0.10199556541019955,0.022222222222222223,1.0,10.219290465631929,nan,nan
4724133,5.0,2,650,4,4,454,51,27.79591836734694,0.11233480176211454,0.02,0.8888888888888888,9.865418502202642,nan,nan
4749525,5.0,2,805,3,2,526,36,45.08571428571429,0.06844106463878327,0.0,1.0,8.427756653992395,nan,nan
4754626,5.0,2,1144,5,4,433,50,28.54945054945055,0.11547344110854503,0.0625,0.8181818181818182,8.257274826789839,nan,nan
4754956,5.0,2,647,5,4,419,70,19.19083969465649,0.16706443914081145,0.0,0.8333333333333334,10.070883054892601,nan,nan
4775763,5.0,2,718,6,5,449,49,23.42608695652174,0.1091314031180401,0.0425531914893617,1.0,11.196881959910913,nan,nan
4785421,5.0,2,773,4,4,460,36,34.074074074074076,0.0782608695652174,0.029411764705882353,1.0,7.628260869565217,nan,nan
4789937,5.0,2,678,4,4,524,45,35.72727272727273,0.08587786259541985,0.022727272727272728,0.875,8.01087786259542,nan,nan
4792515,5.0,2,705,7,6,236,17,23.21311475409836,0.07203389830508475,0.0625,0.5714285714285714,12.638559322033897,nan,nan
4811115,5.0,2,643,4,3,483,33,42.0,0.06832298136645963,0.0,0.8571428571428571,7.819875776397516,nan,nan
4824328,5.0,2,688,4,3,355,25,34.354838709677416,0.07042253521126761,0.0,0.8571428571428571,9.963661971830986,nan,nan
4861227,5.0,2,710,7,6,240,23,19.45945945945946,0.09583333333333334,0.0,0.75,11.661666666666667,nan,nan
4861687,5.0,2,746,8,7,302,53,15.22689075630252,0.17549668874172186,0.07317073170731707,1.0,11.29635761589404,nan,nan
4862222,5.0,2,670,4,3,486,77,21.761194029850746,0.15843621399176955,0.029411764705882353,1.0,9.397530864197531,nan,nan
4862380,5.0,2,660,3,2,522,50,31.636363636363637,0.09578544061302682,0.02040816326530612,1.0,8.092337164750958,nan,nan
4865550,5.0,2,642,5,5,382,67,17.23308270676692,0.17539267015706805,0.0,0.9230769230769231,9.141623036649214,nan,nan
4865558,5.0,2,649,5,4,503,107,15.556701030927835,0.21272365805168986,0.06451612903225806,0.9444444444444444,8.787077534791251,nan,nan
4912927,5.0,2,674,2,1,638,162,15.312,0.25391849529780564,0.031496062992125984,0.1527777777777778,7.9324451410658305,nan,nan
4915833,5.0,2,675,4,3,479,72,22.992,0.15031315240083507,0.06451612903225806,1.0,7.156576200417536,nan,nan
4940890,5.0,2,683,3,2,530,58,30.576923076923077,0.10943396226415095,0.017543859649122806,1.0,8.309811320754717,nan,nan
5244934,5.0,2,656,6,6,274,22,27.864406779661017,0.08029197080291971,0.0,0.42857142857142855,16.483576642335766,nan,nan
5351422,5.0,2,654,4,3,487,62,24.35,0.1273100616016427,0.0,0.9166666666666666,9.85400410677618,nan,nan
5477477,5.0,2,678,2,2,586,124,19.318681318681318,0.21160409556313994,0.061855670103092786,0.9375,8.58839590443686,nan,nan
5499001,5.0,2,670,2,1,632,129,18.14354066985646,0.20411392405063292,0.0,0.35135135135135137,7.799525316455696,nan,nan
5503058,5.0,2,916,6,5,414,55,23.433962264150942,0.13285024154589373,0.04,0.8888888888888888,10.888647342995169,nan,nan
5503168,5.0,2,695,6,5,336,22,30.545454545454547,0.06547619047619048,0.05,0.625,11.642261904761906,nan,nan
5503359,5.0,2,716,6,6,319,25,24.53846153846154,0.07836990595611286,0.14285714285714285,1.0,12.612852664576803,nan,nan
5540718,5.0,2,663,6,6,333,36,23.232558139534884,0.10810810810810811,0.0,1.0,10.259159159159159,nan,nan
5540722,5.0,2,691,5,5,426,29,37.588235294117645,0.06807511737089202,0.0,1.0,8.686150234741785,nan,nan
5540733,5.0,2,641,4,3,490,42,35.853658536585364,0.08571428571428572,0.0,1.0,8.007142857142858,nan,nan
5540847,5.0,2,869,6,6,375,30,30.0,0.08,0.07407407407407407,0.625,10.3424,nan,nan
5547018,5.0,2,649,6,5,388,57,20.601769911504423,0.14690721649484537,0.0,0.9,9.71443298969072,nan,nan
5565253,5.0,2,670,4,5,385,27,36.09375,0.07012987012987013,0.08,0.7142857142857143,7.375324675324675,nan,nan
5615881,5.0,2,1051,6,6,357,42,22.3125,0.11764705882352941,0.0,1.0,9.367226890756303,nan,nan
5615968,5.0,2,642,6,5,378,67,18.29032258064516,0.17724867724867724,0.0,0.9,11.10925925925926,nan,nan
5615986,5.0,2,685,5,4,343,36,25.40740740740741,0.10495626822157435,0.02857142857142857,0.875,8.104956268221574,nan,nan
5615988,5.0,2,671,6,5,356,34,28.105263157894736,0.09550561797752809,0.0,0.8333333333333334,9.665730337078651,nan,nan
5616015,5.0,2,657,2,1,624,113,29.714285714285715,0.18108974358974358,0.18604651162790697,1.0,7.488301282051282,nan,nan
5633515,5.0,2,663,6,5,410,45,21.391304347826086,0.10975609756097561,0.047619047619047616,0.7857142857142857,8.832926829268292,nan,nan
5692189,5.0,2,1527,6,5,401,38,26.439560439560438,0.09476309226932668,0.05555555555555555,0.8888888888888888,10.169326683291771,nan,nan
5705278,5.0,2,643,8,7,323,41,18.28301886792453,0.12693498452012383,0.0,1.0,12.241795665634674,nan,nan
5705752,5.0,2,682,5,4,434,38,29.93103448275862,0.08755760368663594,0.0,0.8888888888888888,9.251382488479262,nan,nan
5706077,5.0,2,656,5,5,382,37,27.6144578313253,0.0968586387434555,0.05714285714285714,0.875,9.63848167539267,nan,nan
5706137,5.0,2,737,7,7,173,11,20.76,0.06358381502890173,0.0,0.2857142857142857,12.46127167630058,nan,nan
5715345,5.0,2,923,4,3,491,47,30.6875,0.09572301425661914,0.022222222222222223,1.0,7.2077393075356415,nan,nan
5771585,5.0,2,720,6,5,355,23,31.791044776119403,0.0647887323943662,0.045454545454545456,1.0,9.480281690140846,nan,nan
5771621,5.0,2,675,6,5,379,26,31.583333333333332,0.06860158311345646,0.0,0.75,9.38126649076517,nan,nan
5772092,5.0,2,729,8,7,335,30,21.847826086956523,0.08955223880597014,0.034482758620689655,1.0,9.613134328358209,nan,nan
5772102,5.0,2,725,5,4,359,26,30.771428571428572,0.07242339832869081,0.0,0.875,6.873816155988857,nan,nan
5772192,5.0,2,706,7,6,381,29,27.878048780487806,0.07611548556430446,0.0,0.7777777777777778,7.631233595800525,nan,nan
5874746,5.0,2,729,6,6,364,37,25.3953488372093,0.10164835164835165,0.027777777777777776,1.0,9.263736263736265,nan,nan
5874767,5.0,2,1278,8,7,245,18,21.61764705882353,0.07346938775510205,0.058823529411764705,0.5,12.87265306122449,nan,nan
5874769,5.0,2,649,6,6,322,25,28.41176470588235,0.07763975155279502,0.043478260869565216,0.7142857142857143,8.726708074534162,nan,nan
5874787,5.0,2,1064,5,5,225,20,24.107142857142858,0.08888888888888889,0.0,0.6666666666666666,6.781333333333333,nan,nan
5875173,5.0,2,712,4,4,95,5,21.11111111111111,0.05263157894736842,0.0,0.25,8.046315789473685,nan,nan
5882173,5.0,2,665,8,7,273,34,18.0,0.12454212454212454,0.030303030303030304,0.7777777777777778,10.426373626373627,nan,nan
5969330,5.0,2,721,6,5,459,102,14.494736842105263,0.2222222222222222,0.03296703296703297,1.0,10.660784313725491,nan,nan
5969331,5.0,2,706,6,5,359,39,23.67032967032967,0.10863509749303621,0.0,0.8,8.928690807799443,nan,nan
5969362,5.0,2,672,5,5,449,36,31.694117647058825,0.0801781737193764,0.0967741935483871,1.0,7.6915367483296215,nan,nan
6058407,5.0,2,696,7,7,329,56,15.30232558139535,0.1702127659574468,0.057692307692307696,1.0,12.253495440729484,nan,nan
6062407,5.0,2,666,7,6,333,31,24.666666666666668,0.09309309309309309,0.0,0.875,10.839939939939939,nan,nan
6109129,5.0,2,721,4,3,482,34,39.61643835616438,0.07053941908713693,0.030303030303030304,0.8571428571428571,7.803941908713693,nan,nan
6148097,5.0,2,725,4,4,458,53,27.207920792079207,0.11572052401746726,0.0,1.0,9.84825327510917,nan,nan
6148143,5.0,2,677,5,4,437,31,31.214285714285715,0.07093821510297482,0.06896551724137931,0.8,8.69633867276888,nan,nan
6148208,5.0,2,646,3,3,319,50,21.266666666666666,0.15673981191222572,0.045454545454545456,1.0,9.030094043887146,nan,nan
6190357,5.0,2,710,2,2,494,42,38.0,0.08502024291497975,0.0,1.0,8.193724696356275,nan,nan
6193396,5.0,2,658,6,5,370,15,43.529411764705884,0.04054054054054054,0.0,0.5,8.688378378378378,nan,nan
6193436,5.0,2,666,5,6,94,11,14.842105263157896,0.11702127659574468,0.0,0.2,14.53936170212766,nan,nan
4216956,5.0,3,910,6,5,363,53,18.775862068965516,0.14600550964187328,0.0,0.42105263157894735,6.705234159779614,nan,nan
4272243,5.0,3,646,2,1,600,148,12.543554006968641,0.24666666666666667,0.0,0.08653846153846154,6.309833333333334,nan,nan
4344977,5.0,3,1187,5,5,384,74,15.36,0.19270833333333334,0.0,0.7777777777777778,7.692447916666667,nan,nan
4350946,5.0,3,690,5,5,394,28,35.28358208955224,0.07106598984771574,0.0,0.5555555555555556,7.119289340101523,nan,nan
4351935,5.0,3,775,6,5,369,42,24.32967032967033,0.11382113821138211,0.0,0.5454545454545454,8.308943089430894,nan,nan
4352377,5.0,3,716,5,4,428,46,25.176470588235293,0.10747663551401869,0.0,0.4666666666666667,6.588551401869159,nan,nan
4358853,5.0,3,666,4,3,528,34,43.397260273972606,0.06439393939393939,0.06896551724137931,0.75,6.298484848484848,nan,nan
4359232,5.0,3,681,3,2,590,154,11.721854304635762,0.26101694915254237,0.006622516556291391,0.09259259259259259,8.106440677966102,nan,nan
4370045,5.0,3,720,4,3,467,79,19.458333333333332,0.16916488222698073,0.0,0.75,8.627837259100643,nan,nan
4389353,5.0,3,650,5,4,462,72,21.16030534351145,0.15584415584415584,0.0,0.8333333333333334,9.567099567099566,nan,nan
4389414,5.0,3,645,5,5,422,57,23.444444444444443,0.13507109004739337,0.0,0.8888888888888888,9.252843601895734,nan,nan
4392729,5.0,3,652,4,3,478,57,27.576923076923077,0.1192468619246862,0.0,1.0,7.2322175732217575,nan,nan
4393045,5.0,3,936,4,3,438,45,29.528089887640448,0.10273972602739725,0.0,0.7777777777777778,9.85890410958904,nan,nan
4440451,5.0,3,657,3,2,546,93,23.4,0.17032967032967034,0.022988505747126436,0.8181818181818182,9.244139194139194,nan,nan
4443744,5.0,3,710,7,6,399,84,15.85430463576159,0.21052631578947367,0.0,0.8461538461538461,12.395238095238096,nan,nan
4448887,5.0,3,666,6,6,333,25,29.82089552238806,0.07507507507507508,0.0,0.4444444444444444,13.196696696696696,nan,nan
4469551,5.0,3,670,4,3,512,80,22.26086956521739,0.15625,0.0,0.9166666666666666,9.1080078125,nan,nan
4472905,5.0,3,816,4,3,463,52,28.346938775510203,0.11231101511879049,0.0,1.0,9.030453563714904,nan,nan
4473229,5.0,3,673,4,4,446,53,24.55045871559633,0.11883408071748879,0.0,0.6666666666666666,9.1695067264574,nan,nan
4481970,5.0,3,642,3,2,494,40,38.493506493506494,0.08097165991902834,0.0,1.0,7.364574898785425,nan,nan
4482888,5.0,3,647,1,0,647,109,22.310344827586206,0.16846986089644514,0.0,0.46153846153846156,6.845285935085007,nan,nan
4487550,5.0,3,653,4,3,480,53,27.961165048543688,0.11041666666666666,0.02,0.8181818181818182,10.49875,nan,nan
4487946,5.0,3,710,2,1,227,45,16.814814814814813,0.19823788546255505,0.023255813953488372,0.875,11.234361233480175,nan,nan
4504164,5.0,3,649,5,5,364,36,26.313253012048193,0.0989010989010989,0.07407407407407407,0.46153846153846156,7.18543956043956,nan,nan
4527487,5.0,3,671,4,5,134,8,26.8,0.05970149253731343,0.0,0.25,11.75820895522388,nan,nan
4544584,5.0,3,672,4,3,540,42,36.81818181818182,0.07777777777777778,0.0,0.5833333333333334,10.944444444444445,nan,nan
4547202,5.0,3,696,5,4,436,34,33.11392405063291,0.0779816513761468,0.0,0.6,8.94426605504587,nan,nan
4559519,5.0,3,991,6,5,358,43,22.851063829787233,0.12011173184357542,0.024390243902439025,0.6363636363636364,9.627374301675978,nan,nan
4575701,5.0,3,700,2,1,657,172,16.22222222222222,0.2617960426179604,0.02531645569620253,0.9444444444444444,7.870319634703197,nan,nan
4579744,5.0,3,678,6,5,377,39,26.302325581395348,0.10344827586206896,0.0,0.6666666666666666,10.704244031830239,nan,nan
4605892,5.0,3,678,2,3,41,2,20.5,0.04878048780487805,0.0,0.0,14.802439024390244,nan,nan
4668185,5.0,3,641,7,6,372,59,18.0,0.1586021505376344,0.017857142857142856,0.8333333333333334,11.681182795698923,nan,nan
4705097,5.0,3,659,4,4,451,46,30.40449438202247,0.10199556541019955,0.0,0.7777777777777778,9.919512195121952,nan,nan
4724133,5.0,3,650,4,4,454,51,28.97872340425532,0.11233480176211454,0.0,0.5454545454545454,9.128634361233479,nan,nan
4749525,5.0,3,805,3,2,526,36,45.08571428571429,0.06844106463878327,0.0,0.625,7.765779467680609,nan,nan
4754626,5.0,3,1144,5,4,433,50,25.98,0.11547344110854503,0.021739130434782608,0.7272727272727273,8.521247113163971,nan,nan
4754956,5.0,3,647,5,4,419,70,18.902255639097746,0.16706443914081145,0.0,0.7142857142857143,9.556085918854416,nan,nan
4775763,5.0,3,718,6,5,449,49,25.177570093457945,0.1091314031180401,0.0,0.5,9.800222717149222,nan,nan
4785421,5.0,3,773,4,4,460,36,35.84415584415584,0.0782608695652174,0.030303030303030304,0.6,6.891304347826087,nan,nan
4789937,5.0,3,678,4,4,524,45,37.87951807228916,0.08587786259541985,0.0,0.8571428571428571,9.370992366412214,nan,nan
4792515,5.0,3,705,7,6,236,17,24.0,0.07203389830508475,0.0,0.375,11.805508474576271,nan,nan
4811115,5.0,3,643,4,3,483,33,43.25373134328358,0.06832298136645963,0.0,1.0,8.417805383022774,nan,nan
4824328,5.0,3,688,4,3,355,25,36.724137931034484,0.07042253521126761,0.0,0.5714285714285714,8.303661971830987,nan,nan
4861227,5.0,3,710,7,6,240,23,20.571428571428573,0.09583333333333334,0.0,0.4,10.270416666666668,nan,nan
4861687,5.0,3,746,8,7,302,53,14.975206611570249,0.17549668874172186,0.0,0.7142857142857143,8.529470198675497,nan,nan
4862222,5.0,3,670,4,3,486,77,18.111801242236027,0.15843621399176955,0.0,0.13725490196078433,8.23724279835391,nan,nan
4862380,5.0,3,660,3,2,522,50,33.319148936170215,0.09578544061302682,0.02127659574468085,0.6666666666666666,7.106896551724138,nan,nan
4865550,5.0,3,642,5,5,382,67,17.630769230769232,0.17539267015706805,0.0,0.8461538461538461,8.384031413612565,nan,nan
4865558,5.0,3,649,5,4,503,107,16.225806451612904,0.21272365805168986,0.030612244897959183,0.6818181818181818,8.804174950298211,nan,nan
4912927,5.0,3,674,2,1,638,162,14.177777777777777,0.25391849529780564,0.020833333333333332,0.1780821917808219,6.554388714733542,nan,nan
4915833,5.0,3,675,4,3,479,72,23.365853658536587,0.15031315240083507,0.0,0.8181818181818182,8.9321503131524,nan,nan
4940890,5.0,3,683,3,2,530,58,31.176470588235293,0.10943396226415095,0.0,0.8,7.840377358490565,nan,nan
5244934,5.0,3,656,6,6,274,22,27.864406779661017,0.08029197080291971,0.0,0.42857142857142855,14.81058394160584,nan,nan
5351422,5.0,3,654,4,3,487,62,24.14876033057851,0.1273100616016427,0.0,0.625,8.587885010266941,nan,nan
5477477,5.0,3,678,2,2,586,124,18.21761658031088,0.21160409556313994,0.02702702702702703,0.8421052631578947,8.374232081911263,nan,nan
5499001,5.0,3,670,2,1,632,129,18.318840579710145,0.20411392405063292,0.0,0.2894736842105263,7.1367088607594935,nan,nan
5503058,5.0,3,916,6,5,414,55,23.433962264150942,0.13285024154589373,0.0,0.5,11.685024154589373,nan,nan
5503168,5.0,3,695,6,5,336,22,31.015384615384615,0.06547619047619048,0.05,0.4444444444444444,10.772619047619047,nan,nan
5503359,5.0,3,716,6,6,319,25,28.567164179104477,0.07836990595611286,0.0,0.4444444444444444,11.943260188087775,nan,nan
5540718,5.0,3,663,6,6,333,36,23.232558139534884,0.10810810810810811,0.0,0.7777777777777778,8.921021021021021,nan,nan
5540722,5.0,3,691,5,5,426,29,38.149253731343286,0.06807511737089202,0.0,0.7142857142857143,7.710093896713615,nan,nan
5540733,5.0,3,641,4,3,490,42,36.75,0.08571428571428572,0.0,0.75,6.4957142857142856,nan,nan
5540847,5.0,3,869,6,6,375,30,30.82191780821918,0.08,0.03571428571428571,0.4444444444444444,7.947466666666667,nan,nan
5547018,5.0,3,649,6,5,388,57,19.4,0.14690721649484537,0.0,0.7142857142857143,8.229896907216494,nan,nan
5565253,5.0,3,670,4,5,385,27,39.152542372881356,0.07012987012987013,0.0,0.8333333333333334,6.174025974025974,nan,nan
5615881,5.0,3,1051,6,6,357,42,22.3125,0.11764705882352941,0.0,0.7272727272727273,9.311764705882354,nan,nan
5615968,5.0,3,642,6,5,378,67,18.0,0.17724867724867724,0.0,0.7692307692307693,9.186243386243387,nan,nan
5615986,5.0,3,685,5,4,343,36,25.725,0.10495626822157435,0.0,0.6666666666666666,8.547521865889212,nan,nan
5615988,5.0,3,671,6,5,356,34,28.48,0.09550561797752809,0.0,0.8333333333333334,9.194101123595505,nan,nan
5616015,5.0,3,657,2,1,624,113,20.916201117318437,0.18108974358974358,0.0,0.8947368421052632,5.98125,nan,nan
5633515,5.0,3,663,6,5,410,45,22.990654205607477,0.10975609756097561,0.023255813953488372,0.14285714285714285,8.15219512195122,nan,nan
5692189,5.0,3,1527,6,5,401,38,26.439560439560438,0.09476309226932668,0.0,0.5833333333333334,7.703740648379052,nan,nan
5705278,5.0,3,643,8,7,323,41,18.28301886792453,0.12693498452012383,0.0,0.8181818181818182,10.478328173374614,nan,nan
5705752,5.0,3,682,5,4,434,38,31.75609756097561,0.08755760368663594,0.0,0.6,8.196774193548388,nan,nan
5706077,5.0,3,656,5,5,382,37,27.951219512195124,0.0968586387434555,0.0,0.875,8.375130890052356,nan,nan
5706137,5.0,3,737,7,7,173,11,21.183673469387756,0.06358381502890173,0.0,0.125,11.11791907514451,nan,nan
5715345,5.0,3,923,4,3,491,47,30.6875,0.09572301425661914,0.0,0.7272727272727273,7.677800407331976,nan,nan
5771585,5.0,3,720,6,5,355,23,33.80952380952381,0.0647887323943662,0.0,0.5,8.34225352112676,nan,nan
5771621,5.0,3,675,6,5,379,26,32.48571428571429,0.06860158311345646,0.0,0.36363636363636365,9.541688654353562,nan,nan
5772092,5.0,3,729,8,7,335,30,22.84090909090909,0.08955223880597014,0.0,0.46153846153846156,6.522985074626865,nan,nan
5772102,5.0,3,725,5,4,359,26,30.338028169014084,0.07242339832869081,0.0,0.6,5.491643454038997,nan,nan
5772192,5.0,3,706,7,6,381,29,29.68831168831169,0.07611548556430446,0.0,0.36363636363636365,7.4706036745406825,nan,nan
5874746,5.0,3,729,6,6,364,37,26.313253012048193,0.10164835164835165,0.0,0.75,7.4945054945054945,nan,nan
5874767,5.0,3,1278,8,7,245,18,22.96875,0.07346938775510205,0.0,0.09090909090909091,9.319183673469388,nan,nan
5874769,5.0,3,649,6,6,322,25,28.83582089552239,0.07763975155279502,0.0,0.5,7.14472049689441,nan,nan
5874787,5.0,3,1064,5,5,225,20,23.68421052631579,0.08888888888888889,0.0,0.3333333333333333,6.500444444444444,nan,nan
5875173,5.0,3,712,4,4,95,5,21.923076923076923,0.05263157894736842,0.0,0.0,7.716842105263158,nan,nan
5882173,5.0,3,665,8,7,273,34,18.82758620689655,0.12454212454212454,0.0,0.3333333333333333,8.084249084249084,nan,nan
5969330,5.0,3,721,6,5,459,102,12.461538461538462,0.2222222222222222,0.0,0.08860759493670886,8.833769063180828,nan,nan
5969331,5.0,3,706,6,5,359,39,24.75862068965517,0.10863509749303621,0.0,0.6,8.630640668523677,nan,nan
5969362,5.0,3,672,5,5,449,36,32.853658536585364,0.0801781737193764,0.029411764705882353,0.7777777777777778,6.295100222717149,nan,nan
6058407,5.0,3,696,7,7,329,56,15.666666666666666,0.1702127659574468,0.0,0.6666666666666666,9.597872340425532,nan,nan
6062407,5.0,3,666,7,6,333,31,24.975,0.09309309309309309,0.0,1.0,9.657357357357357,nan,nan
6109129,5.0,3,721,4,3,482,34,39.61643835616438,0.07053941908713693,0.0,0.5,6.391701244813278,nan,nan
6148097,5.0,3,725,4,4,458,53,28.040816326530614,0.11572052401746726,0.0,0.5833333333333334,7.181004366812227,nan,nan
6148143,5.0,3,677,5,4,437,31,33.61538461538461,0.07093821510297482,0.0,0.46153846153846156,6.390846681922198,nan,nan
6148208,5.0,3,646,3,3,319,50,19.53061224489796,0.15673981191222572,0.0,0.8181818181818182,6.764263322884013,nan,nan
6190357,5.0,3,710,2,2,494,42,37.05,0.08502024291497975,0.0,0.7,6.552834008097165,nan,nan
6193396,5.0,3,658,6,5,370,15,43.529411764705884,0.04054054054054054,0.0,0.2857142857142857,7.711621621621622,nan,nan
6193436,5.0,3,666,5,6,94,11,14.842105263157896,0.11702127659574468,0.0,0.2,11.013829787234043,nan,nan
4216956,5.0,4,910,6,5,363,53,18.775862068965516,0.14600550964187328,0.0,0.18518518518518517,6.489531680440771,nan,nan
4272243,5.0,4,646,2,1,600,148,12.543554006968641,0.24666666666666667,0.0,0.06363636363636363,6.636166666666666,nan,nan
4344977,5.0,4,1187,5,5,384,74,15.36,0.19270833333333334,0.0,0.18421052631578946,7.180208333333333,nan,nan
4350946,5.0,4,690,5,5,394,28,35.28358208955224,0.07106598984771574,0.0,0.23076923076923078,7.817258883248731,nan,nan
4351935,5.0,4,775,6,5,369,42,24.065217391304348,0.11382113821138211,0.0,0.5,9.538753387533875,nan,nan
4352377,5.0,4,716,5,4,428,46,25.68,0.10747663551401869,0.0,0.2631578947368421,7.057476635514019,nan,nan
4358853,5.0,4,666,4,3,528,34,43.397260273972606,0.06439393939393939,0.03225806451612903,0.5,5.995833333333334,nan,nan
4359232,5.0,4,681,3,2,590,154,11.8,0.26101694915254237,0.0,0.0603448275862069,7.797966101694915,nan,nan
4370045,5.0,4,720,4,3,467,79,19.872340425531913,0.16916488222698073,0.0,0.6875,7.982441113490364,nan,nan
4389353,5.0,4,650,5,4,462,72,21.16030534351145,0.15584415584415584,0.0,0.8333333333333334,10.070995670995671,nan,nan
4389414,5.0,4,645,5,5,422,57,23.229357798165136,0.13507109004739337,0.0,0.5,10.149289099526067,nan,nan
4392729,5.0,4,652,4,3,478,57,27.576923076923077,0.1192468619246862,0.0,1.0,8.627405857740586,nan,nan
4393045,5.0,4,936,4,3,438,45,30.558139534883722,0.10273972602739725,0.024390243902439025,0.6,9.278767123287672,nan,nan
4440451,5.0,4,657,3,2,546,93,22.593103448275862,0.17032967032967034,0.011111111111111112,0.7692307692307693,8.47051282051282,nan,nan
4443744,5.0,4,710,7,6,399,84,15.85430463576159,0.21052631578947367,0.0,0.4,11.571929824561403,nan,nan
4448887,5.0,4,666,6,6,333,25,29.82089552238806,0.07507507507507508,0.0,0.15384615384615385,9.497897897897898,nan,nan
4469551,5.0,4,670,4,3,512,80,23.097744360902254,0.15625,0.0,0.8333333333333334,8.4900390625,nan,nan
4472905,5.0,4,816,4,3,463,52,28.060606060606062,0.11231101511879049,0.0,0.5833333333333334,7.963498920086393,nan,nan
4473229,5.0,4,673,4,4,446,53,25.009345794392523,0.11883408071748879,0.0,0.6,7.898206278026906,nan,nan
4481970,5.0,4,642,3,2,494,40,40.602739726027394,0.08097165991902834,0.0,0.5555555555555556,5.490283400809716,nan,nan
4482888,5.0,4,647,1,0,647,109,22.18285714285714,0.16846986089644514,0.0,0.36666666666666664,7.145285935085008,nan,nan
4487550,5.0,4,653,4,3,480,53,28.514851485148515,0.11041666666666666,0.02,0.6666666666666666,8.661249999999999,nan,nan
4487946,5.0,4,710,2,1,227,45,17.68831168831169,0.19823788546255505,0.024390243902439025,0.75,9.565638766519823,nan,nan
4504164,5.0,4,649,5,5,364,36,25.3953488372093,0.0989010989010989,0.0,0.14285714285714285,8.165934065934065,nan,nan
4527487,5.0,4,671,4,5,134,8,26.8,0.05970149253731343,0.0,0.25,17.42089552238806,nan,nan
4544584,5.0,4,672,4,3,540,42,39.036144578313255,0.07777777777777778,0.0,0.4166666666666667,9.819074074074074,nan,nan
4547202,5.0,4,696,5,4,436,34,33.97402597402598,0.0779816513761468,0.0,0.3333333333333333,8.255504587155963,nan,nan
4559519,5.0,4,991,6,5,358,43,22.610526315789475,0.12011173184357542,0.0,0.6363636363636364,9.89245810055866,nan,nan
4575701,5.0,4,700,2,1,657,172,16.563025210084035,0.2617960426179604,0.018867924528301886,0.7142857142857143,8.722678843226788,nan,nan
4579744,5.0,4,678,6,5,377,39,26.611764705882354,0.10344827586206896,0.0,0.6666666666666666,10.514058355437665,nan,nan
4605892,5.0,4,678,2,3,41,2,20.5,0.04878048780487805,0.0,0.0,23.770731707317072,nan,nan
4668185,5.0,4,641,7,6,372,59,18.446280991735538,0.1586021505376344,0.038461538461538464,0.5333333333333333,13.728763440860217,nan,nan
4705097,5.0,4,659,4,4,451,46,29.41304347826087,0.10199556541019955,0.0,0.5833333333333334,10.277383592017738,nan,nan
4724133,5.0,4,650,4,4,454,51,28.97872340425532,0.11233480176211454,0.0,0.38461538461538464,9.419603524229075,nan,nan
4749525,5.0,4,805,3,2,526,36,45.73913043478261,0.06844106463878327,0.0,0.625,8.088403041825096,nan,nan
4754626,5.0,4,1144,5,4,433,50,26.242424242424242,0.11547344110854503,0.021739130434782608,0.42857142857142855,9.00554272517321,nan,nan
4754956,5.0,4,647,5,4,419,70,19.488372093023255,0.16706443914081145,0.0,0.6923076923076923,10.880668257756563,nan,nan
4775763,5.0,4,718,6,5,449,49,24.944444444444443,0.1091314031180401,0.0,0.3,10.397772828507795,nan,nan
4785421,5.0,4,773,4,4,460,36,36.31578947368421,0.0782608695652174,0.0,0.45454545454545453,7.689782608695652,nan,nan
4789937,5.0,4,678,4,4,524,45,38.34146341463415,0.08587786259541985,0.0,0.8571428571428571,7.1725190839694655,nan,nan
4792515,5.0,4,705,7,6,236,17,24.0,0.07203389830508475,0.0,0.2,8.309745762711865,nan,nan
4811115,5.0,4,643,4,3,483,33,42.61764705882353,0.06832298136645963,0.0,0.4,7.2308488612836435,nan,nan
4824328,5.0,4,688,4,3,355,25,36.101694915254235,0.07042253521126761,0.0,0.3,8.455774647887324,nan,nan
4861227,5.0,4,710,7,6,240,23,20.869565217391305,0.09583333333333334,0.0,0.25,9.870833333333334,nan,nan
4861687,5.0,4,746,8,7,302,53,14.975206611570249,0.17549668874172186,0.0,0.4444444444444444,8.550993377483444,nan,nan
4862222,5.0,4,670,4,3,486,77,18.225,0.15843621399176955,0.0,0.07017543859649122,6.719341563786008,nan,nan
4862380,5.0,4,660,3,2,522,50,33.319148936170215,0.09578544061302682,0.0,0.5384615384615384,6.192337164750958,nan,nan
4865550,5.0,4,642,5,5,382,67,18.04724409448819,0.17539267015706805,0.0,0.7692307692307693,9.480628272251309,nan,nan
4865558,5.0,4,649,5,4,503,107,15.71875,0.21272365805168986,0.009708737864077669,0.5384615384615384,8.87037773359841,nan,nan
4912927,5.0,4,674,2,1,638,162,12.152380952380952,0.25391849529780564,0.0,0.03759398496240601,7.3815047021943565,nan,nan
4915833,5.0,4,675,4,3,479,72,23.557377049180328,0.15031315240083507,0.0,0.8181818181818182,8.0901878914405,nan,nan
4940890,5.0,4,683,3,2,530,58,32.78350515463917,0.10943396226415095,0.0,0.7777777777777778,7.89943396226415,nan,nan
5244934,5.0,4,656,6,6,274,22,27.864406779661017,0.08029197080291971,0.0,0.2222222222222222,15.105839416058394,nan,nan
5351422,5.0,4,654,4,3,487,62,24.76271186440678,0.1273100616016427,0.0,0.42105263157894735,9.151334702258726,nan,nan
5477477,5.0,4,678,2,2,586,124,19.425414364640883,0.21160409556313994,0.05263157894736842,0.6086956521739131,9.400341296928328,nan,nan
5499001,5.0,4,670,2,1,632,129,20.063492063492063,0.20411392405063292,0.0,0.7058823529411765,7.5028481012658235,nan,nan
5503058,5.0,4,916,6,5,414,55,23.884615384615383,0.13285024154589373,0.0196078431372549,0.5,10.496135265700483,nan,nan
5503168,5.0,4,695,6,5,336,22,31.5,0.06547619047619048,0.0,0.15384615384615385,13.480952380952383,nan,nan
5503359,5.0,4,716,6,6,319,25,28.567164179104477,0.07836990595611286,0.0,0.2727272727272727,13.646394984326019,nan,nan
5540718,5.0,4,663,6,6,333,36,23.785714285714285,0.10810810810810811,0.0,0.25,8.527627627627627,nan,nan
5540722,5.0,4,691,5,5,426,29,38.149253731343286,0.06807511737089202,0.0,0.7142857142857143,7.570892018779342,nan,nan
5540733,5.0,4,641,4,3,490,42,37.21518987341772,0.08571428571428572,0.0,0.625,7.110816326530613,nan,nan
5540847,5.0,4,869,6,6,375,30,30.82191780821918,0.08,0.0,0.2727272727272727,7.854666666666667,nan,nan
5547018,5.0,4,649,6,5,388,57,20.243478260869566,0.14690721649484537,0.0,0.4375,8.079123711340205,nan,nan
5565253,5.0,4,670,4,5,385,27,37.868852459016395,0.07012987012987013,0.0,0.2727272727272727,8.012727272727274,nan,nan
5615881,5.0,4,1051,6,6,357,42,21.857142857142858,0.11764705882352941,0.0,0.35294117647058826,7.905882352941177,nan,nan
5615968,5.0,4,642,6,5,378,67,18.4390243902439,0.17724867724867724,0.0,0.5,9.665873015873016,nan,nan
5615986,5.0,4,685,5,4,343,36,25.725,0.10495626822157435,0.0,0.6666666666666666,7.907871720116618,nan,nan
5615988,5.0,4,671,6,5,356,34,28.105263157894736,0.09550561797752809,0.0,0.8333333333333334,7.581179775280899,nan,nan
5616015,5.0,4,657,2,1,624,113,20.02139037433155,0.18108974358974358,0.0,0.8636363636363636,6.954166666666666,nan,nan
5633515,5.0,4,663,6,5,410,45,23.20754716981132,0.10975609756097561,0.0,0.06451612903225806,7.234390243902439,nan,nan
5692189,5.0,4,1527,6,5,401,38,26.439560439560438,0.09476309226932668,0.0,0.29411764705882354,8.97930174563591,nan,nan
5705278,5.0,4,643,8,7,323,41,18.634615384615383,0.12693498452012383,0.0,0.25,10.271826625386998,nan,nan
5705752,5.0,4,682,5,4,434,38,31.75609756097561,0.08755760368663594,0.0,0.2857142857142857,7.526036866359448,nan,nan
5706077,5.0,4,656,5,5,382,37,27.6144578313253,0.0968586387434555,0.0,0.7777777777777778,7.892931937172775,nan,nan
5706137,5.0,4,737,7,7,173,11,21.183673469387756,0.06358381502890173,0.0,0.125,8.875722543352602,nan,nan
5715345,5.0,4,923,4,3,491,47,32.02173913043478,0.09572301425661914,0.0,0.5833333333333334,7.789409368635438,nan,nan
5771585,5.0,4,720,6,5,355,23,33.80952380952381,0.0647887323943662,0.0,0.3,7.845352112676056,nan,nan
5771621,5.0,4,675,6,5,379,26,32.028169014084504,0.06860158311345646,0.0,0.13333333333333333,7.789709762532982,nan,nan
5772092,5.0,4,729,8,7,335,30,22.84090909090909,0.08955223880597014,0.0,0.15789473684210525,7.502686567164179,nan,nan
5772102,5.0,4,725,5,4,359,26,31.217391304347824,0.07242339832869081,0.0,0.11764705882352941,6.480779944289694,nan,nan
5772192,5.0,4,706,7,6,381,29,29.68831168831169,0.07611548556430446,0.0,0.36363636363636365,6.99002624671916,nan,nan
5874746,5.0,4,729,6,6,364,37,26.0,0.10164835164835165,0.0,0.5454545454545454,5.198901098901099,nan,nan
5874767,5.0,4,1278,8,7,245,18,22.96875,0.07346938775510205,0.0,0.09090909090909091,8.239591836734695,nan,nan
5874769,5.0,4,649,6,6,322,25,28.83582089552239,0.07763975155279502,0.0,0.3,7.2490683229813655,nan,nan
5874787,5.0,4,1064,5,5,225,20,24.545454545454547,0.08888888888888889,0.0,0.375,7.395555555555555,nan,nan
5875173,5.0,4,712,4,4,95,5,21.923076923076923,0.05263157894736842,0.0,0.0,10.070526315789474,nan,nan
5882173,5.0,4,665,8,7,273,34,18.82758620689655,0.12454212454212454,0.0,0.3333333333333333,8.337362637362636,nan,nan
5969330,5.0,4,721,6,5,459,102,12.461538461538462,0.2222222222222222,0.0,0.05952380952380952,8.262745098039215,nan,nan
5969331,5.0,4,706,6,5,359,39,25.046511627906977,0.10863509749303621,0.0,0.26666666666666666,8.541225626740948,nan,nan
5969362,5.0,4,672,5,5,449,36,32.45783132530121,0.0801781737193764,0.0,0.5,7.395768374164811,nan,nan
6058407,5.0,4,696,7,7,329,56,15.184615384615384,0.1702127659574468,0.0,0.2,9.705775075987841,nan,nan
6062407,5.0,4,666,7,6,333,31,24.365853658536587,0.09309309309309309,0.0,0.10526315789473684,7.185885885885886,nan,nan
6109129,5.0,4,721,4,3,482,34,41.31428571428572,0.07053941908713693,0.0,0.4444444444444444,7.552489626556017,nan,nan
6148097,5.0,4,725,4,4,458,53,28.926315789473684,0.11572052401746726,0.0,0.5,5.725764192139738,nan,nan
6148143,5.0,4,677,5,4,437,31,33.61538461538461,0.07093821510297482,0.0,0.16666666666666666,7.281464530892449,nan,nan
6148208,5.0,4,646,3,3,319,50,19.53061224489796,0.15673981191222572,0.0,0.4375,6.714733542319749,nan,nan
6190357,5.0,4,710,2,2,494,42,37.05,0.08502024291497975,0.0,0.5833333333333334,6.653036437246963,nan,nan
6193396,5.0,4,658,6,5,370,15,42.69230769230769,0.04054054054054054,0.0,0.2222222222222222,7.096756756756757,nan,nan
6193436,5.0,4,666,5,6,94,11,14.842105263157896,0.11702127659574468,0.0,0.2,12.172340425531916,nan,nan
4216956,5.0,5,910,6,5,363,53,18.615384615384617,0.14600550964187328,0.0,0.12903225806451613,7.105234159779614,nan,nan
4272243,5.0,5,646,2,1,600,148,12.5,0.24666666666666667,0.0,0.042735042735042736,6.066999999999999,nan,nan
4344977,5.0,5,1187,5,5,384,74,15.157894736842104,0.19270833333333334,0.0,0.1111111111111111,7.29296875,nan,nan
4350946,5.0,5,690,5,5,394,28,35.28358208955224,0.07106598984771574,0.0,0.23076923076923078,7.291116751269035,nan,nan
4351935,5.0,5,775,6,5,369,42,23.806451612903224,0.11382113821138211,0.0,0.23529411764705882,8.114092140921409,nan,nan
4352377,5.0,5,716,5,4,428,46,25.176470588235293,0.10747663551401869,0.0,0.1111111111111111,6.710280373831775,nan,nan
4358853,5.0,5,666,4,3,528,34,42.810810810810814,0.06439393939393939,0.0,0.5,6.729166666666667,nan,nan
4359232,5.0,5,681,3,2,590,154,11.76079734219269,0.26101694915254237,0.0,0.05084745762711865,6.973728813559322,nan,nan
4370045,5.0,5,720,4,3,467,79,19.458333333333332,0.16916488222698073,0.0,0.3076923076923077,7.6730192719486086,nan,nan
4389353,5.0,5,650,5,4,462,72,20.686567164179106,0.15584415584415584,0.0,0.30434782608695654,9.702164502164502,nan,nan
4389414,5.0,5,645,5,5,422,57,23.229357798165136,0.13507109004739337,0.0,0.375,9.166587677725119,nan,nan
4392729,5.0,5,652,4,3,478,57,27.314285714285713,0.1192468619246862,0.0,0.6666666666666666,7.579707112970711,nan,nan
4393045,5.0,5,936,4,3,438,45,30.558139534883722,0.10273972602739725,0.024390243902439025,0.6,9.466438356164383,nan,nan
4440451,5.0,5,657,3,2,546,93,23.070422535211268,0.17032967032967034,0.0,0.6923076923076923,8.020695970695972,nan,nan
4443744,5.0,5,710,7,6,399,84,16.06711409395973,0.21052631578947367,0.0,0.2608695652173913,12.609774436090227,nan,nan
4448887,5.0,5,666,6,6,333,25,29.82089552238806,0.07507507507507508,0.0,0.15384615384615385,11.654054054054054,nan,nan
4469551,5.0,5,670,4,3,512,80,26.482758620689655,0.15625,0.03508771929824561,0.6,9.0548828125,nan,nan
4472905,5.0,5,816,4,3,463,52,28.060606060606062,0.11231101511879049,0.0,0.42857142857142855,8.81792656587473,nan,nan
4473229,5.0,5,673,4,4,446,53,25.245283018867923,0.11883408071748879,0.0,0.2857142857142857,9.316591928251121,nan,nan
4481970,5.0,5,642,3,2,494,40,40.602739726027394,0.08097165991902834,0.0,0.5555555555555556,8.680769230769231,nan,nan
4482888,5.0,5,647,1,0,647,109,22.83529411764706,0.16846986089644514,0.0,0.35714285714285715,6.66661514683153,nan,nan
4487550,5.0,5,653,4,3,480,53,28.514851485148515,0.11041666666666666,0.0,0.5,9.569583333333332,nan,nan
4487946,5.0,5,710,2,1,227,45,17.240506329113924,0.19823788546255505,0.0,0.6666666666666666,10.589427312775332,nan,nan
4504164,5.0,5,649,5,5,364,36,25.103448275862068,0.0989010989010989,0.0,0.08,10.209890109890111,nan,nan
4527487,5.0,5,671,4,5,134,8,26.8,0.05970149253731343,0.0,0.25,13.451492537313433,nan,nan
4544584,5.0,5,672,4,3,540,42,41.53846153846154,0.07777777777777778,0.0,0.5555555555555556,10.52111111111111,nan,nan
4547202,5.0,5,696,5,4,436,34,34.421052631578945,0.0779816513761468,0.0,0.36363636363636365,10.949311926605503,nan,nan
4559519,5.0,5,991,6,5,358,43,21.918367346938776,0.12011173184357542,0.0,0.19047619047619047,10.686312849162011,nan,nan
4575701,5.0,5,700,2,1,657,172,16.493723849372383,0.2617960426179604,0.012269938650306749,0.4,7.771993911719939,nan,nan
4579744,5.0,5,678,6,5,377,39,25.415730337078653,0.10344827586206896,0.0,0.15789473684210525,10.085941644562334,nan,nan
4605892,5.0,5,678,2,3,41,2,20.5,0.04878048780487805,0.0,0.0,21.463414634146343,nan,nan
4668185,5.0,5,641,7,6,372,59,18.295081967213115,0.1586021505376344,0.0,0.3157894736842105,11.72258064516129,nan,nan
4705097,5.0,5,659,4,4,451,46,30.75,0.10199556541019955,0.0,0.3333333333333333,9.102882483370287,nan,nan
4724133,5.0,5,650,4,4,454,51,28.97872340425532,0.11233480176211454,0.0,0.25,7.4284140969163,nan,nan
4749525,5.0,5,805,3,2,526,36,45.73913043478261,0.06844106463878327,0.0,0.625,8.81768060836502,nan,nan
4754626,5.0,5,1144,5,4,433,50,25.223300970873787,0.11547344110854503,0.0,0.2631578947368421,9.517551963048499,nan,nan
4754956,5.0,5,647,5,4,419,70,19.338461538461537,0.16706443914081145,0.0,0.3684210526315789,9.957517899761337,nan,nan
4775763,5.0,5,718,6,5,449,49,25.177570093457945,0.1091314031180401,0.0,0.25,8.7543429844098,nan,nan
4785421,5.0,5,773,4,4,460,36,36.31578947368421,0.0782608695652174,0.0,0.3076923076923077,7.401304347826087,nan,nan
4789937,5.0,5,678,4,4,524,45,37.87951807228916,0.08587786259541985,0.0,0.5,8.63759541984733,nan,nan
4792515,5.0,5,705,7,6,236,17,23.6,0.07203389830508475,0.0,0.07692307692307693,11.888135593220339,nan,nan
4811115,5.0,5,643,4,3,483,33,42.0,0.06832298136645963,0.0,0.36363636363636365,6.94223602484472,nan,nan
4824328,5.0,5,688,4,3,355,25,38.72727272727273,0.07042253521126761,0.0,0.2222222222222222,9.992112676056337,nan,nan
4861227,5.0,5,710,7,6,240,23,20.0,0.09583333333333334,0.0,0.05555555555555555,12.525,nan,nan
4861687,5.0,5,746,8,7,302,53,15.1,0.17549668874172186,0.0,0.2608695652173913,9.83907284768212,nan,nan
4862222,5.0,5,670,4,3,486,77,18.573248407643312,0.15843621399176955,0.0,0.07272727272727272,8.275102880658435,nan,nan
4862380,5.0,5,660,3,2,522,50,32.96842105263158,0.09578544061302682,0.0,0.375,6.757471264367816,nan,nan
4865550,5.0,5,642,5,5,382,67,18.04724409448819,0.17539267015706805,0.0,0.7142857142857143,7.741884816753927,nan,nan
4865558,5.0,5,649,5,4,503,107,15.968253968253968,0.21272365805168986,0.0,0.41379310344827586,7.619085487077535,nan,nan
4912927,5.0,5,674,2,1,638,162,12.07570977917981,0.25391849529780564,0.0,0.029411764705882353,7.137460815047022,nan,nan
4915833,5.0,5,675,4,3,479,72,23.365853658536587,0.15031315240083507,0.0,0.5714285714285714,7.440918580375783,nan,nan
4940890,5.0,5,683,3,2,530,58,31.176470588235293,0.10943396226415095,0.0,0.5833333333333334,6.916415094339622,nan,nan
5244934,5.0,5,656,6,6,274,22,27.864406779661017,0.08029197080291971,0.0,0.2222222222222222,13.546715328467155,nan,nan
5351422,5.0,5,654,4,3,487,62,25.189655172413794,0.1273100616016427,0.0,0.2857142857142857,10.60082135523614,nan,nan
5477477,5.0,5,678,2,2,586,124,19.425414364640883,0.21160409556313994,0.028846153846153848,0.5652173913043478,8.685153583617748,nan,nan
5499001,5.0,5,670,2,1,632,129,19.957894736842107,0.20411392405063292,0.0,0.43478260869565216,7.994620253164557,nan,nan
5503058,5.0,5,916,6,5,414,55,23.884615384615383,0.13285024154589373,0.0,0.5454545454545454,12.740579710144928,nan,nan
5503168,5.0,5,695,6,5,336,22,32.0,0.06547619047619048,0.0,0.16666666666666666,13.154166666666667,nan,nan
5503359,5.0,5,716,6,6,319,25,28.567164179104477,0.07836990595611286,0.0,0.3,16.709717868338558,nan,nan
5540718,5.0,5,663,6,6,333,36,23.50588235294118,0.10810810810810811,0.0,0.15789473684210525,9.976576576576576,nan,nan
5540722,5.0,5,691,5,5,426,29,37.04347826086956,0.06807511737089202,0.0,0.23076923076923078,8.237793427230047,nan,nan
5540733,5.0,5,641,4,3,490,42,36.2962962962963,0.08571428571428572,0.0,0.2,7.674285714285714,nan,nan
5540847,5.0,5,869,6,6,375,30,30.405405405405407,0.08,0.0,0.14285714285714285,7.090133333333334,nan,nan
5547018,5.0,5,649,6,5,388,57,19.897435897435898,0.14690721649484537,0.0,0.21739130434782608,7.843041237113402,nan,nan
5565253,5.0,5,670,4,5,385,27,37.868852459016395,0.07012987012987013,0.0,0.2727272727272727,6.986753246753247,nan,nan
5615881,5.0,5,1051,6,6,357,42,21.636363636363637,0.11764705882352941,0.0,0.17391304347826086,8.157422969187675,nan,nan
5615968,5.0,5,642,6,5,378,67,18.29032258064516,0.17724867724867724,0.0,0.3333333333333333,8.654761904761905,nan,nan
5615986,5.0,5,685,5,4,343,36,25.40740740740741,0.10495626822157435,0.0,0.16666666666666666,7.424781341107871,nan,nan
5615988,5.0,5,671,6,5,356,34,27.74025974025974,0.09550561797752809,0.0,0.4,7.596629213483146,nan,nan
5616015,5.0,5,657,2,1,624,113,20.571428571428573,0.18108974358974358,0.0,0.40625,7.332371794871794,nan,nan
5633515,5.0,5,663,6,5,410,45,23.20754716981132,0.10975609756097561,0.0,0.06451612903225806,7.473902439024391,nan,nan
5692189,5.0,5,1527,6,5,401,38,26.152173913043477,0.09476309226932668,0.0,0.13636363636363635,8.805236907730674,nan,nan
5705278,5.0,5,643,8,7,323,41,18.634615384615383,0.12693498452012383,0.0,0.12,9.074303405572756,nan,nan
5705752,5.0,5,682,5,4,434,38,32.55,0.08755760368663594,0.0,0.3076923076923077,7.834331797235023,nan,nan
5706077,5.0,5,656,5,5,382,37,28.296296296296298,0.0968586387434555,0.0,0.2857142857142857,7.3541884816753935,nan,nan
5706137,5.0,5,737,7,7,173,11,20.76,0.06358381502890173,0.0,0.0,11.43757225433526,nan,nan
5715345,5.0,5,923,4,3,491,47,31.010526315789473,0.09572301425661914,0.0,0.35294117647058826,7.313849287169043,nan,nan
5771585,5.0,5,720,6,5,355,23,33.28125,0.0647887323943662,0.0,0.15384615384615385,7.450704225352113,nan,nan
5771621,5.0,5,675,6,5,379,26,32.028169014084504,0.06860158311345646,0.0,0.125,7.113984168865435,nan,nan
5772092,5.0,5,729,8,7,335,30,22.333333333333332,0.08955223880597014,0.0,0.04,9.092835820895521,nan,nan
5772102,5.0,5,725,5,4,359,26,30.771428571428572,0.07242339832869081,0.0,0.047619047619047616,7.043454038997214,nan,nan
5772192,5.0,5,706,7,6,381,29,29.307692307692307,0.07611548556430446,0.0,0.21428571428571427,7.146719160104987,nan,nan
5874746,5.0,5,729,6,6,364,37,24.53932584269663,0.10164835164835165,0.0,0.13636363636363635,7.4458791208791215,nan,nan
5874767,5.0,5,1278,8,7,245,18,22.96875,0.07346938775510205,0.0,0.09090909090909091,8.216326530612244,nan,nan
5874769,5.0,5,649,6,6,322,25,27.6,0.07763975155279502,0.0,0.05555555555555555,7.754658385093168,nan,nan
5874787,5.0,5,1064,5,5,225,20,23.275862068965516,0.08888888888888889,0.0,0.06666666666666667,6.998666666666667,nan,nan
5875173,5.0,5,712,4,4,95,5,21.923076923076923,0.05263157894736842,0.0,0.0,11.297894736842105,nan,nan
5882173,5.0,5,665,8,7,273,34,18.0,0.12454212454212454,0.0,0.16666666666666666,7.883516483516483,nan,nan
5969330,5.0,5,721,6,5,459,102,12.294642857142858,0.2222222222222222,0.0,0.021505376344086023,6.719825708061002,nan,nan
5969331,5.0,5,706,6,5,359,39,24.477272727272727,0.10863509749303621,0.0,0.35714285714285715,7.809192200557103,nan,nan
5969362,5.0,5,672,5,5,449,36,32.45783132530121,0.0801781737193764,0.0,0.15789473684210525,6.496881959910913,nan,nan
6058407,5.0,5,696,7,7,329,56,15.068702290076336,0.1702127659574468,0.0,0.075,8.602431610942249,nan,nan
6062407,5.0,5,666,7,6,333,31,24.365853658536587,0.09309309309309309,0.0,0.10526315789473684,7.71021021021021,nan,nan
6109129,5.0,5,721,4,3,482,34,39.61643835616438,0.07053941908713693,0.0,0.21428571428571427,5.36390041493776,nan,nan
6148097,5.0,5,725,4,4,458,53,29.23404255319149,0.11572052401746726,0.0,0.5454545454545454,5.3877729257641915,nan,nan
6148143,5.0,5,677,5,4,437,31,34.05194805194805,0.07093821510297482,0.0,0.1,5.374370709382151,nan,nan
6148208,5.0,5,646,3,3,319,50,18.58252427184466,0.15673981191222572,0.0,0.05714285714285714,6.410344827586207,nan,nan
6190357,5.0,5,710,2,2,494,42,37.05,0.08502024291497975,0.0,0.2222222222222222,5.663360323886639,nan,nan
6193396,5.0,5,658,6,5,370,15,42.69230769230769,0.04054054054054054,0.0,0.09090909090909091,7.945135135135135,nan,nan
6193436,5.0,5,666,5,6,94,11,14.842105263157896,0.11702127659574468,0.0,0.2,16.47446808510638,nan,nan
4216956,5.0,6,910,6,5,363,53,18.615384615384617,0.14600550964187328,0.0,0.12903225806451613,6.390358126721763,nan,nan
4272243,5.0,6,646,2,1,600,148,12.5,0.24666666666666667,0.0,0.024390243902439025,6.3998333333333335,nan,nan
4344977,5.0,6,1187,5,5,384,74,15.157894736842104,0.19270833333333334,0.0,0.08333333333333333,7.10078125,nan,nan
4350946,5.0,6,690,5,5,394,28,34.26086956521739,0.07106598984771574,0.0,0.11764705882352941,8.495685279187818,nan,nan
4351935,5.0,6,775,6,5,369,42,23.305263157894736,0.11382113821138211,0.0,0.13636363636363635,7.800542005420055,nan,nan
4352377,5.0,6,716,5,4,428,46,24.692307692307693,0.10747663551401869,0.0,0.0625,7.176869158878504,nan,nan
4358853,5.0,6,666,4,3,528,34,40.10126582278481,0.06439393939393939,0.0,0.038461538461538464,5.599053030303031,nan,nan
4359232,5.0,6,681,3,2,590,154,11.644736842105264,0.26101694915254237,0.0,0.031496062992125984,7.715593220338983,nan,nan
4370045,5.0,6,720,4,3,467,79,19.06122448979592,0.16916488222698073,0.0,0.25,8.861456102783727,nan,nan
4389353,5.0,6,650,5,4,462,72,20.533333333333335,0.15584415584415584,0.0,0.23076923076923078,8.501731601731603,nan,nan
4389414,5.0,6,645,5,5,422,57,23.01818181818182,0.13507109004739337,0.0,0.2631578947368421,10.454976303317535,nan,nan
4392729,5.0,6,652,4,3,478,57,26.31192660550459,0.1192468619246862,0.0,0.21739130434782608,8.401673640167363,nan,nan
4393045,5.0,6,936,4,3,438,45,28.565217391304348,0.10273972602739725,0.0,0.19047619047619047,9.195433789954338,nan,nan
4440451,5.0,6,657,3,2,546,93,23.912408759124087,0.17032967032967034,0.0,0.7272727272727273,8.397252747252747,nan,nan
4443744,5.0,6,710,7,6,399,84,15.75,0.21052631578947367,0.0,0.18518518518518517,10.672180451127819,nan,nan
4448887,5.0,6,666,6,6,333,25,29.82089552238806,0.07507507507507508,0.0,0.15384615384615385,12.47777777777778,nan,nan
4469551,5.0,6,670,4,3,512,80,22.755555555555556,0.15625,0.0,0.42105263157894735,9.050390625,nan,nan
4472905,5.0,6,816,4,3,463,52,27.504950495049506,0.11231101511879049,0.0,0.2777777777777778,8.075161987041037,nan,nan
4473229,5.0,6,673,4,4,446,53,24.55045871559633,0.11883408071748879,0.0,0.13333333333333333,9.313452914798207,nan,nan
4481970,5.0,6,642,3,2,494,40,39.52,0.08097165991902834,0.0,0.3076923076923077,6.942105263157895,nan,nan
4482888,5.0,6,647,1,0,647,109,22.18285714285714,0.16846986089644514,0.0,0.20512820512820512,7.371251931993817,nan,nan
4487550,5.0,6,653,4,3,480,53,28.235294117647058,0.11041666666666666,0.0,0.25,9.26875,nan,nan
4487946,5.0,6,710,2,1,227,45,16.023529411764706,0.19823788546255505,0.0,0.13043478260869565,10.838325991189429,nan,nan
4504164,5.0,6,649,5,5,364,36,25.694117647058825,0.0989010989010989,0.0,0.08695652173913043,11.030494505494506,nan,nan
4527487,5.0,6,671,4,5,134,8,25.125,0.05970149253731343,0.0,0.0,12.031343283582089,nan,nan
4544584,5.0,6,672,4,3,540,42,40.5,0.07777777777777778,0.0,0.3076923076923077,8.751111111111111,nan,nan
4547202,5.0,6,696,5,4,436,34,33.97402597402598,0.0779816513761468,0.0,0.1875,6.670871559633028,nan,nan
4559519,5.0,6,991,6,5,358,43,22.144329896907216,0.12011173184357542,0.0,0.19047619047619047,7.953631284916201,nan,nan
4575701,5.0,6,700,2,1,657,172,12.166666666666666,0.2617960426179604,0.005988023952095809,0.046153846153846156,7.257838660578386,nan,nan
4579744,5.0,6,678,6,5,377,39,24.58695652173913,0.10344827586206896,0.0,0.08,9.480106100795757,nan,nan
4605892,5.0,6,678,2,3,41,2,20.5,0.04878048780487805,0.0,0.0,18.34390243902439,nan,nan
4668185,5.0,6,641,7,6,372,59,18.146341463414632,0.1586021505376344,0.0,0.2857142857142857,9.87741935483871,nan,nan
4705097,5.0,6,659,4,4,451,46,30.75,0.10199556541019955,0.0,0.3333333333333333,7.711973392461197,nan,nan
4724133,5.0,6,650,4,4,454,51,23.68695652173913,0.11233480176211454,0.0,0.022222222222222223,7.908149779735683,nan,nan
4749525,5.0,6,805,3,2,526,36,43.833333333333336,0.06844106463878327,0.0,0.17647058823529413,7.596958174904943,nan,nan
4754626,5.0,6,1144,5,4,433,50,24.98076923076923,0.11547344110854503,0.0,0.16666666666666666,8.596535796766744,nan,nan
4754956,5.0,6,647,5,4,419,70,19.045454545454547,0.16706443914081145,0.0,0.30434782608695654,8.500477326968973,nan,nan
4775763,5.0,6,718,6,5,449,49,24.053571428571427,0.1091314031180401,0.0,0.1,7.723830734966592,nan,nan
4785421,5.0,6,773,4,4,460,36,34.5,0.0782608695652174,0.0,0.09090909090909091,6.4063043478260875,nan,nan
4789937,5.0,6,678,4,4,524,45,37.87951807228916,0.08587786259541985,0.0,0.5,6.04351145038168,nan,nan
4792515,5.0,6,705,7,6,236,17,22.838709677419356,0.07203389830508475,0.0,0.0,7.880508474576271,nan,nan
4811115,5.0,6,643,4,3,483,33,40.816901408450704,0.06832298136645963,0.0,0.2,5.578881987577639,nan,nan
4824328,5.0,6,688,4,3,355,25,37.36842105263158,0.07042253521126761,0.0,0.16666666666666666,6.788169014084508,nan,nan
4861227,5.0,6,710,7,6,240,23,20.281690140845072,0.09583333333333334,0.0,0.05555555555555555,7.71875,nan,nan
4861687,5.0,6,746,8,7,302,53,14.612903225806452,0.17549668874172186,0.0,0.12903225806451613,6.209602649006622,nan,nan
4862222,5.0,6,670,4,3,486,77,18.111801242236027,0.15843621399176955,0.0,0.03125,6.354732510288066,nan,nan
4862380,5.0,6,660,3,2,522,50,34.04347826086956,0.09578544061302682,0.0,0.42857142857142855,6.9272030651340994,nan,nan
4865550,5.0,6,642,5,5,382,67,17.23308270676692,0.17539267015706805,0.0,0.11428571428571428,9.72565445026178,nan,nan
4865558,5.0,6,649,5,4,503,107,15.71875,0.21272365805168986,0.0,0.3333333333333333,8.184890656063619,nan,nan
4912927,5.0,6,674,2,1,638,162,12.07570977917981,0.25391849529780564,0.0,0.029411764705882353,7.171473354231974,nan,nan
4915833,5.0,6,675,4,3,479,72,23.365853658536587,0.15031315240083507,0.0,0.3157894736842105,8.428810020876828,nan,nan
4940890,5.0,6,683,3,2,530,58,30.0,0.10943396226415095,0.0,0.3333333333333333,8.166792452830189,nan,nan
5244934,5.0,6,656,6,6,274,22,28.344827586206897,0.08029197080291971,0.0,0.2857142857142857,14.582846715328467,nan,nan
5351422,5.0,6,654,4,3,487,62,24.974358974358974,0.1273100616016427,0.0,0.20833333333333334,10.45359342915811,nan,nan
5477477,5.0,6,678,2,2,586,124,19.425414364640883,0.21160409556313994,0.01834862385321101,0.6190476190476191,10.10273037542662,nan,nan
5499001,5.0,6,670,2,1,632,129,19.647668393782382,0.20411392405063292,0.0,0.3103448275862069,7.668354430379746,nan,nan
5503058,5.0,6,916,6,5,414,55,22.37837837837838,0.13285024154589373,0.0,0.125,12.010144927536231,nan,nan
5503168,5.0,6,695,6,5,336,22,31.015384615384615,0.06547619047619048,0.0,0.058823529411764705,11.229761904761904,nan,nan
5503359,5.0,6,716,6,6,319,25,25.864864864864863,0.07836990595611286,0.0,0.0,15.049529780564264,nan,nan
5540718,5.0,6,663,6,6,333,36,21.717391304347824,0.10810810810810811,0.0,0.034482758620689655,8.031231231231232,nan,nan
5540722,5.0,6,691,5,5,426,29,36.0,0.06807511737089202,0.0,0.1111111111111111,6.584507042253521,nan,nan
5540733,5.0,6,641,4,3,490,42,35.42168674698795,0.08571428571428572,0.0,0.16666666666666666,6.891836734693878,nan,nan
5540847,5.0,6,869,6,6,375,30,30.405405405405407,0.08,0.0,0.14285714285714285,7.785333333333333,nan,nan
5547018,5.0,6,649,6,5,388,57,19.4,0.14690721649484537,0.0,0.13333333333333333,7.639690721649484,nan,nan
5565253,5.0,6,670,4,5,385,27,35.53846153846154,0.07012987012987013,0.0,0.05263157894736842,6.991428571428571,nan,nan
5615881,5.0,6,1051,6,6,357,42,20.4,0.11764705882352941,0.0,0.02702702702702703,7.276190476190476,nan,nan
5615968,5.0,6,642,6,5,378,67,18.74380165289256,0.17724867724867724,0.0,0.2631578947368421,6.342063492063493,nan,nan
5615986,5.0,6,685,5,4,343,36,26.050632911392405,0.10495626822157435,0.0,0.1875,6.440524781341107,nan,nan
5615988,5.0,6,671,6,5,356,34,27.384615384615383,0.09550561797752809,0.0,0.23076923076923078,6.7632022471910105,nan,nan
5616015,5.0,6,657,2,1,624,113,22.153846153846153,0.18108974358974358,0.0,0.38461538461538464,6.689743589743589,nan,nan
5633515,5.0,6,663,6,5,410,45,22.363636363636363,0.10975609756097561,0.0,0.02631578947368421,8.366341463414633,nan,nan
5692189,5.0,6,1527,6,5,401,38,25.595744680851062,0.09476309226932668,0.0,0.07407407407407407,9.785286783042395,nan,nan
5705278,5.0,6,643,8,7,323,41,17.618181818181817,0.12693498452012383,0.0,0.029411764705882353,10.368730650154799,nan,nan
5705752,5.0,6,682,5,4,434,38,31.373493975903614,0.08755760368663594,0.0,0.16666666666666666,8.644239631336406,nan,nan
5706077,5.0,6,656,5,5,382,37,27.6144578313253,0.0968586387434555,0.0,0.16666666666666666,8.539267015706807,nan,nan
5706137,5.0,6,737,7,7,173,11,20.76,0.06358381502890173,0.0,0.0,10.857225433526011,nan,nan
5715345,5.0,6,923,4,3,491,47,29.757575757575758,0.09572301425661914,0.0,0.1,7.408757637474541,nan,nan
5771585,5.0,6,720,6,5,355,23,31.791044776119403,0.0647887323943662,0.0,0.05555555555555555,7.480845070422535,nan,nan
5771621,5.0,6,675,6,5,379,26,31.15068493150685,0.06860158311345646,0.0,0.047619047619047616,7.602902374670185,nan,nan
5772092,5.0,6,729,8,7,335,30,21.847826086956523,0.08955223880597014,0.0,0.0,7.205970149253731,nan,nan
5772102,5.0,6,725,5,4,359,26,29.916666666666668,0.07242339832869081,0.0,0.0,5.590807799442897,nan,nan
5772192,5.0,6,706,7,6,381,29,28.575,0.07611548556430446,0.0,0.1111111111111111,7.013910761154856,nan,nan
5874746,5.0,6,729,6,6,364,37,24.0,0.10164835164835165,0.0,0.07692307692307693,7.1546703296703305,nan,nan
5874767,5.0,6,1278,8,7,245,18,22.96875,0.07346938775510205,0.0,0.09090909090909091,7.973469387755102,nan,nan
5874769,5.0,6,649,6,6,322,25,26.10810810810811,0.07763975155279502,0.0,0.0,6.925155279503106,nan,nan
5874787,5.0,6,1064,5,5,225,20,22.5,0.08888888888888889,0.0,0.0,7.2444444444444445,nan,nan
5875173,5.0,6,712,4,4,95,5,21.923076923076923,0.05263157894736842,0.0,0.0,8.258947368421053,nan,nan
5882173,5.0,6,665,8,7,273,34,17.612903225806452,0.12454212454212454,0.0,0.09090909090909091,7.904761904761905,nan,nan
5969330,5.0,6,721,6,5,459,102,12.24,0.2222222222222222,0.0,0.010416666666666666,8.33681917211329,nan,nan
5969331,5.0,6,706,6,5,359,39,24.202247191011235,0.10863509749303621,0.0,0.15,8.355710306406685,nan,nan
5969362,5.0,6,672,5,5,449,36,31.694117647058825,0.0801781737193764,0.0,0.08333333333333333,5.811135857461024,nan,nan
6058407,5.0,6,696,7,7,329,56,15.068702290076336,0.1702127659574468,0.0,0.075,8.065349544072948,nan,nan
6062407,5.0,6,666,7,6,333,31,24.666666666666668,0.09309309309309309,0.0,0.1111111111111111,7.778678678678679,nan,nan
6109129,5.0,6,721,4,3,482,34,40.166666666666664,0.07053941908713693,0.0,0.23076923076923078,6.800622406639004,nan,nan
6148097,5.0,6,725,4,4,458,53,29.23404255319149,0.11572052401746726,0.0,0.5454545454545454,6.391921397379913,nan,nan
6148143,5.0,6,677,5,4,437,31,33.61538461538461,0.07093821510297482,0.0,0.041666666666666664,7.117162471395881,nan,nan
6148208,5.0,6,646,3,3,319,50,18.58252427184466,0.15673981191222572,0.0,0.05714285714285714,6.649529780564262,nan,nan
6190357,5.0,6,710,2,2,494,42,37.51898734177215,0.08502024291497975,0.0,0.15,5.562145748987854,nan,nan
6193396,5.0,6,658,6,5,370,15,41.111111111111114,0.04054054054054054,0.0,0.0,7.210270270270271,nan,nan
6193436,5.0,6,666,5,6,94,11,14.842105263157896,0.11702127659574468,0.0,0.2,11.825531914893617,nan,nan
4216956,5.0,7,910,6,5,363,53,17.285714285714285,0.14600550964187328,0.0,0.02127659574468085,5.513774104683195,nan,nan
4272243,5.0,7,646,2,1,600,148,12.371134020618557,0.24666666666666667,0.0,0.015503875968992248,6.2435,nan,nan
4344977,5.0,7,1187,5,5,384,74,14.864516129032259,0.19270833333333334,0.0,0.05660377358490566,6.995572916666667,nan,nan
4350946,5.0,7,690,5,5,394,28,32.833333333333336,0.07106598984771574,0.0,0.045454545454545456,7.513197969543147,nan,nan
4351935,5.0,7,775,6,5,369,42,23.305263157894736,0.11382113821138211,0.0,0.14285714285714285,6.3707317073170735,nan,nan
4352377,5.0,7,716,5,4,428,46,24.0,0.10747663551401869,0.0,0.02631578947368421,5.95981308411215,nan,nan
4358853,5.0,7,666,4,3,528,34,40.10126582278481,0.06439393939393939,0.0,0.038461538461538464,6.162689393939394,nan,nan
4359232,5.0,7,681,3,2,590,154,11.568627450980392,0.26101694915254237,0.0,0.022727272727272728,8.371355932203391,nan,nan
4370045,5.0,7,720,4,3,467,79,18.43421052631579,0.16916488222698073,0.0,0.08695652173913043,7.986723768736617,nan,nan
4389353,5.0,7,650,5,4,462,72,20.233576642335766,0.15584415584415584,0.0,0.16129032258064516,9.887878787878787,nan,nan
4389414,5.0,7,645,5,5,422,57,22.4070796460177,0.13507109004739337,0.0,0.16,9.187440758293839,nan,nan
4392729,5.0,7,652,4,3,478,57,24.93913043478261,0.1192468619246862,0.0,0.09090909090909091,8.626569037656903,nan,nan
4393045,5.0,7,936,4,3,438,45,28.87912087912088,0.10273972602739725,0.0,0.14285714285714285,9.048401826484017,nan,nan
4440451,5.0,7,657,3,2,546,93,21.84,0.17032967032967034,0.0,0.16129032258064516,8.176556776556776,nan,nan
4443744,5.0,7,710,7,6,399,84,15.44516129032258,0.21052631578947367,0.0,0.12121212121212122,11.095488721804513,nan,nan
4448887,5.0,7,666,6,6,333,25,28.542857142857144,0.07507507507507508,0.0,0.05555555555555555,11.961561561561561,nan,nan
4469551,5.0,7,670,4,3,512,80,22.26086956521739,0.15625,0.0,0.2916666666666667,8.922265625,nan,nan
4472905,5.0,7,816,4,3,463,52,28.346938775510203,0.11231101511879049,0.0,0.29411764705882354,8.452483801295896,nan,nan
4473229,5.0,7,673,4,4,446,53,22.677966101694917,0.11883408071748879,0.0,0.021739130434782608,8.889461883408071,nan,nan
4481970,5.0,7,642,3,2,494,40,37.05,0.08097165991902834,0.0,0.08695652173913043,7.52246963562753,nan,nan
4482888,5.0,7,647,1,0,647,109,21.566666666666666,0.16846986089644514,0.0,0.12244897959183673,6.217001545595054,nan,nan
4487550,5.0,7,653,4,3,480,53,26.91588785046729,0.11041666666666666,0.0,0.0967741935483871,8.139375,nan,nan
4487946,5.0,7,710,2,1,227,45,16.214285714285715,0.19823788546255505,0.0,0.08,10.817180616740089,nan,nan
4504164,5.0,7,649,5,5,364,36,26.634146341463413,0.0989010989010989,0.0,0.1,9.689285714285715,nan,nan
4527487,5.0,7,671,4,5,134,8,25.125,0.05970149253731343,0.0,0.0,12.91865671641791,nan,nan
4544584,5.0,7,672,4,3,540,42,36.0,0.07777777777777778,0.0,0.07407407407407407,9.744814814814815,nan,nan
4547202,5.0,7,696,5,4,436,34,32.7,0.0779816513761468,0.0,0.09523809523809523,7.73440366972477,nan,nan
4559519,5.0,7,991,6,5,358,43,20.264150943396228,0.12011173184357542,0.0,0.02702702702702703,8.351396648044693,nan,nan
4575701,5.0,7,700,2,1,657,172,11.697329376854599,0.2617960426179604,0.0,0.020134228187919462,7.6535768645357685,nan,nan
4579744,5.0,7,678,6,5,377,39,24.58695652173913,0.10344827586206896,0.0,0.08,10.027586206896553,nan,nan
4605892,5.0,7,678,2,3,41,2,20.5,0.04878048780487805,0.0,0.0,13.21219512195122,nan,nan
4668185,5.0,7,641,7,6,372,59,15.942857142857143,0.1586021505376344,0.0,0.02,9.702150537634408,nan,nan
4705097,5.0,7,659,4,4,451,46,29.41304347826087,0.10199556541019955,0.0,0.13636363636363635,7.562527716186253,nan,nan
4724133,5.0,7,650,4,4,454,51,23.084745762711865,0.11233480176211454,0.0,0.0,6.886784140969163,nan,nan
4749525,5.0,7,805,3,2,526,36,42.08,0.06844106463878327,0.0,0.09523809523809523,6.595057034220532,nan,nan
4754626,5.0,7,1144,5,4,433,50,23.834862385321102,0.11547344110854503,0.0,0.06060606060606061,8.609468822170902,nan,nan
4754956,5.0,7,647,5,4,419,70,18.217391304347824,0.16706443914081145,0.0,0.10810810810810811,9.377326968973748,nan,nan
4775763,5.0,7,718,6,5,449,49,24.490909090909092,0.1091314031180401,0.0,0.06451612903225806,6.481514476614699,nan,nan
4785421,5.0,7,773,4,4,460,36,34.5,0.0782608695652174,0.0,0.08695652173913043,6.134565217391304,nan,nan
4789937,5.0,7,678,4,4,524,45,36.55813953488372,0.08587786259541985,0.0,0.26666666666666666,6.415648854961832,nan,nan
4792515,5.0,7,705,7,6,236,17,22.838709677419356,0.07203389830508475,0.0,0.0,7.22542372881356,nan,nan
4811115,5.0,7,643,4,3,483,33,42.0,0.06832298136645963,0.0,0.2727272727272727,6.620910973084887,nan,nan
4824328,5.0,7,688,4,3,355,25,34.91803278688525,0.07042253521126761,0.0,0.058823529411764705,7.625915492957746,nan,nan
4861227,5.0,7,710,7,6,240,23,19.45945945945946,0.09583333333333334,0.0,0.0,9.253333333333334,nan,nan
4861687,5.0,7,746,8,7,302,53,14.046511627906977,0.17549668874172186,0.0,0.05128205128205128,8.047019867549668,nan,nan
4862222,5.0,7,670,4,3,486,77,17.78048780487805,0.15843621399176955,0.0,0.014492753623188406,6.723456790123457,nan,nan
4862380,5.0,7,660,3,2,522,50,32.28865979381443,0.09578544061302682,0.0,0.11538461538461539,6.925287356321839,nan,nan
4865550,5.0,7,642,5,5,382,67,17.23308270676692,0.17539267015706805,0.0,0.11428571428571428,10.282722513089006,nan,nan
4865558,5.0,7,649,5,4,503,107,15.39795918367347,0.21272365805168986,0.0,0.17391304347826086,9.143538767395626,nan,nan
4912927,5.0,7,674,2,1,638,162,12.113924050632912,0.25391849529780564,0.0,0.02962962962962963,6.744984326018809,nan,nan
4915833,5.0,7,675,4,3,479,72,23.177419354838708,0.15031315240083507,0.0,0.3157894736842105,7.720041753653445,nan,nan
4940890,5.0,7,683,3,2,530,58,30.576923076923077,0.10943396226415095,0.0,0.23809523809523808,7.09566037735849,nan,nan
5244934,5.0,7,656,6,6,274,22,28.842105263157894,0.08029197080291971,0.0,0.2857142857142857,17.875182481751825,nan,nan
5351422,5.0,7,654,4,3,487,62,23.75609756097561,0.1273100616016427,0.0,0.12121212121212122,9.197741273100617,nan,nan
5477477,5.0,7,678,2,2,586,124,16.054794520547944,0.21160409556313994,0.0,0.14516129032258066,7.800000000000001,nan,nan
5499001,5.0,7,670,2,1,632,129,17.555555555555557,0.20411392405063292,0.0,0.07692307692307693,7.606803797468355,nan,nan
5503058,5.0,7,916,6,5,414,55,22.37837837837838,0.13285024154589373,0.0,0.125,9.589855072463768,nan,nan
5503168,5.0,7,695,6,5,336,22,29.647058823529413,0.06547619047619048,0.0,0.0,9.067261904761905,nan,nan
5503359,5.0,7,716,6,6,319,25,25.864864864864863,0.07836990595611286,0.0,0.0,10.26896551724138,nan,nan
5540718,5.0,7,663,6,6,333,36,21.717391304347824,0.10810810810810811,0.0,0.034482758620689655,6.506606606606606,nan,nan
5540722,5.0,7,691,5,5,426,29,34.54054054054054,0.06807511737089202,0.0,0.043478260869565216,5.118309859154929,nan,nan
5540733,5.0,7,641,4,3,490,42,35.42168674698795,0.08571428571428572,0.0,0.16666666666666666,5.267142857142857,nan,nan
5540847,5.0,7,869,6,6,375,30,29.22077922077922,0.08,0.0,0.05,4.989333333333334,nan,nan
5547018,5.0,7,649,6,5,388,57,18.476190476190474,0.14690721649484537,0.0,0.05,6.368814432989691,nan,nan
5565253,5.0,7,670,4,5,385,27,37.25806451612903,0.07012987012987013,0.0,0.058823529411764705,6.622337662337662,nan,nan
5615881,5.0,7,1051,6,6,357,42,19.833333333333332,0.11764705882352941,0.0,0.0,6.925490196078432,nan,nan
5615968,5.0,7,642,6,5,378,67,17.446153846153845,0.17724867724867724,0.0,0.13333333333333333,6.87063492063492,nan,nan
5615986,5.0,7,685,5,4,343,36,24.795180722891565,0.10495626822157435,0.0,0.09523809523809523,7.415160349854228,nan,nan
5615988,5.0,7,671,6,5,356,34,26.37037037037037,0.09550561797752809,0.0,0.10526315789473684,6.798595505617978,nan,nan
5616015,5.0,7,657,2,1,624,113,21.517241379310345,0.18108974358974358,0.0,0.38461538461538464,6.549839743589743,nan,nan
5633515,5.0,7,663,6,5,410,45,22.363636363636363,0.10975609756097561,0.0,0.02631578947368421,8.047073170731707,nan,nan
5692189,5.0,7,1527,6,5,401,38,24.06,0.09476309226932668,0.0,0.0,7.172069825436409,nan,nan
5705278,5.0,7,643,8,7,323,41,17.618181818181817,0.12693498452012383,0.0,0.029411764705882353,11.23312693498452,nan,nan
5705752,5.0,7,682,5,4,434,38,31.373493975903614,0.08755760368663594,0.0,0.16666666666666666,7.814055299539171,nan,nan
5706077,5.0,7,656,5,5,382,37,26.651162790697676,0.0968586387434555,0.0,0.08695652173913043,7.304712041884817,nan,nan
5706137,5.0,7,737,7,7,173,11,20.76,0.06358381502890173,0.0,0.0,10.934104046242775,nan,nan
5715345,5.0,7,923,4,3,491,47,27.79245283018868,0.09572301425661914,0.0,0.024390243902439025,7.95010183299389,nan,nan
5771585,5.0,7,720,6,5,355,23,30.428571428571427,0.0647887323943662,0.0,0.0,6.885070422535211,nan,nan
5771621,5.0,7,675,6,5,379,26,29.92105263157895,0.06860158311345646,0.0,0.0,7.027440633245383,nan,nan
5772092,5.0,7,729,8,7,335,30,21.847826086956523,0.08955223880597014,0.0,0.0,7.274925373134328,nan,nan
5772102,5.0,7,725,5,4,359,26,29.916666666666668,0.07242339832869081,0.0,0.0,6.944568245125348,nan,nan
5772192,5.0,7,706,7,6,381,29,26.58139534883721,0.07611548556430446,0.0,0.0,7.349606299212598,nan,nan
5874746,5.0,7,729,6,6,364,37,22.285714285714285,0.10164835164835165,0.0,0.0,6.592582417582417,nan,nan
5874767,5.0,7,1278,8,7,245,18,21.61764705882353,0.07346938775510205,0.0,0.0,7.839183673469387,nan,nan
5874769,5.0,7,649,6,6,322,25,26.10810810810811,0.07763975155279502,0.0,0.0,7.018012422360249,nan,nan
5874787,5.0,7,1064,5,5,225,20,22.5,0.08888888888888889,0.0,0.0,7.422666666666666,nan,nan
5875173,5.0,7,712,4,4,95,5,21.923076923076923,0.05263157894736842,0.0,0.0,8.429473684210526,nan,nan
5882173,5.0,7,665,8,7,273,34,17.804347826086957,0.12454212454212454,0.0,0.09090909090909091,7.706593406593407,nan,nan
5969330,5.0,7,721,6,5,459,102,12.078947368421053,0.2222222222222222,0.0,0.0,7.932244008714597,nan,nan
5969331,5.0,7,706,6,5,359,39,23.41304347826087,0.10863509749303621,0.0,0.08,7.814484679665738,nan,nan
5969362,5.0,7,672,5,5,449,36,30.613636363636363,0.0801781737193764,0.0,0.034482758620689655,6.424053452115813,nan,nan
6058407,5.0,7,696,7,7,329,56,14.1,0.1702127659574468,0.0,0.0,7.559878419452887,nan,nan
6062407,5.0,7,666,7,6,333,31,23.232558139534884,0.09309309309309309,0.0,0.04,8.136036036036037,nan,nan
6109129,5.0,7,721,4,3,482,34,38.56,0.07053941908713693,0.0,0.10526315789473684,6.576556016597511,nan,nan
6148097,5.0,7,725,4,4,458,53,27.48,0.11572052401746726,0.0,0.19047619047619047,7.468777292576418,nan,nan
6148143,5.0,7,677,5,4,437,31,31.975609756097562,0.07093821510297482,0.0,0.0,6.54187643020595,nan,nan
6148208,5.0,7,646,3,3,319,50,18.58252427184466,0.15673981191222572,0.0,0.05714285714285714,6.950156739811912,nan,nan
6190357,5.0,7,710,2,2,494,42,34.46511627906977,0.08502024291497975,0.0,0.030303030303030304,7.063562753036438,nan,nan
6193396,5.0,7,658,6,5,370,15,41.111111111111114,0.04054054054054054,0.0,0.0,6.178108108108108,nan,nan
6193436,5.0,7,666,5,6,94,11,14.842105263157896,0.11702127659574468,0.0,0.2,10.646808510638298,nan,nan
4216956,5.0,8,910,6,5,363,53,16.753846153846155,0.14600550964187328,0.0,0.0,5.377685950413223,nan,nan
4272243,5.0,8,646,2,1,600,148,12.371134020618557,0.24666666666666667,0.0,0.015503875968992248,5.6155,nan,nan
4344977,5.0,8,1187,5,5,384,74,14.67515923566879,0.19270833333333334,0.0,0.034482758620689655,7.0882812500000005,nan,nan
4350946,5.0,8,690,5,5,394,28,31.105263157894736,0.07106598984771574,0.0,0.0,7.131979695431472,nan,nan
4351935,5.0,8,775,6,5,369,42,22.591836734693878,0.11382113821138211,0.0,0.07407407407407407,7.242818428184282,nan,nan
4352377,5.0,8,716,5,4,428,46,24.0,0.10747663551401869,0.0,0.02631578947368421,6.553504672897197,nan,nan
4358853,5.0,8,666,4,3,528,34,40.10126582278481,0.06439393939393939,0.0,0.038461538461538464,5.528598484848485,nan,nan
4359232,5.0,8,681,3,2,590,154,11.273885350318471,0.26101694915254237,0.0,0.006896551724137931,6.393220338983051,nan,nan
4370045,5.0,8,720,4,3,467,79,17.96153846153846,0.16916488222698073,0.0,0.05660377358490566,8.327408993576018,nan,nan
4389353,5.0,8,650,5,4,462,72,20.08695652173913,0.15584415584415584,0.0,0.11428571428571428,8.08095238095238,nan,nan
4389414,5.0,8,645,5,5,422,57,22.607142857142858,0.13507109004739337,0.0,0.1111111111111111,9.070142180094786,nan,nan
4392729,5.0,8,652,4,3,478,57,24.512820512820515,0.1192468619246862,0.0,0.05263157894736842,10.302719665271967,nan,nan
4393045,5.0,8,936,4,3,438,45,27.95744680851064,0.10273972602739725,0.0,0.07142857142857142,7.661415525114155,nan,nan
4440451,5.0,8,657,3,2,546,93,21.986577181208055,0.17032967032967034,0.0,0.16666666666666666,8.461904761904762,nan,nan
4443744,5.0,8,710,7,6,399,84,15.056603773584905,0.21052631578947367,0.0,0.075,10.890977443609023,nan,nan
4448887,5.0,8,666,6,6,333,25,27.0,0.07507507507507508,0.0,0.0,10.401801801801803,nan,nan
4469551,5.0,8,670,4,3,512,80,22.100719424460433,0.15625,0.0,0.23076923076923078,9.56171875,nan,nan
4472905,5.0,8,816,4,3,463,52,25.486238532110093,0.11231101511879049,0.0,0.05555555555555555,7.918142548596112,nan,nan
4473229,5.0,8,673,4,4,446,53,22.871794871794872,0.11883408071748879,0.0,0.022222222222222223,8.390807174887893,nan,nan
4481970,5.0,8,642,3,2,494,40,39.52,0.08097165991902834,0.0,0.2,8.26497975708502,nan,nan
4482888,5.0,8,647,1,0,647,109,20.010309278350515,0.16846986089644514,0.0,0.057971014492753624,6.789799072642968,nan,nan
4487550,5.0,8,653,4,3,480,53,24.82758620689655,0.11041666666666666,0.0,0.022727272727272728,7.694999999999999,nan,nan
4487946,5.0,8,710,2,1,227,45,15.477272727272727,0.19823788546255505,0.0,0.03125,9.840528634361235,nan,nan
4504164,5.0,8,649,5,5,364,36,25.694117647058825,0.0989010989010989,0.0,0.038461538461538464,11.19010989010989,nan,nan
4527487,5.0,8,671,4,5,134,8,25.125,0.05970149253731343,0.0,0.0,11.699253731343283,nan,nan
4544584,5.0,8,672,4,3,540,42,36.0,0.07777777777777778,0.0,0.07407407407407407,8.89,nan,nan
4547202,5.0,8,696,5,4,436,34,29.727272727272727,0.0779816513761468,0.0,0.0,8.042660550458715,nan,nan
4559519,5.0,8,991,6,5,358,43,19.527272727272727,0.12011173184357542,0.0,0.0,7.203072625698323,nan,nan
4575701,5.0,8,700,2,1,657,172,11.560117302052786,0.2617960426179604,0.0,0.012903225806451613,7.608523592085236,nan,nan
4579744,5.0,8,678,6,5,377,39,24.58695652173913,0.10344827586206896,0.0,0.08,9.044827586206896,nan,nan
4605892,5.0,8,678,2,3,41,2,20.5,0.04878048780487805,0.0,0.0,13.670731707317072,nan,nan
4668185,5.0,8,641,7,6,372,59,15.942857142857143,0.1586021505376344,0.0,0.02,9.529032258064516,nan,nan
4705097,5.0,8,659,4,4,451,46,28.1875,0.10199556541019955,0.0,0.06896551724137931,8.745454545454544,nan,nan
4724133,5.0,8,650,4,4,454,51,23.084745762711865,0.11233480176211454,0.0,0.0,7.506828193832599,nan,nan
4749525,5.0,8,805,3,2,526,36,43.833333333333336,0.06844106463878327,0.0,0.10526315789473684,6.796007604562737,nan,nan
4754626,5.0,8,1144,5,4,433,50,22.991150442477878,0.11547344110854503,0.0,0.025,7.448960739030023,nan,nan
4754956,5.0,8,647,5,4,419,70,17.21917808219178,0.16706443914081145,0.0,0.04,8.53508353221957,nan,nan
4775763,5.0,8,718,6,5,449,49,23.63157894736842,0.1091314031180401,0.0,0.02631578947368421,7.765256124721604,nan,nan
4785421,5.0,8,773,4,4,460,36,31.363636363636363,0.0782608695652174,0.0,0.0,6.627173913043478,nan,nan
4789937,5.0,8,678,4,4,524,45,33.4468085106383,0.08587786259541985,0.0,0.07142857142857142,8.0043893129771,nan,nan
4792515,5.0,8,705,7,6,236,17,22.838709677419356,0.07203389830508475,0.0,0.0,8.777542372881356,nan,nan
4811115,5.0,8,643,4,3,483,33,35.34146341463415,0.06832298136645963,0.0,0.0,6.069358178053831,nan,nan
4824328,5.0,8,688,4,3,355,25,32.27272727272727,0.07042253521126761,0.0,0.0,7.561971830985915,nan,nan
4861227,5.0,8,710,7,6,240,23,19.45945945945946,0.09583333333333334,0.0,0.0,9.279583333333333,nan,nan
4861687,5.0,8,746,8,7,302,53,13.62406015037594,0.17549668874172186,0.0,0.021739130434782608,6.612251655629139,nan,nan
4862222,5.0,8,670,4,3,486,77,17.78048780487805,0.15843621399176955,0.0,0.014492753623188406,7.128395061728395,nan,nan
4862380,5.0,8,660,3,2,522,50,27.964285714285715,0.09578544061302682,0.0,0.0,6.05,nan,nan
4865550,5.0,8,642,5,5,382,67,16.852941176470587,0.17539267015706805,0.0,0.07142857142857142,8.877486910994763,nan,nan
4865558,5.0,8,649,5,4,503,107,14.579710144927537,0.21272365805168986,0.0,0.07575757575757576,6.668190854870775,nan,nan
4912927,5.0,8,674,2,1,638,162,11.888198757763975,0.25391849529780564,0.0,0.013513513513513514,6.5573667711598755,nan,nan
4915833,5.0,8,675,4,3,479,72,22.453125,0.15031315240083507,0.0,0.19230769230769232,6.80250521920668,nan,nan
4940890,5.0,8,683,3,2,530,58,28.64864864864865,0.10943396226415095,0.0,0.09375,7.07245283018868,nan,nan
5244934,5.0,8,656,6,6,274,22,26.950819672131146,0.08029197080291971,0.0,0.07692307692307693,13.659489051094889,nan,nan
5351422,5.0,8,654,4,3,487,62,24.14876033057851,0.1273100616016427,0.0,0.08823529411764706,9.408213552361397,nan,nan
5477477,5.0,8,678,2,2,586,124,15.696428571428571,0.21160409556313994,0.008620689655172414,0.02197802197802198,7.607849829351536,nan,nan
5499001,5.0,8,670,2,1,632,129,19.647668393782382,0.20411392405063292,0.0,0.15384615384615385,8.909177215189874,nan,nan
5503058,5.0,8,916,6,5,414,55,23.214953271028037,0.13285024154589373,0.0,0.14285714285714285,13.216666666666667,nan,nan
5503168,5.0,8,695,6,5,336,22,29.647058823529413,0.06547619047619048,0.0,0.0,10.090178571428572,nan,nan
5503359,5.0,8,716,6,6,319,25,25.864864864864863,0.07836990595611286,0.0,0.0,11.047962382445142,nan,nan
5540718,5.0,8,663,6,6,333,36,20.8125,0.10810810810810811,0.0,0.0,6.6012012012012,nan,nan
5540722,5.0,8,691,5,5,426,29,32.76923076923077,0.06807511737089202,0.0,0.0,6.328638497652582,nan,nan
5540733,5.0,8,641,4,3,490,42,35.42168674698795,0.08571428571428572,0.0,0.16666666666666666,6.8585714285714285,nan,nan
5540847,5.0,8,869,6,6,375,30,29.22077922077922,0.08,0.0,0.05,6.883733333333334,nan,nan
5547018,5.0,8,649,6,5,388,57,18.476190476190474,0.14690721649484537,0.0,0.05,7.478092783505154,nan,nan
5565253,5.0,8,670,4,5,385,27,37.25806451612903,0.07012987012987013,0.0,0.058823529411764705,5.924415584415585,nan,nan
5615881,5.0,8,1051,6,6,357,42,19.833333333333332,0.11764705882352941,0.0,0.0,6.433893557422969,nan,nan
5615968,5.0,8,642,6,5,378,67,17.446153846153845,0.17724867724867724,0.0,0.13333333333333333,7.234126984126984,nan,nan
5615986,5.0,8,685,5,4,343,36,24.211764705882352,0.10495626822157435,0.0,0.038461538461538464,6.255102040816326,nan,nan
5615988,5.0,8,671,6,5,356,34,25.129411764705882,0.09550561797752809,0.0,0.04,5.732303370786517,nan,nan
5616015,5.0,8,657,2,1,624,113,20.571428571428573,0.18108974358974358,0.0,0.20512820512820512,5.331891025641026,nan,nan
5633515,5.0,8,663,6,5,410,45,21.57894736842105,0.10975609756097561,0.0,0.0,7.470243902439025,nan,nan
5692189,5.0,8,1527,6,5,401,38,24.06,0.09476309226932668,0.0,0.0,8.210972568578553,nan,nan
5705278,5.0,8,643,8,7,323,41,17.0,0.12693498452012383,0.0,0.0,9.376470588235295,nan,nan
5705752,5.0,8,682,5,4,434,38,27.125,0.08755760368663594,0.0,0.0,7.000691244239632,nan,nan
5706077,5.0,8,656,5,5,382,37,24.382978723404257,0.0968586387434555,0.0,0.0,7.399214659685864,nan,nan
5706137,5.0,8,737,7,7,173,11,20.76,0.06358381502890173,0.0,0.0,8.643352601156069,nan,nan
5715345,5.0,8,923,4,3,491,47,26.78181818181818,0.09572301425661914,0.0,0.0,6.452749490835031,nan,nan
5771585,5.0,8,720,6,5,355,23,30.428571428571427,0.0647887323943662,0.0,0.0,6.534929577464789,nan,nan
5771621,5.0,8,675,6,5,379,26,29.92105263157895,0.06860158311345646,0.0,0.0,6.676253298153035,nan,nan
5772092,5.0,8,729,8,7,335,30,21.847826086956523,0.08955223880597014,0.0,0.0,7.151044776119403,nan,nan
5772102,5.0,8,725,5,4,359,26,29.916666666666668,0.07242339832869081,0.0,0.0,6.752646239554317,nan,nan
5772192,5.0,8,706,7,6,381,29,26.58139534883721,0.07611548556430446,0.0,0.0,6.570603674540683,nan,nan
5874746,5.0,8,729,6,6,364,37,22.285714285714285,0.10164835164835165,0.0,0.0,6.712087912087911,nan,nan
5874767,5.0,8,1278,8,7,245,18,21.61764705882353,0.07346938775510205,0.0,0.0,6.727755102040816,nan,nan
5874769,5.0,8,649,6,6,322,25,26.10810810810811,0.07763975155279502,0.0,0.0,5.838509316770186,nan,nan
5874787,5.0,8,1064,5,5,225,20,22.5,0.08888888888888889,0.0,0.0,5.003555555555556,nan,nan
5875173,5.0,8,712,4,4,95,5,21.923076923076923,0.05263157894736842,0.0,0.0,6.837894736842106,nan,nan
5882173,5.0,8,665,8,7,273,34,16.38,0.12454212454212454,0.0,0.0,6.471794871794872,nan,nan
5969330,5.0,8,721,6,5,459,102,12.078947368421053,0.2222222222222222,0.0,0.0,7.660566448801743,nan,nan
5969331,5.0,8,706,6,5,359,39,22.4375,0.10863509749303621,0.0,0.03225806451612903,6.3520891364902505,nan,nan
5969362,5.0,8,672,5,5,449,36,29.282608695652176,0.0801781737193764,0.0,0.0,6.591982182628063,nan,nan
6058407,5.0,8,696,7,7,329,56,14.1,0.1702127659574468,0.0,0.0,7.65531914893617,nan,nan
6062407,5.0,8,666,7,6,333,31,22.2,0.09309309309309309,0.0,0.0,5.173873873873874,nan,nan
6109129,5.0,8,721,4,3,482,34,36.607594936708864,0.07053941908713693,0.0,0.038461538461538464,6.75,nan,nan
6148097,5.0,8,725,4,4,458,53,26.679611650485437,0.11572052401746726,0.0,0.10714285714285714,7.547598253275109,nan,nan
6148143,5.0,8,677,5,4,437,31,31.975609756097562,0.07093821510297482,0.0,0.0,5.832265446224256,nan,nan
6148208,5.0,8,646,3,3,319,50,17.88785046728972,0.15673981191222572,0.0,0.023809523809523808,6.794984326018809,nan,nan
6190357,5.0,8,710,2,2,494,42,34.46511627906977,0.08502024291497975,0.0,0.030303030303030304,6.262145748987854,nan,nan
6193396,5.0,8,658,6,5,370,15,41.111111111111114,0.04054054054054054,0.0,0.0,7.489459459459459,nan,nan
6193436,5.0,8,666,5,6,94,11,13.428571428571429,0.11702127659574468,0.0,0.0,12.655319148936169,nan,nan
4216956,5.0,9,910,6,5,363,53,16.753846153846155,0.14600550964187328,0.0,0.0,5.8914600550964185,nan,nan
4272243,5.0,9,646,2,1,600,148,12.371134020618557,0.24666666666666667,0.0,0.015503875968992248,6.351500000000001,nan,nan
4344977,5.0,9,1187,5,5,384,74,14.222222222222221,0.19270833333333334,0.0,0.015151515151515152,7.143229166666667,nan,nan
4350946,5.0,9,690,5,5,394,28,31.105263157894736,0.07106598984771574,0.0,0.0,8.153299492385788,nan,nan
4351935,5.0,9,775,6,5,369,42,20.5,0.11382113821138211,0.0,0.0,7.127913279132791,nan,nan
4352377,5.0,9,716,5,4,428,46,22.928571428571427,0.10747663551401869,0.0,0.0,7.187383177570093,nan,nan
4358853,5.0,9,666,4,3,528,34,37.714285714285715,0.06439393939393939,0.0,0.0,6.643939393939394,nan,nan
4359232,5.0,9,681,3,2,590,154,11.273885350318471,0.26101694915254237,0.0,0.006896551724137931,7.537118644067796,nan,nan
4370045,5.0,9,720,4,3,467,79,16.678571428571427,0.16916488222698073,0.0,0.014285714285714285,10.000214132762313,nan,nan
4389353,5.0,9,650,5,4,462,72,18.72972972972973,0.15584415584415584,0.0,0.04,9.162770562770563,nan,nan
4389414,5.0,9,645,5,5,422,57,22.607142857142858,0.13507109004739337,0.0,0.1111111111111111,8.289336492890994,nan,nan
4392729,5.0,9,652,4,3,478,57,24.512820512820515,0.1192468619246862,0.0,0.05263157894736842,8.992887029288704,nan,nan
4393045,5.0,9,936,4,3,438,45,26.545454545454547,0.10273972602739725,0.0,0.027777777777777776,7.91392694063927,nan,nan
4440451,5.0,9,657,3,2,546,93,21.0,0.17032967032967034,0.0,0.06976744186046512,6.392673992673993,nan,nan
4443744,5.0,9,710,7,6,399,84,14.165680473372781,0.21052631578947367,0.0,0.018518518518518517,10.30501253132832,nan,nan
4448887,5.0,9,666,6,6,333,25,27.0,0.07507507507507508,0.0,0.0,8.607807807807808,nan,nan
4469551,5.0,9,670,4,3,512,80,20.61744966442953,0.15625,0.0,0.09523809523809523,7.11328125,nan,nan
4472905,5.0,9,816,4,3,463,52,24.36842105263158,0.11231101511879049,0.0,0.022727272727272728,7.6267818574514035,nan,nan
4473229,5.0,9,673,4,4,446,53,21.934426229508198,0.11883408071748879,0.0,0.0,8.397757847533633,nan,nan
4481970,5.0,9,642,3,2,494,40,37.05,0.08097165991902834,0.0,0.08695652173913043,9.21012145748988,nan,nan
4482888,5.0,9,647,1,0,647,109,19.606060606060606,0.16846986089644514,0.0,0.039473684210526314,6.0734157650695515,nan,nan
4487550,5.0,9,653,4,3,480,53,24.82758620689655,0.11041666666666666,0.0,0.022222222222222223,6.521875,nan,nan
4487946,5.0,9,710,2,1,227,45,15.477272727272727,0.19823788546255505,0.0,0.03125,8.078854625550662,nan,nan
4504164,5.0,9,649,5,5,364,36,25.3953488372093,0.0989010989010989,0.0,0.037037037037037035,9.25467032967033,nan,nan
4527487,5.0,9,671,4,5,134,8,25.125,0.05970149253731343,0.0,0.0,11.061940298507462,nan,nan
4544584,5.0,9,672,4,3,540,42,32.4,0.07777777777777778,0.0,0.0,6.493148148148149,nan,nan
4547202,5.0,9,696,5,4,436,34,29.727272727272727,0.0779816513761468,0.0,0.0,5.711238532110092,nan,nan
4559519,5.0,9,991,6,5,358,43,19.527272727272727,0.12011173184357542,0.0,0.0,5.661731843575419,nan,nan
4575701,5.0,9,700,2,1,657,172,11.393063583815028,0.2617960426179604,0.0,0.006134969325153374,6.857686453576864,nan,nan
4579744,5.0,9,678,6,5,377,39,22.176470588235293,0.10344827586206896,0.0,0.0,9.206631299734749,nan,nan
4605892,5.0,9,678,2,3,41,2,20.5,0.04878048780487805,0.0,0.0,12.731707317073171,nan,nan
4668185,5.0,9,641,7,6,372,59,15.942857142857143,0.1586021505376344,0.0,0.02,10.883602150537634,nan,nan
4705097,5.0,9,659,4,4,451,46,26.792079207920793,0.10199556541019955,0.0,0.027777777777777776,6.3995565410199555,nan,nan
4724133,5.0,9,650,4,4,454,51,23.084745762711865,0.11233480176211454,0.0,0.0,7.633700440528634,nan,nan
4749525,5.0,9,805,3,2,526,36,40.98701298701299,0.06844106463878327,0.0,0.037037037037037035,6.10171102661597,nan,nan
4754626,5.0,9,1144,5,4,433,50,22.991150442477878,0.11547344110854503,0.0,0.025,8.51824480369515,nan,nan
4754956,5.0,9,647,5,4,419,70,16.649006622516556,0.16706443914081145,0.0,0.017241379310344827,8.36491646778043,nan,nan
4775763,5.0,9,718,6,5,449,49,23.63157894736842,0.1091314031180401,0.0,0.02631578947368421,8.184855233853007,nan,nan
4785421,5.0,9,773,4,4,460,36,31.363636363636363,0.0782608695652174,0.0,0.0,6.871739130434783,nan,nan
4789937,5.0,9,678,4,4,524,45,33.4468085106383,0.08587786259541985,0.0,0.07142857142857142,6.696946564885496,nan,nan
4792515,5.0,9,705,7,6,236,17,22.838709677419356,0.07203389830508475,0.0,0.0,6.802966101694915,nan,nan
4811115,5.0,9,643,4,3,483,33,35.34146341463415,0.06832298136645963,0.0,0.0,4.675569358178055,nan,nan
4824328,5.0,9,688,4,3,355,25,32.27272727272727,0.07042253521126761,0.0,0.0,5.072676056338028,nan,nan
4861227,5.0,9,710,7,6,240,23,19.45945945945946,0.09583333333333334,0.0,0.0,5.96,nan,nan
4861687,5.0,9,746,8,7,302,53,13.727272727272727,0.17549668874172186,0.0,0.022727272727272728,5.937086092715232,nan,nan
4862222,5.0,9,670,4,3,486,77,17.78048780487805,0.15843621399176955,0.0,0.014492753623188406,6.304732510288066,nan,nan
4862380,5.0,9,660,3,2,522,50,27.964285714285715,0.09578544061302682,0.0,0.0,6.355938697318008,nan,nan
4865550,5.0,9,642,5,5,382,67,16.140845070422536,0.17539267015706805,0.0,0.04,8.367277486910995,nan,nan
4865558,5.0,9,649,5,4,503,107,13.718181818181819,0.21272365805168986,0.0,0.022988505747126436,7.709542743538767,nan,nan
4912927,5.0,9,674,2,1,638,162,11.742331288343559,0.25391849529780564,0.0,0.006535947712418301,5.641692789968652,nan,nan
4915833,5.0,9,675,4,3,479,72,21.60902255639098,0.15031315240083507,0.0,0.12121212121212122,9.73945720250522,nan,nan
4940890,5.0,9,683,3,2,530,58,26.065573770491802,0.10943396226415095,0.0,0.02040816326530612,7.0,nan,nan
5244934,5.0,9,656,6,6,274,22,26.516129032258064,0.08029197080291971,0.0,0.07142857142857142,14.083211678832118,nan,nan
5351422,5.0,9,654,4,3,487,62,22.30534351145038,0.1273100616016427,0.0,0.02,7.8010266940451745,nan,nan
5477477,5.0,9,678,2,2,586,124,13.734375,0.21160409556313994,0.0,0.0,6.722525597269625,nan,nan
5499001,5.0,9,670,2,1,632,129,16.928571428571427,0.20411392405063292,0.0,0.0379746835443038,7.0161392405063285,nan,nan
5503058,5.0,9,916,6,5,414,55,23.214953271028037,0.13285024154589373,0.0,0.14285714285714285,9.668599033816426,nan,nan
5503168,5.0,9,695,6,5,336,22,29.647058823529413,0.06547619047619048,0.0,0.0,8.657440476190477,nan,nan
5503359,5.0,9,716,6,6,319,25,25.864864864864863,0.07836990595611286,0.0,0.0,7.670219435736677,nan,nan
5540718,5.0,9,663,6,6,333,36,20.8125,0.10810810810810811,0.0,0.0,6.433933933933934,nan,nan
5540722,5.0,9,691,5,5,426,29,32.76923076923077,0.06807511737089202,0.0,0.0,5.36150234741784,nan,nan
5540733,5.0,9,641,4,3,490,42,34.18604651162791,0.08571428571428572,0.0,0.08695652173913043,5.958571428571428,nan,nan
5540847,5.0,9,869,6,6,375,30,29.22077922077922,0.08,0.0,0.05,6.750133333333334,nan,nan
5547018,5.0,9,649,6,5,388,57,18.476190476190474,0.14690721649484537,0.0,0.05,7.459020618556701,nan,nan
5565253,5.0,9,670,4,5,385,27,37.25806451612903,0.07012987012987013,0.0,0.058823529411764705,6.46,nan,nan
5615881,5.0,9,1051,6,6,357,42,19.833333333333332,0.11764705882352941,0.0,0.0,6.807843137254903,nan,nan
5615968,5.0,9,642,6,5,378,67,16.8,0.17724867724867724,0.0,0.08108108108108109,7.087566137566137,nan,nan
5615986,5.0,9,685,5,4,343,36,24.211764705882352,0.10495626822157435,0.0,0.038461538461538464,6.862099125364431,nan,nan
5615988,5.0,9,671,6,5,356,34,25.129411764705882,0.09550561797752809,0.0,0.04,7.014887640449439,nan,nan
5616015,5.0,9,657,2,1,624,113,16.493392070484582,0.18108974358974358,0.0,0.009615384615384616,6.634615384615385,nan,nan
5633515,5.0,9,663,6,5,410,45,21.57894736842105,0.10975609756097561,0.0,0.0,7.642439024390244,nan,nan
5692189,5.0,9,1527,6,5,401,38,24.06,0.09476309226932668,0.0,0.0,8.091271820448878,nan,nan
5705278,5.0,9,643,8,7,323,41,17.0,0.12693498452012383,0.0,0.0,8.372445820433438,nan,nan
5705752,5.0,9,682,5,4,434,38,27.125,0.08755760368663594,0.0,0.0,5.637096774193548,nan,nan
5706077,5.0,9,656,5,5,382,37,24.382978723404257,0.0968586387434555,0.0,0.0,6.94869109947644,nan,nan
5706137,5.0,9,737,7,7,173,11,20.76,0.06358381502890173,0.0,0.0,7.437572254335261,nan,nan
5715345,5.0,9,923,4,3,491,47,26.78181818181818,0.09572301425661914,0.0,0.0,4.6452138492871695,nan,nan
5771585,5.0,9,720,6,5,355,23,30.428571428571427,0.0647887323943662,0.0,0.0,5.092394366197183,nan,nan
5771621,5.0,9,675,6,5,379,26,29.92105263157895,0.06860158311345646,0.0,0.0,5.222427440633245,nan,nan
5772092,5.0,9,729,8,7,335,30,21.847826086956523,0.08955223880597014,0.0,0.0,6.595223880597016,nan,nan
5772102,5.0,9,725,5,4,359,26,29.916666666666668,0.07242339832869081,0.0,0.0,6.182729805013928,nan,nan
5772192,5.0,9,706,7,6,381,29,26.58139534883721,0.07611548556430446,0.0,0.0,6.89265091863517,nan,nan
5874746,5.0,9,729,6,6,364,37,22.285714285714285,0.10164835164835165,0.0,0.0,6.857692307692307,nan,nan
5874767,5.0,9,1278,8,7,245,18,21.61764705882353,0.07346938775510205,0.0,0.0,7.475918367346939,nan,nan
5874769,5.0,9,649,6,6,322,25,26.10810810810811,0.07763975155279502,0.0,0.0,6.600931677018633,nan,nan
5874787,5.0,9,1064,5,5,225,20,22.5,0.08888888888888889,0.0,0.0,6.343111111111111,nan,nan
5875173,5.0,9,712,4,4,95,5,21.923076923076923,0.05263157894736842,0.0,0.0,7.437894736842106,nan,nan
5882173,5.0,9,665,8,7,273,34,16.38,0.12454212454212454,0.0,0.0,6.9443223443223445,nan,nan
5969330,5.0,9,721,6,5,459,102,12.078947368421053,0.2222222222222222,0.0,0.0,7.942483660130719,nan,nan
5969331,5.0,9,706,6,5,359,39,22.4375,0.10863509749303621,0.0,0.03225806451612903,7.787743732590529,nan,nan
5969362,5.0,9,672,5,5,449,36,29.282608695652176,0.0801781737193764,0.0,0.0,6.803340757238307,nan,nan
6058407,5.0,9,696,7,7,329,56,14.1,0.1702127659574468,0.0,0.0,7.4419452887538,nan,nan
6062407,5.0,9,666,7,6,333,31,22.2,0.09309309309309309,0.0,0.0,7.672972972972973,nan,nan
6109129,5.0,9,721,4,3,482,34,34.42857142857143,0.07053941908713693,0.0,0.0,6.335269709543568,nan,nan
6148097,5.0,9,725,4,4,458,53,25.444444444444443,0.11572052401746726,0.0,0.05714285714285714,5.912227074235808,nan,nan
6148143,5.0,9,677,5,4,437,31,31.975609756097562,0.07093821510297482,0.0,0.0,6.824027459954233,nan,nan
6148208,5.0,9,646,3,3,319,50,17.089285714285715,0.15673981191222572,0.0,0.0,4.9335423197492165,nan,nan
6190357,5.0,9,710,2,2,494,42,34.46511627906977,0.08502024291497975,0.0,0.030303030303030304,5.023076923076923,nan,nan
6193396,5.0,9,658,6,5,370,15,41.111111111111114,0.04054054054054054,0.0,0.0,7.888378378378378,nan,nan
6193436,5.0,9,666,5,6,94,11,13.428571428571429,0.11702127659574468,0.0,0.0,11.71808510638298,nan,nan
4216956,5.0,10,910,6,5,363,53,16.753846153846155,0.14600550964187328,0.0,0.0,7.142424242424242,nan,nan
4272243,5.0,10,646,2,1,600,148,12.121212121212121,0.24666666666666667,0.0,0.007246376811594203,6.801833333333334,nan,nan
4344977,5.0,10,1187,5,5,384,74,13.714285714285714,0.19270833333333334,0.0,0.0,6.873177083333334,nan,nan
4350946,5.0,10,690,5,5,394,28,31.105263157894736,0.07106598984771574,0.0,0.0,8.417766497461928,nan,nan
4351935,5.0,10,775,6,5,369,42,20.5,0.11382113821138211,0.0,0.0,7.188075880758808,nan,nan
4352377,5.0,10,716,5,4,428,46,22.928571428571427,0.10747663551401869,0.0,0.0,5.443457943925234,nan,nan
4358853,5.0,10,666,4,3,528,34,37.714285714285715,0.06439393939393939,0.0,0.0,6.109659090909091,nan,nan
4359232,5.0,10,681,3,2,590,154,11.0625,0.26101694915254237,0.0,0.0,6.352372881355932,nan,nan
4370045,5.0,10,720,4,3,467,79,16.103448275862068,0.16916488222698073,0.0,0.0,7.8961456102783725,nan,nan
4389353,5.0,10,650,5,4,462,72,18.72972972972973,0.15584415584415584,0.0,0.04,7.603030303030303,nan,nan
4389414,5.0,10,645,5,5,422,57,21.82758620689655,0.13507109004739337,0.0,0.058823529411764705,7.881516587677726,nan,nan
4392729,5.0,10,652,4,3,478,57,23.317073170731707,0.1192468619246862,0.0,0.02127659574468085,8.511715481171548,nan,nan
4393045,5.0,10,936,4,3,438,45,26.545454545454547,0.10273972602739725,0.0,0.027777777777777776,8.160045662100456,nan,nan
4440451,5.0,10,657,3,2,546,93,21.0,0.17032967032967034,0.0,0.06976744186046512,6.86007326007326,nan,nan
4443744,5.0,10,710,7,6,399,84,14.165680473372781,0.21052631578947367,0.0,0.018518518518518517,11.20375939849624,nan,nan
4448887,5.0,10,666,6,6,333,25,27.0,0.07507507507507508,0.0,0.0,10.062762762762762,nan,nan
4469551,5.0,10,670,4,3,512,80,18.17751479289941,0.15625,0.0,0.014285714285714285,6.4001953125,nan,nan
4472905,5.0,10,816,4,3,463,52,24.58407079646018,0.11231101511879049,0.0,0.023809523809523808,6.896328293736501,nan,nan
4473229,5.0,10,673,4,4,446,53,21.934426229508198,0.11883408071748879,0.0,0.0,6.485650224215246,nan,nan
4481970,5.0,10,642,3,2,494,40,34.870588235294115,0.08097165991902834,0.0,0.03333333333333333,6.216194331983806,nan,nan
4482888,5.0,10,647,1,0,647,109,17.486486486486488,0.16846986089644514,0.0,0.0,6.255950540958269,nan,nan
4487550,5.0,10,653,4,3,480,53,23.60655737704918,0.11041666666666666,0.0,0.0,6.47,nan,nan
4487946,5.0,10,710,2,1,227,45,15.477272727272727,0.19823788546255505,0.0,0.03125,10.181497797356828,nan,nan
4504164,5.0,10,649,5,5,364,36,23.73913043478261,0.0989010989010989,0.0,0.0,9.452197802197801,nan,nan
4527487,5.0,10,671,4,5,134,8,25.125,0.05970149253731343,0.0,0.0,9.882835820895522,nan,nan
4544584,5.0,10,672,4,3,540,42,32.4,0.07777777777777778,0.0,0.0,6.821111111111112,nan,nan
4547202,5.0,10,696,5,4,436,34,29.727272727272727,0.0779816513761468,0.0,0.0,4.959862385321101,nan,nan
4559519,5.0,10,991,6,5,358,43,19.527272727272727,0.12011173184357542,0.0,0.0,4.932402234636871,nan,nan
4575701,5.0,10,700,2,1,657,172,11.459302325581396,0.2617960426179604,0.0,0.006211180124223602,5.516742770167427,nan,nan
4579744,5.0,10,678,6,5,377,39,22.176470588235293,0.10344827586206896,0.0,0.0,7.549867374005306,nan,nan
4605892,5.0,10,678,2,3,41,2,20.5,0.04878048780487805,0.0,0.0,10.329268292682928,nan,nan
4668185,5.0,10,641,7,6,372,59,15.287671232876713,0.1586021505376344,0.0,0.0,9.08763440860215,nan,nan
4705097,5.0,10,659,4,4,451,46,25.055555555555557,0.10199556541019955,0.0,0.0,6.799334811529934,nan,nan
4724133,5.0,10,650,4,4,454,51,23.084745762711865,0.11233480176211454,0.0,0.0,6.344052863436123,nan,nan
4749525,5.0,10,805,3,2,526,36,37.57142857142857,0.06844106463878327,0.0,0.0,6.13212927756654,nan,nan
4754626,5.0,10,1144,5,4,433,50,21.65,0.11547344110854503,0.0,0.0,7.4304849884526565,nan,nan
4754956,5.0,10,647,5,4,419,70,16.649006622516556,0.16706443914081145,0.0,0.017241379310344827,7.419570405727924,nan,nan
4775763,5.0,10,718,6,5,449,49,22.081967213114755,0.1091314031180401,0.0,0.0,7.373719376391983,nan,nan
4785421,5.0,10,773,4,4,460,36,31.363636363636363,0.0782608695652174,0.0,0.0,6.268260869565218,nan,nan
4789937,5.0,10,678,4,4,524,45,29.660377358490567,0.08587786259541985,0.0,0.0,6.72824427480916,nan,nan
4792515,5.0,10,705,7,6,236,17,22.838709677419356,0.07203389830508475,0.0,0.0,7.8351694915254235,nan,nan
4811115,5.0,10,643,4,3,483,33,35.34146341463415,0.06832298136645963,0.0,0.0,6.12008281573499,nan,nan
4824328,5.0,10,688,4,3,355,25,32.27272727272727,0.07042253521126761,0.0,0.0,5.782535211267606,nan,nan
4861227,5.0,10,710,7,6,240,23,19.45945945945946,0.09583333333333334,0.0,0.0,7.59,nan,nan
4861687,5.0,10,746,8,7,302,53,13.130434782608695,0.17549668874172186,0.0,0.0,7.572847682119205,nan,nan
4862222,5.0,10,670,4,3,486,77,17.152941176470588,0.15843621399176955,0.0,0.0,7.0,nan,nan
4862380,5.0,10,660,3,2,522,50,27.964285714285715,0.09578544061302682,0.0,0.0,6.495210727969349,nan,nan
4865550,5.0,10,642,5,5,382,67,14.883116883116884,0.17539267015706805,0.0,0.0,8.169895287958115,nan,nan
4865558,5.0,10,649,5,4,503,107,13.718181818181819,0.21272365805168986,0.0,0.022988505747126436,8.332405566600396,nan,nan
4912927,5.0,10,674,2,1,638,162,11.53012048192771,0.25391849529780564,0.0,0.0,7.425548589341693,nan,nan
4915833,5.0,10,675,4,3,479,72,19.820689655172412,0.15031315240083507,0.0,0.0392156862745098,8.831106471816284,nan,nan
4940890,5.0,10,683,3,2,530,58,26.5,0.10943396226415095,0.0,0.020833333333333332,7.1598113207547165,nan,nan
5244934,5.0,10,656,6,6,274,22,24.176470588235293,0.08029197080291971,0.0,0.0,10.127007299270074,nan,nan
5351422,5.0,10,654,4,3,487,62,23.75609756097561,0.1273100616016427,0.0,0.05128205128205128,7.294455852156058,nan,nan
5477477,5.0,10,678,2,2,586,124,13.734375,0.21160409556313994,0.0,0.0,7.199829351535837,nan,nan
5499001,5.0,10,670,2,1,632,129,16.928571428571427,0.20411392405063292,0.0,0.0379746835443038,7.837816455696203,nan,nan
5503058,5.0,10,916,6,5,414,55,23.214953271028037,0.13285024154589373,0.0,0.14285714285714285,10.661111111111111,nan,nan
5503168,5.0,10,695,6,5,336,22,29.647058823529413,0.06547619047619048,0.0,0.0,10.357142857142858,nan,nan
5503359,5.0,10,716,6,6,319,25,25.864864864864863,0.07836990595611286,0.0,0.0,7.586520376175549,nan,nan
5540718,5.0,10,663,6,6,333,36,20.8125,0.10810810810810811,0.0,0.0,6.527927927927928,nan,nan
5540722,5.0,10,691,5,5,426,29,32.76923076923077,0.06807511737089202,0.0,0.0,6.622769953051644,nan,nan
5540733,5.0,10,641,4,3,490,42,34.18604651162791,0.08571428571428572,0.0,0.08695652173913043,6.441224489795918,nan,nan
5540847,5.0,10,869,6,6,375,30,29.22077922077922,0.08,0.0,0.05,6.0192,nan,nan
5547018,5.0,10,649,6,5,388,57,16.869565217391305,0.14690721649484537,0.0,0.0,7.088917525773196,nan,nan
5565253,5.0,10,670,4,5,385,27,37.25806451612903,0.07012987012987013,0.0,0.058823529411764705,5.512987012987013,nan,nan
5615881,5.0,10,1051,6,6,357,42,19.833333333333332,0.11764705882352941,0.0,0.0,5.715406162464986,nan,nan
5615968,5.0,10,642,6,5,378,67,16.085106382978722,0.17724867724867724,0.0,0.044444444444444446,5.963227513227513,nan,nan
5615986,5.0,10,685,5,4,343,36,24.211764705882352,0.10495626822157435,0.0,0.038461538461538464,5.8244897959183675,nan,nan
5615988,5.0,10,671,6,5,356,34,25.129411764705882,0.09550561797752809,0.0,0.04,5.476123595505618,nan,nan
5616015,5.0,10,657,2,1,624,113,16.493392070484582,0.18108974358974358,0.0,0.009615384615384616,5.4445512820512825,nan,nan
5633515,5.0,10,663,6,5,410,45,21.57894736842105,0.10975609756097561,0.0,0.0,6.412926829268293,nan,nan
5692189,5.0,10,1527,6,5,401,38,24.06,0.09476309226932668,0.0,0.0,6.3453865336658355,nan,nan
5705278,5.0,10,643,8,7,323,41,17.0,0.12693498452012383,0.0,0.0,7.044582043343653,nan,nan
5705752,5.0,10,682,5,4,434,38,27.125,0.08755760368663594,0.0,0.0,6.594930875576036,nan,nan
5706077,5.0,10,656,5,5,382,37,24.382978723404257,0.0968586387434555,0.0,0.0,6.37434554973822,nan,nan
5706137,5.0,10,737,7,7,173,11,20.76,0.06358381502890173,0.0,0.0,7.420809248554913,nan,nan
5715345,5.0,10,923,4,3,491,47,26.78181818181818,0.09572301425661914,0.0,0.0,5.574134419551935,nan,nan
5771585,5.0,10,720,6,5,355,23,30.428571428571427,0.0647887323943662,0.0,0.0,6.740845070422536,nan,nan
5771621,5.0,10,675,6,5,379,26,29.92105263157895,0.06860158311345646,0.0,0.0,7.089709762532982,nan,nan
5772092,5.0,10,729,8,7,335,30,21.847826086956523,0.08955223880597014,0.0,0.0,6.71820895522388,nan,nan
5772102,5.0,10,725,5,4,359,26,29.916666666666668,0.07242339832869081,0.0,0.0,5.44066852367688,nan,nan
5772192,5.0,10,706,7,6,381,29,26.58139534883721,0.07611548556430446,0.0,0.0,5.408398950131233,nan,nan
5874746,5.0,10,729,6,6,364,37,22.285714285714285,0.10164835164835165,0.0,0.0,4.991208791208791,nan,nan
5874767,5.0,10,1278,8,7,245,18,21.61764705882353,0.07346938775510205,0.0,0.0,7.418367346938775,nan,nan
5874769,5.0,10,649,6,6,322,25,26.10810810810811,0.07763975155279502,0.0,0.0,6.460869565217392,nan,nan
5874787,5.0,10,1064,5,5,225,20,22.5,0.08888888888888889,0.0,0.0,5.958666666666667,nan,nan
5875173,5.0,10,712,4,4,95,5,21.923076923076923,0.05263157894736842,0.0,0.0,6.732631578947369,nan,nan
5882173,5.0,10,665,8,7,273,34,16.38,0.12454212454212454,0.0,0.0,5.762637362637363,nan,nan
5969330,5.0,10,721,6,5,459,102,12.078947368421053,0.2222222222222222,0.0,0.0,7.571459694989107,nan,nan
5969331,5.0,10,706,6,5,359,39,21.11764705882353,0.10863509749303621,0.0,0.0,7.573537604456825,nan,nan
5969362,5.0,10,672,5,5,449,36,29.282608695652176,0.0801781737193764,0.0,0.0,6.461247216035635,nan,nan
6058407,5.0,10,696,7,7,329,56,14.1,0.1702127659574468,0.0,0.0,6.68449848024316,nan,nan
6062407,5.0,10,666,7,6,333,31,22.2,0.09309309309309309,0.0,0.0,7.027927927927928,nan,nan
6109129,5.0,10,721,4,3,482,34,34.42857142857143,0.07053941908713693,0.0,0.0,4.1759336099585065,nan,nan
6148097,5.0,10,725,4,4,458,53,25.444444444444443,0.11572052401746726,0.0,0.05714285714285714,6.750218340611354,nan,nan
6148143,5.0,10,677,5,4,437,31,31.975609756097562,0.07093821510297482,0.0,0.0,6.785125858123569,nan,nan
6148208,5.0,10,646,3,3,319,50,17.089285714285715,0.15673981191222572,0.0,0.0,7.444514106583073,nan,nan
6190357,5.0,10,710,2,2,494,42,32.21739130434783,0.08502024291497975,0.0,0.0,6.387854251012145,nan,nan
6193396,5.0,10,658,6,5,370,15,41.111111111111114,0.04054054054054054,0.0,0.0,8.64972972972973,nan,nan
6193436,5.0,10,666,5,6,94,11,13.428571428571429,0.11702127659574468,0.0,0.0,11.863829787234042,nan,nan
4216956,7.5,2,910,6,5,363,42,21.145631067961165,0.11570247933884298,0.0,0.47058823529411764,6.014049586776859,nan,nan
4272243,7.5,2,646,2,1,600,124,14.754098360655737,0.20666666666666667,0.0,0.10344827586206896,6.701833333333333,nan,nan
4344977,7.5,2,1187,5,5,384,66,16.575539568345324,0.171875,0.0,0.9333333333333333,7.975260416666667,nan,nan
4350946,7.5,2,690,5,5,394,21,37.523809523809526,0.0532994923857868,0.0,1.0,7.778680203045686,nan,nan
4351935,7.5,2,775,6,5,369,29,29.52,0.07859078590785908,0.0,0.75,8.909756097560976,nan,nan
4352377,7.5,2,716,5,4,428,31,33.78947368421053,0.07242990654205607,0.0,0.5454545454545454,6.594392523364486,nan,nan
4358853,7.5,2,666,4,3,528,25,52.8,0.04734848484848485,0.041666666666666664,0.7142857142857143,5.25719696969697,nan,nan
4359232,7.5,2,681,3,2,590,145,12.0,0.2457627118644068,0.007042253521126761,0.1262135922330097,8.323898305084747,nan,nan
4370045,7.5,2,720,4,3,467,66,22.596774193548388,0.14132762312633834,0.0,0.9166666666666666,7.694218415417558,nan,nan
4389353,7.5,2,650,5,4,462,62,22.90909090909091,0.1341991341991342,0.0,0.8333333333333334,9.664502164502165,nan,nan
4389414,7.5,2,645,5,5,422,49,24.823529411764707,0.11611374407582939,0.0,0.9,9.76516587677725,nan,nan
4392729,7.5,2,652,4,3,478,46,31.516483516483518,0.09623430962343096,0.0,0.8888888888888888,8.285983263598325,nan,nan
4393045,7.5,2,936,4,3,438,36,33.265822784810126,0.0821917808219178,0.06451612903225806,0.875,8.416210045662101,nan,nan
4440451,7.5,2,657,3,2,546,87,24.818181818181817,0.15934065934065933,0.05,1.0,8.453113553113553,nan,nan
4443744,7.5,2,710,7,6,399,76,16.859154929577464,0.19047619047619047,0.013333333333333334,1.0,12.908270676691728,nan,nan
4448887,7.5,2,666,6,6,333,20,30.272727272727273,0.06006006006006006,0.05263157894736842,0.8571428571428571,12.209009009009009,nan,nan
4469551,7.5,2,670,4,3,512,72,24.975609756097562,0.140625,0.0,1.0,7.990234375,nan,nan
4472905,7.5,2,816,4,3,463,43,33.46987951807229,0.09287257019438445,0.0,0.875,8.27451403887689,nan,nan
4473229,7.5,2,673,4,4,446,37,29.406593406593405,0.08295964125560538,0.0,0.8333333333333334,7.0578475336322875,nan,nan
4481970,7.5,2,642,3,2,494,28,52.0,0.05668016194331984,0.0,1.0,6.746963562753036,nan,nan
4482888,7.5,2,647,1,0,647,94,25.539473684210527,0.14528593508500773,0.0,0.4,7.2431221020092735,nan,nan
4487550,7.5,2,653,4,3,480,40,32.359550561797754,0.08333333333333333,0.02564102564102564,0.9,9.886458333333334,nan,nan
4487946,7.5,2,710,2,1,227,35,19.183098591549296,0.15418502202643172,0.14285714285714285,0.8571428571428571,9.27180616740088,nan,nan
4504164,7.5,2,649,5,5,364,31,27.3,0.08516483516483517,0.0,0.8888888888888888,8.486538461538462,nan,nan
4527487,7.5,2,671,4,5,134,8,25.93548387096774,0.05970149253731343,0.0,0.25,15.106716417910448,nan,nan
4544584,7.5,2,672,4,3,540,35,40.5,0.06481481481481481,0.0,0.8888888888888888,11.417592592592593,nan,nan
4547202,7.5,2,696,5,4,436,27,39.04477611940298,0.06192660550458716,0.0,0.7142857142857143,9.827064220183487,nan,nan
4559519,7.5,2,991,6,5,358,36,25.571428571428573,0.1005586592178771,0.030303030303030304,0.875,9.638268156424582,nan,nan
4575701,7.5,2,700,2,1,657,161,17.213973799126638,0.2450532724505327,0.03546099290780142,0.9444444444444444,7.8202435312024345,nan,nan
4579744,7.5,2,678,6,5,377,36,25.704545454545453,0.09549071618037135,0.0,0.8888888888888888,10.375066312997347,nan,nan
4605892,7.5,2,678,2,3,41,2,20.5,0.04878048780487805,0.0,0.0,11.970731707317073,nan,nan
4668185,7.5,2,641,7,6,372,44,21.46153846153846,0.11827956989247312,0.023255813953488372,0.8,9.993817204301076,nan,nan
4705097,7.5,2,659,4,4,451,37,33.407407407407405,0.082039911308204,0.0,1.0,7.512638580931263,nan,nan
4724133,7.5,2,650,4,4,454,45,32.04705882352941,0.09911894273127753,0.022727272727272728,0.8571428571428571,8.851101321585903,nan,nan
4749525,7.5,2,805,3,2,526,31,50.095238095238095,0.058935361216730035,0.0,0.625,7.142585551330798,nan,nan
4754626,7.5,2,1144,5,4,433,39,30.928571428571427,0.09006928406466513,0.02857142857142857,1.0,7.19676674364896,nan,nan
4754956,7.5,2,647,5,4,419,57,22.64864864864865,0.1360381861575179,0.018518518518518517,0.8181818181818182,9.926014319809068,nan,nan
4775763,7.5,2,718,6,5,449,32,32.853658536585364,0.07126948775055679,0.0,0.7777777777777778,9.744766146993317,nan,nan
4785421,7.5,2,773,4,4,460,28,40.0,0.06086956521739131,0.038461538461538464,1.0,7.873695652173914,nan,nan
4789937,7.5,2,678,4,4,524,37,40.30769230769231,0.07061068702290077,0.027777777777777776,1.0,8.938931297709924,nan,nan
4792515,7.5,2,705,7,6,236,12,26.71698113207547,0.05084745762711865,0.0,0.42857142857142855,12.328389830508474,nan,nan
4811115,7.5,2,643,4,3,483,28,44.58461538461538,0.057971014492753624,0.08,1.0,8.027743271221532,nan,nan
4824328,7.5,2,688,4,3,355,21,40.18867924528302,0.059154929577464786,0.0,0.6666666666666666,8.956338028169014,nan,nan
4861227,7.5,2,710,7,6,240,20,20.571428571428573,0.08333333333333333,0.0,0.75,10.949166666666667,nan,nan
4861687,7.5,2,746,8,7,302,45,17.423076923076923,0.1490066225165563,0.06060606060606061,0.9090909090909091,10.70496688741722,nan,nan
4862222,7.5,2,670,4,3,486,63,24.923076923076923,0.12962962962962962,0.017857142857142856,1.0,9.641152263374487,nan,nan
4862380,7.5,2,660,3,2,522,38,40.675324675324674,0.07279693486590039,0.0,0.7777777777777778,7.686398467432951,nan,nan
4865550,7.5,2,642,5,5,382,55,20.64864864864865,0.14397905759162305,0.0,0.75,8.995549738219896,nan,nan
4865558,7.5,2,649,5,4,503,86,17.147727272727273,0.1709741550695825,0.037037037037037035,1.0,9.209940357852883,nan,nan
4912927,7.5,2,674,2,1,638,153,16.28936170212766,0.23981191222570533,0.025423728813559324,0.14084507042253522,8.460815047021944,nan,nan
4915833,7.5,2,675,4,3,479,58,27.634615384615383,0.12108559498956159,0.021739130434782608,1.0,12.50793319415449,nan,nan
4940890,7.5,2,683,3,2,530,52,33.829787234042556,0.09811320754716982,0.0196078431372549,1.0,7.991509433962264,nan,nan
5244934,7.5,2,656,6,6,274,18,29.357142857142858,0.06569343065693431,0.0,0.42857142857142855,10.310948905109488,nan,nan
5351422,7.5,2,654,4,3,487,58,27.30841121495327,0.11909650924024641,0.0,0.8,9.806981519507186,nan,nan
5477477,7.5,2,678,2,2,586,118,20.56140350877193,0.20136518771331058,0.06976744186046512,0.9375,8.682423208191125,nan,nan
5499001,7.5,2,670,2,1,632,115,22.437869822485208,0.1819620253164557,0.0,0.9230769230769231,9.023259493670885,nan,nan
5503058,7.5,2,916,6,5,414,43,27.910112359550563,0.10386473429951691,0.05128205128205128,0.625,10.354347826086956,nan,nan
5503168,7.5,2,695,6,5,336,14,38.76923076923077,0.041666666666666664,0.0,0.42857142857142855,13.189880952380953,nan,nan
5503359,7.5,2,716,6,6,319,17,34.8,0.05329153605015674,0.0,0.5,11.582758620689656,nan,nan
5540718,7.5,2,663,6,6,333,32,23.785714285714285,0.0960960960960961,0.0,1.0,7.677477477477477,nan,nan
5540722,7.5,2,691,5,5,426,23,44.06896551724138,0.0539906103286385,0.0,1.0,6.215962441314554,nan,nan
5540733,7.5,2,641,4,3,490,37,36.75,0.07551020408163266,0.0,1.0,6.50061224489796,nan,nan
5540847,7.5,2,869,6,6,375,23,33.582089552238806,0.06133333333333333,0.045454545454545456,0.8571428571428571,7.290133333333334,nan,nan
5547018,7.5,2,649,6,5,388,52,21.555555555555557,0.13402061855670103,0.0,0.9,7.623453608247423,nan,nan
5565253,7.5,2,670,4,5,385,18,53.72093023255814,0.046753246753246755,0.08333333333333333,1.0,6.1903896103896106,nan,nan
5615881,7.5,2,1051,6,6,357,34,25.80722891566265,0.09523809523809523,0.0,0.5454545454545454,9.362745098039216,nan,nan
5615968,7.5,2,642,6,5,378,59,19.220338983050848,0.15608465608465608,0.0,0.9090909090909091,9.295502645502644,nan,nan
5615986,7.5,2,685,5,4,343,29,33.73770491803279,0.08454810495626822,0.3076923076923077,0.7142857142857143,7.939941690962099,nan,nan
5615988,7.5,2,671,6,5,356,31,28.864864864864863,0.08707865168539326,0.0,0.7142857142857143,9.329213483146066,nan,nan
5616015,7.5,2,657,2,1,624,108,21.394285714285715,0.17307692307692307,0.0,0.9375,8.050801282051282,nan,nan
5633515,7.5,2,663,6,5,410,34,30.37037037037037,0.08292682926829269,0.030303030303030304,0.5555555555555556,9.106829268292683,nan,nan
5692189,7.5,2,1527,6,5,401,33,27.976744186046513,0.08229426433915212,0.0,1.0,9.997506234413965,nan,nan
5705278,7.5,2,643,8,7,323,37,19.575757575757574,0.11455108359133127,0.0,0.9,10.308049535603715,nan,nan
5705752,7.5,2,682,5,4,434,36,30.27906976744186,0.08294930875576037,0.0,1.0,7.650230414746543,nan,nan
5706077,7.5,2,656,5,5,382,29,33.705882352941174,0.07591623036649214,0.0,1.0,7.212041884816754,nan,nan
5706137,7.5,2,737,7,7,173,9,21.625,0.05202312138728324,0.0,0.2857142857142857,12.473410404624278,nan,nan
5715345,7.5,2,923,4,3,491,36,35.926829268292686,0.07331975560081466,0.0,0.8,7.240325865580448,nan,nan
5771585,7.5,2,720,6,5,355,18,33.80952380952381,0.05070422535211268,0.058823529411764705,0.8571428571428571,7.871549295774648,nan,nan
5771621,7.5,2,675,6,5,379,15,41.345454545454544,0.0395778364116095,0.0,0.8333333333333334,8.330606860158312,nan,nan
5772092,7.5,2,729,8,7,335,25,24.814814814814813,0.07462686567164178,0.0,0.7777777777777778,8.845671641791045,nan,nan
5772102,7.5,2,725,5,4,359,20,35.9,0.055710306406685235,0.0,0.7142857142857143,6.366852367688022,nan,nan
5772192,7.5,2,706,7,6,381,27,27.878048780487806,0.07086614173228346,0.0,0.7,7.862204724409449,nan,nan
5874746,7.5,2,729,6,6,364,28,30.760563380281692,0.07692307692307693,0.0,0.5555555555555556,6.446703296703297,nan,nan
5874767,7.5,2,1278,8,7,245,14,24.5,0.05714285714285714,0.0,0.375,8.476734693877551,nan,nan
5874769,7.5,2,649,6,6,322,19,29.723076923076924,0.059006211180124224,0.0,0.75,7.184782608695652,nan,nan
5874787,7.5,2,1064,5,5,225,15,27.551020408163264,0.06666666666666667,0.0,0.6666666666666666,8.714222222222222,nan,nan
5875173,7.5,2,712,4,4,95,5,21.11111111111111,0.05263157894736842,0.0,0.25,9.50421052631579,nan,nan
5882173,7.5,2,665,8,7,273,29,19.975609756097562,0.10622710622710622,0.03571428571428571,0.5,8.775091575091574,nan,nan
5969330,7.5,2,721,6,5,459,95,12.809302325581395,0.20697167755991286,0.0,0.1038961038961039,8.012418300653595,nan,nan
5969331,7.5,2,706,6,5,359,35,25.341176470588234,0.09749303621169916,0.0,0.7,8.92200557103064,nan,nan
5969362,7.5,2,672,5,5,449,27,34.98701298701299,0.060133630289532294,0.038461538461538464,0.8888888888888888,7.335189309576838,nan,nan
6058407,7.5,2,696,7,7,329,46,16.728813559322035,0.1398176291793313,0.06976744186046512,0.7333333333333333,10.209726443768997,nan,nan
6062407,7.5,2,666,7,6,333,30,24.365853658536587,0.09009009009009009,0.0,1.0,8.012612612612612,nan,nan
6109129,7.5,2,721,4,3,482,23,50.73684210526316,0.04771784232365145,0.0,1.0,7.33402489626556,nan,nan
6148097,7.5,2,725,4,4,458,49,27.48,0.10698689956331878,0.0,1.0,6.689956331877729,nan,nan
6148143,7.5,2,677,5,4,437,29,32.370370370370374,0.06636155606407322,0.07407407407407407,0.5833333333333334,6.252402745995424,nan,nan
6148208,7.5,2,646,3,3,319,45,20.147368421052633,0.14106583072100312,0.0,0.9090909090909091,7.7379310344827585,nan,nan
6190357,7.5,2,710,2,2,494,32,47.806451612903224,0.06477732793522267,0.0,0.7142857142857143,6.398785425101215,nan,nan
6193396,7.5,2,658,6,5,370,13,45.30612244897959,0.03513513513513514,0.0,0.5,7.811351351351351,nan,nan
6193436,7.5,2,666,5,6,94,10,15.243243243243244,0.10638297872340426,0.0,0.2,11.639361702127658,nan,nan
4216956,7.5,3,910,6,5,363,42,21.78,0.11570247933884298,0.0,0.23809523809523808,6.324517906336089,nan,nan
4272243,7.5,3,646,2,1,600,124,14.814814814814815,0.20666666666666667,0.0,0.0898876404494382,6.490333333333333,nan,nan
4344977,7.5,3,1187,5,5,384,66,16.817518248175183,0.171875,0.0,0.7058823529411765,7.1703125000000005,nan,nan
4350946,7.5,3,690,5,5,394,21,38.75409836065574,0.0532994923857868,0.0,0.5555555555555556,7.524365482233502,nan,nan
4351935,7.5,3,775,6,5,369,29,29.91891891891892,0.07859078590785908,0.0,0.5555555555555556,8.817615176151762,nan,nan
4352377,7.5,3,716,5,4,428,31,34.24,0.07242990654205607,0.0,0.4166666666666667,7.019392523364487,nan,nan
4358853,7.5,3,666,4,3,528,25,54.62068965517241,0.04734848484848485,0.0,0.5,5.663068181818182,nan,nan
4359232,7.5,3,681,3,2,590,145,12.123287671232877,0.2457627118644068,0.007042253521126761,0.09345794392523364,7.47135593220339,nan,nan
4370045,7.5,3,720,4,3,467,66,23.54621848739496,0.14132762312633834,0.0,0.5714285714285714,6.517130620985011,nan,nan
4389353,7.5,3,650,5,4,462,62,23.1,0.1341991341991342,0.0,0.6923076923076923,9.193073593073592,nan,nan
4389414,7.5,3,645,5,5,422,49,25.06930693069307,0.11611374407582939,0.0,0.7272727272727273,8.050947867298579,nan,nan
4392729,7.5,3,652,4,3,478,46,32.2247191011236,0.09623430962343096,0.0,1.0,8.445397489539749,nan,nan
4393045,7.5,3,936,4,3,438,36,33.69230769230769,0.0821917808219178,0.030303030303030304,0.875,6.978082191780822,nan,nan
4440451,7.5,3,657,3,2,546,87,25.79527559055118,0.15934065934065933,0.025,1.0,7.797069597069597,nan,nan
4443744,7.5,3,710,7,6,399,76,17.347826086956523,0.19047619047619047,0.0,0.5333333333333333,14.25187969924812,nan,nan
4448887,7.5,3,666,6,6,333,20,32.225806451612904,0.06006006006006006,0.0,0.2727272727272727,10.321021021021021,nan,nan
4469551,7.5,3,670,4,3,512,72,24.975609756097562,0.140625,0.0,1.0,9.147265625,nan,nan
4472905,7.5,3,816,4,3,463,43,33.46987951807229,0.09287257019438445,0.0,0.875,9.200431965442766,nan,nan
4473229,7.5,3,673,4,4,446,37,32.24096385542169,0.08295964125560538,0.0,0.29411764705882354,7.961434977578476,nan,nan
4481970,7.5,3,642,3,2,494,28,52.92857142857143,0.05668016194331984,0.0,0.6666666666666666,6.734817813765182,nan,nan
4482888,7.5,3,647,1,0,647,94,25.207792207792206,0.14528593508500773,0.0,0.37037037037037035,7.283616692426584,nan,nan
4487550,7.5,3,653,4,3,480,40,34.285714285714285,0.08333333333333333,0.0,0.6363636363636364,8.86125,nan,nan
4487946,7.5,3,710,2,1,227,35,20.328358208955223,0.15418502202643172,0.0,0.8571428571428571,8.427312775330396,nan,nan
4504164,7.5,3,649,5,5,364,31,28.736842105263158,0.08516483516483517,0.0,0.3076923076923077,8.914835164835164,nan,nan
4527487,7.5,3,671,4,5,134,8,25.93548387096774,0.05970149253731343,0.0,0.25,12.042537313432836,nan,nan
4544584,7.5,3,672,4,3,540,35,41.53846153846154,0.06481481481481481,0.0,0.5454545454545454,8.57462962962963,nan,nan
4547202,7.5,3,696,5,4,436,27,39.63636363636363,0.06192660550458716,0.0,0.4444444444444444,8.046100917431193,nan,nan
4559519,7.5,3,991,6,5,358,36,25.879518072289155,0.1005586592178771,0.030303030303030304,0.6666666666666666,7.96340782122905,nan,nan
4575701,7.5,3,700,2,1,657,161,17.365638766519822,0.2450532724505327,0.03546099290780142,0.9411764705882353,8.541400304414003,nan,nan
4579744,7.5,3,678,6,5,377,36,25.704545454545453,0.09549071618037135,0.0,0.8888888888888888,10.619363395225465,nan,nan
4605892,7.5,3,678,2,3,41,2,20.5,0.04878048780487805,0.0,0.0,16.734146341463415,nan,nan
4668185,7.5,3,641,7,6,372,44,21.66990291262136,0.11827956989247312,0.0,0.8,11.850806451612904,nan,nan
4705097,7.5,3,659,4,4,451,37,35.142857142857146,0.082039911308204,0.0,0.3333333333333333,9.09290465631929,nan,nan
4724133,7.5,3,650,4,4,454,45,32.81927710843374,0.09911894273127753,0.0,0.625,12.166079295154184,nan,nan
4749525,7.5,3,805,3,2,526,31,50.095238095238095,0.058935361216730035,0.0,0.625,7.553802281368822,nan,nan
4754626,7.5,3,1144,5,4,433,39,31.682926829268293,0.09006928406466513,0.02857142857142857,0.6,7.18568129330254,nan,nan
4754956,7.5,3,647,5,4,419,57,22.854545454545455,0.1360381861575179,0.018518518518518517,0.6666666666666666,9.336515513126491,nan,nan
4775763,7.5,3,718,6,5,449,32,33.675,0.07126948775055679,0.0,0.4166666666666667,9.483518930957684,nan,nan
4785421,7.5,3,773,4,4,460,28,41.19402985074627,0.06086956521739131,0.0,0.75,9.948478260869566,nan,nan
4789937,7.5,3,678,4,4,524,37,40.83116883116883,0.07061068702290077,0.0,1.0,8.435114503816793,nan,nan
4792515,7.5,3,705,7,6,236,12,27.23076923076923,0.05084745762711865,0.0,0.25,11.782627118644067,nan,nan
4811115,7.5,3,643,4,3,483,28,46.0,0.057971014492753624,0.038461538461538464,0.4444444444444444,7.312629399585921,nan,nan
4824328,7.5,3,688,4,3,355,21,40.18867924528302,0.059154929577464786,0.0,0.42857142857142855,7.0245070422535205,nan,nan
4861227,7.5,3,710,7,6,240,20,21.818181818181817,0.08333333333333333,0.0,0.25,7.728750000000001,nan,nan
4861687,7.5,3,746,8,7,302,45,16.623853211009173,0.1490066225165563,0.0,0.4666666666666667,7.953973509933775,nan,nan
4862222,7.5,3,670,4,3,486,63,21.761194029850746,0.12962962962962962,0.0,0.1891891891891892,6.534979423868313,nan,nan
4862380,7.5,3,660,3,2,522,38,41.76,0.07279693486590039,0.0,0.6666666666666666,6.118965517241379,nan,nan
4865550,7.5,3,642,5,5,382,55,20.105263157894736,0.14397905759162305,0.0,0.5625,7.091099476439791,nan,nan
4865558,7.5,3,649,5,4,503,86,17.964285714285715,0.1709741550695825,0.0,0.5416666666666666,8.14493041749503,nan,nan
4912927,7.5,3,674,2,1,638,153,12.633663366336634,0.23981191222570533,0.0,0.047619047619047616,8.270689655172413,nan,nan
4915833,7.5,3,675,4,3,479,58,25.43362831858407,0.12108559498956159,0.0,0.8333333333333334,6.827974947807933,nan,nan
4940890,7.5,3,683,3,2,530,52,34.56521739130435,0.09811320754716982,0.0,0.7777777777777778,7.805660377358491,nan,nan
5244934,7.5,3,656,6,6,274,18,29.89090909090909,0.06569343065693431,0.0,0.25,11.908759124087592,nan,nan
5351422,7.5,3,654,4,3,487,58,25.408695652173915,0.11909650924024641,0.0,0.4444444444444444,10.206160164271047,nan,nan
5477477,7.5,3,678,2,2,586,118,16.58490566037736,0.20136518771331058,0.008849557522123894,0.37777777777777777,7.552047781569966,nan,nan
5499001,7.5,3,670,2,1,632,115,20.170212765957448,0.1819620253164557,0.0,0.2631578947368421,8.0,nan,nan
5503058,7.5,3,916,6,5,414,43,28.551724137931036,0.10386473429951691,0.025,0.4444444444444444,9.779227053140096,nan,nan
5503168,7.5,3,695,6,5,336,14,38.76923076923077,0.041666666666666664,0.0,0.42857142857142855,12.005357142857143,nan,nan
5503359,7.5,3,716,6,6,319,17,36.113207547169814,0.05329153605015674,0.0,0.2857142857142857,10.099059561128527,nan,nan
5540718,7.5,3,663,6,6,333,32,24.365853658536587,0.0960960960960961,0.03333333333333333,0.5454545454545454,8.418018018018017,nan,nan
5540722,7.5,3,691,5,5,426,23,44.8421052631579,0.0539906103286385,0.0,0.6666666666666666,7.238732394366197,nan,nan
5540733,7.5,3,641,4,3,490,37,39.2,0.07551020408163266,0.0,0.8571428571428571,7.442244897959183,nan,nan
5540847,7.5,3,869,6,6,375,23,34.61538461538461,0.06133333333333333,0.0,0.625,8.136533333333333,nan,nan
5547018,7.5,3,649,6,5,388,52,20.972972972972972,0.13402061855670103,0.0,0.8333333333333334,8.204896907216495,nan,nan
5565253,7.5,3,670,4,5,385,18,51.333333333333336,0.046753246753246755,0.0,0.1111111111111111,6.305454545454546,nan,nan
5615881,7.5,3,1051,6,6,357,34,25.80722891566265,0.09523809523809523,0.0,0.35714285714285715,8.495798319327731,nan,nan
5615968,7.5,3,642,6,5,378,59,19.721739130434784,0.15608465608465608,0.0,0.75,7.583862433862433,nan,nan
5615986,7.5,3,685,5,4,343,29,29.82608695652174,0.08454810495626822,0.0,0.7142857142857143,8.14198250728863,nan,nan
5615988,7.5,3,671,6,5,356,31,28.864864864864863,0.08707865168539326,0.0,0.7142857142857143,9.528932584269663,nan,nan
5616015,7.5,3,657,2,1,624,108,22.285714285714285,0.17307692307692307,0.0,0.6363636363636364,7.953846153846153,nan,nan
5633515,7.5,3,663,6,5,410,34,27.032967032967033,0.08292682926829269,0.0,0.07407407407407407,7.89219512195122,nan,nan
5692189,7.5,3,1527,6,5,401,33,28.305882352941175,0.08229426433915212,0.0,0.42857142857142855,9.223441396508727,nan,nan
5705278,7.5,3,643,8,7,323,37,19.575757575757574,0.11455108359133127,0.0,0.7272727272727273,8.829102167182663,nan,nan
5705752,7.5,3,682,5,4,434,36,32.962025316455694,0.08294930875576037,0.0,0.5,6.929953917050691,nan,nan
5706077,7.5,3,656,5,5,382,29,33.705882352941174,0.07591623036649214,0.0,1.0,6.68455497382199,nan,nan
5706137,7.5,3,737,7,7,173,9,22.565217391304348,0.05202312138728324,0.0,0.0,9.583815028901734,nan,nan
5715345,7.5,3,923,4,3,491,36,35.926829268292686,0.07331975560081466,0.0,0.4,6.542973523421589,nan,nan
5771585,7.5,3,720,6,5,355,18,37.36842105263158,0.05070422535211268,0.0,0.3333333333333333,7.547605633802817,nan,nan
5771621,7.5,3,675,6,5,379,15,43.73076923076923,0.0395778364116095,0.0,0.09090909090909091,7.506860158311345,nan,nan
5772092,7.5,3,729,8,7,335,25,24.814814814814813,0.07462686567164178,0.0,0.5454545454545454,7.723283582089553,nan,nan
5772102,7.5,3,725,5,4,359,20,37.13793103448276,0.055710306406685235,0.0,0.5,6.832869080779944,nan,nan
5772192,7.5,3,706,7,6,381,27,29.307692307692307,0.07086614173228346,0.0,0.2857142857142857,6.670603674540683,nan,nan
5874746,7.5,3,729,6,6,364,28,31.2,0.07692307692307693,0.0,0.625,6.442582417582417,nan,nan
5874767,7.5,3,1278,8,7,245,14,24.915254237288135,0.05714285714285714,0.0,0.2222222222222222,8.943265306122449,nan,nan
5874769,7.5,3,649,6,6,322,19,31.672131147540984,0.059006211180124224,0.0,0.3,7.242857142857142,nan,nan
5874787,7.5,3,1064,5,5,225,15,28.72340425531915,0.06666666666666667,0.0,0.2857142857142857,7.811555555555556,nan,nan
5875173,7.5,3,712,4,4,95,5,21.923076923076923,0.05263157894736842,0.0,0.0,8.782105263157895,nan,nan
5882173,7.5,3,665,8,7,273,29,21.0,0.10622710622710622,0.0,0.2727272727272727,7.796336996336997,nan,nan
5969330,7.5,3,721,6,5,459,95,12.99056603773585,0.20697167755991286,0.0,0.06172839506172839,8.958823529411765,nan,nan
5969331,7.5,3,706,6,5,359,35,25.951807228915662,0.09749303621169916,0.0,0.6,8.120055710306406,nan,nan
5969362,7.5,3,672,5,5,449,27,37.943661971830984,0.060133630289532294,0.0,0.4166666666666667,7.155456570155902,nan,nan
6058407,7.5,3,696,7,7,329,46,18.110091743119266,0.1398176291793313,0.0,0.3157894736842105,10.173252279635259,nan,nan
6062407,7.5,3,666,7,6,333,30,24.975,0.09009009009009009,0.0,0.875,8.084384384384384,nan,nan
6109129,7.5,3,721,4,3,482,23,55.61538461538461,0.04771784232365145,0.0,0.42857142857142855,6.971784232365145,nan,nan
6148097,7.5,3,725,4,4,458,49,28.040816326530614,0.10698689956331878,0.0,0.8181818181818182,7.212445414847162,nan,nan
6148143,7.5,3,677,5,4,437,29,35.432432432432435,0.06636155606407322,0.0,0.26666666666666666,6.597711670480549,nan,nan
6148208,7.5,3,646,3,3,319,45,21.266666666666666,0.14106583072100312,0.0,0.6666666666666666,6.951097178683386,nan,nan
6190357,7.5,3,710,2,2,494,32,47.806451612903224,0.06477732793522267,0.0,0.7142857142857143,6.263562753036437,nan,nan
6193396,7.5,3,658,6,5,370,13,47.234042553191486,0.03513513513513514,0.0,0.125,7.063783783783784,nan,nan
6193436,7.5,3,666,5,6,94,10,15.243243243243244,0.10638297872340426,0.0,0.2,11.7,nan,nan
4216956,7.5,4,910,6,5,363,42,21.78,0.11570247933884298,0.0,0.16666666666666666,6.431404958677685,nan,nan
4272243,7.5,4,646,2,1,600,124,14.814814814814815,0.20666666666666667,0.0,0.05102040816326531,6.601,nan,nan
4344977,7.5,4,1187,5,5,384,66,16.941176470588236,0.171875,0.0,0.17647058823529413,7.510677083333333,nan,nan
4350946,7.5,4,690,5,5,394,21,39.4,0.0532994923857868,0.0,0.15384615384615385,6.793654822335025,nan,nan
4351935,7.5,4,775,6,5,369,29,29.91891891891892,0.07859078590785908,0.0,0.36363636363636365,9.213821138211383,nan,nan
4352377,7.5,4,716,5,4,428,31,34.7027027027027,0.07242990654205607,0.0,0.3076923076923077,6.670093457943926,nan,nan
4358853,7.5,4,666,4,3,528,25,54.62068965517241,0.04734848484848485,0.0,0.5,5.3530303030303035,nan,nan
4359232,7.5,4,681,3,2,590,145,12.206896551724139,0.2457627118644068,0.0,0.04201680672268908,6.444237288135593,nan,nan
4370045,7.5,4,720,4,3,467,66,23.54621848739496,0.14132762312633834,0.0,0.5714285714285714,7.608993576017131,nan,nan
4389353,7.5,4,650,5,4,462,62,23.491525423728813,0.1341991341991342,0.0,0.5714285714285714,7.976839826839827,nan,nan
4389414,7.5,4,645,5,5,422,49,24.823529411764707,0.11611374407582939,0.0,0.375,8.029857819905214,nan,nan
4392729,7.5,4,652,4,3,478,46,31.866666666666667,0.09623430962343096,0.0,0.7,9.166108786610877,nan,nan
4393045,7.5,4,936,4,3,438,36,35.04,0.0821917808219178,0.030303030303030304,0.75,8.849086757990868,nan,nan
4440451,7.5,4,657,3,2,546,87,25.79527559055118,0.15934065934065933,0.025,1.0,8.364652014652016,nan,nan
4443744,7.5,4,710,7,6,399,76,17.347826086956523,0.19047619047619047,0.0,0.3157894736842105,12.942105263157893,nan,nan
4448887,7.5,4,666,6,6,333,20,32.225806451612904,0.06006006006006006,0.0,0.15384615384615385,9.962462462462462,nan,nan
4469551,7.5,4,670,4,3,512,72,24.774193548387096,0.140625,0.0,0.75,8.9787109375,nan,nan
4472905,7.5,4,816,4,3,463,43,33.07142857142857,0.09287257019438445,0.0,0.6,6.301511879049676,nan,nan
4473229,7.5,4,673,4,4,446,37,32.63414634146341,0.08295964125560538,0.0,0.14285714285714285,8.407623318385651,nan,nan
4481970,7.5,4,642,3,2,494,28,54.888888888888886,0.05668016194331984,0.0,0.25,6.1285425101214575,nan,nan
4482888,7.5,4,647,1,0,647,94,25.207792207792206,0.14528593508500773,0.0,0.25,7.338794435857805,nan,nan
4487550,7.5,4,653,4,3,480,40,35.55555555555556,0.08333333333333333,0.0,0.6,9.266458333333333,nan,nan
4487946,7.5,4,710,2,1,227,35,21.28125,0.15418502202643172,0.03225806451612903,0.5555555555555556,10.236563876651982,nan,nan
4504164,7.5,4,649,5,5,364,31,28.736842105263158,0.08516483516483517,0.0,0.1875,10.957417582417582,nan,nan
4527487,7.5,4,671,4,5,134,8,25.93548387096774,0.05970149253731343,0.0,0.25,10.222388059701492,nan,nan
4544584,7.5,4,672,4,3,540,35,43.2,0.06481481481481481,0.0,0.3076923076923077,8.345185185185185,nan,nan
4547202,7.5,4,696,5,4,436,27,39.63636363636363,0.06192660550458716,0.0,0.25,9.027522935779816,nan,nan
4559519,7.5,4,991,6,5,358,36,24.689655172413794,0.1005586592178771,0.030303030303030304,0.2222222222222222,7.651117318435754,nan,nan
4575701,7.5,4,700,2,1,657,161,12.757281553398059,0.2450532724505327,0.0,0.07894736842105263,7.1896499238965,nan,nan
4579744,7.5,4,678,6,5,377,36,25.704545454545453,0.09549071618037135,0.0,0.42857142857142855,9.144297082228118,nan,nan
4605892,7.5,4,678,2,3,41,2,20.5,0.04878048780487805,0.0,0.0,14.046341463414633,nan,nan
4668185,7.5,4,641,7,6,372,44,21.66990291262136,0.11827956989247312,0.0,0.3125,10.948655913978495,nan,nan
4705097,7.5,4,659,4,4,451,37,34.25316455696203,0.082039911308204,0.0,0.38461538461538464,5.877383592017738,nan,nan
4724133,7.5,4,650,4,4,454,45,26.97029702970297,0.09911894273127753,0.0,0.09375,5.445814977973568,nan,nan
4749525,7.5,4,805,3,2,526,31,50.095238095238095,0.058935361216730035,0.0,0.625,6.0408745247148286,nan,nan
4754626,7.5,4,1144,5,4,433,39,30.564705882352943,0.09006928406466513,0.02857142857142857,0.3333333333333333,7.439491916859123,nan,nan
4754956,7.5,4,647,5,4,419,57,23.27777777777778,0.1360381861575179,0.018518518518518517,0.7272727272727273,8.179952267303102,nan,nan
4775763,7.5,4,718,6,5,449,32,34.98701298701299,0.07126948775055679,0.0,0.21428571428571427,7.7169265033407575,nan,nan
4785421,7.5,4,773,4,4,460,28,41.81818181818182,0.06086956521739131,0.0,0.36363636363636365,6.923043478260869,nan,nan
4789937,7.5,4,678,4,4,524,37,40.30769230769231,0.07061068702290077,0.0,0.4166666666666667,7.251908396946565,nan,nan
4792515,7.5,4,705,7,6,236,12,27.23076923076923,0.05084745762711865,0.0,0.0,9.458898305084746,nan,nan
4811115,7.5,4,643,4,3,483,28,48.3,0.057971014492753624,0.0,0.6666666666666666,8.021532091097308,nan,nan
4824328,7.5,4,688,4,3,355,21,41.76470588235294,0.059154929577464786,0.0,0.09090909090909091,7.058591549295775,nan,nan
4861227,7.5,4,710,7,6,240,20,22.153846153846153,0.08333333333333333,0.0,0.06666666666666667,8.464166666666667,nan,nan
4861687,7.5,4,746,8,7,302,45,16.472727272727273,0.1490066225165563,0.0,0.35294117647058826,8.049999999999999,nan,nan
4862222,7.5,4,670,4,3,486,63,21.761194029850746,0.12962962962962962,0.0,0.11363636363636363,6.8697530864197525,nan,nan
4862380,7.5,4,660,3,2,522,38,41.76,0.07279693486590039,0.0,0.6,6.19272030651341,nan,nan
4865550,7.5,4,642,5,5,382,55,20.105263157894736,0.14397905759162305,0.0,0.42105263157894735,8.065706806282723,nan,nan
4865558,7.5,4,649,5,4,503,86,18.74534161490683,0.1709741550695825,0.0,0.38461538461538464,7.464612326043738,nan,nan
4912927,7.5,4,674,2,1,638,153,14.837209302325581,0.23981191222570533,0.014814814814814815,0.09302325581395349,7.0956112852664575,nan,nan
4915833,7.5,4,675,4,3,479,58,25.89189189189189,0.12108559498956159,0.0,0.5714285714285714,7.397077244258872,nan,nan
4940890,7.5,4,683,3,2,530,52,34.193548387096776,0.09811320754716982,0.0,0.6363636363636364,7.368490566037736,nan,nan
5244934,7.5,4,656,6,6,274,18,29.89090909090909,0.06569343065693431,0.0,0.25,9.370437956204379,nan,nan
5351422,7.5,4,654,4,3,487,58,26.089285714285715,0.11909650924024641,0.0,0.4444444444444444,10.030390143737167,nan,nan
5477477,7.5,4,678,2,2,586,118,15.025641025641026,0.20136518771331058,0.008849557522123894,0.06521739130434782,7.919283276450511,nan,nan
5499001,7.5,4,670,2,1,632,115,20.170212765957448,0.1819620253164557,0.0,0.21951219512195122,7.573417721518987,nan,nan
5503058,7.5,4,916,6,5,414,43,28.551724137931036,0.10386473429951691,0.0,0.2727272727272727,9.630676328502416,nan,nan
5503168,7.5,4,695,6,5,336,14,39.529411764705884,0.041666666666666664,0.0,0.1,9.781547619047618,nan,nan
5503359,7.5,4,716,6,6,319,17,33.0,0.05329153605015674,0.0,0.0,10.157993730407524,nan,nan
5540718,7.5,4,663,6,6,333,32,24.072289156626507,0.0960960960960961,0.0,0.15,7.098498498498499,nan,nan
5540722,7.5,4,691,5,5,426,23,44.8421052631579,0.0539906103286385,0.0,0.375,6.096009389671361,nan,nan
5540733,7.5,4,641,4,3,490,37,37.21518987341772,0.07551020408163266,0.0,0.38461538461538464,6.772244897959184,nan,nan
5540847,7.5,4,869,6,6,375,23,34.61538461538461,0.06133333333333333,0.0,0.14285714285714285,7.4616,nan,nan
5547018,7.5,4,649,6,5,388,52,20.243478260869566,0.13402061855670103,0.0,0.13793103448275862,7.872164948453609,nan,nan
5565253,7.5,4,670,4,5,385,18,51.333333333333336,0.046753246753246755,0.0,0.1111111111111111,6.403896103896104,nan,nan
5615881,7.5,4,1051,6,6,357,34,25.5,0.09523809523809523,0.0,0.16666666666666666,7.81764705882353,nan,nan
5615968,7.5,4,642,6,5,378,59,21.39622641509434,0.15608465608465608,0.0625,0.46153846153846156,8.301058201058202,nan,nan
5615986,7.5,4,685,5,4,343,29,30.264705882352942,0.08454810495626822,0.0,0.2727272727272727,7.235276967930028,nan,nan
5615988,7.5,4,671,6,5,356,31,28.48,0.08707865168539326,0.0,0.4,6.788202247191011,nan,nan
5616015,7.5,4,657,2,1,624,108,23.547169811320753,0.17307692307692307,0.0,0.5789473684210527,7.139102564102564,nan,nan
5633515,7.5,4,663,6,5,410,34,27.032967032967033,0.08292682926829269,0.0,0.03333333333333333,7.810975609756097,nan,nan
5692189,7.5,4,1527,6,5,401,33,28.642857142857142,0.08229426433915212,0.0,0.15,9.127431421446383,nan,nan
5705278,7.5,4,643,8,7,323,37,19.38,0.11455108359133127,0.0,0.2777777777777778,9.58452012383901,nan,nan
5705752,7.5,4,682,5,4,434,36,31.75609756097561,0.08294930875576037,0.0,0.26666666666666666,7.7214285714285715,nan,nan
5706077,7.5,4,656,5,5,382,29,34.208955223880594,0.07591623036649214,0.0,0.4,7.862303664921466,nan,nan
5706137,7.5,4,737,7,7,173,9,22.565217391304348,0.05202312138728324,0.0,0.0,11.617341040462428,nan,nan
5715345,7.5,4,923,4,3,491,36,36.825,0.07331975560081466,0.0,0.35714285714285715,6.564562118126273,nan,nan
5771585,7.5,4,720,6,5,355,18,37.36842105263158,0.05070422535211268,0.0,0.3333333333333333,6.993239436619718,nan,nan
5771621,7.5,4,675,6,5,379,15,43.73076923076923,0.0395778364116095,0.0,0.09090909090909091,7.605013192612137,nan,nan
5772092,7.5,4,729,8,7,335,25,25.76923076923077,0.07462686567164178,0.0,0.05263157894736842,7.8549253731343285,nan,nan
5772102,7.5,4,725,5,4,359,20,37.13793103448276,0.055710306406685235,0.0,0.16666666666666666,6.315877437325906,nan,nan
5772192,7.5,4,706,7,6,381,27,30.07894736842105,0.07086614173228346,0.0,0.21428571428571427,6.89501312335958,nan,nan
5874746,7.5,4,729,6,6,364,28,31.2,0.07692307692307693,0.0,0.625,7.002472527472528,nan,nan
5874767,7.5,4,1278,8,7,245,14,24.5,0.05714285714285714,0.0,0.0,7.944081632653061,nan,nan
5874769,7.5,4,649,6,6,322,19,32.2,0.059006211180124224,0.0,0.15384615384615385,7.641614906832298,nan,nan
5874787,7.5,4,1064,5,5,225,15,28.72340425531915,0.06666666666666667,0.0,0.1111111111111111,6.786222222222222,nan,nan
5875173,7.5,4,712,4,4,95,5,21.923076923076923,0.05263157894736842,0.0,0.0,8.986315789473684,nan,nan
5882173,7.5,4,665,8,7,273,29,21.0,0.10622710622710622,0.0,0.2727272727272727,7.357142857142857,nan,nan
5969330,7.5,4,721,6,5,459,95,13.052132701421801,0.20697167755991286,0.0,0.03529411764705882,8.419389978213507,nan,nan
5969331,7.5,4,706,6,5,359,35,26.925,0.09749303621169916,0.0,0.2,7.672423398328691,nan,nan
5969362,7.5,4,672,5,5,449,27,39.04347826086956,0.060133630289532294,0.0,0.21428571428571427,7.35011135857461,nan,nan
6058407,7.5,4,696,7,7,329,46,17.945454545454545,0.1398176291793313,0.0,0.20833333333333334,9.568996960486322,nan,nan
6062407,7.5,4,666,7,6,333,30,24.975,0.09009009009009009,0.0,0.1875,6.7255255255255255,nan,nan
6109129,7.5,4,721,4,3,482,23,52.58181818181818,0.04771784232365145,0.0,0.3,5.884439834024897,nan,nan
6148097,7.5,4,725,4,4,458,49,28.926315789473684,0.10698689956331878,0.0,0.42857142857142855,5.771615720524018,nan,nan
6148143,7.5,4,677,5,4,437,29,35.432432432432435,0.06636155606407322,0.0,0.17647058823529413,5.557894736842106,nan,nan
6148208,7.5,4,646,3,3,319,45,21.032967032967033,0.14106583072100312,0.0,0.2631578947368421,6.295297805642633,nan,nan
6190357,7.5,4,710,2,2,494,32,48.59016393442623,0.06477732793522267,0.0,0.4444444444444444,7.207894736842105,nan,nan
6193396,7.5,4,658,6,5,370,13,47.234042553191486,0.03513513513513514,0.0,0.125,8.38135135135135,nan,nan
6193436,7.5,4,666,5,6,94,10,15.243243243243244,0.10638297872340426,0.0,0.2,13.035106382978723,nan,nan
4216956,7.5,5,910,6,5,363,42,21.78,0.11570247933884298,0.0,0.10714285714285714,6.129201101928375,nan,nan
4272243,7.5,5,646,2,1,600,124,14.754098360655737,0.20666666666666667,0.0,0.0392156862745098,6.498666666666666,nan,nan
4344977,7.5,5,1187,5,5,384,66,16.817518248175183,0.171875,0.0,0.13157894736842105,5.843489583333334,nan,nan
4350946,7.5,5,690,5,5,394,21,38.12903225806452,0.0532994923857868,0.0,0.0,6.084517766497463,nan,nan
4351935,7.5,5,775,6,5,369,29,29.91891891891892,0.07859078590785908,0.0,0.2,9.149864498644988,nan,nan
4352377,7.5,5,716,5,4,428,31,34.24,0.07242990654205607,0.0,0.17647058823529413,5.854906542056075,nan,nan
4358853,7.5,5,666,4,3,528,25,53.69491525423729,0.04734848484848485,0.0,0.2727272727272727,4.764204545454546,nan,nan
4359232,7.5,5,681,3,2,590,145,12.249134948096886,0.2457627118644068,0.0,0.03305785123966942,6.180508474576271,nan,nan
4370045,7.5,5,720,4,3,467,66,23.15702479338843,0.14132762312633834,0.0,0.2857142857142857,7.633190578158458,nan,nan
4389353,7.5,5,650,5,4,462,62,23.294117647058822,0.1341991341991342,0.0,0.4117647058823529,9.947835497835497,nan,nan
4389414,7.5,5,645,5,5,422,49,26.103092783505154,0.11611374407582939,0.0,0.23529411764705882,7.0002369668246445,nan,nan
4392729,7.5,5,652,4,3,478,46,32.59090909090909,0.09623430962343096,0.0,0.5454545454545454,7.25794979079498,nan,nan
4393045,7.5,5,936,4,3,438,36,34.12987012987013,0.0821917808219178,0.0,0.25,8.438356164383562,nan,nan
4440451,7.5,5,657,3,2,546,87,25.2,0.15934065934065933,0.0,0.5833333333333334,8.066849816849818,nan,nan
4443744,7.5,5,710,7,6,399,76,17.1,0.19047619047619047,0.0,0.23809523809523808,12.266416040100252,nan,nan
4448887,7.5,5,666,6,6,333,20,32.75409836065574,0.06006006006006006,0.0,0.07142857142857142,10.915915915915916,nan,nan
4469551,7.5,5,670,4,3,512,72,27.927272727272726,0.140625,0.043478260869565216,0.3333333333333333,7.53203125,nan,nan
4472905,7.5,5,816,4,3,463,43,32.30232558139535,0.09287257019438445,0.0,0.35714285714285715,6.841036717062635,nan,nan
4473229,7.5,5,673,4,4,446,37,33.03703703703704,0.08295964125560538,0.0,0.14285714285714285,8.237668161434977,nan,nan
4481970,7.5,5,642,3,2,494,28,54.888888888888886,0.05668016194331984,0.045454545454545456,0.16666666666666666,7.375101214574899,nan,nan
4482888,7.5,5,647,1,0,647,94,20.431578947368422,0.14528593508500773,0.0,0.011235955056179775,5.3947449768160745,nan,nan
4487550,7.5,5,653,4,3,480,40,35.1219512195122,0.08333333333333333,0.0,0.38461538461538464,6.9608333333333325,nan,nan
4487946,7.5,5,710,2,1,227,35,21.28125,0.15418502202643172,0.0,0.4444444444444444,8.625110132158591,nan,nan
4504164,7.5,5,649,5,5,364,31,28.736842105263158,0.08516483516483517,0.0,0.1875,9.760439560439561,nan,nan
4527487,7.5,5,671,4,5,134,8,25.125,0.05970149253731343,0.0,0.0,8.066417910447761,nan,nan
4544584,7.5,5,672,4,3,540,35,42.63157894736842,0.06481481481481481,0.0,0.2857142857142857,8.093148148148149,nan,nan
4547202,7.5,5,696,5,4,436,27,39.63636363636363,0.06192660550458716,0.0,0.25,8.036926605504586,nan,nan
4559519,7.5,5,991,6,5,358,36,24.40909090909091,0.1005586592178771,0.0,0.15,7.689664804469274,nan,nan
4575701,7.5,5,700,2,1,657,161,12.716129032258065,0.2450532724505327,0.0,0.05737704918032787,7.323135464231355,nan,nan
4579744,7.5,5,678,6,5,377,36,24.857142857142858,0.09549071618037135,0.0,0.07692307692307693,9.743501326259947,nan,nan
4605892,7.5,5,678,2,3,41,2,20.5,0.04878048780487805,0.0,0.0,15.860975609756096,nan,nan
4668185,7.5,5,641,7,6,372,44,21.056603773584907,0.11827956989247312,0.0,0.18181818181818182,8.823387096774194,nan,nan
4705097,7.5,5,659,4,4,451,37,35.142857142857146,0.082039911308204,0.0,0.3333333333333333,7.229490022172949,nan,nan
4724133,7.5,5,650,4,4,454,45,26.97029702970297,0.09911894273127753,0.0,0.05714285714285714,7.846035242290749,nan,nan
4749525,7.5,5,805,3,2,526,31,47.81818181818182,0.058935361216730035,0.0,0.1875,7.046007604562737,nan,nan
4754626,7.5,5,1144,5,4,433,39,30.928571428571427,0.09006928406466513,0.0,0.4166666666666667,7.09838337182448,nan,nan
4754956,7.5,5,647,5,4,419,57,23.06422018348624,0.1360381861575179,0.0,0.4666666666666667,7.972792362768496,nan,nan
4775763,7.5,5,718,6,5,449,32,34.98701298701299,0.07126948775055679,0.0,0.21428571428571427,7.583741648106904,nan,nan
4785421,7.5,5,773,4,4,460,28,43.80952380952381,0.06086956521739131,0.0,0.2727272727272727,8.025652173913043,nan,nan
4789937,7.5,5,678,4,4,524,37,40.83116883116883,0.07061068702290077,0.0,0.1875,7.60706106870229,nan,nan
4792515,7.5,5,705,7,6,236,12,27.23076923076923,0.05084745762711865,0.0,0.0,10.028389830508473,nan,nan
4811115,7.5,5,643,4,3,483,28,47.50819672131148,0.057971014492753624,0.0,0.5714285714285714,7.393788819875776,nan,nan
4824328,7.5,5,688,4,3,355,21,40.96153846153846,0.059154929577464786,0.0,0.2,6.5222535211267605,nan,nan
4861227,7.5,5,710,7,6,240,20,22.5,0.08333333333333333,0.0,0.07142857142857142,7.439583333333333,nan,nan
4861687,7.5,5,746,8,7,302,45,16.623853211009173,0.1490066225165563,0.0,0.25,7.370529801324504,nan,nan
4862222,7.5,5,670,4,3,486,63,21.924812030075188,0.12962962962962962,0.0,0.06382978723404255,6.196090534979424,nan,nan
4862380,7.5,5,660,3,2,522,38,42.32432432432432,0.07279693486590039,0.0,0.4166666666666667,6.725478927203064,nan,nan
4865550,7.5,5,642,5,5,382,55,19.75862068965517,0.14397905759162305,0.0,0.23076923076923078,7.928010471204188,nan,nan
4865558,7.5,5,649,5,4,503,86,18.180722891566266,0.1709741550695825,0.0,0.2571428571428571,7.934990059642147,nan,nan
4912927,7.5,5,674,2,1,638,153,12.675496688741722,0.23981191222570533,0.0,0.022556390977443608,7.778056426332288,nan,nan
4915833,7.5,5,675,4,3,479,58,25.89189189189189,0.12108559498956159,0.0,0.4117647058823529,8.825469728601252,nan,nan
4940890,7.5,5,683,3,2,530,52,33.829787234042556,0.09811320754716982,0.0,0.5,6.284528301886793,nan,nan
5244934,7.5,5,656,6,6,274,18,29.357142857142858,0.06569343065693431,0.0,0.09090909090909091,11.462043795620438,nan,nan
5351422,7.5,5,654,4,3,487,58,26.807339449541285,0.11909650924024641,0.0,0.25,9.905749486652978,nan,nan
5477477,7.5,5,678,2,2,586,118,20.928571428571427,0.20136518771331058,0.031578947368421054,0.5714285714285714,8.464846416382253,nan,nan
5499001,7.5,5,670,2,1,632,115,22.17543859649123,0.1819620253164557,0.0,0.32,9.157120253164557,nan,nan
5503058,7.5,5,916,6,5,414,43,28.551724137931036,0.10386473429951691,0.0,0.2727272727272727,10.532125603864735,nan,nan
5503168,7.5,5,695,6,5,336,14,38.76923076923077,0.041666666666666664,0.0,0.0,12.015773809523811,nan,nan
5503359,7.5,5,716,6,6,319,17,33.0,0.05329153605015674,0.0,0.0,12.521003134796238,nan,nan
5540718,7.5,5,663,6,6,333,32,24.072289156626507,0.0960960960960961,0.0,0.09090909090909091,6.591891891891891,nan,nan
5540722,7.5,5,691,5,5,426,23,44.8421052631579,0.0539906103286385,0.0,0.375,6.921361502347418,nan,nan
5540733,7.5,5,641,4,3,490,37,37.21518987341772,0.07551020408163266,0.0,0.16666666666666666,7.311428571428571,nan,nan
5540847,7.5,5,869,6,6,375,23,34.09090909090909,0.06133333333333333,0.0,0.058823529411764705,8.057866666666666,nan,nan
5547018,7.5,5,649,6,5,388,52,20.42105263157895,0.13402061855670103,0.0,0.13793103448275862,7.556958762886597,nan,nan
5565253,7.5,5,670,4,5,385,18,51.333333333333336,0.046753246753246755,0.0,0.1111111111111111,5.8189610389610396,nan,nan
5615881,7.5,5,1051,6,6,357,34,25.2,0.09523809523809523,0.0,0.09090909090909091,7.552661064425771,nan,nan
5615968,7.5,5,642,6,5,378,59,21.0,0.15608465608465608,0.018518518518518517,0.46153846153846156,8.406613756613757,nan,nan
5615986,7.5,5,685,5,4,343,29,30.71641791044776,0.08454810495626822,0.0,0.2727272727272727,9.251895043731778,nan,nan
5615988,7.5,5,671,6,5,356,31,27.74025974025974,0.08707865168539326,0.0,0.11764705882352941,7.066573033707865,nan,nan
5616015,7.5,5,657,2,1,624,108,23.4,0.17307692307692307,0.0,0.43478260869565216,5.638942307692307,nan,nan
5633515,7.5,5,663,6,5,410,34,26.73913043478261,0.08292682926829269,0.0,0.0,6.425365853658537,nan,nan
5692189,7.5,5,1527,6,5,401,33,28.987951807228917,0.08229426433915212,0.0,0.15789473684210525,8.068329177057358,nan,nan
5705278,7.5,5,643,8,7,323,37,18.634615384615383,0.11455108359133127,0.0,0.03125,8.06687306501548,nan,nan
5705752,7.5,5,682,5,4,434,36,31.373493975903614,0.08294930875576037,0.0,0.15789473684210525,6.590783410138249,nan,nan
5706077,7.5,5,656,5,5,382,29,35.261538461538464,0.07591623036649214,0.0,0.3,7.771465968586387,nan,nan
5706137,7.5,5,737,7,7,173,9,22.565217391304348,0.05202312138728324,0.0,0.0,9.667052023121387,nan,nan
5715345,7.5,5,923,4,3,491,36,37.76923076923077,0.07331975560081466,0.0,0.25,6.985539714867618,nan,nan
5771585,7.5,5,720,6,5,355,18,35.5,0.05070422535211268,0.0,0.0,7.367042253521127,nan,nan
5771621,7.5,5,675,6,5,379,15,43.73076923076923,0.0395778364116095,0.0,0.09090909090909091,8.229023746701847,nan,nan
5772092,7.5,5,729,8,7,335,25,25.76923076923077,0.07462686567164178,0.0,0.05263157894736842,7.257611940298508,nan,nan
5772102,7.5,5,725,5,4,359,20,35.9,0.055710306406685235,0.0,0.0,7.773816155988858,nan,nan
5772192,7.5,5,706,7,6,381,27,29.68831168831169,0.07086614173228346,0.0,0.11764705882352941,10.301312335958006,nan,nan
5874746,7.5,5,729,6,6,364,28,29.91780821917808,0.07692307692307693,0.0,0.11764705882352941,6.724175824175824,nan,nan
5874767,7.5,5,1278,8,7,245,14,24.5,0.05714285714285714,0.0,0.0,7.264489795918367,nan,nan
5874769,7.5,5,649,6,6,322,19,31.161290322580644,0.059006211180124224,0.0,0.0,7.594099378881988,nan,nan
5874787,7.5,5,1064,5,5,225,15,27.0,0.06666666666666667,0.0,0.0,7.7782222222222215,nan,nan
5875173,7.5,5,712,4,4,95,5,21.923076923076923,0.05263157894736842,0.0,0.0,9.391578947368421,nan,nan
5882173,7.5,5,665,8,7,273,29,19.975609756097562,0.10622710622710622,0.0,0.11764705882352941,8.065934065934066,nan,nan
5969330,7.5,5,721,6,5,459,95,12.869158878504672,0.20697167755991286,0.0,0.0,7.235511982570806,nan,nan
5969331,7.5,5,706,6,5,359,35,26.925,0.09749303621169916,0.0,0.2,6.5264623955431755,nan,nan
5969362,7.5,5,672,5,5,449,27,37.416666666666664,0.060133630289532294,0.0,0.043478260869565216,5.951447661469933,nan,nan
6058407,7.5,5,696,7,7,329,46,17.783783783783782,0.1398176291793313,0.0,0.14814814814814814,9.828875379939209,nan,nan
6062407,7.5,5,666,7,6,333,30,24.975,0.09009009009009009,0.0,0.1111111111111111,11.824324324324325,nan,nan
6109129,7.5,5,721,4,3,482,23,53.55555555555556,0.04771784232365145,0.0,0.18181818181818182,6.9427385892116185,nan,nan
6148097,7.5,5,725,4,4,458,49,29.23404255319149,0.10698689956331878,0.0,0.3125,7.749126637554585,nan,nan
6148143,7.5,5,677,5,4,437,29,35.917808219178085,0.06636155606407322,0.0,0.10526315789473684,6.228146453089244,nan,nan
6148208,7.5,5,646,3,3,319,45,20.147368421052633,0.14106583072100312,0.0,0.02857142857142857,7.405956112852665,nan,nan
6190357,7.5,5,710,2,2,494,32,49.4,0.06477732793522267,0.0,0.2727272727272727,7.14251012145749,nan,nan
6193396,7.5,5,658,6,5,370,13,46.25,0.03513513513513514,0.0,0.125,8.195405405405406,nan,nan
6193436,7.5,5,666,5,6,94,10,15.243243243243244,0.10638297872340426,0.0,0.2,11.574468085106384,nan,nan
4216956,7.5,6,910,6,5,363,42,21.352941176470587,0.11570247933884298,0.0,0.0625,6.349586776859504,nan,nan
4272243,7.5,6,646,2,1,600,124,14.516129032258064,0.20666666666666667,0.0,0.01818181818181818,6.417833333333333,nan,nan
4344977,7.5,6,1187,5,5,384,66,16.340425531914892,0.171875,0.0,0.06382978723404255,8.63828125,nan,nan
4350946,7.5,6,690,5,5,394,21,38.12903225806452,0.0532994923857868,0.0,0.0,8.199492385786801,nan,nan
4351935,7.5,6,775,6,5,369,29,29.13157894736842,0.07859078590785908,0.0,0.10526315789473684,8.979132791327913,nan,nan
4352377,7.5,6,716,5,4,428,31,32.50632911392405,0.07242990654205607,0.0,0.038461538461538464,6.943691588785047,nan,nan
4358853,7.5,6,666,4,3,528,25,50.285714285714285,0.04734848484848485,0.0,0.05,6.082765151515151,nan,nan
4359232,7.5,6,681,3,2,590,145,12.206896551724139,0.2457627118644068,0.0,0.03305785123966942,8.666610169491525,nan,nan
4370045,7.5,6,720,4,3,467,66,23.35,0.14132762312633834,0.0,0.2857142857142857,8.824625267665954,nan,nan
4389353,7.5,6,650,5,4,462,62,22.721311475409838,0.1341991341991342,0.0,0.2,8.606493506493505,nan,nan
4389414,7.5,6,645,5,5,422,49,24.823529411764707,0.11611374407582939,0.0,0.12,8.611848341232227,nan,nan
4392729,7.5,6,652,4,3,478,46,32.59090909090909,0.09623430962343096,0.0,0.5454545454545454,9.594979079497907,nan,nan
4393045,7.5,6,936,4,3,438,36,32.44444444444444,0.0821917808219178,0.0,0.08,9.595205479452055,nan,nan
4440451,7.5,6,657,3,2,546,87,25.2,0.15934065934065933,0.0,0.4,8.193040293040292,nan,nan
4443744,7.5,6,710,7,6,399,76,16.97872340425532,0.19047619047619047,0.0,0.14814814814814814,13.267919799498745,nan,nan
4448887,7.5,6,666,6,6,333,20,32.75409836065574,0.06006006006006006,0.0,0.07142857142857142,11.130330330330331,nan,nan
4469551,7.5,6,670,4,3,512,72,23.630769230769232,0.140625,0.0,0.24,8.2671875,nan,nan
4472905,7.5,6,816,4,3,463,43,31.93103448275862,0.09287257019438445,0.0,0.15,6.877753779697624,nan,nan
4473229,7.5,6,673,4,4,446,37,32.24096385542169,0.08295964125560538,0.0,0.08,7.461883408071749,nan,nan
4481970,7.5,6,642,3,2,494,28,54.888888888888886,0.05668016194331984,0.045454545454545456,0.18181818181818182,7.835222672064777,nan,nan
4482888,7.5,6,647,1,0,647,94,20.21875,0.14528593508500773,0.0,0.0,7.300309119010819,nan,nan
4487550,7.5,6,653,4,3,480,40,32.359550561797754,0.08333333333333333,0.0,0.07407407407407407,7.427083333333333,nan,nan
4487946,7.5,6,710,2,1,227,35,21.28125,0.15418502202643172,0.0,0.25,7.497797356828194,nan,nan
4504164,7.5,6,649,5,5,364,31,29.513513513513512,0.08516483516483517,0.0,0.1111111111111111,14.053571428571429,nan,nan
4527487,7.5,6,671,4,5,134,8,25.125,0.05970149253731343,0.0,0.0,12.100000000000001,nan,nan
4544584,7.5,6,672,4,3,540,35,42.077922077922075,0.06481481481481481,0.0,0.16666666666666666,8.157407407407407,nan,nan
4547202,7.5,6,696,5,4,436,27,37.371428571428574,0.06192660550458716,0.0,0.047619047619047616,8.710321100917431,nan,nan
4559519,7.5,6,991,6,5,358,36,24.976744186046513,0.1005586592178771,0.0,0.09523809523809523,8.77486033519553,nan,nan
4575701,7.5,6,700,2,1,657,161,12.634615384615385,0.2450532724505327,0.0,0.03875968992248062,6.637442922374429,nan,nan
4579744,7.5,6,678,6,5,377,36,25.133333333333333,0.09549071618037135,0.0,0.07692307692307693,9.827055702917772,nan,nan
4605892,7.5,6,678,2,3,41,2,20.5,0.04878048780487805,0.0,0.0,21.190243902439022,nan,nan
4668185,7.5,6,641,7,6,372,44,20.666666666666668,0.11827956989247312,0.0,0.06451612903225806,9.847849462365591,nan,nan
4705097,7.5,6,659,4,4,451,37,35.60526315789474,0.082039911308204,0.0,0.3333333333333333,7.2319290465631925,nan,nan
4724133,7.5,6,650,4,4,454,45,26.446601941747574,0.09911894273127753,0.0,0.02564102564102564,7.4482378854625555,nan,nan
4749525,7.5,6,805,3,2,526,31,47.1044776119403,0.058935361216730035,0.0,0.10526315789473684,6.602661596958175,nan,nan
4754626,7.5,6,1144,5,4,433,39,35.108108108108105,0.09006928406466513,0.043478260869565216,0.15,7.194919168591224,nan,nan
4754956,7.5,6,647,5,4,419,57,22.854545454545455,0.1360381861575179,0.0,0.3157894736842105,8.392840095465393,nan,nan
4775763,7.5,6,718,6,5,449,32,33.25925925925926,0.07126948775055679,0.0,0.043478260869565216,7.941648106904232,nan,nan
4785421,7.5,6,773,4,4,460,28,40.588235294117645,0.06086956521739131,0.0,0.047619047619047616,6.431304347826087,nan,nan
4789937,7.5,6,678,4,4,524,37,40.30769230769231,0.07061068702290077,0.0,0.17647058823529413,7.625190839694656,nan,nan
4792515,7.5,6,705,7,6,236,12,27.23076923076923,0.05084745762711865,0.0,0.0,8.580084745762711,nan,nan
4811115,7.5,6,643,4,3,483,28,45.28125,0.057971014492753624,0.0,0.14285714285714285,6.994616977225673,nan,nan
4824328,7.5,6,688,4,3,355,21,41.76470588235294,0.059154929577464786,0.0,0.09090909090909091,6.920563380281691,nan,nan
4861227,7.5,6,710,7,6,240,20,22.153846153846153,0.08333333333333333,0.0,0.06666666666666667,6.6466666666666665,nan,nan
4861687,7.5,6,746,8,7,302,45,17.257142857142856,0.1490066225165563,0.0,0.2777777777777778,6.921854304635762,nan,nan
4862222,7.5,6,670,4,3,486,63,21.130434782608695,0.12962962962962962,0.0,0.017543859649122806,5.507201646090535,nan,nan
4862380,7.5,6,660,3,2,522,38,40.675324675324674,0.07279693486590039,0.0,0.16666666666666666,5.384099616858237,nan,nan
4865550,7.5,6,642,5,5,382,55,20.105263157894736,0.14397905759162305,0.0,0.13793103448275862,6.104973821989528,nan,nan
4865558,7.5,6,649,5,4,503,86,18.180722891566266,0.1709741550695825,0.0,0.13953488372093023,6.84234592445328,nan,nan
4912927,7.5,6,674,2,1,638,153,12.717607973421927,0.23981191222570533,0.0,0.022727272727272728,5.7642633228840126,nan,nan
4915833,7.5,6,675,4,3,479,58,26.12727272727273,0.12108559498956159,0.0,0.22727272727272727,7.763256784968685,nan,nan
4940890,7.5,6,683,3,2,530,52,33.125,0.09811320754716982,0.0,0.19047619047619047,7.488490566037736,nan,nan
5244934,7.5,6,656,6,6,274,18,29.357142857142858,0.06569343065693431,0.0,0.09090909090909091,8.57919708029197,nan,nan
5351422,7.5,6,654,4,3,487,58,25.408695652173915,0.11909650924024641,0.0,0.13333333333333333,8.408829568788502,nan,nan
5477477,7.5,6,678,2,2,586,118,20.80473372781065,0.20136518771331058,0.02,0.6,9.311433447098976,nan,nan
5499001,7.5,6,670,2,1,632,115,22.17543859649123,0.1819620253164557,0.0,0.25925925925925924,9.097310126582279,nan,nan
5503058,7.5,6,916,6,5,414,43,28.88372093023256,0.10386473429951691,0.0,0.2727272727272727,11.603623188405797,nan,nan
5503168,7.5,6,695,6,5,336,14,38.76923076923077,0.041666666666666664,0.0,0.0,10.081845238095237,nan,nan
5503359,7.5,6,716,6,6,319,17,33.0,0.05329153605015674,0.0,0.0,10.347335423197492,nan,nan
5540718,7.5,6,663,6,6,333,32,23.50588235294118,0.0960960960960961,0.0,0.038461538461538464,6.459159159159159,nan,nan
5540722,7.5,6,691,5,5,426,23,43.32203389830509,0.0539906103286385,0.0,0.16666666666666666,5.623943661971832,nan,nan
5540733,7.5,6,641,4,3,490,37,37.21518987341772,0.07551020408163266,0.0,0.16666666666666666,5.744081632653061,nan,nan
5540847,7.5,6,869,6,6,375,23,34.09090909090909,0.06133333333333333,0.0,0.058823529411764705,6.108266666666666,nan,nan
5547018,7.5,6,649,6,5,388,52,19.728813559322035,0.13402061855670103,0.0,0.05405405405405406,6.393298969072164,nan,nan
5565253,7.5,6,670,4,5,385,18,51.333333333333336,0.046753246753246755,0.0,0.1111111111111111,6.070909090909091,nan,nan
5615881,7.5,6,1051,6,6,357,34,25.2,0.09523809523809523,0.0,0.09090909090909091,7.192436974789915,nan,nan
5615968,7.5,6,642,6,5,378,59,18.9,0.15608465608465608,0.0,0.14285714285714285,6.775661375661375,nan,nan
5615986,7.5,6,685,5,4,343,29,29.4,0.08454810495626822,0.0,0.13333333333333333,7.148104956268222,nan,nan
5615988,7.5,6,671,6,5,356,31,27.74025974025974,0.08707865168539326,0.0,0.11764705882352941,7.423314606741573,nan,nan
5616015,7.5,6,657,2,1,624,108,23.4,0.17307692307692307,0.0,0.43478260869565216,6.681570512820513,nan,nan
5633515,7.5,6,663,6,5,410,34,26.73913043478261,0.08292682926829269,0.0,0.0,6.9782926829268295,nan,nan
5692189,7.5,6,1527,6,5,401,33,27.655172413793103,0.08229426433915212,0.0,0.03571428571428571,10.704488778054863,nan,nan
5705278,7.5,6,643,8,7,323,37,18.28301886792453,0.11455108359133127,0.0,0.0,7.539938080495356,nan,nan
5705752,7.5,6,682,5,4,434,36,30.27906976744186,0.08294930875576037,0.0,0.08,6.443548387096774,nan,nan
5706077,7.5,6,656,5,5,382,29,31.397260273972602,0.07591623036649214,0.0,0.045454545454545456,6.201832460732984,nan,nan
5706137,7.5,6,737,7,7,173,9,22.565217391304348,0.05202312138728324,0.0,0.0,7.459537572254336,nan,nan
5715345,7.5,6,923,4,3,491,36,35.07142857142857,0.07331975560081466,0.0,0.034482758620689655,5.6963340122199595,nan,nan
5771585,7.5,6,720,6,5,355,18,35.5,0.05070422535211268,0.0,0.0,5.309014084507043,nan,nan
5771621,7.5,6,675,6,5,379,15,42.111111111111114,0.0395778364116095,0.0,0.0,4.3897097625329815,nan,nan
5772092,7.5,6,729,8,7,335,25,24.51219512195122,0.07462686567164178,0.0,0.0,4.955820895522388,nan,nan
5772102,7.5,6,725,5,4,359,20,35.9,0.055710306406685235,0.0,0.0,4.286908077994429,nan,nan
5772192,7.5,6,706,7,6,381,27,28.936708860759495,0.07086614173228346,0.0,0.047619047619047616,6.535433070866142,nan,nan
5874746,7.5,6,729,6,6,364,28,29.91780821917808,0.07692307692307693,0.0,0.11764705882352941,3.989010989010989,nan,nan
5874767,7.5,6,1278,8,7,245,14,24.5,0.05714285714285714,0.0,0.0,5.897142857142857,nan,nan
5874769,7.5,6,649,6,6,322,19,31.161290322580644,0.059006211180124224,0.0,0.0,5.08664596273292,nan,nan
5874787,7.5,6,1064,5,5,225,15,27.0,0.06666666666666667,0.0,0.0,6.575555555555556,nan,nan
5875173,7.5,6,712,4,4,95,5,21.923076923076923,0.05263157894736842,0.0,0.0,6.585263157894737,nan,nan
5882173,7.5,6,665,8,7,273,29,19.975609756097562,0.10622710622710622,0.0,0.11764705882352941,4.0827838827838825,nan,nan
5969330,7.5,6,721,6,5,459,95,12.869158878504672,0.20697167755991286,0.0,0.0,6.544880174291939,nan,nan
5969331,7.5,6,706,6,5,359,35,26.925,0.09749303621169916,0.0,0.2,6.748189415041782,nan,nan
5969362,7.5,6,672,5,5,449,27,36.4054054054054,0.060133630289532294,0.0,0.0,6.2458797327394215,nan,nan
6058407,7.5,6,696,7,7,329,46,16.871794871794872,0.1398176291793313,0.0,0.025,7.160486322188451,nan,nan
6062407,7.5,6,666,7,6,333,30,24.975,0.09009009009009009,0.0,0.1111111111111111,7.167267267267267,nan,nan
6109129,7.5,6,721,4,3,482,23,51.642857142857146,0.04771784232365145,0.0,0.06666666666666667,5.690041493775934,nan,nan
6148097,7.5,6,725,4,4,458,49,28.329896907216494,0.10698689956331878,0.0,0.18181818181818182,6.27707423580786,nan,nan
6148143,7.5,6,677,5,4,437,29,34.96,0.06636155606407322,0.0,0.041666666666666664,6.201601830663615,nan,nan
6148208,7.5,6,646,3,3,319,45,20.147368421052633,0.14106583072100312,0.0,0.02857142857142857,7.127899686520377,nan,nan
6190357,7.5,6,710,2,2,494,32,47.806451612903224,0.06477732793522267,0.0,0.125,5.588056680161944,nan,nan
6193396,7.5,6,658,6,5,370,13,44.4,0.03513513513513514,0.0,0.0,8.078918918918918,nan,nan
6193436,7.5,6,666,5,6,94,10,15.243243243243244,0.10638297872340426,0.0,0.2,10.727659574468085,nan,nan
4216956,7.5,7,910,6,5,363,42,20.166666666666668,0.11570247933884298,0.0,0.0,5.858126721763085,nan,nan
4272243,7.5,7,646,2,1,600,124,14.342629482071713,0.20666666666666667,0.0,0.008620689655172414,6.765666666666667,nan,nan
4344977,7.5,7,1187,5,5,384,66,16.0,0.171875,0.0,0.038461538461538464,8.226822916666666,nan,nan
4350946,7.5,7,690,5,5,394,21,38.12903225806452,0.0532994923857868,0.0,0.0,6.971065989847715,nan,nan
4351935,7.5,7,775,6,5,369,29,27.0,0.07859078590785908,0.0,0.0,8.443902439024392,nan,nan
4352377,7.5,7,716,5,4,428,31,31.317073170731707,0.07242990654205607,0.0,0.0,6.539953271028037,nan,nan
4358853,7.5,7,666,4,3,528,25,48.0,0.04734848484848485,0.0,0.0,5.762310606060606,nan,nan
4359232,7.5,7,681,3,2,590,145,11.95945945945946,0.2457627118644068,0.0,0.007352941176470588,6.624915254237288,nan,nan
4370045,7.5,7,720,4,3,467,66,22.78048780487805,0.14132762312633834,0.0,0.13793103448275862,7.058672376873662,nan,nan
4389353,7.5,7,650,5,4,462,62,22.90909090909091,0.1341991341991342,0.0,0.2,8.06904761904762,nan,nan
4389414,7.5,7,645,5,5,422,49,25.575757575757574,0.11611374407582939,0.0,0.125,7.951895734597156,nan,nan
4392729,7.5,7,652,4,3,478,46,29.26530612244898,0.09623430962343096,0.0,0.06666666666666667,8.239748953974896,nan,nan
4393045,7.5,7,936,4,3,438,36,31.285714285714285,0.0821917808219178,0.0,0.034482758620689655,8.651141552511415,nan,nan
4440451,7.5,7,657,3,2,546,87,23.912408759124087,0.15934065934065933,0.0,0.14814814814814814,7.321245421245421,nan,nan
4443744,7.5,7,710,7,6,399,76,16.859154929577464,0.19047619047619047,0.0,0.0967741935483871,11.836842105263157,nan,nan
4448887,7.5,7,666,6,6,333,20,31.21875,0.06006006006006006,0.0,0.0,9.036636636636636,nan,nan
4469551,7.5,7,670,4,3,512,72,24.0,0.140625,0.0,0.19230769230769232,5.8380859375,nan,nan
4472905,7.5,7,816,4,3,463,43,32.68235294117647,0.09287257019438445,0.0,0.15789473684210525,6.793520518358531,nan,nan
4473229,7.5,7,673,4,4,446,37,29.733333333333334,0.08295964125560538,0.0,0.0,7.554932735426009,nan,nan
4481970,7.5,7,642,3,2,494,28,52.92857142857143,0.05668016194331984,0.0,0.18181818181818182,7.173481781376518,nan,nan
4482888,7.5,7,647,1,0,647,94,25.045161290322582,0.14528593508500773,0.0,0.08888888888888889,7.114374034003091,nan,nan
4487550,7.5,7,653,4,3,480,40,31.304347826086957,0.08333333333333333,0.0,0.030303030303030304,8.316666666666666,nan,nan
4487946,7.5,7,710,2,1,227,35,21.28125,0.15418502202643172,0.0,0.25,8.640528634361234,nan,nan
4504164,7.5,7,649,5,5,364,31,29.91780821917808,0.08516483516483517,0.0,0.11764705882352941,10.386813186813187,nan,nan
4527487,7.5,7,671,4,5,134,8,25.125,0.05970149253731343,0.0,0.0,9.235820895522387,nan,nan
4544584,7.5,7,672,4,3,540,35,37.674418604651166,0.06481481481481481,0.0,0.0,8.236851851851851,nan,nan
4547202,7.5,7,696,5,4,436,27,37.371428571428574,0.06192660550458716,0.0,0.047619047619047616,7.827522935779817,nan,nan
4559519,7.5,7,991,6,5,358,36,23.347826086956523,0.1005586592178771,0.0,0.034482758620689655,6.623463687150838,nan,nan
4575701,7.5,7,700,2,1,657,161,11.945454545454545,0.2450532724505327,0.0,0.0,6.289193302891933,nan,nan
4579744,7.5,7,678,6,5,377,36,23.5625,0.09549071618037135,0.0,0.0,9.483023872679045,nan,nan
4605892,7.5,7,678,2,3,41,2,20.5,0.04878048780487805,0.0,0.0,15.163414634146342,nan,nan
4668185,7.5,7,641,7,6,372,44,19.928571428571427,0.11827956989247312,0.0,0.02702702702702703,9.85779569892473,nan,nan
4705097,7.5,7,659,4,4,451,37,35.142857142857146,0.082039911308204,0.0,0.1875,6.738137472283814,nan,nan
4724133,7.5,7,650,4,4,454,45,25.69811320754717,0.09911894273127753,0.0,0.0,7.2878854625550655,nan,nan
4749525,7.5,7,805,3,2,526,31,45.08571428571429,0.058935361216730035,0.0,0.04,6.4328897338403035,nan,nan
4754626,7.5,7,1144,5,4,433,39,28.866666666666667,0.09006928406466513,0.0,0.08,7.325635103926097,nan,nan
4754956,7.5,7,647,5,4,419,57,21.860869565217392,0.1360381861575179,0.0,0.0967741935483871,8.268496420047732,nan,nan
4775763,7.5,7,718,6,5,449,32,33.25925925925926,0.07126948775055679,0.0,0.043478260869565216,7.619599109131403,nan,nan
4785421,7.5,7,773,4,4,460,28,38.333333333333336,0.06086956521739131,0.0,0.0,6.059782608695652,nan,nan
4789937,7.5,7,678,4,4,524,37,36.55813953488372,0.07061068702290077,0.0,0.03225806451612903,6.799809160305343,nan,nan
4792515,7.5,7,705,7,6,236,12,27.23076923076923,0.05084745762711865,0.0,0.0,8.297881355932203,nan,nan
4811115,7.5,7,643,4,3,483,28,40.25,0.057971014492753624,0.0,0.0,6.96583850931677,nan,nan
4824328,7.5,7,688,4,3,355,21,36.724137931034484,0.059154929577464786,0.0,0.0,6.243661971830986,nan,nan
4861227,7.5,7,710,7,6,240,20,21.176470588235293,0.08333333333333333,0.0,0.0,6.235416666666667,nan,nan
4861687,7.5,7,746,8,7,302,45,15.35593220338983,0.1490066225165563,0.0,0.02564102564102564,6.822516556291391,nan,nan
4862222,7.5,7,670,4,3,486,63,21.130434782608695,0.12962962962962962,0.0,0.017543859649122806,5.499382716049382,nan,nan
4862380,7.5,7,660,3,2,522,38,37.734939759036145,0.07279693486590039,0.0,0.03333333333333333,5.699233716475096,nan,nan
4865550,7.5,7,642,5,5,382,55,18.94214876033058,0.14397905759162305,0.0,0.05,7.361780104712041,nan,nan
4865558,7.5,7,649,5,4,503,86,17.050847457627118,0.1709741550695825,0.0,0.04838709677419355,7.811729622266402,nan,nan
4912927,7.5,7,674,2,1,638,153,12.592105263157896,0.23981191222570533,0.0,0.014492753623188406,6.984482758620691,nan,nan
4915833,7.5,7,675,4,3,479,58,26.36697247706422,0.12108559498956159,0.0,0.22727272727272727,9.28893528183716,nan,nan
4940890,7.5,7,683,3,2,530,52,33.473684210526315,0.09811320754716982,0.0,0.21052631578947367,7.163396226415094,nan,nan
5244934,7.5,7,656,6,6,274,18,29.357142857142858,0.06569343065693431,0.0,0.09090909090909091,9.833211678832118,nan,nan
5351422,7.5,7,654,4,3,487,58,27.055555555555557,0.11909650924024641,0.0,0.25,9.095893223819301,nan,nan
5477477,7.5,7,678,2,2,586,118,20.20689655172414,0.20136518771331058,0.02,0.3333333333333333,7.866723549488054,nan,nan
5499001,7.5,7,670,2,1,632,115,21.91907514450867,0.1819620253164557,0.0,0.14285714285714285,8.692246835443038,nan,nan
5503058,7.5,7,916,6,5,414,43,28.551724137931036,0.10386473429951691,0.0,0.2727272727272727,12.954347826086957,nan,nan
5503168,7.5,7,695,6,5,336,14,38.76923076923077,0.041666666666666664,0.0,0.0,10.459821428571429,nan,nan
5503359,7.5,7,716,6,6,319,17,33.0,0.05329153605015674,0.0,0.0,10.923824451410658,nan,nan
5540718,7.5,7,663,6,6,333,32,22.704545454545453,0.0960960960960961,0.0,0.0,6.844444444444444,nan,nan
5540722,7.5,7,691,5,5,426,23,41.225806451612904,0.0539906103286385,0.0,0.058823529411764705,6.196713615023475,nan,nan
5540733,7.5,7,641,4,3,490,37,37.69230769230769,0.07551020408163266,0.0,0.1,6.068979591836735,nan,nan
5540847,7.5,7,869,6,6,375,23,34.09090909090909,0.06133333333333333,0.0,0.058823529411764705,6.7376,nan,nan
5547018,7.5,7,649,6,5,388,52,19.728813559322035,0.13402061855670103,0.0,0.05405405405405406,7.040979381443299,nan,nan
5565253,7.5,7,670,4,5,385,18,51.333333333333336,0.046753246753246755,0.0,0.1111111111111111,6.6288311688311685,nan,nan
5615881,7.5,7,1051,6,6,357,34,24.34090909090909,0.09523809523809523,0.0,0.037037037037037035,7.427731092436974,nan,nan
5615968,7.5,7,642,6,5,378,59,18.9,0.15608465608465608,0.0,0.14285714285714285,6.931216931216931,nan,nan
5615986,7.5,7,685,5,4,343,29,28.583333333333332,0.08454810495626822,0.0,0.05,6.839941690962099,nan,nan
5615988,7.5,7,671,6,5,356,31,27.74025974025974,0.08707865168539326,0.0,0.11764705882352941,4.302528089887641,nan,nan
5616015,7.5,7,657,2,1,624,108,23.84713375796178,0.17307692307692307,0.0,0.5263157894736842,6.190384615384616,nan,nan
5633515,7.5,7,663,6,5,410,34,26.73913043478261,0.08292682926829269,0.0,0.0,5.955609756097561,nan,nan
5692189,7.5,7,1527,6,5,401,33,26.733333333333334,0.08229426433915212,0.0,0.0,7.790024937655861,nan,nan
5705278,7.5,7,643,8,7,323,37,18.28301886792453,0.11455108359133127,0.0,0.0,8.990092879256967,nan,nan
5705752,7.5,7,682,5,4,434,36,28.304347826086957,0.08294930875576037,0.0,0.0,6.787096774193548,nan,nan
5706077,7.5,7,656,5,5,382,29,31.397260273972602,0.07591623036649214,0.0,0.045454545454545456,6.1803664921465975,nan,nan
5706137,7.5,7,737,7,7,173,9,22.565217391304348,0.05202312138728324,0.0,0.0,9.33121387283237,nan,nan
5715345,7.5,7,923,4,3,491,36,35.07142857142857,0.07331975560081466,0.0,0.034482758620689655,5.845213849287169,nan,nan
5771585,7.5,7,720,6,5,355,18,35.5,0.05070422535211268,0.0,0.0,6.778591549295775,nan,nan
5771621,7.5,7,675,6,5,379,15,42.111111111111114,0.0395778364116095,0.0,0.0,4.925593667546174,nan,nan
5772092,7.5,7,729,8,7,335,25,24.51219512195122,0.07462686567164178,0.0,0.0,5.582686567164179,nan,nan
5772102,7.5,7,725,5,4,359,20,35.9,0.055710306406685235,0.0,0.0,5.205013927576601,nan,nan
5772192,7.5,7,706,7,6,381,27,27.878048780487806,0.07086614173228346,0.0,0.0,5.559580052493438,nan,nan
5874746,7.5,7,729,6,6,364,28,27.3,0.07692307692307693,0.0,0.0,5.396978021978022,nan,nan
5874767,7.5,7,1278,8,7,245,14,24.5,0.05714285714285714,0.0,0.0,6.37469387755102,nan,nan
5874769,7.5,7,649,6,6,322,19,31.161290322580644,0.059006211180124224,0.0,0.0,5.643788819875776,nan,nan
5874787,7.5,7,1064,5,5,225,15,27.0,0.06666666666666667,0.0,0.0,5.677777777777778,nan,nan
5875173,7.5,7,712,4,4,95,5,21.923076923076923,0.05263157894736842,0.0,0.0,7.798947368421052,nan,nan
5882173,7.5,7,665,8,7,273,29,19.975609756097562,0.10622710622710622,0.0,0.11764705882352941,8.076923076923077,nan,nan
5969330,7.5,7,721,6,5,459,95,12.869158878504672,0.20697167755991286,0.0,0.0,8.212636165577342,nan,nan
5969331,7.5,7,706,6,5,359,35,25.951807228915662,0.09749303621169916,0.0,0.1,7.78941504178273,nan,nan
5969362,7.5,7,672,5,5,449,27,36.4054054054054,0.060133630289532294,0.0,0.0,7.086191536748329,nan,nan
6058407,7.5,7,696,7,7,329,46,16.45,0.1398176291793313,0.0,0.0,7.737993920972645,nan,nan
6062407,7.5,7,666,7,6,333,30,22.704545454545453,0.09009009009009009,0.0,0.0,7.64954954954955,nan,nan
6109129,7.5,7,721,4,3,482,23,50.73684210526316,0.04771784232365145,0.0,0.0625,5.987966804979253,nan,nan
6148097,7.5,7,725,4,4,458,49,27.48,0.10698689956331878,0.0,0.1111111111111111,6.553056768558952,nan,nan
6148143,7.5,7,677,5,4,437,29,33.61538461538461,0.06636155606407322,0.0,0.0,5.4940503432494285,nan,nan
6148208,7.5,7,646,3,3,319,45,20.147368421052633,0.14106583072100312,0.0,0.02857142857142857,5.726645768025079,nan,nan
6190357,7.5,7,710,2,2,494,32,47.806451612903224,0.06477732793522267,0.0,0.125,6.114372469635628,nan,nan
6193396,7.5,7,658,6,5,370,13,44.4,0.03513513513513514,0.0,0.0,6.736486486486487,nan,nan
6193436,7.5,7,666,5,6,94,10,14.1,0.10638297872340426,0.0,0.0,12.611702127659575,nan,nan
4216956,7.5,8,910,6,5,363,42,20.166666666666668,0.11570247933884298,0.0,0.0,5.593388429752066,nan,nan
4272243,7.5,8,646,2,1,600,124,14.342629482071713,0.20666666666666667,0.0,0.008620689655172414,5.072,nan,nan
4344977,7.5,8,1187,5,5,384,66,16.340425531914892,0.171875,0.0,0.04,7.573958333333334,nan,nan
4350946,7.5,8,690,5,5,394,21,38.12903225806452,0.0532994923857868,0.0,0.0,7.455329949238579,nan,nan
4351935,7.5,8,775,6,5,369,29,27.0,0.07859078590785908,0.0,0.0,7.7439024390243905,nan,nan
4352377,7.5,8,716,5,4,428,31,31.317073170731707,0.07242990654205607,0.0,0.0,6.299065420560748,nan,nan
4358853,7.5,8,666,4,3,528,25,48.0,0.04734848484848485,0.0,0.0,5.971401515151515,nan,nan
4359232,7.5,8,681,3,2,590,145,11.95945945945946,0.2457627118644068,0.0,0.007352941176470588,7.748305084745763,nan,nan
4370045,7.5,8,720,4,3,467,66,22.78048780487805,0.14132762312633834,0.0,0.13793103448275862,9.034689507494646,nan,nan
4389353,7.5,8,650,5,4,462,62,20.842105263157894,0.1341991341991342,0.0,0.044444444444444446,8.787445887445887,nan,nan
4389414,7.5,8,645,5,5,422,49,24.58252427184466,0.11611374407582939,0.0,0.06666666666666667,8.70568720379147,nan,nan
4392729,7.5,8,652,4,3,478,46,29.26530612244898,0.09623430962343096,0.0,0.06666666666666667,8.932845188284517,nan,nan
4393045,7.5,8,936,4,3,438,36,29.863636363636363,0.0821917808219178,0.0,0.0,8.881963470319635,nan,nan
4440451,7.5,8,657,3,2,546,87,23.912408759124087,0.15934065934065933,0.0,0.14814814814814814,7.14047619047619,nan,nan
4443744,7.5,8,710,7,6,399,76,16.397260273972602,0.19047619047619047,0.0,0.05405405405405406,10.040350877192981,nan,nan
4448887,7.5,8,666,6,6,333,20,31.21875,0.06006006006006006,0.0,0.0,8.738438438438438,nan,nan
4469551,7.5,8,670,4,3,512,72,24.0,0.140625,0.0,0.19230769230769232,6.594140625,nan,nan
4472905,7.5,8,816,4,3,463,43,32.68235294117647,0.09287257019438445,0.0,0.15789473684210525,6.177105831533478,nan,nan
4473229,7.5,8,673,4,4,446,37,29.733333333333334,0.08295964125560538,0.0,0.0,6.697533632286995,nan,nan
4481970,7.5,8,642,3,2,494,28,52.0,0.05668016194331984,0.0,0.16666666666666666,5.910728744939272,nan,nan
4482888,7.5,8,647,1,0,647,94,24.41509433962264,0.14528593508500773,0.0,0.057692307692307696,5.94095826893354,nan,nan
4487550,7.5,8,653,4,3,480,40,30.0,0.08333333333333333,0.0,0.0,9.084166666666667,nan,nan
4487946,7.5,8,710,2,1,227,35,20.029411764705884,0.15418502202643172,0.0,0.10526315789473684,10.263436123348018,nan,nan
4504164,7.5,8,649,5,5,364,31,26.634146341463413,0.08516483516483517,0.0,0.0,9.601373626373627,nan,nan
4527487,7.5,8,671,4,5,134,8,25.125,0.05970149253731343,0.0,0.0,16.53134328358209,nan,nan
4544584,7.5,8,672,4,3,540,35,37.674418604651166,0.06481481481481481,0.0,0.0,6.795,nan,nan
4547202,7.5,8,696,5,4,436,27,35.351351351351354,0.06192660550458716,0.0,0.0,6.80091743119266,nan,nan
4559519,7.5,8,991,6,5,358,36,22.375,0.1005586592178771,0.0,0.0,5.662569832402235,nan,nan
4575701,7.5,8,700,2,1,657,161,11.945454545454545,0.2450532724505327,0.0,0.0,5.616438356164384,nan,nan
4579744,7.5,8,678,6,5,377,36,23.5625,0.09549071618037135,0.0,0.0,8.275596816976128,nan,nan
4605892,7.5,8,678,2,3,41,2,20.5,0.04878048780487805,0.0,0.0,14.431707317073172,nan,nan
4668185,7.5,8,641,7,6,372,44,19.24137931034483,0.11827956989247312,0.0,0.0,8.707258064516129,nan,nan
4705097,7.5,8,659,4,4,451,37,30.066666666666666,0.082039911308204,0.0,0.0,6.691574279379157,nan,nan
4724133,7.5,8,650,4,4,454,45,25.69811320754717,0.09911894273127753,0.0,0.0,5.565638766519824,nan,nan
4749525,7.5,8,805,3,2,526,31,45.73913043478261,0.058935361216730035,0.0,0.043478260869565216,6.56254752851711,nan,nan
4754626,7.5,8,1144,5,4,433,39,28.23913043478261,0.09006928406466513,0.0,0.03333333333333333,6.958198614318707,nan,nan
4754956,7.5,8,647,5,4,419,57,21.126050420168067,0.1360381861575179,0.0,0.05405405405405406,7.403579952267303,nan,nan
4775763,7.5,8,718,6,5,449,32,33.25925925925926,0.07126948775055679,0.0,0.043478260869565216,7.134075723830734,nan,nan
4785421,7.5,8,773,4,4,460,28,38.333333333333336,0.06086956521739131,0.0,0.0,6.261521739130435,nan,nan
4789937,7.5,8,678,4,4,524,37,34.93333333333333,0.07061068702290077,0.0,0.0,6.545038167938931,nan,nan
4792515,7.5,8,705,7,6,236,12,27.23076923076923,0.05084745762711865,0.0,0.0,7.622457627118645,nan,nan
4811115,7.5,8,643,4,3,483,28,40.25,0.057971014492753624,0.0,0.0,6.407660455486543,nan,nan
4824328,7.5,8,688,4,3,355,21,36.724137931034484,0.059154929577464786,0.0,0.0,6.532676056338028,nan,nan
4861227,7.5,8,710,7,6,240,20,21.176470588235293,0.08333333333333333,0.0,0.0,7.6466666666666665,nan,nan
4861687,7.5,8,746,8,7,302,45,14.852459016393443,0.1490066225165563,0.0,0.0,6.562251655629139,nan,nan
4862222,7.5,8,670,4,3,486,63,20.535211267605632,0.12962962962962962,0.0,0.0,7.646707818930041,nan,nan
4862380,7.5,8,660,3,2,522,38,37.734939759036145,0.07279693486590039,0.0,0.03333333333333333,6.24463601532567,nan,nan
4865550,7.5,8,642,5,5,382,55,18.336,0.14397905759162305,0.0,0.02127659574468085,6.126439790575917,nan,nan
4865558,7.5,8,649,5,4,503,86,16.582417582417584,0.1709741550695825,0.0,0.02857142857142857,6.285685884691849,nan,nan
4912927,7.5,8,674,2,1,638,153,12.388349514563107,0.23981191222570533,0.0,0.006896551724137931,7.236206896551724,nan,nan
4915833,7.5,8,675,4,3,479,58,23.95,0.12108559498956159,0.0,0.05,8.534029227557411,nan,nan
4940890,7.5,8,683,3,2,530,52,33.125,0.09811320754716982,0.0,0.13043478260869565,6.346981132075472,nan,nan
5244934,7.5,8,656,6,6,274,18,30.444444444444443,0.06569343065693431,0.0,0.1,10.664963503649634,nan,nan
5351422,7.5,8,654,4,3,487,58,27.30841121495327,0.11909650924024641,0.0,0.2631578947368421,9.204312114989733,nan,nan
5477477,7.5,8,678,2,2,586,118,14.711297071129707,0.20136518771331058,0.0,0.00909090909090909,7.943856655290103,nan,nan
5499001,7.5,8,670,2,1,632,115,19.151515151515152,0.1819620253164557,0.0,0.045454545454545456,7.771518987341773,nan,nan
5503058,7.5,8,916,6,5,414,43,28.551724137931036,0.10386473429951691,0.0,0.2727272727272727,11.806038647342994,nan,nan
5503168,7.5,8,695,6,5,336,14,38.76923076923077,0.041666666666666664,0.0,0.0,9.369940476190477,nan,nan
5503359,7.5,8,716,6,6,319,17,33.0,0.05329153605015674,0.0,0.0,8.903448275862068,nan,nan
5540718,7.5,8,663,6,6,333,32,22.704545454545453,0.0960960960960961,0.0,0.0,6.562762762762763,nan,nan
5540722,7.5,8,691,5,5,426,23,38.72727272727273,0.0539906103286385,0.0,0.0,6.496948356807511,nan,nan
5540733,7.5,8,641,4,3,490,37,35.853658536585364,0.07551020408163266,0.0,0.037037037037037035,6.233673469387755,nan,nan
5540847,7.5,8,869,6,6,375,23,32.142857142857146,0.06133333333333333,0.0,0.0,6.606933333333333,nan,nan
5547018,7.5,8,649,6,5,388,52,19.728813559322035,0.13402061855670103,0.0,0.05405405405405406,7.067525773195876,nan,nan
5565253,7.5,8,670,4,5,385,18,51.333333333333336,0.046753246753246755,0.0,0.1111111111111111,5.785974025974026,nan,nan
5615881,7.5,8,1051,6,6,357,34,23.282608695652176,0.09523809523809523,0.0,0.0,6.976470588235294,nan,nan
5615968,7.5,8,642,6,5,378,59,18.9,0.15608465608465608,0.0,0.14285714285714285,7.4338624338624335,nan,nan
5615986,7.5,8,685,5,4,343,29,28.583333333333332,0.08454810495626822,0.0,0.05,6.943440233236151,nan,nan
5615988,7.5,8,671,6,5,356,31,26.37037037037037,0.08707865168539326,0.0,0.043478260869565216,7.128651685393259,nan,nan
5616015,7.5,8,657,2,1,624,108,23.25465838509317,0.17307692307692307,0.0,0.36,5.8724358974358974,nan,nan
5633515,7.5,8,663,6,5,410,34,26.73913043478261,0.08292682926829269,0.0,0.0,6.169512195121952,nan,nan
5692189,7.5,8,1527,6,5,401,33,26.733333333333334,0.08229426433915212,0.0,0.0,7.200498753117207,nan,nan
5705278,7.5,8,643,8,7,323,37,18.28301886792453,0.11455108359133127,0.0,0.0,8.142724458204334,nan,nan
5705752,7.5,8,682,5,4,434,36,28.304347826086957,0.08294930875576037,0.0,0.0,6.355529953917051,nan,nan
5706077,7.5,8,656,5,5,382,29,31.397260273972602,0.07591623036649214,0.0,0.045454545454545456,5.749738219895288,nan,nan
5706137,7.5,8,737,7,7,173,9,22.565217391304348,0.05202312138728324,0.0,0.0,7.49942196531792,nan,nan
5715345,7.5,8,923,4,3,491,36,33.47727272727273,0.07331975560081466,0.0,0.0,5.805906313645621,nan,nan
5771585,7.5,8,720,6,5,355,18,35.5,0.05070422535211268,0.0,0.0,5.772957746478873,nan,nan
5771621,7.5,8,675,6,5,379,15,42.111111111111114,0.0395778364116095,0.0,0.0,4.406596306068601,nan,nan
5772092,7.5,8,729,8,7,335,25,24.51219512195122,0.07462686567164178,0.0,0.0,6.680298507462687,nan,nan
5772102,7.5,8,725,5,4,359,20,35.9,0.055710306406685235,0.0,0.0,6.56824512534819,nan,nan
5772192,7.5,8,706,7,6,381,27,27.878048780487806,0.07086614173228346,0.0,0.0,6.614435695538058,nan,nan
5874746,7.5,8,729,6,6,364,28,27.3,0.07692307692307693,0.0,0.0,5.379395604395604,nan,nan
5874767,7.5,8,1278,8,7,245,14,24.5,0.05714285714285714,0.0,0.0,4.960816326530613,nan,nan
5874769,7.5,8,649,6,6,322,19,31.161290322580644,0.059006211180124224,0.0,0.0,6.6819875776397515,nan,nan
5874787,7.5,8,1064,5,5,225,15,27.0,0.06666666666666667,0.0,0.0,6.4431111111111115,nan,nan
5875173,7.5,8,712,4,4,95,5,21.923076923076923,0.05263157894736842,0.0,0.0,7.507368421052632,nan,nan
5882173,7.5,8,665,8,7,273,29,18.2,0.10622710622710622,0.0,0.0,6.576923076923077,nan,nan
5969330,7.5,8,721,6,5,459,95,12.869158878504672,0.20697167755991286,0.0,0.0,7.803485838779957,nan,nan
5969331,7.5,8,706,6,5,359,35,25.951807228915662,0.09749303621169916,0.0,0.1,7.586908077994429,nan,nan
5969362,7.5,8,672,5,5,449,27,36.4054054054054,0.060133630289532294,0.0,0.0,6.755902004454343,nan,nan
6058407,7.5,8,696,7,7,329,46,16.45,0.1398176291793313,0.0,0.0,7.446200607902736,nan,nan
6062407,7.5,8,666,7,6,333,30,22.704545454545453,0.09009009009009009,0.0,0.0,7.378678678678678,nan,nan
6109129,7.5,8,721,4,3,482,23,50.73684210526316,0.04771784232365145,0.0,0.0625,6.279460580912863,nan,nan
6148097,7.5,8,725,4,4,458,49,26.423076923076923,0.10698689956331878,0.0,0.058823529411764705,6.716812227074236,nan,nan
6148143,7.5,8,677,5,4,437,29,33.61538461538461,0.06636155606407322,0.0,0.0,5.541647597254004,nan,nan
6148208,7.5,8,646,3,3,319,45,20.147368421052633,0.14106583072100312,0.0,0.02857142857142857,7.007836990595611,nan,nan
6190357,7.5,8,710,2,2,494,32,44.90909090909091,0.06477732793522267,0.0,0.043478260869565216,5.541295546558705,nan,nan
6193396,7.5,8,658,6,5,370,13,44.4,0.03513513513513514,0.0,0.0,6.654594594594594,nan,nan
6193436,7.5,8,666,5,6,94,10,14.1,0.10638297872340426,0.0,0.0,9.88936170212766,nan,nan
4216956,7.5,9,910,6,5,363,42,20.166666666666668,0.11570247933884298,0.0,0.0,6.456198347107438,nan,nan
4272243,7.5,9,646,2,1,600,124,14.0625,0.20666666666666667,0.0,0.0,6.396,nan,nan
4344977,7.5,9,1187,5,5,384,66,15.780821917808218,0.171875,0.0,0.017241379310344827,7.3374999999999995,nan,nan
4350946,7.5,9,690,5,5,394,21,38.12903225806452,0.0532994923857868,0.0,0.0,8.887055837563452,nan,nan
4351935,7.5,9,775,6,5,369,29,27.0,0.07859078590785908,0.0,0.0,8.42330623306233,nan,nan
4352377,7.5,9,716,5,4,428,31,31.317073170731707,0.07242990654205607,0.0,0.0,6.786448598130841,nan,nan
4358853,7.5,9,666,4,3,528,25,48.0,0.04734848484848485,0.0,0.0,5.817424242424242,nan,nan
4359232,7.5,9,681,3,2,590,145,11.95945945945946,0.2457627118644068,0.0,0.007352941176470588,6.823728813559322,nan,nan
4370045,7.5,9,720,4,3,467,66,21.890625,0.14132762312633834,0.0,0.08108108108108109,7.062740899357602,nan,nan
4389353,7.5,9,650,5,4,462,62,20.233576642335766,0.1341991341991342,0.0,0.019230769230769232,8.20930735930736,nan,nan
4389414,7.5,9,645,5,5,422,49,23.444444444444443,0.11611374407582939,0.0,0.02702702702702703,7.924170616113744,nan,nan
4392729,7.5,9,652,4,3,478,46,26.555555555555557,0.09623430962343096,0.0,0.0,6.526569037656904,nan,nan
4393045,7.5,9,936,4,3,438,36,29.863636363636363,0.0821917808219178,0.0,0.0,5.987899543378995,nan,nan
4440451,7.5,9,657,3,2,546,87,23.73913043478261,0.15934065934065933,0.0,0.0967741935483871,6.2846153846153845,nan,nan
4443744,7.5,9,710,7,6,399,76,15.85430463576159,0.19047619047619047,0.0,0.022727272727272728,9.050375939849625,nan,nan
4448887,7.5,9,666,6,6,333,20,31.21875,0.06006006006006006,0.0,0.0,8.106606606606606,nan,nan
4469551,7.5,9,670,4,3,512,72,22.26086956521739,0.140625,0.0,0.07142857142857142,6.0283203125,nan,nan
4472905,7.5,9,816,4,3,463,43,33.46987951807229,0.09287257019438445,0.0,0.16666666666666666,6.614902807775378,nan,nan
4473229,7.5,9,673,4,4,446,37,29.733333333333334,0.08295964125560538,0.0,0.0,7.591704035874439,nan,nan
4481970,7.5,9,642,3,2,494,28,49.4,0.05668016194331984,0.0,0.058823529411764705,4.661336032388664,nan,nan
4482888,7.5,9,647,1,0,647,94,24.569620253164558,0.14528593508500773,0.0,0.058823529411764705,4.244976816074189,nan,nan
4487550,7.5,9,653,4,3,480,40,30.0,0.08333333333333333,0.0,0.0,6.12,nan,nan
4487946,7.5,9,710,2,1,227,35,20.953846153846154,0.15418502202643172,0.0,0.11764705882352941,8.30704845814978,nan,nan
4504164,7.5,9,649,5,5,364,31,26.634146341463413,0.08516483516483517,0.0,0.0,7.654395604395604,nan,nan
4527487,7.5,9,671,4,5,134,8,25.125,0.05970149253731343,0.0,0.0,15.952985074626865,nan,nan
4544584,7.5,9,672,4,3,540,35,37.674418604651166,0.06481481481481481,0.0,0.0,5.637222222222222,nan,nan
4547202,7.5,9,696,5,4,436,27,35.351351351351354,0.06192660550458716,0.0,0.0,4.877752293577982,nan,nan
4559519,7.5,9,991,6,5,358,36,22.375,0.1005586592178771,0.0,0.0,6.5363128491620115,nan,nan
4575701,7.5,9,700,2,1,657,161,11.945454545454545,0.2450532724505327,0.0,0.0,7.65814307458143,nan,nan
4579744,7.5,9,678,6,5,377,36,23.5625,0.09549071618037135,0.0,0.0,9.119893899204243,nan,nan
4605892,7.5,9,678,2,3,41,2,20.5,0.04878048780487805,0.0,0.0,14.665853658536584,nan,nan
4668185,7.5,9,641,7,6,372,44,19.24137931034483,0.11827956989247312,0.0,0.0,8.331989247311828,nan,nan
4705097,7.5,9,659,4,4,451,37,30.066666666666666,0.082039911308204,0.0,0.0,6.226385809312639,nan,nan
4724133,7.5,9,650,4,4,454,45,25.69811320754717,0.09911894273127753,0.0,0.0,5.5273127753303966,nan,nan
4749525,7.5,9,805,3,2,526,31,42.648648648648646,0.058935361216730035,0.0,0.0,5.493726235741445,nan,nan
4754626,7.5,9,1144,5,4,433,39,28.23913043478261,0.09006928406466513,0.0,0.03333333333333333,5.996304849884527,nan,nan
4754956,7.5,9,647,5,4,419,57,21.126050420168067,0.1360381861575179,0.0,0.05405405405405406,6.9463007159904535,nan,nan
4775763,7.5,9,718,6,5,449,32,33.25925925925926,0.07126948775055679,0.0,0.043478260869565216,6.986859688195991,nan,nan
4785421,7.5,9,773,4,4,460,28,38.333333333333336,0.06086956521739131,0.0,0.0,6.372173913043478,nan,nan
4789937,7.5,9,678,4,4,524,37,34.93333333333333,0.07061068702290077,0.0,0.0,6.512022900763359,nan,nan
4792515,7.5,9,705,7,6,236,12,27.23076923076923,0.05084745762711865,0.0,0.0,7.8,nan,nan
4811115,7.5,9,643,4,3,483,28,40.25,0.057971014492753624,0.0,0.0,6.276811594202898,nan,nan
4824328,7.5,9,688,4,3,355,21,36.724137931034484,0.059154929577464786,0.0,0.0,6.2994366197183105,nan,nan
4861227,7.5,9,710,7,6,240,20,21.176470588235293,0.08333333333333333,0.0,0.0,7.139583333333333,nan,nan
4861687,7.5,9,746,8,7,302,45,14.852459016393443,0.1490066225165563,0.0,0.0,6.9801324503311255,nan,nan
4862222,7.5,9,670,4,3,486,63,20.535211267605632,0.12962962962962962,0.0,0.0,6.6265432098765435,nan,nan
4862380,7.5,9,660,3,2,522,38,35.59090909090909,0.07279693486590039,0.0,0.0,6.569348659003831,nan,nan
4865550,7.5,9,642,5,5,382,55,18.634146341463413,0.14397905759162305,0.0,0.021739130434782608,7.4178010471204185,nan,nan
4865558,7.5,9,649,5,4,503,86,16.225806451612904,0.1709741550695825,0.0,0.012987012987012988,6.931013916500994,nan,nan
4912927,7.5,9,674,2,1,638,153,12.469055374592834,0.23981191222570533,0.0,0.006993006993006993,5.668652037617555,nan,nan
4915833,7.5,9,675,4,3,479,58,22.992,0.12108559498956159,0.0,0.020833333333333332,7.753235908141963,nan,nan
4940890,7.5,9,683,3,2,530,52,30.576923076923077,0.09811320754716982,0.0,0.058823529411764705,7.95,nan,nan
5244934,7.5,9,656,6,6,274,18,30.444444444444443,0.06569343065693431,0.0,0.1,12.824452554744527,nan,nan
5351422,7.5,9,654,4,3,487,58,23.75609756097561,0.11909650924024641,0.0,0.021739130434782608,6.6080082135523615,nan,nan
5477477,7.5,9,678,2,2,586,118,14.40983606557377,0.20136518771331058,0.0,0.0,6.736518771331058,nan,nan
5499001,7.5,9,670,2,1,632,115,19.248730964467004,0.1819620253164557,0.0,0.045454545454545456,7.596677215189874,nan,nan
5503058,7.5,9,916,6,5,414,43,27.6,0.10386473429951691,0.0,0.1111111111111111,10.365458937198069,nan,nan
5503168,7.5,9,695,6,5,336,14,38.76923076923077,0.041666666666666664,0.0,0.0,8.698214285714286,nan,nan
5503359,7.5,9,716,6,6,319,17,33.0,0.05329153605015674,0.0,0.0,7.413479623824451,nan,nan
5540718,7.5,9,663,6,6,333,32,22.704545454545453,0.0960960960960961,0.0,0.0,5.381381381381382,nan,nan
5540722,7.5,9,691,5,5,426,23,38.72727272727273,0.0539906103286385,0.0,0.0,4.689906103286385,nan,nan
5540733,7.5,9,641,4,3,490,37,35.853658536585364,0.07551020408163266,0.0,0.037037037037037035,5.591836734693878,nan,nan
5540847,7.5,9,869,6,6,375,23,32.142857142857146,0.06133333333333333,0.0,0.0,6.257066666666667,nan,nan
5547018,7.5,9,649,6,5,388,52,18.1875,0.13402061855670103,0.0,0.0,5.506443298969073,nan,nan
5565253,7.5,9,670,4,5,385,18,51.333333333333336,0.046753246753246755,0.0,0.1111111111111111,6.027792207792207,nan,nan
5615881,7.5,9,1051,6,6,357,34,23.282608695652176,0.09523809523809523,0.0,0.0,5.130532212885154,nan,nan
5615968,7.5,9,642,6,5,378,59,16.8,0.15608465608465608,0.0,0.02040816326530612,6.915873015873015,nan,nan
5615986,7.5,9,685,5,4,343,29,26.384615384615383,0.08454810495626822,0.0,0.0,5.160641399416909,nan,nan
5615988,7.5,9,671,6,5,356,31,24.837209302325583,0.08707865168539326,0.0,0.0,7.132022471910112,nan,nan
5616015,7.5,9,657,2,1,624,108,17.82857142857143,0.17307692307692307,0.0,0.02247191011235955,6.8671474358974365,nan,nan
5633515,7.5,9,663,6,5,410,34,26.73913043478261,0.08292682926829269,0.0,0.0,6.795121951219512,nan,nan
5692189,7.5,9,1527,6,5,401,33,26.733333333333334,0.08229426433915212,0.0,0.0,8.731172069825435,nan,nan
5705278,7.5,9,643,8,7,323,37,18.28301886792453,0.11455108359133127,0.0,0.0,7.444891640866873,nan,nan
5705752,7.5,9,682,5,4,434,36,28.304347826086957,0.08294930875576037,0.0,0.0,7.5195852534562215,nan,nan
5706077,7.5,9,656,5,5,382,29,29.384615384615383,0.07591623036649214,0.0,0.0,6.303403141361256,nan,nan
5706137,7.5,9,737,7,7,173,9,22.565217391304348,0.05202312138728324,0.0,0.0,7.534682080924855,nan,nan
5715345,7.5,9,923,4,3,491,36,33.47727272727273,0.07331975560081466,0.0,0.0,5.784114052953157,nan,nan
5771585,7.5,9,720,6,5,355,18,35.5,0.05070422535211268,0.0,0.0,6.310422535211267,nan,nan
5771621,7.5,9,675,6,5,379,15,42.111111111111114,0.0395778364116095,0.0,0.0,5.892348284960422,nan,nan
5772092,7.5,9,729,8,7,335,25,24.51219512195122,0.07462686567164178,0.0,0.0,6.674328358208956,nan,nan
5772102,7.5,9,725,5,4,359,20,35.9,0.055710306406685235,0.0,0.0,6.734261838440111,nan,nan
5772192,7.5,9,706,7,6,381,27,27.878048780487806,0.07086614173228346,0.0,0.0,7.166141732283465,nan,nan
5874746,7.5,9,729,6,6,364,28,27.3,0.07692307692307693,0.0,0.0,6.503571428571429,nan,nan
5874767,7.5,9,1278,8,7,245,14,24.5,0.05714285714285714,0.0,0.0,6.790204081632653,nan,nan
5874769,7.5,9,649,6,6,322,19,31.161290322580644,0.059006211180124224,0.0,0.0,5.035714285714286,nan,nan
5874787,7.5,9,1064,5,5,225,15,27.0,0.06666666666666667,0.0,0.0,5.159111111111111,nan,nan
5875173,7.5,9,712,4,4,95,5,21.923076923076923,0.05263157894736842,0.0,0.0,5.617894736842106,nan,nan
5882173,7.5,9,665,8,7,273,29,18.2,0.10622710622710622,0.0,0.0,6.050915750915752,nan,nan
5969330,7.5,9,721,6,5,459,95,12.869158878504672,0.20697167755991286,0.0,0.0,7.303485838779957,nan,nan
5969331,7.5,9,706,6,5,359,35,24.477272727272727,0.09749303621169916,0.0,0.037037037037037035,8.25208913649025,nan,nan
5969362,7.5,9,672,5,5,449,27,36.4054054054054,0.060133630289532294,0.0,0.0,5.199109131403119,nan,nan
6058407,7.5,9,696,7,7,329,46,16.45,0.1398176291793313,0.0,0.0,5.73161094224924,nan,nan
6062407,7.5,9,666,7,6,333,30,22.704545454545453,0.09009009009009009,0.0,0.0,6.448048048048047,nan,nan
6109129,7.5,9,721,4,3,482,23,46.645161290322584,0.04771784232365145,0.0,0.0,4.9473029045643155,nan,nan
6148097,7.5,9,725,4,4,458,49,25.682242990654206,0.10698689956331878,0.0,0.025,6.443886462882096,nan,nan
6148143,7.5,9,677,5,4,437,29,33.61538461538461,0.06636155606407322,0.0,0.0,6.051029748283753,nan,nan
6148208,7.5,9,646,3,3,319,45,18.764705882352942,0.14106583072100312,0.0,0.0,6.493416927899687,nan,nan
6190357,7.5,9,710,2,2,494,32,44.90909090909091,0.06477732793522267,0.0,0.043478260869565216,6.00242914979757,nan,nan
6193396,7.5,9,658,6,5,370,13,44.4,0.03513513513513514,0.0,0.0,6.653513513513514,nan,nan
6193436,7.5,9,666,5,6,94,10,14.1,0.10638297872340426,0.0,0.0,8.586170212765957,nan,nan
4216956,7.5,10,910,6,5,363,42,20.166666666666668,0.11570247933884298,0.0,0.0,6.357575757575758,nan,nan
4272243,7.5,10,646,2,1,600,124,14.0625,0.20666666666666667,0.0,0.0,6.082666666666666,nan,nan
4344977,7.5,10,1187,5,5,384,66,15.157894736842104,0.171875,0.0,0.0,8.353645833333333,nan,nan
4350946,7.5,10,690,5,5,394,21,38.12903225806452,0.0532994923857868,0.0,0.0,8.107868020304569,nan,nan
4351935,7.5,10,775,6,5,369,29,27.0,0.07859078590785908,0.0,0.0,6.986991869918699,nan,nan
4352377,7.5,10,716,5,4,428,31,31.317073170731707,0.07242990654205607,0.0,0.0,6.107476635514018,nan,nan
4358853,7.5,10,666,4,3,528,25,48.0,0.04734848484848485,0.0,0.0,5.765530303030303,nan,nan
4359232,7.5,10,681,3,2,590,145,11.721854304635762,0.2457627118644068,0.0,0.0,7.284915254237289,nan,nan
4370045,7.5,10,720,4,3,467,66,20.91044776119403,0.14132762312633834,0.0,0.043478260869565216,8.040256959314776,nan,nan
4389353,7.5,10,650,5,4,462,62,20.233576642335766,0.1341991341991342,0.0,0.019230769230769232,7.497186147186147,nan,nan
4389414,7.5,10,645,5,5,422,49,21.45762711864407,0.11611374407582939,0.0,0.0,6.337440758293839,nan,nan
4392729,7.5,10,652,4,3,478,46,26.555555555555557,0.09623430962343096,0.0,0.0,5.808577405857741,nan,nan
4393045,7.5,10,936,4,3,438,36,29.863636363636363,0.0821917808219178,0.0,0.0,6.826255707762558,nan,nan
4440451,7.5,10,657,3,2,546,87,17.612903225806452,0.15934065934065933,0.0,0.0,6.165567765567766,nan,nan
4443744,7.5,10,710,7,6,399,76,15.151898734177216,0.19047619047619047,0.0,0.0196078431372549,8.044360902255638,nan,nan
4448887,7.5,10,666,6,6,333,20,31.21875,0.06006006006006006,0.0,0.0,8.031231231231232,nan,nan
4469551,7.5,10,670,4,3,512,72,19.2,0.140625,0.0,0.0,6.576171875,nan,nan
4472905,7.5,10,816,4,3,463,43,29.242105263157896,0.09287257019438445,0.0,0.030303030303030304,5.647516198704104,nan,nan
4473229,7.5,10,673,4,4,446,37,29.733333333333334,0.08295964125560538,0.0,0.0,4.861210762331838,nan,nan
4481970,7.5,10,642,3,2,494,28,49.4,0.05668016194331984,0.0,0.058823529411764705,5.746761133603239,nan,nan
4482888,7.5,10,647,1,0,647,94,20.21875,0.14528593508500773,0.0,0.0,6.080680061823802,nan,nan
4487550,7.5,10,653,4,3,480,40,30.0,0.08333333333333333,0.0,0.0,6.965416666666667,nan,nan
4487946,7.5,10,710,2,1,227,35,17.46153846153846,0.15418502202643172,0.0,0.0,8.837004405286343,nan,nan
4504164,7.5,10,649,5,5,364,31,26.634146341463413,0.08516483516483517,0.0,0.0,8.860164835164834,nan,nan
4527487,7.5,10,671,4,5,134,8,25.125,0.05970149253731343,0.0,0.0,10.985074626865671,nan,nan
4544584,7.5,10,672,4,3,540,35,37.674418604651166,0.06481481481481481,0.0,0.0,5.171111111111111,nan,nan
4547202,7.5,10,696,5,4,436,27,35.351351351351354,0.06192660550458716,0.0,0.0,6.409403669724771,nan,nan
4559519,7.5,10,991,6,5,358,36,22.375,0.1005586592178771,0.0,0.0,6.236592178770949,nan,nan
4575701,7.5,10,700,2,1,657,161,11.945454545454545,0.2450532724505327,0.0,0.0,6.119482496194825,nan,nan
4579744,7.5,10,678,6,5,377,36,23.5625,0.09549071618037135,0.0,0.0,7.719893899204244,nan,nan
4605892,7.5,10,678,2,3,41,2,20.5,0.04878048780487805,0.0,0.0,13.390243902439025,nan,nan
4668185,7.5,10,641,7,6,372,44,19.24137931034483,0.11827956989247312,0.0,0.0,7.98010752688172,nan,nan
4705097,7.5,10,659,4,4,451,37,30.066666666666666,0.082039911308204,0.0,0.0,6.275831485587584,nan,nan
4724133,7.5,10,650,4,4,454,45,25.69811320754717,0.09911894273127753,0.0,0.0,5.806828193832599,nan,nan
4749525,7.5,10,805,3,2,526,31,42.648648648648646,0.058935361216730035,0.0,0.0,5.822433460076046,nan,nan
4754626,7.5,10,1144,5,4,433,39,26.510204081632654,0.09006928406466513,0.0,0.0,5.489376443418014,nan,nan
4754956,7.5,10,647,5,4,419,57,20.112,0.1360381861575179,0.0,0.021739130434782608,6.720286396181384,nan,nan
4775763,7.5,10,718,6,5,449,32,30.613636363636363,0.07126948775055679,0.0,0.0,7.612694877505568,nan,nan
4785421,7.5,10,773,4,4,460,28,38.333333333333336,0.06086956521739131,0.0,0.0,6.902826086956522,nan,nan
4789937,7.5,10,678,4,4,524,37,34.93333333333333,0.07061068702290077,0.0,0.0,5.969847328244274,nan,nan
4792515,7.5,10,705,7,6,236,12,27.23076923076923,0.05084745762711865,0.0,0.0,6.691525423728813,nan,nan
4811115,7.5,10,643,4,3,483,28,40.25,0.057971014492753624,0.0,0.0,4.757556935817806,nan,nan
4824328,7.5,10,688,4,3,355,21,36.724137931034484,0.059154929577464786,0.0,0.0,5.587323943661972,nan,nan
4861227,7.5,10,710,7,6,240,20,21.176470588235293,0.08333333333333333,0.0,0.0,7.2283333333333335,nan,nan
4861687,7.5,10,746,8,7,302,45,14.852459016393443,0.1490066225165563,0.0,0.0,7.283443708609271,nan,nan
4862222,7.5,10,670,4,3,486,63,20.535211267605632,0.12962962962962962,0.0,0.0,5.86440329218107,nan,nan
4862380,7.5,10,660,3,2,522,38,35.59090909090909,0.07279693486590039,0.0,0.0,5.140613026819923,nan,nan
4865550,7.5,10,642,5,5,382,55,18.634146341463413,0.14397905759162305,0.0,0.021739130434782608,7.041884816753926,nan,nan
4865558,7.5,10,649,5,4,503,86,15.71875,0.1709741550695825,0.0,0.0,7.336978131212724,nan,nan
4912927,7.5,10,674,2,1,638,153,12.469055374592834,0.23981191222570533,0.0,0.006993006993006993,5.426645768025078,nan,nan
4915833,7.5,10,675,4,3,479,58,22.992,0.12108559498956159,0.0,0.020833333333333332,8.95240083507307,nan,nan
4940890,7.5,10,683,3,2,530,52,29.7196261682243,0.09811320754716982,0.0,0.025,6.714150943396226,nan,nan
5244934,7.5,10,656,6,6,274,18,27.4,0.06569343065693431,0.0,0.0,12.457299270072994,nan,nan
5351422,7.5,10,654,4,3,487,58,25.408695652173915,0.11909650924024641,0.0,0.05714285714285714,8.16652977412731,nan,nan
5477477,7.5,10,678,2,2,586,118,14.40983606557377,0.20136518771331058,0.0,0.0,7.195051194539249,nan,nan
5499001,7.5,10,670,2,1,632,115,18.679802955665025,0.1819620253164557,0.0,0.02702702702702703,5.759018987341772,nan,nan
5503058,7.5,10,916,6,5,414,43,27.6,0.10386473429951691,0.0,0.1111111111111111,9.760628019323672,nan,nan
5503168,7.5,10,695,6,5,336,14,38.76923076923077,0.041666666666666664,0.0,0.0,8.691369047619048,nan,nan
5503359,7.5,10,716,6,6,319,17,33.0,0.05329153605015674,0.0,0.0,6.55987460815047,nan,nan
5540718,7.5,10,663,6,6,333,32,22.704545454545453,0.0960960960960961,0.0,0.0,5.5375375375375375,nan,nan
5540722,7.5,10,691,5,5,426,23,38.72727272727273,0.0539906103286385,0.0,0.0,5.102582159624412,nan,nan
5540733,7.5,10,641,4,3,490,37,35.853658536585364,0.07551020408163266,0.0,0.037037037037037035,5.238571428571428,nan,nan
5540847,7.5,10,869,6,6,375,23,32.142857142857146,0.06133333333333333,0.0,0.0,7.324,nan,nan
5547018,7.5,10,649,6,5,388,52,18.1875,0.13402061855670103,0.0,0.0,5.772938144329897,nan,nan
5565253,7.5,10,670,4,5,385,18,51.333333333333336,0.046753246753246755,0.0,0.1111111111111111,5.65974025974026,nan,nan
5615881,7.5,10,1051,6,6,357,34,23.282608695652176,0.09523809523809523,0.0,0.0,4.5,nan,nan
5615968,7.5,10,642,6,5,378,59,16.8,0.15608465608465608,0.0,0.02040816326530612,5.555026455026455,nan,nan
5615986,7.5,10,685,5,4,343,29,26.384615384615383,0.08454810495626822,0.0,0.0,5.883965014577259,nan,nan
5615988,7.5,10,671,6,5,356,31,24.837209302325583,0.08707865168539326,0.0,0.0,6.187078651685393,nan,nan
5616015,7.5,10,657,2,1,624,108,17.333333333333332,0.17307692307692307,0.0,0.01020408163265306,5.66698717948718,nan,nan
5633515,7.5,10,663,6,5,410,34,26.73913043478261,0.08292682926829269,0.0,0.0,7.056097560975609,nan,nan
5692189,7.5,10,1527,6,5,401,33,26.733333333333334,0.08229426433915212,0.0,0.0,6.702743142144639,nan,nan
5705278,7.5,10,643,8,7,323,37,18.28301886792453,0.11455108359133127,0.0,0.0,6.427244582043343,nan,nan
5705752,7.5,10,682,5,4,434,36,28.304347826086957,0.08294930875576037,0.0,0.0,5.791705069124424,nan,nan
5706077,7.5,10,656,5,5,382,29,29.384615384615383,0.07591623036649214,0.0,0.0,6.13717277486911,nan,nan
5706137,7.5,10,737,7,7,173,9,22.565217391304348,0.05202312138728324,0.0,0.0,7.927167630057804,nan,nan
5715345,7.5,10,923,4,3,491,36,33.47727272727273,0.07331975560081466,0.0,0.0,6.368635437881874,nan,nan
5771585,7.5,10,720,6,5,355,18,35.5,0.05070422535211268,0.0,0.0,6.48169014084507,nan,nan
5771621,7.5,10,675,6,5,379,15,42.111111111111114,0.0395778364116095,0.0,0.0,5.837994722955145,nan,nan
5772092,7.5,10,729,8,7,335,25,24.51219512195122,0.07462686567164178,0.0,0.0,6.679402985074627,nan,nan
5772102,7.5,10,725,5,4,359,20,35.9,0.055710306406685235,0.0,0.0,6.153481894150418,nan,nan
5772192,7.5,10,706,7,6,381,27,27.878048780487806,0.07086614173228346,0.0,0.0,6.383989501312336,nan,nan
5874746,7.5,10,729,6,6,364,28,27.3,0.07692307692307693,0.0,0.0,5.681318681318682,nan,nan
5874767,7.5,10,1278,8,7,245,14,24.5,0.05714285714285714,0.0,0.0,6.975918367346939,nan,nan
5874769,7.5,10,649,6,6,322,19,31.161290322580644,0.059006211180124224,0.0,0.0,5.980434782608696,nan,nan
5874787,7.5,10,1064,5,5,225,15,27.0,0.06666666666666667,0.0,0.0,5.2155555555555555,nan,nan
5875173,7.5,10,712,4,4,95,5,21.923076923076923,0.05263157894736842,0.0,0.0,7.604210526315789,nan,nan
5882173,7.5,10,665,8,7,273,29,18.2,0.10622710622710622,0.0,0.0,6.8959706959706955,nan,nan
5969330,7.5,10,721,6,5,459,95,12.869158878504672,0.20697167755991286,0.0,0.0,7.749673202614379,nan,nan
5969331,7.5,10,706,6,5,359,35,22.914893617021278,0.09749303621169916,0.0,0.0,7.4760445682451255,nan,nan
5969362,7.5,10,672,5,5,449,27,36.4054054054054,0.060133630289532294,0.0,0.0,5.540311804008908,nan,nan
6058407,7.5,10,696,7,7,329,46,16.45,0.1398176291793313,0.0,0.0,5.386018237082067,nan,nan
6062407,7.5,10,666,7,6,333,30,22.704545454545453,0.09009009009009009,0.0,0.0,5.952252252252252,nan,nan
6109129,7.5,10,721,4,3,482,23,46.645161290322584,0.04771784232365145,0.0,0.0,5.382780082987552,nan,nan
6148097,7.5,10,725,4,4,458,49,25.682242990654206,0.10698689956331878,0.0,0.025,5.996069868995633,nan,nan
6148143,7.5,10,677,5,4,437,29,33.61538461538461,0.06636155606407322,0.0,0.0,5.135240274599542,nan,nan
6148208,7.5,10,646,3,3,319,45,18.764705882352942,0.14106583072100312,0.0,0.0,5.541692789968652,nan,nan
6190357,7.5,10,710,2,2,494,32,41.166666666666664,0.06477732793522267,0.0,0.0,4.937044534412956,nan,nan
6193396,7.5,10,658,6,5,370,13,44.4,0.03513513513513514,0.0,0.0,5.735675675675675,nan,nan
6193436,7.5,10,666,5,6,94,10,14.1,0.10638297872340426,0.0,0.0,8.640425531914895,nan,nan
4216956,10.0,2,910,6,5,363,37,24.2,0.10192837465564739,0.0,0.5,4.498347107438017,nan,nan
4272243,10.0,2,646,2,1,600,119,15.189873417721518,0.19833333333333333,0.0,0.09302325581395349,6.318666666666666,nan,nan
4344977,10.0,2,1187,5,5,384,66,16.457142857142856,0.171875,0.0,0.9333333333333333,7.755208333333333,nan,nan
4350946,10.0,2,690,5,5,394,17,44.60377358490566,0.04314720812182741,0.0,0.8333333333333334,8.018020304568529,nan,nan
4351935,10.0,2,775,6,5,369,28,32.08695652173913,0.07588075880758807,0.0,0.7142857142857143,7.454471544715447,nan,nan
4352377,10.0,2,716,5,4,428,28,37.76470588235294,0.06542056074766354,0.0,0.625,6.145327102803738,nan,nan
4358853,10.0,2,666,4,3,528,21,62.11764705882353,0.03977272727272727,0.05263157894736842,0.8,5.682765151515151,nan,nan
4359232,10.0,2,681,3,2,590,141,12.826086956521738,0.23898305084745763,0.007246376811594203,0.07920792079207921,7.923898305084746,nan,nan
4370045,10.0,2,720,4,3,467,64,23.94871794871795,0.13704496788008566,0.0,0.8181818181818182,7.731691648822269,nan,nan
4389353,10.0,2,650,5,4,462,60,23.294117647058822,0.12987012987012986,0.0,0.8333333333333334,9.783766233766235,nan,nan
4389414,10.0,2,645,5,5,422,48,25.575757575757574,0.11374407582938388,0.0,0.8,10.091943127962086,nan,nan
4392729,10.0,2,652,4,3,478,43,35.407407407407405,0.0899581589958159,0.02702702702702703,0.875,9.140167364016737,nan,nan
4393045,10.0,2,936,4,3,438,34,34.578947368421055,0.0776255707762557,0.06896551724137931,0.875,8.787671232876713,nan,nan
4440451,10.0,2,657,3,2,546,83,26.634146341463413,0.152014652014652,0.05194805194805195,1.0,8.05018315018315,nan,nan
4443744,10.0,2,710,7,6,399,72,17.474452554744527,0.18045112781954886,0.0,0.9090909090909091,11.510776942355891,nan,nan
4448887,10.0,2,666,6,6,333,16,35.05263157894737,0.04804804804804805,0.06666666666666667,0.5714285714285714,13.45945945945946,nan,nan
4469551,10.0,2,670,4,3,512,70,30.415841584158414,0.13671875,0.07142857142857142,0.9090909090909091,9.5212890625,nan,nan
4472905,10.0,2,816,4,3,463,39,35.164556962025316,0.08423326133909287,0.0,0.875,7.870410367170626,nan,nan
4473229,10.0,2,673,4,4,446,35,31.11627906976744,0.07847533632286996,0.0,0.8181818181818182,8.294394618834081,nan,nan
4481970,10.0,2,642,3,2,494,26,52.0,0.05263157894736842,0.0,1.0,7.633198380566802,nan,nan
4482888,10.0,2,647,1,0,647,89,27.928057553956833,0.1375579598145286,0.0,0.34782608695652173,7.0230293663060275,nan,nan
4487550,10.0,2,653,4,3,480,37,35.1219512195122,0.07708333333333334,0.027777777777777776,1.0,8.65625,nan,nan
4487946,10.0,2,710,2,1,227,32,20.328358208955223,0.14096916299559473,0.1111111111111111,0.8571428571428571,8.532599118942732,nan,nan
4504164,10.0,2,649,5,5,364,28,28.736842105263158,0.07692307692307693,0.0,0.8888888888888888,6.738461538461539,nan,nan
4527487,10.0,2,671,4,5,134,7,26.8,0.05223880597014925,0.0,0.25,9.667910447761194,nan,nan
4544584,10.0,2,672,4,3,540,31,51.42857142857143,0.05740740740740741,0.0,1.0,9.754074074074074,nan,nan
4547202,10.0,2,696,5,4,436,25,36.84507042253521,0.05733944954128441,0.0,0.7777777777777778,9.288073394495413,nan,nan
4559519,10.0,2,991,6,5,358,31,28.64,0.08659217877094973,0.03571428571428571,0.8571428571428571,9.091061452513966,nan,nan
4575701,10.0,2,700,2,1,657,158,17.365638766519822,0.2404870624048706,0.036231884057971016,0.9444444444444444,7.243531202435312,nan,nan
4579744,10.0,2,678,6,5,377,29,29.0,0.07692307692307693,0.0,0.7777777777777778,10.015119363395225,nan,nan
4605892,10.0,2,678,2,3,41,2,20.5,0.04878048780487805,0.0,0.0,14.870731707317074,nan,nan
4668185,10.0,2,641,7,6,372,41,22.775510204081634,0.11021505376344086,0.025,0.7777777777777778,11.455913978494625,nan,nan
4705097,10.0,2,659,4,4,451,34,36.567567567567565,0.07538802660753881,0.0,1.0,8.90509977827051,nan,nan
4724133,10.0,2,650,4,4,454,40,37.31506849315068,0.0881057268722467,0.0,0.5714285714285714,7.940969162995595,nan,nan
4749525,10.0,2,805,3,2,526,21,61.88235294117647,0.039923954372623575,0.0,1.0,7.261216730038023,nan,nan
4754626,10.0,2,1144,5,4,433,35,31.682926829268293,0.08083140877598152,0.03125,1.0,8.831870669745959,nan,nan
4754956,10.0,2,647,5,4,419,53,23.27777777777778,0.12649164677804295,0.0,0.75,7.748210023866348,nan,nan
4775763,10.0,2,718,6,5,449,28,36.4054054054054,0.062360801781737196,0.0,0.75,8.955456570155903,nan,nan
4785421,10.0,2,773,4,4,460,20,50.18181818181818,0.043478260869565216,0.05555555555555555,0.8333333333333334,7.8028260869565225,nan,nan
4789937,10.0,2,678,4,4,524,30,44.91428571428571,0.05725190839694656,0.0,1.0,8.858396946564886,nan,nan
4792515,10.0,2,705,7,6,236,10,28.897959183673468,0.0423728813559322,0.0,0.2857142857142857,10.88093220338983,nan,nan
4811115,10.0,2,643,4,3,483,27,46.0,0.055900621118012424,0.0,0.8571428571428571,7.011801242236024,nan,nan
4824328,10.0,2,688,4,3,355,20,42.6,0.056338028169014086,0.0,0.8,6.739999999999999,nan,nan
4861227,10.0,2,710,7,6,240,20,21.818181818181817,0.08333333333333333,0.0,0.7142857142857143,9.814583333333333,nan,nan
4861687,10.0,2,746,8,7,302,43,16.934579439252335,0.1423841059602649,0.02564102564102564,0.9090909090909091,10.728476821192054,nan,nan
4862222,10.0,2,670,4,3,486,59,22.78125,0.12139917695473251,0.0,0.20588235294117646,7.631687242798354,nan,nan
4862380,10.0,2,660,3,2,522,32,48.9375,0.06130268199233716,0.0,0.8333333333333334,7.119157088122605,nan,nan
4865550,10.0,2,642,5,5,382,51,20.836363636363636,0.13350785340314136,0.0,0.9166666666666666,9.059424083769633,nan,nan
4865558,10.0,2,649,5,4,503,80,18.8625,0.15904572564612326,0.025974025974025976,1.0,8.165407554671967,nan,nan
4912927,10.0,2,674,2,1,638,147,15.560975609756097,0.2304075235109718,0.007751937984496124,0.14473684210526316,6.9896551724137925,nan,nan
4915833,10.0,2,675,4,3,479,55,26.36697247706422,0.11482254697286012,0.018867924528301886,1.0,6.913778705636743,nan,nan
4940890,10.0,2,683,3,2,530,48,34.94505494505494,0.09056603773584905,0.02127659574468085,1.0,7.138679245283019,nan,nan
5244934,10.0,2,656,6,6,274,16,32.88,0.058394160583941604,0.0,0.3333333333333333,11.326277372262775,nan,nan
5351422,10.0,2,654,4,3,487,52,29.22,0.10677618069815195,0.0,0.8888888888888888,9.484188911704312,nan,nan
5477477,10.0,2,678,2,2,586,118,17.151219512195123,0.20136518771331058,0.0,0.22448979591836735,7.543686006825939,nan,nan
5499001,10.0,2,670,2,1,632,110,20.497297297297298,0.17405063291139242,0.0,0.35294117647058826,7.5776898734177225,nan,nan
5503058,10.0,2,916,6,5,414,42,30.666666666666668,0.10144927536231885,0.02702702702702703,0.5,10.502173913043478,nan,nan
5503168,10.0,2,695,6,5,336,16,35.36842105263158,0.047619047619047616,0.0,0.5714285714285714,10.100297619047618,nan,nan
5503359,10.0,2,716,6,6,319,15,36.113207547169814,0.047021943573667714,0.0,0.42857142857142855,10.54075235109718,nan,nan
5540718,10.0,2,663,6,6,333,32,24.666666666666668,0.0960960960960961,0.0,1.0,8.738438438438438,nan,nan
5540722,10.0,2,691,5,5,426,22,44.8421052631579,0.051643192488262914,0.0,1.0,6.689201877934272,nan,nan
5540733,10.0,2,641,4,3,490,30,42.0,0.061224489795918366,0.0,1.0,5.742857142857143,nan,nan
5540847,10.0,2,869,6,6,375,17,42.45283018867924,0.04533333333333334,0.0,0.5,5.941866666666666,nan,nan
5547018,10.0,2,649,6,5,388,50,21.357798165137616,0.12886597938144329,0.0,0.9090909090909091,6.973711340206186,nan,nan
5565253,10.0,2,670,4,5,385,17,51.333333333333336,0.04415584415584416,0.0,0.75,6.66025974025974,nan,nan
5615881,10.0,2,1051,6,6,357,31,27.46153846153846,0.08683473389355742,0.0,0.6666666666666666,8.269467787114845,nan,nan
5615968,10.0,2,642,6,5,378,56,19.721739130434784,0.14814814814814814,0.0,1.0,9.367460317460317,nan,nan
5615986,10.0,2,685,5,4,343,28,31.181818181818183,0.08163265306122448,0.0,0.8333333333333334,8.566763848396501,nan,nan
5615988,10.0,2,671,6,5,356,28,29.666666666666668,0.07865168539325842,0.0,0.625,7.923595505617978,nan,nan
5616015,10.0,2,657,2,1,624,105,23.4,0.16826923076923078,0.0,0.9230769230769231,6.92900641025641,nan,nan
5633515,10.0,2,663,6,5,410,32,26.170212765957448,0.07804878048780488,0.0,0.6923076923076923,8.21048780487805,nan,nan
5692189,10.0,2,1527,6,5,401,27,30.075,0.06733167082294264,0.0,1.0,8.074812967581048,nan,nan
5705278,10.0,2,643,8,7,323,34,20.1875,0.10526315789473684,0.0,0.9,11.205882352941176,nan,nan
5705752,10.0,2,682,5,4,434,31,35.189189189189186,0.07142857142857142,0.0,1.0,8.279493087557604,nan,nan
5706077,10.0,2,656,5,5,382,27,32.74285714285714,0.07068062827225131,0.0,1.0,8.72565445026178,nan,nan
5706137,10.0,2,737,7,7,173,9,21.625,0.05202312138728324,0.0,0.2857142857142857,9.95086705202312,nan,nan
5715345,10.0,2,923,4,3,491,34,36.370370370370374,0.06924643584521385,0.0,0.8,6.6126272912423625,nan,nan
5771585,10.0,2,720,6,5,355,12,44.375,0.03380281690140845,0.0,0.5,6.539999999999999,nan,nan
5771621,10.0,2,675,6,5,379,14,41.345454545454544,0.036939313984168866,0.0,0.8333333333333334,5.318469656992084,nan,nan
5772092,10.0,2,729,8,7,335,25,24.814814814814813,0.07462686567164178,0.0,0.7777777777777778,9.233134328358208,nan,nan
5772102,10.0,2,725,5,4,359,20,35.9,0.055710306406685235,0.0,0.7142857142857143,7.264345403899721,nan,nan
5772192,10.0,2,706,7,6,381,22,33.61764705882353,0.05774278215223097,0.0,0.7142857142857143,6.786089238845144,nan,nan
5874746,10.0,2,729,6,6,364,27,31.2,0.07417582417582418,0.0,0.5555555555555556,5.956318681318681,nan,nan
5874767,10.0,2,1278,8,7,245,12,26.25,0.04897959183673469,0.0,0.25,7.584489795918367,nan,nan
5874769,10.0,2,649,6,6,322,18,31.161290322580644,0.055900621118012424,0.0,0.625,7.238198757763975,nan,nan
5874787,10.0,2,1064,5,5,225,13,29.347826086956523,0.057777777777777775,0.0,0.5,6.892444444444444,nan,nan
5875173,10.0,2,712,4,4,95,5,21.11111111111111,0.05263157894736842,0.0,0.25,8.12,nan,nan
5882173,10.0,2,665,8,7,273,26,21.84,0.09523809523809523,0.0,0.4444444444444444,8.053846153846154,nan,nan
5969330,10.0,2,721,6,5,459,89,13.633663366336634,0.19389978213507625,0.0,0.0958904109589041,7.334640522875817,nan,nan
5969331,10.0,2,706,6,5,359,34,26.925,0.0947075208913649,0.0,0.6666666666666666,7.502228412256268,nan,nan
5969362,10.0,2,672,5,5,449,23,42.09375,0.051224944320712694,0.0,0.5555555555555556,5.275055679287306,nan,nan
6058407,10.0,2,696,7,7,329,37,18.98076923076923,0.11246200607902736,0.027777777777777776,0.47058823529411764,8.245592705167175,nan,nan
6062407,10.0,2,666,7,6,333,27,26.289473684210527,0.08108108108108109,0.0,1.0,8.616816816816817,nan,nan
6109129,10.0,2,721,4,3,482,21,57.84,0.043568464730290454,0.0,0.8,6.631327800829876,nan,nan
6148097,10.0,2,725,4,4,458,38,35.23076923076923,0.08296943231441048,0.0,0.875,7.091266375545852,nan,nan
6148143,10.0,2,677,5,4,437,24,40.33846153846154,0.05491990846681922,0.0,0.5555555555555556,6.11533180778032,nan,nan
6148208,10.0,2,646,3,3,319,42,21.266666666666666,0.13166144200626959,0.0,0.75,5.483072100313479,nan,nan
6190357,10.0,2,710,2,2,494,30,51.10344827586207,0.06072874493927125,0.0,0.8333333333333334,5.496558704453442,nan,nan
6193396,10.0,2,658,6,5,370,11,47.234042553191486,0.02972972972972973,0.0,0.5,5.1605405405405405,nan,nan
6193436,10.0,2,666,5,6,94,10,15.243243243243244,0.10638297872340426,0.0,0.2,8.591489361702127,nan,nan
4216956,10.0,3,910,6,5,363,37,24.75,0.10192837465564739,0.0,0.29411764705882354,4.038292011019284,nan,nan
4272243,10.0,3,646,2,1,600,119,15.384615384615385,0.19833333333333333,0.0,0.06741573033707865,5.912166666666667,nan,nan
4344977,10.0,3,1187,5,5,384,66,16.695652173913043,0.171875,0.0,0.7058823529411765,7.184375,nan,nan
4350946,10.0,3,690,5,5,394,17,46.35294117647059,0.04314720812182741,0.0,0.375,6.433756345177665,nan,nan
4351935,10.0,3,775,6,5,369,28,32.55882352941177,0.07588075880758807,0.0,0.5,7.212737127371274,nan,nan
4352377,10.0,3,716,5,4,428,28,38.32835820895522,0.06542056074766354,0.0,0.4444444444444444,4.843224299065421,nan,nan
4358853,10.0,3,666,4,3,528,21,63.36,0.03977272727272727,0.0,0.8,5.683901515151515,nan,nan
4359232,10.0,3,681,3,2,590,141,12.826086956521738,0.23898305084745763,0.007246376811594203,0.07920792079207921,8.38372881355932,nan,nan
4370045,10.0,3,720,4,3,467,64,23.94871794871795,0.13704496788008566,0.0,0.8181818181818182,7.1862955032119915,nan,nan
4389353,10.0,3,650,5,4,462,60,23.294117647058822,0.12987012987012986,0.0,0.6428571428571429,8.89004329004329,nan,nan
4389414,10.0,3,645,5,5,422,48,25.575757575757574,0.11374407582938388,0.0,0.8,8.77440758293839,nan,nan
4392729,10.0,3,652,4,3,478,43,36.76923076923077,0.0899581589958159,0.02702702702702703,0.75,7.874476987447698,nan,nan
4393045,10.0,3,936,4,3,438,34,35.04,0.0776255707762557,0.03225806451612903,0.875,9.281278538812785,nan,nan
4440451,10.0,3,657,3,2,546,83,27.76271186440678,0.152014652014652,0.025974025974025976,1.0,7.203663003663003,nan,nan
4443744,10.0,3,710,7,6,399,72,17.733333333333334,0.18045112781954886,0.0,0.4375,12.023057644110276,nan,nan
4448887,10.0,3,666,6,6,333,16,35.67857142857143,0.04804804804804805,0.0,0.18181818181818182,13.634834834834834,nan,nan
4469551,10.0,3,670,4,3,512,70,29.825242718446603,0.13671875,0.07142857142857142,0.7692307692307693,9.396875,nan,nan
4472905,10.0,3,816,4,3,463,39,35.164556962025316,0.08423326133909287,0.0,0.6,7.295248380129589,nan,nan
4473229,10.0,3,673,4,4,446,35,33.87341772151899,0.07847533632286996,0.0,0.23529411764705882,7.147533632286996,nan,nan
4481970,10.0,3,642,3,2,494,26,55.924528301886795,0.05263157894736842,0.0,0.6666666666666666,6.527327935222672,nan,nan
4482888,10.0,3,647,1,0,647,89,27.928057553956833,0.1375579598145286,0.0,0.34782608695652173,6.305564142194744,nan,nan
4487550,10.0,3,653,4,3,480,37,36.92307692307692,0.07708333333333334,0.0,0.6,7.255624999999999,nan,nan
4487946,10.0,3,710,2,1,227,32,22.7,0.14096916299559473,0.08333333333333333,0.625,8.842731277533039,nan,nan
4504164,10.0,3,649,5,5,364,28,30.760563380281692,0.07692307692307693,0.0,0.21428571428571427,10.082967032967032,nan,nan
4527487,10.0,3,671,4,5,134,7,26.8,0.05223880597014925,0.0,0.25,11.41641791044776,nan,nan
4544584,10.0,3,672,4,3,540,31,49.84615384615385,0.05740740740740741,0.0,0.7142857142857143,8.634074074074073,nan,nan
4547202,10.0,3,696,5,4,436,25,38.470588235294116,0.05733944954128441,0.0,0.3076923076923077,7.518807339449541,nan,nan
4559519,10.0,3,991,6,5,358,31,28.64,0.08659217877094973,0.03571428571428571,0.8571428571428571,8.677374301675977,nan,nan
4575701,10.0,3,700,2,1,657,158,17.598214285714285,0.2404870624048706,0.036231884057971016,0.75,8.839421613394217,nan,nan
4579744,10.0,3,678,6,5,377,29,29.376623376623378,0.07692307692307693,0.0,0.6,10.563660477453581,nan,nan
4605892,10.0,3,678,2,3,41,2,20.5,0.04878048780487805,0.0,0.0,13.395121951219513,nan,nan
4668185,10.0,3,641,7,6,372,41,22.775510204081634,0.11021505376344086,0.0,0.7,10.290322580645162,nan,nan
4705097,10.0,3,659,4,4,451,34,37.06849315068493,0.07538802660753881,0.0,0.3333333333333333,7.977827050997782,nan,nan
4724133,10.0,3,650,4,4,454,40,37.31506849315068,0.0881057268722467,0.0,0.5714285714285714,8.326872246696036,nan,nan
4749525,10.0,3,805,3,2,526,21,61.88235294117647,0.039923954372623575,0.0,1.0,8.2712927756654,nan,nan
4754626,10.0,3,1144,5,4,433,35,32.475,0.08083140877598152,0.03125,0.6,9.257505773672056,nan,nan
4754956,10.0,3,647,5,4,419,53,23.27777777777778,0.12649164677804295,0.0,0.5333333333333333,9.031980906921241,nan,nan
4775763,10.0,3,718,6,5,449,28,37.416666666666664,0.062360801781737196,0.0,0.4,8.624721603563474,nan,nan
4785421,10.0,3,773,4,4,460,20,52.075471698113205,0.043478260869565216,0.0,0.5714285714285714,7.880869565217391,nan,nan
4789937,10.0,3,678,4,4,524,30,46.23529411764706,0.05725190839694656,0.0,0.5555555555555556,7.7295801526717565,nan,nan
4792515,10.0,3,705,7,6,236,10,29.5,0.0423728813559322,0.0,0.125,12.057203389830509,nan,nan
4811115,10.0,3,643,4,3,483,27,47.50819672131148,0.055900621118012424,0.0,0.4444444444444444,8.697722567287785,nan,nan
4824328,10.0,3,688,4,3,355,20,42.6,0.056338028169014086,0.0,0.5,7.835774647887323,nan,nan
4861227,10.0,3,710,7,6,240,20,22.5,0.08333333333333333,0.0,0.3,9.471666666666666,nan,nan
4861687,10.0,3,746,8,7,302,43,17.423076923076923,0.1423841059602649,0.02564102564102564,0.5,9.63046357615894,nan,nan
4862222,10.0,3,670,4,3,486,59,22.96062992125984,0.12139917695473251,0.0,0.16216216216216217,7.4790123456790125,nan,nan
4862380,10.0,3,660,3,2,522,32,48.9375,0.06130268199233716,0.0,0.8333333333333334,6.3580459770114945,nan,nan
4865550,10.0,3,642,5,5,382,51,21.62264150943396,0.13350785340314136,0.0,0.8333333333333334,7.612041884816755,nan,nan
4865558,10.0,3,649,5,4,503,80,19.5974025974026,0.15904572564612326,0.0,0.5217391304347826,6.9733598409542745,nan,nan
4912927,10.0,3,674,2,1,638,147,15.688524590163935,0.2304075235109718,0.007751937984496124,0.11392405063291139,6.24090909090909,nan,nan
4915833,10.0,3,675,4,3,479,55,27.11320754716981,0.11482254697286012,0.0,0.6666666666666666,8.287891440501044,nan,nan
4940890,10.0,3,683,3,2,530,48,35.73033707865169,0.09056603773584905,0.0,0.7777777777777778,7.507547169811321,nan,nan
5244934,10.0,3,656,6,6,274,16,32.88,0.058394160583941604,0.0,0.3333333333333333,10.727372262773724,nan,nan
5351422,10.0,3,654,4,3,487,52,28.647058823529413,0.10677618069815195,0.0,0.9,9.639630390143736,nan,nan
5477477,10.0,3,678,2,2,586,118,17.151219512195123,0.20136518771331058,0.0,0.22448979591836735,7.481740614334472,nan,nan
5499001,10.0,3,670,2,1,632,110,21.303370786516854,0.17405063291139242,0.0,0.20512820512820512,7.22246835443038,nan,nan
5503058,10.0,3,916,6,5,414,42,30.29268292682927,0.10144927536231885,0.0,0.3333333333333333,10.470772946859903,nan,nan
5503168,10.0,3,695,6,5,336,16,37.333333333333336,0.047619047619047616,0.0,0.42857142857142855,9.851785714285715,nan,nan
5503359,10.0,3,716,6,6,319,15,38.28,0.047021943573667714,0.0,0.2857142857142857,9.721630094043887,nan,nan
5540718,10.0,3,663,6,6,333,32,24.666666666666668,0.0960960960960961,0.03333333333333333,0.7777777777777778,9.372672672672673,nan,nan
5540722,10.0,3,691,5,5,426,22,45.642857142857146,0.051643192488262914,0.0,0.6666666666666666,6.95093896713615,nan,nan
5540733,10.0,3,641,4,3,490,30,43.88059701492537,0.061224489795918366,0.0,0.625,6.597551020408163,nan,nan
5540847,10.0,3,869,6,6,375,17,43.26923076923077,0.04533333333333334,0.0,0.2857142857142857,7.7504,nan,nan
5547018,10.0,3,649,6,5,388,50,21.357798165137616,0.12886597938144329,0.0,0.9090909090909091,8.440721649484535,nan,nan
5565253,10.0,3,670,4,5,385,17,52.5,0.04415584415584416,0.0,0.3333333333333333,6.123636363636363,nan,nan
5615881,10.0,3,1051,6,6,357,31,27.818181818181817,0.08683473389355742,0.0,0.5,7.082352941176471,nan,nan
5615968,10.0,3,642,6,5,378,56,19.721739130434784,0.14814814814814814,0.0,0.75,6.546296296296297,nan,nan
5615986,10.0,3,685,5,4,343,28,31.181818181818183,0.08163265306122448,0.0,0.8333333333333334,6.458309037900874,nan,nan
5615988,10.0,3,671,6,5,356,28,30.08450704225352,0.07865168539325842,0.0,0.625,6.426404494382023,nan,nan
5616015,10.0,3,657,2,1,624,105,23.696202531645568,0.16826923076923078,0.0,0.7333333333333333,6.7451923076923075,nan,nan
5633515,10.0,3,663,6,5,410,32,28.275862068965516,0.07804878048780488,0.0,0.07692307692307693,6.972195121951219,nan,nan
5692189,10.0,3,1527,6,5,401,27,32.08,0.06733167082294264,0.0,0.2857142857142857,7.5476309226932665,nan,nan
5705278,10.0,3,643,8,7,323,34,20.617021276595743,0.10526315789473684,0.0,0.5833333333333334,10.190402476780186,nan,nan
5705752,10.0,3,682,5,4,434,31,35.67123287671233,0.07142857142857142,0.0,0.75,7.786635944700461,nan,nan
5706077,10.0,3,656,5,5,382,27,32.74285714285714,0.07068062827225131,0.0,1.0,8.55497382198953,nan,nan
5706137,10.0,3,737,7,7,173,9,22.565217391304348,0.05202312138728324,0.0,0.0,11.31791907514451,nan,nan
5715345,10.0,3,923,4,3,491,34,39.28,0.06924643584521385,0.0,0.26666666666666666,6.480651731160896,nan,nan
5771585,10.0,3,720,6,5,355,12,45.319148936170215,0.03380281690140845,0.0,0.2857142857142857,7.318873239436619,nan,nan
5771621,10.0,3,675,6,5,379,14,44.588235294117645,0.036939313984168866,0.0,0.09090909090909091,7.130343007915568,nan,nan
5772092,10.0,3,729,8,7,335,25,24.814814814814813,0.07462686567164178,0.0,0.7777777777777778,7.999701492537314,nan,nan
5772102,10.0,3,725,5,4,359,20,37.13793103448276,0.055710306406685235,0.0,0.3,6.744568245125349,nan,nan
5772192,10.0,3,706,7,6,381,22,34.63636363636363,0.05774278215223097,0.0,0.3333333333333333,6.7692913385826765,nan,nan
5874746,10.0,3,729,6,6,364,27,30.333333333333332,0.07417582417582418,0.0,0.5555555555555556,6.6912087912087905,nan,nan
5874767,10.0,3,1278,8,7,245,12,26.727272727272727,0.04897959183673469,0.0,0.1111111111111111,7.132244897959184,nan,nan
5874769,10.0,3,649,6,6,322,18,33.89473684210526,0.055900621118012424,0.0,0.2,6.6841614906832305,nan,nan
5874787,10.0,3,1064,5,5,225,13,30.0,0.057777777777777775,0.0,0.2857142857142857,6.968444444444445,nan,nan
5875173,10.0,3,712,4,4,95,5,21.923076923076923,0.05263157894736842,0.0,0.0,7.685263157894737,nan,nan
5882173,10.0,3,665,8,7,273,26,21.84,0.09523809523809523,0.0,0.3,8.333333333333334,nan,nan
5969330,10.0,3,721,6,5,459,89,15.049180327868852,0.19389978213507625,0.0,0.64,7.95119825708061,nan,nan
5969331,10.0,3,706,6,5,359,34,27.265822784810126,0.0947075208913649,0.0,0.5555555555555556,8.021448467966573,nan,nan
5969362,10.0,3,672,5,5,449,23,42.09375,0.051224944320712694,0.0,0.5555555555555556,6.211358574610245,nan,nan
6058407,10.0,3,696,7,7,329,37,20.5625,0.11246200607902736,0.0,0.2,8.21550151975684,nan,nan
6062407,10.0,3,666,7,6,333,27,26.289473684210527,0.08108108108108109,0.0,0.5,7.509309309309309,nan,nan
6109129,10.0,3,721,4,3,482,21,54.56603773584906,0.043568464730290454,0.0,0.5714285714285714,5.340248962655601,nan,nan
6148097,10.0,3,725,4,4,458,38,37.13513513513514,0.08296943231441048,0.0,0.7142857142857143,5.295414847161572,nan,nan
6148143,10.0,3,677,5,4,437,24,41.61904761904762,0.05491990846681922,0.0,0.4444444444444444,4.7418764302059495,nan,nan
6148208,10.0,3,646,3,3,319,42,22.51764705882353,0.13166144200626959,0.0,0.42857142857142855,6.861128526645768,nan,nan
6190357,10.0,3,710,2,2,494,30,51.10344827586207,0.06072874493927125,0.0,0.5,5.556477732793523,nan,nan
6193396,10.0,3,658,6,5,370,11,49.333333333333336,0.02972972972972973,0.0,0.125,7.214864864864865,nan,nan
6193436,10.0,3,666,5,6,94,10,15.243243243243244,0.10638297872340426,0.0,0.2,10.904255319148936,nan,nan
4216956,10.0,4,910,6,5,363,37,24.75,0.10192837465564739,0.0,0.29411764705882354,6.345454545454546,nan,nan
4272243,10.0,4,646,2,1,600,119,15.384615384615385,0.19833333333333333,0.0,0.042105263157894736,6.7780000000000005,nan,nan
4344977,10.0,4,1187,5,5,384,66,16.817518248175183,0.171875,0.0,0.17647058823529413,7.952083333333333,nan,nan
4350946,10.0,4,690,5,5,394,17,46.35294117647059,0.04314720812182741,0.0,0.08333333333333333,7.371827411167513,nan,nan
4351935,10.0,4,775,6,5,369,28,32.55882352941177,0.07588075880758807,0.0,0.5,8.861246612466125,nan,nan
4352377,10.0,4,716,5,4,428,28,37.76470588235294,0.06542056074766354,0.0,0.2727272727272727,7.006542056074767,nan,nan
4358853,10.0,4,666,4,3,528,21,60.92307692307692,0.03977272727272727,0.0,0.2,6.830681818181818,nan,nan
4359232,10.0,4,681,3,2,590,141,13.014705882352942,0.23898305084745763,0.0,0.05825242718446602,7.136101694915254,nan,nan
4370045,10.0,4,720,4,3,467,64,24.57894736842105,0.13704496788008566,0.0,0.7272727272727273,8.121199143468951,nan,nan
4389353,10.0,4,650,5,4,462,60,24.31578947368421,0.12987012987012986,0.0,0.5714285714285714,8.982467532467531,nan,nan
4389414,10.0,4,645,5,5,422,48,25.32,0.11374407582938388,0.0,0.4,8.856398104265404,nan,nan
4392729,10.0,4,652,4,3,478,43,36.76923076923077,0.0899581589958159,0.02702702702702703,0.5,6.576150627615063,nan,nan
4393045,10.0,4,936,4,3,438,34,36.5,0.0776255707762557,0.03225806451612903,0.75,6.335616438356165,nan,nan
4440451,10.0,4,657,3,2,546,83,27.76271186440678,0.152014652014652,0.025974025974025976,1.0,7.027838827838828,nan,nan
4443744,10.0,4,710,7,6,399,72,17.733333333333334,0.18045112781954886,0.0,0.25,11.778446115288222,nan,nan
4448887,10.0,4,666,6,6,333,16,37.0,0.04804804804804805,0.0,0.09090909090909091,9.541141141141141,nan,nan
4469551,10.0,4,670,4,3,512,70,30.11764705882353,0.13671875,0.045454545454545456,0.5714285714285714,8.4443359375,nan,nan
4472905,10.0,4,816,4,3,463,39,36.55263157894737,0.08423326133909287,0.0,0.5,7.719222462203024,nan,nan
4473229,10.0,4,673,4,4,446,35,34.30769230769231,0.07847533632286996,0.0,0.15789473684210525,5.904035874439462,nan,nan
4481970,10.0,4,642,3,2,494,26,54.888888888888886,0.05263157894736842,0.0,0.3333333333333333,7.018623481781376,nan,nan
4482888,10.0,4,647,1,0,647,89,27.928057553956833,0.1375579598145286,0.0,0.21428571428571427,5.947295208655333,nan,nan
4487550,10.0,4,653,4,3,480,37,36.92307692307692,0.07708333333333334,0.0,0.6,7.311875,nan,nan
4487946,10.0,4,710,2,1,227,32,23.482758620689655,0.14096916299559473,0.08333333333333333,0.4444444444444444,6.371806167400881,nan,nan
4504164,10.0,4,649,5,5,364,28,30.760563380281692,0.07692307692307693,0.0,0.21428571428571427,9.493406593406593,nan,nan
4527487,10.0,4,671,4,5,134,7,27.724137931034484,0.05223880597014925,0.0,0.25,9.302985074626864,nan,nan
4544584,10.0,4,672,4,3,540,31,49.84615384615385,0.05740740740740741,0.0,0.7142857142857143,9.420185185185185,nan,nan
4547202,10.0,4,696,5,4,436,25,40.246153846153845,0.05733944954128441,0.0,0.25,7.571788990825689,nan,nan
4559519,10.0,4,991,6,5,358,31,28.64,0.08659217877094973,0.03571428571428571,0.5555555555555556,9.847765363128492,nan,nan
4575701,10.0,4,700,2,1,657,158,17.756756756756758,0.2404870624048706,0.02857142857142857,0.6363636363636364,8.329223744292237,nan,nan
4579744,10.0,4,678,6,5,377,29,29.763157894736842,0.07692307692307693,0.0,0.2,9.521220159151193,nan,nan
4605892,10.0,4,678,2,3,41,2,20.5,0.04878048780487805,0.0,0.0,21.490243902439026,nan,nan
4668185,10.0,4,641,7,6,372,41,23.010309278350515,0.11021505376344086,0.0,0.5454545454545454,12.633064516129032,nan,nan
4705097,10.0,4,659,4,4,451,34,36.567567567567565,0.07538802660753881,0.0,0.3333333333333333,7.3793791574279375,nan,nan
4724133,10.0,4,650,4,4,454,40,37.31506849315068,0.0881057268722467,0.0,0.5714285714285714,7.695154185022027,nan,nan
4749525,10.0,4,805,3,2,526,21,65.75,0.039923954372623575,0.0,0.42857142857142855,7.672623574144487,nan,nan
4754626,10.0,4,1144,5,4,433,35,32.475,0.08083140877598152,0.0,0.1875,8.610854503464203,nan,nan
4754956,10.0,4,647,5,4,419,53,23.27777777777778,0.12649164677804295,0.0,0.4117647058823529,9.541527446300716,nan,nan
4775763,10.0,4,718,6,5,449,28,37.416666666666664,0.062360801781737196,0.0,0.4,8.72694877505568,nan,nan
4785421,10.0,4,773,4,4,460,20,52.075471698113205,0.043478260869565216,0.0,0.3333333333333333,6.852391304347826,nan,nan
4789937,10.0,4,678,4,4,524,30,44.91428571428571,0.05725190839694656,0.0,0.2,8.0087786259542,nan,nan
4792515,10.0,4,705,7,6,236,10,29.5,0.0423728813559322,0.0,0.0,9.759322033898304,nan,nan
4811115,10.0,4,643,4,3,483,27,47.50819672131148,0.055900621118012424,0.0,0.5,6.840786749482401,nan,nan
4824328,10.0,4,688,4,3,355,20,42.6,0.056338028169014086,0.0,0.2222222222222222,6.892957746478873,nan,nan
4861227,10.0,4,710,7,6,240,20,22.5,0.08333333333333333,0.0,0.07142857142857142,9.291666666666666,nan,nan
4861687,10.0,4,746,8,7,302,43,17.59223300970874,0.1423841059602649,0.0,0.42857142857142855,9.475827814569536,nan,nan
4862222,10.0,4,670,4,3,486,59,23.328,0.12139917695473251,0.0,0.13513513513513514,8.056378600823045,nan,nan
4862380,10.0,4,660,3,2,522,32,48.9375,0.06130268199233716,0.0,0.8333333333333334,6.410153256704981,nan,nan
4865550,10.0,4,642,5,5,382,51,22.03846153846154,0.13350785340314136,0.0,0.5333333333333333,8.173821989528797,nan,nan
4865558,10.0,4,649,5,4,503,80,19.986754966887418,0.15904572564612326,0.0,0.4583333333333333,7.310337972166998,nan,nan
4912927,10.0,4,674,2,1,638,147,15.688524590163935,0.2304075235109718,0.007751937984496124,0.1,7.4537617554858935,nan,nan
4915833,10.0,4,675,4,3,479,55,27.11320754716981,0.11482254697286012,0.0,0.6666666666666666,8.702922755741128,nan,nan
4940890,10.0,4,683,3,2,530,48,35.73033707865169,0.09056603773584905,0.0,0.5454545454545454,6.955283018867925,nan,nan
5244934,10.0,4,656,6,6,274,16,32.88,0.058394160583941604,0.0,0.3333333333333333,11.775912408759124,nan,nan
5351422,10.0,4,654,4,3,487,52,29.515151515151516,0.10677618069815195,0.0,0.4,9.52464065708419,nan,nan
5477477,10.0,4,678,2,2,586,118,17.151219512195123,0.20136518771331058,0.0,0.22448979591836735,7.837030716723549,nan,nan
5499001,10.0,4,670,2,1,632,110,21.303370786516854,0.17405063291139242,0.0,0.13953488372093023,7.699683544303797,nan,nan
5503058,10.0,4,916,6,5,414,42,30.29268292682927,0.10144927536231885,0.0,0.18181818181818182,10.793478260869565,nan,nan
5503168,10.0,4,695,6,5,336,16,37.333333333333336,0.047619047619047616,0.0,0.08333333333333333,10.042559523809524,nan,nan
5503359,10.0,4,716,6,6,319,15,37.529411764705884,0.047021943573667714,0.0,0.1,11.432288401253919,nan,nan
5540718,10.0,4,663,6,6,333,32,24.072289156626507,0.0960960960960961,0.0,0.15789473684210525,7.337537537537538,nan,nan
5540722,10.0,4,691,5,5,426,22,45.642857142857146,0.051643192488262914,0.0,0.375,5.85868544600939,nan,nan
5540733,10.0,4,641,4,3,490,30,43.88059701492537,0.061224489795918366,0.0,0.36363636363636365,6.461836734693878,nan,nan
5540847,10.0,4,869,6,6,375,17,43.26923076923077,0.04533333333333334,0.0,0.1111111111111111,7.295733333333334,nan,nan
5547018,10.0,4,649,6,5,388,50,20.972972972972972,0.12886597938144329,0.0,0.2857142857142857,7.926546391752577,nan,nan
5565253,10.0,4,670,4,5,385,17,52.5,0.04415584415584416,0.0,0.125,6.181818181818182,nan,nan
5615881,10.0,4,1051,6,6,357,31,27.818181818181817,0.08683473389355742,0.0,0.3333333333333333,6.875070028011205,nan,nan
5615968,10.0,4,642,6,5,378,56,22.455445544554454,0.14814814814814814,0.06666666666666667,0.5454545454545454,7.183333333333334,nan,nan
5615986,10.0,4,685,5,4,343,28,30.71641791044776,0.08163265306122448,0.0,0.3,7.221574344023324,nan,nan
5615988,10.0,4,671,6,5,356,28,30.08450704225352,0.07865168539325842,0.0,0.14285714285714285,8.394943820224718,nan,nan
5616015,10.0,4,657,2,1,624,105,24.0,0.16826923076923078,0.0,0.8571428571428571,7.312980769230769,nan,nan
5633515,10.0,4,663,6,5,410,32,32.8,0.07804878048780488,0.0,0.3,8.005609756097561,nan,nan
5692189,10.0,4,1527,6,5,401,27,32.95890410958904,0.06733167082294264,0.0,0.21428571428571427,7.936658354114713,nan,nan
5705278,10.0,4,643,8,7,323,34,21.296703296703296,0.10526315789473684,0.0,0.16666666666666666,9.810835913312694,nan,nan
5705752,10.0,4,682,5,4,434,31,36.166666666666664,0.07142857142857142,0.0,0.21428571428571427,7.4472350230414746,nan,nan
5706077,10.0,4,656,5,5,382,27,33.21739130434783,0.07068062827225131,0.0,0.3333333333333333,7.581413612565445,nan,nan
5706137,10.0,4,737,7,7,173,9,22.565217391304348,0.05202312138728324,0.0,0.0,9.290751445086705,nan,nan
5715345,10.0,4,923,4,3,491,34,38.25974025974026,0.06924643584521385,0.0,0.38461538461538464,7.685947046843178,nan,nan
5771585,10.0,4,720,6,5,355,12,45.319148936170215,0.03380281690140845,0.0,0.1111111111111111,8.533239436619718,nan,nan
5771621,10.0,4,675,6,5,379,14,44.588235294117645,0.036939313984168866,0.0,0.09090909090909091,7.72532981530343,nan,nan
5772092,10.0,4,729,8,7,335,25,25.443037974683545,0.07462686567164178,0.0,0.05263157894736842,8.43223880597015,nan,nan
5772102,10.0,4,725,5,4,359,20,37.13793103448276,0.055710306406685235,0.0,0.16666666666666666,6.954874651810585,nan,nan
5772192,10.0,4,706,7,6,381,22,34.11940298507463,0.05774278215223097,0.0,0.3,7.819422572178477,nan,nan
5874746,10.0,4,729,6,6,364,27,29.91780821917808,0.07417582417582418,0.0,0.36363636363636365,6.638461538461539,nan,nan
5874767,10.0,4,1278,8,7,245,12,26.727272727272727,0.04897959183673469,0.0,0.1111111111111111,8.239183673469388,nan,nan
5874769,10.0,4,649,6,6,322,18,32.74576271186441,0.055900621118012424,0.0,0.07142857142857142,7.12360248447205,nan,nan
5874787,10.0,4,1064,5,5,225,13,30.0,0.057777777777777775,0.0,0.1111111111111111,7.297777777777778,nan,nan
5875173,10.0,4,712,4,4,95,5,21.923076923076923,0.05263157894736842,0.0,0.0,8.95578947368421,nan,nan
5882173,10.0,4,665,8,7,273,26,21.55263157894737,0.09523809523809523,0.0,0.2727272727272727,8.523809523809524,nan,nan
5969330,10.0,4,721,6,5,459,89,14.123076923076923,0.19389978213507625,0.0,0.07246376811594203,7.603703703703704,nan,nan
5969331,10.0,4,706,6,5,359,34,27.265822784810126,0.0947075208913649,0.0,0.36363636363636365,7.743732590529248,nan,nan
5969362,10.0,4,672,5,5,449,23,43.45161290322581,0.051224944320712694,0.0,0.25,6.8184855233853,nan,nan
6058407,10.0,4,696,7,7,329,37,20.5625,0.11246200607902736,0.0,0.13043478260869565,7.503343465045592,nan,nan
6062407,10.0,4,666,7,6,333,27,25.948051948051948,0.08108108108108109,0.0,0.11764705882352941,7.654954954954954,nan,nan
6109129,10.0,4,721,4,3,482,21,56.705882352941174,0.043568464730290454,0.0,0.2222222222222222,5.374066390041494,nan,nan
6148097,10.0,4,725,4,4,458,38,36.1578947368421,0.08296943231441048,0.0,0.5,6.258733624454148,nan,nan
6148143,10.0,4,677,5,4,437,24,41.61904761904762,0.05491990846681922,0.0,0.25,5.506178489702517,nan,nan
6148208,10.0,4,646,3,3,319,42,22.51764705882353,0.13166144200626959,0.0,0.3125,6.211285266457681,nan,nan
6190357,10.0,4,710,2,2,494,30,53.89090909090909,0.06072874493927125,0.0,0.3333333333333333,5.826720647773279,nan,nan
6193396,10.0,4,658,6,5,370,11,49.333333333333336,0.02972972972972973,0.0,0.125,8.064864864864864,nan,nan
6193436,10.0,4,666,5,6,94,10,15.243243243243244,0.10638297872340426,0.0,0.2,13.079787234042554,nan,nan
4216956,10.0,5,910,6,5,363,37,24.2,0.10192837465564739,0.0,0.13043478260869565,6.689256198347107,nan,nan
4272243,10.0,5,646,2,1,600,119,15.384615384615385,0.19833333333333333,0.0,0.042105263157894736,5.729833333333334,nan,nan
4344977,10.0,5,1187,5,5,384,66,16.575539568345324,0.171875,0.0,0.09523809523809523,7.4796875,nan,nan
4350946,10.0,5,690,5,5,394,17,46.35294117647059,0.04314720812182741,0.0,0.08333333333333333,7.230710659898477,nan,nan
4351935,10.0,5,775,6,5,369,28,32.55882352941177,0.07588075880758807,0.0,0.5,8.013550135501355,nan,nan
4352377,10.0,5,716,5,4,428,28,38.90909090909091,0.06542056074766354,0.0,0.3333333333333333,7.155607476635514,nan,nan
4358853,10.0,5,666,4,3,528,21,60.92307692307692,0.03977272727272727,0.0,0.2,6.321401515151515,nan,nan
4359232,10.0,5,681,3,2,590,141,13.062730627306273,0.23898305084745763,0.0,0.04807692307692308,7.682881355932203,nan,nan
4370045,10.0,5,720,4,3,467,64,24.36521739130435,0.13704496788008566,0.0,0.5,7.039186295503212,nan,nan
4389353,10.0,5,650,5,4,462,60,23.896551724137932,0.12987012987012986,0.0,0.3,9.025108225108227,nan,nan
4389414,10.0,5,645,5,5,422,48,26.652631578947368,0.11374407582938388,0.0,0.23529411764705882,7.1376777251184835,nan,nan
4392729,10.0,5,652,4,3,478,43,37.246753246753244,0.0899581589958159,0.02702702702702703,0.5555555555555556,8.221548117154812,nan,nan
4393045,10.0,5,936,4,3,438,34,35.04,0.0776255707762557,0.0,0.15789473684210525,9.369406392694064,nan,nan
4440451,10.0,5,657,3,2,546,83,26.852459016393443,0.152014652014652,0.0,0.7,8.000549450549451,nan,nan
4443744,10.0,5,710,7,6,399,72,17.733333333333334,0.18045112781954886,0.0,0.25,13.163157894736843,nan,nan
4448887,10.0,5,666,6,6,333,16,37.0,0.04804804804804805,0.0,0.09090909090909091,7.9993993993994,nan,nan
4469551,10.0,5,670,4,3,512,70,30.11764705882353,0.13671875,0.045454545454545456,0.5714285714285714,8.5853515625,nan,nan
4472905,10.0,5,816,4,3,463,39,35.61538461538461,0.08423326133909287,0.0,0.1875,6.099784017278617,nan,nan
4473229,10.0,5,673,4,4,446,35,34.30769230769231,0.07847533632286996,0.0,0.15789473684210525,7.721748878923767,nan,nan
4481970,10.0,5,642,3,2,494,26,53.89090909090909,0.05263157894736842,0.0,0.16666666666666666,6.617813765182186,nan,nan
4482888,10.0,5,647,1,0,647,89,27.728571428571428,0.1375579598145286,0.0,0.20689655172413793,6.9258114374034,nan,nan
4487550,10.0,5,653,4,3,480,37,35.1219512195122,0.07708333333333334,0.0,0.15,7.694999999999999,nan,nan
4487946,10.0,5,710,2,1,227,32,21.967741935483872,0.14096916299559473,0.0,0.23076923076923078,11.636563876651982,nan,nan
4504164,10.0,5,649,5,5,364,28,30.760563380281692,0.07692307692307693,0.0,0.11764705882352941,10.775,nan,nan
4527487,10.0,5,671,4,5,134,7,26.8,0.05223880597014925,0.0,0.0,12.644776119402986,nan,nan
4544584,10.0,5,672,4,3,540,31,52.25806451612903,0.05740740740740741,0.0,0.3333333333333333,9.124074074074073,nan,nan
4547202,10.0,5,696,5,4,436,25,39.63636363636363,0.05733944954128441,0.0,0.11764705882352941,7.962614678899082,nan,nan
4559519,10.0,5,991,6,5,358,31,26.85,0.08659217877094973,0.0,0.1,7.887988826815643,nan,nan
4575701,10.0,5,700,2,1,657,158,12.757281553398059,0.2404870624048706,0.0,0.03875968992248062,7.046727549467275,nan,nan
4579744,10.0,5,678,6,5,377,29,29.376623376623378,0.07692307692307693,0.0,0.10526315789473684,8.957824933687002,nan,nan
4605892,10.0,5,678,2,3,41,2,20.5,0.04878048780487805,0.0,0.0,17.385365853658534,nan,nan
4668185,10.0,5,641,7,6,372,41,22.32,0.11021505376344086,0.0,0.2,8.719086021505376,nan,nan
4705097,10.0,5,659,4,4,451,34,39.21739130434783,0.07538802660753881,0.0,0.4444444444444444,6.8789356984478935,nan,nan
4724133,10.0,5,650,4,4,454,40,29.608695652173914,0.0881057268722467,0.0,0.06451612903225806,8.009911894273127,nan,nan
4749525,10.0,5,805,3,2,526,21,63.12,0.039923954372623575,0.0,0.18181818181818182,6.989733840304182,nan,nan
4754626,10.0,5,1144,5,4,433,35,32.88607594936709,0.08083140877598152,0.0,0.1875,7.241339491916859,nan,nan
4754956,10.0,5,647,5,4,419,53,23.49532710280374,0.12649164677804295,0.0,0.4117647058823529,8.524105011933173,nan,nan
4775763,10.0,5,718,6,5,449,28,37.943661971830984,0.062360801781737196,0.0,0.2727272727272727,8.04075723830735,nan,nan
4785421,10.0,5,773,4,4,460,20,49.285714285714285,0.043478260869565216,0.0,0.0,4.740652173913043,nan,nan
4789937,10.0,5,678,4,4,524,30,47.63636363636363,0.05725190839694656,0.0,0.25,5.395992366412214,nan,nan
4792515,10.0,5,705,7,6,236,10,29.5,0.0423728813559322,0.0,0.0,8.937711864406781,nan,nan
4811115,10.0,5,643,4,3,483,27,46.74193548387097,0.055900621118012424,0.0,0.2727272727272727,6.9242236024844726,nan,nan
4824328,10.0,5,688,4,3,355,20,41.76470588235294,0.056338028169014086,0.0,0.2,6.823380281690142,nan,nan
4861227,10.0,5,710,7,6,240,20,22.5,0.08333333333333333,0.0,0.07142857142857142,9.602916666666665,nan,nan
4861687,10.0,5,746,8,7,302,43,17.257142857142856,0.1423841059602649,0.0,0.2777777777777778,14.045033112582782,nan,nan
4862222,10.0,5,670,4,3,486,59,22.78125,0.12139917695473251,0.0,0.04081632653061224,8.168106995884774,nan,nan
4862380,10.0,5,660,3,2,522,32,47.45454545454545,0.06130268199233716,0.0,0.23076923076923078,6.785632183908046,nan,nan
4865550,10.0,5,642,5,5,382,51,22.03846153846154,0.13350785340314136,0.0,0.3,8.89476439790576,nan,nan
4865558,10.0,5,649,5,4,503,80,20.12,0.15904572564612326,0.0,0.34615384615384615,7.632803180914514,nan,nan
4912927,10.0,5,674,2,1,638,147,13.154639175257731,0.2304075235109718,0.0,0.0234375,7.419122257053291,nan,nan
4915833,10.0,5,675,4,3,479,55,27.37142857142857,0.11482254697286012,0.0,0.375,7.327348643006263,nan,nan
4940890,10.0,5,683,3,2,530,48,35.73033707865169,0.09056603773584905,0.0,0.5454545454545454,7.198867924528302,nan,nan
5244934,10.0,5,656,6,6,274,16,32.23529411764706,0.058394160583941604,0.0,0.1111111111111111,11.16021897810219,nan,nan
5351422,10.0,5,654,4,3,487,52,29.515151515151516,0.10677618069815195,0.0,0.21052631578947367,10.378439425051335,nan,nan
5477477,10.0,5,678,2,2,586,118,17.151219512195123,0.20136518771331058,0.008849557522123894,0.22448979591836735,8.380887372013651,nan,nan
5499001,10.0,5,670,2,1,632,110,21.18435754189944,0.17405063291139242,0.0,0.10869565217391304,6.832753164556962,nan,nan
5503058,10.0,5,916,6,5,414,42,30.29268292682927,0.10144927536231885,0.0,0.18181818181818182,10.758212560386472,nan,nan
5503168,10.0,5,695,6,5,336,16,37.333333333333336,0.047619047619047616,0.0,0.08333333333333333,9.235714285714286,nan,nan
5503359,10.0,5,716,6,6,319,15,37.529411764705884,0.047021943573667714,0.0,0.1,10.710971786833856,nan,nan
5540718,10.0,5,663,6,6,333,32,24.072289156626507,0.0960960960960961,0.0,0.09523809523809523,7.46966966966967,nan,nan
5540722,10.0,5,691,5,5,426,22,44.8421052631579,0.051643192488262914,0.0,0.18181818181818182,7.100234741784037,nan,nan
5540733,10.0,5,641,4,3,490,30,45.23076923076923,0.061224489795918366,0.0,0.2727272727272727,7.289183673469387,nan,nan
5540847,10.0,5,869,6,6,375,17,43.26923076923077,0.04533333333333334,0.0,0.1111111111111111,7.331733333333333,nan,nan
5547018,10.0,5,649,6,5,388,50,20.972972972972972,0.12886597938144329,0.0,0.14285714285714285,8.507474226804124,nan,nan
5565253,10.0,5,670,4,5,385,17,52.5,0.04415584415584416,0.0,0.125,6.689610389610389,nan,nan
5615881,10.0,5,1051,6,6,357,31,27.11392405063291,0.08683473389355742,0.0,0.10526315789473684,8.108403361344537,nan,nan
5615968,10.0,5,642,6,5,378,56,22.235294117647058,0.14814814814814814,0.0196078431372549,0.38461538461538464,7.023544973544974,nan,nan
5615986,10.0,5,685,5,4,343,28,30.264705882352942,0.08163265306122448,0.0,0.14285714285714285,7.370262390670554,nan,nan
5615988,10.0,5,671,6,5,356,28,30.08450704225352,0.07865168539325842,0.0,0.14285714285714285,7.810393258426966,nan,nan
5616015,10.0,5,657,2,1,624,105,24.0,0.16826923076923078,0.0,0.45454545454545453,6.704006410256411,nan,nan
5633515,10.0,5,663,6,5,410,32,27.954545454545453,0.07804878048780488,0.0,0.0,7.317560975609756,nan,nan
5692189,10.0,5,1527,6,5,401,27,32.513513513513516,0.06733167082294264,0.0,0.1111111111111111,8.88778054862843,nan,nan
5705278,10.0,5,643,8,7,323,34,20.4,0.10526315789473684,0.0,0.038461538461538464,10.629721362229102,nan,nan
5705752,10.0,5,682,5,4,434,31,36.166666666666664,0.07142857142857142,0.0,0.21428571428571427,5.953456221198157,nan,nan
5706077,10.0,5,656,5,5,382,27,35.8125,0.07068062827225131,0.0,0.2727272727272727,6.607068062827225,nan,nan
5706137,10.0,5,737,7,7,173,9,22.565217391304348,0.05202312138728324,0.0,0.0,9.953179190751445,nan,nan
5715345,10.0,5,923,4,3,491,34,38.76315789473684,0.06924643584521385,0.0,0.16666666666666666,7.2981670061099795,nan,nan
5771585,10.0,5,720,6,5,355,12,44.375,0.03380281690140845,0.0,0.0,7.1797183098591555,nan,nan
5771621,10.0,5,675,6,5,379,14,43.73076923076923,0.036939313984168866,0.0,0.0,9.107915567282323,nan,nan
5772092,10.0,5,729,8,7,335,25,24.51219512195122,0.07462686567164178,0.0,0.0,7.099402985074628,nan,nan
5772102,10.0,5,725,5,4,359,20,35.9,0.055710306406685235,0.0,0.0,5.788300835654596,nan,nan
5772192,10.0,5,706,7,6,381,22,32.65714285714286,0.05774278215223097,0.0,0.058823529411764705,7.103149606299213,nan,nan
5874746,10.0,5,729,6,6,364,27,30.760563380281692,0.07417582417582418,0.0,0.125,6.601098901098902,nan,nan
5874767,10.0,5,1278,8,7,245,12,26.25,0.04897959183673469,0.0,0.0,6.563265306122449,nan,nan
5874769,10.0,5,649,6,6,322,18,32.2,0.055900621118012424,0.0,0.0,5.790062111801243,nan,nan
5874787,10.0,5,1064,5,5,225,13,29.347826086956523,0.057777777777777775,0.0,0.0,4.7235555555555555,nan,nan
5875173,10.0,5,712,4,4,95,5,21.923076923076923,0.05263157894736842,0.0,0.0,4.0884210526315785,nan,nan
5882173,10.0,5,665,8,7,273,26,21.0,0.09523809523809523,0.0,0.125,8.36153846153846,nan,nan
5969330,10.0,5,721,6,5,459,89,13.839195979899497,0.19389978213507625,0.0,0.011904761904761904,6.088453159041394,nan,nan
5969331,10.0,5,706,6,5,359,34,28.342105263157894,0.0947075208913649,0.0,0.2727272727272727,6.972701949860724,nan,nan
5969362,10.0,5,672,5,5,449,23,40.81818181818182,0.051224944320712694,0.0,0.0,6.624276169265034,nan,nan
6058407,10.0,5,696,7,7,329,37,20.142857142857142,0.11246200607902736,0.0,0.07142857142857142,7.96838905775076,nan,nan
6062407,10.0,5,666,7,6,333,27,27.0,0.08108108108108109,0.0,0.13333333333333333,7.968168168168169,nan,nan
6109129,10.0,5,721,4,3,482,21,61.53191489361702,0.043568464730290454,0.0,0.125,7.185892116182573,nan,nan
6148097,10.0,5,725,4,4,458,38,36.1578947368421,0.08296943231441048,0.0,0.2,6.970742358078603,nan,nan
6148143,10.0,5,677,5,4,437,24,40.96875,0.05491990846681922,0.0,0.125,7.265217391304348,nan,nan
6148208,10.0,5,646,3,3,319,42,21.50561797752809,0.13166144200626959,0.0,0.03125,7.320689655172415,nan,nan
6190357,10.0,5,710,2,2,494,30,53.89090909090909,0.06072874493927125,0.0,0.3333333333333333,6.470647773279352,nan,nan
6193396,10.0,5,658,6,5,370,11,48.26086956521739,0.02972972972972973,0.0,0.0,7.888918918918919,nan,nan
6193436,10.0,5,666,5,6,94,10,15.243243243243244,0.10638297872340426,0.0,0.2,12.787234042553191,nan,nan
4216956,10.0,6,910,6,5,363,37,23.67391304347826,0.10192837465564739,0.0,0.07407407407407407,6.203305785123967,nan,nan
4272243,10.0,6,646,2,1,600,119,15.126050420168067,0.19833333333333333,0.0,0.01904761904761905,6.2575,nan,nan
4344977,10.0,6,1187,5,5,384,66,16.340425531914892,0.171875,0.0,0.06382978723404255,7.34453125,nan,nan
4350946,10.0,6,690,5,5,394,17,46.35294117647059,0.04314720812182741,0.0,0.08333333333333333,7.078934010152284,nan,nan
4351935,10.0,6,775,6,5,369,28,31.62857142857143,0.07588075880758807,0.0,0.25,8.230894308943089,nan,nan
4352377,10.0,6,716,5,4,428,28,37.76470588235294,0.06542056074766354,0.0,0.14285714285714285,6.071495327102803,nan,nan
4358853,10.0,6,666,4,3,528,21,59.77358490566038,0.03977272727272727,0.0,0.07142857142857142,6.184280303030303,nan,nan
4359232,10.0,6,681,3,2,590,141,12.967032967032967,0.23898305084745763,0.0,0.03669724770642202,8.049830508474576,nan,nan
4370045,10.0,6,720,4,3,467,64,23.74576271186441,0.13704496788008566,0.0,0.3,8.192291220556745,nan,nan
4389353,10.0,6,650,5,4,462,60,24.104347826086958,0.12987012987012986,0.0,0.3,8.991341991341992,nan,nan
4389414,10.0,6,645,5,5,422,48,26.103092783505154,0.11374407582938388,0.0,0.21052631578947367,9.499526066350711,nan,nan
4392729,10.0,6,652,4,3,478,43,36.76923076923077,0.0899581589958159,0.0,0.625,8.697489539748954,nan,nan
4393045,10.0,6,936,4,3,438,34,34.12987012987013,0.0776255707762557,0.0,0.08695652173913043,7.703424657534247,nan,nan
4440451,10.0,6,657,3,2,546,83,27.074380165289256,0.152014652014652,0.0,0.7,9.673992673992673,nan,nan
4443744,10.0,6,710,7,6,399,72,17.223021582733814,0.18045112781954886,0.0,0.1,12.497493734335839,nan,nan
4448887,10.0,6,666,6,6,333,16,35.67857142857143,0.04804804804804805,0.0,0.0,11.46936936936937,nan,nan
4469551,10.0,6,670,4,3,512,70,28.9811320754717,0.13671875,0.045454545454545456,0.19230769230769232,10.6212890625,nan,nan
4472905,10.0,6,816,4,3,463,39,37.04,0.08423326133909287,0.0,0.21428571428571427,8.404967602591793,nan,nan
4473229,10.0,6,673,4,4,446,35,33.45,0.07847533632286996,0.0,0.08695652173913043,8.261434977578475,nan,nan
4481970,10.0,6,642,3,2,494,26,53.89090909090909,0.05263157894736842,0.0,0.15384615384615385,6.649392712550608,nan,nan
4482888,10.0,6,647,1,0,647,89,27.928057553956833,0.1375579598145286,0.0,0.16129032258064516,6.895672333848531,nan,nan
4487550,10.0,6,653,4,3,480,37,34.69879518072289,0.07708333333333334,0.0,0.08333333333333333,7.8045833333333325,nan,nan
4487946,10.0,6,710,2,1,227,32,21.967741935483872,0.14096916299559473,0.0,0.125,10.350660792951542,nan,nan
4504164,10.0,6,649,5,5,364,28,31.2,0.07692307692307693,0.0,0.125,11.34587912087912,nan,nan
4527487,10.0,6,671,4,5,134,7,26.8,0.05223880597014925,0.0,0.0,14.008955223880598,nan,nan
4544584,10.0,6,672,4,3,540,31,49.09090909090909,0.05740740740740741,0.0,0.23076923076923078,6.127777777777778,nan,nan
4547202,10.0,6,696,5,4,436,25,37.371428571428574,0.05733944954128441,0.0,0.0,6.559174311926606,nan,nan
4559519,10.0,6,991,6,5,358,31,26.195121951219512,0.08659217877094973,0.0,0.041666666666666664,6.264245810055866,nan,nan
4575701,10.0,6,700,2,1,657,158,12.514285714285714,0.2404870624048706,0.0,0.013793103448275862,7.538356164383561,nan,nan
4579744,10.0,6,678,6,5,377,29,28.632911392405063,0.07692307692307693,0.0,0.041666666666666664,9.619363395225465,nan,nan
4605892,10.0,6,678,2,3,41,2,20.5,0.04878048780487805,0.0,0.0,21.673170731707316,nan,nan
4668185,10.0,6,641,7,6,372,41,21.056603773584907,0.11021505376344086,0.0,0.029411764705882353,7.96989247311828,nan,nan
4705097,10.0,6,659,4,4,451,34,38.65714285714286,0.07538802660753881,0.0,0.4,6.4694013303769395,nan,nan
4724133,10.0,6,650,4,4,454,40,28.375,0.0881057268722467,0.0,0.0,4.740748898678414,nan,nan
4749525,10.0,6,805,3,2,526,21,65.75,0.039923954372623575,0.0,0.07692307692307693,5.942395437262357,nan,nan
4754626,10.0,6,1144,5,4,433,35,33.30769230769231,0.08083140877598152,0.0,0.21428571428571427,7.83810623556582,nan,nan
4754956,10.0,6,647,5,4,419,53,23.06422018348624,0.12649164677804295,0.0,0.2,8.857756563245824,nan,nan
4775763,10.0,6,718,6,5,449,28,35.92,0.062360801781737196,0.0,0.047619047619047616,7.208017817371938,nan,nan
4785421,10.0,6,773,4,4,460,20,49.285714285714285,0.043478260869565216,0.0,0.0,6.509347826086957,nan,nan
4789937,10.0,6,678,4,4,524,30,49.904761904761905,0.05725190839694656,0.0,0.3,6.610496183206107,nan,nan
4792515,10.0,6,705,7,6,236,10,29.5,0.0423728813559322,0.0,0.0,7.427542372881356,nan,nan
4811115,10.0,6,643,4,3,483,27,45.28125,0.055900621118012424,0.0,0.125,6.6000000000000005,nan,nan
4824328,10.0,6,688,4,3,355,20,42.6,0.056338028169014086,0.0,0.2222222222222222,6.755774647887325,nan,nan
4861227,10.0,6,710,7,6,240,20,22.5,0.08333333333333333,0.0,0.07142857142857142,8.33125,nan,nan
4861687,10.0,6,746,8,7,302,43,16.934579439252335,0.1423841059602649,0.0,0.12,7.909271523178807,nan,nan
4862222,10.0,6,670,4,3,486,59,22.43076923076923,0.12139917695473251,0.0,0.018867924528301886,6.150617283950617,nan,nan
4862380,10.0,6,660,3,2,522,32,44.74285714285714,0.06130268199233716,0.0,0.09523809523809523,5.673371647509579,nan,nan
4865550,10.0,6,642,5,5,382,51,20.64864864864865,0.13350785340314136,0.0,0.09090909090909091,7.417539267015707,nan,nan
4865558,10.0,6,649,5,4,503,80,18.8625,0.15904572564612326,0.0,0.13333333333333333,7.170377733598409,nan,nan
4912927,10.0,6,674,2,1,638,147,15.753086419753087,0.2304075235109718,0.007751937984496124,0.09876543209876543,7.591536050156739,nan,nan
4915833,10.0,6,675,4,3,479,55,27.902912621359224,0.11482254697286012,0.0,0.2777777777777778,6.775574112734864,nan,nan
4940890,10.0,6,683,3,2,530,48,35.73033707865169,0.09056603773584905,0.0,0.23529411764705882,7.516792452830189,nan,nan
5244934,10.0,6,656,6,6,274,16,32.23529411764706,0.058394160583941604,0.0,0.1111111111111111,10.534671532846716,nan,nan
5351422,10.0,6,654,4,3,487,52,29.515151515151516,0.10677618069815195,0.0,0.21052631578947367,8.084599589322382,nan,nan
5477477,10.0,6,678,2,2,586,118,16.822966507177032,0.20136518771331058,0.0,0.15517241379310345,8.207849829351536,nan,nan
5499001,10.0,6,670,2,1,632,110,20.950276243093924,0.17405063291139242,0.0,0.0784313725490196,6.905063291139241,nan,nan
5503058,10.0,6,916,6,5,414,42,30.29268292682927,0.10144927536231885,0.0,0.18181818181818182,12.276570048309178,nan,nan
5503168,10.0,6,695,6,5,336,16,36.0,0.047619047619047616,0.0,0.0,10.138690476190476,nan,nan
5503359,10.0,6,716,6,6,319,15,35.44444444444444,0.047021943573667714,0.0,0.0,9.921316614420062,nan,nan
5540718,10.0,6,663,6,6,333,32,23.50588235294118,0.0960960960960961,0.0,0.038461538461538464,7.152252252252252,nan,nan
5540722,10.0,6,691,5,5,426,22,44.8421052631579,0.051643192488262914,0.0,0.18181818181818182,6.960093896713615,nan,nan
5540733,10.0,6,641,4,3,490,30,43.88059701492537,0.061224489795918366,0.0,0.13333333333333333,5.925102040816327,nan,nan
5540847,10.0,6,869,6,6,375,17,43.26923076923077,0.04533333333333334,0.0,0.1111111111111111,6.705866666666666,nan,nan
5547018,10.0,6,649,6,5,388,50,20.243478260869566,0.12886597938144329,0.0,0.05555555555555555,7.31701030927835,nan,nan
5565253,10.0,6,670,4,5,385,17,52.5,0.04415584415584416,0.0,0.125,6.496363636363636,nan,nan
5615881,10.0,6,1051,6,6,357,31,26.444444444444443,0.08683473389355742,0.0,0.043478260869565216,7.473949579831932,nan,nan
5615968,10.0,6,642,6,5,378,56,19.894736842105264,0.14814814814814814,0.0,0.16,7.153968253968253,nan,nan
5615986,10.0,6,685,5,4,343,28,29.82608695652174,0.08163265306122448,0.0,0.13333333333333333,7.5810495626822165,nan,nan
5615988,10.0,6,671,6,5,356,28,30.514285714285716,0.07865168539325842,0.0,0.15384615384615385,6.2073033707865175,nan,nan
5616015,10.0,6,657,2,1,624,105,24.0,0.16826923076923078,0.0,0.45454545454545453,5.6514423076923075,nan,nan
5633515,10.0,6,663,6,5,410,32,27.954545454545453,0.07804878048780488,0.0,0.0,7.071219512195121,nan,nan
5692189,10.0,6,1527,6,5,401,27,30.846153846153847,0.06733167082294264,0.0,0.0,6.814713216957606,nan,nan
5705278,10.0,6,643,8,7,323,34,19.38,0.10526315789473684,0.0,0.0,6.41733746130031,nan,nan
5705752,10.0,6,682,5,4,434,31,34.26315789473684,0.07142857142857142,0.0,0.1,5.918433179723502,nan,nan
5706077,10.0,6,656,5,5,382,27,32.28169014084507,0.07068062827225131,0.0,0.045454545454545456,5.5138743455497385,nan,nan
5706137,10.0,6,737,7,7,173,9,22.565217391304348,0.05202312138728324,0.0,0.0,6.356647398843931,nan,nan
5715345,10.0,6,923,4,3,491,34,36.825,0.06924643584521385,0.0,0.037037037037037035,5.220570264765785,nan,nan
5771585,10.0,6,720,6,5,355,12,44.375,0.03380281690140845,0.0,0.0,5.072112676056338,nan,nan
5771621,10.0,6,675,6,5,379,14,43.73076923076923,0.036939313984168866,0.0,0.0,6.108707124010554,nan,nan
5772092,10.0,6,729,8,7,335,25,24.51219512195122,0.07462686567164178,0.0,0.0,7.23223880597015,nan,nan
5772102,10.0,6,725,5,4,359,20,35.9,0.055710306406685235,0.0,0.0,6.095543175487466,nan,nan
5772192,10.0,6,706,7,6,381,22,31.75,0.05774278215223097,0.0,0.0,5.204199475065617,nan,nan
5874746,10.0,6,729,6,6,364,27,28.0,0.07417582417582418,0.0,0.0,6.563461538461538,nan,nan
5874767,10.0,6,1278,8,7,245,12,26.25,0.04897959183673469,0.0,0.0,6.542448979591837,nan,nan
5874769,10.0,6,649,6,6,322,18,32.2,0.055900621118012424,0.0,0.0,5.701242236024845,nan,nan
5874787,10.0,6,1064,5,5,225,13,29.347826086956523,0.057777777777777775,0.0,0.0,5.467111111111111,nan,nan
5875173,10.0,6,712,4,4,95,5,21.923076923076923,0.05263157894736842,0.0,0.0,6.286315789473685,nan,nan
5882173,10.0,6,665,8,7,273,26,21.0,0.09523809523809523,0.0,0.125,6.152747252747253,nan,nan
5969330,10.0,6,721,6,5,459,89,13.839195979899497,0.19389978213507625,0.0,0.011904761904761904,8.12723311546841,nan,nan
5969331,10.0,6,706,6,5,359,34,28.342105263157894,0.0947075208913649,0.0,0.2727272727272727,7.219220055710306,nan,nan
5969362,10.0,6,672,5,5,449,23,40.81818181818182,0.051224944320712694,0.0,0.0,5.972605790645879,nan,nan
6058407,10.0,6,696,7,7,329,37,19.352941176470587,0.11246200607902736,0.0,0.0,6.755015197568389,nan,nan
6062407,10.0,6,666,7,6,333,27,25.29113924050633,0.08108108108108109,0.0,0.045454545454545456,6.983183183183184,nan,nan
6109129,10.0,6,721,4,3,482,21,57.84,0.043568464730290454,0.0,0.2222222222222222,6.42759336099585,nan,nan
6148097,10.0,6,725,4,4,458,38,35.688311688311686,0.08296943231441048,0.0,0.2,6.315065502183407,nan,nan
6148143,10.0,6,677,5,4,437,24,38.55882352941177,0.05491990846681922,0.0,0.0,6.579176201372998,nan,nan
6148208,10.0,6,646,3,3,319,42,21.50561797752809,0.13166144200626959,0.0,0.03125,7.199686520376175,nan,nan
6190357,10.0,6,710,2,2,494,30,51.10344827586207,0.06072874493927125,0.0,0.14285714285714285,6.422064777327935,nan,nan
6193396,10.0,6,658,6,5,370,11,48.26086956521739,0.02972972972972973,0.0,0.0,7.75054054054054,nan,nan
6193436,10.0,6,666,5,6,94,10,15.243243243243244,0.10638297872340426,0.0,0.2,11.394680851063828,nan,nan
4216956,10.0,7,910,6,5,363,37,22.224489795918366,0.10192837465564739,0.0,0.0,6.717079889807163,nan,nan
4272243,10.0,7,646,2,1,600,119,14.937759336099585,0.19833333333333333,0.0,0.009009009009009009,6.494,nan,nan
4344977,10.0,7,1187,5,5,384,66,16.0,0.171875,0.0,0.038461538461538464,7.247916666666666,nan,nan
4350946,10.0,7,690,5,5,394,17,43.77777777777778,0.04314720812182741,0.0,0.0,7.078426395939086,nan,nan
4351935,10.0,7,775,6,5,369,28,29.13157894736842,0.07588075880758807,0.0,0.045454545454545456,7.097831978319783,nan,nan
4352377,10.0,7,716,5,4,428,28,36.16901408450704,0.06542056074766354,0.0,0.05,6.2707943925233645,nan,nan
4358853,10.0,7,666,4,3,528,21,59.77358490566038,0.03977272727272727,0.0,0.07142857142857142,5.801136363636363,nan,nan
4359232,10.0,7,681,3,2,590,141,12.967032967032967,0.23898305084745763,0.0,0.03669724770642202,7.655254237288136,nan,nan
4370045,10.0,7,720,4,3,467,64,23.94871794871795,0.13704496788008566,0.0,0.22727272727272727,7.679871520342612,nan,nan
4389353,10.0,7,650,5,4,462,60,22.90909090909091,0.12987012987012986,0.0,0.13333333333333333,9.296753246753248,nan,nan
4389414,10.0,7,645,5,5,422,48,25.836734693877553,0.11374407582938388,0.0,0.125,8.593127962085308,nan,nan
4392729,10.0,7,652,4,3,478,43,36.30379746835443,0.0899581589958159,0.02702702702702703,0.1,7.119456066945607,nan,nan
4393045,10.0,7,936,4,3,438,34,32.85,0.0776255707762557,0.0,0.03571428571428571,7.632876712328767,nan,nan
4440451,10.0,7,657,3,2,546,83,25.3953488372093,0.152014652014652,0.0,0.16666666666666666,8.432967032967031,nan,nan
4443744,10.0,7,710,7,6,399,72,17.347826086956523,0.18045112781954886,0.0,0.1,13.050375939849625,nan,nan
4448887,10.0,7,666,6,6,333,16,35.67857142857143,0.04804804804804805,0.0,0.0,10.513513513513514,nan,nan
4469551,10.0,7,670,4,3,512,70,30.11764705882353,0.13671875,0.045454545454545456,0.22727272727272727,8.0294921875,nan,nan
4472905,10.0,7,816,4,3,463,39,37.04,0.08423326133909287,0.0,0.21428571428571427,7.558315334773218,nan,nan
4473229,10.0,7,673,4,4,446,35,31.11627906976744,0.07847533632286996,0.0,0.0,7.420403587443946,nan,nan
4481970,10.0,7,642,3,2,494,26,53.89090909090909,0.05263157894736842,0.0,0.15384615384615385,5.8917004048583,nan,nan
4482888,10.0,7,647,1,0,647,89,27.338028169014084,0.1375579598145286,0.0,0.10810810810810811,5.2924265842349305,nan,nan
4487550,10.0,7,653,4,3,480,37,35.1219512195122,0.07708333333333334,0.0,0.08695652173913043,7.56625,nan,nan
4487946,10.0,7,710,2,1,227,32,22.7,0.14096916299559473,0.0,0.13333333333333333,8.336563876651983,nan,nan
4504164,10.0,7,649,5,5,364,28,28.736842105263158,0.07692307692307693,0.0,0.0,10.120604395604396,nan,nan
4527487,10.0,7,671,4,5,134,7,26.8,0.05223880597014925,0.0,0.0,16.70149253731343,nan,nan
4544584,10.0,7,672,4,3,540,31,46.95652173913044,0.05740740740740741,0.0,0.1111111111111111,7.735555555555555,nan,nan
4547202,10.0,7,696,5,4,436,25,37.371428571428574,0.05733944954128441,0.0,0.0,6.12454128440367,nan,nan
4559519,10.0,7,991,6,5,358,31,26.195121951219512,0.08659217877094973,0.0,0.041666666666666664,7.101675977653631,nan,nan
4575701,10.0,7,700,2,1,657,158,12.166666666666666,0.2404870624048706,0.0,0.0,8.128006088280062,nan,nan
4579744,10.0,7,678,6,5,377,29,27.585365853658537,0.07692307692307693,0.0,0.0,8.810875331564986,nan,nan
4605892,10.0,7,678,2,3,41,2,20.5,0.04878048780487805,0.0,0.0,15.487804878048781,nan,nan
4668185,10.0,7,641,7,6,372,41,21.056603773584907,0.11021505376344086,0.0,0.029411764705882353,8.945967741935483,nan,nan
4705097,10.0,7,659,4,4,451,34,38.11267605633803,0.07538802660753881,0.0,0.125,6.544345898004434,nan,nan
4724133,10.0,7,650,4,4,454,40,28.375,0.0881057268722467,0.0,0.0,6.753964757709252,nan,nan
4749525,10.0,7,805,3,2,526,21,64.40816326530613,0.039923954372623575,0.0,0.07142857142857142,5.828136882129278,nan,nan
4754626,10.0,7,1144,5,4,433,35,30.928571428571427,0.08083140877598152,0.0,0.038461538461538464,6.558198614318706,nan,nan
4754956,10.0,7,647,5,4,419,53,22.24778761061947,0.12649164677804295,0.0,0.05555555555555555,7.189737470167064,nan,nan
4775763,10.0,7,718,6,5,449,28,35.92,0.062360801781737196,0.0,0.05,6.553229398663698,nan,nan
4785421,10.0,7,773,4,4,460,20,49.285714285714285,0.043478260869565216,0.0,0.0,6.523695652173913,nan,nan
4789937,10.0,7,678,4,4,524,30,46.23529411764706,0.05725190839694656,0.0,0.11764705882352941,7.3395038167938935,nan,nan
4792515,10.0,7,705,7,6,236,10,29.5,0.0423728813559322,0.0,0.0,9.870762711864407,nan,nan
4811115,10.0,7,643,4,3,483,27,41.4,0.055900621118012424,0.0,0.0,7.0351966873706,nan,nan
4824328,10.0,7,688,4,3,355,20,38.035714285714285,0.056338028169014086,0.0,0.0,6.630704225352113,nan,nan
4861227,10.0,7,710,7,6,240,20,22.5,0.08333333333333333,0.0,0.07142857142857142,7.4470833333333335,nan,nan
4861687,10.0,7,746,8,7,302,43,15.894736842105264,0.1423841059602649,0.0,0.02702702702702703,7.2870860927152314,nan,nan
4862222,10.0,7,670,4,3,486,59,22.43076923076923,0.12139917695473251,0.0,0.018867924528301886,7.055349794238683,nan,nan
4862380,10.0,7,660,3,2,522,32,41.21052631578947,0.06130268199233716,0.0,0.0,6.564942528735632,nan,nan
4865550,10.0,7,642,5,5,382,51,20.105263157894736,0.13350785340314136,0.0,0.05128205128205128,7.9235602094240845,nan,nan
4865558,10.0,7,649,5,4,503,80,17.964285714285715,0.15904572564612326,0.0,0.05084745762711865,7.453280318091451,nan,nan
4912927,10.0,7,674,2,1,638,147,13.064846416382252,0.2304075235109718,0.0,0.007407407407407408,7.137147335423197,nan,nan
4915833,10.0,7,675,4,3,479,55,26.12727272727273,0.11482254697286012,0.0,0.1,8.269937369519834,nan,nan
4940890,10.0,7,683,3,2,530,48,33.473684210526315,0.09056603773584905,0.0,0.11538461538461539,7.639245283018869,nan,nan
5244934,10.0,7,656,6,6,274,16,32.23529411764706,0.058394160583941604,0.0,0.1111111111111111,9.755839416058393,nan,nan
5351422,10.0,7,654,4,3,487,52,28.096153846153847,0.10677618069815195,0.0,0.1111111111111111,7.751950718685832,nan,nan
5477477,10.0,7,678,2,2,586,118,16.27777777777778,0.20136518771331058,0.0,0.10144927536231885,6.925938566552901,nan,nan
5499001,10.0,7,670,2,1,632,110,20.608695652173914,0.17405063291139242,0.0,0.05263157894736842,7.256170886075949,nan,nan
5503058,10.0,7,916,6,5,414,42,30.29268292682927,0.10144927536231885,0.0,0.18181818181818182,9.732608695652175,nan,nan
5503168,10.0,7,695,6,5,336,16,36.0,0.047619047619047616,0.0,0.0,10.580654761904762,nan,nan
5503359,10.0,7,716,6,6,319,15,35.44444444444444,0.047021943573667714,0.0,0.0,8.073354231974921,nan,nan
5540718,10.0,7,663,6,6,333,32,22.704545454545453,0.0960960960960961,0.0,0.0,7.442342342342343,nan,nan
5540722,10.0,7,691,5,5,426,22,42.6,0.051643192488262914,0.0,0.0625,6.120422535211268,nan,nan
5540733,10.0,7,641,4,3,490,30,43.88059701492537,0.061224489795918366,0.0,0.13333333333333333,5.14,nan,nan
5540847,10.0,7,869,6,6,375,17,43.26923076923077,0.04533333333333334,0.0,0.1111111111111111,5.6466666666666665,nan,nan
5547018,10.0,7,649,6,5,388,50,20.243478260869566,0.12886597938144329,0.0,0.05555555555555555,7.04458762886598,nan,nan
5565253,10.0,7,670,4,5,385,17,52.5,0.04415584415584416,0.0,0.125,6.005714285714285,nan,nan
5615881,10.0,7,1051,6,6,357,31,26.444444444444443,0.08683473389355742,0.0,0.043478260869565216,6.859383753501401,nan,nan
5615968,10.0,7,642,6,5,378,56,19.894736842105264,0.14814814814814814,0.0,0.16,7.405291005291005,nan,nan
5615986,10.0,7,685,5,4,343,28,28.985915492957748,0.08163265306122448,0.0,0.05,6.740233236151604,nan,nan
5615988,10.0,7,671,6,5,356,28,30.514285714285716,0.07865168539325842,0.0,0.15384615384615385,6.662078651685393,nan,nan
5616015,10.0,7,657,2,1,624,105,24.31168831168831,0.16826923076923078,0.0,0.5263157894736842,6.739743589743591,nan,nan
5633515,10.0,7,663,6,5,410,32,27.954545454545453,0.07804878048780488,0.0,0.0,7.325609756097561,nan,nan
5692189,10.0,7,1527,6,5,401,27,30.846153846153847,0.06733167082294264,0.0,0.0,7.170324189526185,nan,nan
5705278,10.0,7,643,8,7,323,34,19.38,0.10526315789473684,0.0,0.0,7.945820433436532,nan,nan
5705752,10.0,7,682,5,4,434,31,31.75609756097561,0.07142857142857142,0.0,0.0,6.651152073732718,nan,nan
5706077,10.0,7,656,5,5,382,27,30.972972972972972,0.07068062827225131,0.0,0.0,6.627225130890052,nan,nan
5706137,10.0,7,737,7,7,173,9,22.565217391304348,0.05202312138728324,0.0,0.0,7.961271676300578,nan,nan
5715345,10.0,7,923,4,3,491,34,36.825,0.06924643584521385,0.0,0.037037037037037035,5.476985743380855,nan,nan
5771585,10.0,7,720,6,5,355,12,44.375,0.03380281690140845,0.0,0.0,6.572957746478873,nan,nan
5771621,10.0,7,675,6,5,379,14,43.73076923076923,0.036939313984168866,0.0,0.0,6.244063324538258,nan,nan
5772092,10.0,7,729,8,7,335,25,24.51219512195122,0.07462686567164178,0.0,0.0,6.748059701492537,nan,nan
5772102,10.0,7,725,5,4,359,20,35.9,0.055710306406685235,0.0,0.0,5.966016713091922,nan,nan
5772192,10.0,7,706,7,6,381,22,31.75,0.05774278215223097,0.0,0.0,5.949343832020997,nan,nan
5874746,10.0,7,729,6,6,364,27,28.0,0.07417582417582418,0.0,0.0,6.996428571428571,nan,nan
5874767,10.0,7,1278,8,7,245,12,26.25,0.04897959183673469,0.0,0.0,6.8946938775510205,nan,nan
5874769,10.0,7,649,6,6,322,18,32.2,0.055900621118012424,0.0,0.0,6.9639751552795035,nan,nan
5874787,10.0,7,1064,5,5,225,13,29.347826086956523,0.057777777777777775,0.0,0.0,4.852444444444444,nan,nan
5875173,10.0,7,712,4,4,95,5,21.923076923076923,0.05263157894736842,0.0,0.0,5.872631578947368,nan,nan
5882173,10.0,7,665,8,7,273,26,19.5,0.09523809523809523,0.0,0.0,7.037362637362637,nan,nan
5969330,10.0,7,721,6,5,459,89,13.633663366336634,0.19389978213507625,0.0,0.0,7.973202614379084,nan,nan
5969331,10.0,7,706,6,5,359,34,27.265822784810126,0.0947075208913649,0.0,0.11764705882352941,7.832033426183844,nan,nan
5969362,10.0,7,672,5,5,449,23,40.81818181818182,0.051224944320712694,0.0,0.0,6.557238307349666,nan,nan
6058407,10.0,7,696,7,7,329,37,19.352941176470587,0.11246200607902736,0.0,0.0,7.476291793313069,nan,nan
6062407,10.0,7,666,7,6,333,27,24.365853658536587,0.08108108108108109,0.0,0.0,7.115315315315316,nan,nan
6109129,10.0,7,721,4,3,482,21,54.56603773584906,0.043568464730290454,0.0,0.07142857142857142,5.7850622406639,nan,nan
6148097,10.0,7,725,4,4,458,38,34.35,0.08296943231441048,0.0,0.1,5.335807860262009,nan,nan
6148143,10.0,7,677,5,4,437,24,38.55882352941177,0.05491990846681922,0.0,0.0,5.551945080091532,nan,nan
6148208,10.0,7,646,3,3,319,42,21.50561797752809,0.13166144200626959,0.0,0.03125,5.850783699059561,nan,nan
6190357,10.0,7,710,2,2,494,30,51.10344827586207,0.06072874493927125,0.0,0.14285714285714285,5.513562753036437,nan,nan
6193396,10.0,7,658,6,5,370,11,48.26086956521739,0.02972972972972973,0.0,0.0,6.507027027027027,nan,nan
6193436,10.0,7,666,5,6,94,10,14.1,0.10638297872340426,0.0,0.0,10.94468085106383,nan,nan
4216956,10.0,8,910,6,5,363,37,22.224489795918366,0.10192837465564739,0.0,0.0,5.509641873278237,nan,nan
4272243,10.0,8,646,2,1,600,119,14.937759336099585,0.19833333333333333,0.0,0.009009009009009009,6.961833333333334,nan,nan
4344977,10.0,8,1187,5,5,384,66,16.225352112676056,0.171875,0.0,0.04,7.565885416666667,nan,nan
4350946,10.0,8,690,5,5,394,17,43.77777777777778,0.04314720812182741,0.0,0.0,7.2626903553299496,nan,nan
4351935,10.0,8,775,6,5,369,28,27.675,0.07588075880758807,0.0,0.0,6.507859078590786,nan,nan
4352377,10.0,8,716,5,4,428,28,33.78947368421053,0.06542056074766354,0.0,0.0,6.428504672897197,nan,nan
4358853,10.0,8,666,4,3,528,21,59.77358490566038,0.03977272727272727,0.0,0.07142857142857142,6.123484848484848,nan,nan
4359232,10.0,8,681,3,2,590,141,12.291666666666666,0.23898305084745763,0.0,0.007575757575757576,7.187627118644068,nan,nan
4370045,10.0,8,720,4,3,467,64,23.15702479338843,0.13704496788008566,0.0,0.13793103448275862,6.989079229122056,nan,nan
4389353,10.0,8,650,5,4,462,60,21.488372093023255,0.12987012987012986,0.0,0.046511627906976744,8.213852813852814,nan,nan
4389414,10.0,8,645,5,5,422,48,25.06930693069307,0.11374407582938388,0.0,0.07142857142857142,8.966113744075829,nan,nan
4392729,10.0,8,652,4,3,478,43,32.96551724137931,0.0899581589958159,0.0,0.038461538461538464,8.417573221757323,nan,nan
4393045,10.0,8,936,4,3,438,34,31.285714285714285,0.0776255707762557,0.0,0.0,7.617579908675799,nan,nan
4440451,10.0,8,657,3,2,546,83,25.3953488372093,0.152014652014652,0.0,0.16666666666666666,7.26978021978022,nan,nan
4443744,10.0,8,710,7,6,399,72,16.97872340425532,0.18045112781954886,0.0,0.05555555555555555,9.140100250626567,nan,nan
4448887,10.0,8,666,6,6,333,16,35.67857142857143,0.04804804804804805,0.0,0.0,7.816516516516517,nan,nan
4469551,10.0,8,670,4,3,512,70,23.813953488372093,0.13671875,0.0,0.125,7.1435546875,nan,nan
4472905,10.0,8,816,4,3,463,39,36.077922077922075,0.08423326133909287,0.0,0.2,7.47257019438445,nan,nan
4473229,10.0,8,673,4,4,446,35,31.11627906976744,0.07847533632286996,0.0,0.0,8.129372197309417,nan,nan
4481970,10.0,8,642,3,2,494,26,52.92857142857143,0.05263157894736842,0.0,0.06666666666666667,7.125708502024291,nan,nan
4482888,10.0,8,647,1,0,647,89,26.589041095890412,0.1375579598145286,0.0,0.06818181818181818,7.328438948995363,nan,nan
4487550,10.0,8,653,4,3,480,37,32.0,0.07708333333333334,0.0,0.0,7.6120833333333335,nan,nan
4487946,10.0,8,710,2,1,227,32,22.7,0.14096916299559473,0.0,0.13333333333333333,8.143612334801762,nan,nan
4504164,10.0,8,649,5,5,364,28,28.736842105263158,0.07692307692307693,0.0,0.0,8.989285714285714,nan,nan
4527487,10.0,8,671,4,5,134,7,26.8,0.05223880597014925,0.0,0.0,14.49179104477612,nan,nan
4544584,10.0,8,672,4,3,540,31,44.38356164383562,0.05740740740740741,0.0,0.041666666666666664,5.945555555555555,nan,nan
4547202,10.0,8,696,5,4,436,25,37.371428571428574,0.05733944954128441,0.0,0.0,5.589449541284404,nan,nan
4559519,10.0,8,991,6,5,358,31,24.976744186046513,0.08659217877094973,0.0,0.0,5.919832402234637,nan,nan
4575701,10.0,8,700,2,1,657,158,12.166666666666666,0.2404870624048706,0.0,0.0,7.10882800608828,nan,nan
4579744,10.0,8,678,6,5,377,29,27.585365853658537,0.07692307692307693,0.0,0.0,8.717771883289124,nan,nan
4605892,10.0,8,678,2,3,41,2,20.5,0.04878048780487805,0.0,0.0,14.556097560975608,nan,nan
4668185,10.0,8,641,7,6,372,41,20.29090909090909,0.11021505376344086,0.0,0.0,8.329032258064517,nan,nan
4705097,10.0,8,659,4,4,451,34,32.214285714285715,0.07538802660753881,0.0,0.0,6.2929046563192905,nan,nan
4724133,10.0,8,650,4,4,454,40,28.375,0.0881057268722467,0.0,0.0,6.7132158590308375,nan,nan
4749525,10.0,8,805,3,2,526,21,64.40816326530613,0.039923954372623575,0.0,0.07142857142857142,6.222433460076045,nan,nan
4754626,10.0,8,1144,5,4,433,35,30.564705882352943,0.08083140877598152,0.0,0.037037037037037035,6.331639722863741,nan,nan
4754956,10.0,8,647,5,4,419,53,21.487179487179485,0.12649164677804295,0.0,0.023809523809523808,7.423150357995227,nan,nan
4775763,10.0,8,718,6,5,449,28,36.9041095890411,0.062360801781737196,0.0,0.05263157894736842,6.714031180400891,nan,nan
4785421,10.0,8,773,4,4,460,20,49.285714285714285,0.043478260869565216,0.0,0.0,6.335434782608696,nan,nan
4789937,10.0,8,678,4,4,524,30,44.91428571428571,0.05725190839694656,0.0,0.047619047619047616,6.259923664122137,nan,nan
4792515,10.0,8,705,7,6,236,10,29.5,0.0423728813559322,0.0,0.0,7.901694915254237,nan,nan
4811115,10.0,8,643,4,3,483,27,41.4,0.055900621118012424,0.0,0.0,6.166045548654244,nan,nan
4824328,10.0,8,688,4,3,355,20,38.035714285714285,0.056338028169014086,0.0,0.0,6.0456338028169005,nan,nan
4861227,10.0,8,710,7,6,240,20,21.176470588235293,0.08333333333333333,0.0,0.0,8.17875,nan,nan
4861687,10.0,8,746,8,7,302,43,15.35593220338983,0.1423841059602649,0.0,0.0,6.054635761589404,nan,nan
4862222,10.0,8,670,4,3,486,59,21.761194029850746,0.12139917695473251,0.0,0.0,5.977983539094651,nan,nan
4862380,10.0,8,660,3,2,522,32,41.21052631578947,0.06130268199233716,0.0,0.0,6.3373563218390805,nan,nan
4865550,10.0,8,642,5,5,382,51,18.78688524590164,0.13350785340314136,0.0,0.0,7.572774869109948,nan,nan
4865558,10.0,8,649,5,4,503,80,17.857988165680474,0.15904572564612326,0.0,0.031746031746031744,7.388469184890656,nan,nan
4912927,10.0,8,674,2,1,638,147,13.064846416382252,0.2304075235109718,0.0,0.007407407407407408,7.160188087774294,nan,nan
4915833,10.0,8,675,4,3,479,55,25.210526315789473,0.11482254697286012,0.0,0.05405405405405406,7.577244258872652,nan,nan
4940890,10.0,8,683,3,2,530,48,33.125,0.09056603773584905,0.0,0.06666666666666667,6.733018867924528,nan,nan
5244934,10.0,8,656,6,6,274,16,32.23529411764706,0.058394160583941604,0.0,0.1111111111111111,12.63941605839416,nan,nan
5351422,10.0,8,654,4,3,487,52,26.089285714285715,0.10677618069815195,0.0,0.024390243902439025,6.393839835728953,nan,nan
5477477,10.0,8,678,2,2,586,118,14.711297071129707,0.20136518771331058,0.0,0.00909090909090909,8.21962457337884,nan,nan
5499001,10.0,8,670,2,1,632,110,20.608695652173914,0.17405063291139242,0.0,0.05263157894736842,5.921044303797468,nan,nan
5503058,10.0,8,916,6,5,414,42,30.29268292682927,0.10144927536231885,0.0,0.18181818181818182,9.479468599033817,nan,nan
5503168,10.0,8,695,6,5,336,16,36.0,0.047619047619047616,0.0,0.0,9.258035714285715,nan,nan
5503359,10.0,8,716,6,6,319,15,35.44444444444444,0.047021943573667714,0.0,0.0,8.373040752351097,nan,nan
5540718,10.0,8,663,6,6,333,32,22.704545454545453,0.0960960960960961,0.0,0.0,6.771471471471472,nan,nan
5540722,10.0,8,691,5,5,426,22,39.9375,0.051643192488262914,0.0,0.0,5.627699530516432,nan,nan
5540733,10.0,8,641,4,3,490,30,41.40845070422535,0.061224489795918366,0.0,0.045454545454545456,6.312448979591837,nan,nan
5540847,10.0,8,869,6,6,375,17,43.26923076923077,0.04533333333333334,0.0,0.1111111111111111,6.105066666666667,nan,nan
5547018,10.0,8,649,6,5,388,50,19.563025210084035,0.12886597938144329,0.0,0.023255813953488372,6.634536082474226,nan,nan
5565253,10.0,8,670,4,5,385,17,52.5,0.04415584415584416,0.0,0.125,6.340519480519481,nan,nan
5615881,10.0,8,1051,6,6,357,31,26.444444444444443,0.08683473389355742,0.0,0.043478260869565216,7.011204481792717,nan,nan
5615968,10.0,8,642,6,5,378,56,19.894736842105264,0.14814814814814814,0.0,0.16,7.384126984126984,nan,nan
5615986,10.0,8,685,5,4,343,28,29.82608695652174,0.08163265306122448,0.0,0.05263157894736842,6.592419825072886,nan,nan
5615988,10.0,8,671,6,5,356,28,28.48,0.07865168539325842,0.0,0.05,7.175561797752809,nan,nan
5616015,10.0,8,657,2,1,624,105,23.11111111111111,0.16826923076923078,0.0,0.25806451612903225,6.914583333333333,nan,nan
5633515,10.0,8,663,6,5,410,32,27.954545454545453,0.07804878048780488,0.0,0.0,7.880243902439025,nan,nan
5692189,10.0,8,1527,6,5,401,27,30.846153846153847,0.06733167082294264,0.0,0.0,7.633416458852868,nan,nan
5705278,10.0,8,643,8,7,323,34,19.38,0.10526315789473684,0.0,0.0,7.602167182662539,nan,nan
5705752,10.0,8,682,5,4,434,31,31.75609756097561,0.07142857142857142,0.0,0.0,5.989170506912443,nan,nan
5706077,10.0,8,656,5,5,382,27,30.972972972972972,0.07068062827225131,0.0,0.0,5.8353403141361255,nan,nan
5706137,10.0,8,737,7,7,173,9,22.565217391304348,0.05202312138728324,0.0,0.0,7.702312138728324,nan,nan
5715345,10.0,8,923,4,3,491,34,35.07142857142857,0.06924643584521385,0.0,0.0,5.7521384928716905,nan,nan
5771585,10.0,8,720,6,5,355,12,44.375,0.03380281690140845,0.0,0.0,6.705915492957746,nan,nan
5771621,10.0,8,675,6,5,379,14,43.73076923076923,0.036939313984168866,0.0,0.0,5.60976253298153,nan,nan
5772092,10.0,8,729,8,7,335,25,24.51219512195122,0.07462686567164178,0.0,0.0,5.0913432835820895,nan,nan
5772102,10.0,8,725,5,4,359,20,35.9,0.055710306406685235,0.0,0.0,5.589972144846796,nan,nan
5772192,10.0,8,706,7,6,381,22,31.75,0.05774278215223097,0.0,0.0,5.297112860892389,nan,nan
5874746,10.0,8,729,6,6,364,27,28.0,0.07417582417582418,0.0,0.0,3.9942307692307697,nan,nan
5874767,10.0,8,1278,8,7,245,12,26.25,0.04897959183673469,0.0,0.0,6.15265306122449,nan,nan
5874769,10.0,8,649,6,6,322,18,32.2,0.055900621118012424,0.0,0.0,6.651552795031057,nan,nan
5874787,10.0,8,1064,5,5,225,13,29.347826086956523,0.057777777777777775,0.0,0.0,6.637777777777778,nan,nan
5875173,10.0,8,712,4,4,95,5,21.923076923076923,0.05263157894736842,0.0,0.0,7.5873684210526315,nan,nan
5882173,10.0,8,665,8,7,273,26,19.5,0.09523809523809523,0.0,0.0,6.7534798534798535,nan,nan
5969330,10.0,8,721,6,5,459,89,13.633663366336634,0.19389978213507625,0.0,0.0,7.200871459694989,nan,nan
5969331,10.0,8,706,6,5,359,34,27.265822784810126,0.0947075208913649,0.0,0.11764705882352941,7.733426183844012,nan,nan
5969362,10.0,8,672,5,5,449,23,40.81818181818182,0.051224944320712694,0.0,0.0,6.334075723830735,nan,nan
6058407,10.0,8,696,7,7,329,37,19.352941176470587,0.11246200607902736,0.0,0.0,7.119756838905776,nan,nan
6062407,10.0,8,666,7,6,333,27,24.365853658536587,0.08108108108108109,0.0,0.0,6.386486486486486,nan,nan
6109129,10.0,8,721,4,3,482,21,54.56603773584906,0.043568464730290454,0.0,0.07142857142857142,6.081120331950207,nan,nan
6148097,10.0,8,725,4,4,458,38,34.35,0.08296943231441048,0.0,0.1,6.286244541484716,nan,nan
6148143,10.0,8,677,5,4,437,24,38.55882352941177,0.05491990846681922,0.0,0.0,5.049427917620137,nan,nan
6148208,10.0,8,646,3,3,319,42,21.50561797752809,0.13166144200626959,0.0,0.03125,6.038871473354233,nan,nan
6190357,10.0,8,710,2,2,494,30,47.806451612903224,0.06072874493927125,0.0,0.047619047619047616,5.794534412955466,nan,nan
6193396,10.0,8,658,6,5,370,11,48.26086956521739,0.02972972972972973,0.0,0.0,7.755405405405406,nan,nan
6193436,10.0,8,666,5,6,94,10,14.1,0.10638297872340426,0.0,0.0,10.61276595744681,nan,nan
4216956,10.0,9,910,6,5,363,37,22.224489795918366,0.10192837465564739,0.0,0.0,6.537465564738292,nan,nan
4272243,10.0,9,646,2,1,600,119,14.634146341463415,0.19833333333333333,0.0,0.0,6.4235,nan,nan
4344977,10.0,9,1187,5,5,384,66,15.157894736842104,0.171875,0.0,0.0,7.34375,nan,nan
4350946,10.0,9,690,5,5,394,17,43.77777777777778,0.04314720812182741,0.0,0.0,7.553299492385787,nan,nan
4351935,10.0,9,775,6,5,369,28,27.675,0.07588075880758807,0.0,0.0,6.092411924119241,nan,nan
4352377,10.0,9,716,5,4,428,28,33.78947368421053,0.06542056074766354,0.0,0.0,5.2530373831775705,nan,nan
4358853,10.0,9,666,4,3,528,21,54.62068965517241,0.03977272727272727,0.0,0.0,5.542234848484849,nan,nan
4359232,10.0,9,681,3,2,590,141,12.291666666666666,0.23898305084745763,0.0,0.007575757575757576,5.945762711864407,nan,nan
4370045,10.0,9,720,4,3,467,64,22.238095238095237,0.13704496788008566,0.0,0.08108108108108109,6.700428265524625,nan,nan
4389353,10.0,9,650,5,4,462,60,20.842105263157894,0.12987012987012986,0.0,0.02,7.239177489177489,nan,nan
4389414,10.0,9,645,5,5,422,48,23.88679245283019,0.11374407582938388,0.0,0.027777777777777776,8.580331753554503,nan,nan
4392729,10.0,9,652,4,3,478,43,32.96551724137931,0.0899581589958159,0.0,0.038461538461538464,7.948953974895398,nan,nan
4393045,10.0,9,936,4,3,438,34,31.285714285714285,0.0776255707762557,0.0,0.0,7.495205479452055,nan,nan
4440451,10.0,9,657,3,2,546,83,24.44776119402985,0.152014652014652,0.0,0.0967741935483871,7.971062271062271,nan,nan
4443744,10.0,9,710,7,6,399,72,16.397260273972602,0.18045112781954886,0.0,0.023255813953488372,11.442606516290727,nan,nan
4448887,10.0,9,666,6,6,333,16,35.67857142857143,0.04804804804804805,0.0,0.0,9.55945945945946,nan,nan
4469551,10.0,9,670,4,3,512,70,22.925373134328357,0.13671875,0.0,0.075,7.85,nan,nan
4472905,10.0,9,816,4,3,463,39,33.8780487804878,0.08423326133909287,0.0,0.08695652173913043,7.844924406047515,nan,nan
4473229,10.0,9,673,4,4,446,35,31.11627906976744,0.07847533632286996,0.0,0.0,6.859192825112107,nan,nan
4481970,10.0,9,642,3,2,494,26,52.92857142857143,0.05263157894736842,0.0,0.06666666666666667,6.603238866396761,nan,nan
4482888,10.0,9,647,1,0,647,89,26.77241379310345,0.1375579598145286,0.0,0.06976744186046512,6.320092735703246,nan,nan
4487550,10.0,9,653,4,3,480,37,32.0,0.07708333333333334,0.0,0.0,8.209791666666666,nan,nan
4487946,10.0,9,710,2,1,227,32,20.953846153846154,0.14096916299559473,0.0,0.045454545454545456,7.629074889867841,nan,nan
4504164,10.0,9,649,5,5,364,28,28.736842105263158,0.07692307692307693,0.0,0.0,8.65576923076923,nan,nan
4527487,10.0,9,671,4,5,134,7,26.8,0.05223880597014925,0.0,0.0,15.09179104477612,nan,nan
4544584,10.0,9,672,4,3,540,31,41.53846153846154,0.05740740740740741,0.0,0.0,7.09962962962963,nan,nan
4547202,10.0,9,696,5,4,436,25,37.371428571428574,0.05733944954128441,0.0,0.0,6.197477064220183,nan,nan
4559519,10.0,9,991,6,5,358,31,24.976744186046513,0.08659217877094973,0.0,0.0,6.601396648044693,nan,nan
4575701,10.0,9,700,2,1,657,158,12.166666666666666,0.2404870624048706,0.0,0.0,6.886605783866058,nan,nan
4579744,10.0,9,678,6,5,377,29,27.585365853658537,0.07692307692307693,0.0,0.0,8.167374005305039,nan,nan
4605892,10.0,9,678,2,3,41,2,20.5,0.04878048780487805,0.0,0.0,14.675609756097563,nan,nan
4668185,10.0,9,641,7,6,372,41,20.29090909090909,0.11021505376344086,0.0,0.0,8.618279569892474,nan,nan
4705097,10.0,9,659,4,4,451,34,32.214285714285715,0.07538802660753881,0.0,0.0,6.065853658536585,nan,nan
4724133,10.0,9,650,4,4,454,40,28.375,0.0881057268722467,0.0,0.0,5.768281938325992,nan,nan
4749525,10.0,9,805,3,2,526,21,58.44444444444444,0.039923954372623575,0.0,0.0,5.3811787072243344,nan,nan
4754626,10.0,9,1144,5,4,433,35,28.866666666666667,0.08083140877598152,0.0,0.0,6.928637413394919,nan,nan
4754956,10.0,9,647,5,4,419,53,21.487179487179485,0.12649164677804295,0.0,0.023809523809523808,7.639618138424821,nan,nan
4775763,10.0,9,718,6,5,449,28,33.675,0.062360801781737196,0.0,0.0,6.765478841870824,nan,nan
4785421,10.0,9,773,4,4,460,20,49.285714285714285,0.043478260869565216,0.0,0.0,5.930000000000001,nan,nan
4789937,10.0,9,678,4,4,524,30,41.36842105263158,0.05725190839694656,0.0,0.0,6.198091603053435,nan,nan
4792515,10.0,9,705,7,6,236,10,29.5,0.0423728813559322,0.0,0.0,6.7101694915254235,nan,nan
4811115,10.0,9,643,4,3,483,27,41.4,0.055900621118012424,0.0,0.0,5.6082815734989655,nan,nan
4824328,10.0,9,688,4,3,355,20,38.035714285714285,0.056338028169014086,0.0,0.0,6.286478873239436,nan,nan
4861227,10.0,9,710,7,6,240,20,21.176470588235293,0.08333333333333333,0.0,0.0,7.035,nan,nan
4861687,10.0,9,746,8,7,302,43,15.35593220338983,0.1423841059602649,0.0,0.0,7.103642384105961,nan,nan
4862222,10.0,9,670,4,3,486,59,21.761194029850746,0.12139917695473251,0.0,0.0,6.4905349794238685,nan,nan
4862380,10.0,9,660,3,2,522,32,41.21052631578947,0.06130268199233716,0.0,0.0,6.159195402298851,nan,nan
4865550,10.0,9,642,5,5,382,51,18.78688524590164,0.13350785340314136,0.0,0.0,7.3238219895287955,nan,nan
4865558,10.0,9,649,5,4,503,80,17.344827586206897,0.15904572564612326,0.0,0.014084507042253521,7.718886679920477,nan,nan
4912927,10.0,9,674,2,1,638,147,13.064846416382252,0.2304075235109718,0.0,0.007407407407407408,7.568808777429466,nan,nan
4915833,10.0,9,675,4,3,479,55,25.210526315789473,0.11482254697286012,0.0,0.05405405405405406,8.932359081419625,nan,nan
4940890,10.0,9,683,3,2,530,48,31.485148514851485,0.09056603773584905,0.0,0.02631578947368421,7.943396226415095,nan,nan
5244934,10.0,9,656,6,6,274,16,29.357142857142858,0.058394160583941604,0.0,0.0,11.107299270072993,nan,nan
5351422,10.0,9,654,4,3,487,52,26.089285714285715,0.10677618069815195,0.0,0.024390243902439025,6.852156057494867,nan,nan
5477477,10.0,9,678,2,2,586,118,14.40983606557377,0.20136518771331058,0.0,0.0,7.467576791808874,nan,nan
5499001,10.0,9,670,2,1,632,110,20.721311475409838,0.17405063291139242,0.0,0.05263157894736842,7.271202531645569,nan,nan
5503058,10.0,9,916,6,5,414,42,30.29268292682927,0.10144927536231885,0.0,0.18181818181818182,8.15144927536232,nan,nan
5503168,10.0,9,695,6,5,336,16,36.0,0.047619047619047616,0.0,0.0,7.88422619047619,nan,nan
5503359,10.0,9,716,6,6,319,15,35.44444444444444,0.047021943573667714,0.0,0.0,7.542006269592477,nan,nan
5540718,10.0,9,663,6,6,333,32,22.704545454545453,0.0960960960960961,0.0,0.0,5.696696696696697,nan,nan
5540722,10.0,9,691,5,5,426,22,39.9375,0.051643192488262914,0.0,0.0,4.276291079812206,nan,nan
5540733,10.0,9,641,4,3,490,30,38.68421052631579,0.061224489795918366,0.0,0.0,5.157959183673469,nan,nan
5540847,10.0,9,869,6,6,375,17,43.26923076923077,0.04533333333333334,0.0,0.1111111111111111,3.8546666666666667,nan,nan
5547018,10.0,9,649,6,5,388,50,18.774193548387096,0.12886597938144329,0.0,0.0,6.556443298969072,nan,nan
5565253,10.0,9,670,4,5,385,17,52.5,0.04415584415584416,0.0,0.125,5.315324675324676,nan,nan
5615881,10.0,9,1051,6,6,357,31,24.906976744186046,0.08683473389355742,0.0,0.0,6.53109243697479,nan,nan
5615968,10.0,9,642,6,5,378,56,17.58139534883721,0.14814814814814814,0.0,0.021739130434782608,7.16031746031746,nan,nan
5615986,10.0,9,685,5,4,343,28,27.07894736842105,0.08163265306122448,0.0,0.0,6.384839650145772,nan,nan
5615988,10.0,9,671,6,5,356,28,26.7,0.07865168539325842,0.0,0.0,6.048595505617978,nan,nan
5616015,10.0,9,657,2,1,624,105,18.26341463414634,0.16826923076923078,0.0,0.022988505747126436,6.9735576923076925,nan,nan
5633515,10.0,9,663,6,5,410,32,27.954545454545453,0.07804878048780488,0.0,0.0,6.393658536585366,nan,nan
5692189,10.0,9,1527,6,5,401,27,30.846153846153847,0.06733167082294264,0.0,0.0,8.404488778054862,nan,nan
5705278,10.0,9,643,8,7,323,34,19.38,0.10526315789473684,0.0,0.0,7.26687306501548,nan,nan
5705752,10.0,9,682,5,4,434,31,31.75609756097561,0.07142857142857142,0.0,0.0,6.4149769585253456,nan,nan
5706077,10.0,9,656,5,5,382,27,30.972972972972972,0.07068062827225131,0.0,0.0,6.128534031413612,nan,nan
5706137,10.0,9,737,7,7,173,9,22.565217391304348,0.05202312138728324,0.0,0.0,7.509248554913294,nan,nan
5715345,10.0,9,923,4,3,491,34,35.07142857142857,0.06924643584521385,0.0,0.0,5.7348268839103875,nan,nan
5771585,10.0,9,720,6,5,355,12,44.375,0.03380281690140845,0.0,0.0,7.135492957746479,nan,nan
5771621,10.0,9,675,6,5,379,14,43.73076923076923,0.036939313984168866,0.0,0.0,7.200527704485488,nan,nan
5772092,10.0,9,729,8,7,335,25,24.51219512195122,0.07462686567164178,0.0,0.0,6.553432835820896,nan,nan
5772102,10.0,9,725,5,4,359,20,35.9,0.055710306406685235,0.0,0.0,5.576044568245125,nan,nan
5772192,10.0,9,706,7,6,381,22,31.75,0.05774278215223097,0.0,0.0,5.9,nan,nan
5874746,10.0,9,729,6,6,364,27,28.0,0.07417582417582418,0.0,0.0,6.37445054945055,nan,nan
5874767,10.0,9,1278,8,7,245,12,26.25,0.04897959183673469,0.0,0.0,6.882857142857143,nan,nan
5874769,10.0,9,649,6,6,322,18,32.2,0.055900621118012424,0.0,0.0,6.317701863354037,nan,nan
5874787,10.0,9,1064,5,5,225,13,29.347826086956523,0.057777777777777775,0.0,0.0,5.77288888888889,nan,nan
5875173,10.0,9,712,4,4,95,5,21.923076923076923,0.05263157894736842,0.0,0.0,6.657894736842105,nan,nan
5882173,10.0,9,665,8,7,273,26,19.5,0.09523809523809523,0.0,0.0,6.821611721611721,nan,nan
5969330,10.0,9,721,6,5,459,89,13.633663366336634,0.19389978213507625,0.0,0.0,6.961437908496732,nan,nan
5969331,10.0,9,706,6,5,359,34,27.265822784810126,0.0947075208913649,0.0,0.11764705882352941,6.27966573816156,nan,nan
5969362,10.0,9,672,5,5,449,23,40.81818181818182,0.051224944320712694,0.0,0.0,4.974387527839643,nan,nan
6058407,10.0,9,696,7,7,329,37,19.352941176470587,0.11246200607902736,0.0,0.0,6.358966565349544,nan,nan
6062407,10.0,9,666,7,6,333,27,24.365853658536587,0.08108108108108109,0.0,0.0,5.976276276276276,nan,nan
6109129,10.0,9,721,4,3,482,21,49.86206896551724,0.043568464730290454,0.0,0.0,5.1842323651452284,nan,nan
6148097,10.0,9,725,4,4,458,38,32.32941176470588,0.08296943231441048,0.0,0.03571428571428571,6.132314410480349,nan,nan
6148143,10.0,9,677,5,4,437,24,38.55882352941177,0.05491990846681922,0.0,0.0,6.595881006864989,nan,nan
6148208,10.0,9,646,3,3,319,42,21.50561797752809,0.13166144200626959,0.0,0.03125,6.246708463949844,nan,nan
6190357,10.0,9,710,2,2,494,30,47.806451612903224,0.06072874493927125,0.0,0.047619047619047616,6.276315789473684,nan,nan
6193396,10.0,9,658,6,5,370,11,48.26086956521739,0.02972972972972973,0.0,0.0,7.635945945945946,nan,nan
6193436,10.0,9,666,5,6,94,10,14.1,0.10638297872340426,0.0,0.0,11.812765957446809,nan,nan
4216956,10.0,10,910,6,5,363,37,22.224489795918366,0.10192837465564739,0.0,0.0,6.2272727272727275,nan,nan
4272243,10.0,10,646,2,1,600,119,14.634146341463415,0.19833333333333333,0.0,0.0,6.952666666666667,nan,nan
4344977,10.0,10,1187,5,5,384,66,15.157894736842104,0.171875,0.0,0.0,6.252083333333334,nan,nan
4350946,10.0,10,690,5,5,394,17,43.77777777777778,0.04314720812182741,0.0,0.0,6.462182741116751,nan,nan
4351935,10.0,10,775,6,5,369,28,27.675,0.07588075880758807,0.0,0.0,7.288617886178862,nan,nan
4352377,10.0,10,716,5,4,428,28,33.78947368421053,0.06542056074766354,0.0,0.0,5.966121495327103,nan,nan
4358853,10.0,10,666,4,3,528,21,54.62068965517241,0.03977272727272727,0.0,0.0,6.14905303030303,nan,nan
4359232,10.0,10,681,3,2,590,141,12.040816326530612,0.23898305084745763,0.0,0.0,6.368983050847457,nan,nan
4370045,10.0,10,720,4,3,467,64,19.458333333333332,0.13704496788008566,0.0,0.0,7.3211991434689505,nan,nan
4389353,10.0,10,650,5,4,462,60,20.842105263157894,0.12987012987012986,0.0,0.02,8.033766233766233,nan,nan
4389414,10.0,10,645,5,5,422,48,21.82758620689655,0.11374407582938388,0.0,0.0,7.487677725118484,nan,nan
4392729,10.0,10,652,4,3,478,43,32.96551724137931,0.0899581589958159,0.0,0.038461538461538464,7.464016736401674,nan,nan
4393045,10.0,10,936,4,3,438,34,31.285714285714285,0.0776255707762557,0.0,0.0,6.817808219178082,nan,nan
4440451,10.0,10,657,3,2,546,83,18.40449438202247,0.152014652014652,0.0,0.0,5.668315018315019,nan,nan
4443744,10.0,10,710,7,6,399,72,16.285714285714285,0.18045112781954886,0.0,0.04878048780487805,8.970426065162906,nan,nan
4448887,10.0,10,666,6,6,333,16,35.67857142857143,0.04804804804804805,0.0,0.0,6.141441441441441,nan,nan
4469551,10.0,10,670,4,3,512,70,19.692307692307693,0.13671875,0.0,0.0,6.9431640625,nan,nan
4472905,10.0,10,816,4,3,463,39,31.93103448275862,0.08423326133909287,0.0,0.034482758620689655,6.761555075593952,nan,nan
4473229,10.0,10,673,4,4,446,35,31.11627906976744,0.07847533632286996,0.0,0.0,5.539461883408071,nan,nan
4481970,10.0,10,642,3,2,494,26,52.92857142857143,0.05263157894736842,0.0,0.06666666666666667,5.925708502024292,nan,nan
4482888,10.0,10,647,1,0,647,89,21.32967032967033,0.1375579598145286,0.0,0.0,6.2224111282843895,nan,nan
4487550,10.0,10,653,4,3,480,37,32.0,0.07708333333333334,0.0,0.0,6.910833333333333,nan,nan
4487946,10.0,10,710,2,1,227,32,18.916666666666668,0.14096916299559473,0.0,0.0,7.5753303964757706,nan,nan
4504164,10.0,10,649,5,5,364,28,28.736842105263158,0.07692307692307693,0.0,0.0,8.007417582417581,nan,nan
4527487,10.0,10,671,4,5,134,7,26.8,0.05223880597014925,0.0,0.0,10.484328358208955,nan,nan
4544584,10.0,10,672,4,3,540,31,41.53846153846154,0.05740740740740741,0.0,0.0,6.128703703703704,nan,nan
4547202,10.0,10,696,5,4,436,25,37.371428571428574,0.05733944954128441,0.0,0.0,6.180733944954129,nan,nan
4559519,10.0,10,991,6,5,358,31,24.976744186046513,0.08659217877094973,0.0,0.0,5.800279329608938,nan,nan
4575701,10.0,10,700,2,1,657,158,12.166666666666666,0.2404870624048706,0.0,0.0,7.403196347031963,nan,nan
4579744,10.0,10,678,6,5,377,29,27.585365853658537,0.07692307692307693,0.0,0.0,8.879310344827585,nan,nan
4605892,10.0,10,678,2,3,41,2,20.5,0.04878048780487805,0.0,0.0,12.304878048780488,nan,nan
4668185,10.0,10,641,7,6,372,41,20.29090909090909,0.11021505376344086,0.0,0.0,8.351612903225806,nan,nan
4705097,10.0,10,659,4,4,451,34,32.214285714285715,0.07538802660753881,0.0,0.0,6.8175166297117515,nan,nan
4724133,10.0,10,650,4,4,454,40,28.375,0.0881057268722467,0.0,0.0,5.875330396475771,nan,nan
4749525,10.0,10,805,3,2,526,21,58.44444444444444,0.039923954372623575,0.0,0.0,5.6226235741444865,nan,nan
4754626,10.0,10,1144,5,4,433,35,28.866666666666667,0.08083140877598152,0.0,0.0,5.05080831408776,nan,nan
4754956,10.0,10,647,5,4,419,53,21.487179487179485,0.12649164677804295,0.0,0.023809523809523808,5.469212410501193,nan,nan
4775763,10.0,10,718,6,5,449,28,33.675,0.062360801781737196,0.0,0.0,4.935189309576837,nan,nan
4785421,10.0,10,773,4,4,460,20,49.285714285714285,0.043478260869565216,0.0,0.0,4.634347826086957,nan,nan
4789937,10.0,10,678,4,4,524,30,41.36842105263158,0.05725190839694656,0.0,0.0,4.666412213740458,nan,nan
4792515,10.0,10,705,7,6,236,10,29.5,0.0423728813559322,0.0,0.0,5.056779661016949,nan,nan
4811115,10.0,10,643,4,3,483,27,41.4,0.055900621118012424,0.0,0.0,4.65879917184265,nan,nan
4824328,10.0,10,688,4,3,355,20,38.035714285714285,0.056338028169014086,0.0,0.0,4.702535211267606,nan,nan
4861227,10.0,10,710,7,6,240,20,21.176470588235293,0.08333333333333333,0.0,0.0,5.354583333333333,nan,nan
4861687,10.0,10,746,8,7,302,43,15.35593220338983,0.1423841059602649,0.0,0.0,5.381125827814569,nan,nan
4862222,10.0,10,670,4,3,486,59,21.761194029850746,0.12139917695473251,0.0,0.0,5.074074074074074,nan,nan
4862380,10.0,10,660,3,2,522,32,41.21052631578947,0.06130268199233716,0.0,0.0,4.786781609195402,nan,nan
4865550,10.0,10,642,5,5,382,51,18.78688524590164,0.13350785340314136,0.0,0.0,5.54109947643979,nan,nan
4865558,10.0,10,649,5,4,503,80,16.766666666666666,0.15904572564612326,0.0,0.0,7.751292246520875,nan,nan
4912927,10.0,10,674,2,1,638,147,13.064846416382252,0.2304075235109718,0.0,0.007407407407407408,7.457523510971786,nan,nan
4915833,10.0,10,675,4,3,479,55,22.80952380952381,0.11482254697286012,0.0,0.0,6.5096033402922755,nan,nan
4940890,10.0,10,683,3,2,530,48,31.485148514851485,0.09056603773584905,0.0,0.02631578947368421,5.345094339622642,nan,nan
5244934,10.0,10,656,6,6,274,16,29.357142857142858,0.058394160583941604,0.0,0.0,9.537956204379562,nan,nan
5351422,10.0,10,654,4,3,487,52,26.089285714285715,0.10677618069815195,0.0,0.024390243902439025,5.284188911704312,nan,nan
5477477,10.0,10,678,2,2,586,118,14.40983606557377,0.20136518771331058,0.0,0.0,5.683617747440273,nan,nan
5499001,10.0,10,670,2,1,632,110,20.063492063492063,0.17405063291139242,0.0,0.030303030303030304,5.590822784810126,nan,nan
5503058,10.0,10,916,6,5,414,42,30.29268292682927,0.10144927536231885,0.0,0.18181818181818182,8.17512077294686,nan,nan
5503168,10.0,10,695,6,5,336,16,36.0,0.047619047619047616,0.0,0.0,7.3047619047619055,nan,nan
5503359,10.0,10,716,6,6,319,15,35.44444444444444,0.047021943573667714,0.0,0.0,5.981191222570533,nan,nan
5540718,10.0,10,663,6,6,333,32,22.704545454545453,0.0960960960960961,0.0,0.0,5.063063063063063,nan,nan
5540722,10.0,10,691,5,5,426,22,39.9375,0.051643192488262914,0.0,0.0,4.663145539906103,nan,nan
5540733,10.0,10,641,4,3,490,30,38.68421052631579,0.061224489795918366,0.0,0.0,5.864285714285714,nan,nan
5540847,10.0,10,869,6,6,375,17,38.793103448275865,0.04533333333333334,0.0,0.0,5.713866666666666,nan,nan
5547018,10.0,10,649,6,5,388,50,18.774193548387096,0.12886597938144329,0.0,0.0,5.2690721649484535,nan,nan
5565253,10.0,10,670,4,5,385,17,46.2,0.04415584415584416,0.0,0.0,4.683636363636364,nan,nan
5615881,10.0,10,1051,6,6,357,31,24.906976744186046,0.08683473389355742,0.0,0.0,5.227450980392157,nan,nan
5615968,10.0,10,642,6,5,378,56,17.58139534883721,0.14814814814814814,0.0,0.021739130434782608,6.3465608465608465,nan,nan
5615986,10.0,10,685,5,4,343,28,27.07894736842105,0.08163265306122448,0.0,0.0,5.034110787172012,nan,nan
5615988,10.0,10,671,6,5,356,28,26.7,0.07865168539325842,0.0,0.0,4.9820224719101125,nan,nan
5616015,10.0,10,657,2,1,624,105,17.744075829383885,0.16826923076923078,0.0,0.010416666666666666,5.045192307692307,nan,nan
5633515,10.0,10,663,6,5,410,32,27.954545454545453,0.07804878048780488,0.0,0.0,7.184878048780488,nan,nan
5692189,10.0,10,1527,6,5,401,27,30.846153846153847,0.06733167082294264,0.0,0.0,6.006234413965087,nan,nan
5705278,10.0,10,643,8,7,323,34,19.38,0.10526315789473684,0.0,0.0,6.976160990712075,nan,nan
5705752,10.0,10,682,5,4,434,31,31.75609756097561,0.07142857142857142,0.0,0.0,5.041935483870967,nan,nan
5706077,10.0,10,656,5,5,382,27,30.972972972972972,0.07068062827225131,0.0,0.0,6.348691099476439,nan,nan
5706137,10.0,10,737,7,7,173,9,22.565217391304348,0.05202312138728324,0.0,0.0,7.391329479768786,nan,nan
5715345,10.0,10,923,4,3,491,34,35.07142857142857,0.06924643584521385,0.0,0.0,6.5002036659877795,nan,nan
5771585,10.0,10,720,6,5,355,12,44.375,0.03380281690140845,0.0,0.0,6.605352112676057,nan,nan
5771621,10.0,10,675,6,5,379,14,43.73076923076923,0.036939313984168866,0.0,0.0,6.469393139841689,nan,nan
5772092,10.0,10,729,8,7,335,25,24.51219512195122,0.07462686567164178,0.0,0.0,6.126865671641791,nan,nan
5772102,10.0,10,725,5,4,359,20,35.9,0.055710306406685235,0.0,0.0,5.751532033426185,nan,nan
5772192,10.0,10,706,7,6,381,22,31.75,0.05774278215223097,0.0,0.0,5.233595800524935,nan,nan
5874746,10.0,10,729,6,6,364,27,28.0,0.07417582417582418,0.0,0.0,6.5381868131868135,nan,nan
5874767,10.0,10,1278,8,7,245,12,26.25,0.04897959183673469,0.0,0.0,5.795102040816326,nan,nan
5874769,10.0,10,649,6,6,322,18,32.2,0.055900621118012424,0.0,0.0,5.724223602484472,nan,nan
5874787,10.0,10,1064,5,5,225,13,29.347826086956523,0.057777777777777775,0.0,0.0,5.78,nan,nan
5875173,10.0,10,712,4,4,95,5,21.923076923076923,0.05263157894736842,0.0,0.0,7.448421052631579,nan,nan
5882173,10.0,10,665,8,7,273,26,19.5,0.09523809523809523,0.0,0.0,6.017948717948718,nan,nan
5969330,10.0,10,721,6,5,459,89,13.633663366336634,0.19389978213507625,0.0,0.0,7.84880174291939,nan,nan
5969331,10.0,10,706,6,5,359,34,25.341176470588234,0.0947075208913649,0.0,0.04,7.93983286908078,nan,nan
5969362,10.0,10,672,5,5,449,23,40.81818181818182,0.051224944320712694,0.0,0.0,6.543207126948775,nan,nan
6058407,10.0,10,696,7,7,329,37,19.352941176470587,0.11246200607902736,0.0,0.0,7.8455927051671726,nan,nan
6062407,10.0,10,666,7,6,333,27,24.365853658536587,0.08108108108108109,0.0,0.0,7.106906906906906,nan,nan
6109129,10.0,10,721,4,3,482,21,49.86206896551724,0.043568464730290454,0.0,0.0,6.319502074688796,nan,nan
6148097,10.0,10,725,4,4,458,38,32.32941176470588,0.08296943231441048,0.0,0.03571428571428571,6.901528384279477,nan,nan
6148143,10.0,10,677,5,4,437,24,38.55882352941177,0.05491990846681922,0.0,0.0,6.528604118993135,nan,nan
6148208,10.0,10,646,3,3,319,42,21.50561797752809,0.13166144200626959,0.0,0.03125,5.628213166144201,nan,nan
6190357,10.0,10,710,2,2,494,30,43.588235294117645,0.06072874493927125,0.0,0.0,5.2,nan,nan
6193396,10.0,10,658,6,5,370,11,48.26086956521739,0.02972972972972973,0.0,0.0,7.550810810810812,nan,nan
6193436,10.0,10,666,5,6,94,10,14.1,0.10638297872340426,0.0,0.0,11.830851063829787,nan,nan
4216956,15.0,2,910,6,5,363,37,24.2,0.10192837465564739,0.0,0.5,6.322865013774104,nan,nan
4272243,15.0,2,646,2,1,600,111,16.216216216216218,0.185,0.0,0.06976744186046512,6.5375,nan,nan
4344977,15.0,2,1187,5,5,384,63,16.111888111888113,0.1640625,0.0,1.0,7.438020833333333,nan,nan
4350946,15.0,2,690,5,5,394,17,44.60377358490566,0.04314720812182741,0.0,0.8333333333333334,7.869035532994924,nan,nan
4351935,15.0,2,775,6,5,369,28,32.08695652173913,0.07588075880758807,0.0,0.7142857142857143,6.423035230352303,nan,nan
4352377,15.0,2,716,5,4,428,28,37.76470588235294,0.06542056074766354,0.0,0.625,4.9740654205607475,nan,nan
4358853,15.0,2,666,4,3,528,18,68.8695652173913,0.03409090909090909,0.0,0.6,6.174621212121211,nan,nan
4359232,15.0,2,681,3,2,590,139,13.014705882352942,0.23559322033898306,0.007352941176470588,0.08080808080808081,7.583050847457627,nan,nan
4370045,15.0,2,720,4,3,467,63,25.017857142857142,0.1349036402569593,0.0,0.8,6.0663811563169165,nan,nan
4389353,15.0,2,650,5,4,462,57,23.896551724137932,0.12337662337662338,0.0,0.8333333333333334,7.6032467532467525,nan,nan
4389414,15.0,2,645,5,5,422,44,27.824175824175825,0.10426540284360189,0.0,0.7777777777777778,9.059004739336492,nan,nan
4392729,15.0,2,652,4,3,478,40,37.246753246753244,0.08368200836820083,0.029411764705882353,1.0,7.802301255230126,nan,nan
4393045,15.0,2,936,4,3,438,30,38.08695652173913,0.0684931506849315,0.03571428571428571,0.8571428571428571,7.564840182648402,nan,nan
4440451,15.0,2,657,3,2,546,81,27.074380165289256,0.14835164835164835,0.04054054054054054,1.0,8.395238095238096,nan,nan
4443744,15.0,2,710,7,6,399,67,18.703125,0.16791979949874686,0.0,0.9,11.214035087719298,nan,nan
4448887,15.0,2,666,6,6,333,15,33.86440677966102,0.04504504504504504,0.07142857142857142,0.625,8.668768768768768,nan,nan
4469551,15.0,2,670,4,3,512,68,26.033898305084747,0.1328125,0.0,0.9090909090909091,10.09765625,nan,nan
4472905,15.0,2,816,4,3,463,39,35.164556962025316,0.08423326133909287,0.0,0.875,7.83671706263499,nan,nan
4473229,15.0,2,673,4,4,446,31,35.68,0.06950672645739911,0.0,0.7,7.512780269058296,nan,nan
4481970,15.0,2,642,3,2,494,25,55.924528301886795,0.05060728744939271,0.0,0.8333333333333334,6.520445344129555,nan,nan
4482888,15.0,2,647,1,0,647,89,27.928057553956833,0.1375579598145286,0.0,0.34782608695652173,7.262132921174652,nan,nan
4487550,15.0,2,653,4,3,480,32,39.45205479452055,0.06666666666666667,0.03225806451612903,1.0,7.799791666666667,nan,nan
4487946,15.0,2,710,2,1,227,29,28.375,0.1277533039647577,0.10526315789473684,0.8,11.777973568281938,nan,nan
4504164,15.0,2,649,5,5,364,26,30.760563380281692,0.07142857142857142,0.0,0.875,8.720879120879122,nan,nan
4527487,15.0,2,671,4,5,134,6,28.714285714285715,0.04477611940298507,0.0,0.25,13.047014925373134,nan,nan
4544584,15.0,2,672,4,3,540,31,50.625,0.05740740740740741,0.0,0.8333333333333334,8.317222222222222,nan,nan
4547202,15.0,2,696,5,4,436,24,37.91304347826087,0.05504587155963303,0.0,0.6666666666666666,8.847018348623854,nan,nan
4559519,15.0,2,991,6,5,358,30,29.833333333333332,0.08379888268156424,0.03571428571428571,0.8333333333333334,10.598603351955308,nan,nan
4575701,15.0,2,700,2,1,657,150,18.771428571428572,0.228310502283105,0.038461538461538464,1.0,7.657686453576865,nan,nan
4579744,15.0,2,678,6,5,377,28,29.763157894736842,0.07427055702917772,0.0,0.875,9.081962864721486,nan,nan
4605892,15.0,2,678,2,3,41,2,20.5,0.04878048780487805,0.0,0.0,21.1,nan,nan
4668185,15.0,2,641,7,6,372,38,23.74468085106383,0.10215053763440861,0.0,0.7777777777777778,11.963172043010752,nan,nan
4705097,15.0,2,659,4,4,451,30,42.28125,0.06651884700665188,0.0,0.8333333333333334,8.82949002217295,nan,nan
4724133,15.0,2,650,4,4,454,39,36.32,0.08590308370044053,0.0,0.625,8.244273127753305,nan,nan
4749525,15.0,2,805,3,2,526,20,63.12,0.03802281368821293,0.0,1.0,6.880988593155894,nan,nan
4754626,15.0,2,1144,5,4,433,35,32.074074074074076,0.08083140877598152,0.03125,1.0,7.999076212471131,nan,nan
4754956,15.0,2,647,5,4,419,48,25.917525773195877,0.11455847255369929,0.0,0.8888888888888888,7.906682577565633,nan,nan
4775763,15.0,2,718,6,5,449,26,39.04347826086956,0.05790645879732739,0.0,0.625,6.858351893095769,nan,nan
4785421,15.0,2,773,4,4,460,20,49.285714285714285,0.043478260869565216,0.05555555555555555,0.8333333333333334,7.225434782608695,nan,nan
4789937,15.0,2,678,4,4,524,29,48.36923076923077,0.05534351145038168,0.0,1.0,6.844847328244274,nan,nan
4792515,15.0,2,705,7,6,236,10,28.897959183673468,0.0423728813559322,0.0,0.2857142857142857,10.430508474576271,nan,nan
4811115,15.0,2,643,4,3,483,23,52.69090909090909,0.047619047619047616,0.0,1.0,6.713664596273292,nan,nan
4824328,15.0,2,688,4,3,355,20,42.6,0.056338028169014086,0.0,0.8,6.374929577464789,nan,nan
4861227,15.0,2,710,7,6,240,20,21.818181818181817,0.08333333333333333,0.0,0.7142857142857143,9.187916666666666,nan,nan
4861687,15.0,2,746,8,7,302,41,17.09433962264151,0.1357615894039735,0.02702702702702703,0.8333333333333334,9.066556291390729,nan,nan
4862222,15.0,2,670,4,3,486,57,22.259541984732824,0.11728395061728394,0.0,0.2571428571428571,7.23641975308642,nan,nan
4862380,15.0,2,660,3,2,522,31,48.9375,0.05938697318007663,0.0,1.0,6.240804597701149,nan,nan
4865550,15.0,2,642,5,5,382,43,23.628865979381445,0.112565445026178,0.0,1.0,8.194502617801048,nan,nan
4865558,15.0,2,649,5,4,503,73,20.12,0.14512922465208747,0.013888888888888888,1.0,6.342544731610339,nan,nan
4912927,15.0,2,674,2,1,638,144,16.01673640167364,0.22570532915360503,0.007936507936507936,0.136986301369863,6.556583072100314,nan,nan
4915833,15.0,2,675,4,3,479,51,29.9375,0.10647181628392484,0.02040816326530612,1.0,6.854279749478079,nan,nan
4940890,15.0,2,683,3,2,530,44,38.31325301204819,0.0830188679245283,0.0,0.7777777777777778,6.715471698113207,nan,nan
5244934,15.0,2,656,6,6,274,16,32.88,0.058394160583941604,0.0,0.3333333333333333,9.328467153284672,nan,nan
5351422,15.0,2,654,4,3,487,49,28.93069306930693,0.10061601642710473,0.0,1.0,10.497330595482547,nan,nan
5477477,15.0,2,678,2,2,586,115,20.441860465116278,0.1962457337883959,0.05747126436781609,0.8823529411764706,7.9520477815699655,nan,nan
5499001,15.0,2,670,2,1,632,108,23.5527950310559,0.17088607594936708,0.0,1.0,9.130379746835443,nan,nan
5503058,15.0,2,916,6,5,414,42,28.88372093023256,0.10144927536231885,0.0,0.625,8.803864734299518,nan,nan
5503168,15.0,2,695,6,5,336,12,42.0,0.03571428571428571,0.0,0.5,9.421726190476189,nan,nan
5503359,15.0,2,716,6,6,319,15,36.80769230769231,0.047021943573667714,0.0,0.5,10.295297805642633,nan,nan
5540718,15.0,2,663,6,6,333,32,25.29113924050633,0.0960960960960961,0.03333333333333333,0.875,7.188888888888889,nan,nan
5540722,15.0,2,691,5,5,426,21,45.642857142857146,0.04929577464788732,0.0,1.0,6.430281690140846,nan,nan
5540733,15.0,2,641,4,3,490,27,52.5,0.05510204081632653,0.0,1.0,7.248775510204082,nan,nan
5540847,15.0,2,869,6,6,375,17,42.45283018867924,0.04533333333333334,0.0,0.5,8.2016,nan,nan
5547018,15.0,2,649,6,5,388,49,20.601769911504423,0.12628865979381443,0.0,0.36363636363636365,8.289175257731959,nan,nan
5565253,15.0,2,670,4,5,385,17,52.5,0.04415584415584416,0.0,0.75,7.061818181818182,nan,nan
5615881,15.0,2,1051,6,6,357,31,27.11392405063291,0.08683473389355742,0.0,0.6666666666666666,7.369467787114846,nan,nan
5615968,15.0,2,642,6,5,378,55,22.455445544554454,0.1455026455026455,0.06666666666666667,0.875,7.753174603174602,nan,nan
5615986,15.0,2,685,5,4,343,27,31.661538461538463,0.07871720116618076,0.0,0.8333333333333334,7.962973760932945,nan,nan
5615988,15.0,2,671,6,5,356,27,31.880597014925375,0.07584269662921349,0.0,0.8333333333333334,8.034831460674157,nan,nan
5616015,15.0,2,657,2,1,624,104,23.84713375796178,0.16666666666666666,0.0,0.8666666666666667,7.0754807692307695,nan,nan
5633515,15.0,2,663,6,5,410,30,27.032967032967033,0.07317073170731707,0.0,0.75,6.973658536585366,nan,nan
5692189,15.0,2,1527,6,5,401,23,31.657894736842106,0.057356608478802994,0.0,0.8888888888888888,8.367581047381547,nan,nan
5705278,15.0,2,643,8,7,323,31,21.296703296703296,0.09597523219814241,0.0,1.0,7.423529411764706,nan,nan
5705752,15.0,2,682,5,4,434,29,35.67123287671233,0.06682027649769585,0.0,0.875,7.832949308755761,nan,nan
5706077,15.0,2,656,5,5,382,25,35.8125,0.06544502617801047,0.0,1.0,8.671465968586388,nan,nan
5706137,15.0,2,737,7,7,173,8,23.59090909090909,0.046242774566473986,0.0,0.0,10.854335260115606,nan,nan
5715345,15.0,2,923,4,3,491,26,43.3235294117647,0.05295315682281059,0.0,0.875,6.981466395112016,nan,nan
5771585,15.0,2,720,6,5,355,11,45.319148936170215,0.030985915492957747,0.0,0.5,7.688169014084507,nan,nan
5771621,15.0,2,675,6,5,379,14,41.345454545454544,0.036939313984168866,0.0,0.7142857142857143,7.069393139841689,nan,nan
5772092,15.0,2,729,8,7,335,25,24.814814814814813,0.07462686567164178,0.0,0.7,7.517313432835821,nan,nan
5772102,15.0,2,725,5,4,359,19,37.78947368421053,0.052924791086350974,0.0,0.5714285714285714,5.5927576601671305,nan,nan
5772192,15.0,2,706,7,6,381,22,32.19718309859155,0.05774278215223097,0.0,0.75,7.657742782152231,nan,nan
5874746,15.0,2,729,6,6,364,27,31.2,0.07417582417582418,0.0,0.5555555555555556,7.158516483516483,nan,nan
5874767,15.0,2,1278,8,7,245,12,26.25,0.04897959183673469,0.0,0.25,8.772244897959183,nan,nan
5874769,15.0,2,649,6,6,322,18,30.1875,0.055900621118012424,0.0,0.75,7.07639751552795,nan,nan
5874787,15.0,2,1064,5,5,225,12,31.3953488372093,0.05333333333333334,0.0,0.6,7.985777777777778,nan,nan
5875173,15.0,2,712,4,4,95,5,21.11111111111111,0.05263157894736842,0.0,0.25,9.234736842105262,nan,nan
5882173,15.0,2,665,8,7,273,26,21.84,0.09523809523809523,0.0,0.4444444444444444,8.925641025641024,nan,nan
5969330,15.0,2,721,6,5,459,87,13.909090909090908,0.1895424836601307,0.0,0.09859154929577464,8.435294117647059,nan,nan
5969331,15.0,2,706,6,5,359,34,26.925,0.0947075208913649,0.0,0.6666666666666666,8.072701949860724,nan,nan
5969362,15.0,2,672,5,5,449,18,48.107142857142854,0.0400890868596882,0.0,0.8333333333333334,6.631625835189309,nan,nan
6058407,15.0,2,696,7,7,329,32,20.5625,0.0972644376899696,0.0,0.5,7.90030395136778,nan,nan
6062407,15.0,2,666,7,6,333,27,25.29113924050633,0.08108108108108109,0.0,1.0,8.337237237237238,nan,nan
6109129,15.0,2,721,4,3,482,21,54.56603773584906,0.043568464730290454,0.0,0.8333333333333334,6.795435684647303,nan,nan
6148097,15.0,2,725,4,4,458,38,35.688311688311686,0.08296943231441048,0.0,0.75,7.359825327510918,nan,nan
6148143,15.0,2,677,5,4,437,23,42.98360655737705,0.05263157894736842,0.0,0.2727272727272727,6.435926773455377,nan,nan
6148208,15.0,2,646,3,3,319,42,21.266666666666666,0.13166144200626959,0.0,0.8181818181818182,6.8808777429467085,nan,nan
6190357,15.0,2,710,2,2,494,25,60.48979591836735,0.05060728744939271,0.0,0.8,6.4534412955465585,nan,nan
6193396,15.0,2,658,6,5,370,11,46.25,0.02972972972972973,0.0,0.5,7.524864864864864,nan,nan
6193436,15.0,2,666,5,6,94,9,15.666666666666666,0.09574468085106383,0.0,0.2,11.702127659574469,nan,nan
4216956,15.0,3,910,6,5,363,37,24.75,0.10192837465564739,0.0,0.29411764705882354,6.407988980716254,nan,nan
4272243,15.0,3,646,2,1,600,111,16.289592760180994,0.185,0.0,0.056818181818181816,5.709333333333333,nan,nan
4344977,15.0,3,1187,5,5,384,63,17.32330827067669,0.1640625,0.0,0.17647058823529413,6.607552083333334,nan,nan
4350946,15.0,3,690,5,5,394,17,46.35294117647059,0.04314720812182741,0.0,0.375,5.411167512690355,nan,nan
4351935,15.0,3,775,6,5,369,28,32.55882352941177,0.07588075880758807,0.0,0.5,7.143631436314363,nan,nan
4352377,15.0,3,716,5,4,428,28,38.32835820895522,0.06542056074766354,0.0,0.4444444444444444,5.329906542056074,nan,nan
4358853,15.0,3,666,4,3,528,18,70.4,0.03409090909090909,0.0,0.2857142857142857,4.7875000000000005,nan,nan
4359232,15.0,3,681,3,2,590,139,13.014705882352942,0.23559322033898306,0.007352941176470588,0.08080808080808081,6.048983050847458,nan,nan
4370045,15.0,3,720,4,3,467,63,25.017857142857142,0.1349036402569593,0.0,0.8,5.967023554603855,nan,nan
4389353,15.0,3,650,5,4,462,57,24.104347826086958,0.12337662337662338,0.0,0.6923076923076923,6.749134199134199,nan,nan
4389414,15.0,3,645,5,5,422,44,28.44943820224719,0.10426540284360189,0.0,0.45454545454545453,7.519194312796208,nan,nan
4392729,15.0,3,652,4,3,478,40,39.28767123287671,0.08368200836820083,0.029411764705882353,0.8571428571428571,6.271338912133891,nan,nan
4393045,15.0,3,936,4,3,438,30,38.64705882352941,0.0684931506849315,0.0,0.75,6.717123287671233,nan,nan
4440451,15.0,3,657,3,2,546,81,27.76271186440678,0.14835164835164835,0.02702702702702703,0.7777777777777778,7.420879120879121,nan,nan
4443744,15.0,3,710,7,6,399,67,19.152,0.16791979949874686,0.0,0.42857142857142855,10.061654135338346,nan,nan
4448887,15.0,3,666,6,6,333,15,37.0,0.04504504504504504,0.0,0.08333333333333333,9.216216216216216,nan,nan
4469551,15.0,3,670,4,3,512,68,26.033898305084747,0.1328125,0.0,0.8181818181818182,9.2240234375,nan,nan
4472905,15.0,3,816,4,3,463,39,35.61538461538461,0.08423326133909287,0.0,0.6,7.75377969762419,nan,nan
4473229,15.0,3,673,4,4,446,31,36.16216216216216,0.06950672645739911,0.0,0.35714285714285715,7.325112107623318,nan,nan
4481970,15.0,3,642,3,2,494,25,58.11764705882353,0.05060728744939271,0.0,0.8,7.130161943319838,nan,nan
4482888,15.0,3,647,1,0,647,89,27.928057553956833,0.1375579598145286,0.0,0.34782608695652173,7.305718701700155,nan,nan
4487550,15.0,3,653,4,3,480,32,40.563380281690144,0.06666666666666667,0.0,0.75,7.2647916666666665,nan,nan
4487946,15.0,3,710,2,1,227,29,28.97872340425532,0.1277533039647577,0.047619047619047616,0.8,9.276651982378855,nan,nan
4504164,15.0,3,649,5,5,364,26,32.59701492537314,0.07142857142857142,0.0,0.25,11.814835164835166,nan,nan
4527487,15.0,3,671,4,5,134,6,28.714285714285715,0.04477611940298507,0.0,0.0,12.73731343283582,nan,nan
4544584,15.0,3,672,4,3,540,31,50.625,0.05740740740740741,0.0,0.5714285714285714,7.876481481481481,nan,nan
4547202,15.0,3,696,5,4,436,24,39.04477611940298,0.05504587155963303,0.0,0.5,6.154128440366972,nan,nan
4559519,15.0,3,991,6,5,358,30,29.833333333333332,0.08379888268156424,0.03571428571428571,0.8333333333333334,7.351396648044693,nan,nan
4575701,15.0,3,700,2,1,657,150,19.323529411764707,0.228310502283105,0.038461538461538464,1.0,8.1441400304414,nan,nan
4579744,15.0,3,678,6,5,377,28,30.16,0.07427055702917772,0.0,0.6666666666666666,7.272148541114058,nan,nan
4605892,15.0,3,678,2,3,41,2,20.5,0.04878048780487805,0.0,0.0,13.297560975609757,nan,nan
4668185,15.0,3,641,7,6,372,38,23.74468085106383,0.10215053763440861,0.0,0.5454545454545454,9.35725806451613,nan,nan
4705097,15.0,3,659,4,4,451,30,42.28125,0.06651884700665188,0.0,0.5,6.129711751662971,nan,nan
4724133,15.0,3,650,4,4,454,39,36.32,0.08590308370044053,0.0,0.625,7.263215859030837,nan,nan
4749525,15.0,3,805,3,2,526,20,63.12,0.03802281368821293,0.0,1.0,6.510456273764259,nan,nan
4754626,15.0,3,1144,5,4,433,35,32.475,0.08083140877598152,0.03125,0.6,6.017321016166282,nan,nan
4754956,15.0,3,647,5,4,419,48,25.917525773195877,0.11455847255369929,0.0,0.8888888888888888,7.779236276849642,nan,nan
4775763,15.0,3,718,6,5,449,26,39.61764705882353,0.05790645879732739,0.0,0.4444444444444444,6.924276169265033,nan,nan
4785421,15.0,3,773,4,4,460,20,51.111111111111114,0.043478260869565216,0.0,0.5,7.312173913043478,nan,nan
4789937,15.0,3,678,4,4,524,29,48.36923076923077,0.05534351145038168,0.0,0.625,6.27881679389313,nan,nan
4792515,15.0,3,705,7,6,236,10,29.5,0.0423728813559322,0.0,0.125,11.219067796610169,nan,nan
4811115,15.0,3,643,4,3,483,23,53.666666666666664,0.047619047619047616,0.0,0.6666666666666666,8.431262939958593,nan,nan
4824328,15.0,3,688,4,3,355,20,40.96153846153846,0.056338028169014086,0.0,0.375,7.17887323943662,nan,nan
4861227,15.0,3,710,7,6,240,20,22.5,0.08333333333333333,0.0,0.3,7.675,nan,nan
4861687,15.0,3,746,8,7,302,41,17.423076923076923,0.1357615894039735,0.0,0.5,8.088079470198675,nan,nan
4862222,15.0,3,670,4,3,486,57,24.09917355371901,0.11728395061728394,0.0,0.1388888888888889,6.026543209876543,nan,nan
4862380,15.0,3,660,3,2,522,31,49.714285714285715,0.05938697318007663,0.0,0.8333333333333334,5.197509578544061,nan,nan
4865550,15.0,3,642,5,5,382,43,23.628865979381445,0.112565445026178,0.0,0.6153846153846154,7.466492146596858,nan,nan
4865558,15.0,3,649,5,4,503,73,21.557142857142857,0.14512922465208747,0.0,0.6111111111111112,7.616898608349901,nan,nan
4912927,15.0,3,674,2,1,638,144,16.084033613445378,0.22570532915360503,0.007936507936507936,0.12,7.292633228840125,nan,nan
4915833,15.0,3,675,4,3,479,51,30.903225806451612,0.10647181628392484,0.0,0.6,8.176409185803758,nan,nan
4940890,15.0,3,683,3,2,530,44,40.76923076923077,0.0830188679245283,0.0,0.7142857142857143,7.530754716981132,nan,nan
5244934,15.0,3,656,6,6,274,16,32.88,0.058394160583941604,0.0,0.3333333333333333,11.858759124087593,nan,nan
5351422,15.0,3,654,4,3,487,49,28.93069306930693,0.10061601642710473,0.0,0.5,8.545379876796716,nan,nan
5477477,15.0,3,678,2,2,586,115,17.320197044334975,0.1962457337883959,0.00909090909090909,0.3023255813953488,7.017747440273037,nan,nan
5499001,15.0,3,670,2,1,632,108,21.545454545454547,0.17088607594936708,0.0,0.20512820512820512,7.535759493670887,nan,nan
5503058,15.0,3,916,6,5,414,42,30.29268292682927,0.10144927536231885,0.0,0.3333333333333333,9.119082125603866,nan,nan
5503168,15.0,3,695,6,5,336,12,42.8936170212766,0.03571428571428571,0.0,0.2857142857142857,10.437797619047618,nan,nan
5503359,15.0,3,716,6,6,319,15,37.529411764705884,0.047021943573667714,0.0,0.2857142857142857,8.743260188087774,nan,nan
5540718,15.0,3,663,6,6,333,32,24.975,0.0960960960960961,0.03333333333333333,0.6,7.29009009009009,nan,nan
5540722,15.0,3,691,5,5,426,21,46.472727272727276,0.04929577464788732,0.0,0.6666666666666666,6.851408450704225,nan,nan
5540733,15.0,3,641,4,3,490,27,49.0,0.05510204081632653,0.0,0.3333333333333333,6.530204081632654,nan,nan
5540847,15.0,3,869,6,6,375,17,43.26923076923077,0.04533333333333334,0.0,0.2857142857142857,7.250666666666667,nan,nan
5547018,15.0,3,649,6,5,388,49,21.357798165137616,0.12628865979381443,0.0,0.7692307692307693,7.816494845360825,nan,nan
5565253,15.0,3,670,4,5,385,17,53.72093023255814,0.04415584415584416,0.0,0.125,6.707792207792208,nan,nan
5615881,15.0,3,1051,6,6,357,31,27.818181818181817,0.08683473389355742,0.0,0.5555555555555556,8.358543417366947,nan,nan
5615968,15.0,3,642,6,5,378,55,21.0,0.1455026455026455,0.0,0.8,7.8542328042328045,nan,nan
5615986,15.0,3,685,5,4,343,27,31.181818181818183,0.07871720116618076,0.0,0.5,6.891836734693878,nan,nan
5615988,15.0,3,671,6,5,356,27,31.41176470588235,0.07584269662921349,0.0,0.7142857142857143,7.251404494382022,nan,nan
5616015,15.0,3,657,2,1,624,104,22.285714285714285,0.16666666666666666,0.0,0.875,6.051282051282051,nan,nan
5633515,15.0,3,663,6,5,410,30,29.285714285714285,0.07317073170731707,0.0,0.08,7.449512195121952,nan,nan
5692189,15.0,3,1527,6,5,401,23,34.371428571428574,0.057356608478802994,0.0,0.21428571428571427,8.861845386533666,nan,nan
5705278,15.0,3,643,8,7,323,31,22.53488372093023,0.09597523219814241,0.0,0.38461538461538464,9.289164086687308,nan,nan
5705752,15.0,3,682,5,4,434,29,36.67605633802817,0.06682027649769585,0.0,0.5555555555555556,5.845391705069124,nan,nan
5706077,15.0,3,656,5,5,382,25,35.8125,0.06544502617801047,0.0,1.0,7.494502617801047,nan,nan
5706137,15.0,3,737,7,7,173,8,23.59090909090909,0.046242774566473986,0.0,0.0,10.107514450867052,nan,nan
5715345,15.0,3,923,4,3,491,26,46.03125,0.05295315682281059,0.0,0.36363636363636365,5.9837067209775965,nan,nan
5771585,15.0,3,720,6,5,355,11,46.30434782608695,0.030985915492957747,0.0,0.2857142857142857,6.884507042253521,nan,nan
5771621,15.0,3,675,6,5,379,14,44.588235294117645,0.036939313984168866,0.0,0.09090909090909091,6.899208443271768,nan,nan
5772092,15.0,3,729,8,7,335,25,25.125,0.07462686567164178,0.0,0.5454545454545454,6.6632835820895515,nan,nan
5772102,15.0,3,725,5,4,359,19,38.464285714285715,0.052924791086350974,0.0,0.3333333333333333,6.301949860724235,nan,nan
5772192,15.0,3,706,7,6,381,22,33.61764705882353,0.05774278215223097,0.0,0.2727272727272727,7.1128608923884515,nan,nan
5874746,15.0,3,729,6,6,364,27,32.11764705882353,0.07417582417582418,0.0,0.5,6.938461538461538,nan,nan
5874767,15.0,3,1278,8,7,245,12,26.727272727272727,0.04897959183673469,0.0,0.1111111111111111,7.581224489795919,nan,nan
5874769,15.0,3,649,6,6,322,18,32.74576271186441,0.055900621118012424,0.0,0.16666666666666666,6.419875776397515,nan,nan
5874787,15.0,3,1064,5,5,225,12,32.142857142857146,0.05333333333333334,0.0,0.3333333333333333,7.542222222222223,nan,nan
5875173,15.0,3,712,4,4,95,5,21.923076923076923,0.05263157894736842,0.0,0.0,7.783157894736842,nan,nan
5882173,15.0,3,665,8,7,273,26,22.135135135135137,0.09523809523809523,0.0,0.3,8.139194139194139,nan,nan
5969330,15.0,3,721,6,5,459,87,14.123076923076923,0.1895424836601307,0.0,0.05333333333333334,8.133333333333333,nan,nan
5969331,15.0,3,706,6,5,359,34,27.615384615384617,0.0947075208913649,0.0,0.5,7.194707520891365,nan,nan
5969362,15.0,3,672,5,5,449,18,49.888888888888886,0.0400890868596882,0.0,0.5714285714285714,6.922271714922049,nan,nan
6058407,15.0,3,696,7,7,329,32,22.179775280898877,0.0972644376899696,0.0,0.13636363636363635,7.483890577507598,nan,nan
6062407,15.0,3,666,7,6,333,27,26.64,0.08108108108108109,0.0,0.5,7.837537537537538,nan,nan
6109129,15.0,3,721,4,3,482,21,59.02040816326531,0.043568464730290454,0.0,0.5,5.780290456431535,nan,nan
6148097,15.0,3,725,4,4,458,38,35.688311688311686,0.08296943231441048,0.0,0.75,7.331004366812227,nan,nan
6148143,15.0,3,677,5,4,437,23,42.98360655737705,0.05263157894736842,0.0,0.2727272727272727,6.6993135011441645,nan,nan
6148208,15.0,3,646,3,3,319,42,22.51764705882353,0.13166144200626959,0.0,0.42857142857142855,6.483385579937304,nan,nan
6190357,15.0,3,710,2,2,494,25,64.43478260869566,0.05060728744939271,0.0,0.6,6.75668016194332,nan,nan
6193396,15.0,3,658,6,5,370,11,48.26086956521739,0.02972972972972973,0.0,0.125,7.688378378378378,nan,nan
6193436,15.0,3,666,5,6,94,9,15.666666666666666,0.09574468085106383,0.0,0.2,11.845744680851064,nan,nan
4216956,15.0,4,910,6,5,363,37,24.75,0.10192837465564739,0.0,0.29411764705882354,6.358953168044078,nan,nan
4272243,15.0,4,646,2,1,600,111,16.513761467889907,0.185,0.0,0.045454545454545456,5.294666666666667,nan,nan
4344977,15.0,4,1187,5,5,384,63,17.32330827067669,0.1640625,0.0,0.10256410256410256,6.934635416666667,nan,nan
4350946,15.0,4,690,5,5,394,17,46.35294117647059,0.04314720812182741,0.0,0.08333333333333333,6.573857868020304,nan,nan
4351935,15.0,4,775,6,5,369,28,32.55882352941177,0.07588075880758807,0.0,0.5,7.928184281842818,nan,nan
4352377,15.0,4,716,5,4,428,28,37.76470588235294,0.06542056074766354,0.0,0.2727272727272727,5.714252336448598,nan,nan
4358853,15.0,4,666,4,3,528,18,68.8695652173913,0.03409090909090909,0.0,0.2857142857142857,5.156818181818182,nan,nan
4359232,15.0,4,681,3,2,590,139,13.208955223880597,0.23559322033898306,0.0,0.0594059405940594,6.45,nan,nan
4370045,15.0,4,720,4,3,467,63,25.017857142857142,0.1349036402569593,0.0,0.8,6.378586723768737,nan,nan
4389353,15.0,4,650,5,4,462,57,24.75,0.12337662337662338,0.0,0.6153846153846154,8.774025974025975,nan,nan
4389414,15.0,4,645,5,5,422,44,27.824175824175825,0.10426540284360189,0.0,0.26666666666666666,7.419431279620853,nan,nan
4392729,15.0,4,652,4,3,478,40,39.28767123287671,0.08368200836820083,0.029411764705882353,0.5555555555555556,6.002092050209205,nan,nan
4393045,15.0,4,936,4,3,438,30,38.64705882352941,0.0684931506849315,0.0,0.3076923076923077,6.073744292237444,nan,nan
4440451,15.0,4,657,3,2,546,81,27.529411764705884,0.14835164835164835,0.02702702702702703,0.6363636363636364,6.841208791208792,nan,nan
4443744,15.0,4,710,7,6,399,67,19.152,0.16791979949874686,0.0,0.3125,9.337092731829573,nan,nan
4448887,15.0,4,666,6,6,333,15,37.698113207547166,0.04504504504504504,0.0,0.09090909090909091,8.994894894894895,nan,nan
4469551,15.0,4,670,4,3,512,68,26.256410256410255,0.1328125,0.0,0.6666666666666666,8.3025390625,nan,nan
4472905,15.0,4,816,4,3,463,39,35.61538461538461,0.08423326133909287,0.0,0.45454545454545453,8.237796976241901,nan,nan
4473229,15.0,4,673,4,4,446,31,37.690140845070424,0.06950672645739911,0.0,0.1875,7.309417040358745,nan,nan
4481970,15.0,4,642,3,2,494,25,57.0,0.05060728744939271,0.0,0.3333333333333333,6.402226720647773,nan,nan
4482888,15.0,4,647,1,0,647,89,27.928057553956833,0.1375579598145286,0.0,0.21428571428571427,6.886553323029367,nan,nan
4487550,15.0,4,653,4,3,480,32,40.563380281690144,0.06666666666666667,0.0,0.3333333333333333,6.538749999999999,nan,nan
4487946,15.0,4,710,2,1,227,29,28.375,0.1277533039647577,0.047619047619047616,0.6666666666666666,10.200881057268722,nan,nan
4504164,15.0,4,649,5,5,364,26,32.59701492537314,0.07142857142857142,0.0,0.25,9.554395604395605,nan,nan
4527487,15.0,4,671,4,5,134,6,28.714285714285715,0.04477611940298507,0.0,0.0,5.871641791044776,nan,nan
4544584,15.0,4,672,4,3,540,31,49.09090909090909,0.05740740740740741,0.0,0.25,7.933888888888889,nan,nan
4547202,15.0,4,696,5,4,436,24,40.246153846153845,0.05504587155963303,0.0,0.125,8.030963302752294,nan,nan
4559519,15.0,4,991,6,5,358,30,29.424657534246574,0.08379888268156424,0.0,0.4444444444444444,6.967039106145251,nan,nan
4575701,15.0,4,700,2,1,657,150,14.6,0.228310502283105,0.0,0.7222222222222222,6.691476407914764,nan,nan
4579744,15.0,4,678,6,5,377,28,30.16,0.07427055702917772,0.0,0.1875,8.461538461538462,nan,nan
4605892,15.0,4,678,2,3,41,2,20.5,0.04878048780487805,0.0,0.0,13.487804878048781,nan,nan
4668185,15.0,4,641,7,6,372,38,24.26086956521739,0.10215053763440861,0.0,0.5,11.162903225806453,nan,nan
4705097,15.0,4,659,4,4,451,30,42.28125,0.06651884700665188,0.0,0.5,7.37250554323725,nan,nan
4724133,15.0,4,650,4,4,454,39,30.266666666666666,0.08590308370044053,0.0,0.06666666666666667,6.908149779735683,nan,nan
4749525,15.0,4,805,3,2,526,20,67.14893617021276,0.03802281368821293,0.0,0.42857142857142855,6.458745247148289,nan,nan
4754626,15.0,4,1144,5,4,433,35,40.59375,0.08083140877598152,0.05263157894736842,0.23076923076923078,7.4060046189376445,nan,nan
4754956,15.0,4,647,5,4,419,48,26.1875,0.11455847255369929,0.022222222222222223,0.6363636363636364,7.588066825775656,nan,nan
4775763,15.0,4,718,6,5,449,26,39.04347826086956,0.05790645879732739,0.0,0.4444444444444444,7.110913140311804,nan,nan
4785421,15.0,4,773,4,4,460,20,52.075471698113205,0.043478260869565216,0.0,0.16666666666666666,7.378695652173913,nan,nan
4789937,15.0,4,678,4,4,524,29,47.63636363636363,0.05534351145038168,0.0,0.36363636363636365,6.6206106870229,nan,nan
4792515,15.0,4,705,7,6,236,10,29.5,0.0423728813559322,0.0,0.0,8.513983050847457,nan,nan
4811115,15.0,4,643,4,3,483,23,52.69090909090909,0.047619047619047616,0.0,0.6666666666666666,6.736024844720497,nan,nan
4824328,15.0,4,688,4,3,355,20,42.6,0.056338028169014086,0.0,0.09090909090909091,6.391267605633803,nan,nan
4861227,15.0,4,710,7,6,240,20,22.5,0.08333333333333333,0.0,0.07142857142857142,7.5129166666666665,nan,nan
4861687,15.0,4,746,8,7,302,41,17.59223300970874,0.1357615894039735,0.0,0.375,7.624503311258278,nan,nan
4862222,15.0,4,670,4,3,486,57,24.09917355371901,0.11728395061728394,0.0,0.1,7.6080246913580245,nan,nan
4862380,15.0,4,660,3,2,522,31,49.714285714285715,0.05938697318007663,0.0,0.8333333333333334,6.205747126436782,nan,nan
4865550,15.0,4,642,5,5,382,43,24.64516129032258,0.112565445026178,0.0,0.4,7.787172774869109,nan,nan
4865558,15.0,4,649,5,4,503,73,21.557142857142857,0.14512922465208747,0.0,0.5,7.201192842942346,nan,nan
4912927,15.0,4,674,2,1,638,144,16.084033613445378,0.22570532915360503,0.007936507936507936,0.1038961038961039,7.2968652037617545,nan,nan
4915833,15.0,4,675,4,3,479,51,30.25263157894737,0.10647181628392484,0.0,0.38461538461538464,9.007724425887265,nan,nan
4940890,15.0,4,683,3,2,530,44,39.25925925925926,0.0830188679245283,0.0,0.6666666666666666,8.572264150943397,nan,nan
5244934,15.0,4,656,6,6,274,16,32.88,0.058394160583941604,0.0,0.3333333333333333,10.94014598540146,nan,nan
5351422,15.0,4,654,4,3,487,49,30.757894736842104,0.10061601642710473,0.0,0.42857142857142855,8.68993839835729,nan,nan
5477477,15.0,4,678,2,2,586,115,17.405940594059405,0.1962457337883959,0.0,0.23404255319148937,6.107508532423208,nan,nan
5499001,15.0,4,670,2,1,632,108,21.66857142857143,0.17088607594936708,0.0,0.1111111111111111,7.840664556962025,nan,nan
5503058,15.0,4,916,6,5,414,42,30.29268292682927,0.10144927536231885,0.0,0.18181818181818182,8.989855072463769,nan,nan
5503168,15.0,4,695,6,5,336,12,42.8936170212766,0.03571428571428571,0.0,0.1111111111111111,7.522321428571429,nan,nan
5503359,15.0,4,716,6,6,319,15,36.113207547169814,0.047021943573667714,0.0,0.09090909090909091,9.068652037617555,nan,nan
5540718,15.0,4,663,6,6,333,32,24.072289156626507,0.0960960960960961,0.0,0.15789473684210525,7.532732732732733,nan,nan
5540722,15.0,4,691,5,5,426,21,46.472727272727276,0.04929577464788732,0.0,0.375,6.712910798122065,nan,nan
5540733,15.0,4,641,4,3,490,27,49.0,0.05510204081632653,0.0,0.3333333333333333,5.8585714285714285,nan,nan
5540847,15.0,4,869,6,6,375,17,43.26923076923077,0.04533333333333334,0.0,0.1111111111111111,5.4288,nan,nan
5547018,15.0,4,649,6,5,388,49,21.163636363636364,0.12628865979381443,0.0,0.2857142857142857,9.05721649484536,nan,nan
5565253,15.0,4,670,4,5,385,17,53.72093023255814,0.04415584415584416,0.0,0.125,6.4579220779220785,nan,nan
5615881,15.0,4,1051,6,6,357,31,28.18421052631579,0.08683473389355742,0.0,0.36363636363636365,7.744537815126051,nan,nan
5615968,15.0,4,642,6,5,378,55,21.0,0.1455026455026455,0.0,0.42857142857142855,4.715608465608466,nan,nan
5615986,15.0,4,685,5,4,343,27,31.661538461538463,0.07871720116618076,0.0,0.3333333333333333,7.066472303206997,nan,nan
5615988,15.0,4,671,6,5,356,27,31.41176470588235,0.07584269662921349,0.0,0.15384615384615385,6.872752808988763,nan,nan
5616015,15.0,4,657,2,1,624,104,22.285714285714285,0.16666666666666666,0.0,0.6842105263157895,5.117307692307692,nan,nan
5633515,15.0,4,663,6,5,410,30,33.24324324324324,0.07317073170731707,0.0,0.14285714285714285,7.358780487804878,nan,nan
5692189,15.0,4,1527,6,5,401,23,35.91044776119403,0.057356608478802994,0.0,0.13333333333333333,6.853366583541146,nan,nan
5705278,15.0,4,643,8,7,323,31,22.022727272727273,0.09597523219814241,0.0,0.23529411764705882,9.919814241486067,nan,nan
5705752,15.0,4,682,5,4,434,29,36.166666666666664,0.06682027649769585,0.0,0.2,7.278341013824885,nan,nan
5706077,15.0,4,656,5,5,382,25,35.8125,0.06544502617801047,0.0,0.23076923076923078,6.80392670157068,nan,nan
5706137,15.0,4,737,7,7,173,8,23.59090909090909,0.046242774566473986,0.0,0.0,8.826589595375722,nan,nan
5715345,15.0,4,923,4,3,491,26,45.323076923076925,0.05295315682281059,0.0,0.1111111111111111,6.043177189409368,nan,nan
5771585,15.0,4,720,6,5,355,11,46.30434782608695,0.030985915492957747,0.0,0.0,6.6723943661971825,nan,nan
5771621,15.0,4,675,6,5,379,14,44.588235294117645,0.036939313984168866,0.0,0.09090909090909091,6.710026385224274,nan,nan
5772092,15.0,4,729,8,7,335,25,25.125,0.07462686567164178,0.0,0.047619047619047616,5.974626865671642,nan,nan
5772102,15.0,4,725,5,4,359,19,38.464285714285715,0.052924791086350974,0.0,0.18181818181818182,5.580222841225627,nan,nan
5772192,15.0,4,706,7,6,381,22,33.61764705882353,0.05774278215223097,0.0,0.25,5.953018372703412,nan,nan
5874746,15.0,4,729,6,6,364,27,31.2,0.07417582417582418,0.0,0.23076923076923078,6.417032967032967,nan,nan
5874767,15.0,4,1278,8,7,245,12,26.727272727272727,0.04897959183673469,0.0,0.1111111111111111,7.604081632653061,nan,nan
5874769,15.0,4,649,6,6,322,18,32.74576271186441,0.055900621118012424,0.0,0.07142857142857142,6.2291925465838505,nan,nan
5874787,15.0,4,1064,5,5,225,12,32.142857142857146,0.05333333333333334,0.0,0.125,6.8244444444444445,nan,nan
5875173,15.0,4,712,4,4,95,5,21.923076923076923,0.05263157894736842,0.0,0.0,6.876842105263157,nan,nan
5882173,15.0,4,665,8,7,273,26,21.0,0.09523809523809523,0.0,0.125,7.0476190476190474,nan,nan
5969330,15.0,4,721,6,5,459,87,14.195876288659793,0.1895424836601307,0.0,0.02531645569620253,8.337472766884531,nan,nan
5969331,15.0,4,706,6,5,359,34,28.342105263157894,0.0947075208913649,0.0,0.2727272727272727,7.734540389972144,nan,nan
5969362,15.0,4,672,5,5,449,18,49.888888888888886,0.0400890868596882,0.0,0.16666666666666666,6.8258351893095774,nan,nan
6058407,15.0,4,696,7,7,329,32,22.179775280898877,0.0972644376899696,0.0,0.08333333333333333,7.382066869300911,nan,nan
6062407,15.0,4,666,7,6,333,27,27.0,0.08108108108108109,0.0,0.13333333333333333,7.569669669669669,nan,nan
6109129,15.0,4,721,4,3,482,21,59.02040816326531,0.043568464730290454,0.0,0.25,6.995435684647303,nan,nan
6148097,15.0,4,725,4,4,458,38,36.1578947368421,0.08296943231441048,0.0,0.3333333333333333,7.166812227074236,nan,nan
6148143,15.0,4,677,5,4,437,23,42.98360655737705,0.05263157894736842,0.0,0.2727272727272727,6.447826086956521,nan,nan
6148208,15.0,4,646,3,3,319,42,22.51764705882353,0.13166144200626959,0.0,0.3125,6.8730407523510975,nan,nan
6190357,15.0,4,710,2,2,494,25,64.43478260869566,0.05060728744939271,0.0,0.6,6.276923076923078,nan,nan
6193396,15.0,4,658,6,5,370,11,48.26086956521739,0.02972972972972973,0.0,0.0,6.933243243243243,nan,nan
6193436,15.0,4,666,5,6,94,9,15.666666666666666,0.09574468085106383,0.0,0.2,11.898936170212766,nan,nan
4216956,15.0,5,910,6,5,363,37,24.2,0.10192837465564739,0.0,0.13043478260869565,6.4815426997245185,nan,nan
4272243,15.0,5,646,2,1,600,111,16.438356164383563,0.185,0.0,0.03296703296703297,6.6258333333333335,nan,nan
4344977,15.0,5,1187,5,5,384,63,17.32330827067669,0.1640625,0.0,0.10256410256410256,6.707552083333333,nan,nan
4350946,15.0,5,690,5,5,394,17,46.35294117647059,0.04314720812182741,0.0,0.08333333333333333,5.743401015228427,nan,nan
4351935,15.0,5,775,6,5,369,28,32.55882352941177,0.07588075880758807,0.0,0.5,8.261517615176151,nan,nan
4352377,15.0,5,716,5,4,428,28,38.90909090909091,0.06542056074766354,0.0,0.3333333333333333,5.566355140186916,nan,nan
4358853,15.0,5,666,4,3,528,18,68.8695652173913,0.03409090909090909,0.0,0.2857142857142857,4.754734848484849,nan,nan
4359232,15.0,5,681,3,2,590,139,13.258426966292134,0.23559322033898306,0.0,0.049019607843137254,5.958305084745763,nan,nan
4370045,15.0,5,720,4,3,467,63,24.79646017699115,0.1349036402569593,0.0,0.5384615384615384,7.335117773019272,nan,nan
4389353,15.0,5,650,5,4,462,57,24.530973451327434,0.12337662337662338,0.0,0.22727272727272727,8.293722943722944,nan,nan
4389414,15.0,5,645,5,5,422,44,28.772727272727273,0.10426540284360189,0.0,0.1875,7.022985781990521,nan,nan
4392729,15.0,5,652,4,3,478,40,38.75675675675676,0.08368200836820083,0.029411764705882353,0.3333333333333333,8.226150627615063,nan,nan
4393045,15.0,5,936,4,3,438,30,38.08695652173913,0.0684931506849315,0.0,0.1875,7.282876712328767,nan,nan
4440451,15.0,5,657,3,2,546,81,27.074380165289256,0.14835164835164835,0.012987012987012988,0.6363636363636364,7.2554945054945055,nan,nan
4443744,15.0,5,710,7,6,399,67,19.306451612903224,0.16791979949874686,0.0,0.3125,11.584711779448622,nan,nan
4448887,15.0,5,666,6,6,333,15,37.0,0.04504504504504504,0.0,0.0,9.178378378378378,nan,nan
4469551,15.0,5,670,4,3,512,68,26.256410256410255,0.1328125,0.0,0.5,8.0517578125,nan,nan
4472905,15.0,5,816,4,3,463,39,35.164556962025316,0.08423326133909287,0.0,0.2857142857142857,8.493520518358531,nan,nan
4473229,15.0,5,673,4,4,446,31,37.166666666666664,0.06950672645739911,0.0,0.10526315789473684,7.527130044843049,nan,nan
4481970,15.0,5,642,3,2,494,25,55.924528301886795,0.05060728744939271,0.0,0.16666666666666666,6.354251012145749,nan,nan
4482888,15.0,5,647,1,0,647,89,27.728571428571428,0.1375579598145286,0.0,0.20689655172413793,7.115455950540958,nan,nan
4487550,15.0,5,653,4,3,480,32,40.0,0.06666666666666667,0.0,0.2,6.722708333333333,nan,nan
4487946,15.0,5,710,2,1,227,29,28.97872340425532,0.1277533039647577,0.047619047619047616,0.6666666666666666,9.052863436123348,nan,nan
4504164,15.0,5,649,5,5,364,26,33.6,0.07142857142857142,0.047619047619047616,0.13333333333333333,9.75467032967033,nan,nan
4527487,15.0,5,671,4,5,134,6,28.714285714285715,0.04477611940298507,0.0,0.0,11.942537313432835,nan,nan
4544584,15.0,5,672,4,3,540,31,49.09090909090909,0.05740740740740741,0.0,0.23076923076923078,7.8190740740740745,nan,nan
4547202,15.0,5,696,5,4,436,24,40.875,0.05504587155963303,0.0,0.13333333333333333,6.832798165137614,nan,nan
4559519,15.0,5,991,6,5,358,30,27.53846153846154,0.08379888268156424,0.0,0.10526315789473684,6.682681564245811,nan,nan
4575701,15.0,5,700,2,1,657,150,13.54639175257732,0.228310502283105,0.0,0.041666666666666664,6.506849315068493,nan,nan
4579744,15.0,5,678,6,5,377,28,30.16,0.07427055702917772,0.0,0.10526315789473684,8.677453580901856,nan,nan
4605892,15.0,5,678,2,3,41,2,20.5,0.04878048780487805,0.0,0.0,14.626829268292685,nan,nan
4668185,15.0,5,641,7,6,372,38,23.49473684210526,0.10215053763440861,0.0,0.14285714285714285,8.872043010752689,nan,nan
4705097,15.0,5,659,4,4,451,30,41.0,0.06651884700665188,0.0,0.4,6.674722838137472,nan,nan
4724133,15.0,5,650,4,4,454,39,30.266666666666666,0.08590308370044053,0.0,0.06666666666666667,6.645374449339207,nan,nan
4749525,15.0,5,805,3,2,526,20,71.72727272727273,0.03802281368821293,0.0,0.2857142857142857,5.953041825095057,nan,nan
4754626,15.0,5,1144,5,4,433,35,34.64,0.08083140877598152,0.0,0.2727272727272727,7.175981524249422,nan,nan
4754956,15.0,5,647,5,4,419,48,26.74468085106383,0.11455847255369929,0.0,0.5,6.752744630071599,nan,nan
4775763,15.0,5,718,6,5,449,26,39.61764705882353,0.05790645879732739,0.0,0.4444444444444444,7.560801781737194,nan,nan
4785421,15.0,5,773,4,4,460,20,51.111111111111114,0.043478260869565216,0.0,0.0625,5.236304347826087,nan,nan
4789937,15.0,5,678,4,4,524,29,52.4,0.05534351145038168,0.0,0.375,6.301717557251909,nan,nan
4792515,15.0,5,705,7,6,236,10,29.5,0.0423728813559322,0.0,0.0,9.888135593220339,nan,nan
4811115,15.0,5,643,4,3,483,23,52.69090909090909,0.047619047619047616,0.0,0.3333333333333333,7.005175983436853,nan,nan
4824328,15.0,5,688,4,3,355,20,42.6,0.056338028169014086,0.0,0.2222222222222222,6.989859154929578,nan,nan
4861227,15.0,5,710,7,6,240,20,22.5,0.08333333333333333,0.0,0.07142857142857142,9.035416666666666,nan,nan
4861687,15.0,5,746,8,7,302,41,17.59223300970874,0.1357615894039735,0.0,0.2,8.121854304635763,nan,nan
4862222,15.0,5,670,4,3,486,57,23.142857142857142,0.11728395061728394,0.0,0.0196078431372549,7.128189300411523,nan,nan
4862380,15.0,5,660,3,2,522,31,46.05882352941177,0.05938697318007663,0.0,0.17647058823529413,6.440613026819923,nan,nan
4865550,15.0,5,642,5,5,382,43,24.382978723404257,0.112565445026178,0.0,0.18181818181818182,7.000261780104712,nan,nan
4865558,15.0,5,649,5,4,503,73,21.557142857142857,0.14512922465208747,0.0,0.32,6.094433399602385,nan,nan
4912927,15.0,5,674,2,1,638,144,13.43157894736842,0.22570532915360503,0.0,0.023809523809523808,5.903134796238244,nan,nan
4915833,15.0,5,675,4,3,479,51,30.25263157894737,0.10647181628392484,0.0,0.38461538461538464,7.737160751565762,nan,nan
4940890,15.0,5,683,3,2,530,44,40.25316455696203,0.0830188679245283,0.0,0.3076923076923077,7.842264150943396,nan,nan
5244934,15.0,5,656,6,6,274,16,32.23529411764706,0.058394160583941604,0.0,0.1111111111111111,11.75,nan,nan
5351422,15.0,5,654,4,3,487,49,28.647058823529413,0.10061601642710473,0.0,0.10714285714285714,8.171663244353182,nan,nan
5477477,15.0,5,678,2,2,586,115,17.235294117647058,0.1962457337883959,0.0,0.18867924528301888,7.690273037542662,nan,nan
5499001,15.0,5,670,2,1,632,108,21.423728813559322,0.17088607594936708,0.0,0.08,6.549367088607594,nan,nan
5503058,15.0,5,916,6,5,414,42,30.29268292682927,0.10144927536231885,0.0,0.18181818181818182,9.377053140096619,nan,nan
5503168,15.0,5,695,6,5,336,12,42.0,0.03571428571428571,0.0,0.0,9.383333333333335,nan,nan
5503359,15.0,5,716,6,6,319,15,35.44444444444444,0.047021943573667714,0.0,0.0,8.838871473354232,nan,nan
5540718,15.0,5,663,6,6,333,32,24.072289156626507,0.0960960960960961,0.0,0.09090909090909091,6.786186186186186,nan,nan
5540722,15.0,5,691,5,5,426,21,45.642857142857146,0.04929577464788732,0.0,0.18181818181818182,5.983802816901409,nan,nan
5540733,15.0,5,641,4,3,490,27,48.19672131147541,0.05510204081632653,0.0,0.16666666666666666,5.394897959183673,nan,nan
5540847,15.0,5,869,6,6,375,17,43.26923076923077,0.04533333333333334,0.0,0.1111111111111111,5.729066666666667,nan,nan
5547018,15.0,5,649,6,5,388,49,20.972972972972972,0.12628865979381443,0.0,0.13793103448275862,6.310051546391753,nan,nan
5565253,15.0,5,670,4,5,385,17,53.72093023255814,0.04415584415584416,0.0,0.125,6.918701298701298,nan,nan
5615881,15.0,5,1051,6,6,357,31,27.11392405063291,0.08683473389355742,0.0,0.10526315789473684,7.173389355742297,nan,nan
5615968,15.0,5,642,6,5,378,55,21.19626168224299,0.1455026455026455,0.0,0.4,7.190740740740741,nan,nan
5615986,15.0,5,685,5,4,343,27,31.181818181818183,0.07871720116618076,0.0,0.15384615384615385,7.3962099125364436,nan,nan
5615988,15.0,5,671,6,5,356,27,31.41176470588235,0.07584269662921349,0.0,0.15384615384615385,7.777528089887641,nan,nan
5616015,15.0,5,657,2,1,624,104,23.11111111111111,0.16666666666666666,0.0,0.5416666666666666,6.9504807692307695,nan,nan
5633515,15.0,5,663,6,5,410,30,29.285714285714285,0.07317073170731707,0.0,0.0,7.523170731707317,nan,nan
5692189,15.0,5,1527,6,5,401,23,35.38235294117647,0.057356608478802994,0.0,0.05263157894736842,8.6214463840399,nan,nan
5705278,15.0,5,643,8,7,323,31,21.775280898876403,0.09597523219814241,0.0,0.043478260869565216,8.919814241486067,nan,nan
5705752,15.0,5,682,5,4,434,29,37.73913043478261,0.06682027649769585,0.0,0.25,6.470506912442396,nan,nan
5706077,15.0,5,656,5,5,382,25,36.96774193548387,0.06544502617801047,0.0,0.15384615384615385,6.942408376963351,nan,nan
5706137,15.0,5,737,7,7,173,8,23.59090909090909,0.046242774566473986,0.0,0.0,8.915028901734104,nan,nan
5715345,15.0,5,923,4,3,491,26,46.76190476190476,0.05295315682281059,0.0,0.05555555555555555,6.508553971486761,nan,nan
5771585,15.0,5,720,6,5,355,11,46.30434782608695,0.030985915492957747,0.0,0.0,7.7687323943661974,nan,nan
5771621,15.0,5,675,6,5,379,14,43.73076923076923,0.036939313984168866,0.0,0.0,7.278100263852243,nan,nan
5772092,15.0,5,729,8,7,335,25,24.51219512195122,0.07462686567164178,0.0,0.0,7.281492537313434,nan,nan
5772102,15.0,5,725,5,4,359,19,37.13793103448276,0.052924791086350974,0.0,0.0,6.237047353760445,nan,nan
5772192,15.0,5,706,7,6,381,22,32.65714285714286,0.05774278215223097,0.0,0.058823529411764705,6.519160104986877,nan,nan
5874746,15.0,5,729,6,6,364,27,30.760563380281692,0.07417582417582418,0.0,0.125,6.968681318681319,nan,nan
5874767,15.0,5,1278,8,7,245,12,26.25,0.04897959183673469,0.0,0.0,5.94734693877551,nan,nan
5874769,15.0,5,649,6,6,322,18,32.2,0.055900621118012424,0.0,0.0,5.956521739130435,nan,nan
5874787,15.0,5,1064,5,5,225,12,32.142857142857146,0.05333333333333334,0.0,0.125,5.959111111111111,nan,nan
5875173,15.0,5,712,4,4,95,5,21.923076923076923,0.05263157894736842,0.0,0.0,5.991578947368422,nan,nan
5882173,15.0,5,665,8,7,273,26,21.0,0.09523809523809523,0.0,0.125,6.30989010989011,nan,nan
5969330,15.0,5,721,6,5,459,87,14.123076923076923,0.1895424836601307,0.0,0.012195121951219513,7.738344226579521,nan,nan
5969331,15.0,5,706,6,5,359,34,28.342105263157894,0.0947075208913649,0.0,0.2727272727272727,8.871030640668524,nan,nan
5969362,15.0,5,672,5,5,449,18,48.107142857142854,0.0400890868596882,0.0,0.0,6.656792873051225,nan,nan
6058407,15.0,5,696,7,7,329,32,21.933333333333334,0.0972644376899696,0.0,0.037037037037037035,7.3121580547112455,nan,nan
6062407,15.0,5,666,7,6,333,27,27.0,0.08108108108108109,0.0,0.13333333333333333,7.127627627627628,nan,nan
6109129,15.0,5,721,4,3,482,21,61.53191489361702,0.043568464730290454,0.0,0.125,5.827593360995851,nan,nan
6148097,15.0,5,725,4,4,458,38,36.1578947368421,0.08296943231441048,0.0,0.2,7.106986899563319,nan,nan
6148143,15.0,5,677,5,4,437,23,42.29032258064516,0.05263157894736842,0.0,0.13333333333333333,7.219221967963387,nan,nan
6148208,15.0,5,646,3,3,319,42,21.50561797752809,0.13166144200626959,0.0,0.03125,7.437931034482758,nan,nan
6190357,15.0,5,710,2,2,494,25,64.43478260869566,0.05060728744939271,0.0,0.6,6.6078947368421055,nan,nan
6193396,15.0,5,658,6,5,370,11,48.26086956521739,0.02972972972972973,0.0,0.0,8.10918918918919,nan,nan
6193436,15.0,5,666,5,6,94,9,15.666666666666666,0.09574468085106383,0.0,0.2,11.931914893617021,nan,nan
4216956,15.0,6,910,6,5,363,37,23.67391304347826,0.10192837465564739,0.0,0.07407407407407407,6.841597796143251,nan,nan
4272243,15.0,6,646,2,1,600,111,16.289592760180994,0.185,0.0,0.020833333333333332,5.973166666666667,nan,nan
4344977,15.0,6,1187,5,5,384,63,17.066666666666666,0.1640625,0.0,0.06818181818181818,8.134635416666667,nan,nan
4350946,15.0,6,690,5,5,394,17,46.35294117647059,0.04314720812182741,0.0,0.08333333333333333,7.381979695431472,nan,nan
4351935,15.0,6,775,6,5,369,28,31.62857142857143,0.07588075880758807,0.0,0.25,7.451219512195122,nan,nan
4352377,15.0,6,716,5,4,428,28,37.76470588235294,0.06542056074766354,0.0,0.14285714285714285,6.666121495327102,nan,nan
4358853,15.0,6,666,4,3,528,18,67.40425531914893,0.03409090909090909,0.0,0.09090909090909091,6.174810606060606,nan,nan
4359232,15.0,6,681,3,2,590,139,13.159851301115241,0.23559322033898306,0.0,0.037383177570093455,7.585254237288136,nan,nan
4370045,15.0,6,720,4,3,467,63,24.155172413793103,0.1349036402569593,0.0,0.3157894736842105,8.074304068522483,nan,nan
4389353,15.0,6,650,5,4,462,57,24.75,0.12337662337662338,0.0,0.22727272727272727,7.408658008658009,nan,nan
4389414,15.0,6,645,5,5,422,44,29.441860465116278,0.10426540284360189,0.0,0.2,7.1289099526066355,nan,nan
4392729,15.0,6,652,4,3,478,40,39.28767123287671,0.08368200836820083,0.029411764705882353,0.3333333333333333,9.434309623430963,nan,nan
4393045,15.0,6,936,4,3,438,30,37.542857142857144,0.0684931506849315,0.0,0.045454545454545456,7.92283105022831,nan,nan
4440451,15.0,6,657,3,2,546,81,26.634146341463413,0.14835164835164835,0.0,0.42857142857142855,8.291391941391941,nan,nan
4443744,15.0,6,710,7,6,399,67,18.8503937007874,0.16791979949874686,0.0,0.19047619047619047,12.713032581453634,nan,nan
4448887,15.0,6,666,6,6,333,15,37.0,0.04504504504504504,0.0,0.0,8.98078078078078,nan,nan
4469551,15.0,6,670,4,3,512,68,25.388429752066116,0.1328125,0.0,0.21739130434782608,8.35546875,nan,nan
4472905,15.0,6,816,4,3,463,39,36.077922077922075,0.08423326133909287,0.0,0.2,7.229373650107991,nan,nan
4473229,15.0,6,673,4,4,446,31,37.166666666666664,0.06950672645739911,0.0,0.10526315789473684,6.85134529147982,nan,nan
4481970,15.0,6,642,3,2,494,25,55.924528301886795,0.05060728744939271,0.0,0.16666666666666666,5.6516194331983804,nan,nan
4482888,15.0,6,647,1,0,647,89,27.928057553956833,0.1375579598145286,0.0,0.16129032258064516,7.578052550231839,nan,nan
4487550,15.0,6,653,4,3,480,32,38.91891891891892,0.06666666666666667,0.0,0.1,6.697916666666667,nan,nan
4487946,15.0,6,710,2,1,227,29,27.79591836734694,0.1277533039647577,0.047619047619047616,0.16666666666666666,7.940969162995595,nan,nan
4504164,15.0,6,649,5,5,364,26,33.09090909090909,0.07142857142857142,0.0,0.13333333333333333,9.17802197802198,nan,nan
4527487,15.0,6,671,4,5,134,6,28.714285714285715,0.04477611940298507,0.0,0.0,10.876865671641792,nan,nan
4544584,15.0,6,672,4,3,540,31,49.09090909090909,0.05740740740740741,0.0,0.23076923076923078,7.565555555555556,nan,nan
4547202,15.0,6,696,5,4,436,24,38.470588235294116,0.05504587155963303,0.0,0.0,7.0915137614678905,nan,nan
4559519,15.0,6,991,6,5,358,30,26.85,0.08379888268156424,0.0,0.043478260869565216,7.527932960893855,nan,nan
4575701,15.0,6,700,2,1,657,150,13.36271186440678,0.228310502283105,0.0,0.023076923076923078,7.367579908675799,nan,nan
4579744,15.0,6,678,6,5,377,28,29.376623376623378,0.07427055702917772,0.0,0.043478260869565216,8.584084880636604,nan,nan
4605892,15.0,6,678,2,3,41,2,20.5,0.04878048780487805,0.0,0.0,17.578048780487805,nan,nan
4668185,15.0,6,641,7,6,372,38,23.010309278350515,0.10215053763440861,0.0,0.07692307692307693,9.518010752688172,nan,nan
4705097,15.0,6,659,4,4,451,30,41.63076923076923,0.06651884700665188,0.0,0.2727272727272727,6.0019955654101995,nan,nan
4724133,15.0,6,650,4,4,454,39,28.97872340425532,0.08590308370044053,0.0,0.0,6.5442731277533035,nan,nan
4749525,15.0,6,805,3,2,526,20,68.6086956521739,0.03802281368821293,0.0,0.08333333333333333,5.7606463878327,nan,nan
4754626,15.0,6,1144,5,4,433,35,33.74025974025974,0.08083140877598152,0.0,0.125,7.156812933025404,nan,nan
4754956,15.0,6,647,5,4,419,48,25.653061224489797,0.11455847255369929,0.0,0.19047619047619047,8.068496420047731,nan,nan
4775763,15.0,6,718,6,5,449,26,37.943661971830984,0.05790645879732739,0.0,0.05263157894736842,7.165256124721603,nan,nan
4785421,15.0,6,773,4,4,460,20,49.285714285714285,0.043478260869565216,0.0,0.0,5.651739130434783,nan,nan
4789937,15.0,6,678,4,4,524,29,52.4,0.05534351145038168,0.0,0.375,7.16851145038168,nan,nan
4792515,15.0,6,705,7,6,236,10,29.5,0.0423728813559322,0.0,0.0,8.839830508474575,nan,nan
4811115,15.0,6,643,4,3,483,23,49.11864406779661,0.047619047619047616,0.0,0.05555555555555555,6.675569358178055,nan,nan
4824328,15.0,6,688,4,3,355,20,42.6,0.056338028169014086,0.0,0.2222222222222222,6.892394366197184,nan,nan
4861227,15.0,6,710,7,6,240,20,22.5,0.08333333333333333,0.0,0.07142857142857142,8.071666666666667,nan,nan
4861687,15.0,6,746,8,7,302,41,16.623853211009173,0.1357615894039735,0.0,0.030303030303030304,7.178145695364239,nan,nan
4862222,15.0,6,670,4,3,486,57,23.142857142857142,0.11728395061728394,0.0,0.0196078431372549,7.432921810699589,nan,nan
4862380,15.0,6,660,3,2,522,31,46.05882352941177,0.05938697318007663,0.0,0.09523809523809523,6.394252873563219,nan,nan
4865550,15.0,6,642,5,5,382,43,23.875,0.112565445026178,0.0,0.11538461538461539,7.344764397905759,nan,nan
4865558,15.0,6,649,5,4,503,73,21.104895104895103,0.14512922465208747,0.0,0.17647058823529413,7.689463220675945,nan,nan
4912927,15.0,6,674,2,1,638,144,13.43157894736842,0.22570532915360503,0.0,0.024,6.8500000000000005,nan,nan
4915833,15.0,6,675,4,3,479,51,30.903225806451612,0.10647181628392484,0.0,0.45454545454545453,7.968475991649269,nan,nan
4940890,15.0,6,683,3,2,530,44,39.75,0.0830188679245283,0.0,0.3333333333333333,7.645660377358491,nan,nan
5244934,15.0,6,656,6,6,274,16,32.23529411764706,0.058394160583941604,0.0,0.1111111111111111,10.071532846715328,nan,nan
5351422,15.0,6,654,4,3,487,49,31.419354838709676,0.10061601642710473,0.0,0.23529411764705882,7.795071868583162,nan,nan
5477477,15.0,6,678,2,2,586,115,17.067961165048544,0.1962457337883959,0.0,0.13333333333333333,7.1469283276450515,nan,nan
5499001,15.0,6,670,2,1,632,108,21.423728813559322,0.17088607594936708,0.0,0.08,7.574999999999999,nan,nan
5503058,15.0,6,916,6,5,414,42,30.29268292682927,0.10144927536231885,0.0,0.18181818181818182,9.467391304347826,nan,nan
5503168,15.0,6,695,6,5,336,12,42.0,0.03571428571428571,0.0,0.0,8.495833333333334,nan,nan
5503359,15.0,6,716,6,6,319,15,35.44444444444444,0.047021943573667714,0.0,0.0,8.93510971786834,nan,nan
5540718,15.0,6,663,6,6,333,32,23.50588235294118,0.0960960960960961,0.0,0.038461538461538464,6.1954954954954955,nan,nan
5540722,15.0,6,691,5,5,426,21,44.06896551724138,0.04929577464788732,0.0,0.06666666666666667,5.887793427230046,nan,nan
5540733,15.0,6,641,4,3,490,27,48.19672131147541,0.05510204081632653,0.0,0.16666666666666666,5.525714285714286,nan,nan
5540847,15.0,6,869,6,6,375,17,43.26923076923077,0.04533333333333334,0.0,0.1111111111111111,6.536533333333333,nan,nan
5547018,15.0,6,649,6,5,388,49,20.243478260869566,0.12628865979381443,0.0,0.05405405405405406,6.768298969072164,nan,nan
5565253,15.0,6,670,4,5,385,17,53.72093023255814,0.04415584415584416,0.0,0.125,4.8711688311688315,nan,nan
5615881,15.0,6,1051,6,6,357,31,26.444444444444443,0.08683473389355742,0.0,0.043478260869565216,5.654341736694677,nan,nan
5615968,15.0,6,642,6,5,378,55,20.25,0.1455026455026455,0.0,0.16666666666666666,6.360582010582011,nan,nan
5615986,15.0,6,685,5,4,343,27,30.71641791044776,0.07871720116618076,0.0,0.14285714285714285,5.733236151603498,nan,nan
5615988,15.0,6,671,6,5,356,27,31.41176470588235,0.07584269662921349,0.0,0.15384615384615385,6.760674157303371,nan,nan
5616015,15.0,6,657,2,1,624,104,23.4,0.16666666666666666,0.0,0.45454545454545453,6.40977564102564,nan,nan
5633515,15.0,6,663,6,5,410,30,29.285714285714285,0.07317073170731707,0.0,0.0,6.930000000000001,nan,nan
5692189,15.0,6,1527,6,5,401,23,34.371428571428574,0.057356608478802994,0.0,0.0,7.794763092269326,nan,nan
5705278,15.0,6,643,8,7,323,31,20.617021276595743,0.09597523219814241,0.0,0.0,7.372755417956657,nan,nan
5705752,15.0,6,682,5,4,434,29,36.166666666666664,0.06682027649769585,0.0,0.1111111111111111,6.267741935483871,nan,nan
5706077,15.0,6,656,5,5,382,25,34.72727272727273,0.06544502617801047,0.0,0.05263157894736842,5.931675392670157,nan,nan
5706137,15.0,6,737,7,7,173,8,23.59090909090909,0.046242774566473986,0.0,0.0,8.220231213872832,nan,nan
5715345,15.0,6,923,4,3,491,26,45.323076923076925,0.05295315682281059,0.0,0.05,6.00346232179226,nan,nan
5771585,15.0,6,720,6,5,355,11,46.30434782608695,0.030985915492957747,0.0,0.0,6.228169014084507,nan,nan
5771621,15.0,6,675,6,5,379,14,43.73076923076923,0.036939313984168866,0.0,0.0,6.264643799472296,nan,nan
5772092,15.0,6,729,8,7,335,25,24.51219512195122,0.07462686567164178,0.0,0.0,6.184179104477612,nan,nan
5772102,15.0,6,725,5,4,359,19,37.13793103448276,0.052924791086350974,0.0,0.0,6.388022284122563,nan,nan
5772192,15.0,6,706,7,6,381,22,31.75,0.05774278215223097,0.0,0.0,6.595013123359579,nan,nan
5874746,15.0,6,729,6,6,364,27,28.0,0.07417582417582418,0.0,0.0,5.724450549450549,nan,nan
5874767,15.0,6,1278,8,7,245,12,26.25,0.04897959183673469,0.0,0.0,5.80530612244898,nan,nan
5874769,15.0,6,649,6,6,322,18,32.2,0.055900621118012424,0.0,0.0,5.76583850931677,nan,nan
5874787,15.0,6,1064,5,5,225,12,30.681818181818183,0.05333333333333334,0.0,0.0,6.286222222222222,nan,nan
5875173,15.0,6,712,4,4,95,5,21.923076923076923,0.05263157894736842,0.0,0.0,7.077894736842105,nan,nan
5882173,15.0,6,665,8,7,273,26,21.0,0.09523809523809523,0.0,0.125,6.245421245421245,nan,nan
5969330,15.0,6,721,6,5,459,87,14.123076923076923,0.1895424836601307,0.0,0.012195121951219513,6.8200435729847495,nan,nan
5969331,15.0,6,706,6,5,359,34,28.342105263157894,0.0947075208913649,0.0,0.2727272727272727,6.834261838440112,nan,nan
5969362,15.0,6,672,5,5,449,18,48.107142857142854,0.0400890868596882,0.0,0.0,6.455902004454343,nan,nan
6058407,15.0,6,696,7,7,329,32,21.456521739130434,0.0972644376899696,0.0,0.0,7.220668693009118,nan,nan
6062407,15.0,6,666,7,6,333,27,25.29113924050633,0.08108108108108109,0.0,0.045454545454545456,7.459759759759759,nan,nan
6109129,15.0,6,721,4,3,482,21,57.84,0.043568464730290454,0.0,0.2222222222222222,6.406639004149378,nan,nan
6148097,15.0,6,725,4,4,458,38,35.688311688311686,0.08296943231441048,0.0,0.2,6.560698689956332,nan,nan
6148143,15.0,6,677,5,4,437,23,39.72727272727273,0.05263157894736842,0.0,0.0,6.775743707093821,nan,nan
6148208,15.0,6,646,3,3,319,42,21.50561797752809,0.13166144200626959,0.0,0.03125,6.41692789968652,nan,nan
6190357,15.0,6,710,2,2,494,25,61.75,0.05060728744939271,0.0,0.2222222222222222,6.688056680161943,nan,nan
6193396,15.0,6,658,6,5,370,11,48.26086956521739,0.02972972972972973,0.0,0.0,7.746216216216216,nan,nan
6193436,15.0,6,666,5,6,94,9,14.842105263157896,0.09574468085106383,0.0,0.0,9.036170212765958,nan,nan
4216956,15.0,7,910,6,5,363,37,22.224489795918366,0.10192837465564739,0.0,0.0,6.043250688705234,nan,nan
4272243,15.0,7,646,2,1,600,111,16.289592760180994,0.185,0.0,0.020833333333333332,6.235,nan,nan
4344977,15.0,7,1187,5,5,384,63,16.695652173913043,0.1640625,0.0,0.04081632653061224,7.766145833333333,nan,nan
4350946,15.0,7,690,5,5,394,17,43.77777777777778,0.04314720812182741,0.0,0.0,7.250253807106599,nan,nan
4351935,15.0,7,775,6,5,369,28,29.13157894736842,0.07588075880758807,0.0,0.045454545454545456,7.928997289972901,nan,nan
4352377,15.0,7,716,5,4,428,28,36.16901408450704,0.06542056074766354,0.0,0.05,6.692757009345795,nan,nan
4358853,15.0,7,666,4,3,528,18,67.40425531914893,0.03409090909090909,0.0,0.09090909090909091,6.007575757575758,nan,nan
4359232,15.0,7,681,3,2,590,139,13.159851301115241,0.23559322033898306,0.0,0.037383177570093455,7.031694915254237,nan,nan
4370045,15.0,7,720,4,3,467,63,24.36521739130435,0.1349036402569593,0.0,0.23809523809523808,7.6610278372591,nan,nan
4389353,15.0,7,650,5,4,462,57,24.104347826086958,0.12337662337662338,0.0,0.15384615384615385,8.147186147186147,nan,nan
4389414,15.0,7,645,5,5,422,44,28.772727272727273,0.10426540284360189,0.0,0.16666666666666666,8.717535545023697,nan,nan
4392729,15.0,7,652,4,3,478,40,37.246753246753244,0.08368200836820083,0.029411764705882353,0.043478260869565216,7.372594142259414,nan,nan
4393045,15.0,7,936,4,3,438,30,37.542857142857144,0.0684931506849315,0.0,0.045454545454545456,6.344520547945206,nan,nan
4440451,15.0,7,657,3,2,546,81,24.818181818181817,0.14835164835164835,0.0,0.1,8.923260073260074,nan,nan
4443744,15.0,7,710,7,6,399,67,18.27480916030534,0.16791979949874686,0.0,0.06666666666666667,11.424310776942356,nan,nan
4448887,15.0,7,666,6,6,333,15,37.0,0.04504504504504504,0.0,0.0,8.81111111111111,nan,nan
4469551,15.0,7,670,4,3,512,68,26.033898305084747,0.1328125,0.0,0.2631578947368421,7.3986328125,nan,nan
4472905,15.0,7,816,4,3,463,39,35.61538461538461,0.08423326133909287,0.0,0.2,7.443196544276457,nan,nan
4473229,15.0,7,673,4,4,446,31,34.30769230769231,0.06950672645739911,0.0,0.0,7.106726457399103,nan,nan
4481970,15.0,7,642,3,2,494,25,55.924528301886795,0.05060728744939271,0.0,0.16666666666666666,6.456882591093117,nan,nan
4482888,15.0,7,647,1,0,647,89,27.338028169014084,0.1375579598145286,0.0,0.10810810810810811,6.8751159196290565,nan,nan
4487550,15.0,7,653,4,3,480,32,36.0,0.06666666666666667,0.0,0.0,8.116458333333334,nan,nan
4487946,15.0,7,710,2,1,227,29,28.97872340425532,0.1277533039647577,0.047619047619047616,0.18181818181818182,12.466960352422907,nan,nan
4504164,15.0,7,649,5,5,364,26,30.333333333333332,0.07142857142857142,0.0,0.0,9.986813186813187,nan,nan
4527487,15.0,7,671,4,5,134,6,28.714285714285715,0.04477611940298507,0.0,0.0,11.17313432835821,nan,nan
4544584,15.0,7,672,4,3,540,31,46.95652173913044,0.05740740740740741,0.0,0.1111111111111111,8.285370370370371,nan,nan
4547202,15.0,7,696,5,4,436,24,38.470588235294116,0.05504587155963303,0.0,0.0,5.697477064220183,nan,nan
4559519,15.0,7,991,6,5,358,30,26.85,0.08379888268156424,0.0,0.043478260869565216,5.38659217877095,nan,nan
4575701,15.0,7,700,2,1,657,150,12.967105263157896,0.228310502283105,0.0,0.006993006993006993,5.580974124809741,nan,nan
4579744,15.0,7,678,6,5,377,28,28.275,0.07427055702917772,0.0,0.0,6.0538461538461545,nan,nan
4605892,15.0,7,678,2,3,41,2,20.5,0.04878048780487805,0.0,0.0,14.217073170731707,nan,nan
4668185,15.0,7,641,7,6,372,38,22.32,0.10215053763440861,0.0,0.03225806451612903,7.890860215053764,nan,nan
4705097,15.0,7,659,4,4,451,30,38.11267605633803,0.06651884700665188,0.0,0.045454545454545456,5.116407982261641,nan,nan
4724133,15.0,7,650,4,4,454,39,28.97872340425532,0.08590308370044053,0.0,0.0,5.2867841409691625,nan,nan
4749525,15.0,7,805,3,2,526,20,67.14893617021276,0.03802281368821293,0.0,0.07692307692307693,6.667110266159696,nan,nan
4754626,15.0,7,1144,5,4,433,35,32.475,0.08083140877598152,0.0,0.045454545454545456,7.228868360277136,nan,nan
4754956,15.0,7,647,5,4,419,48,23.49532710280374,0.11455847255369929,0.0,0.02702702702702703,6.388066825775656,nan,nan
4775763,15.0,7,718,6,5,449,26,37.943661971830984,0.05790645879732739,0.0,0.05555555555555555,6.634521158129176,nan,nan
4785421,15.0,7,773,4,4,460,20,49.285714285714285,0.043478260869565216,0.0,0.0,5.622173913043478,nan,nan
4789937,15.0,7,678,4,4,524,29,48.36923076923077,0.05534351145038168,0.0,0.13333333333333333,5.859732824427481,nan,nan
4792515,15.0,7,705,7,6,236,10,29.5,0.0423728813559322,0.0,0.0,6.125,nan,nan
4811115,15.0,7,643,4,3,483,23,49.96551724137931,0.047619047619047616,0.0,0.0625,5.321739130434783,nan,nan
4824328,15.0,7,688,4,3,355,20,42.6,0.056338028169014086,0.0,0.09090909090909091,4.300281690140845,nan,nan
4861227,15.0,7,710,7,6,240,20,22.5,0.08333333333333333,0.0,0.07142857142857142,7.570833333333334,nan,nan
4861687,15.0,7,746,8,7,302,41,16.472727272727273,0.1357615894039735,0.0,0.02857142857142857,7.7609271523178815,nan,nan
4862222,15.0,7,670,4,3,486,57,23.142857142857142,0.11728395061728394,0.0,0.0196078431372549,5.973868312757202,nan,nan
4862380,15.0,7,660,3,2,522,31,42.32432432432432,0.05938697318007663,0.0,0.0,5.49367816091954,nan,nan
4865550,15.0,7,642,5,5,382,43,23.387755102040817,0.112565445026178,0.0,0.06451612903225806,8.650785340314135,nan,nan
4865558,15.0,7,649,5,4,503,73,19.986754966887418,0.14512922465208747,0.0,0.057692307692307696,6.875944333996023,nan,nan
4912927,15.0,7,674,2,1,638,144,13.337979094076655,0.22570532915360503,0.0,0.007575757575757576,6.329467084639498,nan,nan
4915833,15.0,7,675,4,3,479,51,30.903225806451612,0.10647181628392484,0.0,0.45454545454545453,7.490187891440502,nan,nan
4940890,15.0,7,683,3,2,530,44,36.55172413793103,0.0830188679245283,0.0,0.13636363636363635,7.98188679245283,nan,nan
5244934,15.0,7,656,6,6,274,16,32.23529411764706,0.058394160583941604,0.0,0.1111111111111111,9.057299270072992,nan,nan
5351422,15.0,7,654,4,3,487,49,31.419354838709676,0.10061601642710473,0.0,0.2222222222222222,8.488501026694044,nan,nan
5477477,15.0,7,678,2,2,586,115,17.067961165048544,0.1962457337883959,0.0,0.13333333333333333,7.526109215017065,nan,nan
5499001,15.0,7,670,2,1,632,108,21.66857142857143,0.17088607594936708,0.0,0.0851063829787234,6.489715189873418,nan,nan
5503058,15.0,7,916,6,5,414,42,30.29268292682927,0.10144927536231885,0.0,0.18181818181818182,9.97584541062802,nan,nan
5503168,15.0,7,695,6,5,336,12,42.0,0.03571428571428571,0.0,0.0,9.869642857142857,nan,nan
5503359,15.0,7,716,6,6,319,15,35.44444444444444,0.047021943573667714,0.0,0.0,7.668652037617555,nan,nan
5540718,15.0,7,663,6,6,333,32,22.704545454545453,0.0960960960960961,0.0,0.0,5.955255255255255,nan,nan
5540722,15.0,7,691,5,5,426,21,44.06896551724138,0.04929577464788732,0.0,0.06666666666666667,5.614553990610329,nan,nan
5540733,15.0,7,641,4,3,490,27,48.19672131147541,0.05510204081632653,0.0,0.16666666666666666,6.077142857142857,nan,nan
5540847,15.0,7,869,6,6,375,17,43.26923076923077,0.04533333333333334,0.0,0.1111111111111111,6.349333333333333,nan,nan
5547018,15.0,7,649,6,5,388,49,19.728813559322035,0.12628865979381443,0.0,0.023809523809523808,7.008762886597938,nan,nan
5565253,15.0,7,670,4,5,385,17,53.72093023255814,0.04415584415584416,0.0,0.125,5.192727272727272,nan,nan
5615881,15.0,7,1051,6,6,357,31,26.444444444444443,0.08683473389355742,0.0,0.043478260869565216,7.00672268907563,nan,nan
5615968,15.0,7,642,6,5,378,55,20.25,0.1455026455026455,0.0,0.16666666666666666,7.169047619047619,nan,nan
5615986,15.0,7,685,5,4,343,27,29.82608695652174,0.07871720116618076,0.0,0.05263157894736842,7.150437317784256,nan,nan
5615988,15.0,7,671,6,5,356,27,31.41176470588235,0.07584269662921349,0.0,0.15384615384615385,6.741853932584269,nan,nan
5616015,15.0,7,657,2,1,624,104,23.4,0.16666666666666666,0.0,0.375,6.895032051282051,nan,nan
5633515,15.0,7,663,6,5,410,30,29.285714285714285,0.07317073170731707,0.0,0.0,7.390731707317073,nan,nan
5692189,15.0,7,1527,6,5,401,23,34.371428571428574,0.057356608478802994,0.0,0.0,7.562593516209476,nan,nan
5705278,15.0,7,643,8,7,323,31,20.617021276595743,0.09597523219814241,0.0,0.0,6.455108359133127,nan,nan
5705752,15.0,7,682,5,4,434,29,33.38461538461539,0.06682027649769585,0.0,0.0,5.050691244239632,nan,nan
5706077,15.0,7,656,5,5,382,25,34.72727272727273,0.06544502617801047,0.0,0.05263157894736842,6.334293193717277,nan,nan
5706137,15.0,7,737,7,7,173,8,23.59090909090909,0.046242774566473986,0.0,0.0,7.030635838150289,nan,nan
5715345,15.0,7,923,4,3,491,26,43.3235294117647,0.05295315682281059,0.0,0.0,5.1358452138492865,nan,nan
5771585,15.0,7,720,6,5,355,11,46.30434782608695,0.030985915492957747,0.0,0.0,5.624788732394366,nan,nan
5771621,15.0,7,675,6,5,379,14,43.73076923076923,0.036939313984168866,0.0,0.0,6.417150395778364,nan,nan
5772092,15.0,7,729,8,7,335,25,24.51219512195122,0.07462686567164178,0.0,0.0,7.058805970149253,nan,nan
5772102,15.0,7,725,5,4,359,19,37.13793103448276,0.052924791086350974,0.0,0.0,5.028133704735375,nan,nan
5772192,15.0,7,706,7,6,381,22,31.75,0.05774278215223097,0.0,0.0,7.163254593175853,nan,nan
5874746,15.0,7,729,6,6,364,27,28.0,0.07417582417582418,0.0,0.0,6.771978021978022,nan,nan
5874767,15.0,7,1278,8,7,245,12,26.25,0.04897959183673469,0.0,0.0,6.996734693877551,nan,nan
5874769,15.0,7,649,6,6,322,18,32.2,0.055900621118012424,0.0,0.0,6.795652173913043,nan,nan
5874787,15.0,7,1064,5,5,225,12,30.681818181818183,0.05333333333333334,0.0,0.0,6.826666666666667,nan,nan
5875173,15.0,7,712,4,4,95,5,21.923076923076923,0.05263157894736842,0.0,0.0,7.887368421052631,nan,nan
5882173,15.0,7,665,8,7,273,26,19.5,0.09523809523809523,0.0,0.0,6.906227106227107,nan,nan
5969330,15.0,7,721,6,5,459,87,13.909090909090908,0.1895424836601307,0.0,0.0,7.011764705882353,nan,nan
5969331,15.0,7,706,6,5,359,34,27.265822784810126,0.0947075208913649,0.0,0.11764705882352941,7.609470752089137,nan,nan
5969362,15.0,7,672,5,5,449,18,48.107142857142854,0.0400890868596882,0.0,0.0,6.635634743875278,nan,nan
6058407,15.0,7,696,7,7,329,32,21.456521739130434,0.0972644376899696,0.0,0.0,7.532218844984802,nan,nan
6062407,15.0,7,666,7,6,333,27,24.365853658536587,0.08108108108108109,0.0,0.0,6.900300300300301,nan,nan
6109129,15.0,7,721,4,3,482,21,54.56603773584906,0.043568464730290454,0.0,0.07142857142857142,5.137551867219917,nan,nan
6148097,15.0,7,725,4,4,458,38,34.35,0.08296943231441048,0.0,0.1,5.637554585152839,nan,nan
6148143,15.0,7,677,5,4,437,23,39.72727272727273,0.05263157894736842,0.0,0.0,6.455835240274599,nan,nan
6148208,15.0,7,646,3,3,319,42,21.50561797752809,0.13166144200626959,0.0,0.03125,6.980564263322885,nan,nan
6190357,15.0,7,710,2,2,494,25,61.75,0.05060728744939271,0.0,0.2222222222222222,6.52004048582996,nan,nan
6193396,15.0,7,658,6,5,370,11,48.26086956521739,0.02972972972972973,0.0,0.0,7.688108108108108,nan,nan
6193436,15.0,7,666,5,6,94,9,14.842105263157896,0.09574468085106383,0.0,0.0,9.730851063829787,nan,nan
4216956,15.0,8,910,6,5,363,37,22.224489795918366,0.10192837465564739,0.0,0.0,6.353719008264463,nan,nan
4272243,15.0,8,646,2,1,600,111,16.0,0.185,0.0,0.009708737864077669,6.0040000000000004,nan,nan
4344977,15.0,8,1187,5,5,384,63,16.340425531914892,0.1640625,0.0,0.01818181818181818,7.71875,nan,nan
4350946,15.0,8,690,5,5,394,17,43.77777777777778,0.04314720812182741,0.0,0.0,6.45761421319797,nan,nan
4351935,15.0,8,775,6,5,369,28,27.675,0.07588075880758807,0.0,0.0,6.8596205962059615,nan,nan
4352377,15.0,8,716,5,4,428,28,33.78947368421053,0.06542056074766354,0.0,0.0,6.511682242990654,nan,nan
4358853,15.0,8,666,4,3,528,18,67.40425531914893,0.03409090909090909,0.0,0.09090909090909091,5.879356060606061,nan,nan
4359232,15.0,8,681,3,2,590,139,12.464788732394366,0.23559322033898306,0.0,0.007692307692307693,7.125932203389831,nan,nan
4370045,15.0,8,720,4,3,467,63,23.54621848739496,0.1349036402569593,0.0,0.14285714285714285,7.553961456102783,nan,nan
4389353,15.0,8,650,5,4,462,57,22.536585365853657,0.12337662337662338,0.0,0.05,6.837445887445887,nan,nan
4389414,15.0,8,645,5,5,422,44,28.133333333333333,0.10426540284360189,0.0,0.09523809523809523,8.726066350710902,nan,nan
4392729,15.0,8,652,4,3,478,40,35.407407407407405,0.08368200836820083,0.0,0.043478260869565216,7.430753138075314,nan,nan
4393045,15.0,8,936,4,3,438,30,37.542857142857144,0.0684931506849315,0.0,0.045454545454545456,7.115525114155251,nan,nan
4440451,15.0,8,657,3,2,546,81,26.0,0.14835164835164835,0.0,0.12,8.063186813186814,nan,nan
4443744,15.0,8,710,7,6,399,67,18.27480916030534,0.16791979949874686,0.0,0.06451612903225806,9.980200501253133,nan,nan
4448887,15.0,8,666,6,6,333,15,37.0,0.04504504504504504,0.0,0.0,7.9324324324324325,nan,nan
4469551,15.0,8,670,4,3,512,68,24.774193548387096,0.1328125,0.0,0.13793103448275862,6.19296875,nan,nan
4472905,15.0,8,816,4,3,463,39,36.077922077922075,0.08423326133909287,0.0,0.2,7.049892008639309,nan,nan
4473229,15.0,8,673,4,4,446,31,34.30769230769231,0.06950672645739911,0.0,0.0,7.17152466367713,nan,nan
4481970,15.0,8,642,3,2,494,25,54.888888888888886,0.05060728744939271,0.0,0.07142857142857142,6.2129554655870445,nan,nan
4482888,15.0,8,647,1,0,647,89,26.589041095890412,0.1375579598145286,0.0,0.06818181818181818,6.846367851622875,nan,nan
4487550,15.0,8,653,4,3,480,32,36.0,0.06666666666666667,0.0,0.0,7.683541666666667,nan,nan
4487946,15.0,8,710,2,1,227,29,25.69811320754717,0.1277533039647577,0.0,0.18181818181818182,7.066079295154185,nan,nan
4504164,15.0,8,649,5,5,364,26,30.333333333333332,0.07142857142857142,0.0,0.0,9.482967032967034,nan,nan
4527487,15.0,8,671,4,5,134,6,28.714285714285715,0.04477611940298507,0.0,0.0,10.817164179104477,nan,nan
4544584,15.0,8,672,4,3,540,31,44.38356164383562,0.05740740740740741,0.0,0.041666666666666664,6.872037037037037,nan,nan
4547202,15.0,8,696,5,4,436,24,38.470588235294116,0.05504587155963303,0.0,0.0,6.468119266055045,nan,nan
4559519,15.0,8,991,6,5,358,30,25.571428571428573,0.08379888268156424,0.0,0.0,6.967039106145251,nan,nan
4575701,15.0,8,700,2,1,657,150,12.7987012987013,0.228310502283105,0.0,0.0,6.636681887366819,nan,nan
4579744,15.0,8,678,6,5,377,28,28.275,0.07427055702917772,0.0,0.0,8.915119363395226,nan,nan
4605892,15.0,8,678,2,3,41,2,20.5,0.04878048780487805,0.0,0.0,15.092682926829267,nan,nan
4668185,15.0,8,641,7,6,372,38,21.46153846153846,0.10215053763440861,0.0,0.0,8.60725806451613,nan,nan
4705097,15.0,8,659,4,4,451,30,35.60526315789474,0.06651884700665188,0.0,0.0,6.153658536585366,nan,nan
4724133,15.0,8,650,4,4,454,39,28.97872340425532,0.08590308370044053,0.0,0.0,6.24295154185022,nan,nan
4749525,15.0,8,805,3,2,526,20,60.69230769230769,0.03802281368821293,0.0,0.0,5.8463878326996195,nan,nan
4754626,15.0,8,1144,5,4,433,35,30.564705882352943,0.08083140877598152,0.0,0.037037037037037035,6.76027713625866,nan,nan
4754956,15.0,8,647,5,4,419,48,23.49532710280374,0.11455847255369929,0.0,0.02702702702702703,6.950596658711218,nan,nan
4775763,15.0,8,718,6,5,449,26,37.943661971830984,0.05790645879732739,0.0,0.05263157894736842,6.6545657015590205,nan,nan
4785421,15.0,8,773,4,4,460,20,49.285714285714285,0.043478260869565216,0.0,0.0,5.862826086956522,nan,nan
4789937,15.0,8,678,4,4,524,29,42.486486486486484,0.05534351145038168,0.0,0.0,4.590458015267176,nan,nan
4792515,15.0,8,705,7,6,236,10,29.5,0.0423728813559322,0.0,0.0,6.31864406779661,nan,nan
4811115,15.0,8,643,4,3,483,23,46.74193548387097,0.047619047619047616,0.0,0.0,6.204968944099379,nan,nan
4824328,15.0,8,688,4,3,355,20,42.6,0.056338028169014086,0.0,0.09090909090909091,4.666478873239436,nan,nan
4861227,15.0,8,710,7,6,240,20,21.176470588235293,0.08333333333333333,0.0,0.0,5.696666666666667,nan,nan
4861687,15.0,8,746,8,7,302,41,15.894736842105264,0.1357615894039735,0.0,0.0,5.668543046357616,nan,nan
4862222,15.0,8,670,4,3,486,57,22.43076923076923,0.11728395061728394,0.0,0.0,5.7405349794238685,nan,nan
4862380,15.0,8,660,3,2,522,31,42.32432432432432,0.05938697318007663,0.0,0.0,6.748659003831418,nan,nan
4865550,15.0,8,642,5,5,382,43,21.62264150943396,0.112565445026178,0.0,0.0,7.503403141361257,nan,nan
4865558,15.0,8,649,5,4,503,73,19.470967741935485,0.14512922465208747,0.0,0.03571428571428571,7.876540755467197,nan,nan
4912927,15.0,8,674,2,1,638,144,13.337979094076655,0.22570532915360503,0.0,0.007575757575757576,6.965360501567398,nan,nan
4915833,15.0,8,675,4,3,479,51,28.455445544554454,0.10647181628392484,0.0,0.12,8.255949895615867,nan,nan
4940890,15.0,8,683,3,2,530,44,36.13636363636363,0.0830188679245283,0.0,0.07692307692307693,6.345283018867924,nan,nan
5244934,15.0,8,656,6,6,274,16,32.23529411764706,0.058394160583941604,0.0,0.1111111111111111,10.196350364963504,nan,nan
5351422,15.0,8,654,4,3,487,49,28.647058823529413,0.10061601642710473,0.0,0.06451612903225806,7.6640657084188915,nan,nan
5477477,15.0,8,678,2,2,586,115,14.77310924369748,0.1962457337883959,0.0,0.0,7.420477815699658,nan,nan
5499001,15.0,8,670,2,1,632,108,21.18435754189944,0.17088607594936708,0.0,0.05454545454545454,6.4200949367088604,nan,nan
5503058,15.0,8,916,6,5,414,42,30.29268292682927,0.10144927536231885,0.0,0.18181818181818182,8.938164251207729,nan,nan
5503168,15.0,8,695,6,5,336,12,42.0,0.03571428571428571,0.0,0.0,9.438392857142858,nan,nan
5503359,15.0,8,716,6,6,319,15,35.44444444444444,0.047021943573667714,0.0,0.0,7.410344827586207,nan,nan
5540718,15.0,8,663,6,6,333,32,22.704545454545453,0.0960960960960961,0.0,0.0,6.373573573573574,nan,nan
5540722,15.0,8,691,5,5,426,21,41.225806451612904,0.04929577464788732,0.0,0.0,5.926525821596243,nan,nan
5540733,15.0,8,641,4,3,490,27,45.23076923076923,0.05510204081632653,0.0,0.05263157894736842,6.0567346938775515,nan,nan
5540847,15.0,8,869,6,6,375,17,43.26923076923077,0.04533333333333334,0.0,0.1111111111111111,6.626666666666667,nan,nan
5547018,15.0,8,649,6,5,388,49,19.081967213114755,0.12628865979381443,0.0,0.0,6.97139175257732,nan,nan
5565253,15.0,8,670,4,5,385,17,53.72093023255814,0.04415584415584416,0.0,0.125,6.386233766233766,nan,nan
5615881,15.0,8,1051,6,6,357,31,26.444444444444443,0.08683473389355742,0.0,0.043478260869565216,6.571988795518207,nan,nan
5615968,15.0,8,642,6,5,378,55,19.551724137931036,0.1455026455026455,0.0,0.1,6.319312169312169,nan,nan
5615986,15.0,8,685,5,4,343,27,30.264705882352942,0.07871720116618076,0.0,0.05555555555555555,5.242857142857143,nan,nan
5615988,15.0,8,671,6,5,356,27,29.666666666666668,0.07584269662921349,0.0,0.05263157894736842,6.6412921348314615,nan,nan
5616015,15.0,8,657,2,1,624,104,18.814070351758794,0.16666666666666666,0.0,0.024096385542168676,6.391025641025641,nan,nan
5633515,15.0,8,663,6,5,410,30,29.285714285714285,0.07317073170731707,0.0,0.0,7.0841463414634145,nan,nan
5692189,15.0,8,1527,6,5,401,23,34.371428571428574,0.057356608478802994,0.0,0.0,6.18503740648379,nan,nan
5705278,15.0,8,643,8,7,323,31,20.617021276595743,0.09597523219814241,0.0,0.0,6.974303405572755,nan,nan
5705752,15.0,8,682,5,4,434,29,33.38461538461539,0.06682027649769585,0.0,0.0,5.4631336405529956,nan,nan
5706077,15.0,8,656,5,5,382,25,32.74285714285714,0.06544502617801047,0.0,0.0,5.070942408376963,nan,nan
5706137,15.0,8,737,7,7,173,8,23.59090909090909,0.046242774566473986,0.0,0.0,6.797109826589596,nan,nan
5715345,15.0,8,923,4,3,491,26,43.3235294117647,0.05295315682281059,0.0,0.0,4.381059063136456,nan,nan
5771585,15.0,8,720,6,5,355,11,46.30434782608695,0.030985915492957747,0.0,0.0,5.252957746478873,nan,nan
5771621,15.0,8,675,6,5,379,14,43.73076923076923,0.036939313984168866,0.0,0.0,7.532981530343008,nan,nan
5772092,15.0,8,729,8,7,335,25,24.51219512195122,0.07462686567164178,0.0,0.0,7.800597014925373,nan,nan
5772102,15.0,8,725,5,4,359,19,37.13793103448276,0.052924791086350974,0.0,0.0,6.12924791086351,nan,nan
5772192,15.0,8,706,7,6,381,22,31.75,0.05774278215223097,0.0,0.0,5.720209973753281,nan,nan
5874746,15.0,8,729,6,6,364,27,28.0,0.07417582417582418,0.0,0.0,6.494780219780219,nan,nan
5874767,15.0,8,1278,8,7,245,12,26.25,0.04897959183673469,0.0,0.0,7.213469387755102,nan,nan
5874769,15.0,8,649,6,6,322,18,32.2,0.055900621118012424,0.0,0.0,4.587267080745342,nan,nan
5874787,15.0,8,1064,5,5,225,12,30.681818181818183,0.05333333333333334,0.0,0.0,5.838222222222222,nan,nan
5875173,15.0,8,712,4,4,95,5,21.923076923076923,0.05263157894736842,0.0,0.0,6.063157894736842,nan,nan
5882173,15.0,8,665,8,7,273,26,19.5,0.09523809523809523,0.0,0.0,5.640659340659341,nan,nan
5969330,15.0,8,721,6,5,459,87,13.909090909090908,0.1895424836601307,0.0,0.0,6.649891067538126,nan,nan
5969331,15.0,8,706,6,5,359,34,27.265822784810126,0.0947075208913649,0.0,0.11764705882352941,6.862395543175487,nan,nan
5969362,15.0,8,672,5,5,449,18,48.107142857142854,0.0400890868596882,0.0,0.0,6.4832962138084635,nan,nan
6058407,15.0,8,696,7,7,329,32,21.456521739130434,0.0972644376899696,0.0,0.0,6.771732522796353,nan,nan
6062407,15.0,8,666,7,6,333,27,24.365853658536587,0.08108108108108109,0.0,0.0,6.809609609609609,nan,nan
6109129,15.0,8,721,4,3,482,21,54.56603773584906,0.043568464730290454,0.0,0.07142857142857142,4.878215767634855,nan,nan
6148097,15.0,8,725,4,4,458,38,34.35,0.08296943231441048,0.0,0.1,6.646943231441049,nan,nan
6148143,15.0,8,677,5,4,437,23,39.72727272727273,0.05263157894736842,0.0,0.0,6.271853546910756,nan,nan
6148208,15.0,8,646,3,3,319,42,21.50561797752809,0.13166144200626959,0.0,0.03125,6.996238244514108,nan,nan
6190357,15.0,8,710,2,2,494,25,57.0,0.05060728744939271,0.0,0.0625,5.466194331983806,nan,nan
6193396,15.0,8,658,6,5,370,11,48.26086956521739,0.02972972972972973,0.0,0.0,7.565135135135135,nan,nan
6193436,15.0,8,666,5,6,94,9,14.842105263157896,0.09574468085106383,0.0,0.0,10.828723404255319,nan,nan
4216956,15.0,9,910,6,5,363,37,22.224489795918366,0.10192837465564739,0.0,0.0,6.403030303030303,nan,nan
4272243,15.0,9,646,2,1,600,111,15.652173913043478,0.185,0.0,0.0,6.0165,nan,nan
4344977,15.0,9,1187,5,5,384,63,15.780821917808218,0.1640625,0.0,0.0,6.816927083333333,nan,nan
4350946,15.0,9,690,5,5,394,17,43.77777777777778,0.04314720812182741,0.0,0.0,7.968527918781725,nan,nan
4351935,15.0,9,775,6,5,369,28,27.675,0.07588075880758807,0.0,0.0,7.170189701897019,nan,nan
4352377,15.0,9,716,5,4,428,28,33.78947368421053,0.06542056074766354,0.0,0.0,6.066121495327104,nan,nan
4358853,15.0,9,666,4,3,528,18,60.92307692307692,0.03409090909090909,0.0,0.0,6.208522727272727,nan,nan
4359232,15.0,9,681,3,2,590,139,12.464788732394366,0.23559322033898306,0.0,0.007692307692307693,7.381694915254237,nan,nan
4370045,15.0,9,720,4,3,467,63,22.596774193548388,0.1349036402569593,0.0,0.08333333333333333,7.1038543897216275,nan,nan
4389353,15.0,9,650,5,4,462,57,21.826771653543307,0.12337662337662338,0.0,0.02127659574468085,8.141125541125541,nan,nan
4389414,15.0,9,645,5,5,422,44,28.133333333333333,0.10426540284360189,0.0,0.09523809523809523,8.75260663507109,nan,nan
4392729,15.0,9,652,4,3,478,40,35.407407407407405,0.08368200836820083,0.0,0.043478260869565216,7.680543933054394,nan,nan
4393045,15.0,9,936,4,3,438,30,37.542857142857144,0.0684931506849315,0.0,0.045454545454545456,8.046118721461188,nan,nan
4440451,15.0,9,657,3,2,546,81,25.00763358778626,0.14835164835164835,0.0,0.0625,8.206227106227107,nan,nan
4443744,15.0,9,710,7,6,399,67,17.602941176470587,0.16791979949874686,0.0,0.02631578947368421,10.758646616541354,nan,nan
4448887,15.0,9,666,6,6,333,15,37.0,0.04504504504504504,0.0,0.0,9.508108108108107,nan,nan
4469551,15.0,9,670,4,3,512,68,24.774193548387096,0.1328125,0.0,0.13793103448275862,6.7890625,nan,nan
4472905,15.0,9,816,4,3,463,39,33.8780487804878,0.08423326133909287,0.0,0.08695652173913043,5.620302375809935,nan,nan
4473229,15.0,9,673,4,4,446,31,34.30769230769231,0.06950672645739911,0.0,0.0,7.282062780269059,nan,nan
4481970,15.0,9,642,3,2,494,25,54.888888888888886,0.05060728744939271,0.0,0.07142857142857142,6.434210526315789,nan,nan
4482888,15.0,9,647,1,0,647,89,26.77241379310345,0.1375579598145286,0.0,0.06976744186046512,6.313601236476043,nan,nan
4487550,15.0,9,653,4,3,480,32,36.0,0.06666666666666667,0.0,0.0,8.255208333333334,nan,nan
4487946,15.0,9,710,2,1,227,29,23.482758620689655,0.1277533039647577,0.0,0.05555555555555555,7.975770925110132,nan,nan
4504164,15.0,9,649,5,5,364,26,30.333333333333332,0.07142857142857142,0.0,0.0,7.921978021978021,nan,nan
4527487,15.0,9,671,4,5,134,6,28.714285714285715,0.04477611940298507,0.0,0.0,13.594029850746267,nan,nan
4544584,15.0,9,672,4,3,540,31,41.53846153846154,0.05740740740740741,0.0,0.0,6.412037037037037,nan,nan
4547202,15.0,9,696,5,4,436,24,38.470588235294116,0.05504587155963303,0.0,0.0,4.978899082568808,nan,nan
4559519,15.0,9,991,6,5,358,30,25.571428571428573,0.08379888268156424,0.0,0.0,5.732960893854749,nan,nan
4575701,15.0,9,700,2,1,657,150,12.7987012987013,0.228310502283105,0.0,0.0,7.066514459665144,nan,nan
4579744,15.0,9,678,6,5,377,28,28.275,0.07427055702917772,0.0,0.0,7.7843501326259945,nan,nan
4605892,15.0,9,678,2,3,41,2,20.5,0.04878048780487805,0.0,0.0,13.260975609756098,nan,nan
4668185,15.0,9,641,7,6,372,38,21.46153846153846,0.10215053763440861,0.0,0.0,8.315591397849463,nan,nan
4705097,15.0,9,659,4,4,451,30,35.60526315789474,0.06651884700665188,0.0,0.0,6.336363636363636,nan,nan
4724133,15.0,9,650,4,4,454,39,28.97872340425532,0.08590308370044053,0.0,0.0,5.911013215859031,nan,nan
4749525,15.0,9,805,3,2,526,20,60.69230769230769,0.03802281368821293,0.0,0.0,5.879087452471483,nan,nan
4754626,15.0,9,1144,5,4,433,35,28.866666666666667,0.08083140877598152,0.0,0.0,6.910392609699769,nan,nan
4754956,15.0,9,647,5,4,419,48,23.49532710280374,0.11455847255369929,0.0,0.02702702702702703,6.805250596658712,nan,nan
4775763,15.0,9,718,6,5,449,26,35.44736842105263,0.05790645879732739,0.0,0.0,6.620044543429844,nan,nan
4785421,15.0,9,773,4,4,460,20,49.285714285714285,0.043478260869565216,0.0,0.0,5.731739130434782,nan,nan
4789937,15.0,9,678,4,4,524,29,42.486486486486484,0.05534351145038168,0.0,0.0,6.064503816793893,nan,nan
4792515,15.0,9,705,7,6,236,10,29.5,0.0423728813559322,0.0,0.0,7.1978813559322035,nan,nan
4811115,15.0,9,643,4,3,483,23,46.74193548387097,0.047619047619047616,0.0,0.0,5.591718426501036,nan,nan
4824328,15.0,9,688,4,3,355,20,42.6,0.056338028169014086,0.0,0.09090909090909091,6.2546478873239435,nan,nan
4861227,15.0,9,710,7,6,240,20,21.176470588235293,0.08333333333333333,0.0,0.0,7.4558333333333335,nan,nan
4861687,15.0,9,746,8,7,302,41,15.894736842105264,0.1357615894039735,0.0,0.0,7.616556291390728,nan,nan
4862222,15.0,9,670,4,3,486,57,22.43076923076923,0.11728395061728394,0.0,0.0,6.603497942386832,nan,nan
4862380,15.0,9,660,3,2,522,31,42.32432432432432,0.05938697318007663,0.0,0.0,5.247892720306513,nan,nan
4865550,15.0,9,642,5,5,382,43,21.62264150943396,0.112565445026178,0.0,0.0,6.5023560209424085,nan,nan
4865558,15.0,9,649,5,4,503,73,18.8625,0.14512922465208747,0.0,0.015625,6.990457256461232,nan,nan
4912927,15.0,9,674,2,1,638,144,13.337979094076655,0.22570532915360503,0.0,0.007575757575757576,6.6354231974921625,nan,nan
4915833,15.0,9,675,4,3,479,51,27.11320754716981,0.10647181628392484,0.0,0.06060606060606061,8.281210855949896,nan,nan
4940890,15.0,9,683,3,2,530,44,34.193548387096776,0.0830188679245283,0.0,0.029411764705882353,7.13,nan,nan
5244934,15.0,9,656,6,6,274,16,29.357142857142858,0.058394160583941604,0.0,0.0,9.835401459854015,nan,nan
5351422,15.0,9,654,4,3,487,49,27.30841121495327,0.10061601642710473,0.0,0.02564102564102564,7.943737166324435,nan,nan
5477477,15.0,9,678,2,2,586,115,14.77310924369748,0.1962457337883959,0.0,0.0,6.862457337883959,nan,nan
5499001,15.0,9,670,2,1,632,108,21.18435754189944,0.17088607594936708,0.0,0.05454545454545454,5.885759493670887,nan,nan
5503058,15.0,9,916,6,5,414,42,30.29268292682927,0.10144927536231885,0.0,0.18181818181818182,8.98719806763285,nan,nan
5503168,15.0,9,695,6,5,336,12,42.0,0.03571428571428571,0.0,0.0,8.860416666666666,nan,nan
5503359,15.0,9,716,6,6,319,15,35.44444444444444,0.047021943573667714,0.0,0.0,8.519122257053292,nan,nan
5540718,15.0,9,663,6,6,333,32,22.704545454545453,0.0960960960960961,0.0,0.0,8.001801801801802,nan,nan
5540722,15.0,9,691,5,5,426,21,41.225806451612904,0.04929577464788732,0.0,0.0,6.425821596244131,nan,nan
5540733,15.0,9,641,4,3,490,27,42.0,0.05510204081632653,0.0,0.0,6.570816326530612,nan,nan
5540847,15.0,9,869,6,6,375,17,43.26923076923077,0.04533333333333334,0.0,0.1111111111111111,6.334933333333333,nan,nan
5547018,15.0,9,649,6,5,388,49,19.081967213114755,0.12628865979381443,0.0,0.0,4.953092783505155,nan,nan
5565253,15.0,9,670,4,5,385,17,53.72093023255814,0.04415584415584416,0.0,0.125,4.9314285714285715,nan,nan
5615881,15.0,9,1051,6,6,357,31,24.906976744186046,0.08683473389355742,0.0,0.0,7.214845938375349,nan,nan
5615968,15.0,9,642,6,5,378,55,18.0,0.1455026455026455,0.0,0.022727272727272728,6.973015873015873,nan,nan
5615986,15.0,9,685,5,4,343,27,27.81081081081081,0.07871720116618076,0.0,0.0,6.0813411078717206,nan,nan
5615988,15.0,9,671,6,5,356,27,29.666666666666668,0.07584269662921349,0.0,0.05263157894736842,5.978651685393259,nan,nan
5616015,15.0,9,657,2,1,624,104,18.44334975369458,0.16666666666666666,0.0,0.023255813953488372,6.560096153846154,nan,nan
5633515,15.0,9,663,6,5,410,30,29.285714285714285,0.07317073170731707,0.0,0.0,6.94,nan,nan
5692189,15.0,9,1527,6,5,401,23,34.371428571428574,0.057356608478802994,0.0,0.0,7.71072319201995,nan,nan
5705278,15.0,9,643,8,7,323,31,20.617021276595743,0.09597523219814241,0.0,0.0,7.269969040247678,nan,nan
5705752,15.0,9,682,5,4,434,29,33.38461538461539,0.06682027649769585,0.0,0.0,6.20852534562212,nan,nan
5706077,15.0,9,656,5,5,382,25,32.74285714285714,0.06544502617801047,0.0,0.0,6.3353403141361255,nan,nan
5706137,15.0,9,737,7,7,173,8,23.59090909090909,0.046242774566473986,0.0,0.0,7.503468208092485,nan,nan
5715345,15.0,9,923,4,3,491,26,43.3235294117647,0.05295315682281059,0.0,0.0,5.783706720977597,nan,nan
5771585,15.0,9,720,6,5,355,11,46.30434782608695,0.030985915492957747,0.0,0.0,6.379718309859156,nan,nan
5771621,15.0,9,675,6,5,379,14,43.73076923076923,0.036939313984168866,0.0,0.0,6.549340369393139,nan,nan
5772092,15.0,9,729,8,7,335,25,24.51219512195122,0.07462686567164178,0.0,0.0,6.576119402985075,nan,nan
5772102,15.0,9,725,5,4,359,19,37.13793103448276,0.052924791086350974,0.0,0.0,4.950139275766016,nan,nan
5772192,15.0,9,706,7,6,381,22,31.75,0.05774278215223097,0.0,0.0,4.667979002624672,nan,nan
5874746,15.0,9,729,6,6,364,27,28.0,0.07417582417582418,0.0,0.0,6.713186813186813,nan,nan
5874767,15.0,9,1278,8,7,245,12,26.25,0.04897959183673469,0.0,0.0,6.5416326530612245,nan,nan
5874769,15.0,9,649,6,6,322,18,32.2,0.055900621118012424,0.0,0.0,5.605590062111801,nan,nan
5874787,15.0,9,1064,5,5,225,12,30.681818181818183,0.05333333333333334,0.0,0.0,6.694222222222223,nan,nan
5875173,15.0,9,712,4,4,95,5,21.923076923076923,0.05263157894736842,0.0,0.0,7.757894736842105,nan,nan
5882173,15.0,9,665,8,7,273,26,19.5,0.09523809523809523,0.0,0.0,6.883150183150183,nan,nan
5969330,15.0,9,721,6,5,459,87,13.909090909090908,0.1895424836601307,0.0,0.0,7.793246187363835,nan,nan
5969331,15.0,9,706,6,5,359,34,27.265822784810126,0.0947075208913649,0.0,0.11764705882352941,7.9509749303621176,nan,nan
5969362,15.0,9,672,5,5,449,18,48.107142857142854,0.0400890868596882,0.0,0.0,7.117149220489978,nan,nan
6058407,15.0,9,696,7,7,329,32,21.456521739130434,0.0972644376899696,0.0,0.0,6.8954407294832825,nan,nan
6062407,15.0,9,666,7,6,333,27,24.365853658536587,0.08108108108108109,0.0,0.0,5.220420420420421,nan,nan
6109129,15.0,9,721,4,3,482,21,49.86206896551724,0.043568464730290454,0.0,0.0,4.97966804979253,nan,nan
6148097,15.0,9,725,4,4,458,38,32.32941176470588,0.08296943231441048,0.0,0.03571428571428571,6.310698689956332,nan,nan
6148143,15.0,9,677,5,4,437,23,39.72727272727273,0.05263157894736842,0.0,0.0,6.364988558352403,nan,nan
6148208,15.0,9,646,3,3,319,42,21.50561797752809,0.13166144200626959,0.0,0.03125,6.601880877742946,nan,nan
6190357,15.0,9,710,2,2,494,25,57.0,0.05060728744939271,0.0,0.0625,5.9765182186234815,nan,nan
6193396,15.0,9,658,6,5,370,11,48.26086956521739,0.02972972972972973,0.0,0.0,7.017837837837837,nan,nan
6193436,15.0,9,666,5,6,94,9,14.842105263157896,0.09574468085106383,0.0,0.0,10.08936170212766,nan,nan
4216956,15.0,10,910,6,5,363,37,22.224489795918366,0.10192837465564739,0.0,0.0,6.213774104683195,nan,nan
4272243,15.0,10,646,2,1,600,111,15.652173913043478,0.185,0.0,0.0,6.4625,nan,nan
4344977,15.0,10,1187,5,5,384,63,15.780821917808218,0.1640625,0.0,0.0,7.637239583333333,nan,nan
4350946,15.0,10,690,5,5,394,17,43.77777777777778,0.04314720812182741,0.0,0.0,7.769796954314721,nan,nan
4351935,15.0,10,775,6,5,369,28,27.675,0.07588075880758807,0.0,0.0,6.676964769647697,nan,nan
4352377,15.0,10,716,5,4,428,28,33.78947368421053,0.06542056074766354,0.0,0.0,6.594859813084112,nan,nan
4358853,15.0,10,666,4,3,528,18,60.92307692307692,0.03409090909090909,0.0,0.0,6.310416666666667,nan,nan
4359232,15.0,10,681,3,2,590,139,12.206896551724139,0.23559322033898306,0.0,0.0,7.193898305084745,nan,nan
4370045,15.0,10,720,4,3,467,63,19.732394366197184,0.1349036402569593,0.0,0.0,7.145182012847966,nan,nan
4389353,15.0,10,650,5,4,462,57,21.826771653543307,0.12337662337662338,0.0,0.02127659574468085,7.508225108225108,nan,nan
4389414,15.0,10,645,5,5,422,44,25.32,0.10426540284360189,0.0,0.030303030303030304,5.845023696682464,nan,nan
4392729,15.0,10,652,4,3,478,40,35.407407407407405,0.08368200836820083,0.0,0.043478260869565216,6.133054393305439,nan,nan
4393045,15.0,10,936,4,3,438,30,34.578947368421055,0.0684931506849315,0.0,0.0,5.2634703196347035,nan,nan
4440451,15.0,10,657,3,2,546,81,18.82758620689655,0.14835164835164835,0.0,0.0,4.998901098901099,nan,nan
4443744,15.0,10,710,7,6,399,67,17.474452554744527,0.16791979949874686,0.0,0.05555555555555555,8.77468671679198,nan,nan
4448887,15.0,10,666,6,6,333,15,37.0,0.04504504504504504,0.0,0.0,6.537837837837838,nan,nan
4469551,15.0,10,670,4,3,512,68,22.26086956521739,0.1328125,0.0,0.04081632653061224,5.8623046875,nan,nan
4472905,15.0,10,816,4,3,463,39,33.07142857142857,0.08423326133909287,0.0,0.037037037037037035,4.664362850971922,nan,nan
4473229,15.0,10,673,4,4,446,31,34.30769230769231,0.06950672645739911,0.0,0.0,6.345515695067264,nan,nan
4481970,15.0,10,642,3,2,494,25,54.888888888888886,0.05060728744939271,0.0,0.07142857142857142,6.06417004048583,nan,nan
4482888,15.0,10,647,1,0,647,89,21.32967032967033,0.1375579598145286,0.0,0.0,6.253477588871716,nan,nan
4487550,15.0,10,653,4,3,480,32,36.0,0.06666666666666667,0.0,0.0,6.780625,nan,nan
4487946,15.0,10,710,2,1,227,29,23.482758620689655,0.1277533039647577,0.0,0.05555555555555555,7.052422907488987,nan,nan
4504164,15.0,10,649,5,5,364,26,30.333333333333332,0.07142857142857142,0.0,0.0,8.06401098901099,nan,nan
4527487,15.0,10,671,4,5,134,6,28.714285714285715,0.04477611940298507,0.0,0.0,8.840298507462686,nan,nan
4544584,15.0,10,672,4,3,540,31,41.53846153846154,0.05740740740740741,0.0,0.0,6.615185185185185,nan,nan
4547202,15.0,10,696,5,4,436,24,38.470588235294116,0.05504587155963303,0.0,0.0,5.6584862385321095,nan,nan
4559519,15.0,10,991,6,5,358,30,25.571428571428573,0.08379888268156424,0.0,0.0,5.910335195530727,nan,nan
4575701,15.0,10,700,2,1,657,150,12.7987012987013,0.228310502283105,0.0,0.0,6.758751902587519,nan,nan
4579744,15.0,10,678,6,5,377,28,28.275,0.07427055702917772,0.0,0.0,7.360477453580902,nan,nan
4605892,15.0,10,678,2,3,41,2,20.5,0.04878048780487805,0.0,0.0,11.982926829268292,nan,nan
4668185,15.0,10,641,7,6,372,38,21.46153846153846,0.10215053763440861,0.0,0.0,6.754301075268817,nan,nan
4705097,15.0,10,659,4,4,451,30,35.60526315789474,0.06651884700665188,0.0,0.0,5.128159645232817,nan,nan
4724133,15.0,10,650,4,4,454,39,28.97872340425532,0.08590308370044053,0.0,0.0,6.338546255506608,nan,nan
4749525,15.0,10,805,3,2,526,20,60.69230769230769,0.03802281368821293,0.0,0.0,5.456653992395437,nan,nan
4754626,15.0,10,1144,5,4,433,35,28.866666666666667,0.08083140877598152,0.0,0.0,5.683833718244803,nan,nan
4754956,15.0,10,647,5,4,419,48,23.49532710280374,0.11455847255369929,0.0,0.02702702702702703,7.448687350835322,nan,nan
4775763,15.0,10,718,6,5,449,26,35.44736842105263,0.05790645879732739,0.0,0.0,6.570155902004454,nan,nan
4785421,15.0,10,773,4,4,460,20,49.285714285714285,0.043478260869565216,0.0,0.0,6.069130434782609,nan,nan
4789937,15.0,10,678,4,4,524,29,42.486486486486484,0.05534351145038168,0.0,0.0,5.593129770992367,nan,nan
4792515,15.0,10,705,7,6,236,10,29.5,0.0423728813559322,0.0,0.0,5.9368644067796605,nan,nan
4811115,15.0,10,643,4,3,483,23,46.74193548387097,0.047619047619047616,0.0,0.0,6.000207039337474,nan,nan
4824328,15.0,10,688,4,3,355,20,38.035714285714285,0.056338028169014086,0.0,0.0,6.067887323943662,nan,nan
4861227,15.0,10,710,7,6,240,20,21.176470588235293,0.08333333333333333,0.0,0.0,6.962083333333334,nan,nan
4861687,15.0,10,746,8,7,302,41,15.894736842105264,0.1357615894039735,0.0,0.0,7.50728476821192,nan,nan
4862222,15.0,10,670,4,3,486,57,22.43076923076923,0.11728395061728394,0.0,0.0,6.408641975308642,nan,nan
4862380,15.0,10,660,3,2,522,31,42.32432432432432,0.05938697318007663,0.0,0.0,6.074712643678161,nan,nan
4865550,15.0,10,642,5,5,382,43,21.62264150943396,0.112565445026178,0.0,0.0,7.128010471204188,nan,nan
4865558,15.0,10,649,5,4,503,73,18.180722891566266,0.14512922465208747,0.0,0.0,7.45844930417495,nan,nan
4912927,15.0,10,674,2,1,638,144,13.337979094076655,0.22570532915360503,0.0,0.007575757575757576,7.067868338557994,nan,nan
4915833,15.0,10,675,4,3,479,51,24.35593220338983,0.10647181628392484,0.0,0.0,6.131941544885177,nan,nan
4940890,15.0,10,683,3,2,530,44,34.193548387096776,0.0830188679245283,0.0,0.029411764705882353,5.464716981132076,nan,nan
5244934,15.0,10,656,6,6,274,16,29.357142857142858,0.058394160583941604,0.0,0.0,10.77116788321168,nan,nan
5351422,15.0,10,654,4,3,487,49,27.30841121495327,0.10061601642710473,0.0,0.02564102564102564,6.939425051334703,nan,nan
5477477,15.0,10,678,2,2,586,115,14.77310924369748,0.1962457337883959,0.0,0.0,7.1276450511945395,nan,nan
5499001,15.0,10,670,2,1,632,108,20.497297297297298,0.17088607594936708,0.0,0.03125,7.175158227848101,nan,nan
5503058,15.0,10,916,6,5,414,42,30.29268292682927,0.10144927536231885,0.0,0.18181818181818182,8.583574879227053,nan,nan
5503168,15.0,10,695,6,5,336,12,42.0,0.03571428571428571,0.0,0.0,8.12827380952381,nan,nan
5503359,15.0,10,716,6,6,319,15,35.44444444444444,0.047021943573667714,0.0,0.0,7.9072100313479625,nan,nan
5540718,15.0,10,663,6,6,333,32,22.704545454545453,0.0960960960960961,0.0,0.0,6.723423423423424,nan,nan
5540722,15.0,10,691,5,5,426,21,41.225806451612904,0.04929577464788732,0.0,0.0,6.467136150234742,nan,nan
5540733,15.0,10,641,4,3,490,27,42.0,0.05510204081632653,0.0,0.0,5.8742857142857146,nan,nan
5540847,15.0,10,869,6,6,375,17,38.793103448275865,0.04533333333333334,0.0,0.0,6.3751999999999995,nan,nan
5547018,15.0,10,649,6,5,388,49,19.081967213114755,0.12628865979381443,0.0,0.0,6.860567010309278,nan,nan
5565253,15.0,10,670,4,5,385,17,46.2,0.04415584415584416,0.0,0.0,5.67012987012987,nan,nan
5615881,15.0,10,1051,6,6,357,31,24.906976744186046,0.08683473389355742,0.0,0.0,6.153501400560224,nan,nan
5615968,15.0,10,642,6,5,378,55,18.0,0.1455026455026455,0.0,0.022727272727272728,6.428835978835979,nan,nan
5615986,15.0,10,685,5,4,343,27,27.81081081081081,0.07871720116618076,0.0,0.0,5.233236151603498,nan,nan
5615988,15.0,10,671,6,5,356,27,27.384615384615383,0.07584269662921349,0.0,0.0,6.187078651685393,nan,nan
5616015,15.0,10,657,2,1,624,104,17.913875598086126,0.16666666666666666,0.0,0.010526315789473684,6.391025641025641,nan,nan
5633515,15.0,10,663,6,5,410,30,29.285714285714285,0.07317073170731707,0.0,0.0,7.262195121951219,nan,nan
5692189,15.0,10,1527,6,5,401,23,34.371428571428574,0.057356608478802994,0.0,0.0,7.9119700748129675,nan,nan
5705278,15.0,10,643,8,7,323,31,20.617021276595743,0.09597523219814241,0.0,0.0,6.179566563467493,nan,nan
5705752,15.0,10,682,5,4,434,29,33.38461538461539,0.06682027649769585,0.0,0.0,6.167972350230415,nan,nan
5706077,15.0,10,656,5,5,382,25,32.74285714285714,0.06544502617801047,0.0,0.0,5.957068062827225,nan,nan
5706137,15.0,10,737,7,7,173,8,23.59090909090909,0.046242774566473986,0.0,0.0,7.695953757225434,nan,nan
5715345,15.0,10,923,4,3,491,26,43.3235294117647,0.05295315682281059,0.0,0.0,5.823828920570265,nan,nan
5771585,15.0,10,720,6,5,355,11,46.30434782608695,0.030985915492957747,0.0,0.0,5.403380281690141,nan,nan
5771621,15.0,10,675,6,5,379,14,43.73076923076923,0.036939313984168866,0.0,0.0,4.968073878627969,nan,nan
5772092,15.0,10,729,8,7,335,25,24.51219512195122,0.07462686567164178,0.0,0.0,5.730149253731343,nan,nan
5772102,15.0,10,725,5,4,359,19,37.13793103448276,0.052924791086350974,0.0,0.0,5.912534818941504,nan,nan
5772192,15.0,10,706,7,6,381,22,31.75,0.05774278215223097,0.0,0.0,5.1745406824146984,nan,nan
5874746,15.0,10,729,6,6,364,27,28.0,0.07417582417582418,0.0,0.0,6.253571428571429,nan,nan
5874767,15.0,10,1278,8,7,245,12,26.25,0.04897959183673469,0.0,0.0,6.812244897959184,nan,nan
5874769,15.0,10,649,6,6,322,18,32.2,0.055900621118012424,0.0,0.0,6.1397515527950315,nan,nan
5874787,15.0,10,1064,5,5,225,12,30.681818181818183,0.05333333333333334,0.0,0.0,6.526222222222223,nan,nan
5875173,15.0,10,712,4,4,95,5,21.923076923076923,0.05263157894736842,0.0,0.0,6.822105263157895,nan,nan
5882173,15.0,10,665,8,7,273,26,19.5,0.09523809523809523,0.0,0.0,6.405860805860805,nan,nan
5969330,15.0,10,721,6,5,459,87,13.909090909090908,0.1895424836601307,0.0,0.0,7.36884531590414,nan,nan
5969331,15.0,10,706,6,5,359,34,25.341176470588234,0.0947075208913649,0.0,0.04,7.735933147632312,nan,nan
5969362,15.0,10,672,5,5,449,18,48.107142857142854,0.0400890868596882,0.0,0.0,6.384855233853007,nan,nan
6058407,15.0,10,696,7,7,329,32,21.456521739130434,0.0972644376899696,0.0,0.0,7.334346504559271,nan,nan
6062407,15.0,10,666,7,6,333,27,24.365853658536587,0.08108108108108109,0.0,0.0,6.2429429429429435,nan,nan
6109129,15.0,10,721,4,3,482,21,49.86206896551724,0.043568464730290454,0.0,0.0,5.8244813278008305,nan,nan
6148097,15.0,10,725,4,4,458,38,32.32941176470588,0.08296943231441048,0.0,0.03571428571428571,5.629475982532751,nan,nan
6148143,15.0,10,677,5,4,437,23,39.72727272727273,0.05263157894736842,0.0,0.0,5.900228832951945,nan,nan
6148208,15.0,10,646,3,3,319,42,21.50561797752809,0.13166144200626959,0.0,0.03125,4.530094043887147,nan,nan
6190357,15.0,10,710,2,2,494,25,51.10344827586207,0.05060728744939271,0.0,0.0,5.460728744939271,nan,nan
6193396,15.0,10,658,6,5,370,11,48.26086956521739,0.02972972972972973,0.0,0.0,6.787567567567568,nan,nan
6193436,15.0,10,666,5,6,94,9,14.842105263157896,0.09574468085106383,0.0,0.0,10.053191489361701,nan,nan
4216956,20.0,2,910,6,5,363,37,24.2,0.10192837465564739,0.0,0.5,6.3316804407713505,nan,nan
4272243,20.0,2,646,2,1,600,109,16.513761467889907,0.18166666666666667,0.0,0.07142857142857142,6.344666666666667,nan,nan
4344977,20.0,2,1187,5,5,384,63,16.111888111888113,0.1640625,0.0,1.0,7.4765625,nan,nan
4350946,20.0,2,690,5,5,394,17,44.60377358490566,0.04314720812182741,0.0,0.8333333333333334,7.678172588832487,nan,nan
4351935,20.0,2,775,6,5,369,28,32.08695652173913,0.07588075880758807,0.0,0.7142857142857143,8.20948509485095,nan,nan
4352377,20.0,2,716,5,4,428,28,37.76470588235294,0.06542056074766354,0.0,0.625,4.74392523364486,nan,nan
4358853,20.0,2,666,4,3,528,18,68.8695652173913,0.03409090909090909,0.0,0.6,6.42935606060606,nan,nan
4359232,20.0,2,681,3,2,590,138,13.11111111111111,0.23389830508474577,0.007407407407407408,0.08163265306122448,8.259661016949153,nan,nan
4370045,20.0,2,720,4,3,467,63,25.017857142857142,0.1349036402569593,0.0,0.8,7.416274089935761,nan,nan
4389353,20.0,2,650,5,4,462,57,23.896551724137932,0.12337662337662338,0.0,0.8333333333333334,8.182034632034632,nan,nan
4389414,20.0,2,645,5,5,422,44,27.824175824175825,0.10426540284360189,0.0,0.7777777777777778,10.228909952606635,nan,nan
4392729,20.0,2,652,4,3,478,39,40.394366197183096,0.08158995815899582,0.030303030303030304,1.0,8.528451882845188,nan,nan
4393045,20.0,2,936,4,3,438,30,38.08695652173913,0.0684931506849315,0.03571428571428571,0.8571428571428571,8.144520547945206,nan,nan
4440451,20.0,2,657,3,2,546,81,27.074380165289256,0.14835164835164835,0.04054054054054054,1.0,8.829120879120879,nan,nan
4443744,20.0,2,710,7,6,399,66,19.463414634146343,0.16541353383458646,0.0,0.8888888888888888,11.586716791979951,nan,nan
4448887,20.0,2,666,6,6,333,15,33.86440677966102,0.04504504504504504,0.07142857142857142,0.625,10.022222222222222,nan,nan
4469551,20.0,2,670,4,3,512,68,25.388429752066116,0.1328125,0.0,0.9166666666666666,7.3697265625,nan,nan
4472905,20.0,2,816,4,3,463,39,35.164556962025316,0.08423326133909287,0.0,0.875,8.800215982721383,nan,nan
4473229,20.0,2,673,4,4,446,31,35.68,0.06950672645739911,0.0,0.7,6.7571748878923765,nan,nan
4481970,20.0,2,642,3,2,494,25,55.924528301886795,0.05060728744939271,0.0,0.8333333333333334,7.183198380566802,nan,nan
4482888,20.0,2,647,1,0,647,88,28.130434782608695,0.13601236476043277,0.0,0.34782608695652173,7.2972179289026275,nan,nan
4487550,20.0,2,653,4,3,480,32,39.45205479452055,0.06666666666666667,0.03225806451612903,1.0,7.7422916666666675,nan,nan
4487946,20.0,2,710,2,1,227,29,28.375,0.1277533039647577,0.10526315789473684,0.8,8.607929515418503,nan,nan
4504164,20.0,2,649,5,5,364,26,30.760563380281692,0.07142857142857142,0.0,0.875,7.883516483516483,nan,nan
4527487,20.0,2,671,4,5,134,6,28.714285714285715,0.04477611940298507,0.0,0.25,13.797014925373134,nan,nan
4544584,20.0,2,672,4,3,540,29,55.86206896551724,0.053703703703703705,0.0,0.8,8.264259259259259,nan,nan
4547202,20.0,2,696,5,4,436,24,37.91304347826087,0.05504587155963303,0.0,0.6666666666666666,8.145183486238533,nan,nan
4559519,20.0,2,991,6,5,358,29,30.685714285714287,0.08100558659217877,0.037037037037037035,0.8333333333333334,9.899441340782124,nan,nan
4575701,20.0,2,700,2,1,657,146,19.90909090909091,0.2222222222222222,0.03968253968253968,1.0,6.904109589041096,nan,nan
4579744,20.0,2,678,6,5,377,28,29.763157894736842,0.07427055702917772,0.0,0.875,9.33076923076923,nan,nan
4605892,20.0,2,678,2,3,41,2,20.5,0.04878048780487805,0.0,0.0,18.46829268292683,nan,nan
4668185,20.0,2,641,7,6,372,38,23.74468085106383,0.10215053763440861,0.0,0.7777777777777778,10.84005376344086,nan,nan
4705097,20.0,2,659,4,4,451,30,42.28125,0.06651884700665188,0.0,0.8333333333333334,7.413747228381374,nan,nan
4724133,20.0,2,650,4,4,454,39,36.32,0.08590308370044053,0.0,0.625,7.0742290748898675,nan,nan
4749525,20.0,2,805,3,2,526,20,63.12,0.03802281368821293,0.0,1.0,5.995627376425855,nan,nan
4754626,20.0,2,1144,5,4,433,35,32.074074074074076,0.08083140877598152,0.03125,1.0,7.4658198614318705,nan,nan
4754956,20.0,2,647,5,4,419,48,25.917525773195877,0.11455847255369929,0.0,0.8888888888888888,8.797136038186158,nan,nan
4775763,20.0,2,718,6,5,449,26,39.04347826086956,0.05790645879732739,0.0,0.625,8.16792873051225,nan,nan
4785421,20.0,2,773,4,4,460,20,49.285714285714285,0.043478260869565216,0.05555555555555555,0.8333333333333334,8.089347826086957,nan,nan
4789937,20.0,2,678,4,4,524,29,48.36923076923077,0.05534351145038168,0.0,1.0,8.471755725190839,nan,nan
4792515,20.0,2,705,7,6,236,10,28.897959183673468,0.0423728813559322,0.0,0.2857142857142857,10.947457627118643,nan,nan
4811115,20.0,2,643,4,3,483,23,52.69090909090909,0.047619047619047616,0.0,1.0,6.940993788819876,nan,nan
4824328,20.0,2,688,4,3,355,20,42.6,0.056338028169014086,0.0,0.8,6.021408450704225,nan,nan
4861227,20.0,2,710,7,6,240,20,21.818181818181817,0.08333333333333333,0.0,0.7142857142857143,8.348333333333333,nan,nan
4861687,20.0,2,746,8,7,302,41,17.09433962264151,0.1357615894039735,0.02702702702702703,0.8333333333333334,6.910596026490066,nan,nan
4862222,20.0,2,670,4,3,486,57,22.259541984732824,0.11728395061728394,0.0,0.2571428571428571,5.773251028806585,nan,nan
4862380,20.0,2,660,3,2,522,31,48.9375,0.05938697318007663,0.0,1.0,5.562452107279693,nan,nan
4865550,20.0,2,642,5,5,382,42,23.875,0.1099476439790576,0.0,1.0,7.442408376963351,nan,nan
4865558,20.0,2,649,5,4,503,71,21.253521126760564,0.1411530815109344,0.0,1.0,7.5634194831013914,nan,nan
4912927,20.0,2,674,2,1,638,143,16.151898734177216,0.22413793103448276,0.008,0.1388888888888889,6.658777429467085,nan,nan
4915833,20.0,2,675,4,3,479,51,29.9375,0.10647181628392484,0.02040816326530612,1.0,8.239039665970772,nan,nan
4940890,20.0,2,683,3,2,530,44,39.25925925925926,0.0830188679245283,0.0,0.6666666666666666,7.268301886792453,nan,nan
5244934,20.0,2,656,6,6,274,16,32.88,0.058394160583941604,0.0,0.3333333333333333,11.245255474452554,nan,nan
5351422,20.0,2,654,4,3,487,49,28.93069306930693,0.10061601642710473,0.0,1.0,9.173100616016427,nan,nan
5477477,20.0,2,678,2,2,586,114,16.58490566037736,0.1945392491467577,0.0,0.3125,6.579522184300341,nan,nan
5499001,20.0,2,670,2,1,632,107,21.79310344827586,0.16930379746835442,0.0,0.2571428571428571,6.6234177215189876,nan,nan
5503058,20.0,2,916,6,5,414,42,29.571428571428573,0.10144927536231885,0.02702702702702703,0.625,8.976811594202898,nan,nan
5503168,20.0,2,695,6,5,336,12,42.0,0.03571428571428571,0.0,0.5,8.182142857142857,nan,nan
5503359,20.0,2,716,6,6,319,15,36.80769230769231,0.047021943573667714,0.0,0.5,8.305956112852664,nan,nan
5540718,20.0,2,663,6,6,333,32,25.29113924050633,0.0960960960960961,0.03333333333333333,0.875,6.952552552552552,nan,nan
5540722,20.0,2,691,5,5,426,21,45.642857142857146,0.04929577464788732,0.0,1.0,6.556103286384976,nan,nan
5540733,20.0,2,641,4,3,490,27,52.5,0.05510204081632653,0.0,1.0,7.1446938775510205,nan,nan
5540847,20.0,2,869,6,6,375,17,42.45283018867924,0.04533333333333334,0.0,0.5,6.784533333333333,nan,nan
5547018,20.0,2,649,6,5,388,49,20.601769911504423,0.12628865979381443,0.0,0.36363636363636365,8.147938144329897,nan,nan
5565253,20.0,2,670,4,5,385,17,52.5,0.04415584415584416,0.0,0.75,6.73038961038961,nan,nan
5615881,20.0,2,1051,6,6,357,31,27.11392405063291,0.08683473389355742,0.0,0.6666666666666666,7.529971988795518,nan,nan
5615968,20.0,2,642,6,5,378,54,23.142857142857142,0.14285714285714285,0.06818181818181818,1.0,7.099206349206349,nan,nan
5615986,20.0,2,685,5,4,343,27,31.661538461538463,0.07871720116618076,0.0,0.8333333333333334,5.813702623906705,nan,nan
5615988,20.0,2,671,6,5,356,27,31.880597014925375,0.07584269662921349,0.0,0.8333333333333334,6.154494382022472,nan,nan
5616015,20.0,2,657,2,1,624,102,24.794701986754966,0.16346153846153846,0.0,0.8571428571428571,7.240705128205128,nan,nan
5633515,20.0,2,663,6,5,410,30,27.032967032967033,0.07317073170731707,0.0,0.75,7.888048780487805,nan,nan
5692189,20.0,2,1527,6,5,401,23,31.657894736842106,0.057356608478802994,0.0,0.8888888888888888,8.959600997506234,nan,nan
5705278,20.0,2,643,8,7,323,31,21.533333333333335,0.09597523219814241,0.0,1.0,10.713003095975234,nan,nan
5705752,20.0,2,682,5,4,434,28,38.294117647058826,0.06451612903225806,0.0,0.8571428571428571,8.617511520737327,nan,nan
5706077,20.0,2,656,5,5,382,25,35.8125,0.06544502617801047,0.0,1.0,7.776178010471204,nan,nan
5706137,20.0,2,737,7,7,173,8,23.59090909090909,0.046242774566473986,0.0,0.0,10.527745664739884,nan,nan
5715345,20.0,2,923,4,3,491,26,43.3235294117647,0.05295315682281059,0.0,0.875,6.525050916496945,nan,nan
5771585,20.0,2,720,6,5,355,11,45.319148936170215,0.030985915492957747,0.0,0.5,6.865915492957747,nan,nan
5771621,20.0,2,675,6,5,379,14,41.345454545454544,0.036939313984168866,0.0,0.7142857142857143,5.991029023746702,nan,nan
5772092,20.0,2,729,8,7,335,25,24.814814814814813,0.07462686567164178,0.0,0.7,6.330149253731343,nan,nan
5772102,20.0,2,725,5,4,359,19,37.78947368421053,0.052924791086350974,0.0,0.5714285714285714,5.824233983286908,nan,nan
5772192,20.0,2,706,7,6,381,22,32.19718309859155,0.05774278215223097,0.0,0.75,7.095013123359579,nan,nan
5874746,20.0,2,729,6,6,364,27,31.2,0.07417582417582418,0.0,0.5555555555555556,7.101648351648351,nan,nan
5874767,20.0,2,1278,8,7,245,12,26.25,0.04897959183673469,0.0,0.25,9.121632653061225,nan,nan
5874769,20.0,2,649,6,6,322,18,30.1875,0.055900621118012424,0.0,0.75,8.73913043478261,nan,nan
5874787,20.0,2,1064,5,5,225,12,31.3953488372093,0.05333333333333334,0.0,0.6,7.4479999999999995,nan,nan
5875173,20.0,2,712,4,4,95,5,21.11111111111111,0.05263157894736842,0.0,0.25,4.942105263157894,nan,nan
5882173,20.0,2,665,8,7,273,26,21.84,0.09523809523809523,0.0,0.4444444444444444,4.595238095238095,nan,nan
5969330,20.0,2,721,6,5,459,87,13.909090909090908,0.1895424836601307,0.0,0.09859154929577464,6.855119825708061,nan,nan
5969331,20.0,2,706,6,5,359,34,26.925,0.0947075208913649,0.0,0.6666666666666666,6.830362116991643,nan,nan
5969362,20.0,2,672,5,5,449,18,48.107142857142854,0.0400890868596882,0.0,0.8333333333333334,6.069710467706014,nan,nan
6058407,20.0,2,696,7,7,329,32,20.5625,0.0972644376899696,0.0,0.5,8.237993920972645,nan,nan
6062407,20.0,2,666,7,6,333,27,25.29113924050633,0.08108108108108109,0.0,1.0,7.645945945945946,nan,nan
6109129,20.0,2,721,4,3,482,21,54.56603773584906,0.043568464730290454,0.0,0.8333333333333334,6.596058091286308,nan,nan
6148097,20.0,2,725,4,4,458,38,35.688311688311686,0.08296943231441048,0.0,0.75,6.8301310043668115,nan,nan
6148143,20.0,2,677,5,4,437,21,45.206896551724135,0.04805491990846682,0.0,0.3,7.130434782608695,nan,nan
6148208,20.0,2,646,3,3,319,42,22.25581395348837,0.13166144200626959,0.0,0.8,7.426959247648902,nan,nan
6190357,20.0,2,710,2,2,494,25,60.48979591836735,0.05060728744939271,0.0,0.8,7.1985829959514165,nan,nan
6193396,20.0,2,658,6,5,370,11,46.25,0.02972972972972973,0.0,0.5,7.5645945945945945,nan,nan
6193436,20.0,2,666,5,6,94,9,15.666666666666666,0.09574468085106383,0.0,0.2,12.378723404255318,nan,nan
4216956,20.0,3,910,6,5,363,37,24.75,0.10192837465564739,0.0,0.29411764705882354,6.766115702479339,nan,nan
4272243,20.0,3,646,2,1,600,109,16.589861751152075,0.18166666666666667,0.0,0.05813953488372093,6.200166666666666,nan,nan
4344977,20.0,3,1187,5,5,384,63,17.32330827067669,0.1640625,0.0,0.17647058823529413,7.047135416666666,nan,nan
4350946,20.0,3,690,5,5,394,17,46.35294117647059,0.04314720812182741,0.0,0.375,7.444416243654822,nan,nan
4351935,20.0,3,775,6,5,369,28,32.55882352941177,0.07588075880758807,0.0,0.5,8.251761517615176,nan,nan
4352377,20.0,3,716,5,4,428,28,38.32835820895522,0.06542056074766354,0.0,0.4444444444444444,6.860046728971962,nan,nan
4358853,20.0,3,666,4,3,528,18,70.4,0.03409090909090909,0.0,0.2857142857142857,6.35625,nan,nan
4359232,20.0,3,681,3,2,590,138,13.11111111111111,0.23389830508474577,0.007407407407407408,0.08163265306122448,7.454237288135594,nan,nan
4370045,20.0,3,720,4,3,467,63,25.017857142857142,0.1349036402569593,0.0,0.8,7.084154175588865,nan,nan
4389353,20.0,3,650,5,4,462,57,24.104347826086958,0.12337662337662338,0.0,0.6923076923076923,6.922294372294372,nan,nan
4389414,20.0,3,645,5,5,422,44,28.44943820224719,0.10426540284360189,0.0,0.45454545454545453,10.4,nan,nan
4392729,20.0,3,652,4,3,478,39,42.1764705882353,0.08158995815899582,0.030303030303030304,0.8333333333333334,7.426569037656904,nan,nan
4393045,20.0,3,936,4,3,438,30,38.64705882352941,0.0684931506849315,0.0,0.75,7.361643835616438,nan,nan
4440451,20.0,3,657,3,2,546,81,27.76271186440678,0.14835164835164835,0.02702702702702703,0.7777777777777778,6.934432234432234,nan,nan
4443744,20.0,3,710,7,6,399,66,19.62295081967213,0.16541353383458646,0.0,0.5,9.471428571428572,nan,nan
4448887,20.0,3,666,6,6,333,15,37.0,0.04504504504504504,0.0,0.08333333333333333,8.990390390390392,nan,nan
4469551,20.0,3,670,4,3,512,68,25.81512605042017,0.1328125,0.0,1.0,8.51640625,nan,nan
4472905,20.0,3,816,4,3,463,39,35.61538461538461,0.08423326133909287,0.0,0.875,8.584017278617711,nan,nan
4473229,20.0,3,673,4,4,446,31,36.16216216216216,0.06950672645739911,0.0,0.35714285714285715,6.6753363228699545,nan,nan
4481970,20.0,3,642,3,2,494,25,58.11764705882353,0.05060728744939271,0.0,0.8,6.697570850202429,nan,nan
4482888,20.0,3,647,1,0,647,88,28.130434782608695,0.13601236476043277,0.0,0.34782608695652173,6.724265842349305,nan,nan
4487550,20.0,3,653,4,3,480,32,40.563380281690144,0.06666666666666667,0.0,0.75,8.085208333333334,nan,nan
4487946,20.0,3,710,2,1,227,29,28.97872340425532,0.1277533039647577,0.047619047619047616,0.8,9.019823788546255,nan,nan
4504164,20.0,3,649,5,5,364,26,32.59701492537314,0.07142857142857142,0.0,0.25,10.704120879120879,nan,nan
4527487,20.0,3,671,4,5,134,6,28.714285714285715,0.04477611940298507,0.0,0.25,12.482835820895522,nan,nan
4544584,20.0,3,672,4,3,540,29,52.25806451612903,0.053703703703703705,0.0,0.8333333333333334,8.478518518518518,nan,nan
4547202,20.0,3,696,5,4,436,24,39.04477611940298,0.05504587155963303,0.0,0.36363636363636365,6.777981651376146,nan,nan
4559519,20.0,3,991,6,5,358,29,30.685714285714287,0.08100558659217877,0.037037037037037035,0.8333333333333334,10.721229050279328,nan,nan
4575701,20.0,3,700,2,1,657,146,20.01015228426396,0.2222222222222222,0.03968253968253968,0.9285714285714286,7.840943683409437,nan,nan
4579744,20.0,3,678,6,5,377,28,30.16,0.07427055702917772,0.0,0.6666666666666666,8.758355437665783,nan,nan
4605892,20.0,3,678,2,3,41,2,20.5,0.04878048780487805,0.0,0.0,17.151219512195123,nan,nan
4668185,20.0,3,641,7,6,372,38,24.0,0.10215053763440861,0.0,0.6,10.071236559139784,nan,nan
4705097,20.0,3,659,4,4,451,30,42.28125,0.06651884700665188,0.0,0.5,7.968514412416852,nan,nan
4724133,20.0,3,650,4,4,454,39,36.32,0.08590308370044053,0.0,0.625,8.1,nan,nan
4749525,20.0,3,805,3,2,526,20,64.40816326530613,0.03802281368821293,0.0,1.0,6.703802281368821,nan,nan
4754626,20.0,3,1144,5,4,433,35,34.18421052631579,0.08083140877598152,0.03125,0.36363636363636365,7.296073903002309,nan,nan
4754956,20.0,3,647,5,4,419,48,26.1875,0.11455847255369929,0.0,0.7,8.074463007159904,nan,nan
4775763,20.0,3,718,6,5,449,26,39.04347826086956,0.05790645879732739,0.0,0.4444444444444444,9.361915367483297,nan,nan
4785421,20.0,3,773,4,4,460,20,52.075471698113205,0.043478260869565216,0.0,0.5,7.515652173913043,nan,nan
4789937,20.0,3,678,4,4,524,29,47.63636363636363,0.05534351145038168,0.0,0.5555555555555556,6.597900763358779,nan,nan
4792515,20.0,3,705,7,6,236,10,29.5,0.0423728813559322,0.0,0.125,9.519491525423728,nan,nan
4811115,20.0,3,643,4,3,483,23,52.69090909090909,0.047619047619047616,0.0,0.6666666666666666,6.488198757763976,nan,nan
4824328,20.0,3,688,4,3,355,20,40.18867924528302,0.056338028169014086,0.0,0.18181818181818182,7.803661971830986,nan,nan
4861227,20.0,3,710,7,6,240,20,22.5,0.08333333333333333,0.0,0.3,10.515416666666665,nan,nan
4861687,20.0,3,746,8,7,302,41,17.59223300970874,0.1357615894039735,0.0,0.5,7.811589403973509,nan,nan
4862222,20.0,3,670,4,3,486,57,23.901639344262296,0.11728395061728394,0.0,0.1388888888888889,5.7746913580246915,nan,nan
4862380,20.0,3,660,3,2,522,31,49.714285714285715,0.05938697318007663,0.0,0.8333333333333334,5.785823754789272,nan,nan
4865550,20.0,3,642,5,5,382,42,24.91304347826087,0.1099476439790576,0.0,0.5384615384615384,6.304973821989528,nan,nan
4865558,20.0,3,649,5,4,503,71,22.191176470588236,0.1411530815109344,0.0,0.6470588235294118,9.374155069582505,nan,nan
4912927,20.0,3,674,2,1,638,143,16.220338983050848,0.22413793103448276,0.008,0.12162162162162163,5.7009404388714735,nan,nan
4915833,20.0,3,675,4,3,479,51,30.574468085106382,0.10647181628392484,0.0,0.6,10.28455114822547,nan,nan
4940890,20.0,3,683,3,2,530,44,38.78048780487805,0.0830188679245283,0.0,0.6666666666666666,8.09132075471698,nan,nan
5244934,20.0,3,656,6,6,274,16,32.88,0.058394160583941604,0.0,0.3333333333333333,11.841970802919707,nan,nan
5351422,20.0,3,654,4,3,487,49,28.647058823529413,0.10061601642710473,0.0,0.47058823529411764,7.203696098562628,nan,nan
5477477,20.0,3,678,2,2,586,114,17.492537313432837,0.1945392491467577,0.0,0.23404255319148937,6.9329351535836174,nan,nan
5499001,20.0,3,670,2,1,632,107,21.79310344827586,0.16930379746835442,0.0,0.2571428571428571,7.712816455696203,nan,nan
5503058,20.0,3,916,6,5,414,42,30.29268292682927,0.10144927536231885,0.0,0.3333333333333333,9.436231884057971,nan,nan
5503168,20.0,3,695,6,5,336,12,42.8936170212766,0.03571428571428571,0.0,0.2857142857142857,7.686309523809523,nan,nan
5503359,20.0,3,716,6,6,319,15,38.28,0.047021943573667714,0.0,0.2857142857142857,9.06833855799373,nan,nan
5540718,20.0,3,663,6,6,333,32,24.666666666666668,0.0960960960960961,0.03333333333333333,0.5454545454545454,9.77057057057057,nan,nan
5540722,20.0,3,691,5,5,426,21,46.472727272727276,0.04929577464788732,0.0,0.6666666666666666,7.171596244131456,nan,nan
5540733,20.0,3,641,4,3,490,27,49.0,0.05510204081632653,0.0,0.5714285714285714,6.474489795918367,nan,nan
5540847,20.0,3,869,6,6,375,17,43.26923076923077,0.04533333333333334,0.0,0.2857142857142857,6.521599999999999,nan,nan
5547018,20.0,3,649,6,5,388,49,21.757009345794394,0.12628865979381443,0.0,0.6153846153846154,7.863144329896907,nan,nan
5565253,20.0,3,670,4,5,385,17,53.72093023255814,0.04415584415584416,0.0,0.125,6.188311688311688,nan,nan
5615881,20.0,3,1051,6,6,357,31,27.818181818181817,0.08683473389355742,0.0,0.5,7.343697478991596,nan,nan
5615968,20.0,3,642,6,5,378,54,21.39622641509434,0.14285714285714285,0.0,0.8888888888888888,9.037037037037036,nan,nan
5615986,20.0,3,685,5,4,343,27,32.15625,0.07871720116618076,0.0,0.5714285714285714,11.130320699708454,nan,nan
5615988,20.0,3,671,6,5,356,27,31.41176470588235,0.07584269662921349,0.0,0.7142857142857143,8.660393258426966,nan,nan
5616015,20.0,3,657,2,1,624,102,23.696202531645568,0.16346153846153846,0.0,1.0,6.782532051282051,nan,nan
5633515,20.0,3,663,6,5,410,30,29.285714285714285,0.07317073170731707,0.0,0.08,7.2665853658536586,nan,nan
5692189,20.0,3,1527,6,5,401,23,34.869565217391305,0.057356608478802994,0.0,0.23076923076923078,7.372319201995013,nan,nan
5705278,20.0,3,643,8,7,323,31,22.53488372093023,0.09597523219814241,0.0,0.38461538461538464,6.921671826625387,nan,nan
5705752,20.0,3,682,5,4,434,28,40.06153846153846,0.06451612903225806,0.0,0.5714285714285714,6.2550691244239625,nan,nan
5706077,20.0,3,656,5,5,382,25,35.8125,0.06544502617801047,0.0,1.0,6.675916230366492,nan,nan
5706137,20.0,3,737,7,7,173,8,23.59090909090909,0.046242774566473986,0.0,0.0,9.73815028901734,nan,nan
5715345,20.0,3,923,4,3,491,26,47.516129032258064,0.05295315682281059,0.0,0.4,7.056822810590631,nan,nan
5771585,20.0,3,720,6,5,355,11,46.30434782608695,0.030985915492957747,0.0,0.2857142857142857,7.688450704225352,nan,nan
5771621,20.0,3,675,6,5,379,14,44.588235294117645,0.036939313984168866,0.0,0.09090909090909091,7.811345646437995,nan,nan
5772092,20.0,3,729,8,7,335,25,25.125,0.07462686567164178,0.0,0.5454545454545454,8.468059701492537,nan,nan
5772102,20.0,3,725,5,4,359,19,38.464285714285715,0.052924791086350974,0.0,0.3333333333333333,6.346239554317549,nan,nan
5772192,20.0,3,706,7,6,381,22,33.61764705882353,0.05774278215223097,0.0,0.2727272727272727,6.429658792650918,nan,nan
5874746,20.0,3,729,6,6,364,27,31.2,0.07417582417582418,0.0,0.5555555555555556,6.862912087912088,nan,nan
5874767,20.0,3,1278,8,7,245,12,26.727272727272727,0.04897959183673469,0.0,0.1111111111111111,8.71265306122449,nan,nan
5874769,20.0,3,649,6,6,322,18,32.74576271186441,0.055900621118012424,0.0,0.16666666666666666,8.491614906832298,nan,nan
5874787,20.0,3,1064,5,5,225,12,32.142857142857146,0.05333333333333334,0.0,0.3333333333333333,7.999555555555556,nan,nan
5875173,20.0,3,712,4,4,95,5,21.923076923076923,0.05263157894736842,0.0,0.0,8.451578947368422,nan,nan
5882173,20.0,3,665,8,7,273,26,22.135135135135137,0.09523809523809523,0.0,0.3,8.971428571428572,nan,nan
5969330,20.0,3,721,6,5,459,87,14.123076923076923,0.1895424836601307,0.0,0.05333333333333334,7.618736383442266,nan,nan
5969331,20.0,3,706,6,5,359,34,27.615384615384617,0.0947075208913649,0.0,0.5,8.112256267409471,nan,nan
5969362,20.0,3,672,5,5,449,18,49.888888888888886,0.0400890868596882,0.0,0.5714285714285714,7.265701559020045,nan,nan
6058407,20.0,3,696,7,7,329,32,22.179775280898877,0.0972644376899696,0.0,0.13636363636363635,5.408510638297873,nan,nan
6062407,20.0,3,666,7,6,333,27,26.64,0.08108108108108109,0.0,0.5,7.844444444444444,nan,nan
6109129,20.0,3,721,4,3,482,21,59.02040816326531,0.043568464730290454,0.0,0.5,6.7985477178423235,nan,nan
6148097,20.0,3,725,4,4,458,38,35.688311688311686,0.08296943231441048,0.0,0.75,5.084061135371179,nan,nan
6148143,20.0,3,677,5,4,437,21,45.206896551724135,0.04805491990846682,0.0,0.3,5.652860411899314,nan,nan
6148208,20.0,3,646,3,3,319,42,23.341463414634145,0.13166144200626959,0.0,0.5454545454545454,5.766144200626959,nan,nan
6190357,20.0,3,710,2,2,494,25,64.43478260869566,0.05060728744939271,0.0,0.6,5.084615384615385,nan,nan
6193396,20.0,3,658,6,5,370,11,48.26086956521739,0.02972972972972973,0.0,0.125,6.11972972972973,nan,nan
6193436,20.0,3,666,5,6,94,9,15.666666666666666,0.09574468085106383,0.0,0.2,9.709574468085107,nan,nan
4216956,20.0,4,910,6,5,363,37,24.75,0.10192837465564739,0.0,0.29411764705882354,5.264738292011019,nan,nan
4272243,20.0,4,646,2,1,600,109,16.822429906542055,0.18166666666666667,0.0,0.046511627906976744,5.631333333333334,nan,nan
4344977,20.0,4,1187,5,5,384,63,17.32330827067669,0.1640625,0.0,0.10256410256410256,8.0484375,nan,nan
4350946,20.0,4,690,5,5,394,17,46.35294117647059,0.04314720812182741,0.0,0.08333333333333333,7.039593908629441,nan,nan
4351935,20.0,4,775,6,5,369,28,32.55882352941177,0.07588075880758807,0.0,0.5,7.0655826558265575,nan,nan
4352377,20.0,4,716,5,4,428,28,37.76470588235294,0.06542056074766354,0.0,0.2727272727272727,6.399065420560748,nan,nan
4358853,20.0,4,666,4,3,528,18,68.8695652173913,0.03409090909090909,0.0,0.2857142857142857,5.579166666666667,nan,nan
4359232,20.0,4,681,3,2,590,138,13.308270676691729,0.23389830508474577,0.0,0.06,6.784237288135593,nan,nan
4370045,20.0,4,720,4,3,467,63,25.017857142857142,0.1349036402569593,0.0,0.8,7.606423982869378,nan,nan
4389353,20.0,4,650,5,4,462,57,24.75,0.12337662337662338,0.0,0.6153846153846154,7.751082251082251,nan,nan
4389414,20.0,4,645,5,5,422,44,27.824175824175825,0.10426540284360189,0.0,0.26666666666666666,8.61872037914692,nan,nan
4392729,20.0,4,652,4,3,478,39,42.1764705882353,0.08158995815899582,0.030303030303030304,0.8333333333333334,6.642468619246862,nan,nan
4393045,20.0,4,936,4,3,438,30,38.64705882352941,0.0684931506849315,0.0,0.45454545454545453,6.828995433789954,nan,nan
4440451,20.0,4,657,3,2,546,81,27.529411764705884,0.14835164835164835,0.02702702702702703,0.6363636363636364,10.428205128205128,nan,nan
4443744,20.0,4,710,7,6,399,66,19.62295081967213,0.16541353383458646,0.0,0.5,11.690977443609022,nan,nan
4448887,20.0,4,666,6,6,333,15,37.698113207547166,0.04504504504504504,0.0,0.09090909090909091,11.16936936936937,nan,nan
4469551,20.0,4,670,4,3,512,68,25.81512605042017,0.1328125,0.0,0.5714285714285714,8.32890625,nan,nan
4472905,20.0,4,816,4,3,463,39,35.61538461538461,0.08423326133909287,0.0,0.45454545454545453,8.728725701943844,nan,nan
4473229,20.0,4,673,4,4,446,31,37.690140845070424,0.06950672645739911,0.0,0.1875,7.760538116591928,nan,nan
4481970,20.0,4,642,3,2,494,25,57.0,0.05060728744939271,0.0,0.375,6.625708502024291,nan,nan
4482888,20.0,4,647,1,0,647,88,28.130434782608695,0.13601236476043277,0.0,0.21428571428571427,7.162132921174652,nan,nan
4487550,20.0,4,653,4,3,480,32,40.563380281690144,0.06666666666666667,0.0,0.3333333333333333,7.836875,nan,nan
4487946,20.0,4,710,2,1,227,29,28.375,0.1277533039647577,0.047619047619047616,0.6666666666666666,10.095154185022025,nan,nan
4504164,20.0,4,649,5,5,364,26,32.59701492537314,0.07142857142857142,0.0,0.25,10.348901098901099,nan,nan
4527487,20.0,4,671,4,5,134,6,28.714285714285715,0.04477611940298507,0.0,0.0,10.415671641791045,nan,nan
4544584,20.0,4,672,4,3,540,29,53.114754098360656,0.053703703703703705,0.0,0.5,6.677962962962963,nan,nan
4547202,20.0,4,696,5,4,436,24,40.246153846153845,0.05504587155963303,0.0,0.13333333333333333,8.448394495412844,nan,nan
4559519,20.0,4,991,6,5,358,29,30.685714285714287,0.08100558659217877,0.0,0.5,8.571787709497206,nan,nan
4575701,20.0,4,700,2,1,657,146,20.638743455497384,0.2222222222222222,0.03125,0.6666666666666666,7.929832572298325,nan,nan
4579744,20.0,4,678,6,5,377,28,30.56756756756757,0.07427055702917772,0.0,0.2,9.864190981432362,nan,nan
4605892,20.0,4,678,2,3,41,2,20.5,0.04878048780487805,0.0,0.0,24.070731707317073,nan,nan
4668185,20.0,4,641,7,6,372,38,24.0,0.10215053763440861,0.0,0.5454545454545454,10.848118279569892,nan,nan
4705097,20.0,4,659,4,4,451,30,42.95238095238095,0.06651884700665188,0.0,0.5714285714285714,7.264523281596452,nan,nan
4724133,20.0,4,650,4,4,454,39,36.32,0.08590308370044053,0.0,0.4,8.161674008810573,nan,nan
4749525,20.0,4,805,3,2,526,20,68.6086956521739,0.03802281368821293,0.0,0.08333333333333333,5.161026615969582,nan,nan
4754626,20.0,4,1144,5,4,433,35,32.88607594936709,0.08083140877598152,0.0,0.2857142857142857,6.352193995381063,nan,nan
4754956,20.0,4,647,5,4,419,48,25.653061224489797,0.11455847255369929,0.0,0.5833333333333334,7.628162291169451,nan,nan
4775763,20.0,4,718,6,5,449,26,39.04347826086956,0.05790645879732739,0.0,0.4,5.910244988864142,nan,nan
4785421,20.0,4,773,4,4,460,20,52.075471698113205,0.043478260869565216,0.0,0.3333333333333333,7.900434782608695,nan,nan
4789937,20.0,4,678,4,4,524,29,51.540983606557376,0.05534351145038168,0.0,0.5714285714285714,6.796564885496183,nan,nan
4792515,20.0,4,705,7,6,236,10,29.5,0.0423728813559322,0.0,0.0,10.802542372881357,nan,nan
4811115,20.0,4,643,4,3,483,23,51.75,0.047619047619047616,0.0,0.2727272727272727,6.068115942028986,nan,nan
4824328,20.0,4,688,4,3,355,20,42.6,0.056338028169014086,0.0,0.2222222222222222,7.699154929577464,nan,nan
4861227,20.0,4,710,7,6,240,20,22.5,0.08333333333333333,0.0,0.07142857142857142,7.824583333333334,nan,nan
4861687,20.0,4,746,8,7,302,41,17.940594059405942,0.1357615894039735,0.0,0.42857142857142855,8.244039735099337,nan,nan
4862222,20.0,4,670,4,3,486,57,23.70731707317073,0.11728395061728394,0.0,0.09523809523809523,6.997325102880658,nan,nan
4862380,20.0,4,660,3,2,522,31,48.9375,0.05938697318007663,0.0,1.0,6.532183908045977,nan,nan
4865550,20.0,4,642,5,5,382,42,24.382978723404257,0.1099476439790576,0.0,0.35294117647058826,7.293455497382198,nan,nan
4865558,20.0,4,649,5,4,503,71,21.712230215827336,0.1411530815109344,0.0,0.5789473684210527,7.791252485089463,nan,nan
4912927,20.0,4,674,2,1,638,143,16.220338983050848,0.22413793103448276,0.008,0.1038961038961039,7.466614420062696,nan,nan
4915833,20.0,4,675,4,3,479,51,30.25263157894737,0.10647181628392484,0.0,0.38461538461538464,7.897286012526097,nan,nan
4940890,20.0,4,683,3,2,530,44,39.25925925925926,0.0830188679245283,0.0,0.6666666666666666,6.842075471698114,nan,nan
5244934,20.0,4,656,6,6,274,16,32.88,0.058394160583941604,0.0,0.3333333333333333,12.482481751824817,nan,nan
5351422,20.0,4,654,4,3,487,49,29.22,0.10061601642710473,0.0,0.23809523809523808,9.08829568788501,nan,nan
5477477,20.0,4,678,2,2,586,114,19.425414364640883,0.1945392491467577,0.0449438202247191,0.64,8.122525597269625,nan,nan
5499001,20.0,4,670,2,1,632,107,24.623376623376622,0.16930379746835442,0.0,0.4444444444444444,7.7773734177215195,nan,nan
5503058,20.0,4,916,6,5,414,42,31.05,0.10144927536231885,0.02702702702702703,0.18181818181818182,11.490579710144928,nan,nan
5503168,20.0,4,695,6,5,336,12,42.8936170212766,0.03571428571428571,0.0,0.1111111111111111,8.701190476190476,nan,nan
5503359,20.0,4,716,6,6,319,15,37.529411764705884,0.047021943573667714,0.0,0.1,12.276175548589341,nan,nan
5540718,20.0,4,663,6,6,333,32,24.072289156626507,0.0960960960960961,0.0,0.15789473684210525,7.818318318318318,nan,nan
5540722,20.0,4,691,5,5,426,21,46.472727272727276,0.04929577464788732,0.0,0.375,7.420657276995304,nan,nan
5540733,20.0,4,641,4,3,490,27,49.0,0.05510204081632653,0.0,0.3333333333333333,6.91469387755102,nan,nan
5540847,20.0,4,869,6,6,375,17,43.26923076923077,0.04533333333333334,0.0,0.1111111111111111,7.439466666666667,nan,nan
5547018,20.0,4,649,6,5,388,49,20.601769911504423,0.12628865979381443,0.0,0.17857142857142858,8.002061855670103,nan,nan
5565253,20.0,4,670,4,5,385,17,53.72093023255814,0.04415584415584416,0.0,0.125,6.696623376623376,nan,nan
5615881,20.0,4,1051,6,6,357,31,27.46153846153846,0.08683473389355742,0.0,0.2,7.469747899159663,nan,nan
5615968,20.0,4,642,6,5,378,54,23.142857142857142,0.14285714285714285,0.043478260869565216,0.6666666666666666,7.767195767195767,nan,nan
5615986,20.0,4,685,5,4,343,27,32.15625,0.07871720116618076,0.0,0.3333333333333333,7.594460641399417,nan,nan
5615988,20.0,4,671,6,5,356,27,31.41176470588235,0.07584269662921349,0.0,0.15384615384615385,7.494662921348314,nan,nan
5616015,20.0,4,657,2,1,624,102,25.12751677852349,0.16346153846153846,0.0,0.6875,7.092948717948718,nan,nan
5633515,20.0,4,663,6,5,410,30,29.285714285714285,0.07317073170731707,0.0,0.0,6.5234146341463415,nan,nan
5692189,20.0,4,1527,6,5,401,23,35.38235294117647,0.057356608478802994,0.0,0.05263157894736842,7.9783042394014965,nan,nan
5705278,20.0,4,643,8,7,323,31,22.275862068965516,0.09597523219814241,0.0,0.35714285714285715,9.368421052631579,nan,nan
5705752,20.0,4,682,5,4,434,28,38.294117647058826,0.06451612903225806,0.0,0.23076923076923078,7.227419354838709,nan,nan
5706077,20.0,4,656,5,5,382,25,37.57377049180328,0.06544502617801047,0.0,0.3,8.301047120418849,nan,nan
5706137,20.0,4,737,7,7,173,8,23.59090909090909,0.046242774566473986,0.0,0.0,10.93121387283237,nan,nan
5715345,20.0,4,923,4,3,491,26,46.03125,0.05295315682281059,0.0,0.2,7.494704684317719,nan,nan
5771585,20.0,4,720,6,5,355,11,46.30434782608695,0.030985915492957747,0.0,0.0,7.394647887323943,nan,nan
5771621,20.0,4,675,6,5,379,14,44.588235294117645,0.036939313984168866,0.0,0.09090909090909091,7.881266490765172,nan,nan
5772092,20.0,4,729,8,7,335,25,24.814814814814813,0.07462686567164178,0.0,0.045454545454545456,7.117611940298508,nan,nan
5772102,20.0,4,725,5,4,359,19,38.464285714285715,0.052924791086350974,0.0,0.18181818181818182,6.548467966573816,nan,nan
5772192,20.0,4,706,7,6,381,22,33.61764705882353,0.05774278215223097,0.0,0.2727272727272727,7.844619422572179,nan,nan
5874746,20.0,4,729,6,6,364,27,31.2,0.07417582417582418,0.0,0.23076923076923078,6.478296703296703,nan,nan
5874767,20.0,4,1278,8,7,245,12,26.727272727272727,0.04897959183673469,0.0,0.1111111111111111,8.01469387755102,nan,nan
5874769,20.0,4,649,6,6,322,18,32.74576271186441,0.055900621118012424,0.0,0.07142857142857142,6.8034161490683225,nan,nan
5874787,20.0,4,1064,5,5,225,12,32.142857142857146,0.05333333333333334,0.0,0.125,7.039111111111111,nan,nan
5875173,20.0,4,712,4,4,95,5,21.923076923076923,0.05263157894736842,0.0,0.0,7.041052631578947,nan,nan
5882173,20.0,4,665,8,7,273,26,21.0,0.09523809523809523,0.0,0.125,6.689010989010988,nan,nan
5969330,20.0,4,721,6,5,459,87,14.195876288659793,0.1895424836601307,0.0,0.02531645569620253,7.811546840958606,nan,nan
5969331,20.0,4,706,6,5,359,34,28.342105263157894,0.0947075208913649,0.0,0.2727272727272727,7.789136490250697,nan,nan
5969362,20.0,4,672,5,5,449,18,49.888888888888886,0.0400890868596882,0.0,0.16666666666666666,6.7928730512249444,nan,nan
6058407,20.0,4,696,7,7,329,32,22.179775280898877,0.0972644376899696,0.0,0.08333333333333333,6.84468085106383,nan,nan
6062407,20.0,4,666,7,6,333,27,27.0,0.08108108108108109,0.0,0.13333333333333333,6.4324324324324325,nan,nan
6109129,20.0,4,721,4,3,482,21,59.02040816326531,0.043568464730290454,0.0,0.25,6.3149377593361,nan,nan
6148097,20.0,4,725,4,4,458,38,36.1578947368421,0.08296943231441048,0.0,0.3333333333333333,7.00764192139738,nan,nan
6148143,20.0,4,677,5,4,437,21,45.206896551724135,0.04805491990846682,0.0,0.3,5.896338672768878,nan,nan
6148208,20.0,4,646,3,3,319,42,23.341463414634145,0.13166144200626959,0.0,0.38461538461538464,6.813166144200627,nan,nan
6190357,20.0,4,710,2,2,494,25,64.43478260869566,0.05060728744939271,0.0,0.6,5.0449392712550605,nan,nan
6193396,20.0,4,658,6,5,370,11,48.26086956521739,0.02972972972972973,0.0,0.0,6.860540540540541,nan,nan
6193436,20.0,4,666,5,6,94,9,15.666666666666666,0.09574468085106383,0.0,0.2,11.560638297872341,nan,nan
4216956,20.0,5,910,6,5,363,37,24.2,0.10192837465564739,0.0,0.13043478260869565,6.253443526170799,nan,nan
4272243,20.0,5,646,2,1,600,109,16.74418604651163,0.18166666666666667,0.0,0.033707865168539325,6.6025,nan,nan
4344977,20.0,5,1187,5,5,384,63,17.32330827067669,0.1640625,0.0,0.10256410256410256,6.60546875,nan,nan
4350946,20.0,5,690,5,5,394,17,46.35294117647059,0.04314720812182741,0.0,0.08333333333333333,6.610152284263959,nan,nan
4351935,20.0,5,775,6,5,369,28,32.55882352941177,0.07588075880758807,0.0,0.5,8.673983739837398,nan,nan
4352377,20.0,5,716,5,4,428,28,38.90909090909091,0.06542056074766354,0.0,0.3333333333333333,6.356542056074766,nan,nan
4358853,20.0,5,666,4,3,528,18,68.8695652173913,0.03409090909090909,0.0,0.2857142857142857,6.380681818181818,nan,nan
4359232,20.0,5,681,3,2,590,138,13.358490566037736,0.23389830508474577,0.0,0.04950495049504951,7.691694915254238,nan,nan
4370045,20.0,5,720,4,3,467,63,24.79646017699115,0.1349036402569593,0.0,0.5384615384615384,7.6655246252676665,nan,nan
4389353,20.0,5,650,5,4,462,57,24.530973451327434,0.12337662337662338,0.0,0.22727272727272727,8.94004329004329,nan,nan
4389414,20.0,5,645,5,5,422,44,28.772727272727273,0.10426540284360189,0.0,0.1875,9.957345971563981,nan,nan
4392729,20.0,5,652,4,3,478,39,40.97142857142857,0.08158995815899582,0.030303030303030304,0.4,8.89581589958159,nan,nan
4393045,20.0,5,936,4,3,438,30,37.014084507042256,0.0684931506849315,0.0,0.09523809523809523,7.409817351598173,nan,nan
4440451,20.0,5,657,3,2,546,81,27.074380165289256,0.14835164835164835,0.012987012987012988,0.6363636363636364,8.198351648351649,nan,nan
4443744,20.0,5,710,7,6,399,66,19.62295081967213,0.16541353383458646,0.0,0.3333333333333333,10.540350877192983,nan,nan
4448887,20.0,5,666,6,6,333,15,37.0,0.04504504504504504,0.0,0.0,9.035735735735736,nan,nan
4469551,20.0,5,670,4,3,512,68,25.81512605042017,0.1328125,0.0,0.5714285714285714,7.4587890625,nan,nan
4472905,20.0,5,816,4,3,463,39,35.164556962025316,0.08423326133909287,0.0,0.2857142857142857,8.564578833693306,nan,nan
4473229,20.0,5,673,4,4,446,31,37.166666666666664,0.06950672645739911,0.0,0.10526315789473684,7.010986547085202,nan,nan
4481970,20.0,5,642,3,2,494,25,55.924528301886795,0.05060728744939271,0.0,0.18181818181818182,6.3917004048583,nan,nan
4482888,20.0,5,647,1,0,647,88,27.928057553956833,0.13601236476043277,0.0,0.20689655172413793,6.6593508500772804,nan,nan
4487550,20.0,5,653,4,3,480,32,40.563380281690144,0.06666666666666667,0.0,0.21428571428571427,6.497916666666667,nan,nan
4487946,20.0,5,710,2,1,227,29,25.69811320754717,0.1277533039647577,0.0,0.6666666666666666,9.18237885462555,nan,nan
4504164,20.0,5,649,5,5,364,26,33.6,0.07142857142857142,0.047619047619047616,0.13333333333333333,8.709615384615384,nan,nan
4527487,20.0,5,671,4,5,134,6,28.714285714285715,0.04477611940298507,0.0,0.0,8.747014925373133,nan,nan
4544584,20.0,5,672,4,3,540,29,55.86206896551724,0.053703703703703705,0.0,0.42857142857142855,8.518703703703704,nan,nan
4547202,20.0,5,696,5,4,436,24,40.875,0.05504587155963303,0.0,0.125,6.882798165137615,nan,nan
4559519,20.0,5,991,6,5,358,29,28.263157894736842,0.08100558659217877,0.0,0.1111111111111111,8.389944134078211,nan,nan
4575701,20.0,5,700,2,1,657,146,13.97872340425532,0.2222222222222222,0.0,0.05405405405405406,7.356773211567732,nan,nan
4579744,20.0,5,678,6,5,377,28,29.763157894736842,0.07427055702917772,0.0,0.10526315789473684,9.595225464190982,nan,nan
4605892,20.0,5,678,2,3,41,2,20.5,0.04878048780487805,0.0,0.0,17.878048780487806,nan,nan
4668185,20.0,5,641,7,6,372,38,23.49473684210526,0.10215053763440861,0.0,0.14285714285714285,9.384677419354839,nan,nan
4705097,20.0,5,659,4,4,451,30,45.1,0.06651884700665188,0.0,0.42857142857142855,6.458980044345898,nan,nan
4724133,20.0,5,650,4,4,454,39,30.266666666666666,0.08590308370044053,0.0,0.06666666666666667,6.3125550660792955,nan,nan
4749525,20.0,5,805,3,2,526,20,65.75,0.03802281368821293,0.0,0.2,5.698669201520913,nan,nan
4754626,20.0,5,1144,5,4,433,35,34.64,0.08083140877598152,0.0,0.2727272727272727,8.177829099307159,nan,nan
4754956,20.0,5,647,5,4,419,48,26.74468085106383,0.11455847255369929,0.0,0.5,8.817183770883055,nan,nan
4775763,20.0,5,718,6,5,449,26,39.61764705882353,0.05790645879732739,0.0,0.4444444444444444,7.415144766146994,nan,nan
4785421,20.0,5,773,4,4,460,20,51.111111111111114,0.043478260869565216,0.0,0.0625,7.517173913043479,nan,nan
4789937,20.0,5,678,4,4,524,29,49.904761904761905,0.05534351145038168,0.0,0.3,7.5127862595419845,nan,nan
4792515,20.0,5,705,7,6,236,10,29.5,0.0423728813559322,0.0,0.0,12.36101694915254,nan,nan
4811115,20.0,5,643,4,3,483,23,53.666666666666664,0.047619047619047616,0.0,0.2,6.963975155279503,nan,nan
4824328,20.0,5,688,4,3,355,20,42.6,0.056338028169014086,0.0,0.09090909090909091,6.164507042253521,nan,nan
4861227,20.0,5,710,7,6,240,20,22.5,0.08333333333333333,0.0,0.07142857142857142,8.464166666666667,nan,nan
4861687,20.0,5,746,8,7,302,41,17.09433962264151,0.1357615894039735,0.0,0.17391304347826086,7.363907284768212,nan,nan
4862222,20.0,5,670,4,3,486,57,23.142857142857142,0.11728395061728394,0.0,0.0196078431372549,6.003703703703704,nan,nan
4862380,20.0,5,660,3,2,522,31,46.05882352941177,0.05938697318007663,0.0,0.1875,5.632183908045977,nan,nan
4865550,20.0,5,642,5,5,382,42,25.752808988764045,0.1099476439790576,0.0,0.2222222222222222,7.205759162303664,nan,nan
4865558,20.0,5,649,5,4,503,71,22.355555555555554,0.1411530815109344,0.0,0.42857142857142855,6.880318091451293,nan,nan
4912927,20.0,5,674,2,1,638,143,13.574468085106384,0.22413793103448276,0.0,0.024390243902439025,7.034639498432602,nan,nan
4915833,20.0,5,675,4,3,479,51,30.25263157894737,0.10647181628392484,0.0,0.25,7.787473903966597,nan,nan
4940890,20.0,5,683,3,2,530,44,40.76923076923077,0.0830188679245283,0.0,0.3333333333333333,7.462264150943396,nan,nan
5244934,20.0,5,656,6,6,274,16,32.23529411764706,0.058394160583941604,0.0,0.1111111111111111,9.649270072992701,nan,nan
5351422,20.0,5,654,4,3,487,49,30.4375,0.10061601642710473,0.0,0.2,8.08624229979466,nan,nan
5477477,20.0,5,678,2,2,586,114,17.58,0.1945392491467577,0.0,0.2,7.348976109215017,nan,nan
5499001,20.0,5,670,2,1,632,107,21.91907514450867,0.16930379746835442,0.0,0.11363636363636363,7.261867088607595,nan,nan
5503058,20.0,5,916,6,5,414,42,29.223529411764705,0.10144927536231885,0.0,0.2727272727272727,9.557487922705315,nan,nan
5503168,20.0,5,695,6,5,336,12,42.0,0.03571428571428571,0.0,0.0,8.411309523809523,nan,nan
5503359,20.0,5,716,6,6,319,15,35.44444444444444,0.047021943573667714,0.0,0.0,9.829780564263322,nan,nan
5540718,20.0,5,663,6,6,333,32,24.072289156626507,0.0960960960960961,0.0,0.09090909090909091,7.371471471471471,nan,nan
5540722,20.0,5,691,5,5,426,21,45.642857142857146,0.04929577464788732,0.0,0.18181818181818182,6.244366197183099,nan,nan
5540733,20.0,5,641,4,3,490,27,48.19672131147541,0.05510204081632653,0.0,0.16666666666666666,6.244285714285714,nan,nan
5540847,20.0,5,869,6,6,375,17,43.26923076923077,0.04533333333333334,0.0,0.1111111111111111,6.982933333333333,nan,nan
5547018,20.0,5,649,6,5,388,49,20.972972972972972,0.12628865979381443,0.0,0.13793103448275862,7.572422680412371,nan,nan
5565253,20.0,5,670,4,5,385,17,53.72093023255814,0.04415584415584416,0.0,0.125,6.052207792207792,nan,nan
5615881,20.0,5,1051,6,6,357,31,27.11392405063291,0.08683473389355742,0.0,0.10526315789473684,6.53109243697479,nan,nan
5615968,20.0,5,642,6,5,378,54,21.6,0.14285714285714285,0.0,0.42857142857142855,6.0095238095238095,nan,nan
5615986,20.0,5,685,5,4,343,27,31.181818181818183,0.07871720116618076,0.0,0.15384615384615385,7.671428571428572,nan,nan
5615988,20.0,5,671,6,5,356,27,31.41176470588235,0.07584269662921349,0.0,0.15384615384615385,7.7797752808988765,nan,nan
5616015,20.0,5,657,2,1,624,102,23.696202531645568,0.16346153846153846,0.0,0.5909090909090909,6.199679487179487,nan,nan
5633515,20.0,5,663,6,5,410,30,29.285714285714285,0.07317073170731707,0.0,0.0,6.9297560975609755,nan,nan
5692189,20.0,5,1527,6,5,401,23,35.38235294117647,0.057356608478802994,0.0,0.05263157894736842,8.082793017456359,nan,nan
5705278,20.0,5,643,8,7,323,31,21.775280898876403,0.09597523219814241,0.0,0.043478260869565216,9.410526315789474,nan,nan
5705752,20.0,5,682,5,4,434,28,38.294117647058826,0.06451612903225806,0.0,0.23076923076923078,7.217050691244239,nan,nan
5706077,20.0,5,656,5,5,382,25,36.96774193548387,0.06544502617801047,0.0,0.15384615384615385,7.200785340314136,nan,nan
5706137,20.0,5,737,7,7,173,8,23.59090909090909,0.046242774566473986,0.0,0.0,10.291907514450868,nan,nan
5715345,20.0,5,923,4,3,491,26,46.76190476190476,0.05295315682281059,0.0,0.05555555555555555,6.084317718940937,nan,nan
5771585,20.0,5,720,6,5,355,11,46.30434782608695,0.030985915492957747,0.0,0.0,6.497746478873239,nan,nan
5771621,20.0,5,675,6,5,379,14,43.73076923076923,0.036939313984168866,0.0,0.0,5.819788918205805,nan,nan
5772092,20.0,5,729,8,7,335,25,24.51219512195122,0.07462686567164178,0.0,0.0,5.562985074626865,nan,nan
5772102,20.0,5,725,5,4,359,19,37.13793103448276,0.052924791086350974,0.0,0.0,5.0103064066852365,nan,nan
5772192,20.0,5,706,7,6,381,22,32.65714285714286,0.05774278215223097,0.0,0.058823529411764705,5.311286089238845,nan,nan
5874746,20.0,5,729,6,6,364,27,30.760563380281692,0.07417582417582418,0.0,0.125,5.205494505494506,nan,nan
5874767,20.0,5,1278,8,7,245,12,26.25,0.04897959183673469,0.0,0.0,5.752244897959184,nan,nan
5874769,20.0,5,649,6,6,322,18,32.2,0.055900621118012424,0.0,0.0,5.3080745341614906,nan,nan
5874787,20.0,5,1064,5,5,225,12,32.142857142857146,0.05333333333333334,0.0,0.125,5.2715555555555556,nan,nan
5875173,20.0,5,712,4,4,95,5,21.923076923076923,0.05263157894736842,0.0,0.0,5.862105263157894,nan,nan
5882173,20.0,5,665,8,7,273,26,21.0,0.09523809523809523,0.0,0.125,7.039560439560439,nan,nan
5969330,20.0,5,721,6,5,459,87,14.123076923076923,0.1895424836601307,0.0,0.012195121951219513,6.907843137254901,nan,nan
5969331,20.0,5,706,6,5,359,34,28.342105263157894,0.0947075208913649,0.0,0.2727272727272727,5.903064066852367,nan,nan
5969362,20.0,5,672,5,5,449,18,48.107142857142854,0.0400890868596882,0.0,0.0,6.501336302895322,nan,nan
6058407,20.0,5,696,7,7,329,32,21.933333333333334,0.0972644376899696,0.0,0.037037037037037035,7.813069908814589,nan,nan
6062407,20.0,5,666,7,6,333,27,27.0,0.08108108108108109,0.0,0.13333333333333333,8.261561561561562,nan,nan
6109129,20.0,5,721,4,3,482,21,61.53191489361702,0.043568464730290454,0.0,0.125,6.209336099585062,nan,nan
6148097,20.0,5,725,4,4,458,38,36.1578947368421,0.08296943231441048,0.0,0.2,5.825764192139737,nan,nan
6148143,20.0,5,677,5,4,437,21,43.7,0.04805491990846682,0.0,0.058823529411764705,6.895194508009153,nan,nan
6148208,20.0,5,646,3,3,319,42,23.06024096385542,0.13166144200626959,0.0,0.23529411764705882,6.767398119122258,nan,nan
6190357,20.0,5,710,2,2,494,25,61.75,0.05060728744939271,0.0,0.2222222222222222,5.500607287449393,nan,nan
6193396,20.0,5,658,6,5,370,11,48.26086956521739,0.02972972972972973,0.0,0.0,7.627027027027027,nan,nan
6193436,20.0,5,666,5,6,94,9,15.666666666666666,0.09574468085106383,0.0,0.2,11.408510638297873,nan,nan
4216956,20.0,6,910,6,5,363,37,23.67391304347826,0.10192837465564739,0.0,0.07407407407407407,6.7699724517906334,nan,nan
4272243,20.0,6,646,2,1,600,109,16.589861751152075,0.18166666666666667,0.0,0.02127659574468085,7.6325,nan,nan
4344977,20.0,6,1187,5,5,384,63,17.066666666666666,0.1640625,0.0,0.06818181818181818,6.930208333333333,nan,nan
4350946,20.0,6,690,5,5,394,17,46.35294117647059,0.04314720812182741,0.0,0.08333333333333333,6.671065989847716,nan,nan
4351935,20.0,6,775,6,5,369,28,31.62857142857143,0.07588075880758807,0.0,0.25,7.722764227642276,nan,nan
4352377,20.0,6,716,5,4,428,28,37.76470588235294,0.06542056074766354,0.0,0.14285714285714285,5.898831775700934,nan,nan
4358853,20.0,6,666,4,3,528,18,67.40425531914893,0.03409090909090909,0.0,0.09090909090909091,5.967045454545454,nan,nan
4359232,20.0,6,681,3,2,590,138,13.258426966292134,0.23389830508474577,0.0,0.03773584905660377,7.548983050847457,nan,nan
4370045,20.0,6,720,4,3,467,63,24.155172413793103,0.1349036402569593,0.0,0.3157894736842105,7.814132762312633,nan,nan
4389353,20.0,6,650,5,4,462,57,24.75,0.12337662337662338,0.0,0.22727272727272727,8.138095238095238,nan,nan
4389414,20.0,6,645,5,5,422,44,29.441860465116278,0.10426540284360189,0.0,0.2,7.633175355450237,nan,nan
4392729,20.0,6,652,4,3,478,39,40.97142857142857,0.08158995815899582,0.030303030303030304,0.4,9.68723849372385,nan,nan
4393045,20.0,6,936,4,3,438,30,37.542857142857144,0.0684931506849315,0.0,0.045454545454545456,5.320776255707763,nan,nan
4440451,20.0,6,657,3,2,546,81,26.634146341463413,0.14835164835164835,0.0,0.42857142857142855,8.444688644688645,nan,nan
4443744,20.0,6,710,7,6,399,66,19.152,0.16541353383458646,0.0,0.2,11.762155388471179,nan,nan
4448887,20.0,6,666,6,6,333,15,37.0,0.04504504504504504,0.0,0.0,8.530930930930932,nan,nan
4469551,20.0,6,670,4,3,512,68,25.388429752066116,0.1328125,0.0,0.2857142857142857,9.0728515625,nan,nan
4472905,20.0,6,816,4,3,463,39,36.077922077922075,0.08423326133909287,0.0,0.2,9.009071274298055,nan,nan
4473229,20.0,6,673,4,4,446,31,37.166666666666664,0.06950672645739911,0.0,0.10526315789473684,7.766367713004485,nan,nan
4481970,20.0,6,642,3,2,494,25,55.924528301886795,0.05060728744939271,0.0,0.16666666666666666,6.6445344129554655,nan,nan
4482888,20.0,6,647,1,0,647,88,28.130434782608695,0.13601236476043277,0.0,0.16129032258064516,6.556414219474497,nan,nan
4487550,20.0,6,653,4,3,480,32,38.91891891891892,0.06666666666666667,0.0,0.1,6.177291666666666,nan,nan
4487946,20.0,6,710,2,1,227,29,27.79591836734694,0.1277533039647577,0.047619047619047616,0.16666666666666666,8.233039647577092,nan,nan
4504164,20.0,6,649,5,5,364,26,33.09090909090909,0.07142857142857142,0.0,0.13333333333333333,8.872527472527473,nan,nan
4527487,20.0,6,671,4,5,134,6,28.714285714285715,0.04477611940298507,0.0,0.0,10.067910447761193,nan,nan
4544584,20.0,6,672,4,3,540,29,52.25806451612903,0.053703703703703705,0.0,0.2727272727272727,6.145370370370371,nan,nan
4547202,20.0,6,696,5,4,436,24,38.470588235294116,0.05504587155963303,0.0,0.0,6.084174311926605,nan,nan
4559519,20.0,6,991,6,5,358,29,27.53846153846154,0.08100558659217877,0.0,0.045454545454545456,5.7025139664804465,nan,nan
4575701,20.0,6,700,2,1,657,146,13.735191637630662,0.2222222222222222,0.0,0.023622047244094488,5.892846270928462,nan,nan
4579744,20.0,6,678,6,5,377,28,29.376623376623378,0.07427055702917772,0.0,0.043478260869565216,8.460477453580902,nan,nan
4605892,20.0,6,678,2,3,41,2,20.5,0.04878048780487805,0.0,0.0,17.026829268292683,nan,nan
4668185,20.0,6,641,7,6,372,38,23.010309278350515,0.10215053763440861,0.0,0.07692307692307693,8.891666666666666,nan,nan
4705097,20.0,6,659,4,4,451,30,41.63076923076923,0.06651884700665188,0.0,0.2727272727272727,6.100221729490022,nan,nan
4724133,20.0,6,650,4,4,454,39,28.97872340425532,0.08590308370044053,0.0,0.0,7.097356828193832,nan,nan
4749525,20.0,6,805,3,2,526,20,68.6086956521739,0.03802281368821293,0.0,0.08333333333333333,6.732319391634981,nan,nan
4754626,20.0,6,1144,5,4,433,35,33.74025974025974,0.08083140877598152,0.0,0.125,7.270669745958429,nan,nan
4754956,20.0,6,647,5,4,419,48,25.653061224489797,0.11455847255369929,0.0,0.19047619047619047,7.989021479713604,nan,nan
4775763,20.0,6,718,6,5,449,26,37.943661971830984,0.05790645879732739,0.0,0.05263157894736842,6.341202672605791,nan,nan
4785421,20.0,6,773,4,4,460,20,49.285714285714285,0.043478260869565216,0.0,0.0,5.8221739130434775,nan,nan
4789937,20.0,6,678,4,4,524,29,52.4,0.05534351145038168,0.0,0.375,6.119847328244275,nan,nan
4792515,20.0,6,705,7,6,236,10,29.5,0.0423728813559322,0.0,0.0,6.576271186440678,nan,nan
4811115,20.0,6,643,4,3,483,23,49.11864406779661,0.047619047619047616,0.0,0.05555555555555555,5.550724637681159,nan,nan
4824328,20.0,6,688,4,3,355,20,42.6,0.056338028169014086,0.0,0.2222222222222222,6.125915492957746,nan,nan
4861227,20.0,6,710,7,6,240,20,22.5,0.08333333333333333,0.0,0.07142857142857142,7.61625,nan,nan
4861687,20.0,6,746,8,7,302,41,16.623853211009173,0.1357615894039735,0.0,0.030303030303030304,7.981788079470198,nan,nan
4862222,20.0,6,670,4,3,486,57,23.142857142857142,0.11728395061728394,0.0,0.0196078431372549,7.132098765432098,nan,nan
4862380,20.0,6,660,3,2,522,31,46.05882352941177,0.05938697318007663,0.0,0.09523809523809523,6.558237547892721,nan,nan
4865550,20.0,6,642,5,5,382,42,24.382978723404257,0.1099476439790576,0.0,0.12,6.991884816753927,nan,nan
4865558,20.0,6,649,5,4,503,71,21.253521126760564,0.1411530815109344,0.0,0.13157894736842105,6.4578528827037776,nan,nan
4912927,20.0,6,674,2,1,638,143,13.526501766784452,0.22413793103448276,0.0,0.024193548387096774,6.196551724137931,nan,nan
4915833,20.0,6,675,4,3,479,51,30.903225806451612,0.10647181628392484,0.0,0.45454545454545453,6.416910229645094,nan,nan
4940890,20.0,6,683,3,2,530,44,39.75,0.0830188679245283,0.0,0.3333333333333333,7.613584905660377,nan,nan
5244934,20.0,6,656,6,6,274,16,32.23529411764706,0.058394160583941604,0.0,0.1111111111111111,7.573722627737226,nan,nan
5351422,20.0,6,654,4,3,487,49,31.419354838709676,0.10061601642710473,0.0,0.23529411764705882,8.034086242299795,nan,nan
5477477,20.0,6,678,2,2,586,114,17.235294117647058,0.1945392491467577,0.0,0.13559322033898305,8.769795221843005,nan,nan
5499001,20.0,6,670,2,1,632,107,21.66857142857143,0.16930379746835442,0.0,0.08163265306122448,7.451582278481012,nan,nan
5503058,20.0,6,916,6,5,414,42,30.29268292682927,0.10144927536231885,0.0,0.18181818181818182,7.227777777777778,nan,nan
5503168,20.0,6,695,6,5,336,12,42.0,0.03571428571428571,0.0,0.0,9.685416666666667,nan,nan
5503359,20.0,6,716,6,6,319,15,35.44444444444444,0.047021943573667714,0.0,0.0,9.001253918495298,nan,nan
5540718,20.0,6,663,6,6,333,32,23.50588235294118,0.0960960960960961,0.0,0.038461538461538464,5.084384384384384,nan,nan
5540722,20.0,6,691,5,5,426,21,44.06896551724138,0.04929577464788732,0.0,0.06666666666666667,5.258920187793428,nan,nan
5540733,20.0,6,641,4,3,490,27,48.19672131147541,0.05510204081632653,0.0,0.16666666666666666,5.87469387755102,nan,nan
5540847,20.0,6,869,6,6,375,17,43.26923076923077,0.04533333333333334,0.0,0.1111111111111111,6.3453333333333335,nan,nan
5547018,20.0,6,649,6,5,388,49,20.243478260869566,0.12628865979381443,0.0,0.05405405405405406,6.535309278350515,nan,nan
5565253,20.0,6,670,4,5,385,17,53.72093023255814,0.04415584415584416,0.0,0.125,6.358701298701298,nan,nan
5615881,20.0,6,1051,6,6,357,31,26.444444444444443,0.08683473389355742,0.0,0.043478260869565216,8.106442577030812,nan,nan
5615968,20.0,6,642,6,5,378,54,20.618181818181817,0.14285714285714285,0.0,0.17391304347826086,5.827513227513228,nan,nan
5615986,20.0,6,685,5,4,343,27,30.71641791044776,0.07871720116618076,0.0,0.14285714285714285,6.28600583090379,nan,nan
5615988,20.0,6,671,6,5,356,27,31.41176470588235,0.07584269662921349,0.0,0.15384615384615385,6.522471910112359,nan,nan
5616015,20.0,6,657,2,1,624,102,24.0,0.16346153846153846,0.0,0.5,6.11698717948718,nan,nan
5633515,20.0,6,663,6,5,410,30,29.285714285714285,0.07317073170731707,0.0,0.0,6.805853658536585,nan,nan
5692189,20.0,6,1527,6,5,401,23,34.371428571428574,0.057356608478802994,0.0,0.0,7.705236907730674,nan,nan
5705278,20.0,6,643,8,7,323,31,20.617021276595743,0.09597523219814241,0.0,0.0,5.957585139318885,nan,nan
5705752,20.0,6,682,5,4,434,28,37.73913043478261,0.06451612903225806,0.0,0.125,6.391705069124424,nan,nan
5706077,20.0,6,656,5,5,382,25,34.72727272727273,0.06544502617801047,0.0,0.05263157894736842,5.350261780104712,nan,nan
5706137,20.0,6,737,7,7,173,8,23.59090909090909,0.046242774566473986,0.0,0.0,7.929479768786127,nan,nan
5715345,20.0,6,923,4,3,491,26,45.323076923076925,0.05295315682281059,0.0,0.05,6.0788187372708755,nan,nan
5771585,20.0,6,720,6,5,355,11,46.30434782608695,0.030985915492957747,0.0,0.0,6.719154929577465,nan,nan
5771621,20.0,6,675,6,5,379,14,43.73076923076923,0.036939313984168866,0.0,0.0,6.285224274406332,nan,nan
5772092,20.0,6,729,8,7,335,25,24.51219512195122,0.07462686567164178,0.0,0.0,6.896716417910448,nan,nan
5772102,20.0,6,725,5,4,359,19,37.13793103448276,0.052924791086350974,0.0,0.0,6.76016713091922,nan,nan
5772192,20.0,6,706,7,6,381,22,31.75,0.05774278215223097,0.0,0.0,6.896325459317585,nan,nan
5874746,20.0,6,729,6,6,364,27,28.0,0.07417582417582418,0.0,0.0,6.448076923076923,nan,nan
5874767,20.0,6,1278,8,7,245,12,26.25,0.04897959183673469,0.0,0.0,6.711428571428571,nan,nan
5874769,20.0,6,649,6,6,322,18,32.2,0.055900621118012424,0.0,0.0,6.849378881987578,nan,nan
5874787,20.0,6,1064,5,5,225,12,30.681818181818183,0.05333333333333334,0.0,0.0,6.5248888888888885,nan,nan
5875173,20.0,6,712,4,4,95,5,21.923076923076923,0.05263157894736842,0.0,0.0,7.294736842105263,nan,nan
5882173,20.0,6,665,8,7,273,26,21.0,0.09523809523809523,0.0,0.125,6.045421245421246,nan,nan
5969330,20.0,6,721,6,5,459,87,14.123076923076923,0.1895424836601307,0.0,0.012195121951219513,7.353376906318083,nan,nan
5969331,20.0,6,706,6,5,359,34,28.342105263157894,0.0947075208913649,0.0,0.2727272727272727,7.529526462395543,nan,nan
5969362,20.0,6,672,5,5,449,18,48.107142857142854,0.0400890868596882,0.0,0.0,6.556124721603563,nan,nan
6058407,20.0,6,696,7,7,329,32,21.456521739130434,0.0972644376899696,0.0,0.0,7.2650455927051665,nan,nan
6062407,20.0,6,666,7,6,333,27,25.29113924050633,0.08108108108108109,0.0,0.045454545454545456,8.028828828828829,nan,nan
6109129,20.0,6,721,4,3,482,21,57.84,0.043568464730290454,0.0,0.2222222222222222,6.650622406639004,nan,nan
6148097,20.0,6,725,4,4,458,38,35.688311688311686,0.08296943231441048,0.0,0.2,6.891266375545851,nan,nan
6148143,20.0,6,677,5,4,437,21,42.29032258064516,0.04805491990846682,0.0,0.0,6.402059496567506,nan,nan
6148208,20.0,6,646,3,3,319,42,21.50561797752809,0.13166144200626959,0.0,0.03125,6.734169278996864,nan,nan
6190357,20.0,6,710,2,2,494,25,61.75,0.05060728744939271,0.0,0.2222222222222222,5.401821862348178,nan,nan
6193396,20.0,6,658,6,5,370,11,48.26086956521739,0.02972972972972973,0.0,0.0,7.311081081081081,nan,nan
6193436,20.0,6,666,5,6,94,9,14.842105263157896,0.09574468085106383,0.0,0.0,12.894680851063828,nan,nan
4216956,20.0,7,910,6,5,363,37,22.224489795918366,0.10192837465564739,0.0,0.0,4.860881542699724,nan,nan
4272243,20.0,7,646,2,1,600,109,16.589861751152075,0.18166666666666667,0.0,0.02127659574468085,5.109166666666667,nan,nan
4344977,20.0,7,1187,5,5,384,63,16.695652173913043,0.1640625,0.0,0.04081632653061224,6.163541666666667,nan,nan
4350946,20.0,7,690,5,5,394,17,43.77777777777778,0.04314720812182741,0.0,0.0,6.219543147208122,nan,nan
4351935,20.0,7,775,6,5,369,28,29.13157894736842,0.07588075880758807,0.0,0.045454545454545456,7.190243902439024,nan,nan
4352377,20.0,7,716,5,4,428,28,36.16901408450704,0.06542056074766354,0.0,0.05,6.60373831775701,nan,nan
4358853,20.0,7,666,4,3,528,18,67.40425531914893,0.03409090909090909,0.0,0.09090909090909091,6.626515151515152,nan,nan
4359232,20.0,7,681,3,2,590,138,13.258426966292134,0.23389830508474577,0.0,0.03773584905660377,6.475084745762712,nan,nan
4370045,20.0,7,720,4,3,467,63,24.36521739130435,0.1349036402569593,0.0,0.23809523809523808,7.5,nan,nan
4389353,20.0,7,650,5,4,462,57,24.104347826086958,0.12337662337662338,0.0,0.15384615384615385,8.016017316017317,nan,nan
4389414,20.0,7,645,5,5,422,44,28.772727272727273,0.10426540284360189,0.0,0.16666666666666666,9.000710900473933,nan,nan
4392729,20.0,7,652,4,3,478,39,40.394366197183096,0.08158995815899582,0.030303030303030304,0.125,6.834728033472803,nan,nan
4393045,20.0,7,936,4,3,438,30,37.542857142857144,0.0684931506849315,0.0,0.045454545454545456,6.743607305936073,nan,nan
4440451,20.0,7,657,3,2,546,81,24.818181818181817,0.14835164835164835,0.0,0.1,7.241208791208791,nan,nan
4443744,20.0,7,710,7,6,399,66,18.558139534883722,0.16541353383458646,0.0,0.06896551724137931,12.767919799498745,nan,nan
4448887,20.0,7,666,6,6,333,15,37.0,0.04504504504504504,0.0,0.0,9.082282282282282,nan,nan
4469551,20.0,7,670,4,3,512,68,25.388429752066116,0.1328125,0.0,0.22727272727272727,7.734375,nan,nan
4472905,20.0,7,816,4,3,463,39,35.61538461538461,0.08423326133909287,0.0,0.2,7.649244060475162,nan,nan
4473229,20.0,7,673,4,4,446,31,34.30769230769231,0.06950672645739911,0.0,0.0,6.918161434977579,nan,nan
4481970,20.0,7,642,3,2,494,25,55.924528301886795,0.05060728744939271,0.0,0.16666666666666666,6.926113360323886,nan,nan
4482888,20.0,7,647,1,0,647,88,26.958333333333332,0.13601236476043277,0.0,0.06976744186046512,6.6578052550231845,nan,nan
4487550,20.0,7,653,4,3,480,32,36.0,0.06666666666666667,0.0,0.0,7.093333333333334,nan,nan
4487946,20.0,7,710,2,1,227,29,28.97872340425532,0.1277533039647577,0.047619047619047616,0.18181818181818182,11.325991189427313,nan,nan
4504164,20.0,7,649,5,5,364,26,30.333333333333332,0.07142857142857142,0.0,0.0,9.711263736263737,nan,nan
4527487,20.0,7,671,4,5,134,6,28.714285714285715,0.04477611940298507,0.0,0.0,10.585074626865673,nan,nan
4544584,20.0,7,672,4,3,540,29,49.84615384615385,0.053703703703703705,0.0,0.125,7.391111111111111,nan,nan
4547202,20.0,7,696,5,4,436,24,38.470588235294116,0.05504587155963303,0.0,0.0,6.122935779816514,nan,nan
4559519,20.0,7,991,6,5,358,29,27.53846153846154,0.08100558659217877,0.0,0.045454545454545456,5.773463687150838,nan,nan
4575701,20.0,7,700,2,1,657,146,13.317567567567568,0.2222222222222222,0.0,0.007142857142857143,6.645205479452054,nan,nan
4579744,20.0,7,678,6,5,377,28,28.275,0.07427055702917772,0.0,0.0,8.484084880636605,nan,nan
4605892,20.0,7,678,2,3,41,2,20.5,0.04878048780487805,0.0,0.0,13.799999999999999,nan,nan
4668185,20.0,7,641,7,6,372,38,22.32,0.10215053763440861,0.0,0.03225806451612903,8.72231182795699,nan,nan
4705097,20.0,7,659,4,4,451,30,38.11267605633803,0.06651884700665188,0.0,0.045454545454545456,7.331042128603104,nan,nan
4724133,20.0,7,650,4,4,454,39,28.97872340425532,0.08590308370044053,0.0,0.0,6.448898678414097,nan,nan
4749525,20.0,7,805,3,2,526,20,67.14893617021276,0.03802281368821293,0.0,0.07692307692307693,6.2853612167300374,nan,nan
4754626,20.0,7,1144,5,4,433,35,32.475,0.08083140877598152,0.0,0.045454545454545456,6.896997690531178,nan,nan
4754956,20.0,7,647,5,4,419,48,23.49532710280374,0.11455847255369929,0.0,0.02702702702702703,8.333174224343676,nan,nan
4775763,20.0,7,718,6,5,449,26,37.943661971830984,0.05790645879732739,0.0,0.05555555555555555,6.83207126948775,nan,nan
4785421,20.0,7,773,4,4,460,20,49.285714285714285,0.043478260869565216,0.0,0.0,6.73,nan,nan
4789937,20.0,7,678,4,4,524,29,48.36923076923077,0.05534351145038168,0.0,0.13333333333333333,6.705343511450382,nan,nan
4792515,20.0,7,705,7,6,236,10,29.5,0.0423728813559322,0.0,0.0,7.7186440677966095,nan,nan
4811115,20.0,7,643,4,3,483,23,49.96551724137931,0.047619047619047616,0.0,0.0625,6.851345755693582,nan,nan
4824328,20.0,7,688,4,3,355,20,42.6,0.056338028169014086,0.0,0.09090909090909091,6.965352112676056,nan,nan
4861227,20.0,7,710,7,6,240,20,22.5,0.08333333333333333,0.0,0.07142857142857142,7.2820833333333335,nan,nan
4861687,20.0,7,746,8,7,302,41,16.472727272727273,0.1357615894039735,0.0,0.02857142857142857,6.609933774834437,nan,nan
4862222,20.0,7,670,4,3,486,57,23.142857142857142,0.11728395061728394,0.0,0.0196078431372549,6.511111111111111,nan,nan
4862380,20.0,7,660,3,2,522,31,42.32432432432432,0.05938697318007663,0.0,0.0,6.369157088122605,nan,nan
4865550,20.0,7,642,5,5,382,42,23.875,0.1099476439790576,0.0,0.06666666666666667,7.989528795811518,nan,nan
4865558,20.0,7,649,5,4,503,71,20.53061224489796,0.1411530815109344,0.0,0.06,6.833598409542744,nan,nan
4912927,20.0,7,674,2,1,638,143,13.43157894736842,0.22413793103448276,0.0,0.007633587786259542,5.4282131661442,nan,nan
4915833,20.0,7,675,4,3,479,51,30.903225806451612,0.10647181628392484,0.0,0.45454545454545453,5.6578288100208765,nan,nan
4940890,20.0,7,683,3,2,530,44,36.55172413793103,0.0830188679245283,0.0,0.13636363636363635,5.848867924528302,nan,nan
5244934,20.0,7,656,6,6,274,16,32.23529411764706,0.058394160583941604,0.0,0.1111111111111111,8.585036496350366,nan,nan
5351422,20.0,7,654,4,3,487,49,31.419354838709676,0.10061601642710473,0.0,0.2222222222222222,9.50205338809035,nan,nan
5477477,20.0,7,678,2,2,586,114,17.235294117647058,0.1945392491467577,0.0,0.13559322033898305,7.262457337883959,nan,nan
5499001,20.0,7,670,2,1,632,107,21.91907514450867,0.16930379746835442,0.0,0.08695652173913043,6.502689873417721,nan,nan
5503058,20.0,7,916,6,5,414,42,30.29268292682927,0.10144927536231885,0.0,0.18181818181818182,7.668357487922705,nan,nan
5503168,20.0,7,695,6,5,336,12,42.0,0.03571428571428571,0.0,0.0,7.975,nan,nan
5503359,20.0,7,716,6,6,319,15,35.44444444444444,0.047021943573667714,0.0,0.0,8.710031347962383,nan,nan
5540718,20.0,7,663,6,6,333,32,22.704545454545453,0.0960960960960961,0.0,0.0,7.043543543543543,nan,nan
5540722,20.0,7,691,5,5,426,21,44.06896551724138,0.04929577464788732,0.0,0.06666666666666667,6.258920187793428,nan,nan
5540733,20.0,7,641,4,3,490,27,48.19672131147541,0.05510204081632653,0.0,0.16666666666666666,6.525510204081633,nan,nan
5540847,20.0,7,869,6,6,375,17,43.26923076923077,0.04533333333333334,0.0,0.1111111111111111,6.0069333333333335,nan,nan
5547018,20.0,7,649,6,5,388,49,19.728813559322035,0.12628865979381443,0.0,0.023809523809523808,7.037371134020619,nan,nan
5565253,20.0,7,670,4,5,385,17,53.72093023255814,0.04415584415584416,0.0,0.125,5.427532467532467,nan,nan
5615881,20.0,7,1051,6,6,357,31,26.444444444444443,0.08683473389355742,0.0,0.043478260869565216,6.632212885154061,nan,nan
5615968,20.0,7,642,6,5,378,54,20.618181818181817,0.14285714285714285,0.0,0.17391304347826086,6.565343915343915,nan,nan
5615986,20.0,7,685,5,4,343,27,29.82608695652174,0.07871720116618076,0.0,0.05263157894736842,6.429737609329447,nan,nan
5615988,20.0,7,671,6,5,356,27,31.41176470588235,0.07584269662921349,0.0,0.15384615384615385,6.8924157303370785,nan,nan
5616015,20.0,7,657,2,1,624,102,24.31168831168831,0.16346153846153846,0.0,0.42857142857142855,6.427403846153846,nan,nan
5633515,20.0,7,663,6,5,410,30,29.285714285714285,0.07317073170731707,0.0,0.0,7.066097560975609,nan,nan
5692189,20.0,7,1527,6,5,401,23,34.371428571428574,0.057356608478802994,0.0,0.0,7.860349127182045,nan,nan
5705278,20.0,7,643,8,7,323,31,20.617021276595743,0.09597523219814241,0.0,0.0,8.107120743034056,nan,nan
5705752,20.0,7,682,5,4,434,28,36.166666666666664,0.06451612903225806,0.0,0.045454545454545456,6.208755760368663,nan,nan
5706077,20.0,7,656,5,5,382,25,34.72727272727273,0.06544502617801047,0.0,0.05263157894736842,6.164921465968586,nan,nan
5706137,20.0,7,737,7,7,173,8,23.59090909090909,0.046242774566473986,0.0,0.0,7.3832369942196525,nan,nan
5715345,20.0,7,923,4,3,491,26,43.3235294117647,0.05295315682281059,0.0,0.0,6.049083503054989,nan,nan
5771585,20.0,7,720,6,5,355,11,46.30434782608695,0.030985915492957747,0.0,0.0,6.033239436619719,nan,nan
5771621,20.0,7,675,6,5,379,14,43.73076923076923,0.036939313984168866,0.0,0.0,5.610817941952506,nan,nan
5772092,20.0,7,729,8,7,335,25,24.51219512195122,0.07462686567164178,0.0,0.0,6.206268656716418,nan,nan
5772102,20.0,7,725,5,4,359,19,37.13793103448276,0.052924791086350974,0.0,0.0,6.352646239554318,nan,nan
5772192,20.0,7,706,7,6,381,22,31.75,0.05774278215223097,0.0,0.0,5.659055118110236,nan,nan
5874746,20.0,7,729,6,6,364,27,28.0,0.07417582417582418,0.0,0.0,6.350824175824175,nan,nan
5874767,20.0,7,1278,8,7,245,12,26.25,0.04897959183673469,0.0,0.0,7.047755102040816,nan,nan
5874769,20.0,7,649,6,6,322,18,32.2,0.055900621118012424,0.0,0.0,6.606211180124223,nan,nan
5874787,20.0,7,1064,5,5,225,12,30.681818181818183,0.05333333333333334,0.0,0.0,6.511111111111111,nan,nan
5875173,20.0,7,712,4,4,95,5,21.923076923076923,0.05263157894736842,0.0,0.0,6.689473684210526,nan,nan
5882173,20.0,7,665,8,7,273,26,19.5,0.09523809523809523,0.0,0.0,4.006959706959707,nan,nan
5969330,20.0,7,721,6,5,459,87,13.909090909090908,0.1895424836601307,0.0,0.0,5.894553376906318,nan,nan
5969331,20.0,7,706,6,5,359,34,27.265822784810126,0.0947075208913649,0.0,0.11764705882352941,7.084401114206129,nan,nan
5969362,20.0,7,672,5,5,449,18,48.107142857142854,0.0400890868596882,0.0,0.0,4.8783964365256125,nan,nan
6058407,20.0,7,696,7,7,329,32,21.456521739130434,0.0972644376899696,0.0,0.0,6.741945288753799,nan,nan
6062407,20.0,7,666,7,6,333,27,24.365853658536587,0.08108108108108109,0.0,0.0,7.112012012012013,nan,nan
6109129,20.0,7,721,4,3,482,21,54.56603773584906,0.043568464730290454,0.0,0.07142857142857142,4.453734439834024,nan,nan
6148097,20.0,7,725,4,4,458,38,34.35,0.08296943231441048,0.0,0.1,4.677292576419213,nan,nan
6148143,20.0,7,677,5,4,437,21,42.29032258064516,0.04805491990846682,0.0,0.0,4.7070938215102975,nan,nan
6148208,20.0,7,646,3,3,319,42,21.50561797752809,0.13166144200626959,0.0,0.03125,7.2962382445141065,nan,nan
6190357,20.0,7,710,2,2,494,25,61.75,0.05060728744939271,0.0,0.2222222222222222,6.026518218623481,nan,nan
6193396,20.0,7,658,6,5,370,11,48.26086956521739,0.02972972972972973,0.0,0.0,6.257567567567568,nan,nan
6193436,20.0,7,666,5,6,94,9,14.842105263157896,0.09574468085106383,0.0,0.0,8.939361702127659,nan,nan
4216956,20.0,8,910,6,5,363,37,22.224489795918366,0.10192837465564739,0.0,0.0,5.369972451790633,nan,nan
4272243,20.0,8,646,2,1,600,109,16.289592760180994,0.18166666666666667,0.0,0.009900990099009901,6.671333333333334,nan,nan
4344977,20.0,8,1187,5,5,384,63,16.340425531914892,0.1640625,0.0,0.01818181818181818,8.266406250000001,nan,nan
4350946,20.0,8,690,5,5,394,17,43.77777777777778,0.04314720812182741,0.0,0.0,7.090862944162437,nan,nan
4351935,20.0,8,775,6,5,369,28,27.675,0.07588075880758807,0.0,0.0,6.458536585365853,nan,nan
4352377,20.0,8,716,5,4,428,28,33.78947368421053,0.06542056074766354,0.0,0.0,6.400467289719626,nan,nan
4358853,20.0,8,666,4,3,528,18,67.40425531914893,0.03409090909090909,0.0,0.09090909090909091,6.343181818181818,nan,nan
4359232,20.0,8,681,3,2,590,138,12.553191489361701,0.23389830508474577,0.0,0.007751937984496124,7.651525423728813,nan,nan
4370045,20.0,8,720,4,3,467,63,23.54621848739496,0.1349036402569593,0.0,0.14285714285714285,8.308779443254817,nan,nan
4389353,20.0,8,650,5,4,462,57,22.536585365853657,0.12337662337662338,0.0,0.05,7.991341991341991,nan,nan
4389414,20.0,8,645,5,5,422,44,28.133333333333333,0.10426540284360189,0.0,0.09523809523809523,8.68388625592417,nan,nan
4392729,20.0,8,652,4,3,478,39,36.30379746835443,0.08158995815899582,0.0,0.045454545454545456,6.766108786610879,nan,nan
4393045,20.0,8,936,4,3,438,30,37.542857142857144,0.0684931506849315,0.0,0.045454545454545456,7.794292237442923,nan,nan
4440451,20.0,8,657,3,2,546,81,26.0,0.14835164835164835,0.0,0.12,6.322527472527472,nan,nan
4443744,20.0,8,710,7,6,399,66,18.558139534883722,0.16541353383458646,0.0,0.06666666666666667,9.899498746867168,nan,nan
4448887,20.0,8,666,6,6,333,15,37.0,0.04504504504504504,0.0,0.0,10.081681681681681,nan,nan
4469551,20.0,8,670,4,3,512,68,24.188976377952756,0.1328125,0.0,0.125,8.0490234375,nan,nan
4472905,20.0,8,816,4,3,463,39,36.077922077922075,0.08423326133909287,0.0,0.2,7.370842332613391,nan,nan
4473229,20.0,8,673,4,4,446,31,34.30769230769231,0.06950672645739911,0.0,0.0,7.183183856502242,nan,nan
4481970,20.0,8,642,3,2,494,25,54.888888888888886,0.05060728744939271,0.0,0.07142857142857142,6.634817813765182,nan,nan
4482888,20.0,8,647,1,0,647,88,26.958333333333332,0.13601236476043277,0.0,0.06976744186046512,6.822720247295209,nan,nan
4487550,20.0,8,653,4,3,480,32,36.0,0.06666666666666667,0.0,0.0,8.795625,nan,nan
4487946,20.0,8,710,2,1,227,29,25.69811320754717,0.1277533039647577,0.0,0.18181818181818182,8.292070484581497,nan,nan
4504164,20.0,8,649,5,5,364,26,30.333333333333332,0.07142857142857142,0.0,0.0,9.388461538461538,nan,nan
4527487,20.0,8,671,4,5,134,6,28.714285714285715,0.04477611940298507,0.0,0.0,10.18731343283582,nan,nan
4544584,20.0,8,672,4,3,540,29,46.95652173913044,0.053703703703703705,0.0,0.045454545454545456,7.289074074074074,nan,nan
4547202,20.0,8,696,5,4,436,24,38.470588235294116,0.05504587155963303,0.0,0.0,6.250229357798165,nan,nan
4559519,20.0,8,991,6,5,358,29,26.195121951219512,0.08100558659217877,0.0,0.0,6.377374301675977,nan,nan
4575701,20.0,8,700,2,1,657,146,13.14,0.2222222222222222,0.0,0.0,6.87579908675799,nan,nan
4579744,20.0,8,678,6,5,377,28,28.275,0.07427055702917772,0.0,0.0,8.772148541114058,nan,nan
4605892,20.0,8,678,2,3,41,2,20.5,0.04878048780487805,0.0,0.0,15.419512195121952,nan,nan
4668185,20.0,8,641,7,6,372,38,21.46153846153846,0.10215053763440861,0.0,0.0,8.940591397849463,nan,nan
4705097,20.0,8,659,4,4,451,30,35.60526315789474,0.06651884700665188,0.0,0.0,6.581374722838137,nan,nan
4724133,20.0,8,650,4,4,454,39,28.97872340425532,0.08590308370044053,0.0,0.0,6.63215859030837,nan,nan
4749525,20.0,8,805,3,2,526,20,60.69230769230769,0.03802281368821293,0.0,0.0,6.304562737642585,nan,nan
4754626,20.0,8,1144,5,4,433,35,30.564705882352943,0.08083140877598152,0.0,0.037037037037037035,6.7854503464203235,nan,nan
4754956,20.0,8,647,5,4,419,48,23.49532710280374,0.11455847255369929,0.0,0.02702702702702703,5.898568019093079,nan,nan
4775763,20.0,8,718,6,5,449,26,37.943661971830984,0.05790645879732739,0.0,0.05263157894736842,5.546325167037862,nan,nan
4785421,20.0,8,773,4,4,460,20,49.285714285714285,0.043478260869565216,0.0,0.0,5.965217391304348,nan,nan
4789937,20.0,8,678,4,4,524,29,42.486486486486484,0.05534351145038168,0.0,0.0,5.583969465648855,nan,nan
4792515,20.0,8,705,7,6,236,10,29.5,0.0423728813559322,0.0,0.0,6.7309322033898304,nan,nan
4811115,20.0,8,643,4,3,483,23,46.74193548387097,0.047619047619047616,0.0,0.0,6.222153209109731,nan,nan
4824328,20.0,8,688,4,3,355,20,42.6,0.056338028169014086,0.0,0.09090909090909091,6.19661971830986,nan,nan
4861227,20.0,8,710,7,6,240,20,21.176470588235293,0.08333333333333333,0.0,0.0,6.9350000000000005,nan,nan
4861687,20.0,8,746,8,7,302,41,15.894736842105264,0.1357615894039735,0.0,0.0,7.545695364238411,nan,nan
4862222,20.0,8,670,4,3,486,57,22.43076923076923,0.11728395061728394,0.0,0.0,6.593415637860082,nan,nan
4862380,20.0,8,660,3,2,522,31,42.32432432432432,0.05938697318007663,0.0,0.0,6.513984674329502,nan,nan
4865550,20.0,8,642,5,5,382,42,22.03846153846154,0.1099476439790576,0.0,0.0,6.989005235602095,nan,nan
4865558,20.0,8,649,5,4,503,71,19.855263157894736,0.1411530815109344,0.0,0.03636363636363636,7.170974155069582,nan,nan
4912927,20.0,8,674,2,1,638,143,13.43157894736842,0.22413793103448276,0.0,0.007633587786259542,7.581347962382445,nan,nan
4915833,20.0,8,675,4,3,479,51,28.455445544554454,0.10647181628392484,0.0,0.12,9.575156576200417,nan,nan
4940890,20.0,8,683,3,2,530,44,36.13636363636363,0.0830188679245283,0.0,0.07692307692307693,7.019622641509434,nan,nan
5244934,20.0,8,656,6,6,274,16,32.23529411764706,0.058394160583941604,0.0,0.1111111111111111,10.943795620437957,nan,nan
5351422,20.0,8,654,4,3,487,49,28.647058823529413,0.10061601642710473,0.0,0.06451612903225806,7.833264887063655,nan,nan
5477477,20.0,8,678,2,2,586,114,14.898305084745763,0.1945392491467577,0.0,0.0,7.180546075085324,nan,nan
5499001,20.0,8,670,2,1,632,107,21.423728813559322,0.16930379746835442,0.0,0.05555555555555555,6.4313291139240505,nan,nan
5503058,20.0,8,916,6,5,414,42,30.29268292682927,0.10144927536231885,0.0,0.18181818181818182,9.046135265700483,nan,nan
5503168,20.0,8,695,6,5,336,12,42.0,0.03571428571428571,0.0,0.0,9.629166666666666,nan,nan
5503359,20.0,8,716,6,6,319,15,35.44444444444444,0.047021943573667714,0.0,0.0,7.607836990595612,nan,nan
5540718,20.0,8,663,6,6,333,32,22.704545454545453,0.0960960960960961,0.0,0.0,6.733033033033033,nan,nan
5540722,20.0,8,691,5,5,426,21,41.225806451612904,0.04929577464788732,0.0,0.0,6.311267605633803,nan,nan
5540733,20.0,8,641,4,3,490,27,45.23076923076923,0.05510204081632653,0.0,0.05263157894736842,6.076530612244898,nan,nan
5540847,20.0,8,869,6,6,375,17,43.26923076923077,0.04533333333333334,0.0,0.1111111111111111,6.6872,nan,nan
5547018,20.0,8,649,6,5,388,49,19.081967213114755,0.12628865979381443,0.0,0.0,6.973969072164949,nan,nan
5565253,20.0,8,670,4,5,385,17,53.72093023255814,0.04415584415584416,0.0,0.125,6.108831168831169,nan,nan
5615881,20.0,8,1051,6,6,357,31,26.444444444444443,0.08683473389355742,0.0,0.043478260869565216,7.197478991596639,nan,nan
5615968,20.0,8,642,6,5,378,54,19.894736842105264,0.14285714285714285,0.0,0.10344827586206896,6.165608465608465,nan,nan
5615986,20.0,8,685,5,4,343,27,30.264705882352942,0.07871720116618076,0.0,0.05555555555555555,5.757142857142857,nan,nan
5615988,20.0,8,671,6,5,356,27,29.666666666666668,0.07584269662921349,0.0,0.05263157894736842,6.528651685393258,nan,nan
5616015,20.0,8,657,2,1,624,102,19.2,0.16346153846153846,0.0,0.024691358024691357,5.695032051282051,nan,nan
5633515,20.0,8,663,6,5,410,30,29.285714285714285,0.07317073170731707,0.0,0.0,7.240731707317073,nan,nan
5692189,20.0,8,1527,6,5,401,23,34.371428571428574,0.057356608478802994,0.0,0.0,8.489027431421446,nan,nan
5705278,20.0,8,643,8,7,323,31,20.617021276595743,0.09597523219814241,0.0,0.0,7.308049535603715,nan,nan
5705752,20.0,8,682,5,4,434,28,34.26315789473684,0.06451612903225806,0.0,0.0,7.2387096774193544,nan,nan
5706077,20.0,8,656,5,5,382,25,32.74285714285714,0.06544502617801047,0.0,0.0,6.743717277486911,nan,nan
5706137,20.0,8,737,7,7,173,8,23.59090909090909,0.046242774566473986,0.0,0.0,8.290751445086705,nan,nan
5715345,20.0,8,923,4,3,491,26,43.3235294117647,0.05295315682281059,0.0,0.0,6.354582484725051,nan,nan
5771585,20.0,8,720,6,5,355,11,46.30434782608695,0.030985915492957747,0.0,0.0,6.62169014084507,nan,nan
5771621,20.0,8,675,6,5,379,14,43.73076923076923,0.036939313984168866,0.0,0.0,6.77467018469657,nan,nan
5772092,20.0,8,729,8,7,335,25,24.51219512195122,0.07462686567164178,0.0,0.0,7.037014925373135,nan,nan
5772102,20.0,8,725,5,4,359,19,37.13793103448276,0.052924791086350974,0.0,0.0,6.274373259052925,nan,nan
5772192,20.0,8,706,7,6,381,22,31.75,0.05774278215223097,0.0,0.0,6.115223097112861,nan,nan
5874746,20.0,8,729,6,6,364,27,28.0,0.07417582417582418,0.0,0.0,5.298076923076923,nan,nan
5874767,20.0,8,1278,8,7,245,12,26.25,0.04897959183673469,0.0,0.0,5.904489795918367,nan,nan
5874769,20.0,8,649,6,6,322,18,32.2,0.055900621118012424,0.0,0.0,6.484472049689441,nan,nan
5874787,20.0,8,1064,5,5,225,12,30.681818181818183,0.05333333333333334,0.0,0.0,6.664444444444444,nan,nan
5875173,20.0,8,712,4,4,95,5,21.923076923076923,0.05263157894736842,0.0,0.0,7.668421052631579,nan,nan
5882173,20.0,8,665,8,7,273,26,19.5,0.09523809523809523,0.0,0.0,7.264835164835165,nan,nan
5969330,20.0,8,721,6,5,459,87,13.909090909090908,0.1895424836601307,0.0,0.0,7.5357298474945535,nan,nan
5969331,20.0,8,706,6,5,359,34,27.265822784810126,0.0947075208913649,0.0,0.11764705882352941,7.745682451253481,nan,nan
5969362,20.0,8,672,5,5,449,18,48.107142857142854,0.0400890868596882,0.0,0.0,6.179732739420935,nan,nan
6058407,20.0,8,696,7,7,329,32,21.456521739130434,0.0972644376899696,0.0,0.0,7.0130699088145905,nan,nan
6062407,20.0,8,666,7,6,333,27,24.365853658536587,0.08108108108108109,0.0,0.0,6.405705705705706,nan,nan
6109129,20.0,8,721,4,3,482,21,54.56603773584906,0.043568464730290454,0.0,0.07142857142857142,6.373651452282157,nan,nan
6148097,20.0,8,725,4,4,458,38,34.35,0.08296943231441048,0.0,0.1,6.236244541484716,nan,nan
6148143,20.0,8,677,5,4,437,21,42.29032258064516,0.04805491990846682,0.0,0.0,6.321510297482837,nan,nan
6148208,20.0,8,646,3,3,319,42,21.50561797752809,0.13166144200626959,0.0,0.03125,5.9391849529780565,nan,nan
6190357,20.0,8,710,2,2,494,25,57.0,0.05060728744939271,0.0,0.0625,6.161133603238866,nan,nan
6193396,20.0,8,658,6,5,370,11,48.26086956521739,0.02972972972972973,0.0,0.0,7.196756756756757,nan,nan
6193436,20.0,8,666,5,6,94,9,14.842105263157896,0.09574468085106383,0.0,0.0,10.1,nan,nan
4216956,20.0,9,910,6,5,363,37,22.224489795918366,0.10192837465564739,0.0,0.0,6.207988980716253,nan,nan
4272243,20.0,9,646,2,1,600,109,15.929203539823009,0.18166666666666667,0.0,0.0,6.731,nan,nan
4344977,20.0,9,1187,5,5,384,63,15.780821917808218,0.1640625,0.0,0.0,6.3500000000000005,nan,nan
4350946,20.0,9,690,5,5,394,17,43.77777777777778,0.04314720812182741,0.0,0.0,7.095431472081218,nan,nan
4351935,20.0,9,775,6,5,369,28,27.675,0.07588075880758807,0.0,0.0,6.969647696476965,nan,nan
4352377,20.0,9,716,5,4,428,28,33.78947368421053,0.06542056074766354,0.0,0.0,5.45841121495327,nan,nan
4358853,20.0,9,666,4,3,528,18,60.92307692307692,0.03409090909090909,0.0,0.0,5.991666666666666,nan,nan
4359232,20.0,9,681,3,2,590,138,12.553191489361701,0.23389830508474577,0.0,0.007751937984496124,6.107288135593221,nan,nan
4370045,20.0,9,720,4,3,467,63,22.596774193548388,0.1349036402569593,0.0,0.08333333333333333,6.538758029978586,nan,nan
4389353,20.0,9,650,5,4,462,57,21.826771653543307,0.12337662337662338,0.0,0.02127659574468085,7.517532467532467,nan,nan
4389414,20.0,9,645,5,5,422,44,28.133333333333333,0.10426540284360189,0.0,0.09523809523809523,8.67132701421801,nan,nan
4392729,20.0,9,652,4,3,478,39,36.30379746835443,0.08158995815899582,0.0,0.045454545454545456,7.9276150627615065,nan,nan
4393045,20.0,9,936,4,3,438,30,37.542857142857144,0.0684931506849315,0.0,0.045454545454545456,8.240182648401825,nan,nan
4440451,20.0,9,657,3,2,546,81,25.00763358778626,0.14835164835164835,0.0,0.0625,7.956410256410256,nan,nan
4443744,20.0,9,710,7,6,399,66,17.865671641791046,0.16541353383458646,0.0,0.02702702702702703,10.925062656641606,nan,nan
4448887,20.0,9,666,6,6,333,15,37.0,0.04504504504504504,0.0,0.0,9.427927927927929,nan,nan
4469551,20.0,9,670,4,3,512,68,23.630769230769232,0.1328125,0.0,0.07894736842105263,7.6916015625,nan,nan
4472905,20.0,9,816,4,3,463,39,33.8780487804878,0.08423326133909287,0.0,0.08695652173913043,7.033693304535637,nan,nan
4473229,20.0,9,673,4,4,446,31,34.30769230769231,0.06950672645739911,0.0,0.0,7.832735426008969,nan,nan
4481970,20.0,9,642,3,2,494,25,54.888888888888886,0.05060728744939271,0.0,0.07142857142857142,6.826923076923077,nan,nan
4482888,20.0,9,647,1,0,647,88,27.146853146853147,0.13601236476043277,0.0,0.07142857142857142,6.738639876352395,nan,nan
4487550,20.0,9,653,4,3,480,32,36.0,0.06666666666666667,0.0,0.0,8.970416666666667,nan,nan
4487946,20.0,9,710,2,1,227,29,23.482758620689655,0.1277533039647577,0.0,0.05555555555555555,8.785903083700441,nan,nan
4504164,20.0,9,649,5,5,364,26,30.333333333333332,0.07142857142857142,0.0,0.0,9.521153846153846,nan,nan
4527487,20.0,9,671,4,5,134,6,28.714285714285715,0.04477611940298507,0.0,0.0,14.692537313432835,nan,nan
4544584,20.0,9,672,4,3,540,29,43.78378378378378,0.053703703703703705,0.0,0.0,7.608333333333333,nan,nan
4547202,20.0,9,696,5,4,436,24,38.470588235294116,0.05504587155963303,0.0,0.0,6.596100917431193,nan,nan
4559519,20.0,9,991,6,5,358,29,26.195121951219512,0.08100558659217877,0.0,0.0,7.020111731843575,nan,nan
4575701,20.0,9,700,2,1,657,146,13.14,0.2222222222222222,0.0,0.0,6.1815829528158295,nan,nan
4579744,20.0,9,678,6,5,377,28,28.275,0.07427055702917772,0.0,0.0,7.679310344827586,nan,nan
4605892,20.0,9,678,2,3,41,2,20.5,0.04878048780487805,0.0,0.0,15.117073170731706,nan,nan
4668185,20.0,9,641,7,6,372,38,21.46153846153846,0.10215053763440861,0.0,0.0,7.393279569892473,nan,nan
4705097,20.0,9,659,4,4,451,30,35.60526315789474,0.06651884700665188,0.0,0.0,6.6742793791574275,nan,nan
4724133,20.0,9,650,4,4,454,39,28.97872340425532,0.08590308370044053,0.0,0.0,6.25022026431718,nan,nan
4749525,20.0,9,805,3,2,526,20,60.69230769230769,0.03802281368821293,0.0,0.0,4.695057034220532,nan,nan
4754626,20.0,9,1144,5,4,433,35,28.866666666666667,0.08083140877598152,0.0,0.0,4.831408775981524,nan,nan
4754956,20.0,9,647,5,4,419,48,23.49532710280374,0.11455847255369929,0.0,0.02702702702702703,5.226968973747017,nan,nan
4775763,20.0,9,718,6,5,449,26,35.44736842105263,0.05790645879732739,0.0,0.0,5.279732739420935,nan,nan
4785421,20.0,9,773,4,4,460,20,49.285714285714285,0.043478260869565216,0.0,0.0,4.197826086956522,nan,nan
4789937,20.0,9,678,4,4,524,29,42.486486486486484,0.05534351145038168,0.0,0.0,5.838931297709924,nan,nan
4792515,20.0,9,705,7,6,236,10,29.5,0.0423728813559322,0.0,0.0,7.01864406779661,nan,nan
4811115,20.0,9,643,4,3,483,23,46.74193548387097,0.047619047619047616,0.0,0.0,5.6033126293995865,nan,nan
4824328,20.0,9,688,4,3,355,20,42.6,0.056338028169014086,0.0,0.09090909090909091,6.543661971830986,nan,nan
4861227,20.0,9,710,7,6,240,20,21.176470588235293,0.08333333333333333,0.0,0.0,7.105,nan,nan
4861687,20.0,9,746,8,7,302,41,15.894736842105264,0.1357615894039735,0.0,0.0,6.730794701986755,nan,nan
4862222,20.0,9,670,4,3,486,57,22.43076923076923,0.11728395061728394,0.0,0.0,5.8730452674897125,nan,nan
4862380,20.0,9,660,3,2,522,31,42.32432432432432,0.05938697318007663,0.0,0.0,5.954597701149425,nan,nan
4865550,20.0,9,642,5,5,382,42,22.03846153846154,0.1099476439790576,0.0,0.0,7.514659685863874,nan,nan
4865558,20.0,9,649,5,4,503,71,19.346153846153847,0.1411530815109344,0.0,0.016129032258064516,7.700397614314116,nan,nan
4912927,20.0,9,674,2,1,638,143,13.43157894736842,0.22413793103448276,0.0,0.007633587786259542,6.915517241379311,nan,nan
4915833,20.0,9,675,4,3,479,51,27.11320754716981,0.10647181628392484,0.0,0.06060606060606061,8.420876826722338,nan,nan
4940890,20.0,9,683,3,2,530,44,34.193548387096776,0.0830188679245283,0.0,0.029411764705882353,7.066037735849057,nan,nan
5244934,20.0,9,656,6,6,274,16,29.357142857142858,0.058394160583941604,0.0,0.0,10.385766423357664,nan,nan
5351422,20.0,9,654,4,3,487,49,27.30841121495327,0.10061601642710473,0.0,0.02564102564102564,7.5482546201232035,nan,nan
5477477,20.0,9,678,2,2,586,114,14.898305084745763,0.1945392491467577,0.0,0.0,7.434641638225256,nan,nan
5499001,20.0,9,670,2,1,632,107,21.423728813559322,0.16930379746835442,0.0,0.05555555555555555,6.978797468354431,nan,nan
5503058,20.0,9,916,6,5,414,42,30.29268292682927,0.10144927536231885,0.0,0.18181818181818182,9.307246376811595,nan,nan
5503168,20.0,9,695,6,5,336,12,42.0,0.03571428571428571,0.0,0.0,8.650297619047619,nan,nan
5503359,20.0,9,716,6,6,319,15,35.44444444444444,0.047021943573667714,0.0,0.0,7.132288401253918,nan,nan
5540718,20.0,9,663,6,6,333,32,22.704545454545453,0.0960960960960961,0.0,0.0,6.247747747747748,nan,nan
5540722,20.0,9,691,5,5,426,21,41.225806451612904,0.04929577464788732,0.0,0.0,6.199530516431925,nan,nan
5540733,20.0,9,641,4,3,490,27,42.0,0.05510204081632653,0.0,0.0,6.34,nan,nan
5540847,20.0,9,869,6,6,375,17,43.26923076923077,0.04533333333333334,0.0,0.1111111111111111,5.8768,nan,nan
5547018,20.0,9,649,6,5,388,49,19.081967213114755,0.12628865979381443,0.0,0.0,6.486340206185567,nan,nan
5565253,20.0,9,670,4,5,385,17,53.72093023255814,0.04415584415584416,0.0,0.125,6.297662337662337,nan,nan
5615881,20.0,9,1051,6,6,357,31,24.906976744186046,0.08683473389355742,0.0,0.0,7.185154061624649,nan,nan
5615968,20.0,9,642,6,5,378,54,18.29032258064516,0.14285714285714285,0.0,0.023255813953488372,7.057671957671958,nan,nan
5615986,20.0,9,685,5,4,343,27,27.81081081081081,0.07871720116618076,0.0,0.0,6.4513119533527705,nan,nan
5615988,20.0,9,671,6,5,356,27,29.666666666666668,0.07584269662921349,0.0,0.05263157894736842,7.273876404494382,nan,nan
5616015,20.0,9,657,2,1,624,102,18.814070351758794,0.16346153846153846,0.0,0.023809523809523808,6.747916666666667,nan,nan
5633515,20.0,9,663,6,5,410,30,29.285714285714285,0.07317073170731707,0.0,0.0,7.253170731707318,nan,nan
5692189,20.0,9,1527,6,5,401,23,34.371428571428574,0.057356608478802994,0.0,0.0,8.95137157107232,nan,nan
5705278,20.0,9,643,8,7,323,31,20.617021276595743,0.09597523219814241,0.0,0.0,7.351702786377709,nan,nan
5705752,20.0,9,682,5,4,434,28,34.26315789473684,0.06451612903225806,0.0,0.0,6.178571428571429,nan,nan
5706077,20.0,9,656,5,5,382,25,32.74285714285714,0.06544502617801047,0.0,0.0,5.937434554973822,nan,nan
5706137,20.0,9,737,7,7,173,8,23.59090909090909,0.046242774566473986,0.0,0.0,6.798843930635838,nan,nan
5715345,20.0,9,923,4,3,491,26,43.3235294117647,0.05295315682281059,0.0,0.0,3.8380855397148674,nan,nan
5771585,20.0,9,720,6,5,355,11,46.30434782608695,0.030985915492957747,0.0,0.0,5.156056338028169,nan,nan
5771621,20.0,9,675,6,5,379,14,43.73076923076923,0.036939313984168866,0.0,0.0,5.096569920844327,nan,nan
5772092,20.0,9,729,8,7,335,25,24.51219512195122,0.07462686567164178,0.0,0.0,4.673432835820895,nan,nan
5772102,20.0,9,725,5,4,359,19,37.13793103448276,0.052924791086350974,0.0,0.0,4.944568245125348,nan,nan
5772192,20.0,9,706,7,6,381,22,31.75,0.05774278215223097,0.0,0.0,6.239370078740157,nan,nan
5874746,20.0,9,729,6,6,364,27,28.0,0.07417582417582418,0.0,0.0,6.529120879120879,nan,nan
5874767,20.0,9,1278,8,7,245,12,26.25,0.04897959183673469,0.0,0.0,7.58,nan,nan
5874769,20.0,9,649,6,6,322,18,32.2,0.055900621118012424,0.0,0.0,6.901552795031057,nan,nan
5874787,20.0,9,1064,5,5,225,12,30.681818181818183,0.05333333333333334,0.0,0.0,6.750222222222222,nan,nan
5875173,20.0,9,712,4,4,95,5,21.923076923076923,0.05263157894736842,0.0,0.0,7.33578947368421,nan,nan
5882173,20.0,9,665,8,7,273,26,19.5,0.09523809523809523,0.0,0.0,5.9864468864468865,nan,nan
5969330,20.0,9,721,6,5,459,87,13.909090909090908,0.1895424836601307,0.0,0.0,7.4638344226579525,nan,nan
5969331,20.0,9,706,6,5,359,34,27.265822784810126,0.0947075208913649,0.0,0.11764705882352941,7.545682451253482,nan,nan
5969362,20.0,9,672,5,5,449,18,48.107142857142854,0.0400890868596882,0.0,0.0,6.404008908685969,nan,nan
6058407,20.0,9,696,7,7,329,32,21.456521739130434,0.0972644376899696,0.0,0.0,5.687841945288754,nan,nan
6062407,20.0,9,666,7,6,333,27,24.365853658536587,0.08108108108108109,0.0,0.0,5.646246246246246,nan,nan
6109129,20.0,9,721,4,3,482,21,49.86206896551724,0.043568464730290454,0.0,0.0,5.5649377593361,nan,nan
6148097,20.0,9,725,4,4,458,38,32.32941176470588,0.08296943231441048,0.0,0.03571428571428571,5.528165938864629,nan,nan
6148143,20.0,9,677,5,4,437,21,42.29032258064516,0.04805491990846682,0.0,0.0,5.831807780320366,nan,nan
6148208,20.0,9,646,3,3,319,42,21.50561797752809,0.13166144200626959,0.0,0.03125,6.752351097178684,nan,nan
6190357,20.0,9,710,2,2,494,25,57.0,0.05060728744939271,0.0,0.0625,6.468421052631579,nan,nan
6193396,20.0,9,658,6,5,370,11,48.26086956521739,0.02972972972972973,0.0,0.0,7.156216216216217,nan,nan
6193436,20.0,9,666,5,6,94,9,14.842105263157896,0.09574468085106383,0.0,0.0,10.19468085106383,nan,nan
4216956,20.0,10,910,6,5,363,37,22.224489795918366,0.10192837465564739,0.0,0.0,6.481818181818182,nan,nan
4272243,20.0,10,646,2,1,600,109,15.929203539823009,0.18166666666666667,0.0,0.0,6.200833333333334,nan,nan
4344977,20.0,10,1187,5,5,384,63,15.780821917808218,0.1640625,0.0,0.0,7.112239583333333,nan,nan
4350946,20.0,10,690,5,5,394,17,43.77777777777778,0.04314720812182741,0.0,0.0,7.67005076142132,nan,nan
4351935,20.0,10,775,6,5,369,28,27.675,0.07588075880758807,0.0,0.0,7.248509485094851,nan,nan
4352377,20.0,10,716,5,4,428,28,33.78947368421053,0.06542056074766354,0.0,0.0,5.934345794392524,nan,nan
4358853,20.0,10,666,4,3,528,18,60.92307692307692,0.03409090909090909,0.0,0.0,5.779734848484848,nan,nan
4359232,20.0,10,681,3,2,590,138,12.291666666666666,0.23389830508474577,0.0,0.0,7.182881355932203,nan,nan
4370045,20.0,10,720,4,3,467,63,19.732394366197184,0.1349036402569593,0.0,0.0,8.41220556745182,nan,nan
4389353,20.0,10,650,5,4,462,57,21.826771653543307,0.12337662337662338,0.0,0.02127659574468085,7.834199134199134,nan,nan
4389414,20.0,10,645,5,5,422,44,25.32,0.10426540284360189,0.0,0.030303030303030304,7.347867298578199,nan,nan
4392729,20.0,10,652,4,3,478,39,36.30379746835443,0.08158995815899582,0.0,0.045454545454545456,6.264435146443515,nan,nan
4393045,20.0,10,936,4,3,438,30,34.578947368421055,0.0684931506849315,0.0,0.0,6.7853881278538815,nan,nan
4440451,20.0,10,657,3,2,546,81,18.82758620689655,0.14835164835164835,0.0,0.0,6.731501831501832,nan,nan
4443744,20.0,10,710,7,6,399,66,17.733333333333334,0.16541353383458646,0.0,0.05714285714285714,8.680451127819548,nan,nan
4448887,20.0,10,666,6,6,333,15,37.0,0.04504504504504504,0.0,0.0,7.468468468468468,nan,nan
4469551,20.0,10,670,4,3,512,68,22.26086956521739,0.1328125,0.0,0.04081632653061224,6.064453125,nan,nan
4472905,20.0,10,816,4,3,463,39,33.07142857142857,0.08423326133909287,0.0,0.037037037037037035,6.611879049676026,nan,nan
4473229,20.0,10,673,4,4,446,31,34.30769230769231,0.06950672645739911,0.0,0.0,6.678923766816144,nan,nan
4481970,20.0,10,642,3,2,494,25,54.888888888888886,0.05060728744939271,0.0,0.07142857142857142,5.856477732793522,nan,nan
4482888,20.0,10,647,1,0,647,88,21.566666666666666,0.13601236476043277,0.0,0.0,5.072797527047913,nan,nan
4487550,20.0,10,653,4,3,480,32,36.0,0.06666666666666667,0.0,0.0,5.8429166666666665,nan,nan
4487946,20.0,10,710,2,1,227,29,23.482758620689655,0.1277533039647577,0.0,0.05555555555555555,7.625110132158591,nan,nan
4504164,20.0,10,649,5,5,364,26,30.333333333333332,0.07142857142857142,0.0,0.0,7.4859890109890115,nan,nan
4527487,20.0,10,671,4,5,134,6,28.714285714285715,0.04477611940298507,0.0,0.0,6.955223880597015,nan,nan
4544584,20.0,10,672,4,3,540,29,43.78378378378378,0.053703703703703705,0.0,0.0,6.413518518518519,nan,nan
4547202,20.0,10,696,5,4,436,24,38.470588235294116,0.05504587155963303,0.0,0.0,6.466055045871559,nan,nan
4559519,20.0,10,991,6,5,358,29,26.195121951219512,0.08100558659217877,0.0,0.0,6.176815642458101,nan,nan
4575701,20.0,10,700,2,1,657,146,13.14,0.2222222222222222,0.0,0.0,6.898782343987824,nan,nan
4579744,20.0,10,678,6,5,377,28,28.275,0.07427055702917772,0.0,0.0,7.9875331564986745,nan,nan
4605892,20.0,10,678,2,3,41,2,20.5,0.04878048780487805,0.0,0.0,13.334146341463416,nan,nan
4668185,20.0,10,641,7,6,372,38,21.46153846153846,0.10215053763440861,0.0,0.0,8.673387096774194,nan,nan
4705097,20.0,10,659,4,4,451,30,35.60526315789474,0.06651884700665188,0.0,0.0,6.121729490022173,nan,nan
4724133,20.0,10,650,4,4,454,39,28.97872340425532,0.08590308370044053,0.0,0.0,6.4279735682819386,nan,nan
4749525,20.0,10,805,3,2,526,20,60.69230769230769,0.03802281368821293,0.0,0.0,5.683840304182509,nan,nan
4754626,20.0,10,1144,5,4,433,35,28.866666666666667,0.08083140877598152,0.0,0.0,6.891916859122402,nan,nan
4754956,20.0,10,647,5,4,419,48,23.49532710280374,0.11455847255369929,0.0,0.02702702702702703,6.6181384248210025,nan,nan
4775763,20.0,10,718,6,5,449,26,35.44736842105263,0.05790645879732739,0.0,0.0,6.057238307349666,nan,nan
4785421,20.0,10,773,4,4,460,20,49.285714285714285,0.043478260869565216,0.0,0.0,5.449565217391305,nan,nan
4789937,20.0,10,678,4,4,524,29,42.486486486486484,0.05534351145038168,0.0,0.0,5.739885496183206,nan,nan
4792515,20.0,10,705,7,6,236,10,29.5,0.0423728813559322,0.0,0.0,6.888559322033898,nan,nan
4811115,20.0,10,643,4,3,483,23,46.74193548387097,0.047619047619047616,0.0,0.0,6.174327122153208,nan,nan
4824328,20.0,10,688,4,3,355,20,38.035714285714285,0.056338028169014086,0.0,0.0,5.598028169014085,nan,nan
4861227,20.0,10,710,7,6,240,20,21.176470588235293,0.08333333333333333,0.0,0.0,6.761666666666667,nan,nan
4861687,20.0,10,746,8,7,302,41,15.894736842105264,0.1357615894039735,0.0,0.0,7.182119205298013,nan,nan
4862222,20.0,10,670,4,3,486,57,22.43076923076923,0.11728395061728394,0.0,0.0,6.962551440329219,nan,nan
4862380,20.0,10,660,3,2,522,31,42.32432432432432,0.05938697318007663,0.0,0.0,6.257471264367816,nan,nan
4865550,20.0,10,642,5,5,382,42,22.03846153846154,0.1099476439790576,0.0,0.0,6.986910994764398,nan,nan
4865558,20.0,10,649,5,4,503,71,18.62962962962963,0.1411530815109344,0.0,0.0,6.790854870775348,nan,nan
4912927,20.0,10,674,2,1,638,143,13.43157894736842,0.22413793103448276,0.0,0.007633587786259542,6.325235109717869,nan,nan
4915833,20.0,10,675,4,3,479,51,24.35593220338983,0.10647181628392484,0.0,0.0,7.434029227557412,nan,nan
4940890,20.0,10,683,3,2,530,44,34.193548387096776,0.0830188679245283,0.0,0.029411764705882353,6.179056603773585,nan,nan
5244934,20.0,10,656,6,6,274,16,29.357142857142858,0.058394160583941604,0.0,0.0,10.99087591240876,nan,nan
5351422,20.0,10,654,4,3,487,49,27.30841121495327,0.10061601642710473,0.0,0.02564102564102564,6.513141683778234,nan,nan
5477477,20.0,10,678,2,2,586,114,14.898305084745763,0.1945392491467577,0.0,0.0,8.211262798634813,nan,nan
5499001,20.0,10,670,2,1,632,107,20.721311475409838,0.16930379746835442,0.0,0.031746031746031744,7.105854430379746,nan,nan
5503058,20.0,10,916,6,5,414,42,30.29268292682927,0.10144927536231885,0.0,0.18181818181818182,10.228743961352656,nan,nan
5503168,20.0,10,695,6,5,336,12,42.0,0.03571428571428571,0.0,0.0,7.9973214285714285,nan,nan
5503359,20.0,10,716,6,6,319,15,35.44444444444444,0.047021943573667714,0.0,0.0,7.523824451410658,nan,nan
5540718,20.0,10,663,6,6,333,32,22.704545454545453,0.0960960960960961,0.0,0.0,6.519219219219219,nan,nan
5540722,20.0,10,691,5,5,426,21,41.225806451612904,0.04929577464788732,0.0,0.0,5.655399061032863,nan,nan
5540733,20.0,10,641,4,3,490,27,42.0,0.05510204081632653,0.0,0.0,6.279183673469388,nan,nan
5540847,20.0,10,869,6,6,375,17,38.793103448275865,0.04533333333333334,0.0,0.0,5.3024000000000004,nan,nan
5547018,20.0,10,649,6,5,388,49,19.081967213114755,0.12628865979381443,0.0,0.0,4.671391752577319,nan,nan
5565253,20.0,10,670,4,5,385,17,46.2,0.04415584415584416,0.0,0.0,5.193246753246753,nan,nan
5615881,20.0,10,1051,6,6,357,31,24.906976744186046,0.08683473389355742,0.0,0.0,5.851540616246498,nan,nan
5615968,20.0,10,642,6,5,378,54,18.29032258064516,0.14285714285714285,0.0,0.023255813953488372,6.3804232804232806,nan,nan
5615986,20.0,10,685,5,4,343,27,27.81081081081081,0.07871720116618076,0.0,0.0,5.315743440233236,nan,nan
5615988,20.0,10,671,6,5,356,27,27.384615384615383,0.07584269662921349,0.0,0.0,6.375561797752808,nan,nan
5616015,20.0,10,657,2,1,624,102,18.26341463414634,0.16346153846153846,0.0,0.010752688172043012,5.404166666666667,nan,nan
5633515,20.0,10,663,6,5,410,30,29.285714285714285,0.07317073170731707,0.0,0.0,7.202682926829268,nan,nan
5692189,20.0,10,1527,6,5,401,23,34.371428571428574,0.057356608478802994,0.0,0.0,6.185536159600998,nan,nan
5705278,20.0,10,643,8,7,323,31,20.617021276595743,0.09597523219814241,0.0,0.0,7.414241486068112,nan,nan
5705752,20.0,10,682,5,4,434,28,34.26315789473684,0.06451612903225806,0.0,0.0,6.04516129032258,nan,nan
5706077,20.0,10,656,5,5,382,25,32.74285714285714,0.06544502617801047,0.0,0.0,5.851832460732984,nan,nan
5706137,20.0,10,737,7,7,173,8,23.59090909090909,0.046242774566473986,0.0,0.0,4.71271676300578,nan,nan
5715345,20.0,10,923,4,3,491,26,43.3235294117647,0.05295315682281059,0.0,0.0,4.64847250509165,nan,nan
5771585,20.0,10,720,6,5,355,11,46.30434782608695,0.030985915492957747,0.0,0.0,6.828732394366197,nan,nan
5771621,20.0,10,675,6,5,379,14,43.73076923076923,0.036939313984168866,0.0,0.0,6.286015831134565,nan,nan
5772092,20.0,10,729,8,7,335,25,24.51219512195122,0.07462686567164178,0.0,0.0,5.825074626865672,nan,nan
5772102,20.0,10,725,5,4,359,19,37.13793103448276,0.052924791086350974,0.0,0.0,5.458217270194986,nan,nan
5772192,20.0,10,706,7,6,381,22,31.75,0.05774278215223097,0.0,0.0,5.490288713910761,nan,nan
5874746,20.0,10,729,6,6,364,27,28.0,0.07417582417582418,0.0,0.0,6.128846153846154,nan,nan
5874767,20.0,10,1278,8,7,245,12,26.25,0.04897959183673469,0.0,0.0,6.256734693877552,nan,nan
5874769,20.0,10,649,6,6,322,18,32.2,0.055900621118012424,0.0,0.0,5.396273291925466,nan,nan
5874787,20.0,10,1064,5,5,225,12,30.681818181818183,0.05333333333333334,0.0,0.0,5.7635555555555555,nan,nan
5875173,20.0,10,712,4,4,95,5,21.923076923076923,0.05263157894736842,0.0,0.0,6.3178947368421055,nan,nan
5882173,20.0,10,665,8,7,273,26,19.5,0.09523809523809523,0.0,0.0,7.306593406593406,nan,nan
5969330,20.0,10,721,6,5,459,87,13.909090909090908,0.1895424836601307,0.0,0.0,6.39281045751634,nan,nan
5969331,20.0,10,706,6,5,359,34,25.341176470588234,0.0947075208913649,0.0,0.04,6.066852367688022,nan,nan
5969362,20.0,10,672,5,5,449,18,48.107142857142854,0.0400890868596882,0.0,0.0,5.382182628062361,nan,nan
6058407,20.0,10,696,7,7,329,32,21.456521739130434,0.0972644376899696,0.0,0.0,6.367477203647416,nan,nan
6062407,20.0,10,666,7,6,333,27,24.365853658536587,0.08108108108108109,0.0,0.0,7.162762762762762,nan,nan
6109129,20.0,10,721,4,3,482,21,49.86206896551724,0.043568464730290454,0.0,0.0,5.867219917012448,nan,nan
6148097,20.0,10,725,4,4,458,38,32.32941176470588,0.08296943231441048,0.0,0.03571428571428571,6.192139737991266,nan,nan
6148143,20.0,10,677,5,4,437,21,42.29032258064516,0.04805491990846682,0.0,0.0,5.564302059496567,nan,nan
6148208,20.0,10,646,3,3,319,42,21.50561797752809,0.13166144200626959,0.0,0.03125,7.537931034482758,nan,nan
6190357,20.0,10,710,2,2,494,25,51.10344827586207,0.05060728744939271,0.0,0.0,6.280769230769231,nan,nan
6193396,20.0,10,658,6,5,370,11,48.26086956521739,0.02972972972972973,0.0,0.0,7.043783783783783,nan,nan
6193436,20.0,10,666,5,6,94,9,14.842105263157896,0.09574468085106383,0.0,0.0,11.610638297872342,nan,nan
